season,rule,game_team,holder,weight
2020-21,new,ATL,BKN,0.029993803862458226
2020-21,new,ATL,BOS,0.13679325319031296
2020-21,new,ATL,CHA,0.18293908366877804
2020-21,new,ATL,CHI,0.014890867463525033
2020-21,new,ATL,CLE,0.00334768884398295
2020-21,new,ATL,DAL,0.0
2020-21,new,ATL,DEN,0.031172785872025353
2020-21,new,ATL,DET,0.005034482742394802
2020-21,new,ATL,GSW,0.02820098779308529
2020-21,new,ATL,HOU,0.263180025603842
2020-21,new,ATL,IND,0.13247016789797186
2020-21,new,ATL,LAC,0.022418642382675394
2020-21,new,ATL,LAL,0.08278534910738496
2020-21,new,ATL,MEM,0.061174199613833344
2020-21,new,ATL,MIA,0.0
2020-21,new,ATL,MIL,3.3841080971640244e-05
2020-21,new,ATL,MIN,0.0066070286110826194
2020-21,new,ATL,NOP,0.02590817121329303
2020-21,new,ATL,NYK,0.24837705008494762
2020-21,new,ATL,OKC,0.0852351841336349
2020-21,new,ATL,ORL,0.010666897330408468
2020-21,new,ATL,PHI,0.015372844947389618
2020-21,new,ATL,PHX,0.012751296353945406
2020-21,new,ATL,POR,0.018381735227002507
2020-21,new,ATL,SAC,0.015021423738261689
2020-21,new,ATL,SAS,0.019994724940527883
2020-21,new,ATL,TOR,0.013160477644355295
2020-21,new,ATL,UTA,0.01134698283890712
2020-21,new,ATL,WAS,0.008332519044405679
2020-21,new,BKN,ATL,0.044206975346443494
2020-21,new,BKN,BOS,0.027573164718629056
2020-21,new,BKN,CHA,0.04506340321482067
2020-21,new,BKN,CHI,0.009211784613155726
2020-21,new,BKN,CLE,0.0007839095120971252
2020-21,new,BKN,DAL,0.0
2020-21,new,BKN,DEN,0.14989064270007904
2020-21,new,BKN,DET,0.0006532867163909469
2020-21,new,BKN,GSW,0.016625322229431597
2020-21,new,BKN,HOU,0.15033300409268124
2020-21,new,BKN,IND,0.053406923588663335
2020-21,new,BKN,LAC,0.14855361004980233
2020-21,new,BKN,LAL,0.03549675762742302
2020-21,new,BKN,MEM,0.027122007559227487
2020-21,new,BKN,MIA,0.0
2020-21,new,BKN,MIL,1.6948774824288258e-05
2020-21,new,BKN,MIN,0.0002931611785410936
2020-21,new,BKN,NOP,0.019327650779561407
2020-21,new,BKN,NYK,0.10463828264120124
2020-21,new,BKN,OKC,0.042891972098431284
2020-21,new,BKN,ORL,0.012718401853808086
2020-21,new,BKN,PHI,0.09839008693486967
2020-21,new,BKN,PHX,0.06441417844572352
2020-21,new,BKN,POR,0.018980603769827024
2020-21,new,BKN,SAC,0.003347236974839054
2020-21,new,BKN,SAS,0.021231470025575624
2020-21,new,BKN,TOR,0.006179716894172936
2020-21,new,BKN,UTA,0.017036662840812296
2020-21,new,BKN,WAS,0.015653629195314184
2020-21,new,BOS,ATL,0.18265623587990332
2020-21,new,BOS,BKN,0.020149784618145622
2020-21,new,BOS,CHA,0.0951689224410033
2020-21,new,BOS,CHI,0.017957838346505373
2020-21,new,BOS,CLE,0.0015482201014285718
2020-21,new,BOS,DAL,0.0
2020-21,new,BOS,DEN,0.022852200514377825
2020-21,new,BOS,DET,0.0033308192347537655
2020-21,new,BOS,GSW,0.023543352664109788
2020-21,new,BOS,HOU,0.28146951261330005
2020-21,new,BOS,IND,0.13339156581548736
2020-21,new,BOS,LAC,0.02348410572431147
2020-21,new,BOS,LAL,0.05196167140497055
2020-21,new,BOS,MEM,0.060130974375359296
2020-21,new,BOS,MIA,0.0
2020-21,new,BOS,MIL,5.938539094319728e-05
2020-21,new,BOS,MIN,0.0074664028609913845
2020-21,new,BOS,NOP,0.030942237967577665
2020-21,new,BOS,NYK,0.22018486955276684
2020-21,new,BOS,OKC,0.11696605884451984
2020-21,new,BOS,ORL,0.012878495282535927
2020-21,new,BOS,PHI,0.020003232860391768
2020-21,new,BOS,PHX,0.01586688000172045
2020-21,new,BOS,POR,0.042983836791907634
2020-21,new,BOS,SAC,0.009661774381612209
2020-21,new,BOS,SAS,0.020001417530083804
2020-21,new,BOS,TOR,0.015177727150642032
2020-21,new,BOS,UTA,0.007459051759736933
2020-21,new,BOS,WAS,0.015079916578204915
2020-21,new,CHA,ATL,0.10565259655931175
2020-21,new,CHA,BKN,0.03475889027656602
2020-21,new,CHA,BOS,0.12816678634323062
2020-21,new,CHA,CHI,0.022228969093860577
2020-21,new,CHA,CLE,0.0029313986469338034
2020-21,new,CHA,DAL,0.0
2020-21,new,CHA,DEN,0.03389721014122705
2020-21,new,CHA,DET,0.0030059268464061335
2020-21,new,CHA,GSW,0.02873046690137976
2020-21,new,CHA,HOU,0.19955287970676033
2020-21,new,CHA,IND,0.31577886808192046
2020-21,new,CHA,LAC,0.02420635802705435
2020-21,new,CHA,LAL,0.026582692077672523
2020-21,new,CHA,MEM,0.03311494262883252
2020-21,new,CHA,MIA,0.0
2020-21,new,CHA,MIL,5.927200883010739e-05
2020-21,new,CHA,MIN,0.010993387742027025
2020-21,new,CHA,NOP,0.011730770411702816
2020-21,new,CHA,NYK,0.11879021471061216
2020-21,new,CHA,OKC,0.11779229643477673
2020-21,new,CHA,ORL,0.011285843898871776
2020-21,new,CHA,PHI,0.023344827697548115
2020-21,new,CHA,PHX,0.012275902702875272
2020-21,new,CHA,POR,0.017341864478878744
2020-21,new,CHA,SAC,0.0028719327820417645
2020-21,new,CHA,SAS,0.01194592865514824
2020-21,new,CHA,TOR,0.016354995027809988
2020-21,new,CHA,UTA,0.0016982758953236043
2020-21,new,CHA,WAS,0.2769645275584334
2020-21,new,CHI,ATL,0.04733263030529391
2020-21,new,CHI,BKN,0.01584779097794973
2020-21,new,CHI,BOS,0.06355423431120528
2020-21,new,CHI,CHA,0.05247614351124244
2020-21,new,CHI,CLE,0.008914380859510799
2020-21,new,CHI,DAL,0.0
2020-21,new,CHI,DEN,0.05168534103526426
2020-21,new,CHI,DET,0.004765355750549071
2020-21,new,CHI,GSW,0.03526598008764368
2020-21,new,CHI,HOU,0.1681114893481895
2020-21,new,CHI,IND,0.06947216163300925
2020-21,new,CHI,LAC,0.04167160579527262
2020-21,new,CHI,LAL,0.020942544318054108
2020-21,new,CHI,MEM,0.03248426184373726
2020-21,new,CHI,MIA,0.0
2020-21,new,CHI,MIL,2.5544310124759848e-05
2020-21,new,CHI,MIN,0.006089895412199297
2020-21,new,CHI,NOP,0.01735134283687821
2020-21,new,CHI,NYK,0.09886998619063504
2020-21,new,CHI,OKC,0.07841648787254034
2020-21,new,CHI,ORL,0.10504019356428423
2020-21,new,CHI,PHI,0.01568534497548987
2020-21,new,CHI,PHX,0.009337973757495871
2020-21,new,CHI,POR,0.02605361028710894
2020-21,new,CHI,SAC,0.006934931184906798
2020-21,new,CHI,SAS,0.01231452504091245
2020-21,new,CHI,TOR,0.06170244501831573
2020-21,new,CHI,UTA,0.0033846983182693607
2020-21,new,CHI,WAS,0.05911264129616606
2020-21,new,CLE,ATL,0.037108956022254454
2020-21,new,CLE,BKN,0.007536907458742116
2020-21,new,CLE,BOS,0.03615362119496896
2020-21,new,CLE,CHA,0.05359216800676828
2020-21,new,CLE,CHI,0.053962886958014565
2020-21,new,CLE,DAL,0.0
2020-21,new,CLE,DEN,0.02594047962855128
2020-21,new,CLE,DET,0.01629445202833298
2020-21,new,CLE,GSW,0.023589094304995072
2020-21,new,CLE,HOU,0.10576189856922537
2020-21,new,CLE,IND,0.09373980971345919
2020-21,new,CLE,LAC,0.025064924791041797
2020-21,new,CLE,LAL,0.02183022043025588
2020-21,new,CLE,MEM,0.038589354281894236
2020-21,new,CLE,MIA,0.0
2020-21,new,CLE,MIL,8.587324919219477e-06
2020-21,new,CLE,MIN,0.019445959755496775
2020-21,new,CLE,NOP,0.03490179115091385
2020-21,new,CLE,NYK,0.0827684632676725
2020-21,new,CLE,OKC,0.06541514139851266
2020-21,new,CLE,ORL,0.0431378163966081
2020-21,new,CLE,PHI,0.00907435347189613
2020-21,new,CLE,PHX,0.007499844541057825
2020-21,new,CLE,POR,0.01751454773453337
2020-21,new,CLE,SAC,0.011813157144802286
2020-21,new,CLE,SAS,0.017577375762840467
2020-21,new,CLE,TOR,0.031188522122804388
2020-21,new,CLE,UTA,0.007835154032830454
2020-21,new,CLE,WAS,0.024469895046977084
2020-21,new,DAL,ATL,0.09402229250184471
2020-21,new,DAL,BKN,0.017395474221577455
2020-21,new,DAL,BOS,0.06920417820548976
2020-21,new,DAL,CHA,0.049902908359941454
2020-21,new,DAL,CHI,0.011550003644376815
2020-21,new,DAL,CLE,0.0012188506753183458
2020-21,new,DAL,DEN,0.047116649688193166
2020-21,new,DAL,DET,0.003392511093386866
2020-21,new,DAL,GSW,0.08337808777762877
2020-21,new,DAL,HOU,0.1723782335563988
2020-21,new,DAL,IND,0.04157870926666618
2020-21,new,DAL,LAC,0.026768588360844604
2020-21,new,DAL,LAL,0.13671657920555308
2020-21,new,DAL,MEM,0.12149935531497753
2020-21,new,DAL,MIA,0.0
2020-21,new,DAL,MIL,0.0
2020-21,new,DAL,MIN,0.01052560113905541
2020-21,new,DAL,NOP,0.06363435432620247
2020-21,new,DAL,NYK,1.1520536626699327
2020-21,new,DAL,OKC,0.05804014126376794
2020-21,new,DAL,ORL,0.00950958682364215
2020-21,new,DAL,PHI,0.008673491481820058
2020-21,new,DAL,PHX,0.01109685280793248
2020-21,new,DAL,POR,0.33229903455398135
2020-21,new,DAL,SAC,0.01042715954652307
2020-21,new,DAL,SAS,0.044525423936399654
2020-21,new,DAL,TOR,0.009612472558449141
2020-21,new,DAL,UTA,0.000814605791719855
2020-21,new,DAL,WAS,0.002090828162618039
2020-21,new,DEN,ATL,0.04797546017787088
2020-21,new,DEN,BKN,0.1423776935109395
2020-21,new,DEN,BOS,0.034045538709807
2020-21,new,DEN,CHA,0.028674505259122286
2020-21,new,DEN,CHI,0.011697403952542682
2020-21,new,DEN,CLE,0.0013386613022280296
2020-21,new,DEN,DAL,0.0
2020-21,new,DEN,DET,0.0018429418344949853
2020-21,new,DEN,GSW,0.043720133065736355
2020-21,new,DEN,HOU,0.19878888292678437
2020-21,new,DEN,IND,0.04108297699289303
2020-21,new,DEN,LAC,0.11846524805344386
2020-21,new,DEN,LAL,0.10774529029629779
2020-21,new,DEN,MEM,0.048820483491646666
2020-21,new,DEN,MIA,0.0
2020-21,new,DEN,MIL,2.5423162236432388e-05
2020-21,new,DEN,MIN,0.0016613836615060164
2020-21,new,DEN,NOP,0.09178872958121405
2020-21,new,DEN,NYK,0.1374364626410582
2020-21,new,DEN,OKC,0.04139493580219127
2020-21,new,DEN,ORL,0.006884751734324568
2020-21,new,DEN,PHI,0.07923491404753116
2020-21,new,DEN,PHX,0.04863579582428597
2020-21,new,DEN,POR,0.07190786725122898
2020-21,new,DEN,SAC,0.007987494751914159
2020-21,new,DEN,SAS,0.019567494436975728
2020-21,new,DEN,TOR,0.001986654243470841
2020-21,new,DEN,UTA,0.007317863334470093
2020-21,new,DEN,WAS,0.04313965204155581
2020-21,new,DET,ATL,0.030753251255619528
2020-21,new,DET,BKN,0.026587823188486355
2020-21,new,DET,BOS,0.03489249307689207
2020-21,new,DET,CHA,0.03617772134949507
2020-21,new,DET,CHI,0.033143588676437026
2020-21,new,DET,CLE,0.009239587181133256
2020-21,new,DET,DAL,0.0
2020-21,new,DET,DEN,0.016885174261285305
2020-21,new,DET,GSW,0.06627760444277331
2020-21,new,DET,HOU,0.08108459091520517
2020-21,new,DET,IND,0.05475915434449209
2020-21,new,DET,LAC,0.021679687411203203
2020-21,new,DET,LAL,0.031964459582756774
2020-21,new,DET,MEM,0.04218665164283552
2020-21,new,DET,MIA,0.0
2020-21,new,DET,MIL,0.0
2020-21,new,DET,MIN,0.03839022839189667
2020-21,new,DET,NOP,0.022957064458178113
2020-21,new,DET,NYK,0.15070204024259917
2020-21,new,DET,OKC,0.03413254405209265
2020-21,new,DET,ORL,0.04465123359489297
2020-21,new,DET,PHI,0.018758620771836362
2020-21,new,DET,PHX,0.01797748968312115
2020-21,new,DET,POR,0.047226024306186574
2020-21,new,DET,SAC,0.006060123677878936
2020-21,new,DET,SAS,0.012096129678337246
2020-21,new,DET,TOR,0.017817425349211945
2020-21,new,DET,UTA,0.0027823276338488625
2020-21,new,DET,WAS,0.0396691597514438
2020-21,new,GSW,ATL,0.02560798504084565
2020-21,new,GSW,BKN,0.020375000025177826
2020-21,new,GSW,BOS,0.03548807010765205
2020-21,new,GSW,CHA,0.026281063673362557
2020-21,new,GSW,CHI,0.020442646578550532
2020-21,new,GSW,CLE,0.0037570082429624675
2020-21,new,GSW,DAL,0.0
2020-21,new,GSW,DEN,0.007840910782736576
2020-21,new,GSW,DET,0.00690678945050077
2020-21,new,GSW,HOU,0.16333890125936235
2020-21,new,GSW,IND,0.028734563351139962
2020-21,new,GSW,LAC,0.020099407425973215
2020-21,new,GSW,LAL,0.02225845143313988
2020-21,new,GSW,MEM,0.3441961646412941
2020-21,new,GSW,MIA,0.0
2020-21,new,GSW,MIL,0.0
2020-21,new,GSW,MIN,0.00857769091724702
2020-21,new,GSW,NOP,0.0546495495388015
2020-21,new,GSW,NYK,0.11920501613088506
2020-21,new,GSW,OKC,0.09689951555602702
2020-21,new,GSW,ORL,0.015181947565254511
2020-21,new,GSW,PHI,0.02392995698208888
2020-21,new,GSW,PHX,0.01915746752556213
2020-21,new,GSW,POR,0.16455792184208579
2020-21,new,GSW,SAC,0.028605885475667187
2020-21,new,GSW,SAS,0.09145629409557637
2020-21,new,GSW,TOR,0.012904318725743888
2020-21,new,GSW,UTA,0.010553879361872659
2020-21,new,GSW,WAS,0.004421567456573791
2020-21,new,HOU,ATL,0.052489444038817924
2020-21,new,HOU,BKN,0.05378556050219701
2020-21,new,HOU,BOS,0.02647408103967206
2020-21,new,HOU,CHA,0.034891317480939515
2020-21,new,HOU,CHI,0.011051512785220183
2020-21,new,HOU,CLE,0.0011752695465887682
2020-21,new,HOU,DAL,0.0
2020-21,new,HOU,DEN,0.0434990272749817
2020-21,new,HOU,DET,0.008086476719954277
2020-21,new,HOU,GSW,0.021741263405192467
2020-21,new,HOU,IND,0.03607562277923618
2020-21,new,HOU,LAC,0.02977101305750568
2020-21,new,HOU,LAL,0.04621279741155652
2020-21,new,HOU,MEM,0.030435109610833875
2020-21,new,HOU,MIA,0.0
2020-21,new,HOU,MIL,8.474387412144129e-06
2020-21,new,HOU,MIN,0.002074228472323551
2020-21,new,HOU,NOP,0.05936154461562465
2020-21,new,HOU,NYK,0.1452552687778341
2020-21,new,HOU,OKC,0.062228717349132455
2020-21,new,HOU,ORL,0.006941967958285885
2020-21,new,HOU,PHI,0.048927801698446266
2020-21,new,HOU,PHX,0.029463548761147304
2020-21,new,HOU,POR,0.055545259130143174
2020-21,new,HOU,SAC,0.00854899156666736
2020-21,new,HOU,SAS,0.01849321803152018
2020-21,new,HOU,TOR,0.0031678591363172954
2020-21,new,HOU,UTA,0.00537715519947032
2020-21,new,HOU,WAS,0.0033560061349397034
2020-21,new,IND,ATL,0.08331664731795542
2020-21,new,IND,BKN,0.012818696238702677
2020-21,new,IND,BOS,0.11260275155563995
2020-21,new,IND,CHA,0.3568099902573166
2020-21,new,IND,CHI,0.04432725695440191
2020-21,new,IND,CLE,0.002158685814489445
2020-21,new,IND,DAL,0.0
2020-21,new,IND,DEN,0.023269559346781394
2020-21,new,IND,DET,0.008391703065757736
2020-21,new,IND,GSW,0.04353573251510033
2020-21,new,IND,HOU,0.16724634139570524
2020-21,new,IND,LAC,0.016535560453214262
2020-21,new,IND,LAL,0.01846081356413347
2020-21,new,IND,MEM,0.034003186057010325
2020-21,new,IND,MIA,0.0
2020-21,new,IND,MIL,3.3841080971640244e-05
2020-21,new,IND,MIN,0.008666898891262481
2020-21,new,IND,NOP,0.045619104308413524
2020-21,new,IND,NYK,0.2364035626623293
2020-21,new,IND,OKC,0.10302047549688723
2020-21,new,IND,ORL,0.01381592069475654
2020-21,new,IND,PHI,0.017193965659444706
2020-21,new,IND,PHX,0.02361332422160484
2020-21,new,IND,POR,0.07586153061827644
2020-21,new,IND,SAC,0.007353869913370858
2020-21,new,IND,SAS,0.018072949973063055
2020-21,new,IND,TOR,0.03493320764027416
2020-21,new,IND,UTA,0.005497844903729855
2020-21,new,IND,WAS,0.10170092369968714
2020-21,new,LAC,ATL,0.03165298858208324
2020-21,new,LAC,BKN,0.1409776406816271
2020-21,new,LAC,BOS,0.03271392414222873
2020-21,new,LAC,CHA,0.01967583472370848
2020-21,new,LAC,CHI,0.00257531510313808
2020-21,new,LAC,CLE,0.0009335273600413827
2020-21,new,LAC,DAL,0.0
2020-21,new,LAC,DEN,0.11147255593697088
2020-21,new,LAC,DET,0.0036279635611471935
2020-21,new,LAC,GSW,0.04172522543803905
2020-21,new,LAC,HOU,0.12914846829226007
2020-21,new,LAC,IND,0.0448345287061705
2020-21,new,LAC,LAL,0.03531403987850662
2020-21,new,LAC,MEM,0.03628888537505332
2020-21,new,LAC,MIA,0.0
2020-21,new,LAC,MIL,0.0
2020-21,new,LAC,MIN,0.0024289168348793993
2020-21,new,LAC,NOP,0.03655819221104176
2020-21,new,LAC,NYK,0.10350332734839085
2020-21,new,LAC,OKC,0.018101023999584742
2020-21,new,LAC,ORL,0.01741557834589732
2020-21,new,LAC,PHI,0.10641271562909645
2020-21,new,LAC,PHX,0.07011717020601188
2020-21,new,LAC,POR,0.07314736069780213
2020-21,new,LAC,SAC,0.0026703404135960634
2020-21,new,LAC,SAS,0.00810505763865251
2020-21,new,LAC,TOR,0.00201082530561471
2020-21,new,LAC,UTA,0.01937931050915785
2020-21,new,LAC,WAS,0.038647377367430014
2020-21,new,LAL,ATL,0.10018332174613367
2020-21,new,LAL,BKN,0.03553798473028644
2020-21,new,LAL,BOS,0.05131220957669786
2020-21,new,LAL,CHA,0.06350950996495712
2020-21,new,LAL,CHI,0.020584370768622823
2020-21,new,LAL,CLE,0.0011063256877888888
2020-21,new,LAL,DAL,0.0
2020-21,new,LAL,DEN,0.05766085710180109
2020-21,new,LAL,DET,0.0031958514478475112
2020-21,new,LAL,GSW,0.031396027903628686
2020-21,new,LAL,HOU,0.1486600220367084
2020-21,new,LAL,IND,0.041217793345034906
2020-21,new,LAL,LAC,0.033588362279215606
2020-21,new,LAL,MEM,0.07597207325691183
2020-21,new,LAL,MIA,0.0
2020-21,new,LAL,MIL,2.5423162236432388e-05
2020-21,new,LAL,MIN,0.0037790100712257703
2020-21,new,LAL,NOP,0.31715325149455753
2020-21,new,LAL,NYK,0.30866942297786426
2020-21,new,LAL,OKC,0.03279283418781767
2020-21,new,LAL,ORL,0.0072925588159228815
2020-21,new,LAL,PHI,0.038815732909735806
2020-21,new,LAL,PHX,0.024398142745632328
2020-21,new,LAL,POR,0.40975808558345306
2020-21,new,LAL,SAC,0.001455069943619373
2020-21,new,LAL,SAS,0.010377699948957033
2020-21,new,LAL,TOR,0.005295536846269143
2020-21,new,LAL,UTA,0.010406274737996962
2020-21,new,LAL,WAS,0.049620595222008304
2020-21,new,MEM,ATL,0.053590295745239026
2020-21,new,MEM,BKN,0.026287176764935475
2020-21,new,MEM,BOS,0.05757382883317436
2020-21,new,MEM,CHA,0.03150015397090746
2020-21,new,MEM,CHI,0.011323848131677756
2020-21,new,MEM,CLE,0.003972998674997709
2020-21,new,MEM,DAL,0.0
2020-21,new,MEM,DEN,0.018257517817664815
2020-21,new,MEM,DET,0.0040994076132533485
2020-21,new,MEM,GSW,0.34586980749785895
2020-21,new,MEM,HOU,0.24292234616981093
2020-21,new,MEM,IND,0.035747549293610605
2020-21,new,MEM,LAC,0.012539332038261287
2020-21,new,MEM,LAL,0.033893674281675785
2020-21,new,MEM,MIA,0.0
2020-21,new,MEM,MIL,8.41791873520786e-06
2020-21,new,MEM,MIN,0.010177012621222392
2020-21,new,MEM,NOP,0.09316400575928104
2020-21,new,MEM,NYK,0.1967477198485915
2020-21,new,MEM,OKC,0.04661314719681758
2020-21,new,MEM,ORL,0.014707823129627283
2020-21,new,MEM,PHI,0.021542026009651483
2020-21,new,MEM,PHX,0.017654789077797942
2020-21,new,MEM,POR,0.22634806306769767
2020-21,new,MEM,SAC,0.030987530751893064
2020-21,new,MEM,SAS,0.1146411994907037
2020-21,new,MEM,TOR,0.012731426526761878
2020-21,new,MEM,UTA,0.0018480603685120827
2020-21,new,MEM,WAS,0.007601116321494367
2020-21,new,MIA,ATL,0.14727187627831617
2020-21,new,MIA,BKN,0.01863604531631452
2020-21,new,MIA,BOS,0.16361043547437115
2020-21,new,MIA,CHA,0.1399149817284357
2020-21,new,MIA,CHI,0.007964631711617903
2020-21,new,MIA,CLE,0.0009753699477533049
2020-21,new,MIA,DAL,0.0
2020-21,new,MIA,DEN,0.0230598560451081
2020-21,new,MIA,DET,0.003867457249575165
2020-21,new,MIA,GSW,0.040740959924735184
2020-21,new,MIA,HOU,0.7097645380850961
2020-21,new,MIA,IND,0.17532950936060984
2020-21,new,MIA,LAC,0.029895205002755793
2020-21,new,MIA,LAL,0.0451554345190295
2020-21,new,MIA,MEM,0.04391317657700723
2020-21,new,MIA,MIL,7.621301803236088e-05
2020-21,new,MIA,MIN,0.002246391670004343
2020-21,new,MIA,NOP,0.03114234013315613
2020-21,new,MIA,NYK,0.2370101913566524
2020-21,new,MIA,OKC,0.547105605007342
2020-21,new,MIA,ORL,0.015019248077891841
2020-21,new,MIA,PHI,0.013651939752383225
2020-21,new,MIA,PHX,0.016071385924911613
2020-21,new,MIA,POR,0.05770581967522521
2020-21,new,MIA,SAC,0.0062154982025213
2020-21,new,MIA,SAS,0.01961140569627191
2020-21,new,MIA,TOR,0.00832036388970463
2020-21,new,MIA,UTA,0.005460129361198251
2020-21,new,MIA,WAS,0.01682438479780557
2020-21,new,MIL,ATL,0.060846817192624005
2020-21,new,MIL,BKN,0.0986799566441914
2020-21,new,MIL,BOS,0.05011745725682938
2020-21,new,MIL,CHA,0.09746202229051304
2020-21,new,MIL,CHI,0.01160518281186408
2020-21,new,MIL,CLE,0.0019933480427290684
2020-21,new,MIL,DAL,0.0
2020-21,new,MIL,DEN,0.11761886285870762
2020-21,new,MIL,DET,0.004931304098070792
2020-21,new,MIL,GSW,0.02849335843922988
2020-21,new,MIL,HOU,0.5846059532235939
2020-21,new,MIL,IND,0.05242023444588656
2020-21,new,MIL,LAC,0.08385237085070976
2020-21,new,MIL,LAL,0.05848019510749092
2020-21,new,MIL,MEM,0.028269407299195908
2020-21,new,MIL,MIA,0.0
2020-21,new,MIL,MIN,0.0037455372193468633
2020-21,new,MIL,NOP,0.025675783980063923
2020-21,new,MIL,NYK,0.1424905497682245
2020-21,new,MIL,OKC,0.04353583069397778
2020-21,new,MIL,ORL,0.0060623747762313445
2020-21,new,MIL,PHI,0.06177478488325945
2020-21,new,MIL,PHX,0.04189651886867936
2020-21,new,MIL,POR,0.026707435692760868
2020-21,new,MIL,SAC,0.0048666056892071145
2020-21,new,MIL,SAS,0.011159281198642951
2020-21,new,MIL,TOR,0.013255024532866436
2020-21,new,MIL,UTA,0.01195905186990597
2020-21,new,MIL,WAS,0.028435752932437216
2020-21,new,MIN,ATL,0.03383079977894785
2020-21,new,MIN,BKN,0.02276050657913057
2020-21,new,MIN,BOS,0.03988231671793434
2020-21,new,MIN,CHA,0.03118010417973569
2020-21,new,MIN,CHI,0.009423304474040864
2020-21,new,MIN,CLE,0.004897169861741581
2020-21,new,MIN,DAL,0.0
2020-21,new,MIN,DEN,0.022092699541711454
2020-21,new,MIN,DET,0.015353988632539704
2020-21,new,MIN,GSW,0.1334518863636232
2020-21,new,MIN,HOU,0.12756052735066997
2020-21,new,MIN,IND,0.03542599707186905
2020-21,new,MIN,LAC,0.02524380398781745
2020-21,new,MIN,LAL,0.024414641319207925
2020-21,new,MIN,MEM,0.032706890853969474
2020-21,new,MIN,MIA,0.0
2020-21,new,MIN,MIL,1.211479940170177e-07
2020-21,new,MIN,NOP,0.014854470148646666
2020-21,new,MIN,NYK,0.1094910359563856
2020-21,new,MIN,OKC,0.06551535593387912
2020-21,new,MIN,ORL,0.01871473482039695
2020-21,new,MIN,PHI,0.014556034606849323
2020-21,new,MIN,PHX,0.022478162150878233
2020-21,new,MIN,POR,0.04448760849891375
2020-21,new,MIN,SAC,0.008040922614657038
2020-21,new,MIN,SAS,0.031066628561270727
2020-21,new,MIN,TOR,0.008335772740504179
2020-21,new,MIN,UTA,0.002822148921389678
2020-21,new,MIN,WAS,0.0035084023108638506
2020-21,new,NOP,ATL,0.03822201989432274
2020-21,new,NOP,BKN,0.01927882552757089
2020-21,new,NOP,BOS,0.025359607128797222
2020-21,new,NOP,CHA,0.03984772452258674
2020-21,new,NOP,CHI,0.012421570890961775
2020-21,new,NOP,CLE,0.001935686495376584
2020-21,new,NOP,DAL,0.0
2020-21,new,NOP,DEN,0.029729227572089012
2020-21,new,NOP,DET,0.006647629613470253
2020-21,new,NOP,GSW,0.07537795893474242
2020-21,new,NOP,HOU,0.08126210814946516
2020-21,new,NOP,IND,0.05075611284130314
2020-21,new,NOP,LAC,0.032336745803718106
2020-21,new,NOP,LAL,0.025332537574759707
2020-21,new,NOP,MEM,0.10865413272070905
2020-21,new,NOP,MIA,0.0
2020-21,new,NOP,MIL,3.401048715565186e-05
2020-21,new,NOP,MIN,0.003341150586167621
2020-21,new,NOP,NYK,0.12595573880111788
2020-21,new,NOP,OKC,0.025541756793310673
2020-21,new,NOP,ORL,0.005818543260294648
2020-21,new,NOP,PHI,0.019980603531966436
2020-21,new,NOP,PHX,0.029111900939317287
2020-21,new,NOP,POR,0.13484509765451516
2020-21,new,NOP,SAC,0.03157603190846314
2020-21,new,NOP,SAS,0.09428952260587696
2020-21,new,NOP,TOR,0.005172256361891058
2020-21,new,NOP,UTA,0.006304956956220598
2020-21,new,NOP,WAS,0.035100038192683584
2020-21,new,NYK,ATL,0.17541021333937623
2020-21,new,NYK,BKN,0.02395447225813706
2020-21,new,NYK,BOS,0.14643479786674377
2020-21,new,NYK,CHA,0.09451182517629367
2020-21,new,NYK,CHI,0.02284508378691481
2020-21,new,NYK,CLE,0.001222773413516807
2020-21,new,NYK,DAL,0.0
2020-21,new,NYK,DEN,0.02179175867307266
2020-21,new,NYK,DET,0.0007222521931519088
2020-21,new,NYK,GSW,0.046839870260156756
2020-21,new,NYK,HOU,0.23234417062046026
2020-21,new,NYK,IND,0.18097161050295368
2020-21,new,NYK,LAC,0.02824515091181043
2020-21,new,NYK,LAL,0.06395841130378992
2020-21,new,NYK,MEM,0.03020653382800329
2020-21,new,NYK,MIA,0.0
2020-21,new,NYK,MIL,2.5423162236432388e-05
2020-21,new,NYK,MIN,0.00038569539771114177
2020-21,new,NYK,NOP,0.03762482600566133
2020-21,new,NYK,OKC,0.12319342860072882
2020-21,new,NYK,ORL,0.011506663590614388
2020-21,new,NYK,PHI,0.02775646563362458
2020-21,new,NYK,PHX,0.009817348653623728
2020-21,new,NYK,POR,0.084444236286117
2020-21,new,NYK,SAC,0.0038142527527428114
2020-21,new,NYK,SAS,0.01669830991821752
2020-21,new,NYK,TOR,0.017947672152977445
2020-21,new,NYK,UTA,0.00968534483028383
2020-21,new,NYK,WAS,0.10125019029789736
2020-21,new,OKC,ATL,0.026220316402988386
2020-21,new,OKC,BKN,0.03502909493927667
2020-21,new,OKC,BOS,0.013579078041634133
2020-21,new,OKC,CHA,0.048776293516135875
2020-21,new,OKC,CHI,0.03551743040218991
2020-21,new,OKC,CLE,0.007933151968731223
2020-21,new,OKC,DAL,0.0
2020-21,new,OKC,DEN,0.0394586633854391
2020-21,new,OKC,DET,0.021206359860511365
2020-21,new,OKC,GSW,0.032336387868337445
2020-21,new,OKC,HOU,0.0700185886633197
2020-21,new,OKC,IND,0.022555923840190846
2020-21,new,OKC,LAC,0.016147898880018177
2020-21,new,OKC,LAL,0.012829295895016232
2020-21,new,OKC,MEM,0.08317495637065483
2020-21,new,OKC,MIA,0.0
2020-21,new,OKC,MIL,0.0
2020-21,new,OKC,MIN,0.03599467556224878
2020-21,new,OKC,NOP,0.019602618818380026
2020-21,new,OKC,NYK,0.08958939397032195
2020-21,new,OKC,ORL,0.04320082735069973
2020-21,new,OKC,PHI,0.011589439732086811
2020-21,new,OKC,PHX,0.021251979908953576
2020-21,new,OKC,POR,0.02177370725882016
2020-21,new,OKC,SAC,0.012408737410294407
2020-21,new,OKC,SAS,0.039777038872648045
2020-21,new,OKC,TOR,0.016487543943515575
2020-21,new,OKC,UTA,0.008426724166513005
2020-21,new,OKC,WAS,0.013213871950124769
2020-21,new,ORL,ATL,0.02512244167200692
2020-21,new,ORL,BKN,0.051158405148689155
2020-21,new,ORL,BOS,0.025399363218380166
2020-21,new,ORL,CHA,0.03679996251419671
2020-21,new,ORL,CHI,0.022135620262266478
2020-21,new,ORL,CLE,0.00903999108524061
2020-21,new,ORL,DAL,0.0
2020-21,new,ORL,DEN,0.0431618303692839
2020-21,new,ORL,DET,0.045603988424951114
2020-21,new,ORL,GSW,0.06490370721752023
2020-21,new,ORL,HOU,0.12281702879364434
2020-21,new,ORL,IND,0.02622175553633368
2020-21,new,ORL,LAC,0.04666406263225985
2020-21,new,ORL,LAL,0.032986367792697036
2020-21,new,ORL,MEM,0.03160281479536331
2020-21,new,ORL,MIA,0.0
2020-21,new,ORL,MIL,8.474387412144129e-06
2020-21,new,ORL,MIN,0.037396544273085586
2020-21,new,ORL,NOP,0.030701458037339667
2020-21,new,ORL,NYK,0.10264868847985738
2020-21,new,ORL,OKC,0.06512877205832346
2020-21,new,ORL,PHI,0.014187500151596838
2020-21,new,ORL,PHX,0.015391346366320656
2020-21,new,ORL,POR,0.05581681080565963
2020-21,new,ORL,SAC,0.0090269640607622
2020-21,new,ORL,SAS,0.027748701806305582
2020-21,new,ORL,TOR,0.01030271657633768
2020-21,new,ORL,UTA,0.002827561550647229
2020-21,new,ORL,WAS,0.03935776517993057
2020-21,new,PHI,ATL,0.02041500263171772
2020-21,new,PHI,BKN,0.11199865303656631
2020-21,new,PHI,BOS,0.015144730326516713
2020-21,new,PHI,CHA,0.03725196846341943
2020-21,new,PHI,CHI,0.006510993345970025
2020-21,new,PHI,CLE,0.001991031317361544
2020-21,new,PHI,DAL,0.0
2020-21,new,PHI,DEN,0.10261068740818989
2020-21,new,PHI,DET,0.004410830089894668
2020-21,new,PHI,GSW,0.023970183998722305
2020-21,new,PHI,HOU,0.1152000176048901
2020-21,new,PHI,IND,0.011605022233562015
2020-21,new,PHI,LAC,0.14611907368134466
2020-21,new,PHI,LAL,0.034146123196531805
2020-21,new,PHI,MEM,0.03702811831489662
2020-21,new,PHI,MIA,0.0
2020-21,new,PHI,MIL,0.0
2020-21,new,PHI,MIN,0.010056094936248726
2020-21,new,PHI,NOP,0.018732634365998934
2020-21,new,PHI,NYK,0.10666402794072846
2020-21,new,PHI,OKC,0.051627424823838794
2020-21,new,PHI,ORL,0.005596263827824148
2020-21,new,PHI,PHX,0.0908554148746407
2020-21,new,PHI,POR,0.0421158411480679
2020-21,new,PHI,SAC,0.012363698828101614
2020-21,new,PHI,SAS,0.03025666196730932
2020-21,new,PHI,TOR,0.0030958136709464262
2020-21,new,PHI,UTA,0.030491379560051685
2020-21,new,PHI,WAS,0.011664818709441093
2020-21,new,PHX,ATL,0.05986141407632429
2020-21,new,PHX,BKN,0.06894881531688514
2020-21,new,PHX,BOS,0.053878907556831036
2020-21,new,PHX,CHA,0.03449852701231016
2020-21,new,PHX,CHI,0.013347787921456787
2020-21,new,PHX,CLE,0.0025846775121463896
2020-21,new,PHX,DAL,0.0
2020-21,new,PHX,DEN,0.05557688547994962
2020-21,new,PHX,DET,0.0039213365016521175
2020-21,new,PHX,GSW,0.016785285824425174
2020-21,new,PHX,HOU,0.16682429782510083
2020-21,new,PHX,IND,0.03718814580101274
2020-21,new,PHX,LAC,0.08944342736955652
2020-21,new,PHX,LAL,0.05574802643602306
2020-21,new,PHX,MEM,0.041795770060279985
2020-21,new,PHX,MIA,0.0
2020-21,new,PHX,MIL,3.379237791673874e-05
2020-21,new,PHX,MIN,0.005394630919845753
2020-21,new,PHX,NOP,0.0390303586450792
2020-21,new,PHX,NYK,0.08288171740351916
2020-21,new,PHX,OKC,0.05774542100639242
2020-21,new,PHX,ORL,0.011711888094074712
2020-21,new,PHX,PHI,0.1223868541110403
2020-21,new,PHX,POR,0.02650431085279581
2020-21,new,PHX,SAC,0.0034720227928043473
2020-21,new,PHX,SAS,0.006618473046503906
2020-21,new,PHX,TOR,0.0071436207953480095
2020-21,new,PHX,UTA,0.08600646576715697
2020-21,new,PHX,WAS,0.003883227637236843
2020-21,new,POR,ATL,0.09589325756846132
2020-21,new,POR,BKN,0.04342753223370327
2020-21,new,POR,BOS,0.049196133281539024
2020-21,new,POR,CHA,0.046055747730221225
2020-21,new,POR,CHI,0.011513087219638403
2020-21,new,POR,CLE,0.0013336613506861334
2020-21,new,POR,DAL,0.0
2020-21,new,POR,DEN,0.042271981157456416
2020-21,new,POR,DET,0.0023776941633670886
2020-21,new,POR,GSW,0.08551959702223806
2020-21,new,POR,HOU,0.43671291386003364
2020-21,new,POR,IND,0.0407021866398487
2020-21,new,POR,LAC,0.04350161659814305
2020-21,new,POR,LAL,0.2068676004299273
2020-21,new,POR,MEM,0.12332569643936046
2020-21,new,POR,MIA,0.0
2020-21,new,POR,MIL,2.5423162236432388e-05
2020-21,new,POR,MIN,0.0030044228746121575
2020-21,new,POR,NOP,0.26448746660470307
2020-21,new,POR,NYK,0.33150713174942026
2020-21,new,POR,OKC,0.06682516227709132
2020-21,new,POR,ORL,0.008356767866539603
2020-21,new,POR,PHI,0.040692888006150466
2020-21,new,POR,PHX,0.026848224291368933
2020-21,new,POR,SAC,0.005618633251238473
2020-21,new,POR,SAS,0.058505996998943974
2020-21,new,POR,TOR,0.0037213374875738987
2020-21,new,POR,UTA,0.007881490268196574
2020-21,new,POR,WAS,0.00522174255695652
2020-21,new,SAC,ATL,0.017625090878207104
2020-21,new,SAC,BKN,0.010304148833223233
2020-21,new,SAC,BOS,0.019812276866853457
2020-21,new,SAC,CHA,0.026523841017415097
2020-21,new,SAC,CHI,0.015279779559859652
2020-21,new,SAC,CLE,0.00377137828900506
2020-21,new,SAC,DAL,0.0
2020-21,new,SAC,DEN,0.013046321068331491
2020-21,new,SAC,DET,0.008131197264341732
2020-21,new,SAC,GSW,0.06105007679644593
2020-21,new,SAC,HOU,0.06588820056955669
2020-21,new,SAC,IND,0.009656617402341285
2020-21,new,SAC,LAC,0.01624946132402642
2020-21,new,SAC,LAL,0.019709905610917844
2020-21,new,SAC,MEM,0.0739672059315289
2020-21,new,SAC,MIA,0.0
2020-21,new,SAC,MIL,0.0
2020-21,new,SAC,MIN,0.012963810856611668
2020-21,new,SAC,NOP,0.05233378861831771
2020-21,new,SAC,NYK,0.15103883680579486
2020-21,new,SAC,OKC,0.027087823240897334
2020-21,new,SAC,ORL,0.014189680771537311
2020-21,new,SAC,PHI,0.010901939812726502
2020-21,new,SAC,PHX,0.02386157421707152
2020-21,new,SAC,POR,0.09474488233748005
2020-21,new,SAC,SAS,0.0498564869251338
2020-21,new,SAC,TOR,0.006993481116449029
2020-21,new,SAC,UTA,0.0028965517626433025
2020-21,new,SAC,WAS,0.0035605092409328873
2020-21,new,SAS,ATL,0.053517610344344574
2020-21,new,SAS,BKN,0.035293103695931395
2020-21,new,SAS,BOS,0.04796925718740028
2020-21,new,SAS,CHA,0.0515601359819073
2020-21,new,SAS,CHI,0.017558313041659432
2020-21,new,SAS,CLE,0.0016835035960576763
2020-21,new,SAS,DAL,0.0
2020-21,new,SAS,DEN,0.04340337148975995
2020-21,new,SAS,DET,0.0029202588016151226
2020-21,new,SAS,GSW,0.0852058211380548
2020-21,new,SAS,HOU,0.20289059480467556
2020-21,new,SAS,IND,0.042442187144862045
2020-21,new,SAS,LAC,0.03657785556313245
2020-21,new,SAS,LAL,0.04385496263138327
2020-21,new,SAS,MEM,0.10005500687570243
2020-21,new,SAS,MIA,0.0
2020-21,new,SAS,MIL,1.6948774824288258e-05
2020-21,new,SAS,MIN,0.002065676698818826
2020-21,new,SAS,NOP,0.11037224362868323
2020-21,new,SAS,NYK,0.1456121696023771
2020-21,new,SAS,OKC,0.07363631521016438
2020-21,new,SAS,ORL,0.011252670007321141
2020-21,new,SAS,PHI,0.029252155358373215
2020-21,new,SAS,PHX,0.030725480888450514
2020-21,new,SAS,POR,0.16737015276621414
2020-21,new,SAS,SAC,0.03807360777994174
2020-21,new,SAS,TOR,0.016369710334060764
2020-21,new,SAS,UTA,0.014529094924459814
2020-21,new,SAS,WAS,0.0061713832698587386
2020-21,new,TOR,ATL,0.028339784975839312
2020-21,new,TOR,BKN,0.031172952716487692
2020-21,new,TOR,BOS,0.03420542338526445
2020-21,new,TOR,CHA,0.03500802625306889
2020-21,new,TOR,CHI,0.08774643291543788
2020-21,new,TOR,CLE,0.007778322127716167
2020-21,new,TOR,DAL,0.0
2020-21,new,TOR,DEN,0.03747654498268969
2020-21,new,TOR,DET,0.004294720013939036
2020-21,new,TOR,GSW,0.03832974388814281
2020-21,new,TOR,HOU,0.07248356692185864
2020-21,new,TOR,IND,0.0469198946669263
2020-21,new,TOR,LAC,0.027648437548035375
2020-21,new,TOR,LAL,0.023659747854174917
2020-21,new,TOR,MEM,0.025765995880799065
2020-21,new,TOR,MIA,0.0
2020-21,new,TOR,MIL,0.0
2020-21,new,TOR,MIN,0.002081267706213574
2020-21,new,TOR,NOP,0.03984008529048414
2020-21,new,TOR,NYK,0.08304340671480161
2020-21,new,TOR,OKC,0.021351832110888386
2020-21,new,TOR,ORL,0.03716968667008473
2020-21,new,TOR,PHI,0.030321120828920016
2020-21,new,TOR,PHX,0.019574487267500808
2020-21,new,TOR,POR,0.04658324417752488
2020-21,new,TOR,SAC,0.006390685118327321
2020-21,new,TOR,SAS,0.014064352327337435
2020-21,new,TOR,UTA,0.0031250000521058923
2020-21,new,TOR,WAS,0.05335456190118713
2020-21,new,UTA,ATL,0.023218188553418027
2020-21,new,UTA,BKN,0.03204579766014799
2020-21,new,UTA,BOS,0.01626240708261897
2020-21,new,UTA,CHA,0.024986460473574446
2020-21,new,UTA,CHI,0.009367567713464265
2020-21,new,UTA,CLE,0.0022165040447714446
2020-21,new,UTA,DAL,0.0
2020-21,new,UTA,DEN,0.024695542570488463
2020-21,new,UTA,DET,0.006530981000797856
2020-21,new,UTA,GSW,0.036852195947769804
2020-21,new,UTA,HOU,0.0661080306008792
2020-21,new,UTA,IND,0.009215112029310059
2020-21,new,UTA,LAC,0.04109267272354216
2020-21,new,UTA,LAL,0.038627226144721076
2020-21,new,UTA,MEM,0.046425823251071516
2020-21,new,UTA,MIA,0.0
2020-21,new,UTA,MIL,8.210486941669812e-09
2020-21,new,UTA,MIN,0.00207869334126152
2020-21,new,UTA,NOP,0.0655309581236913
2020-21,new,UTA,NYK,0.11701559180315987
2020-21,new,UTA,OKC,0.015791217825467822
2020-21,new,UTA,ORL,0.01957040059369171
2020-21,new,UTA,PHI,0.053176724538528196
2020-21,new,UTA,PHX,0.10777459595135316
2020-21,new,UTA,POR,0.03960587354417055
2020-21,new,UTA,SAC,0.016763507888988262
2020-21,new,UTA,SAS,0.030472531831924363
2020-21,new,UTA,TOR,0.011899289514186178
2020-21,new,UTA,WAS,0.005753183495282863
2020-21,new,WAS,ATL,0.03815690149050276
2020-21,new,WAS,BKN,0.01228071108081073
2020-21,new,WAS,BOS,0.0610344520018111
2020-21,new,WAS,CHA,0.16849861076805492
2020-21,new,WAS,CHI,0.10526007521723861
2020-21,new,WAS,CLE,0.004682789246897541
2020-21,new,WAS,DAL,0.0
2020-21,new,WAS,DEN,0.012498061165020103
2020-21,new,WAS,DET,0.005245151258382851
2020-21,new,WAS,GSW,0.013010461865860632
2020-21,new,WAS,HOU,0.08983219675248054
2020-21,new,WAS,IND,0.13043797956704822
2020-21,new,WAS,LAC,0.009776939705660535
2020-21,new,WAS,LAL,0.025685855445279786
2020-21,new,WAS,MEM,0.0389078785012923
2020-21,new,WAS,MIA,0.0
2020-21,new,WAS,MIL,1.6948774824288258e-05
2020-21,new,WAS,MIN,0.004239366463494368
2020-21,new,WAS,NOP,0.015882106537659993
2020-21,new,WAS,NYK,0.13138891494021984
2020-21,new,WAS,OKC,0.028578664366946685
2020-21,new,WAS,ORL,0.03749491895688804
2020-21,new,WAS,PHI,0.005790948343607757
2020-21,new,WAS,PHX,0.00214227819206706
2020-21,new,WAS,POR,0.062636584715159
2020-21,new,WAS,SAC,0.0036702167282989997
2020-21,new,WAS,SAS,0.014806355080978452
2020-21,new,WAS,TOR,0.05755109597365661
2020-21,new,WAS,UTA,0.0013717672482518285
2020-21,old,ATL,BKN,0.029987877137449187
2020-21,old,ATL,BOS,0.09419340684781728
2020-21,old,ATL,CHA,0.09952149182957572
2020-21,old,ATL,CHI,0.022866402598647424
2020-21,old,ATL,CLE,0.017985138177249158
2020-21,old,ATL,DAL,0.0
2020-21,old,ATL,DEN,0.030577021154166297
2020-21,old,ATL,DET,0.004443965399625774
2020-21,old,ATL,GSW,0.04688544798256805
2020-21,old,ATL,HOU,0.2266283559295113
2020-21,old,ATL,IND,0.05977581524333412
2020-21,old,ATL,LAC,0.02226724152005647
2020-21,old,ATL,LAL,0.09463402210813375
2020-21,old,ATL,MEM,0.05815537234730724
2020-21,old,ATL,MIA,0.0
2020-21,old,ATL,MIL,7.109150751274078e-07
2020-21,old,ATL,MIN,0.01240359288359061
2020-21,old,ATL,NOP,0.036533481558316386
2020-21,old,ATL,NYK,0.20028475858454142
2020-21,old,ATL,OKC,0.08057785605297199
2020-21,old,ATL,ORL,0.020697808890038714
2020-21,old,ATL,PHI,0.015376077706058477
2020-21,old,ATL,PHX,0.012701609990716544
2020-21,old,ATL,POR,0.008978178964622703
2020-21,old,ATL,SAC,0.04619836679121958
2020-21,old,ATL,SAS,0.045441730283880266
2020-21,old,ATL,TOR,0.023142428368628058
2020-21,old,ATL,UTA,0.01134698283890712
2020-21,old,ATL,WAS,0.020692802258755177
2020-21,old,BKN,ATL,0.03531602277598135
2020-21,old,BKN,BOS,0.022776546468879694
2020-21,old,BKN,CHA,0.030930317475525458
2020-21,old,BKN,CHI,0.03123264498070639
2020-21,old,BKN,CLE,0.00525058735317321
2020-21,old,BKN,DAL,0.0
2020-21,old,BKN,DEN,0.14815859551947222
2020-21,old,BKN,DET,0.002615301897388013
2020-21,old,BKN,GSW,0.036567211998712205
2020-21,old,BKN,HOU,0.1356549026307064
2020-21,old,BKN,IND,0.03957467252324276
2020-21,old,BKN,LAC,0.14890193980018576
2020-21,old,BKN,LAL,0.03532431546241086
2020-21,old,BKN,MEM,0.02575488892219855
2020-21,old,BKN,MIA,0.0
2020-21,old,BKN,MIL,1.4207093904431155e-06
2020-21,old,BKN,MIN,0.019704393934571105
2020-21,old,BKN,NOP,0.039422525498165516
2020-21,old,BKN,NYK,0.0749443832572006
2020-21,old,BKN,OKC,0.044009698649330437
2020-21,old,BKN,ORL,0.055083414463995756
2020-21,old,BKN,PHI,0.09838146624340002
2020-21,old,BKN,PHX,0.064670446381372
2020-21,old,BKN,POR,0.008170258643603403
2020-21,old,BKN,SAC,0.0477017673639455
2020-21,old,BKN,SAS,0.028148084262987993
2020-21,old,BKN,TOR,0.017290701503374424
2020-21,old,BKN,UTA,0.01703987090190038
2020-21,old,BKN,WAS,0.03442262119125055
2020-21,old,BOS,ATL,0.12747731151003983
2020-21,old,BOS,BKN,0.020146282452764792
2020-21,old,BOS,CHA,0.058572037421427435
2020-21,old,BOS,CHI,0.01419536820158879
2020-21,old,BOS,CLE,0.01935565250934321
2020-21,old,BOS,DAL,0.0
2020-21,old,BOS,DEN,0.021172813765180636
2020-21,old,BOS,DET,0.007677262857945727
2020-21,old,BOS,GSW,0.06677653132516834
2020-21,old,BOS,HOU,0.22920298103933576
2020-21,old,BOS,IND,0.07296706001768508
2020-21,old,BOS,LAC,0.023500000134066293
2020-21,old,BOS,LAL,0.056005758292980004
2020-21,old,BOS,MEM,0.060734097617012844
2020-21,old,BOS,MIA,0.0
2020-21,old,BOS,MIL,2.13076600630302e-06
2020-21,old,BOS,MIN,0.022606480191891067
2020-21,old,BOS,NOP,0.02438801064103237
2020-21,old,BOS,NYK,0.16101563542859804
2020-21,old,BOS,OKC,0.10804983957955647
2020-21,old,BOS,ORL,0.03655736787306107
2020-21,old,BOS,PHI,0.020002155274168813
2020-21,old,BOS,PHX,0.01588281374738148
2020-21,old,BOS,POR,0.030480334254258695
2020-21,old,BOS,SAC,0.02256984507521626
2020-21,old,BOS,SAS,0.02484551646584679
2020-21,old,BOS,TOR,0.024007922792225134
2020-21,old,BOS,UTA,0.007459051759736933
2020-21,old,BOS,WAS,0.019229233716752826
2020-21,old,CHA,ATL,0.07297480840148916
2020-21,old,CHA,BKN,0.03476131484966228
2020-21,old,CHA,BOS,0.06455855738894348
2020-21,old,CHA,CHI,0.032546597067719556
2020-21,old,CHA,CLE,0.016497784013324978
2020-21,old,CHA,DAL,0.0
2020-21,old,CHA,DEN,0.03157240187733181
2020-21,old,CHA,DET,0.006608836307322829
2020-21,old,CHA,GSW,0.05464360964908555
2020-21,old,CHA,HOU,0.15627627937426258
2020-21,old,CHA,IND,0.16096400041275
2020-21,old,CHA,LAC,0.023486261049000513
2020-21,old,CHA,LAL,0.029988321861338527
2020-21,old,CHA,MEM,0.05385328390598437
2020-21,old,CHA,MIA,0.0
2020-21,old,CHA,MIL,3.5504323890420226e-06
2020-21,old,CHA,MIN,0.01811172141441561
2020-21,old,CHA,NOP,0.030084591729820958
2020-21,old,CHA,NYK,0.07670207489795246
2020-21,old,CHA,OKC,0.09373841612920938
2020-21,old,CHA,ORL,0.03168486813343322
2020-21,old,CHA,PHI,0.023346982869994024
2020-21,old,CHA,PHX,0.012211683456526424
2020-21,old,CHA,POR,0.011281519410188373
2020-21,old,CHA,SAC,0.03457169208286112
2020-21,old,CHA,SAS,0.0716477589324332
2020-21,old,CHA,TOR,0.030690791047870255
2020-21,old,CHA,UTA,0.0016982758953236043
2020-21,old,CHA,WAS,0.12990388520058205
2020-21,old,CHI,ATL,0.0405839871736406
2020-21,old,CHI,BKN,0.015852909512488685
2020-21,old,CHI,BOS,0.04864796529116367
2020-21,old,CHI,CHA,0.03837293020496574
2020-21,old,CHI,CLE,0.03476746774803357
2020-21,old,CHI,DAL,0.0
2020-21,old,CHI,DEN,0.05129405911075234
2020-21,old,CHI,DET,0.006875269358319325
2020-21,old,CHI,GSW,0.04614034369709087
2020-21,old,CHI,HOU,0.12439155829234952
2020-21,old,CHI,IND,0.045067966545591656
2020-21,old,CHI,LAC,0.041693426925440084
2020-21,old,CHI,LAL,0.02365436630856491
2020-21,old,CHI,MEM,0.04636460821100977
2020-21,old,CHI,MIA,0.0
2020-21,old,CHI,MIL,7.110394317955125e-07
2020-21,old,CHI,MIN,0.007673567670902184
2020-21,old,CHI,NOP,0.09422504942156096
2020-21,old,CHI,NYK,0.07682377377994698
2020-21,old,CHI,OKC,0.08742429910751526
2020-21,old,CHI,ORL,0.31776139379714086
2020-21,old,CHI,PHI,0.01568534497548987
2020-21,old,CHI,PHX,0.009319849684505804
2020-21,old,CHI,POR,0.012083243664016882
2020-21,old,CHI,SAC,0.1249334740499449
2020-21,old,CHI,SAS,0.024835257179957465
2020-21,old,CHI,TOR,0.1359491117174774
2020-21,old,CHI,UTA,0.0033846983182693607
2020-21,old,CHI,WAS,0.08014757445603073
2020-21,old,CLE,ATL,0.032050151541700114
2020-21,old,CLE,BKN,0.007536099271965212
2020-21,old,CLE,BOS,0.02839057427742551
2020-21,old,CLE,CHA,0.047144492648597824
2020-21,old,CLE,CHI,0.06475278185365997
2020-21,old,CLE,DAL,0.0
2020-21,old,CLE,DEN,0.024930995732270783
2020-21,old,CLE,DET,0.033857758030905544
2020-21,old,CLE,GSW,0.09214877227205269
2020-21,old,CLE,HOU,0.0869973081944809
2020-21,old,CLE,IND,0.06082203556503451
2020-21,old,CLE,LAC,0.02503232780386341
2020-21,old,CLE,LAL,0.022104548053429807
2020-21,old,CLE,MEM,0.03337869213523515
2020-21,old,CLE,MIA,0.0
2020-21,old,CLE,MIL,2.324726842905695e-09
2020-21,old,CLE,MIN,0.11583087016292738
2020-21,old,CLE,NOP,0.05751876470855289
2020-21,old,CLE,NYK,0.07466163672623015
2020-21,old,CLE,OKC,0.10363496726260374
2020-21,old,CLE,ORL,0.08693005886220738
2020-21,old,CLE,PHI,0.009075431058119084
2020-21,old,CLE,PHX,0.00741664084866592
2020-21,old,CLE,POR,0.01085371782852674
2020-21,old,CLE,SAC,0.04234565473309226
2020-21,old,CLE,SAS,0.04519702441351564
2020-21,old,CLE,TOR,0.04302065394105856
2020-21,old,CLE,UTA,0.007839439680141494
2020-21,old,CLE,WAS,0.04354314299436372
2020-21,old,DAL,ATL,0.08367574803353256
2020-21,old,DAL,BKN,0.017419719907960957
2020-21,old,DAL,BOS,0.06115132593488662
2020-21,old,DAL,CHA,0.04435126578384275
2020-21,old,DAL,CHI,0.05289101512019161
2020-21,old,DAL,CLE,0.023558938631799746
2020-21,old,DAL,DEN,0.03933148948479302
2020-21,old,DAL,DET,0.008954202244459683
2020-21,old,DAL,GSW,0.08007387187367562
2020-21,old,DAL,HOU,0.16126293304292003
2020-21,old,DAL,IND,0.03560625590962172
2020-21,old,DAL,LAC,0.02578017243398916
2020-21,old,DAL,LAL,0.13177621583794463
2020-21,old,DAL,MEM,0.058380595394377795
2020-21,old,DAL,MIA,0.0
2020-21,old,DAL,MIL,3.425375433411758e-09
2020-21,old,DAL,MIN,0.024222119955189497
2020-21,old,DAL,NOP,0.03348615600811136
2020-21,old,DAL,NYK,0.8422966595920088
2020-21,old,DAL,OKC,0.08045447210566509
2020-21,old,DAL,ORL,0.030451797030784943
2020-21,old,DAL,PHI,0.008685344926499089
2020-21,old,DAL,PHX,0.011069215866285667
2020-21,old,DAL,POR,0.16876616462485075
2020-21,old,DAL,SAC,0.027747163415605586
2020-21,old,DAL,SAS,0.031086852610937223
2020-21,old,DAL,TOR,0.033487429300730925
2020-21,old,DAL,UTA,0.0008071120833207305
2020-21,old,DAL,WAS,0.017101125829640698
2020-21,old,DEN,ATL,0.05184262489682244
2020-21,old,DEN,BKN,0.1423663788292445
2020-21,old,DEN,BOS,0.03541192182200127
2020-21,old,DEN,CHA,0.02641714380678969
2020-21,old,DEN,CHI,0.04277317051939665
2020-21,old,DEN,CLE,0.015876778137517058
2020-21,old,DEN,DAL,0.0
2020-21,old,DEN,DET,0.0023100753977156135
2020-21,old,DEN,GSW,0.049120763741773175
2020-21,old,DEN,HOU,0.1742585520951503
2020-21,old,DEN,IND,0.04061206643980547
2020-21,old,DEN,LAC,0.11787607780097711
2020-21,old,DEN,LAL,0.0985316238832944
2020-21,old,DEN,MEM,0.032704399358753904
2020-21,old,DEN,MIA,0.0
2020-21,old,DEN,MIL,1.1311022479213566e-06
2020-21,old,DEN,MIN,0.002414439593017251
2020-21,old,DEN,NOP,0.034351801057940175
2020-21,old,DEN,NYK,0.09433315090873198
2020-21,old,DEN,OKC,0.059259966978610586
2020-21,old,DEN,ORL,0.015383086908973465
2020-21,old,DEN,PHI,0.07923922439145953
2020-21,old,DEN,PHX,0.0484977519420874
2020-21,old,DEN,POR,0.03926481699928288
2020-21,old,DEN,SAC,0.03213012053732894
2020-21,old,DEN,SAS,0.02932457577773836
2020-21,old,DEN,TOR,0.015069850717753035
2020-21,old,DEN,UTA,0.007314655273382008
2020-21,old,DEN,WAS,0.037717460257262386
2020-21,old,DET,ATL,0.02679934539018583
2020-21,old,DET,BKN,0.026594558102700963
2020-21,old,DET,BOS,0.031602525551207246
2020-21,old,DET,CHA,0.028055927646916327
2020-21,old,DET,CHI,0.04789990821089696
2020-21,old,DET,CLE,0.04369908444248234
2020-21,old,DET,DAL,0.0
2020-21,old,DET,DEN,0.01611839607078632
2020-21,old,DET,GSW,0.0942264460522983
2020-21,old,DET,HOU,0.08199919294838942
2020-21,old,DET,IND,0.03798508829452997
2020-21,old,DET,LAC,0.02150673481328653
2020-21,old,DET,LAL,0.03126513736093874
2020-21,old,DET,MEM,0.0373269128302103
2020-21,old,DET,MIA,0.0
2020-21,old,DET,MIL,1.5684280540995132e-09
2020-21,old,DET,MIN,0.043056504420933735
2020-21,old,DET,NOP,0.037933463404545585
2020-21,old,DET,NYK,0.112584998134558
2020-21,old,DET,OKC,0.06080414752094555
2020-21,old,DET,ORL,0.05638019102151347
2020-21,old,DET,PHI,0.018768319048404952
2020-21,old,DET,PHX,0.017962285201682367
2020-21,old,DET,POR,0.02923599163142579
2020-21,old,DET,SAC,0.028423556102822916
2020-21,old,DET,SAS,0.03030869996719195
2020-21,old,DET,TOR,0.038850402842715334
2020-21,old,DET,UTA,0.0027823276338488625
2020-21,old,DET,WAS,0.0333013005324886
2020-21,old,GSW,ATL,0.025572442534034255
2020-21,old,GSW,BKN,0.020377693995070677
2020-21,old,GSW,BOS,0.045660024956340715
2020-21,old,GSW,CHA,0.049586974575540656
2020-21,old,GSW,CHI,0.06147166395554835
2020-21,old,GSW,CLE,0.025807799620287612
2020-21,old,GSW,DAL,0.0
2020-21,old,GSW,DEN,0.008055997443648436
2020-21,old,GSW,DET,0.010125269350928957
2020-21,old,GSW,HOU,0.15416621789029106
2020-21,old,GSW,IND,0.04952462166433801
2020-21,old,GSW,LAC,0.020162446220919235
2020-21,old,GSW,LAL,0.020782057044585987
2020-21,old,GSW,MEM,0.13393226043188727
2020-21,old,GSW,MIA,0.0
2020-21,old,GSW,MIL,3.337807898847247e-12
2020-21,old,GSW,MIN,0.018095920703448825
2020-21,old,GSW,NOP,0.06807598403185801
2020-21,old,GSW,NYK,0.09205043542257998
2020-21,old,GSW,OKC,0.12026266173132426
2020-21,old,GSW,ORL,0.040697107075232344
2020-21,old,GSW,PHI,0.02393534491320365
2020-21,old,GSW,PHX,0.019223821514372515
2020-21,old,GSW,POR,0.13537850282861497
2020-21,old,GSW,SAC,0.07137195412765528
2020-21,old,GSW,SAS,0.10902886516679122
2020-21,old,GSW,TOR,0.04226452155279834
2020-21,old,GSW,UTA,0.010553879361872659
2020-21,old,GSW,WAS,0.0374862168765311
2020-21,old,HOU,ATL,0.04730996451297298
2020-21,old,HOU,BKN,0.05379391178705504
2020-21,old,HOU,BOS,0.022530591486959906
2020-21,old,HOU,CHA,0.02506608790091884
2020-21,old,HOU,CHI,0.01722187685986288
2020-21,old,HOU,CLE,0.007402138423776274
2020-21,old,HOU,DAL,0.0
2020-21,old,HOU,DEN,0.04285697113703433
2020-21,old,HOU,DET,0.01387122825067088
2020-21,old,HOU,GSW,0.036208561728304514
2020-21,old,HOU,IND,0.026529237361530088
2020-21,old,HOU,LAC,0.02963469841814568
2020-21,old,HOU,LAL,0.04673039481698386
2020-21,old,HOU,MEM,0.025206948737128757
2020-21,old,HOU,MIA,0.0
2020-21,old,HOU,MIL,2.470046129318383e-10
2020-21,old,HOU,MIN,0.0011561238266769832
2020-21,old,HOU,NOP,0.022316303651384314
2020-21,old,HOU,NYK,0.11512687234584776
2020-21,old,HOU,OKC,0.084833512653693
2020-21,old,HOU,ORL,0.006938597109737328
2020-21,old,HOU,PHI,0.04893211204333808
2020-21,old,HOU,PHX,0.02946659642738627
2020-21,old,HOU,POR,0.02641433201834624
2020-21,old,HOU,SAC,0.01962007155045342
2020-21,old,HOU,SAS,0.029141517453797526
2020-21,old,HOU,TOR,0.007968006947025725
2020-21,old,HOU,UTA,0.00537715519947032
2020-21,old,HOU,WAS,0.00839306285982674
2020-21,old,IND,ATL,0.05113603766514585
2020-21,old,IND,BKN,0.012819773822737825
2020-21,old,IND,BOS,0.06350359407636381
2020-21,old,IND,CHA,0.18507189447120379
2020-21,old,IND,CHI,0.0335369273211241
2020-21,old,IND,CLE,0.017184086618773135
2020-21,old,IND,DAL,0.0
2020-21,old,IND,DEN,0.021682267229679714
2020-21,old,IND,DET,0.012951777930279131
2020-21,old,IND,GSW,0.061364359139745674
2020-21,old,IND,HOU,0.13052029647557806
2020-21,old,IND,LAC,0.016517780284268844
2020-21,old,IND,LAL,0.01957166168646532
2020-21,old,IND,MEM,0.033131668502568656
2020-21,old,IND,MIA,0.0
2020-21,old,IND,MIL,1.407363360515635e-06
2020-21,old,IND,MIN,0.02459635309431894
2020-21,old,IND,NOP,0.060370689501636314
2020-21,old,IND,NYK,0.14296310146654026
2020-21,old,IND,OKC,0.06703286625531196
2020-21,old,IND,ORL,0.030288043651189138
2020-21,old,IND,PHI,0.017196120831890614
2020-21,old,IND,PHX,0.023553273936301182
2020-21,old,IND,POR,0.03951400868664897
2020-21,old,IND,SAC,0.036535037451425875
2020-21,old,IND,SAS,0.08624866848211052
2020-21,old,IND,TOR,0.039572978617202326
2020-21,old,IND,UTA,0.005498922489952809
2020-21,old,IND,WAS,0.0980496874355499
2020-21,old,LAC,ATL,0.034567329802230845
2020-21,old,LAC,BKN,0.14097440790886798
2020-21,old,LAC,BOS,0.02912118668823772
2020-21,old,LAC,CHA,0.018381390753859965
2020-21,old,LAC,CHI,0.026879683435448554
2020-21,old,LAC,CLE,0.012789935737591848
2020-21,old,LAC,DAL,0.0
2020-21,old,LAC,DEN,0.11381806720968095
2020-21,old,LAC,DET,0.003583512825305282
2020-21,old,LAC,GSW,0.040406095301223466
2020-21,old,LAC,HOU,0.11865409522157969
2020-21,old,LAC,IND,0.029002568295857973
2020-21,old,LAC,LAL,0.03582534909918008
2020-21,old,LAC,MEM,0.024776671445587616
2020-21,old,LAC,MIA,0.0
2020-21,old,LAC,MIL,4.316993755574376e-10
2020-21,old,LAC,MIN,0.01727230737262576
2020-21,old,LAC,NOP,0.015219928901613219
2020-21,old,LAC,NYK,0.06498338462293378
2020-21,old,LAC,OKC,0.02431438559581975
2020-21,old,LAC,ORL,0.02127497481581424
2020-21,old,LAC,PHI,0.10640625011063472
2020-21,old,LAC,PHX,0.0702963369737981
2020-21,old,LAC,POR,0.038274515203344794
2020-21,old,LAC,SAC,0.017039551034749714
2020-21,old,LAC,SAS,0.016838196013563678
2020-21,old,LAC,TOR,0.009546372137037287
2020-21,old,LAC,UTA,0.01937931050915785
2020-21,old,LAC,WAS,0.030212813287458097
2020-21,old,LAL,ATL,0.10484555139687053
2020-21,old,LAL,BKN,0.035554417949832245
2020-21,old,LAL,BOS,0.05001980447246815
2020-21,old,LAL,CHA,0.04018706314498088
2020-21,old,LAL,CHI,0.05775843536665499
2020-21,old,LAL,CLE,0.0067273398720969334
2020-21,old,LAL,DAL,0.0
2020-21,old,LAL,DEN,0.054549175715430456
2020-21,old,LAL,DET,0.0032572736839988612
2020-21,old,LAL,GSW,0.03211837940870479
2020-21,old,LAL,HOU,0.1458251849201845
2020-21,old,LAL,IND,0.027957432466169465
2020-21,old,LAL,LAC,0.03297683215232421
2020-21,old,LAL,MEM,0.0502886815638216
2020-21,old,LAL,MIA,0.0
2020-21,old,LAL,MIL,1.421712237623586e-06
2020-21,old,LAL,MIN,0.0028387831417092868
2020-21,old,LAL,NOP,0.03601597136853298
2020-21,old,LAL,NYK,0.23474640063033658
2020-21,old,LAL,OKC,0.05290220926375257
2020-21,old,LAL,ORL,0.01611372904938982
2020-21,old,LAL,PHI,0.038830819124885806
2020-21,old,LAL,PHX,0.024206321681303256
2020-21,old,LAL,POR,0.19285344878109256
2020-21,old,LAL,SAC,0.038517361579825014
2020-21,old,LAL,SAS,0.025035962130273325
2020-21,old,LAL,TOR,0.018566657527245473
2020-21,old,LAL,UTA,0.010410560385308002
2020-21,old,LAL,WAS,0.03342327589956889
2020-21,old,MEM,ATL,0.062163570558734386
2020-21,old,MEM,BKN,0.02627963366065222
2020-21,old,MEM,BOS,0.07129414644737023
2020-21,old,MEM,CHA,0.06071956850485223
2020-21,old,MEM,CHI,0.03698262092084214
2020-21,old,MEM,CLE,0.016394185783775498
2020-21,old,MEM,DAL,0.0
2020-21,old,MEM,DEN,0.015160571419371622
2020-21,old,MEM,DET,0.007307112219317907
2020-21,old,MEM,GSW,0.15086906124214203
2020-21,old,MEM,HOU,0.1594171171728371
2020-21,old,MEM,IND,0.05168713703878556
2020-21,old,MEM,LAC,0.012510506608804432
2020-21,old,MEM,LAL,0.03495363074421485
2020-21,old,MEM,MIA,0.0
2020-21,old,MEM,MIL,1.4069366368168063e-06
2020-21,old,MEM,MIN,0.011284515040676363
2020-21,old,MEM,NOP,0.06417650697220244
2020-21,old,MEM,NYK,0.1452184134579374
2020-21,old,MEM,OKC,0.055286099692658075
2020-21,old,MEM,ORL,0.04801348589427262
2020-21,old,MEM,PHI,0.021538793250982624
2020-21,old,MEM,PHX,0.01773114465792597
2020-21,old,MEM,POR,0.10252155204136969
2020-21,old,MEM,SAC,0.048191429516969475
2020-21,old,MEM,SAS,0.08506969261432232
2020-21,old,MEM,TOR,0.01822022551701806
2020-21,old,MEM,UTA,0.0018480603685120827
2020-21,old,MEM,WAS,0.02614330524211415
2020-21,old,MIA,ATL,0.10629134379586877
2020-21,old,MIA,BKN,0.018578394452543476
2020-21,old,MIA,BOS,0.09103247727724596
2020-21,old,MIA,CHA,0.07201765083964502
2020-21,old,MIA,CHI,0.009850705267472535
2020-21,old,MIA,CLE,0.006104874298017021
2020-21,old,MIA,DAL,0.0
2020-21,old,MIA,DEN,0.02005623983069461
2020-21,old,MIA,DET,0.007386853440749008
2020-21,old,MIA,GSW,0.06566355061770669
2020-21,old,MIA,HOU,0.3940830843743531
2020-21,old,MIA,IND,0.0678454340619459
2020-21,old,MIA,LAC,0.029669989456526998
2020-21,old,MIA,LAL,0.05151570148844177
2020-21,old,MIA,MEM,0.061689364935001996
2020-21,old,MIA,MIL,3.959391419949984e-06
2020-21,old,MIA,MIN,0.008526634406679319
2020-21,old,MIA,NOP,0.02619053988182211
2020-21,old,MIA,NYK,0.1706890331808727
2020-21,old,MIA,OKC,0.5934601299204776
2020-21,old,MIA,ORL,0.034220654425063286
2020-21,old,MIA,PHI,0.013654094925953144
2020-21,old,MIA,PHX,0.015884489967207954
2020-21,old,MIA,POR,0.040780442101330944
2020-21,old,MIA,SAC,0.018927013703529557
2020-21,old,MIA,SAS,0.020797752663055055
2020-21,old,MIA,TOR,0.02008344586668897
2020-21,old,MIA,UTA,0.005460129361198251
2020-21,old,MIA,WAS,0.02080253068770021
2020-21,old,MIL,ATL,0.049035411298983894
2020-21,old,MIL,BKN,0.09867402990744047
2020-21,old,MIL,BOS,0.040422620937380284
2020-21,old,MIL,CHA,0.06142355859320407
2020-21,old,MIL,CHI,0.011831188623028621
2020-21,old,MIL,CLE,0.009688015392243551
2020-21,old,MIL,DAL,0.0
2020-21,old,MIL,DEN,0.1184065929604093
2020-21,old,MIL,DET,0.005406249964987087
2020-21,old,MIL,GSW,0.03800076675570759
2020-21,old,MIL,HOU,0.5676397445123713
2020-21,old,MIL,IND,0.04730276954481643
2020-21,old,MIL,LAC,0.08433890103352466
2020-21,old,MIL,LAL,0.059897835744189144
2020-21,old,MIL,MEM,0.03298002319807255
2020-21,old,MIL,MIA,0.0
2020-21,old,MIL,MIN,0.011877403699455658
2020-21,old,MIL,NOP,0.04680980164130217
2020-21,old,MIL,NYK,0.10720611559357913
2020-21,old,MIL,OKC,0.06638739350213717
2020-21,old,MIL,ORL,0.028386612839519706
2020-21,old,MIL,PHI,0.06177047454061564
2020-21,old,MIL,PHX,0.04191955203503652
2020-21,old,MIL,POR,0.012229256512545018
2020-21,old,MIL,SAC,0.03691423118995296
2020-21,old,MIL,SAS,0.032227934043580195
2020-21,old,MIL,TOR,0.021785446177911044
2020-21,old,MIL,UTA,0.01195905186990597
2020-21,old,MIL,WAS,0.026134110711964215
2020-21,old,MIN,ATL,0.02711241822296534
2020-21,old,MIN,BKN,0.022763739338301225
2020-21,old,MIN,BOS,0.03128170426838966
2020-21,old,MIN,CHA,0.03077076499745471
2020-21,old,MIN,CHI,0.03326773619322946
2020-21,old,MIN,CLE,0.0465180828582914
2020-21,old,MIN,DAL,0.0
2020-21,old,MIN,DEN,0.020972343647464774
2020-21,old,MIN,DET,0.02417753236717543
2020-21,old,MIN,GSW,0.17236333079386895
2020-21,old,MIN,HOU,0.09792772200558707
2020-21,old,MIN,IND,0.034207547920178834
2020-21,old,MIN,LAC,0.02478852381273414
2020-21,old,MIN,LAL,0.027215805805168358
2020-21,old,MIN,MEM,0.027921585104384167
2020-21,old,MIN,MIA,0.0
2020-21,old,MIN,MIL,1.7540213229753575e-09
2020-21,old,MIN,NOP,0.03190383938972697
2020-21,old,MIN,NYK,0.08439731322496563
2020-21,old,MIN,OKC,0.08141460187363855
2020-21,old,MIN,ORL,0.03991491598133909
2020-21,old,MIN,PHI,0.014557112193072277
2020-21,old,MIN,PHX,0.022425948163814977
2020-21,old,MIN,POR,0.02871470920815823
2020-21,old,MIN,SAC,0.021670092658079527
2020-21,old,MIN,SAS,0.03885095246012465
2020-21,old,MIN,TOR,0.027846175012660738
2020-21,old,MIN,UTA,0.0028157327992135075
2020-21,old,MIN,WAS,0.018528626191209763
2020-21,old,NOP,ATL,0.03525890562234038
2020-21,old,NOP,BKN,0.01927909492579257
2020-21,old,NOP,BOS,0.03106394001064449
2020-21,old,NOP,CHA,0.04417913736307185
2020-21,old,NOP,CHI,0.1261540174712229
2020-21,old,NOP,CLE,0.022378931376805595
2020-21,old,NOP,DAL,0.0
2020-21,old,NOP,DEN,0.027780660403042244
2020-21,old,NOP,DET,0.009636314821465675
2020-21,old,NOP,GSW,0.08444171473564381
2020-21,old,NOP,HOU,0.0702724309220168
2020-21,old,NOP,IND,0.061355993694956625
2020-21,old,NOP,LAC,0.032070851426065805
2020-21,old,NOP,LAL,0.02594144208539796
2020-21,old,NOP,MEM,0.05191859110500487
2020-21,old,NOP,MIA,0.0
2020-21,old,NOP,MIL,1.1333294485711402e-06
2020-21,old,NOP,MIN,0.0061522394092915125
2020-21,old,NOP,NYK,0.09960462497417744
2020-21,old,NOP,OKC,0.05830441840589125
2020-21,old,NOP,ORL,0.03943927987281641
2020-21,old,NOP,PHI,0.019983836290635295
2020-21,old,NOP,PHX,0.028852679031464934
2020-21,old,NOP,POR,0.07505468763740221
2020-21,old,NOP,SAC,0.17084439324846915
2020-21,old,NOP,SAS,0.12078836221163834
2020-21,old,NOP,TOR,0.07173849380010568
2020-21,old,NOP,UTA,0.006304956956220598
2020-21,old,NOP,WAS,0.0845621096564606
2020-21,old,NYK,ATL,0.1342700915770709
2020-21,old,NYK,BKN,0.023955280445616473
2020-21,old,NYK,BOS,0.08489219904529965
2020-21,old,NYK,CHA,0.059145303132738906
2020-21,old,NYK,CHI,0.03209018116601016
2020-21,old,NYK,CLE,0.009292696369236363
2020-21,old,NYK,DAL,0.0
2020-21,old,NYK,DEN,0.021024889272027794
2020-21,old,NYK,DET,0.0015894396236800616
2020-21,old,NYK,GSW,0.04963006981012532
2020-21,old,NYK,HOU,0.17143514429536194
2020-21,old,NYK,IND,0.09754316772260861
2020-21,old,NYK,LAC,0.027336745716466826
2020-21,old,NYK,LAL,0.07294680795761276
2020-21,old,NYK,MEM,0.044590164349862314
2020-21,old,NYK,MIA,0.0
2020-21,old,NYK,MIL,1.1332127243396575e-06
2020-21,old,NYK,MIN,0.00018176830990633246
2020-21,old,NYK,NOP,0.029363785688994885
2020-21,old,NYK,OKC,0.10184294235886573
2020-21,old,NYK,ORL,0.022325424123833867
2020-21,old,NYK,PHI,0.02775862080671278
2020-21,old,NYK,PHX,0.009778313967468893
2020-21,old,NYK,POR,0.03850188595861004
2020-21,old,NYK,SAC,0.03391261143602
2020-21,old,NYK,SAS,0.04313314827777
2020-21,old,NYK,TOR,0.024719858029156053
2020-21,old,NYK,UTA,0.00968534483028383
2020-21,old,NYK,WAS,0.06721889605553494
2020-21,old,OKC,ATL,0.020548624305002868
2020-21,old,OKC,BKN,0.03502963373240822
2020-21,old,OKC,BOS,0.015093948837727366
2020-21,old,OKC,CHA,0.041505927914753875
2020-21,old,OKC,CHI,0.10110178963958215
2020-21,old,OKC,CLE,0.08214758400302972
2020-21,old,OKC,DAL,0.0
2020-21,old,OKC,DEN,0.03764457666118725
2020-21,old,OKC,DET,0.0391002154664602
2020-21,old,OKC,GSW,0.09232597357155353
2020-21,old,OKC,HOU,0.06617726371287067
2020-21,old,OKC,IND,0.038157450637887586
2020-21,old,OKC,LAC,0.015752694109105507
2020-21,old,OKC,LAL,0.01231848251192991
2020-21,old,OKC,MEM,0.042525184397678197
2020-21,old,OKC,MIA,0.0
2020-21,old,OKC,MIL,9.898795400366783e-10
2020-21,old,OKC,MIN,0.10495044081246666
2020-21,old,OKC,NOP,0.08697741260631159
2020-21,old,OKC,NYK,0.06710374236269381
2020-21,old,OKC,ORL,0.07911972204873179
2020-21,old,OKC,PHI,0.01159482766320158
2020-21,old,OKC,PHX,0.021221816843493252
2020-21,old,OKC,POR,0.012807381535490873
2020-21,old,OKC,SAC,0.05582055400901079
2020-21,old,OKC,SAS,0.06419673247261405
2020-21,old,OKC,TOR,0.06114673983026247
2020-21,old,OKC,UTA,0.008426724166513005
2020-21,old,OKC,WAS,0.046203110320236794
2020-21,old,ORL,ATL,0.0268852241679477
2020-21,old,ORL,BKN,0.05115113141970581
2020-21,old,ORL,BOS,0.026583677355412054
2020-21,old,ORL,CHA,0.025702206221680457
2020-21,old,ORL,CHI,0.04108531463695592
2020-21,old,ORL,CLE,0.06995040290365177
2020-21,old,ORL,DAL,0.0
2020-21,old,ORL,DEN,0.040751471413940775
2020-21,old,ORL,DET,0.04252774765030559
2020-21,old,ORL,GSW,0.1136531900191369
2020-21,old,ORL,HOU,0.09745881334863556
2020-21,old,ORL,IND,0.02189331941050417
2020-21,old,ORL,LAC,0.04621174582697707
2020-21,old,ORL,LAL,0.038201968155695466
2020-21,old,ORL,MEM,0.027895661107334
2020-21,old,ORL,MIA,0.0
2020-21,old,ORL,MIL,4.946450717415423e-10
2020-21,old,ORL,MIN,0.08517155231378089
2020-21,old,ORL,NOP,0.018894362825873957
2020-21,old,ORL,NYK,0.08457730584191679
2020-21,old,ORL,OKC,0.048516702481529436
2020-21,old,ORL,PHI,0.014189655325247044
2020-21,old,ORL,PHX,0.015180449465487906
2020-21,old,ORL,POR,0.028507273814817564
2020-21,old,ORL,SAC,0.028140265853267458
2020-21,old,ORL,SAS,0.031084371295159206
2020-21,old,ORL,TOR,0.022473315689691284
2020-21,old,ORL,UTA,0.0028243534895591436
2020-21,old,ORL,WAS,0.04976422013578929
2020-21,old,PHI,ATL,0.021563691437288295
2020-21,old,PHI,BKN,0.11201778018072342
2020-21,old,PHI,BOS,0.018340136377690133
2020-21,old,PHI,CHA,0.03577482948240135
2020-21,old,PHI,CHI,0.019811947309579848
2020-21,old,PHI,CLE,0.0269564125970775
2020-21,old,PHI,DAL,0.0
2020-21,old,PHI,DEN,0.1032439245023083
2020-21,old,PHI,DET,0.005941541028321428
2020-21,old,PHI,GSW,0.045186657699914354
2020-21,old,PHI,HOU,0.10923165761526468
2020-21,old,PHI,IND,0.024353790832569458
2020-21,old,PHI,LAC,0.14636503274349802
2020-21,old,PHI,LAL,0.03532875087352785
2020-21,old,PHI,MEM,0.03158328113841733
2020-21,old,PHI,MIA,0.0
2020-21,old,PHI,MIL,0.0
2020-21,old,PHI,MIN,0.036075694605096645
2020-21,old,PHI,NOP,0.02199683092517951
2020-21,old,PHI,NYK,0.087524136579074
2020-21,old,PHI,OKC,0.06495743528919712
2020-21,old,PHI,ORL,0.01585105696969033
2020-21,old,PHI,PHX,0.09082169020421076
2020-21,old,PHI,POR,0.025754579933950326
2020-21,old,PHI,SAC,0.03321029567382179
2020-21,old,PHI,SAS,0.04142030133979781
2020-21,old,PHI,TOR,0.017354211846573882
2020-21,old,PHI,UTA,0.030491379560051685
2020-21,old,PHI,WAS,0.028568456622069624
2020-21,old,PHX,ATL,0.053811176539658855
2020-21,old,PHX,BKN,0.06891594894372874
2020-21,old,PHX,BOS,0.04752885191961325
2020-21,old,PHX,CHA,0.0433941093372575
2020-21,old,PHX,CHI,0.025119738429515547
2020-21,old,PHX,CLE,0.01698211677381997
2020-21,old,PHX,DAL,0.0
2020-21,old,PHX,DEN,0.05481992323864981
2020-21,old,PHX,DET,0.007517780045806107
2020-21,old,PHX,GSW,0.03551959786637132
2020-21,old,PHX,HOU,0.1417796570867509
2020-21,old,PHX,IND,0.04927516620474598
2020-21,old,PHX,LAC,0.08942995753522624
2020-21,old,PHX,LAL,0.05724605841970697
2020-21,old,PHX,MEM,0.03422793944932696
2020-21,old,PHX,MIA,0.0
2020-21,old,PHX,MIL,1.4208138023165922e-06
2020-21,old,PHX,MIN,0.015547908150984531
2020-21,old,PHX,NOP,0.024047464139168393
2020-21,old,PHX,NYK,0.07746232127207642
2020-21,old,PHX,OKC,0.07918076492852032
2020-21,old,PHX,ORL,0.02590593415556794
2020-21,old,PHX,PHI,0.12239008686970917
2020-21,old,PHX,POR,0.011965786810775673
2020-21,old,PHX,SAC,0.016028744477652544
2020-21,old,PHX,SAS,0.01647105824906502
2020-21,old,PHX,TOR,0.01933819907770277
2020-21,old,PHX,UTA,0.08600646576715697
2020-21,old,PHX,WAS,0.0318842757814013
2020-21,old,POR,ATL,0.0982027832998078
2020-21,old,POR,BKN,0.04345474127348882
2020-21,old,POR,BOS,0.05042508897817139
2020-21,old,POR,CHA,0.037690118987467054
2020-21,old,POR,CHI,0.015604350787641195
2020-21,old,POR,CLE,0.006114754672673693
2020-21,old,POR,DAL,0.0
2020-21,old,POR,DEN,0.03415252977217847
2020-21,old,POR,DET,0.0025148168088996717
2020-21,old,POR,GSW,0.055180712907069863
2020-21,old,POR,HOU,0.46571246363800667
2020-21,old,POR,IND,0.029829733030526447
2020-21,old,POR,LAC,0.04367133642641169
2020-21,old,POR,LAL,0.18555811009173506
2020-21,old,POR,MEM,0.05623224490683737
2020-21,old,POR,MIA,0.0
2020-21,old,POR,MIL,1.407566295497251e-06
2020-21,old,POR,MIN,0.009356696096602711
2020-21,old,POR,NOP,0.03211338583871021
2020-21,old,POR,NYK,0.22190056006769598
2020-21,old,POR,OKC,0.06615705807271799
2020-21,old,POR,ORL,0.009087193602836012
2020-21,old,POR,PHI,0.04069288799916555
2020-21,old,POR,PHX,0.026890927009787666
2020-21,old,POR,SAC,0.01308435815287565
2020-21,old,POR,SAS,0.030545956239597882
2020-21,old,POR,TOR,0.007589487487368963
2020-21,old,POR,UTA,0.00788254315683875
2020-21,old,POR,WAS,0.018613220737477707
2020-21,old,SAC,ATL,0.021731405958577445
2020-21,old,SAC,BKN,0.01030684279934262
2020-21,old,SAC,BOS,0.026510592495477128
2020-21,old,SAC,CHA,0.028355105550656345
2020-21,old,SAC,CHI,0.16814631505008212
2020-21,old,SAC,CLE,0.03212723403988216
2020-21,old,SAC,DAL,0.0
2020-21,old,SAC,DEN,0.011967552514340953
2020-21,old,SAC,DET,0.012833512976287927
2020-21,old,SAC,GSW,0.06824767457343246
2020-21,old,SAC,HOU,0.0678106143020422
2020-21,old,SAC,IND,0.035241474395945736
2020-21,old,SAC,LAC,0.015951508725351043
2020-21,old,SAC,LAL,0.020063553626591624
2020-21,old,SAC,MEM,0.04337899073475608
2020-21,old,SAC,MIA,0.0
2020-21,old,SAC,MIL,2.6927811643319945e-10
2020-21,old,SAC,MIN,0.030165154640959382
2020-21,old,SAC,NOP,0.1504860808537744
2020-21,old,SAC,NYK,0.12088640236262062
2020-21,old,SAC,OKC,0.05030387918785985
2020-21,old,SAC,ORL,0.08217667898144644
2020-21,old,SAC,PHI,0.01090409498517241
2020-21,old,SAC,PHX,0.023799274944125454
2020-21,old,SAC,POR,0.060609644647017284
2020-21,old,SAC,SAS,0.06714262529475512
2020-21,old,SAC,TOR,0.07972739199548871
2020-21,old,SAC,UTA,0.0028965517626433025
2020-21,old,SAC,WAS,0.05360989695285898
2020-21,old,SAS,ATL,0.04841877108224927
2020-21,old,SAS,BKN,0.03529956922185976
2020-21,old,SAS,BOS,0.03728599836325303
2020-21,old,SAS,CHA,0.08243541787787201
2020-21,old,SAS,CHI,0.04198532819116238
2020-21,old,SAS,CLE,0.012061836906256571
2020-21,old,SAS,DAL,0.0
2020-21,old,SAS,DEN,0.04237247450181521
2020-21,old,SAS,DET,0.003097791006439365
2020-21,old,SAS,GSW,0.0961784568171492
2020-21,old,SAS,HOU,0.17353771793941938
2020-21,old,SAS,IND,0.10177030345850979
2020-21,old,SAS,LAC,0.0357828663360199
2020-21,old,SAS,LAL,0.04400444136459524
2020-21,old,SAS,MEM,0.0643846083800054
2020-21,old,SAS,MIA,0.0
2020-21,old,SAS,MIL,4.3825778670065535e-09
2020-21,old,SAS,MIN,0.0014672836886300807
2020-21,old,SAS,NOP,0.1209635469106381
2020-21,old,SAS,NYK,0.10016293438998265
2020-21,old,SAS,OKC,0.08548141189846854
2020-21,old,SAS,ORL,0.022407038978997203
2020-21,old,SAS,PHI,0.029254310530337405
2020-21,old,SAS,PHX,0.030735803525079104
2020-21,old,SAS,POR,0.12147844889745166
2020-21,old,SAS,SAC,0.06472039587911194
2020-21,old,SAS,TOR,0.034901440517854265
2020-21,old,SAS,UTA,0.014529094924459814
2020-21,old,SAS,WAS,0.08452900706075386
2020-21,old,TOR,ATL,0.02660556073365123
2020-21,old,TOR,BKN,0.031175916080306898
2020-21,old,TOR,BOS,0.03203431675144889
2020-21,old,TOR,CHA,0.041646882711214264
2020-21,old,TOR,CHI,0.17924365716439772
2020-21,old,TOR,CLE,0.027091791360499915
2020-21,old,TOR,DAL,0.0
2020-21,old,TOR,DEN,0.03587390533896125
2020-21,old,TOR,DET,0.00660317885723559
2020-21,old,TOR,GSW,0.0357413168633249
2020-21,old,TOR,HOU,0.07191486885130041
2020-21,old,TOR,IND,0.041150876184412245
2020-21,old,TOR,LAC,0.02727936430272229
2020-21,old,TOR,LAL,0.024479924766508013
2020-21,old,TOR,MEM,0.024265612126393412
2020-21,old,TOR,MIA,0.0
2020-21,old,TOR,MIL,2.7365646248672852e-09
2020-21,old,TOR,MIN,0.0019783693182369457
2020-21,old,TOR,NOP,0.07893464772198124
2020-21,old,TOR,NYK,0.06534411909501883
2020-21,old,TOR,OKC,0.0446285021381557
2020-21,old,TOR,ORL,0.0756767743762502
2020-21,old,TOR,PHI,0.03033512945720477
2020-21,old,TOR,PHX,0.019539384647695637
2020-21,old,TOR,POR,0.022847252207314435
2020-21,old,TOR,SAC,0.09247544876449602
2020-21,old,TOR,SAS,0.043319886114619635
2020-21,old,TOR,UTA,0.0031250000521058923
2020-21,old,TOR,WAS,0.08933276552962656
2020-21,old,UTA,ATL,0.026673344744091228
2020-21,old,UTA,BKN,0.03204714465326357
2020-21,old,UTA,BOS,0.023709906128729696
2020-21,old,UTA,CHA,0.02722342163366599
2020-21,old,UTA,CHI,0.05863933357468059
2020-21,old,UTA,CLE,0.021815742515102456
2020-21,old,UTA,DAL,0.0
2020-21,old,UTA,DEN,0.02178876052500422
2020-21,old,UTA,DET,0.006233836061297109
2020-21,old,UTA,GSW,0.04757640968921808
2020-21,old,UTA,HOU,0.07032462330322804
2020-21,old,UTA,IND,0.024874718647940115
2020-21,old,UTA,LAC,0.04095932141048753
2020-21,old,UTA,LAL,0.036262497352354296
2020-21,old,UTA,MEM,0.026831912555384863
2020-21,old,UTA,MIA,0.0
2020-21,old,UTA,MIL,8.110888396166846e-10
2020-21,old,UTA,MIN,0.011027789980637285
2020-21,old,UTA,NOP,0.06858361587154646
2020-21,old,UTA,NYK,0.08320334239832156
2020-21,old,UTA,OKC,0.035707705047820566
2020-21,old,UTA,ORL,0.04096409763982314
2020-21,old,UTA,PHI,0.05319073316079147
2020-21,old,UTA,PHX,0.10787537115147633
2020-21,old,UTA,POR,0.01922494630674542
2020-21,old,UTA,SAC,0.03568582104480185
2020-21,old,UTA,SAS,0.02827899796284092
2020-21,old,UTA,TOR,0.03557916635453558
2020-21,old,UTA,WAS,0.03367581884397572
2020-21,old,WAS,ATL,0.028258951396999535
2020-21,old,WAS,BKN,0.012280172287679181
2020-21,old,WAS,BOS,0.030796543734953722
2020-21,old,WAS,CHA,0.09964469704629486
2020-21,old,WAS,CHI,0.1028086972649858
2020-21,old,WAS,CLE,0.031524348893742206
2020-21,old,WAS,DAL,0.0
2020-21,old,WAS,DEN,0.012168220964041462
2020-21,old,WAS,DET,0.011474407411678213
2020-21,old,WAS,GSW,0.04364057636323577
2020-21,old,WAS,HOU,0.08156761816901109
2020-21,old,WAS,IND,0.10253044524821504
2020-21,old,WAS,LAC,0.009206896587816904
2020-21,old,WAS,LAL,0.029960482080659077
2020-21,old,WAS,MEM,0.028969459359483127
2020-21,old,WAS,MIA,0.0
2020-21,old,WAS,MIL,4.447310089543458e-10
2020-21,old,WAS,MIN,0.027273755630057663
2020-21,old,WAS,NOP,0.07494593964697771
2020-21,old,WAS,NYK,0.10689528647816289
2020-21,old,WAS,OKC,0.04759913777745859
2020-21,old,WAS,ORL,0.028883308136135925
2020-21,old,WAS,PHI,0.005792025929830711
2020-21,old,WAS,PHX,0.0021382274447118337
2020-21,old,WAS,POR,0.043879310426117604
2020-21,old,WAS,SAC,0.05152765834159872
2020-21,old,WAS,SAS,0.07541932994122415
2020-21,old,WAS,TOR,0.08248824587957763
2020-21,old,WAS,UTA,0.0013717672482518285
2021-22,new,ATL,BKN,0.025269595673709497
2021-22,new,ATL,BOS,0.0038315007337902792
2021-22,new,ATL,CHA,0.293203852805722
2021-22,new,ATL,CHI,0.04354707096456462
2021-22,new,ATL,CLE,0.3623740038665684
2021-22,new,ATL,DAL,0.02874601805450641
2021-22,new,ATL,DEN,0.026712193510910646
2021-22,new,ATL,DET,0.004299916361411809
2021-22,new,ATL,GSW,0.01663447767296183
2021-22,new,ATL,HOU,0.391857759142415
2021-22,new,ATL,IND,0.2955809666954026
2021-22,new,ATL,LAC,0.0
2021-22,new,ATL,LAL,0.0
2021-22,new,ATL,MEM,0.047401351054739096
2021-22,new,ATL,MIA,0.019559267527215055
2021-22,new,ATL,MIL,0.028766414111256588
2021-22,new,ATL,MIN,0.018059105031139604
2021-22,new,ATL,NOP,0.03709424057892315
2021-22,new,ATL,NYK,0.014740418284472164
2021-22,new,ATL,OKC,0.020298791515233058
2021-22,new,ATL,ORL,0.0074493758215288496
2021-22,new,ATL,PHI,0.0
2021-22,new,ATL,PHX,0.0
2021-22,new,ATL,POR,0.003861431247918355
2021-22,new,ATL,SAC,0.0055115402485913035
2021-22,new,ATL,SAS,0.15579062979377495
2021-22,new,ATL,TOR,0.126452892220512
2021-22,new,ATL,UTA,0.0001526460907166671
2021-22,new,ATL,WAS,0.028903253242050467
2021-22,new,BKN,ATL,0.3928416481768579
2021-22,new,BKN,BOS,0.006160161366349794
2021-22,new,BKN,CHA,0.24770074915961082
2021-22,new,BKN,CHI,0.03733523161487136
2021-22,new,BKN,CLE,0.19429645924153544
2021-22,new,BKN,DAL,0.03941848425303254
2021-22,new,BKN,DEN,0.033400264995360064
2021-22,new,BKN,DET,0.0037000194020559134
2021-22,new,BKN,GSW,0.03354412131355354
2021-22,new,BKN,HOU,1.1412925630532091
2021-22,new,BKN,IND,0.25573224410448847
2021-22,new,BKN,LAC,0.0
2021-22,new,BKN,LAL,0.0
2021-22,new,BKN,MEM,0.0840134120385298
2021-22,new,BKN,MIA,0.023392780409876964
2021-22,new,BKN,MIL,0.04406197208791588
2021-22,new,BKN,MIN,0.015659585322033435
2021-22,new,BKN,NOP,0.037400416453565184
2021-22,new,BKN,NYK,0.007771626806146628
2021-22,new,BKN,OKC,0.01334041575660161
2021-22,new,BKN,ORL,0.0038444723802813882
2021-22,new,BKN,PHI,0.0
2021-22,new,BKN,PHX,0.0
2021-22,new,BKN,POR,0.004010885523453751
2021-22,new,BKN,SAC,0.005170434148420025
2021-22,new,BKN,SAS,0.16815209918353535
2021-22,new,BKN,TOR,0.11307295284025755
2021-22,new,BKN,UTA,0.00015156168989886743
2021-22,new,BKN,WAS,0.024647797668931788
2021-22,new,BOS,ATL,0.04222758531189637
2021-22,new,BOS,BKN,0.1272490693386593
2021-22,new,BOS,CHA,0.016318592380903003
2021-22,new,BOS,CHI,0.06447981919143832
2021-22,new,BOS,CLE,0.04079050218627885
2021-22,new,BOS,DAL,0.07859722895496983
2021-22,new,BOS,DEN,0.08799812213069279
2021-22,new,BOS,DET,0.0020618954489574166
2021-22,new,BOS,GSW,0.04181014015163984
2021-22,new,BOS,HOU,0.10437419185874551
2021-22,new,BOS,IND,0.047074520099680474
2021-22,new,BOS,LAC,0.0
2021-22,new,BOS,LAL,0.0
2021-22,new,BOS,MEM,0.10497154937558542
2021-22,new,BOS,MIA,0.034521282438855175
2021-22,new,BOS,MIL,0.0924973598165117
2021-22,new,BOS,MIN,0.053295461830907775
2021-22,new,BOS,NOP,0.0031183210838528217
2021-22,new,BOS,NYK,0.0018086192440831684
2021-22,new,BOS,OKC,0.004441781385436957
2021-22,new,BOS,ORL,0.002809303254342017
2021-22,new,BOS,PHI,0.0
2021-22,new,BOS,PHX,0.0
2021-22,new,BOS,POR,0.001096127203661221
2021-22,new,BOS,SAC,0.0005613655922899706
2021-22,new,BOS,SAS,0.9173060760591906
2021-22,new,BOS,TOR,0.05593860623495822
2021-22,new,BOS,UTA,0.002725863134328278
2021-22,new,BOS,WAS,0.011955705134257942
2021-22,new,CHA,ATL,0.12565070827070002
2021-22,new,CHA,BKN,0.08243322105015395
2021-22,new,CHA,BOS,0.00452737625350372
2021-22,new,CHA,CHI,0.03385834895395151
2021-22,new,CHA,CLE,0.1728673150916847
2021-22,new,CHA,DAL,0.03849019481613451
2021-22,new,CHA,DEN,0.037299643112775074
2021-22,new,CHA,DET,0.0023361387237217975
2021-22,new,CHA,GSW,0.02566434915647582
2021-22,new,CHA,HOU,0.41998437578310177
2021-22,new,CHA,IND,0.13009710619456127
2021-22,new,CHA,LAC,0.0
2021-22,new,CHA,LAL,0.0
2021-22,new,CHA,MEM,0.08278178957988248
2021-22,new,CHA,MIA,0.012549569107078273
2021-22,new,CHA,MIL,0.043870808113119636
2021-22,new,CHA,MIN,0.03765723000678855
2021-22,new,CHA,NOP,0.01859631138265737
2021-22,new,CHA,NYK,0.01097280067084284
2021-22,new,CHA,OKC,0.015434805978982231
2021-22,new,CHA,ORL,0.0035807991406885263
2021-22,new,CHA,PHI,0.0
2021-22,new,CHA,PHX,0.0
2021-22,new,CHA,POR,0.014029166659825757
2021-22,new,CHA,SAC,0.002681462424579416
2021-22,new,CHA,SAS,0.10549532282512453
2021-22,new,CHA,TOR,0.05766058428442871
2021-22,new,CHA,UTA,0.0011657010327197367
2021-22,new,CHA,WAS,0.03993541441430448
2021-22,new,CHI,ATL,0.018171564207344382
2021-22,new,CHI,BKN,0.09231175572556011
2021-22,new,CHI,BOS,0.0034235847830412416
2021-22,new,CHI,CHA,0.04113181191498591
2021-22,new,CHI,CLE,0.08877984388846712
2021-22,new,CHI,DAL,0.06177829458095459
2021-22,new,CHI,DEN,0.06225079203528256
2021-22,new,CHI,DET,0.0014449138593105577
2021-22,new,CHI,GSW,0.03480306081093449
2021-22,new,CHI,HOU,0.07988793136730614
2021-22,new,CHI,IND,0.08307586116872133
2021-22,new,CHI,LAC,0.0
2021-22,new,CHI,LAL,0.0
2021-22,new,CHI,MEM,0.1122526419631234
2021-22,new,CHI,MIA,0.019207166176999857
2021-22,new,CHI,MIL,0.05076389140816573
2021-22,new,CHI,MIN,0.06314255650589408
2021-22,new,CHI,NOP,0.021810304407052304
2021-22,new,CHI,NYK,0.0029515790270940507
2021-22,new,CHI,OKC,0.01524720387352462
2021-22,new,CHI,ORL,0.0020135854141295805
2021-22,new,CHI,PHI,0.0
2021-22,new,CHI,PHX,0.0
2021-22,new,CHI,POR,0.01906279024042219
2021-22,new,CHI,SAC,0.0029564829662858845
2021-22,new,CHI,SAS,0.1254404519240644
2021-22,new,CHI,TOR,0.0798767936062109
2021-22,new,CHI,UTA,3.8273072340417644e-05
2021-22,new,CHI,WAS,0.007892493361566414
2021-22,new,CLE,ATL,0.3114327291512209
2021-22,new,CLE,BKN,0.16892007426701552
2021-22,new,CLE,BOS,0.007016015157873787
2021-22,new,CLE,CHA,0.1005927422054278
2021-22,new,CLE,CHI,0.11632792003061114
2021-22,new,CLE,DAL,0.06052876580404433
2021-22,new,CLE,DEN,0.04243893957048597
2021-22,new,CLE,DET,0.010901079426302454
2021-22,new,CLE,GSW,0.03639817736976994
2021-22,new,CLE,HOU,0.22798356728505842
2021-22,new,CLE,IND,0.7877976277608091
2021-22,new,CLE,LAC,0.0
2021-22,new,CLE,LAL,0.0
2021-22,new,CLE,MEM,0.06840868418101645
2021-22,new,CLE,MIA,0.02273275881150641
2021-22,new,CLE,MIL,0.06237463503503033
2021-22,new,CLE,MIN,0.04439013024388811
2021-22,new,CLE,NOP,0.0980757909995247
2021-22,new,CLE,NYK,0.019583774485813422
2021-22,new,CLE,OKC,0.03654196002971474
2021-22,new,CLE,ORL,0.011870190387743146
2021-22,new,CLE,PHI,0.0
2021-22,new,CLE,PHX,0.0
2021-22,new,CLE,POR,0.019848926544844846
2021-22,new,CLE,SAC,0.01881432949361371
2021-22,new,CLE,SAS,0.14699028580293488
2021-22,new,CLE,TOR,0.16986253921652747
2021-22,new,CLE,UTA,0.0009552112061738575
2021-22,new,CLE,WAS,0.02660085746699165
2021-22,new,DAL,ATL,0.04542319381930833
2021-22,new,DAL,BKN,0.15506336776684482
2021-22,new,DAL,BOS,0.00029576477581646696
2021-22,new,DAL,CHA,0.023490242027400687
2021-22,new,DAL,CHI,0.05478008332298463
2021-22,new,DAL,CLE,0.010329709135574775
2021-22,new,DAL,DEN,0.1032689243589601
2021-22,new,DAL,DET,0.0009527837127673664
2021-22,new,DAL,GSW,0.08573911964896966
2021-22,new,DAL,HOU,0.05701535538661872
2021-22,new,DAL,IND,0.06192290449143566
2021-22,new,DAL,LAC,0.0
2021-22,new,DAL,LAL,0.0
2021-22,new,DAL,MEM,0.211316836668152
2021-22,new,DAL,MIA,0.058602909820017826
2021-22,new,DAL,MIL,0.12169087768842973
2021-22,new,DAL,MIN,0.04916384874841571
2021-22,new,DAL,NOP,0.048627442155462795
2021-22,new,DAL,NYK,0.0017451412527441815
2021-22,new,DAL,OKC,0.011386917363112953
2021-22,new,DAL,ORL,0.0014583316189325083
2021-22,new,DAL,PHI,0.0
2021-22,new,DAL,PHX,0.0
2021-22,new,DAL,POR,0.010400949094353818
2021-22,new,DAL,SAC,0.0014992192810115053
2021-22,new,DAL,SAS,0.1448725373770037
2021-22,new,DAL,TOR,0.024542130708904868
2021-22,new,DAL,UTA,0.00195774854343761
2021-22,new,DAL,WAS,0.001907437709716283
2021-22,new,DEN,ATL,0.028966484153118276
2021-22,new,DEN,BKN,0.10329963184708342
2021-22,new,DEN,BOS,0.0006768723766021406
2021-22,new,DEN,CHA,0.018288276071512847
2021-22,new,DEN,CHI,0.08606709997465471
2021-22,new,DEN,CLE,0.025401985391071087
2021-22,new,DEN,DAL,0.08400393058390962
2021-22,new,DEN,DET,0.0022553428209611194
2021-22,new,DEN,GSW,0.023793951660836487
2021-22,new,DEN,HOU,0.04222737084893543
2021-22,new,DEN,IND,0.0611732096263263
2021-22,new,DEN,LAC,0.0
2021-22,new,DEN,LAL,0.0
2021-22,new,DEN,MEM,0.1288922559003425
2021-22,new,DEN,MIA,0.027734914059381416
2021-22,new,DEN,MIL,0.07454380313930861
2021-22,new,DEN,MIN,0.2974630492724043
2021-22,new,DEN,NOP,0.039089398200204434
2021-22,new,DEN,NYK,0.0010132352393542167
2021-22,new,DEN,OKC,0.014307290934486624
2021-22,new,DEN,ORL,0.0038770642682343127
2021-22,new,DEN,PHI,0.0
2021-22,new,DEN,PHX,0.0
2021-22,new,DEN,POR,0.005074549636634942
2021-22,new,DEN,SAC,0.0012277915018234658
2021-22,new,DEN,SAS,0.20490923820324333
2021-22,new,DEN,TOR,0.016502837661552968
2021-22,new,DEN,UTA,0.01085059616102156
2021-22,new,DEN,WAS,0.0008537972794535666
2021-22,new,DET,ATL,0.1335043198390203
2021-22,new,DET,BKN,0.1226764656723187
2021-22,new,DET,BOS,0.0027688646172814822
2021-22,new,DET,CHA,0.05032955266711975
2021-22,new,DET,CHI,0.03755545339971377
2021-22,new,DET,CLE,0.04565735245490081
2021-22,new,DET,DAL,0.048356349558417944
2021-22,new,DET,DEN,0.03146303015522038
2021-22,new,DET,GSW,0.034537337619549795
2021-22,new,DET,HOU,0.09857704817987818
2021-22,new,DET,IND,0.062284919658924985
2021-22,new,DET,LAC,0.0
2021-22,new,DET,LAL,0.0
2021-22,new,DET,MEM,0.03365423698864072
2021-22,new,DET,MIA,0.012505388130285327
2021-22,new,DET,MIL,0.058481666218048234
2021-22,new,DET,MIN,0.016660289434063995
2021-22,new,DET,NOP,0.01799995410690344
2021-22,new,DET,NYK,0.004658286659228854
2021-22,new,DET,OKC,0.034038099806350815
2021-22,new,DET,ORL,0.01123938279912058
2021-22,new,DET,PHI,0.0
2021-22,new,DET,PHX,0.0
2021-22,new,DET,POR,0.0035078915050369554
2021-22,new,DET,SAC,0.002485922210551443
2021-22,new,DET,SAS,0.18331765179823772
2021-22,new,DET,TOR,0.06511184727040369
2021-22,new,DET,UTA,5.958935120366543e-05
2021-22,new,DET,WAS,0.007372498892677545
2021-22,new,GSW,ATL,0.00560766737100182
2021-22,new,GSW,BKN,0.0940166194014179
2021-22,new,GSW,BOS,3.4797090634599265e-06
2021-22,new,GSW,CHA,0.01950928447306905
2021-22,new,GSW,CHI,0.04805296288179394
2021-22,new,GSW,CLE,0.007353032081338181
2021-22,new,GSW,DAL,0.11689082751070695
2021-22,new,GSW,DEN,0.04259880414365379
2021-22,new,GSW,DET,0.0012057352936645904
2021-22,new,GSW,HOU,0.012150323551694127
2021-22,new,GSW,IND,0.02265087794135668
2021-22,new,GSW,LAC,0.0
2021-22,new,GSW,LAL,0.0
2021-22,new,GSW,MEM,0.14514538400160173
2021-22,new,GSW,MIA,0.10258943999876621
2021-22,new,GSW,MIL,0.1053020464170976
2021-22,new,GSW,MIN,0.05002915509262892
2021-22,new,GSW,NOP,0.05661990584483693
2021-22,new,GSW,NYK,0.0005952265858141582
2021-22,new,GSW,OKC,0.03776569770544847
2021-22,new,GSW,ORL,7.058297827479827e-05
2021-22,new,GSW,PHI,0.0
2021-22,new,GSW,PHX,0.0
2021-22,new,GSW,POR,0.021568901964317714
2021-22,new,GSW,SAC,0.000878119029605651
2021-22,new,GSW,SAS,0.12547750906677768
2021-22,new,GSW,TOR,0.005511900782108532
2021-22,new,GSW,UTA,0.0010096659743533503
2021-22,new,GSW,WAS,0.00023981697202217375
2021-22,new,HOU,ATL,0.06246972801534213
2021-22,new,HOU,BKN,0.028497992442199773
2021-22,new,HOU,BOS,1.536557904724477e-06
2021-22,new,HOU,CHA,0.10910456214526315
2021-22,new,HOU,CHI,0.04201513226343679
2021-22,new,HOU,CLE,0.08842376468583622
2021-22,new,HOU,DAL,0.01658575694506664
2021-22,new,HOU,DEN,0.050792925741495666
2021-22,new,HOU,DET,0.003848606113272811
2021-22,new,HOU,GSW,0.02303784138906566
2021-22,new,HOU,IND,0.07169412012596205
2021-22,new,HOU,LAC,0.0
2021-22,new,HOU,LAL,0.0
2021-22,new,HOU,MEM,0.1437013046760161
2021-22,new,HOU,MIA,0.020154094951596622
2021-22,new,HOU,MIL,0.02436271980273694
2021-22,new,HOU,MIN,0.03520767237982202
2021-22,new,HOU,NOP,0.08560461837974497
2021-22,new,HOU,NYK,0.001198269148134366
2021-22,new,HOU,OKC,0.057051566301448364
2021-22,new,HOU,ORL,0.004986066966549947
2021-22,new,HOU,PHI,0.0
2021-22,new,HOU,PHX,0.0
2021-22,new,HOU,POR,0.03050099601582542
2021-22,new,HOU,SAC,0.0022081746025046775
2021-22,new,HOU,SAS,0.06915714608762576
2021-22,new,HOU,TOR,6.397183802552833e-05
2021-22,new,HOU,UTA,0.005021382040252721
2021-22,new,HOU,WAS,0.001215399357680019
2021-22,new,IND,ATL,0.027961069323750497
2021-22,new,IND,BKN,0.10064501106201627
2021-22,new,IND,BOS,0.0012234073289833162
2021-22,new,IND,CHA,0.07994053730017997
2021-22,new,IND,CHI,0.04190189553072037
2021-22,new,IND,CLE,0.05330327605256785
2021-22,new,IND,DAL,0.0309426300727305
2021-22,new,IND,DEN,0.02869528486258916
2021-22,new,IND,DET,0.002125391426053632
2021-22,new,IND,GSW,0.029002959524191546
2021-22,new,IND,HOU,0.09008809272982662
2021-22,new,IND,LAC,0.0
2021-22,new,IND,LAL,0.0
2021-22,new,IND,MEM,0.041134166257345874
2021-22,new,IND,MIA,0.016574622910521954
2021-22,new,IND,MIL,0.031439515052545976
2021-22,new,IND,MIN,0.02750486419786107
2021-22,new,IND,NOP,0.031161780548978668
2021-22,new,IND,NYK,0.0032872144196134383
2021-22,new,IND,OKC,0.008039136372004112
2021-22,new,IND,ORL,0.002518414889959374
2021-22,new,IND,PHI,0.0
2021-22,new,IND,PHX,0.0
2021-22,new,IND,POR,0.006154644801666709
2021-22,new,IND,SAC,0.0013803839481136486
2021-22,new,IND,SAS,0.13290196077417424
2021-22,new,IND,TOR,0.025192033502764014
2021-22,new,IND,UTA,0.001498272786700814
2021-22,new,IND,WAS,0.0016483034984433483
2021-22,new,LAC,ATL,0.021432615057388263
2021-22,new,LAC,BKN,0.06306089514981952
2021-22,new,LAC,BOS,0.001251086031065021
2021-22,new,LAC,CHA,0.0752869234453842
2021-22,new,LAC,CHI,0.03724833207040891
2021-22,new,LAC,CLE,0.025102434876416373
2021-22,new,LAC,DAL,0.03663460169592502
2021-22,new,LAC,DEN,0.039489014412259556
2021-22,new,LAC,DET,0.002105592702040864
2021-22,new,LAC,GSW,0.01853727094110519
2021-22,new,LAC,HOU,0.02753098084083518
2021-22,new,LAC,IND,0.016095145034190066
2021-22,new,LAC,LAL,0.0
2021-22,new,LAC,MEM,0.16661566667091676
2021-22,new,LAC,MIA,0.02355926748838854
2021-22,new,LAC,MIL,0.02812941822549171
2021-22,new,LAC,MIN,0.07843899666221858
2021-22,new,LAC,NOP,0.14202538312670765
2021-22,new,LAC,NYK,0.002568715850995628
2021-22,new,LAC,OKC,0.197025737799089
2021-22,new,LAC,ORL,0.001557718577057776
2021-22,new,LAC,PHI,0.0
2021-22,new,LAC,PHX,0.0
2021-22,new,LAC,POR,0.09338830194318344
2021-22,new,LAC,SAC,0.001400268429066608
2021-22,new,LAC,SAS,0.06694272338953533
2021-22,new,LAC,TOR,0.03288799520322516
2021-22,new,LAC,UTA,0.0019717147327158284
2021-22,new,LAC,WAS,0.002365241852998659
2021-22,new,LAL,ATL,0.012114515467625667
2021-22,new,LAL,BKN,0.08132346796210593
2021-22,new,LAL,BOS,0.0007455188992892367
2021-22,new,LAL,CHA,0.0740951961998049
2021-22,new,LAL,CHI,0.08862712549509949
2021-22,new,LAL,CLE,0.031237264874816116
2021-22,new,LAL,DAL,0.033578393322018736
2021-22,new,LAL,DEN,0.045952300820318544
2021-22,new,LAL,DET,0.003131460500520315
2021-22,new,LAL,GSW,0.018084747600705806
2021-22,new,LAL,HOU,0.011908405190554517
2021-22,new,LAL,IND,0.02990578865552747
2021-22,new,LAL,LAC,0.0
2021-22,new,LAL,MEM,0.3591010002770172
2021-22,new,LAL,MIA,0.02313604563099316
2021-22,new,LAL,MIL,0.0406443265874861
2021-22,new,LAL,MIN,0.059233293048401185
2021-22,new,LAL,NOP,0.38539008268999086
2021-22,new,LAL,NYK,0.0015837737765684288
2021-22,new,LAL,OKC,0.05716207213682907
2021-22,new,LAL,ORL,0.0005856442344491799
2021-22,new,LAL,PHI,0.0
2021-22,new,LAL,PHX,0.0
2021-22,new,LAL,POR,0.11410805692159497
2021-22,new,LAL,SAC,0.003523850101189162
2021-22,new,LAL,SAS,0.09470197726705878
2021-22,new,LAL,TOR,0.01172162946941892
2021-22,new,LAL,UTA,0.0034023271406872528
2021-22,new,LAL,WAS,0.0008911240630505827
2021-22,new,MEM,ATL,0.022618145499471422
2021-22,new,MEM,BKN,0.05159680312986164
2021-22,new,MEM,BOS,6.284258687345372e-05
2021-22,new,MEM,CHA,0.045202600212061975
2021-22,new,MEM,CHI,0.03245471387319101
2021-22,new,MEM,CLE,0.02559736082974529
2021-22,new,MEM,DAL,0.037616346144375944
2021-22,new,MEM,DEN,0.030710971298921738
2021-22,new,MEM,DET,0.0015199199723216344
2021-22,new,MEM,GSW,0.0715975626453042
2021-22,new,MEM,HOU,0.060182920320437226
2021-22,new,MEM,IND,0.016683657786204606
2021-22,new,MEM,LAC,0.0
2021-22,new,MEM,LAL,0.0
2021-22,new,MEM,MIA,0.0757079741961708
2021-22,new,MEM,MIL,0.034156346905289625
2021-22,new,MEM,MIN,0.03144075620527662
2021-22,new,MEM,NOP,0.04767620640159365
2021-22,new,MEM,NYK,0.0008371505544396502
2021-22,new,MEM,OKC,0.017029309493577793
2021-22,new,MEM,ORL,0.002228557556805174
2021-22,new,MEM,PHI,0.0
2021-22,new,MEM,PHX,0.0
2021-22,new,MEM,POR,0.012037657959862997
2021-22,new,MEM,SAC,0.0015285386574728078
2021-22,new,MEM,SAS,0.11449655195418244
2021-22,new,MEM,TOR,0.018410741420603068
2021-22,new,MEM,UTA,0.0005143205067107877
2021-22,new,MEM,WAS,0.0016407092304226824
2021-22,new,MIA,ATL,0.07262813199866897
2021-22,new,MIA,BKN,0.11649762603507419
2021-22,new,MIA,BOS,0.002183683001794791
2021-22,new,MIA,CHA,0.04202602601683959
2021-22,new,MIA,CHI,0.03803624207945951
2021-22,new,MIA,CLE,0.12530255670055127
2021-22,new,MIA,DAL,0.07019258652305288
2021-22,new,MIA,DEN,0.05538994073808703
2021-22,new,MIA,DET,0.0028848681114668345
2021-22,new,MIA,GSW,0.10890223986601197
2021-22,new,MIA,HOU,0.16081384661838272
2021-22,new,MIA,IND,0.10483382551774711
2021-22,new,MIA,LAC,0.0
2021-22,new,MIA,LAL,0.0
2021-22,new,MIA,MEM,0.10782097286074563
2021-22,new,MIA,MIL,0.06165070474905427
2021-22,new,MIA,MIN,0.025922726897731552
2021-22,new,MIA,NOP,0.016074194078800726
2021-22,new,MIA,NYK,0.0023487130847684922
2021-22,new,MIA,OKC,0.008796008874057725
2021-22,new,MIA,ORL,0.0032249573477158467
2021-22,new,MIA,PHI,0.0
2021-22,new,MIA,PHX,0.0
2021-22,new,MIA,POR,0.006984222236149254
2021-22,new,MIA,SAC,0.0018779900014774026
2021-22,new,MIA,SAS,0.15656069835013237
2021-22,new,MIA,TOR,0.029574262281390967
2021-22,new,MIA,UTA,0.0009599934406737407
2021-22,new,MIA,WAS,0.00892904765632205
2021-22,new,MIL,ATL,0.1864057908750251
2021-22,new,MIL,BKN,0.18617489044182486
2021-22,new,MIL,BOS,0.0036812301409984843
2021-22,new,MIL,CHA,0.05179622722780762
2021-22,new,MIL,CHI,0.0382091974684097
2021-22,new,MIL,CLE,0.045447230651232635
2021-22,new,MIL,DAL,0.10964210064122756
2021-22,new,MIL,DEN,0.06977235385170774
2021-22,new,MIL,DET,0.003811939756572425
2021-22,new,MIL,GSW,0.06684594877568276
2021-22,new,MIL,HOU,0.11818642299668462
2021-22,new,MIL,IND,0.22270165671807493
2021-22,new,MIL,LAC,0.0
2021-22,new,MIL,LAL,0.0
2021-22,new,MIL,MEM,0.11164820196199127
2021-22,new,MIL,MIA,0.046547952960566456
2021-22,new,MIL,MIN,0.02539871200709007
2021-22,new,MIL,NOP,0.033720462973643256
2021-22,new,MIL,NYK,0.00522130302228226
2021-22,new,MIL,OKC,0.020434578115356657
2021-22,new,MIL,ORL,0.0035806654908713607
2021-22,new,MIL,PHI,0.0
2021-22,new,MIL,PHX,0.0
2021-22,new,MIL,POR,0.010577292892837742
2021-22,new,MIL,SAC,0.005256509753373009
2021-22,new,MIL,SAS,0.17093274968766015
2021-22,new,MIL,TOR,0.06354387991776808
2021-22,new,MIL,UTA,0.0008856239254721951
2021-22,new,MIL,WAS,0.013150992188727503
2021-22,new,MIN,ATL,0.02502485267243958
2021-22,new,MIN,BKN,0.07821667263508501
2021-22,new,MIN,BOS,0.0028929449801901996
2021-22,new,MIN,CHA,0.01230857786703282
2021-22,new,MIN,CHI,0.08060307749323486
2021-22,new,MIN,CLE,0.019799172116916237
2021-22,new,MIN,DAL,0.044261302002904145
2021-22,new,MIN,DEN,0.222759557543049
2021-22,new,MIN,DET,0.0026595770860139644
2021-22,new,MIN,GSW,0.03133622108109678
2021-22,new,MIN,HOU,0.02369881504697019
2021-22,new,MIN,IND,0.07344687593221376
2021-22,new,MIN,LAC,0.0
2021-22,new,MIN,LAL,0.0
2021-22,new,MIN,MEM,0.0920721220207724
2021-22,new,MIN,MIA,0.027769935545310823
2021-22,new,MIN,MIL,0.04214048773462881
2021-22,new,MIN,NOP,0.06949950465097536
2021-22,new,MIN,NYK,0.0011895497932105762
2021-22,new,MIN,OKC,0.03848531592898657
2021-22,new,MIN,ORL,0.0010193986889279658
2021-22,new,MIN,PHI,0.0
2021-22,new,MIN,PHX,0.0
2021-22,new,MIN,POR,0.021883099713853243
2021-22,new,MIN,SAC,0.0015662438828124186
2021-22,new,MIN,SAS,0.14940866828134408
2021-22,new,MIN,TOR,0.01148607389311381
2021-22,new,MIN,UTA,0.03220024272503997
2021-22,new,MIN,WAS,0.004151928326476842
2021-22,new,NOP,ATL,0.010021635862610736
2021-22,new,NOP,BKN,0.019052548224233384
2021-22,new,NOP,BOS,0.0018896272979372854
2021-22,new,NOP,CHA,0.17216656437372832
2021-22,new,NOP,CHI,0.04688239012170155
2021-22,new,NOP,CLE,0.013506391904501721
2021-22,new,NOP,DAL,0.028838589058977834
2021-22,new,NOP,DEN,0.016417394692163845
2021-22,new,NOP,DET,0.00044243545043308073
2021-22,new,NOP,GSW,0.013663526383675764
2021-22,new,NOP,HOU,0.041511045561497234
2021-22,new,NOP,IND,0.014382907338672313
2021-22,new,NOP,LAC,0.0
2021-22,new,NOP,LAL,0.0
2021-22,new,NOP,MEM,0.1404524760007353
2021-22,new,NOP,MIA,0.01756276951635112
2021-22,new,NOP,MIL,0.02936694816869146
2021-22,new,NOP,MIN,0.0245746404143015
2021-22,new,NOP,NYK,0.002685115503062743
2021-22,new,NOP,OKC,0.057527084885625954
2021-22,new,NOP,ORL,0.0003466056467955027
2021-22,new,NOP,PHI,0.0
2021-22,new,NOP,PHX,0.0
2021-22,new,NOP,POR,0.0740969770707623
2021-22,new,NOP,SAC,0.0026028099372648454
2021-22,new,NOP,SAS,0.055721835225247464
2021-22,new,NOP,TOR,0.019001870946089017
2021-22,new,NOP,UTA,0.0003557764318434493
2021-22,new,NOP,WAS,0.0043827401511020185
2021-22,new,NYK,ATL,0.11034972751385039
2021-22,new,NYK,BKN,0.08243048931014624
2021-22,new,NYK,BOS,0.0011788727442199024
2021-22,new,NYK,CHA,0.056849923175172797
2021-22,new,NYK,CHI,0.02748867502951131
2021-22,new,NYK,CLE,0.06632181772099432
2021-22,new,NYK,DAL,0.023674891757250086
2021-22,new,NYK,DEN,0.04650942538338346
2021-22,new,NYK,DET,0.0016875315174488038
2021-22,new,NYK,GSW,0.02351299197053308
2021-22,new,NYK,HOU,0.20428502112354058
2021-22,new,NYK,IND,0.09823154695884773
2021-22,new,NYK,LAC,0.0
2021-22,new,NYK,LAL,0.0
2021-22,new,NYK,MEM,0.09522456672154755
2021-22,new,NYK,MIA,0.014738416128795883
2021-22,new,NYK,MIL,0.027306499967039367
2021-22,new,NYK,MIN,0.018520415499037497
2021-22,new,NYK,NOP,0.02640027791124629
2021-22,new,NYK,OKC,0.018761449570160592
2021-22,new,NYK,ORL,0.0027452881830314175
2021-22,new,NYK,PHI,0.0
2021-22,new,NYK,PHX,0.0
2021-22,new,NYK,POR,0.004520027322205083
2021-22,new,NYK,SAC,0.0023047405421724675
2021-22,new,NYK,SAS,0.07923129006807375
2021-22,new,NYK,TOR,0.0307421075347694
2021-22,new,NYK,UTA,0.0003202155838681162
2021-22,new,NYK,WAS,0.00918896868737853
2021-22,new,OKC,ATL,0.14097126149800668
2021-22,new,OKC,BKN,0.023983437861194706
2021-22,new,OKC,BOS,2.514148565884672e-05
2021-22,new,OKC,CHA,0.015857236105714274
2021-22,new,OKC,CHI,0.028128754648116573
2021-22,new,OKC,CLE,0.017487316485262767
2021-22,new,OKC,DAL,0.032569456284320904
2021-22,new,OKC,DEN,0.04317451145148767
2021-22,new,OKC,DET,0.032399258451160685
2021-22,new,OKC,GSW,0.021873062823037092
2021-22,new,OKC,HOU,0.030422683366883446
2021-22,new,OKC,IND,0.030099520357134528
2021-22,new,OKC,LAC,0.0
2021-22,new,OKC,LAL,0.0
2021-22,new,OKC,MEM,0.09774043932030796
2021-22,new,OKC,MIA,0.010436691898262485
2021-22,new,OKC,MIL,0.022752645149112054
2021-22,new,OKC,MIN,0.037925959506013886
2021-22,new,OKC,NOP,0.020225835129309352
2021-22,new,OKC,NYK,0.002916483893960642
2021-22,new,OKC,ORL,0.019456135920403465
2021-22,new,OKC,PHI,0.0
2021-22,new,OKC,PHX,0.0
2021-22,new,OKC,POR,0.008637182550620943
2021-22,new,OKC,SAC,0.002239938324061893
2021-22,new,OKC,SAS,0.08374308019606115
2021-22,new,OKC,TOR,0.002652430866260746
2021-22,new,OKC,UTA,0.0022418411998426564
2021-22,new,OKC,WAS,0.004760011646244923
2021-22,new,ORL,ATL,0.11202817436201445
2021-22,new,ORL,BKN,0.05061655465925749
2021-22,new,ORL,BOS,0.0011551637458155656
2021-22,new,ORL,CHA,0.03983133993712713
2021-22,new,ORL,CHI,0.03335497180715835
2021-22,new,ORL,CLE,0.028096736350527715
2021-22,new,ORL,DAL,0.020687192465528872
2021-22,new,ORL,DEN,0.022012166070068364
2021-22,new,ORL,DET,0.007858898794170397
2021-22,new,ORL,GSW,0.016350349800185234
2021-22,new,ORL,HOU,0.09183836272142923
2021-22,new,ORL,IND,0.11431692959124508
2021-22,new,ORL,LAC,0.0
2021-22,new,ORL,LAL,0.0
2021-22,new,ORL,MEM,0.028664632669868035
2021-22,new,ORL,MIA,0.013897629397969439
2021-22,new,ORL,MIL,0.018438997167091156
2021-22,new,ORL,MIN,0.017738017006853755
2021-22,new,ORL,NOP,0.011267578372854942
2021-22,new,ORL,NYK,0.003772885651712661
2021-22,new,ORL,OKC,0.01828247410078048
2021-22,new,ORL,PHI,0.0
2021-22,new,ORL,PHX,0.0
2021-22,new,ORL,POR,0.0028129642860727395
2021-22,new,ORL,SAC,0.0032282597062014613
2021-22,new,ORL,SAS,0.07071988989425167
2021-22,new,ORL,TOR,0.03049342240976563
2021-22,new,ORL,UTA,0.0007808420672607861
2021-22,new,ORL,WAS,0.007166544224109022
2021-22,new,PHI,ATL,0.08092961478212354
2021-22,new,PHI,BKN,0.9875514077677422
2021-22,new,PHI,BOS,0.002230232610286166
2021-22,new,PHI,CHA,0.021215491938703087
2021-22,new,PHI,CHI,0.05795782533517971
2021-22,new,PHI,CLE,0.04897602368531128
2021-22,new,PHI,DAL,0.11509508206845229
2021-22,new,PHI,DEN,0.07119666313779703
2021-22,new,PHI,DET,0.002025566926847135
2021-22,new,PHI,GSW,0.08859647336995101
2021-22,new,PHI,HOU,0.08137311435810388
2021-22,new,PHI,IND,0.09012545153446941
2021-22,new,PHI,LAC,0.0
2021-22,new,PHI,LAL,0.0
2021-22,new,PHI,MEM,0.08898621610891715
2021-22,new,PHI,MIA,0.059070852055788395
2021-22,new,PHI,MIL,0.10800259423772261
2021-22,new,PHI,MIN,0.03386417803107975
2021-22,new,PHI,NOP,0.031711384417797875
2021-22,new,PHI,NYK,0.0030724760855935025
2021-22,new,PHI,OKC,0.02143980061710128
2021-22,new,PHI,ORL,0.001738591345806782
2021-22,new,PHI,PHX,0.0
2021-22,new,PHI,POR,0.013752456588367386
2021-22,new,PHI,SAC,0.0025433700327934824
2021-22,new,PHI,SAS,0.22750314742834357
2021-22,new,PHI,TOR,0.05927502269280295
2021-22,new,PHI,UTA,0.0012414877923738435
2021-22,new,PHI,WAS,0.004759528690088845
2021-22,new,PHX,ATL,0.021927920831155787
2021-22,new,PHX,BKN,0.06158297935309801
2021-22,new,PHX,BOS,0.00044022731204538103
2021-22,new,PHX,CHA,0.021624058720063538
2021-22,new,PHX,CHI,0.037387837434202736
2021-22,new,PHX,CLE,0.015481617898717227
2021-22,new,PHX,DAL,0.03182687452151179
2021-22,new,PHX,DEN,0.05312744152042059
2021-22,new,PHX,DET,0.005031501761637842
2021-22,new,PHX,GSW,0.01564597009427923
2021-22,new,PHX,HOU,0.010007273767500765
2021-22,new,PHX,IND,0.013296342269060898
2021-22,new,PHX,LAC,0.0
2021-22,new,PHX,LAL,0.0
2021-22,new,PHX,MEM,0.12686325789004554
2021-22,new,PHX,MIA,0.018155172560765435
2021-22,new,PHX,MIL,0.024749600948991552
2021-22,new,PHX,MIN,0.028931158924724917
2021-22,new,PHX,NOP,0.04704933315558981
2021-22,new,PHX,NYK,0.0003835174218819331
2021-22,new,PHX,OKC,0.02416281151564446
2021-22,new,PHX,ORL,0.0012827042192784005
2021-22,new,PHX,PHI,0.0
2021-22,new,PHX,POR,0.017348050561176564
2021-22,new,PHX,SAC,0.0009953157566686421
2021-22,new,PHX,SAS,0.08691728142792657
2021-22,new,PHX,TOR,0.00792701810629887
2021-22,new,PHX,UTA,0.0012560567786546086
2021-22,new,PHX,WAS,0.0006656254393554024
2021-22,new,POR,ATL,0.044953004278814185
2021-22,new,POR,BKN,0.02703954646741284
2021-22,new,POR,BOS,0.0006597892430528125
2021-22,new,POR,CHA,0.04923085078120095
2021-22,new,POR,CHI,0.10398114404168354
2021-22,new,POR,CLE,0.016960873141261316
2021-22,new,POR,DAL,0.018329656621804972
2021-22,new,POR,DEN,0.044144751517346426
2021-22,new,POR,DET,0.00680870367842892
2021-22,new,POR,GSW,0.019376303166713744
2021-22,new,POR,HOU,0.05196201491436584
2021-22,new,POR,IND,0.024860139499799382
2021-22,new,POR,LAC,0.0
2021-22,new,POR,LAL,0.0
2021-22,new,POR,MEM,0.1728407456533897
2021-22,new,POR,MIA,0.01013900874022009
2021-22,new,POR,MIL,0.024935001312273736
2021-22,new,POR,MIN,0.007747865822547217
2021-22,new,POR,NOP,0.22636652157805304
2021-22,new,POR,NYK,0.001195174568300667
2021-22,new,POR,OKC,0.01833730231752322
2021-22,new,POR,ORL,0.0042500659624951165
2021-22,new,POR,PHI,0.0
2021-22,new,POR,PHX,0.0
2021-22,new,POR,SAC,0.00455099411411061
2021-22,new,POR,SAS,0.06533033931814419
2021-22,new,POR,TOR,0.012362706805183556
2021-22,new,POR,UTA,0.0010268809320904569
2021-22,new,POR,WAS,0.001035462044847303
2021-22,new,SAC,ATL,0.017820333699587205
2021-22,new,SAC,BKN,0.05107476619295335
2021-22,new,SAC,BOS,0.0015643467560403025
2021-22,new,SAC,CHA,0.02153538544975887
2021-22,new,SAC,CHI,0.03170650314467508
2021-22,new,SAC,CLE,0.005640601428369419
2021-22,new,SAC,DAL,0.0513950776457124
2021-22,new,SAC,DEN,0.03334195851807358
2021-22,new,SAC,DET,0.0017130454749889998
2021-22,new,SAC,GSW,0.016444648627612586
2021-22,new,SAC,HOU,0.03137769399427583
2021-22,new,SAC,IND,0.022151627496331497
2021-22,new,SAC,LAC,0.0
2021-22,new,SAC,LAL,0.0
2021-22,new,SAC,MEM,0.08937197365645225
2021-22,new,SAC,MIA,0.018857489480167338
2021-22,new,SAC,MIL,0.05060108854434616
2021-22,new,SAC,MIN,0.033255474674144164
2021-22,new,SAC,NOP,0.022818436678101104
2021-22,new,SAC,NYK,0.0014543772630807035
2021-22,new,SAC,OKC,0.006124527082044481
2021-22,new,SAC,ORL,0.0008566078340376093
2021-22,new,SAC,PHI,0.0
2021-22,new,SAC,PHX,0.0
2021-22,new,SAC,POR,0.011257967436070956
2021-22,new,SAC,SAS,0.09281817063484529
2021-22,new,SAC,TOR,0.012865207010396767
2021-22,new,SAC,UTA,0.00036638289806375206
2021-22,new,SAC,WAS,0.002945053994501023
2021-22,new,SAS,ATL,0.029234823296325395
2021-22,new,SAS,BKN,0.04029641084791132
2021-22,new,SAS,BOS,0.001105164321257074
2021-22,new,SAS,CHA,0.05716288557656503
2021-22,new,SAS,CHI,0.053095901362672906
2021-22,new,SAS,CLE,0.007636975813031533
2021-22,new,SAS,DAL,0.028973965875677674
2021-22,new,SAS,DEN,0.035085146916309616
2021-22,new,SAS,DET,0.0020577572233152147
2021-22,new,SAS,GSW,0.018809007381061497
2021-22,new,SAS,HOU,0.019590248119904948
2021-22,new,SAS,IND,0.012163597091493854
2021-22,new,SAS,LAC,0.0
2021-22,new,SAS,LAL,0.0
2021-22,new,SAS,MEM,0.17043360806559235
2021-22,new,SAS,MIA,0.015500538879001899
2021-22,new,SAS,MIL,0.05029453576825412
2021-22,new,SAS,MIN,0.03000368008891227
2021-22,new,SAS,NOP,0.24714898268385568
2021-22,new,SAS,NYK,0.0008716566041847705
2021-22,new,SAS,OKC,0.01731833938038702
2021-22,new,SAS,ORL,0.0033666504890596852
2021-22,new,SAS,PHI,0.0
2021-22,new,SAS,PHX,0.0
2021-22,new,SAS,POR,0.07835370761817209
2021-22,new,SAS,SAC,0.0033082274213215696
2021-22,new,SAS,TOR,0.008981396130935565
2021-22,new,SAS,UTA,0.0015933189063823334
2021-22,new,SAS,WAS,0.0042763652923462755
2021-22,new,TOR,ATL,0.0603446497105619
2021-22,new,TOR,BKN,0.12185120402413081
2021-22,new,TOR,BOS,0.0099675002031658
2021-22,new,TOR,CHA,0.06433832591815278
2021-22,new,TOR,CHI,0.12220975135098056
2021-22,new,TOR,CLE,0.21548624183306572
2021-22,new,TOR,DAL,0.051942149248303614
2021-22,new,TOR,DEN,0.10646904727924315
2021-22,new,TOR,DET,0.002686115279260403
2021-22,new,TOR,GSW,0.030197634243122277
2021-22,new,TOR,HOU,0.1831376624226787
2021-22,new,TOR,IND,0.07821772302153146
2021-22,new,TOR,LAC,0.0
2021-22,new,TOR,LAL,0.0
2021-22,new,TOR,MEM,0.11763033129415326
2021-22,new,TOR,MIA,0.014227370754614924
2021-22,new,TOR,MIL,0.07566992222407552
2021-22,new,TOR,MIN,0.06082052836904587
2021-22,new,TOR,NOP,0.06155629524217045
2021-22,new,TOR,NYK,0.004815997427258042
2021-22,new,TOR,OKC,0.02000929702334403
2021-22,new,TOR,ORL,0.0025087485589272013
2021-22,new,TOR,PHI,0.0
2021-22,new,TOR,PHX,0.0
2021-22,new,TOR,POR,0.023280170889302343
2021-22,new,TOR,SAC,0.004212503160334322
2021-22,new,TOR,SAS,0.39047339820208293
2021-22,new,TOR,UTA,0.00601702469292866
2021-22,new,TOR,WAS,0.014527126668435027
2021-22,new,UTA,ATL,0.03149592939928031
2021-22,new,UTA,BKN,0.07182927428885738
2021-22,new,UTA,BOS,0.0002900967776607472
2021-22,new,UTA,CHA,0.035554342052312664
2021-22,new,UTA,CHI,0.06747410711822081
2021-22,new,UTA,CLE,0.01330739499996744
2021-22,new,UTA,DAL,0.07503343335485597
2021-22,new,UTA,DEN,0.152553598850638
2021-22,new,UTA,DET,0.00341719494504093
2021-22,new,UTA,GSW,0.03956602021699319
2021-22,new,UTA,HOU,0.05128502174308684
2021-22,new,UTA,IND,0.032232264473032034
2021-22,new,UTA,LAC,0.0
2021-22,new,UTA,LAL,0.0
2021-22,new,UTA,MEM,0.9548970486580115
2021-22,new,UTA,MIA,0.04282731735177644
2021-22,new,UTA,MIL,0.07577758617875092
2021-22,new,UTA,MIN,0.0744657559932624
2021-22,new,UTA,NOP,0.08408228290825562
2021-22,new,UTA,NYK,0.000593137110195673
2021-22,new,UTA,OKC,0.020895349925744332
2021-22,new,UTA,ORL,0.0011545419134721359
2021-22,new,UTA,PHI,0.0
2021-22,new,UTA,PHX,0.0
2021-22,new,UTA,POR,0.020613694356296692
2021-22,new,UTA,SAC,0.0013830050207289859
2021-22,new,UTA,SAS,0.1820393265215995
2021-22,new,UTA,TOR,0.011166232029425564
2021-22,new,UTA,WAS,0.00031920513036896625
2021-22,new,WAS,ATL,0.036138484196199784
2021-22,new,WAS,BKN,0.03875885590944539
2021-22,new,WAS,BOS,0.0032471786003135552
2021-22,new,WAS,CHA,0.08812836452669925
2021-22,new,WAS,CHI,0.034001683575396534
2021-22,new,WAS,CLE,0.14344169802331205
2021-22,new,WAS,DAL,0.03072350697226295
2021-22,new,WAS,DEN,0.035351463208376795
2021-22,new,WAS,DET,0.0016791097361694898
2021-22,new,WAS,GSW,0.018245083533559397
2021-22,new,WAS,HOU,0.11146551778014141
2021-22,new,WAS,IND,0.10305206832156065
2021-22,new,WAS,LAC,0.0
2021-22,new,WAS,LAL,0.0
2021-22,new,WAS,MEM,0.0756989411536247
2021-22,new,WAS,MIA,0.027550646708555646
2021-22,new,WAS,MIL,0.03475707989214304
2021-22,new,WAS,MIN,0.024358060273841665
2021-22,new,WAS,NOP,0.06489104989393674
2021-22,new,WAS,NYK,0.006924261670750994
2021-22,new,WAS,OKC,0.017628579297744872
2021-22,new,WAS,ORL,0.003375806157002135
2021-22,new,WAS,PHI,0.0
2021-22,new,WAS,PHX,0.0
2021-22,new,WAS,POR,0.027733402983201053
2021-22,new,WAS,SAC,0.0025773459728190146
2021-22,new,WAS,SAS,0.10419279327062445
2021-22,new,WAS,TOR,0.03224252912292672
2021-22,new,WAS,UTA,0.007365892157842416
2021-22,old,ATL,BKN,0.02450222719617339
2021-22,old,ATL,BOS,0.0003137806253002785
2021-22,old,ATL,CHA,0.17432048683483595
2021-22,old,ATL,CHI,0.044183403457264604
2021-22,old,ATL,CLE,0.3180150670599566
2021-22,old,ATL,DAL,0.029031065792181295
2021-22,old,ATL,DEN,0.0275768376607195
2021-22,old,ATL,DET,0.0018070331908824763
2021-22,old,ATL,GSW,0.0166368550426385
2021-22,old,ATL,HOU,0.16543345947990765
2021-22,old,ATL,IND,0.31968497743323265
2021-22,old,ATL,LAC,0.0
2021-22,old,ATL,LAL,0.0
2021-22,old,ATL,MEM,0.13824980550663876
2021-22,old,ATL,MIA,0.019532327873166652
2021-22,old,ATL,MIL,0.02639024057762037
2021-22,old,ATL,MIN,0.025003273014693673
2021-22,old,ATL,NOP,0.13393893160653209
2021-22,old,ATL,NYK,0.031144114459123483
2021-22,old,ATL,OKC,0.05235207855974266
2021-22,old,ATL,ORL,0.006771648138184626
2021-22,old,ATL,PHI,0.0
2021-22,old,ATL,PHX,0.0
2021-22,old,ATL,POR,0.021764774569577518
2021-22,old,ATL,SAC,0.005888184765798822
2021-22,old,ATL,SAS,0.14978265976702848
2021-22,old,ATL,TOR,0.07453281158956773
2021-22,old,ATL,UTA,9.717920675070262e-06
2021-22,old,ATL,WAS,0.04055546331649874
2021-22,old,BKN,ATL,0.14695395753253312
2021-22,old,BKN,BOS,0.0004853595751721828
2021-22,old,BKN,CHA,0.13833206730522027
2021-22,old,BKN,CHI,0.04043486856798236
2021-22,old,BKN,CLE,0.169364725719125
2021-22,old,BKN,DAL,0.040198595586754766
2021-22,old,BKN,DEN,0.03367309655756855
2021-22,old,BKN,DET,0.001344386704023565
2021-22,old,BKN,GSW,0.033526157095693336
2021-22,old,BKN,HOU,0.6664835665658403
2021-22,old,BKN,IND,0.2842856436789555
2021-22,old,BKN,LAC,0.0
2021-22,old,BKN,LAL,0.0
2021-22,old,BKN,MEM,0.14893026076614693
2021-22,old,BKN,MIA,0.023339439891680178
2021-22,old,BKN,MIL,0.03938986066242015
2021-22,old,BKN,MIN,0.021012024486219187
2021-22,old,BKN,NOP,0.13526961929011522
2021-22,old,BKN,NYK,0.009949484569019323
2021-22,old,BKN,OKC,0.032581165250233815
2021-22,old,BKN,ORL,0.004232927580425967
2021-22,old,BKN,PHI,0.0
2021-22,old,BKN,PHX,0.0
2021-22,old,BKN,POR,0.013676123873553445
2021-22,old,BKN,SAC,0.002607488487603738
2021-22,old,BKN,SAS,0.14981539640013897
2021-22,old,BKN,TOR,0.07034339774349509
2021-22,old,BKN,UTA,1.3548697066466848e-05
2021-22,old,BKN,WAS,0.0356543716141953
2021-22,old,BOS,ATL,0.014985113104895836
2021-22,old,BOS,BKN,0.12286765375451009
2021-22,old,BOS,CHA,0.014594048294814926
2021-22,old,BOS,CHI,0.062103408855962175
2021-22,old,BOS,CLE,0.029750250833408386
2021-22,old,BOS,DAL,0.07815237373034281
2021-22,old,BOS,DEN,0.07929138095829118
2021-22,old,BOS,DET,0.002073270759880487
2021-22,old,BOS,GSW,0.0419367070843016
2021-22,old,BOS,HOU,0.06649407357451151
2021-22,old,BOS,IND,0.047256734349731544
2021-22,old,BOS,LAC,0.0
2021-22,old,BOS,LAL,0.0
2021-22,old,BOS,MEM,0.11351909060869797
2021-22,old,BOS,MIA,0.03442995702261748
2021-22,old,BOS,MIL,0.08608113202365338
2021-22,old,BOS,MIN,0.05269345712116542
2021-22,old,BOS,NOP,0.02372602540875997
2021-22,old,BOS,NYK,0.012008281977752588
2021-22,old,BOS,OKC,0.010647219118133164
2021-22,old,BOS,ORL,0.00452420067815941
2021-22,old,BOS,PHI,0.0
2021-22,old,BOS,PHX,0.0
2021-22,old,BOS,POR,0.007335145623252906
2021-22,old,BOS,SAC,0.0036922006817965984
2021-22,old,BOS,SAS,0.9140542580062858
2021-22,old,BOS,TOR,0.03405137638052337
2021-22,old,BOS,UTA,0.00011280252145253893
2021-22,old,BOS,WAS,0.011371612221623962
2021-22,old,CHA,ATL,0.12737087744136383
2021-22,old,CHA,BKN,0.08218944749249411
2021-22,old,CHA,BOS,0.00035568168202101415
2021-22,old,CHA,CHI,0.035756751694481684
2021-22,old,CHA,CLE,0.1873162067467631
2021-22,old,CHA,DAL,0.036572651844436824
2021-22,old,CHA,DEN,0.03281549856002277
2021-22,old,CHA,DET,0.0015058367503822379
2021-22,old,CHA,GSW,0.025609822360673724
2021-22,old,CHA,HOU,0.19692968826114743
2021-22,old,CHA,IND,0.17137325606863418
2021-22,old,CHA,LAC,0.0
2021-22,old,CHA,LAL,0.0
2021-22,old,CHA,MEM,0.17730116457205153
2021-22,old,CHA,MIA,0.012529364361945572
2021-22,old,CHA,MIL,0.04026136349224944
2021-22,old,CHA,MIN,0.031288242239331056
2021-22,old,CHA,NOP,0.12228758811388767
2021-22,old,CHA,NYK,0.03372407821641664
2021-22,old,CHA,OKC,0.03552068499295491
2021-22,old,CHA,ORL,0.002363713438669006
2021-22,old,CHA,PHI,0.0
2021-22,old,CHA,PHX,0.0
2021-22,old,CHA,POR,0.04025318626648582
2021-22,old,CHA,SAC,0.004240950018452575
2021-22,old,CHA,SAS,0.12403652291635076
2021-22,old,CHA,TOR,0.03978854306852353
2021-22,old,CHA,UTA,5.241466745014051e-05
2021-22,old,CHA,WAS,0.047772429647747146
2021-22,old,CHI,ATL,0.015440100974810744
2021-22,old,CHI,BKN,0.0917145612772488
2021-22,old,CHI,BOS,0.0002760037910824892
2021-22,old,CHI,CHA,0.04536343925734824
2021-22,old,CHI,CLE,0.07735710765758991
2021-22,old,CHI,DAL,0.06165909825700393
2021-22,old,CHI,DEN,0.06348928779790994
2021-22,old,CHI,DET,0.00010752716947218077
2021-22,old,CHI,GSW,0.03481669474990622
2021-22,old,CHI,HOU,0.03780980657826273
2021-22,old,CHI,IND,0.09040852832238813
2021-22,old,CHI,LAC,0.0
2021-22,old,CHI,LAL,0.0
2021-22,old,CHI,MEM,0.1787080752629876
2021-22,old,CHI,MIA,0.019155172641742338
2021-22,old,CHI,MIL,0.050604035722613426
2021-22,old,CHI,MIN,0.08061536414760159
2021-22,old,CHI,NOP,0.08380212720274256
2021-22,old,CHI,NYK,0.015012973707017024
2021-22,old,CHI,OKC,0.021480462756251283
2021-22,old,CHI,ORL,0.0010626688914300568
2021-22,old,CHI,PHI,0.0
2021-22,old,CHI,PHX,0.0
2021-22,old,CHI,POR,0.03591679742557695
2021-22,old,CHI,SAC,0.003243698804161687
2021-22,old,CHI,SAS,0.1262913153547519
2021-22,old,CHI,TOR,0.03900844382806488
2021-22,old,CHI,UTA,6.051547868320283e-06
2021-22,old,CHI,WAS,0.018025142751074513
2021-22,old,CLE,ATL,0.11723078340670873
2021-22,old,CLE,BKN,0.16727687018509765
2021-22,old,CLE,BOS,0.00048150342497622304
2021-22,old,CLE,CHA,0.06369206402526517
2021-22,old,CLE,CHI,0.07709159888359594
2021-22,old,CLE,DAL,0.06160080406476555
2021-22,old,CLE,DEN,0.04602107575293966
2021-22,old,CLE,DET,0.002705634501962427
2021-22,old,CLE,GSW,0.03637637314304653
2021-22,old,CLE,HOU,0.1269991910305067
2021-22,old,CLE,IND,0.8839012483331793
2021-22,old,CLE,LAC,0.0
2021-22,old,CLE,LAL,0.0
2021-22,old,CLE,MEM,0.16708611978025636
2021-22,old,CLE,MIA,0.022706896741633655
2021-22,old,CLE,MIL,0.05507880142032963
2021-22,old,CLE,MIN,0.05330866046382066
2021-22,old,CLE,NOP,0.16652308568708546
2021-22,old,CLE,NYK,0.011139008307102915
2021-22,old,CLE,OKC,0.029696219788666583
2021-22,old,CLE,ORL,0.002373744021654305
2021-22,old,CLE,PHI,0.0
2021-22,old,CLE,PHX,0.0
2021-22,old,CLE,POR,0.022173009588073507
2021-22,old,CLE,SAC,0.00308043493711812
2021-22,old,CLE,SAS,0.11364526723947384
2021-22,old,CLE,TOR,0.08025888983465176
2021-22,old,CLE,UTA,4.5268264499549576e-05
2021-22,old,CLE,WAS,0.023500948882929654
2021-22,old,DAL,ATL,0.017906880573462146
2021-22,old,DAL,BKN,0.15530414596152958
2021-22,old,DAL,BOS,3.075026444065036e-05
2021-22,old,DAL,CHA,0.03305260250304353
2021-22,old,DAL,CHI,0.05735032426007841
2021-22,old,DAL,CLE,0.007699347931647016
2021-22,old,DAL,DEN,0.07449464607600513
2021-22,old,DAL,DET,0.0024082304798722027
2021-22,old,DAL,GSW,0.0857371718999812
2021-22,old,DAL,HOU,0.034413524064986066
2021-22,old,DAL,IND,0.06546878473085295
2021-22,old,DAL,LAC,0.0
2021-22,old,DAL,LAL,0.0
2021-22,old,DAL,MEM,0.38024602200117025
2021-22,old,DAL,MIA,0.05860452618867416
2021-22,old,DAL,MIL,0.12240547629075152
2021-22,old,DAL,MIN,0.02999896315765638
2021-22,old,DAL,NOP,0.25629880333441263
2021-22,old,DAL,NYK,0.01785702837915528
2021-22,old,DAL,OKC,0.014238536166046497
2021-22,old,DAL,ORL,0.0021488911795655456
2021-22,old,DAL,PHI,0.0
2021-22,old,DAL,PHX,0.0
2021-22,old,DAL,POR,0.03480969510930985
2021-22,old,DAL,SAC,0.005110692336047522
2021-22,old,DAL,SAS,0.12854684724536755
2021-22,old,DAL,TOR,0.01337331361651469
2021-22,old,DAL,UTA,8.536100149427245e-05
2021-22,old,DAL,WAS,0.029359558161651655
2021-22,old,DEN,ATL,0.016622118198051233
2021-22,old,DEN,BKN,0.10400115075694273
2021-22,old,DEN,BOS,5.2565848811861885e-05
2021-22,old,DEN,CHA,0.03364424027105371
2021-22,old,DEN,CHI,0.09901636817505251
2021-22,old,DEN,CLE,0.020313585404819333
2021-22,old,DEN,DAL,0.07397419403289424
2021-22,old,DEN,DET,0.0036906159435257553
2021-22,old,DEN,GSW,0.023653810415506894
2021-22,old,DEN,HOU,0.021747845089452437
2021-22,old,DEN,IND,0.055354715254789466
2021-22,old,DEN,LAC,0.0
2021-22,old,DEN,LAL,0.0
2021-22,old,DEN,MEM,0.18796721429297875
2021-22,old,DEN,MIA,0.02776293131554949
2021-22,old,DEN,MIL,0.0765550009430413
2021-22,old,DEN,MIN,0.11481764815182201
2021-22,old,DEN,NOP,0.11477458498499704
2021-22,old,DEN,NYK,0.017956193712403465
2021-22,old,DEN,OKC,0.017233380973614484
2021-22,old,DEN,ORL,0.003498253780694106
2021-22,old,DEN,PHI,0.0
2021-22,old,DEN,PHX,0.0
2021-22,old,DEN,POR,0.028018449774853602
2021-22,old,DEN,SAC,0.005307405639967464
2021-22,old,DEN,SAS,0.20229838621566695
2021-22,old,DEN,TOR,0.008365845771886147
2021-22,old,DEN,UTA,0.0004555741901779827
2021-22,old,DEN,WAS,0.01806543677948873
2021-22,old,DET,ATL,0.02724863624279603
2021-22,old,DET,BKN,0.12154157607777262
2021-22,old,DET,BOS,0.00023913811497635194
2021-22,old,DET,CHA,0.03288213785805752
2021-22,old,DET,CHI,0.03215053289533759
2021-22,old,DET,CLE,0.03382362380119896
2021-22,old,DET,DAL,0.04899724835886908
2021-22,old,DET,DEN,0.033084456932522766
2021-22,old,DET,GSW,0.034545259472995554
2021-22,old,DET,HOU,0.05313900745997669
2021-22,old,DET,IND,0.06583822941266652
2021-22,old,DET,LAC,0.0
2021-22,old,DET,LAL,0.0
2021-22,old,DET,MEM,0.11704985314759667
2021-22,old,DET,MIA,0.012448276054387076
2021-22,old,DET,MIL,0.05324749056703468
2021-22,old,DET,MIN,0.024182941873974677
2021-22,old,DET,NOP,0.13437859441653835
2021-22,old,DET,NYK,0.016639201406412153
2021-22,old,DET,OKC,0.04899864443221725
2021-22,old,DET,ORL,0.025938082908159996
2021-22,old,DET,PHI,0.0
2021-22,old,DET,PHX,0.0
2021-22,old,DET,POR,0.014783821124762892
2021-22,old,DET,SAC,0.006307796275253954
2021-22,old,DET,SAS,0.2043109775969948
2021-22,old,DET,TOR,0.03439949550738431
2021-22,old,DET,UTA,2.432053060651264e-06
2021-22,old,DET,WAS,0.013002916750632412
2021-22,old,GSW,ATL,0.007725949343243324
2021-22,old,GSW,BKN,0.09396680867191146
2021-22,old,GSW,BOS,3.287319815464998e-05
2021-22,old,GSW,CHA,0.023593382662244908
2021-22,old,GSW,CHI,0.05518732242797765
2021-22,old,GSW,CLE,0.006128685082427482
2021-22,old,GSW,DAL,0.1124373137043114
2021-22,old,GSW,DEN,0.03779240797427458
2021-22,old,GSW,DET,0.001754814289878475
2021-22,old,GSW,HOU,0.014380926627882526
2021-22,old,GSW,IND,0.026126895724125687
2021-22,old,GSW,LAC,0.0
2021-22,old,GSW,LAL,0.0
2021-22,old,GSW,MEM,0.2688425392628807
2021-22,old,GSW,MIA,0.10258512965588154
2021-22,old,GSW,MIL,0.10656101587231465
2021-22,old,GSW,MIN,0.028784261703941893
2021-22,old,GSW,NOP,0.22480827919584384
2021-22,old,GSW,NYK,0.0358434042566249
2021-22,old,GSW,OKC,0.04410691048732955
2021-22,old,GSW,ORL,1.3084160607777222e-05
2021-22,old,GSW,PHI,0.0
2021-22,old,GSW,PHX,0.0
2021-22,old,GSW,POR,0.05048220339407097
2021-22,old,GSW,SAC,0.004366198523301584
2021-22,old,GSW,SAS,0.12839265860476778
2021-22,old,GSW,TOR,0.0035596882863610686
2021-22,old,GSW,UTA,4.2183148502233465e-05
2021-22,old,GSW,WAS,0.028631733322633298
2021-22,old,HOU,ATL,0.020046800488802495
2021-22,old,HOU,BKN,0.028689442168700313
2021-22,old,HOU,BOS,6.260197167173863e-05
2021-22,old,HOU,CHA,0.07657754329395239
2021-22,old,HOU,CHI,0.05137963109916867
2021-22,old,HOU,CLE,0.09877311372655483
2021-22,old,HOU,DAL,0.015256650527060472
2021-22,old,HOU,DEN,0.03781036796719222
2021-22,old,HOU,DET,0.021720383817635438
2021-22,old,HOU,GSW,0.022956216623211678
2021-22,old,HOU,IND,0.0937375065140969
2021-22,old,HOU,LAC,0.0
2021-22,old,HOU,LAL,0.0
2021-22,old,HOU,MEM,0.25449646227266837
2021-22,old,HOU,MIA,0.020157327710265485
2021-22,old,HOU,MIL,0.025637922007312172
2021-22,old,HOU,MIN,0.024665334159300445
2021-22,old,HOU,NOP,0.2045322479363931
2021-22,old,HOU,NYK,0.019023738187112053
2021-22,old,HOU,OKC,0.07668909508635488
2021-22,old,HOU,ORL,0.0343754179714668
2021-22,old,HOU,PHI,0.0
2021-22,old,HOU,PHX,0.0
2021-22,old,HOU,POR,0.0630376778246334
2021-22,old,HOU,SAC,0.010284707296826555
2021-22,old,HOU,SAS,0.08906259230387097
2021-22,old,HOU,TOR,0.0004073885948015128
2021-22,old,HOU,UTA,0.00023924930888688956
2021-22,old,HOU,WAS,0.020617236565619805
2021-22,old,IND,ATL,0.011949186453244586
2021-22,old,IND,BKN,0.1002931375478398
2021-22,old,IND,BOS,8.56696154428464e-05
2021-22,old,IND,CHA,0.05007716924752801
2021-22,old,IND,CHI,0.04053360411358122
2021-22,old,IND,CLE,0.046233705560200004
2021-22,old,IND,DAL,0.03126461885346727
2021-22,old,IND,DEN,0.02979591477042607
2021-22,old,IND,DET,0.006337479977360908
2021-22,old,IND,GSW,0.029007057726209817
2021-22,old,IND,HOU,0.053812499779822484
2021-22,old,IND,LAC,0.0
2021-22,old,IND,LAL,0.0
2021-22,old,IND,MEM,0.0960585024374571
2021-22,old,IND,MIA,0.016558189734431173
2021-22,old,IND,MIL,0.030054345046275452
2021-22,old,IND,MIN,0.020987523762827295
2021-22,old,IND,NOP,0.1124647923031846
2021-22,old,IND,NYK,0.016302080132276787
2021-22,old,IND,OKC,0.029411532707449464
2021-22,old,IND,ORL,0.005712037916098694
2021-22,old,IND,PHI,0.0
2021-22,old,IND,PHX,0.0
2021-22,old,IND,POR,0.030349252511324885
2021-22,old,IND,SAC,0.042409005683308486
2021-22,old,IND,SAS,0.14720654102766165
2021-22,old,IND,TOR,0.012193979873723747
2021-22,old,IND,UTA,7.566730937812183e-05
2021-22,old,IND,WAS,0.00807933558795727
2021-22,old,LAC,ATL,0.03457120834427605
2021-22,old,LAC,BKN,0.06317552387489499
2021-22,old,LAC,BOS,0.00018006057812181773
2021-22,old,LAC,CHA,0.07783991443297596
2021-22,old,LAC,CHI,0.03982236195408532
2021-22,old,LAC,CLE,0.019249729507611307
2021-22,old,LAC,DAL,0.03439316981970584
2021-22,old,LAC,DEN,0.03442851239216521
2021-22,old,LAC,DET,0.0035902609077021605
2021-22,old,LAC,GSW,0.018395971698382682
2021-22,old,LAC,HOU,0.023009697963535823
2021-22,old,LAC,IND,0.028405936502977076
2021-22,old,LAC,LAL,0.0
2021-22,old,LAC,MEM,0.2854801091338998
2021-22,old,LAC,MIA,0.02357112093684103
2021-22,old,LAC,MIL,0.029515500470806037
2021-22,old,LAC,MIN,0.05850999115231443
2021-22,old,LAC,NOP,0.24801198536794097
2021-22,old,LAC,NYK,0.02142518984689468
2021-22,old,LAC,OKC,0.2793330434526856
2021-22,old,LAC,ORL,0.003929824748180619
2021-22,old,LAC,PHI,0.0
2021-22,old,LAC,PHX,0.0
2021-22,old,LAC,POR,0.12236056328478657
2021-22,old,LAC,SAC,0.0037074969929409844
2021-22,old,LAC,SAS,0.08645811768688827
2021-22,old,LAC,TOR,0.018358099878986487
2021-22,old,LAC,UTA,7.579684780860478e-05
2021-22,old,LAC,WAS,0.019753792777720536
2021-22,old,LAL,ATL,0.008874284922218286
2021-22,old,LAL,BKN,0.08162762134578987
2021-22,old,LAL,BOS,6.792396592517943e-05
2021-22,old,LAL,CHA,0.1461328284584999
2021-22,old,LAL,CHI,0.10701928991153657
2021-22,old,LAL,CLE,0.02320204036634743
2021-22,old,LAL,DAL,0.03235962395245543
2021-22,old,LAL,DEN,0.03909576501172504
2021-22,old,LAL,DET,0.0026755956935756125
2021-22,old,LAL,GSW,0.018039190484153533
2021-22,old,LAL,HOU,0.0126382002479734
2021-22,old,LAL,IND,0.04262428606041803
2021-22,old,LAL,LAC,0.0
2021-22,old,LAL,MEM,1.853538672640724
2021-22,old,LAL,MIA,0.023147629683612496
2021-22,old,LAL,MIL,0.04079327155678431
2021-22,old,LAL,MIN,0.04095764415030085
2021-22,old,LAL,NOP,1.9268054556565026
2021-22,old,LAL,NYK,0.0642665001040727
2021-22,old,LAL,OKC,0.0503724860272569
2021-22,old,LAL,ORL,0.001103607350840285
2021-22,old,LAL,PHI,0.0
2021-22,old,LAL,PHX,0.0
2021-22,old,LAL,POR,0.2793048190094458
2021-22,old,LAL,SAC,0.013774252578140812
2021-22,old,LAL,SAS,0.1175668165803162
2021-22,old,LAL,TOR,0.00648958001277141
2021-22,old,LAL,UTA,0.0001624189200443203
2021-22,old,LAL,WAS,0.06943953360979861
2021-22,old,MEM,ATL,0.01242514532776177
2021-22,old,MEM,BKN,0.05141839427400479
2021-22,old,MEM,BOS,3.292222753202895e-05
2021-22,old,MEM,CHA,0.07033154345291404
2021-22,old,MEM,CHI,0.04460638678411941
2021-22,old,MEM,CLE,0.019733275066834928
2021-22,old,MEM,DAL,0.0366658092673528
2021-22,old,MEM,DEN,0.026948492419808505
2021-22,old,MEM,DET,0.004136875663778642
2021-22,old,MEM,GSW,0.07160560383189091
2021-22,old,MEM,HOU,0.036653556273367
2021-22,old,MEM,IND,0.018707050654490437
2021-22,old,MEM,LAC,0.0
2021-22,old,MEM,LAL,0.0
2021-22,old,MEM,MIA,0.07570581902372489
2021-22,old,MEM,MIL,0.033619710049293816
2021-22,old,MEM,MIN,0.019320239897752937
2021-22,old,MEM,NOP,0.1216856428276533
2021-22,old,MEM,NYK,0.027286467527064782
2021-22,old,MEM,OKC,0.015896546862219904
2021-22,old,MEM,ORL,0.003915426238927961
2021-22,old,MEM,PHI,0.0
2021-22,old,MEM,PHX,0.0
2021-22,old,MEM,POR,0.04406882974476919
2021-22,old,MEM,SAC,0.01157271259506099
2021-22,old,MEM,SAS,0.12176800670092178
2021-22,old,MEM,TOR,0.010571159666531387
2021-22,old,MEM,UTA,2.6933269758954894e-05
2021-22,old,MEM,WAS,0.028137297698064747
2021-22,old,MIA,ATL,0.03399801518448292
2021-22,old,MIA,BKN,0.11682907582631516
2021-22,old,MIA,BOS,0.00022791746971583717
2021-22,old,MIA,CHA,0.02419438984224216
2021-22,old,MIA,CHI,0.039713312929566216
2021-22,old,MIA,CLE,0.11385013408432554
2021-22,old,MIA,DAL,0.06934802646526955
2021-22,old,MIA,DEN,0.05147871765433433
2021-22,old,MIA,DET,0.0026481374661622772
2021-22,old,MIA,GSW,0.10892025907695209
2021-22,old,MIA,HOU,0.08687957985806358
2021-22,old,MIA,IND,0.11916688426863498
2021-22,old,MIA,LAC,0.0
2021-22,old,MIA,LAL,0.0
2021-22,old,MIA,MEM,0.16210819206963856
2021-22,old,MIA,MIL,0.06168757286904775
2021-22,old,MIA,MIN,0.03063043664227149
2021-22,old,MIA,NOP,0.09296664136756148
2021-22,old,MIA,NYK,0.004948663856045151
2021-22,old,MIA,OKC,0.014058777101975669
2021-22,old,MIA,ORL,0.003399790104813144
2021-22,old,MIA,PHI,0.0
2021-22,old,MIA,PHX,0.0
2021-22,old,MIA,POR,0.023056952176163343
2021-22,old,MIA,SAC,0.002434897223496125
2021-22,old,MIA,SAS,0.15892629538734687
2021-22,old,MIA,TOR,0.015994017506135768
2021-22,old,MIA,UTA,3.325444373136088e-05
2021-22,old,MIA,WAS,0.01583139011696165
2021-22,old,MIL,ATL,0.065563687698838
2021-22,old,MIL,BKN,0.18123739419201854
2021-22,old,MIL,BOS,0.00028123475171293533
2021-22,old,MIL,CHA,0.04148545337750338
2021-22,old,MIL,CHI,0.04339901834347613
2021-22,old,MIL,CLE,0.038349153694962494
2021-22,old,MIL,DAL,0.11099442255526726
2021-22,old,MIL,DEN,0.061751050325711224
2021-22,old,MIL,DET,0.0014086872887020176
2021-22,old,MIL,GSW,0.06690517148016353
2021-22,old,MIL,HOU,0.07766513962846587
2021-22,old,MIL,IND,0.2560095698458424
2021-22,old,MIL,LAC,0.0
2021-22,old,MIL,LAL,0.0
2021-22,old,MIL,MEM,0.1517889144806413
2021-22,old,MIL,MIA,0.04644719866088367
2021-22,old,MIL,MIN,0.030442891127480363
2021-22,old,MIL,NOP,0.08114086973527437
2021-22,old,MIL,NYK,0.011846270211211584
2021-22,old,MIL,OKC,0.018727836834858475
2021-22,old,MIL,ORL,0.000618914116927107
2021-22,old,MIL,PHI,0.0
2021-22,old,MIL,PHX,0.0
2021-22,old,MIL,POR,0.019078831509363563
2021-22,old,MIL,SAC,0.006049254890783899
2021-22,old,MIL,SAS,0.15387770872054796
2021-22,old,MIL,TOR,0.031625534010888044
2021-22,old,MIL,UTA,3.0112503932788065e-05
2021-22,old,MIL,WAS,0.01099730031886397
2021-22,old,MIN,ATL,0.024150202623841866
2021-22,old,MIN,BKN,0.07529619720093408
2021-22,old,MIN,BOS,0.00022268836678827024
2021-22,old,MIN,CHA,0.028927857317856354
2021-22,old,MIN,CHI,0.10623300087169645
2021-22,old,MIN,CLE,0.015491071700682368
2021-22,old,MIN,DAL,0.033287673501104335
2021-22,old,MIN,DEN,0.08051377774008167
2021-22,old,MIN,DET,0.0038560616805041158
2021-22,old,MIN,GSW,0.030769796245704424
2021-22,old,MIN,HOU,0.020248653626928497
2021-22,old,MIN,IND,0.09143857710093313
2021-22,old,MIN,LAC,0.0
2021-22,old,MIN,LAL,0.0
2021-22,old,MIN,MEM,0.20653702283375966
2021-22,old,MIN,MIA,0.027574353679163572
2021-22,old,MIN,MIL,0.04079768422514732
2021-22,old,MIN,NOP,0.22206223379096732
2021-22,old,MIN,NYK,0.03583048872513768
2021-22,old,MIN,OKC,0.026952656930610067
2021-22,old,MIN,ORL,0.002888839563779863
2021-22,old,MIN,PHI,0.0
2021-22,old,MIN,PHX,0.0
2021-22,old,MIN,POR,0.045369410477223704
2021-22,old,MIN,SAC,0.007323196803302431
2021-22,old,MIN,SAS,0.1722573562828643
2021-22,old,MIN,TOR,0.006888064885296499
2021-22,old,MIN,UTA,0.0014004003428214158
2021-22,old,MIN,WAS,0.02907984496092502
2021-22,old,NOP,ATL,0.016851728714566628
2021-22,old,NOP,BKN,0.018484852661131056
2021-22,old,NOP,BOS,0.00013050954700704923
2021-22,old,NOP,CHA,0.3652101037396406
2021-22,old,NOP,CHI,0.07616344202848219
2021-22,old,NOP,CLE,0.010172740034815367
2021-22,old,NOP,DAL,0.028384630901034685
2021-22,old,NOP,DEN,0.016867816072680408
2021-22,old,NOP,DET,0.0019336532553175675
2021-22,old,NOP,GSW,0.013639110887984671
2021-22,old,NOP,HOU,0.02648302840861764
2021-22,old,NOP,IND,0.01853056400578385
2021-22,old,NOP,LAC,0.0
2021-22,old,NOP,LAL,0.0
2021-22,old,NOP,MEM,0.5538942618407977
2021-22,old,NOP,MIA,0.017515086327229853
2021-22,old,NOP,MIL,0.028423588806571663
2021-22,old,NOP,MIN,0.017421006047847968
2021-22,old,NOP,NYK,0.12176254908668065
2021-22,old,NOP,OKC,0.026894656965174943
2021-22,old,NOP,ORL,0.000999674015443464
2021-22,old,NOP,PHI,0.0
2021-22,old,NOP,PHX,0.0
2021-22,old,NOP,POR,0.22145560991467475
2021-22,old,NOP,SAC,0.02165991633501473
2021-22,old,NOP,SAS,0.09966253812100342
2021-22,old,NOP,TOR,0.010726277979737667
2021-22,old,NOP,UTA,3.341642456064336e-05
2021-22,old,NOP,WAS,0.09422548701158152
2021-22,old,NYK,ATL,0.05858134209643049
2021-22,old,NYK,BKN,0.08132750382919365
2021-22,old,NYK,BOS,8.56978779195519e-05
2021-22,old,NYK,CHA,0.05084517823036548
2021-22,old,NYK,CHI,0.03363020246056842
2021-22,old,NYK,CLE,0.06618371211078256
2021-22,old,NYK,DAL,0.02363064676009623
2021-22,old,NYK,DEN,0.04553108958554631
2021-22,old,NYK,DET,0.0011354155761423277
2021-22,old,NYK,GSW,0.023446812011321993
2021-22,old,NYK,HOU,0.11599407372113058
2021-22,old,NYK,IND,0.11541572751923643
2021-22,old,NYK,LAC,0.0
2021-22,old,NYK,LAL,0.0
2021-22,old,NYK,MEM,0.32961409588745033
2021-22,old,NYK,MIA,0.01470581914153721
2021-22,old,NYK,MIL,0.0263777365859916
2021-22,old,NYK,MIN,0.019297911984968927
2021-22,old,NYK,NOP,0.4898837010428646
2021-22,old,NYK,OKC,0.03378093041648738
2021-22,old,NYK,ORL,0.0023174718808700923
2021-22,old,NYK,PHI,0.0
2021-22,old,NYK,PHX,0.0
2021-22,old,NYK,POR,0.04272415429883409
2021-22,old,NYK,SAC,0.01105229769043629
2021-22,old,NYK,SAS,0.09317177771422935
2021-22,old,NYK,TOR,0.017341958665140756
2021-22,old,NYK,UTA,1.689644164006698e-05
2021-22,old,NYK,WAS,0.10270043381329753
2021-22,old,OKC,ATL,0.010301729282773144
2021-22,old,OKC,BKN,0.024095371778552734
2021-22,old,OKC,BOS,6.591142864066943e-06
2021-22,old,OKC,CHA,0.019295956592300174
2021-22,old,OKC,CHI,0.032028832669230595
2021-22,old,OKC,CLE,0.016075213768180153
2021-22,old,OKC,DAL,0.030137359196623813
2021-22,old,OKC,DEN,0.03380385489480555
2021-22,old,OKC,DET,0.02874988456126549
2021-22,old,OKC,GSW,0.021558401256659858
2021-22,old,OKC,HOU,0.017296605274876056
2021-22,old,OKC,IND,0.06005761569823899
2021-22,old,OKC,LAC,0.0
2021-22,old,OKC,LAL,0.0
2021-22,old,OKC,MEM,0.12198775383413352
2021-22,old,OKC,MIA,0.0104418104329018
2021-22,old,OKC,MIL,0.023863713771379396
2021-22,old,OKC,MIN,0.021288336046181404
2021-22,old,OKC,NOP,0.062289302664428815
2021-22,old,OKC,NYK,0.009156894352744017
2021-22,old,OKC,ORL,0.015846480836531365
2021-22,old,OKC,PHI,0.0
2021-22,old,OKC,PHX,0.0
2021-22,old,OKC,POR,0.02207501250676027
2021-22,old,OKC,SAC,0.02529948541406609
2021-22,old,OKC,SAS,0.09237525894764351
2021-22,old,OKC,TOR,0.0015201957390176427
2021-22,old,OKC,UTA,9.082331453190828e-05
2021-22,old,OKC,WAS,0.009351754717066287
2021-22,old,ORL,ATL,0.029705756040010977
2021-22,old,ORL,BKN,0.05062365625270065
2021-22,old,ORL,BOS,8.963106881498336e-05
2021-22,old,ORL,CHA,0.04061104147766499
2021-22,old,ORL,CHI,0.03178655445820719
2021-22,old,ORL,CLE,0.02427461507688747
2021-22,old,ORL,DAL,0.01789035636822604
2021-22,old,ORL,DEN,0.016961420651581217
2021-22,old,ORL,DET,0.020836129290537055
2021-22,old,ORL,GSW,0.016251668108896937
2021-22,old,ORL,HOU,0.05480845893749259
2021-22,old,ORL,IND,0.12805246677546997
2021-22,old,ORL,LAC,0.0
2021-22,old,ORL,LAL,0.0
2021-22,old,ORL,MEM,0.06596485238896867
2021-22,old,ORL,MIA,0.013907327674698598
2021-22,old,ORL,MIL,0.016458412993179464
2021-22,old,ORL,MIN,0.019450098207945795
2021-22,old,ORL,NOP,0.04765982289986952
2021-22,old,ORL,NYK,0.009939786136043047
2021-22,old,ORL,OKC,0.025259894687843273
2021-22,old,ORL,PHI,0.0
2021-22,old,ORL,PHX,0.0
2021-22,old,ORL,POR,0.014572388275465921
2021-22,old,ORL,SAC,0.0067235494252961695
2021-22,old,ORL,SAS,0.07769413208333631
2021-22,old,ORL,TOR,0.0179795296444975
2021-22,old,ORL,UTA,2.4287120819407484e-05
2021-22,old,ORL,WAS,0.017744591634421616
2021-22,old,PHI,ATL,0.03178238596683531
2021-22,old,PHI,BKN,0.9770655696823873
2021-22,old,PHI,BOS,0.00016516765798019924
2021-22,old,PHI,CHA,0.022807182329174044
2021-22,old,PHI,CHI,0.046747184447824955
2021-22,old,PHI,CLE,0.04249345212690783
2021-22,old,PHI,DAL,0.11697209052512186
2021-22,old,PHI,DEN,0.07412304696805831
2021-22,old,PHI,DET,0.0019280361148104942
2021-22,old,PHI,GSW,0.08859716131974153
2021-22,old,PHI,HOU,0.049890085853242866
2021-22,old,PHI,IND,0.0970333103941586
2021-22,old,PHI,LAC,0.0
2021-22,old,PHI,LAL,0.0
2021-22,old,PHI,MEM,0.2119400358687132
2021-22,old,PHI,MIA,0.05896767318762582
2021-22,old,PHI,MIL,0.10474442332310131
2021-22,old,PHI,MIN,0.03218891996312577
2021-22,old,PHI,NOP,0.17590467512597835
2021-22,old,PHI,NYK,0.007265824438771322
2021-22,old,PHI,OKC,0.031081079472569068
2021-22,old,PHI,ORL,0.001809651939545
2021-22,old,PHI,PHX,0.0
2021-22,old,PHI,POR,0.028435343611019768
2021-22,old,PHI,SAC,0.003243379807727735
2021-22,old,PHI,SAS,0.22617370257392932
2021-22,old,PHI,TOR,0.033634418965386395
2021-22,old,PHI,UTA,5.833970212278293e-05
2021-22,old,PHI,WAS,0.01335932682365792
2021-22,old,PHX,ATL,0.007127798138425035
2021-22,old,PHX,BKN,0.06161074062294801
2021-22,old,PHX,BOS,4.088876610506736e-05
2021-22,old,PHX,CHA,0.040702717958101986
2021-22,old,PHX,CHI,0.049338671487642496
2021-22,old,PHX,CLE,0.011022393478504793
2021-22,old,PHX,DAL,0.030703365053305003
2021-22,old,PHX,DEN,0.04099924942788896
2021-22,old,PHX,DET,0.006015784899455165
2021-22,old,PHX,GSW,0.015214347416150516
2021-22,old,PHX,HOU,0.012175646521078807
2021-22,old,PHX,IND,0.02227208862611304
2021-22,old,PHX,LAC,0.0
2021-22,old,PHX,LAL,0.0
2021-22,old,PHX,MEM,0.25724919326050777
2021-22,old,PHX,MIA,0.018156250147791257
2021-22,old,PHX,MIL,0.024929159062864147
2021-22,old,PHX,MIN,0.020769017404669837
2021-22,old,PHX,NOP,0.18369789076983065
2021-22,old,PHX,NYK,0.01707104582769776
2021-22,old,PHX,OKC,0.03352702386426474
2021-22,old,PHX,ORL,0.002531896229994065
2021-22,old,PHX,PHI,0.0
2021-22,old,PHX,POR,0.03611033509038357
2021-22,old,PHX,SAC,0.007043936141911313
2021-22,old,PHX,SAS,0.09996216628737846
2021-22,old,PHX,TOR,0.0037000009218851665
2021-22,old,PHX,UTA,5.229409314758123e-05
2021-22,old,PHX,WAS,0.019282109401645015
2021-22,old,POR,ATL,0.015513595555394185
2021-22,old,POR,BKN,0.02702810560972959
2021-22,old,POR,BOS,5.083322755540467e-05
2021-22,old,POR,CHA,0.09940310629853537
2021-22,old,POR,CHI,0.179349490743074
2021-22,old,POR,CLE,0.014159784562830116
2021-22,old,POR,DAL,0.015477492853277744
2021-22,old,POR,DEN,0.03335792875347611
2021-22,old,POR,DET,0.007955078469419629
2021-22,old,POR,GSW,0.018908339148307897
2021-22,old,POR,HOU,0.02879660560434347
2021-22,old,POR,IND,0.0359694296100269
2021-22,old,POR,LAC,0.0
2021-22,old,POR,LAL,0.0
2021-22,old,POR,MEM,0.30458399365278244
2021-22,old,POR,MIA,0.010134698395328275
2021-22,old,POR,MIL,0.025787695347703116
2021-22,old,POR,MIN,0.006133534145400231
2021-22,old,POR,NOP,0.43327214834778527
2021-22,old,POR,NYK,0.06397291669859981
2021-22,old,POR,OKC,0.02171289273557793
2021-22,old,POR,ORL,0.005710030985998116
2021-22,old,POR,PHI,0.0
2021-22,old,POR,PHX,0.0
2021-22,old,POR,SAC,0.045137296525434835
2021-22,old,POR,SAS,0.09558590490673788
2021-22,old,POR,TOR,0.006780450886446023
2021-22,old,POR,UTA,4.433401748907481e-05
2021-22,old,POR,WAS,0.07667249710774658
2021-22,old,SAC,ATL,0.007188933305060103
2021-22,old,SAC,BKN,0.05073791735779185
2021-22,old,SAC,BOS,0.00013965480464726626
2021-22,old,SAC,CHA,0.038732922347965604
2021-22,old,SAC,CHI,0.03707237299503235
2021-22,old,SAC,CLE,0.003875717243140845
2021-22,old,SAC,DAL,0.050669412983939253
2021-22,old,SAC,DEN,0.03350722427148093
2021-22,old,SAC,DET,0.006343809130569644
2021-22,old,SAC,GSW,0.016309858552357122
2021-22,old,SAC,HOU,0.027394396939298845
2021-22,old,SAC,IND,0.025620214638879965
2021-22,old,SAC,LAC,0.0
2021-22,old,SAC,LAL,0.0
2021-22,old,SAC,MEM,0.1256243842309037
2021-22,old,SAC,MIA,0.018823276117829413
2021-22,old,SAC,MIL,0.050371925378041006
2021-22,old,SAC,MIN,0.024404611934342926
2021-22,old,SAC,NOP,0.08063808649345276
2021-22,old,SAC,NYK,0.02267844396060565
2021-22,old,SAC,OKC,0.015804594909590033
2021-22,old,SAC,ORL,0.004914250426577452
2021-22,old,SAC,PHI,0.0
2021-22,old,SAC,PHX,0.0
2021-22,old,SAC,POR,0.053063214308191296
2021-22,old,SAC,SAS,0.092912221238332
2021-22,old,SAC,TOR,0.006914690933999991
2021-22,old,SAC,UTA,1.990454315989901e-05
2021-22,old,SAC,WAS,0.02039889160508419
2021-22,old,SAS,ATL,0.013702617706633037
2021-22,old,SAS,BKN,0.040006982689679324
2021-22,old,SAS,BOS,7.783711492530344e-05
2021-22,old,SAS,CHA,0.13889962247676998
2021-22,old,SAS,CHI,0.07316485960121785
2021-22,old,SAS,CLE,0.006084016307462786
2021-22,old,SAS,DAL,0.028369389284563208
2021-22,old,SAS,DEN,0.02009883555073745
2021-22,old,SAS,DET,0.0038773143016795973
2021-22,old,SAS,GSW,0.018793399222348718
2021-22,old,SAS,HOU,0.015634428680240137
2021-22,old,SAS,IND,0.022290129368816983
2021-22,old,SAS,LAC,0.0
2021-22,old,SAS,LAL,0.0
2021-22,old,SAS,MEM,0.3087133579420288
2021-22,old,SAS,MIA,0.015502155259058908
2021-22,old,SAS,MIL,0.05004278797375221
2021-22,old,SAS,MIN,0.01574658059493283
2021-22,old,SAS,NOP,0.5110193594020113
2021-22,old,SAS,NYK,0.06658817796668812
2021-22,old,SAS,OKC,0.017329706494355033
2021-22,old,SAS,ORL,0.004362269542780084
2021-22,old,SAS,PHI,0.0
2021-22,old,SAS,PHX,0.0
2021-22,old,SAS,POR,0.20340432125378338
2021-22,old,SAS,SAC,0.03402733087202299
2021-22,old,SAS,TOR,0.006332961403007236
2021-22,old,SAS,UTA,7.45967504691521e-05
2021-22,old,SAS,WAS,0.09793640578962547
2021-22,old,TOR,ATL,0.029865988165027686
2021-22,old,TOR,BKN,0.11857175955613317
2021-22,old,TOR,BOS,0.0005444081854854575
2021-22,old,TOR,CHA,0.054685905030902204
2021-22,old,TOR,CHI,0.10234073098242716
2021-22,old,TOR,CLE,0.15291669494152174
2021-22,old,TOR,DAL,0.05201193258841471
2021-22,old,TOR,DEN,0.09791774556453374
2021-22,old,TOR,DET,0.002744508725576315
2021-22,old,TOR,GSW,0.03040143143388304
2021-22,old,TOR,HOU,0.09867483806529417
2021-22,old,TOR,IND,0.07245467729822756
2021-22,old,TOR,LAC,0.0
2021-22,old,TOR,LAL,0.0
2021-22,old,TOR,MEM,0.30117607853075484
2021-22,old,TOR,MIA,0.013986260852122135
2021-22,old,TOR,MIL,0.0625828638893459
2021-22,old,TOR,MIN,0.07588915989064228
2021-22,old,TOR,NOP,0.2772375931605769
2021-22,old,TOR,NYK,0.018269908635292546
2021-22,old,TOR,OKC,0.02889047107162755
2021-22,old,TOR,ORL,0.004009539174469674
2021-22,old,TOR,PHI,0.0
2021-22,old,TOR,PHX,0.0
2021-22,old,TOR,POR,0.05793874776207536
2021-22,old,TOR,SAC,0.008380441193981198
2021-22,old,TOR,SAS,0.4453395222100898
2021-22,old,TOR,UTA,0.00026553625168626344
2021-22,old,TOR,WAS,0.029395153079496125
2021-22,old,UTA,ATL,0.019169543106684592
2021-22,old,UTA,BKN,0.07233844365600248
2021-22,old,UTA,BOS,2.894438778440716e-05
2021-22,old,UTA,CHA,0.04630126192703043
2021-22,old,UTA,CHI,0.07914480582814422
2021-22,old,UTA,CLE,0.010754770701815058
2021-22,old,UTA,DAL,0.07357603562771062
2021-22,old,UTA,DEN,0.13735296151582846
2021-22,old,UTA,DET,0.004399941411684977
2021-22,old,UTA,GSW,0.03927832170790569
2021-22,old,UTA,HOU,0.03012850229554119
2021-22,old,UTA,IND,0.03505084597107595
2021-22,old,UTA,LAC,0.0
2021-22,old,UTA,LAL,0.0
2021-22,old,UTA,MEM,1.0084703480480461
2021-22,old,UTA,MIA,0.04284051777168723
2021-22,old,UTA,MIL,0.07632900829223999
2021-22,old,UTA,MIN,0.04767944882457198
2021-22,old,UTA,NOP,0.26068951180476846
2021-22,old,UTA,NYK,0.01578893502203394
2021-22,old,UTA,OKC,0.02783337796956393
2021-22,old,UTA,ORL,0.0024290107525229616
2021-22,old,UTA,PHI,0.0
2021-22,old,UTA,PHX,0.0
2021-22,old,UTA,POR,0.04536489364895307
2021-22,old,UTA,SAC,0.005792703843911216
2021-22,old,UTA,SAS,0.18141066119409077
2021-22,old,UTA,TOR,0.006160520977475237
2021-22,old,UTA,WAS,0.022990627046416735
2021-22,old,WAS,ATL,0.03159033106777902
2021-22,old,WAS,BKN,0.03861740904672468
2021-22,old,WAS,BOS,0.0003007516897943431
2021-22,old,WAS,CHA,0.07517259597142896
2021-22,old,WAS,CHI,0.04373045797305023
2021-22,old,WAS,CLE,0.1420055717951154
2021-22,old,WAS,DAL,0.030502239268468526
2021-22,old,WAS,DEN,0.027702777731908847
2021-22,old,WAS,DET,0.0028975835673728948
2021-22,old,WAS,GSW,0.01824892417959084
2021-22,old,WAS,HOU,0.06205818959559988
2021-22,old,WAS,IND,0.12610517419191883
2021-22,old,WAS,LAC,0.0
2021-22,old,WAS,LAL,0.0
2021-22,old,WAS,MEM,0.5833519983762071
2021-22,old,WAS,MIA,0.02752909498361485
2021-22,old,WAS,MIL,0.03196625494844747
2021-22,old,WAS,MIN,0.020938660600906493
2021-22,old,WAS,NOP,0.788215193783175
2021-22,old,WAS,NYK,0.10901636040526816
2021-22,old,WAS,OKC,0.03407254041504405
2021-22,old,WAS,ORL,0.004697909302812675
2021-22,old,WAS,PHI,0.0
2021-22,old,WAS,PHX,0.0
2021-22,old,WAS,POR,0.07808506519859727
2021-22,old,WAS,SAC,0.009551929575679963
2021-22,old,WAS,SAS,0.11077259718240781
2021-22,old,WAS,TOR,0.016592942014939147
2021-22,old,WAS,UTA,0.0003571758858764639
2022-23,new,ATL,BKN,0.059072705424605534
2022-23,new,ATL,BOS,0.0
2022-23,new,ATL,CHA,0.021100116278167946
2022-23,new,ATL,CHI,0.13207963604558354
2022-23,new,ATL,CLE,0.0046712828886337565
2022-23,new,ATL,DAL,0.06337406690508063
2022-23,new,ATL,DEN,0.0
2022-23,new,ATL,DET,0.0010364571769770586
2022-23,new,ATL,GSW,0.03637123199914278
2022-23,new,ATL,HOU,0.039222252775377046
2022-23,new,ATL,IND,0.0767069115538983
2022-23,new,ATL,LAC,0.012932920409647495
2022-23,new,ATL,LAL,0.049053609975461106
2022-23,new,ATL,MEM,0.017365803640422048
2022-23,new,ATL,MIA,0.07534846290775579
2022-23,new,ATL,MIL,0.0
2022-23,new,ATL,MIN,0.0
2022-23,new,ATL,NOP,0.030689116126600788
2022-23,new,ATL,NYK,0.21148316357717067
2022-23,new,ATL,OKC,0.04834698301970814
2022-23,new,ATL,ORL,0.019149611577062325
2022-23,new,ATL,PHI,0.0
2022-23,new,ATL,PHX,0.0
2022-23,new,ATL,POR,0.027196748865619243
2022-23,new,ATL,SAC,0.0181423115878356
2022-23,new,ATL,SAS,0.000977342968378712
2022-23,new,ATL,TOR,0.4108757260326987
2022-23,new,ATL,UTA,0.20438813507460524
2022-23,new,ATL,WAS,0.1606605308677182
2022-23,new,BKN,ATL,0.05104308589733163
2022-23,new,BKN,BOS,0.0
2022-23,new,BKN,CHA,0.059645320793115394
2022-23,new,BKN,CHI,0.02632650790970928
2022-23,new,BKN,CLE,0.0059277561630564175
2022-23,new,BKN,DAL,0.038657930105523854
2022-23,new,BKN,DEN,0.0
2022-23,new,BKN,DET,0.00013401181228879446
2022-23,new,BKN,GSW,0.06395600518133114
2022-23,new,BKN,HOU,0.06368857868684151
2022-23,new,BKN,IND,0.07746125165991317
2022-23,new,BKN,LAC,0.03940975239660976
2022-23,new,BKN,LAL,0.03931438633628142
2022-23,new,BKN,MEM,0.04175672758119743
2022-23,new,BKN,MIA,0.31906797865263226
2022-23,new,BKN,MIL,0.0
2022-23,new,BKN,MIN,0.0
2022-23,new,BKN,NOP,0.05416352377289199
2022-23,new,BKN,NYK,0.08049614736139091
2022-23,new,BKN,OKC,0.017458782292749928
2022-23,new,BKN,ORL,0.00978889308142593
2022-23,new,BKN,PHI,0.0
2022-23,new,BKN,PHX,0.0
2022-23,new,BKN,POR,0.07699901708640605
2022-23,new,BKN,SAC,0.046964399976077376
2022-23,new,BKN,SAS,0.0002890165581650621
2022-23,new,BKN,TOR,0.06376465624669714
2022-23,new,BKN,UTA,0.1921286788045815
2022-23,new,BKN,WAS,0.04922591016870994
2022-23,new,BOS,ATL,0.09283325478360949
2022-23,new,BOS,BKN,0.036218027778493825
2022-23,new,BOS,CHA,0.10538357159317323
2022-23,new,BOS,CHI,0.052634366821364166
2022-23,new,BOS,CLE,0.0019085670928692196
2022-23,new,BOS,DAL,0.031865714058268886
2022-23,new,BOS,DEN,0.0
2022-23,new,BOS,DET,9.500370984321485e-06
2022-23,new,BOS,GSW,0.02272112056482944
2022-23,new,BOS,HOU,0.018286907662625498
2022-23,new,BOS,IND,0.261430528229971
2022-23,new,BOS,LAC,0.07405226314143308
2022-23,new,BOS,LAL,0.033763200448753694
2022-23,new,BOS,MEM,0.028323700822353314
2022-23,new,BOS,MIA,0.042378583009879726
2022-23,new,BOS,MIL,0.0
2022-23,new,BOS,MIN,0.0
2022-23,new,BOS,NOP,0.023352101283842415
2022-23,new,BOS,NYK,0.02555738164580966
2022-23,new,BOS,OKC,0.02537446107390208
2022-23,new,BOS,ORL,0.0060956029882537665
2022-23,new,BOS,PHI,0.0
2022-23,new,BOS,PHX,0.0
2022-23,new,BOS,POR,0.05691480688776215
2022-23,new,BOS,SAC,0.019504397138524945
2022-23,new,BOS,SAS,0.00023133357082315336
2022-23,new,BOS,TOR,0.016346115457678938
2022-23,new,BOS,UTA,0.1441334351290463
2022-23,new,BOS,WAS,0.021200563674805994
2022-23,new,CHA,ATL,0.06076288419811167
2022-23,new,CHA,BKN,0.08769064743151195
2022-23,new,CHA,BOS,0.0
2022-23,new,CHA,CHI,0.08680172554863408
2022-23,new,CHA,CLE,0.003469319954769218
2022-23,new,CHA,DAL,0.05480154239153976
2022-23,new,CHA,DEN,0.0
2022-23,new,CHA,DET,0.0035084733379758272
2022-23,new,CHA,GSW,0.04610500699848184
2022-23,new,CHA,HOU,0.026498383866795653
2022-23,new,CHA,IND,0.08008692033940285
2022-23,new,CHA,LAC,0.019457166223437527
2022-23,new,CHA,LAL,0.07533459057003775
2022-23,new,CHA,MEM,0.036719072090451665
2022-23,new,CHA,MIA,0.034845882717177104
2022-23,new,CHA,MIL,0.0
2022-23,new,CHA,MIN,0.0
2022-23,new,CHA,NOP,0.04960560309829125
2022-23,new,CHA,NYK,0.14659848517799867
2022-23,new,CHA,OKC,0.04330307093011376
2022-23,new,CHA,ORL,0.010543201945513591
2022-23,new,CHA,PHI,0.0
2022-23,new,CHA,PHX,0.0
2022-23,new,CHA,POR,0.05315415252466258
2022-23,new,CHA,SAC,0.02922586760957088
2022-23,new,CHA,SAS,0.00390095882899648
2022-23,new,CHA,TOR,0.020117802896066593
2022-23,new,CHA,UTA,0.13788568100271373
2022-23,new,CHA,WAS,0.03632365802968379
2022-23,new,CHI,ATL,0.23455719792471139
2022-23,new,CHI,BKN,0.08710505036888841
2022-23,new,CHI,BOS,0.0
2022-23,new,CHI,CHA,0.029157917928354003
2022-23,new,CHI,CLE,0.0009683176176630349
2022-23,new,CHI,DAL,0.08621021921516041
2022-23,new,CHI,DEN,0.0
2022-23,new,CHI,DET,0.00014066455688847143
2022-23,new,CHI,GSW,0.06071371237917641
2022-23,new,CHI,HOU,0.06318723085037321
2022-23,new,CHI,IND,0.04922785153655065
2022-23,new,CHI,LAC,0.031107219986051544
2022-23,new,CHI,LAL,0.027769396764523318
2022-23,new,CHI,MEM,0.010995495461086194
2022-23,new,CHI,MIA,0.030205647653764378
2022-23,new,CHI,MIL,0.0
2022-23,new,CHI,MIN,0.0
2022-23,new,CHI,NOP,0.07926966572340965
2022-23,new,CHI,NYK,0.16512303274154427
2022-23,new,CHI,OKC,0.09133566778933967
2022-23,new,CHI,ORL,0.12890504897661065
2022-23,new,CHI,PHI,0.0
2022-23,new,CHI,PHX,0.0
2022-23,new,CHI,POR,0.01917663193498353
2022-23,new,CHI,SAC,0.012151051220592662
2022-23,new,CHI,SAS,0.0003377366453450379
2022-23,new,CHI,TOR,0.13568418068471488
2022-23,new,CHI,UTA,0.1606094213620287
2022-23,new,CHI,WAS,0.13346495616807375
2022-23,new,CLE,ATL,0.030525448872610203
2022-23,new,CLE,BKN,0.0633060320612367
2022-23,new,CLE,BOS,0.0
2022-23,new,CLE,CHA,0.038731381479040906
2022-23,new,CLE,CHI,0.0326697829188791
2022-23,new,CLE,DAL,6.12055314480852e-05
2022-23,new,CLE,DEN,0.0
2022-23,new,CLE,DET,0.00037110522978477356
2022-23,new,CLE,GSW,0.009614311939204933
2022-23,new,CLE,HOU,0.013941810881570463
2022-23,new,CLE,IND,0.40185094523913545
2022-23,new,CLE,LAC,0.013212015127787236
2022-23,new,CLE,LAL,0.005918372724614716
2022-23,new,CLE,MEM,0.1403444545993842
2022-23,new,CLE,MIA,0.06263770934438263
2022-23,new,CLE,MIL,0.0
2022-23,new,CLE,MIN,0.0
2022-23,new,CLE,NOP,0.0005778556176991173
2022-23,new,CLE,NYK,0.04958064608641532
2022-23,new,CLE,OKC,0.0015792026182291391
2022-23,new,CLE,ORL,0.007509280258217869
2022-23,new,CLE,PHI,0.0
2022-23,new,CLE,PHX,0.0
2022-23,new,CLE,POR,0.05095683217522895
2022-23,new,CLE,SAC,0.07537724836284544
2022-23,new,CLE,SAS,0.00033211514806082663
2022-23,new,CLE,TOR,0.051583784580259036
2022-23,new,CLE,UTA,0.0637631488440259
2022-23,new,CLE,WAS,0.04770024698797014
2022-23,new,DAL,ATL,0.01036797673386406
2022-23,new,DAL,BKN,0.11691390548448762
2022-23,new,DAL,BOS,0.0
2022-23,new,DAL,CHA,0.022237026356131864
2022-23,new,DAL,CHI,0.030479353189050984
2022-23,new,DAL,CLE,4.7627423476836256e-07
2022-23,new,DAL,DEN,0.0
2022-23,new,DAL,DET,9.829508820733833e-05
2022-23,new,DAL,GSW,0.11044751650738334
2022-23,new,DAL,HOU,0.06347790930247543
2022-23,new,DAL,IND,0.040581940258836526
2022-23,new,DAL,LAC,0.048170528602726144
2022-23,new,DAL,LAL,0.16616352440570561
2022-23,new,DAL,MEM,0.018730089574197327
2022-23,new,DAL,MIA,0.025505506749916435
2022-23,new,DAL,MIL,0.0
2022-23,new,DAL,MIN,0.0
2022-23,new,DAL,NOP,0.16378744541765755
2022-23,new,DAL,NYK,0.6919601217299286
2022-23,new,DAL,OKC,0.18175754290666227
2022-23,new,DAL,ORL,0.0028011274772238885
2022-23,new,DAL,PHI,0.0
2022-23,new,DAL,PHX,0.0
2022-23,new,DAL,POR,0.04274569749412095
2022-23,new,DAL,SAC,0.03826632143016068
2022-23,new,DAL,SAS,0.00018710182061164264
2022-23,new,DAL,TOR,0.04557024689934354
2022-23,new,DAL,UTA,0.29084474643511377
2022-23,new,DAL,WAS,0.004881782149994424
2022-23,new,DEN,ATL,0.040293364455109164
2022-23,new,DEN,BKN,0.0834144236363159
2022-23,new,DEN,BOS,0.0
2022-23,new,DEN,CHA,0.3782888699324237
2022-23,new,DEN,CHI,0.017102404372283296
2022-23,new,DEN,CLE,0.0007345836442047176
2022-23,new,DEN,DAL,0.029625004649162685
2022-23,new,DEN,DET,1.0364847918255094e-05
2022-23,new,DEN,GSW,0.03214528562534307
2022-23,new,DEN,HOU,0.07107731676180766
2022-23,new,DEN,IND,0.12410111145151893
2022-23,new,DEN,LAC,0.04268830827581857
2022-23,new,DEN,LAL,0.058922952780989815
2022-23,new,DEN,MEM,0.04681848540705624
2022-23,new,DEN,MIA,0.05575368954501094
2022-23,new,DEN,MIL,0.0
2022-23,new,DEN,MIN,0.0
2022-23,new,DEN,NOP,0.025561422549974948
2022-23,new,DEN,NYK,0.0627907612260254
2022-23,new,DEN,OKC,0.03188389009747911
2022-23,new,DEN,ORL,0.010366263010204213
2022-23,new,DEN,PHI,0.0
2022-23,new,DEN,PHX,0.0
2022-23,new,DEN,POR,0.06016276381468705
2022-23,new,DEN,SAC,0.03199936989191628
2022-23,new,DEN,SAS,2.5362645252510543e-05
2022-23,new,DEN,TOR,0.006773254337103504
2022-23,new,DEN,UTA,0.13485556865533516
2022-23,new,DEN,WAS,0.036020199756284656
2022-23,new,DET,ATL,0.05223137082656528
2022-23,new,DET,BKN,0.026381731139630257
2022-23,new,DET,BOS,0.0
2022-23,new,DET,CHA,0.028499482934555526
2022-23,new,DET,CHI,0.08070882468569911
2022-23,new,DET,CLE,0.0002813955776057669
2022-23,new,DET,DAL,0.0315918397600138
2022-23,new,DET,DEN,0.0
2022-23,new,DET,GSW,0.0185184444642571
2022-23,new,DET,HOU,0.01779121784292611
2022-23,new,DET,IND,0.05862731388418163
2022-23,new,DET,LAC,0.01564251091196764
2022-23,new,DET,LAL,0.02153798485317283
2022-23,new,DET,MEM,0.0065398004434116565
2022-23,new,DET,MIA,0.03984177952917389
2022-23,new,DET,MIL,0.0
2022-23,new,DET,MIN,0.0
2022-23,new,DET,NOP,0.014696120437945177
2022-23,new,DET,NYK,0.08624961906878344
2022-23,new,DET,OKC,0.003173491402753982
2022-23,new,DET,ORL,0.022290064665201673
2022-23,new,DET,PHI,0.0
2022-23,new,DET,PHX,0.0
2022-23,new,DET,POR,0.01291229626052069
2022-23,new,DET,SAC,0.006695969614074772
2022-23,new,DET,SAS,0.0010030874702942744
2022-23,new,DET,TOR,0.057751461646082455
2022-23,new,DET,UTA,0.023484127315202687
2022-23,new,DET,WAS,0.05074703003054831
2022-23,new,GSW,ATL,0.01949168471440291
2022-23,new,GSW,BKN,0.13173232323065476
2022-23,new,GSW,BOS,0.0
2022-23,new,GSW,CHA,0.02542481260155118
2022-23,new,GSW,CHI,0.06514424571751337
2022-23,new,GSW,CLE,4.1913804294491166e-05
2022-23,new,GSW,DAL,0.1917166341871317
2022-23,new,GSW,DEN,0.0
2022-23,new,GSW,DET,5.317348989471295e-05
2022-23,new,GSW,HOU,0.23372252056449408
2022-23,new,GSW,IND,0.02826497931622342
2022-23,new,GSW,LAC,0.06036341671683376
2022-23,new,GSW,LAL,0.32723626088391156
2022-23,new,GSW,MEM,0.01017937485999792
2022-23,new,GSW,MIA,0.05437913516574139
2022-23,new,GSW,MIL,0.0
2022-23,new,GSW,MIN,0.0
2022-23,new,GSW,NOP,0.23292133536312226
2022-23,new,GSW,NYK,0.1657455117904341
2022-23,new,GSW,OKC,0.18488793125071018
2022-23,new,GSW,ORL,0.004536946752625142
2022-23,new,GSW,PHI,0.0
2022-23,new,GSW,PHX,0.0
2022-23,new,GSW,POR,0.054525365110599536
2022-23,new,GSW,SAC,0.03133172969889089
2022-23,new,GSW,SAS,4.274632973790474e-05
2022-23,new,GSW,TOR,0.029797525433007118
2022-23,new,GSW,UTA,0.39246576637343944
2022-23,new,GSW,WAS,0.010991254502616671
2022-23,new,HOU,ATL,0.011865744054498199
2022-23,new,HOU,BKN,0.029410017968358026
2022-23,new,HOU,BOS,0.0
2022-23,new,HOU,CHA,0.039088015230590495
2022-23,new,HOU,CHI,0.03177453486521917
2022-23,new,HOU,CLE,0.0007192538900837208
2022-23,new,HOU,DAL,0.08497670789499735
2022-23,new,HOU,DEN,0.0
2022-23,new,HOU,DET,0.0003116573399533685
2022-23,new,HOU,GSW,0.05298474777912843
2022-23,new,HOU,IND,0.06445230165313207
2022-23,new,HOU,LAC,0.025660560565181713
2022-23,new,HOU,LAL,0.058608836272073084
2022-23,new,HOU,MEM,0.013659761080906573
2022-23,new,HOU,MIA,0.06422262700091723
2022-23,new,HOU,MIL,0.0
2022-23,new,HOU,MIN,0.0
2022-23,new,HOU,NOP,0.08377424552498768
2022-23,new,HOU,NYK,0.04301808646868776
2022-23,new,HOU,OKC,0.05650969811590741
2022-23,new,HOU,ORL,0.010998582479562745
2022-23,new,HOU,PHI,0.0
2022-23,new,HOU,PHX,0.0
2022-23,new,HOU,POR,0.03678458911089606
2022-23,new,HOU,SAC,0.029997317229423268
2022-23,new,HOU,SAS,0.00018902302521882147
2022-23,new,HOU,TOR,0.009236870903451386
2022-23,new,HOU,UTA,0.16128187298521965
2022-23,new,HOU,WAS,0.013567552132997698
2022-23,new,IND,ATL,0.04106402777545767
2022-23,new,IND,BKN,0.017002603573842267
2022-23,new,IND,BOS,0.0
2022-23,new,IND,CHA,0.019441323276818
2022-23,new,IND,CHI,0.09080108070807394
2022-23,new,IND,CLE,2.751260668470296e-05
2022-23,new,IND,DAL,0.023333593174658416
2022-23,new,IND,DEN,0.0
2022-23,new,IND,DET,0.00011244000145382944
2022-23,new,IND,GSW,0.020389220685145128
2022-23,new,IND,HOU,0.009085398661213575
2022-23,new,IND,LAC,0.02494827605342364
2022-23,new,IND,LAL,0.028939924583999153
2022-23,new,IND,MEM,0.01062707860968361
2022-23,new,IND,MIA,0.009307499909608425
2022-23,new,IND,MIL,0.0
2022-23,new,IND,MIN,0.0
2022-23,new,IND,NOP,0.02701804926972194
2022-23,new,IND,NYK,0.08613496968709464
2022-23,new,IND,OKC,0.016631465550483976
2022-23,new,IND,ORL,0.04694291639613712
2022-23,new,IND,PHI,0.0
2022-23,new,IND,PHX,0.0
2022-23,new,IND,POR,0.03322639904699565
2022-23,new,IND,SAC,0.02876833018820637
2022-23,new,IND,SAS,0.0007725236116985529
2022-23,new,IND,TOR,0.05438319775974424
2022-23,new,IND,UTA,0.07016435750358302
2022-23,new,IND,WAS,0.06811407281159165
2022-23,new,LAC,ATL,0.04229636841859337
2022-23,new,LAC,BKN,0.1582370486237124
2022-23,new,LAC,BOS,0.0
2022-23,new,LAC,CHA,0.013814116749699559
2022-23,new,LAC,CHI,0.017881840201239632
2022-23,new,LAC,CLE,0.00024178224878494732
2022-23,new,LAC,DAL,0.13911723641618062
2022-23,new,LAC,DEN,0.0
2022-23,new,LAC,DET,8.390365273897295e-06
2022-23,new,LAC,GSW,0.1650551589566706
2022-23,new,LAC,HOU,0.8491457415011847
2022-23,new,LAC,IND,0.03529244763064078
2022-23,new,LAC,LAL,0.18795608925492632
2022-23,new,LAC,MEM,0.008008803893339073
2022-23,new,LAC,MIA,0.05994489189520186
2022-23,new,LAC,MIL,0.0
2022-23,new,LAC,MIN,0.0
2022-23,new,LAC,NOP,0.2269746766003764
2022-23,new,LAC,NYK,0.05596731464152195
2022-23,new,LAC,OKC,0.36539870451605916
2022-23,new,LAC,ORL,0.0073048623935532166
2022-23,new,LAC,PHI,0.0
2022-23,new,LAC,PHX,0.0
2022-23,new,LAC,POR,0.04841000539022982
2022-23,new,LAC,SAC,0.022638415368532325
2022-23,new,LAC,SAS,2.386865604554761e-05
2022-23,new,LAC,TOR,0.01690618347134083
2022-23,new,LAC,UTA,0.22486149296720967
2022-23,new,LAC,WAS,0.021767678154425787
2022-23,new,LAL,ATL,0.06293100870106509
2022-23,new,LAL,BKN,0.10779266338629853
2022-23,new,LAL,BOS,0.0
2022-23,new,LAL,CHA,0.0007191573750040741
2022-23,new,LAL,CHI,0.05200347207832684
2022-23,new,LAL,CLE,0.00015211267921429303
2022-23,new,LAL,DAL,0.20989374579494785
2022-23,new,LAL,DEN,0.0
2022-23,new,LAL,DET,2.1551805999566972e-05
2022-23,new,LAL,GSW,0.23723700392179958
2022-23,new,LAL,HOU,0.140541755804503
2022-23,new,LAL,IND,0.019636930352967107
2022-23,new,LAL,LAC,0.060752964083964384
2022-23,new,LAL,MEM,0.004503144513405646
2022-23,new,LAL,MIA,0.03577517680161712
2022-23,new,LAL,MIL,0.0
2022-23,new,LAL,MIN,0.0
2022-23,new,LAL,NOP,0.6453582959744582
2022-23,new,LAL,NYK,0.13759370017897948
2022-23,new,LAL,OKC,0.13632812464362862
2022-23,new,LAL,ORL,0.004146377242164458
2022-23,new,LAL,PHI,0.0
2022-23,new,LAL,PHX,0.0
2022-23,new,LAL,POR,0.05783393357183698
2022-23,new,LAL,SAC,0.02738180461780427
2022-23,new,LAL,SAS,4.2760962927833794e-05
2022-23,new,LAL,TOR,0.016462537575021897
2022-23,new,LAL,UTA,0.4289495531370349
2022-23,new,LAL,WAS,0.017392401596252792
2022-23,new,MEM,ATL,0.03574470689266741
2022-23,new,MEM,BKN,0.07811527118003479
2022-23,new,MEM,BOS,0.0
2022-23,new,MEM,CHA,0.0592079654959686
2022-23,new,MEM,CHI,0.03442981190478604
2022-23,new,MEM,CLE,0.0001108308485766366
2022-23,new,MEM,DAL,0.08295105761193436
2022-23,new,MEM,DEN,0.0
2022-23,new,MEM,DET,4.52892110287965e-05
2022-23,new,MEM,GSW,0.11178451918375007
2022-23,new,MEM,HOU,0.1524345371353135
2022-23,new,MEM,IND,0.1697395915981428
2022-23,new,MEM,LAC,0.04359536685609531
2022-23,new,MEM,LAL,0.09364897661258322
2022-23,new,MEM,MIA,0.025519607906972896
2022-23,new,MEM,MIL,0.0
2022-23,new,MEM,MIN,0.0
2022-23,new,MEM,NOP,0.098285829640387
2022-23,new,MEM,NYK,0.12614173736263534
2022-23,new,MEM,OKC,0.10759563552129388
2022-23,new,MEM,ORL,0.001821501451997359
2022-23,new,MEM,PHI,0.0
2022-23,new,MEM,PHX,0.0
2022-23,new,MEM,POR,0.04251089296240996
2022-23,new,MEM,SAC,0.08949007027591331
2022-23,new,MEM,SAS,6.0381038103577277e-05
2022-23,new,MEM,TOR,0.036790238249288267
2022-23,new,MEM,UTA,0.17057905067424997
2022-23,new,MEM,WAS,0.005074266519104592
2022-23,new,MIA,ATL,0.09447786841715984
2022-23,new,MIA,BKN,0.27166056627259
2022-23,new,MIA,BOS,0.0
2022-23,new,MIA,CHA,0.03597700649532523
2022-23,new,MIA,CHI,0.05205246850039416
2022-23,new,MIA,CLE,0.01141831505760443
2022-23,new,MIA,DAL,0.008188530836907144
2022-23,new,MIA,DEN,0.0
2022-23,new,MIA,DET,0.0005363658846936403
2022-23,new,MIA,GSW,0.05998944150405991
2022-23,new,MIA,HOU,0.13285910735061343
2022-23,new,MIA,IND,0.06804425830442505
2022-23,new,MIA,LAC,0.020429956955124697
2022-23,new,MIA,LAL,0.04515975255503094
2022-23,new,MIA,MEM,0.024625193442211882
2022-23,new,MIA,MIL,0.0
2022-23,new,MIA,MIN,0.0
2022-23,new,MIA,NOP,0.01867645464841566
2022-23,new,MIA,NYK,0.1314566511418278
2022-23,new,MIA,OKC,0.02082731684770211
2022-23,new,MIA,ORL,0.013503174870571759
2022-23,new,MIA,PHI,0.0
2022-23,new,MIA,PHX,0.0
2022-23,new,MIA,POR,0.06586463874373759
2022-23,new,MIA,SAC,0.03246832434439721
2022-23,new,MIA,SAS,0.0002640817955689188
2022-23,new,MIA,TOR,0.07862017358416029
2022-23,new,MIA,UTA,0.06348587265925072
2022-23,new,MIA,WAS,0.08947810333579902
2022-23,new,MIL,ATL,0.0674108729710889
2022-23,new,MIL,BKN,0.096236196193019
2022-23,new,MIL,BOS,0.0
2022-23,new,MIL,CHA,0.0810370104757582
2022-23,new,MIL,CHI,0.027709112298734795
2022-23,new,MIL,CLE,0.002595162702357904
2022-23,new,MIL,DAL,0.03151869043664247
2022-23,new,MIL,DEN,0.0
2022-23,new,MIL,DET,8.347674776592299e-05
2022-23,new,MIL,GSW,0.01662500263191613
2022-23,new,MIL,HOU,0.02794639050235956
2022-23,new,MIL,IND,0.09021935741241743
2022-23,new,MIL,LAC,0.1667273710136189
2022-23,new,MIL,LAL,0.02843776964686875
2022-23,new,MIL,MEM,0.02402584766088725
2022-23,new,MIL,MIA,0.04159302520803938
2022-23,new,MIL,MIN,0.0
2022-23,new,MIL,NOP,0.020176185304519784
2022-23,new,MIL,NYK,0.07274675964711544
2022-23,new,MIL,OKC,0.01678205829105693
2022-23,new,MIL,ORL,0.012819704776357707
2022-23,new,MIL,PHI,0.0
2022-23,new,MIL,PHX,0.0
2022-23,new,MIL,POR,0.026142777280406256
2022-23,new,MIL,SAC,0.02193766453263691
2022-23,new,MIL,SAS,0.0002376191010700768
2022-23,new,MIL,TOR,0.019786420693854747
2022-23,new,MIL,UTA,0.07645829083554104
2022-23,new,MIL,WAS,0.028622865436143938
2022-23,new,MIN,ATL,0.03838654691750863
2022-23,new,MIN,BKN,0.11183601045607713
2022-23,new,MIN,BOS,0.0
2022-23,new,MIN,CHA,0.006824670869425517
2022-23,new,MIN,CHI,0.04755414130290413
2022-23,new,MIN,CLE,0.00020348733161176038
2022-23,new,MIN,DAL,0.23336485096253373
2022-23,new,MIN,DEN,0.0
2022-23,new,MIN,DET,0.000761981702239377
2022-23,new,MIN,GSW,0.17180220010708294
2022-23,new,MIN,HOU,0.13641002230324123
2022-23,new,MIN,IND,0.04372137298865053
2022-23,new,MIN,LAC,0.07902586296431575
2022-23,new,MIN,LAL,0.2349531248686554
2022-23,new,MIN,MEM,0.018530712579426744
2022-23,new,MIN,MIA,0.05043935978843278
2022-23,new,MIN,MIL,0.0
2022-23,new,MIN,NOP,0.3162098596260907
2022-23,new,MIN,NYK,0.11102048177523453
2022-23,new,MIN,OKC,0.19329094803229716
2022-23,new,MIN,ORL,0.014126462929228742
2022-23,new,MIN,PHI,0.0
2022-23,new,MIN,PHX,0.0
2022-23,new,MIN,POR,0.05719567715174631
2022-23,new,MIN,SAC,0.020722337470205472
2022-23,new,MIN,SAS,0.00038591775183026194
2022-23,new,MIN,TOR,0.042594659950787636
2022-23,new,MIN,UTA,1.800370089138643
2022-23,new,MIN,WAS,0.030114918132583074
2022-23,new,NOP,ATL,0.017973803235414844
2022-23,new,NOP,BKN,0.07461245375400068
2022-23,new,NOP,BOS,0.0
2022-23,new,NOP,CHA,0.017986651989069187
2022-23,new,NOP,CHI,0.06886282117435033
2022-23,new,NOP,CLE,0.001267749997259043
2022-23,new,NOP,DAL,0.2008028052656499
2022-23,new,NOP,DEN,0.0
2022-23,new,NOP,DET,0.00011092501735512438
2022-23,new,NOP,GSW,0.16478769537536347
2022-23,new,NOP,HOU,0.21008674488182114
2022-23,new,NOP,IND,0.03272998875635622
2022-23,new,NOP,LAC,0.09028071201035094
2022-23,new,NOP,LAL,0.7025156230991907
2022-23,new,NOP,MEM,0.010102690623663643
2022-23,new,NOP,MIA,0.03480243956910227
2022-23,new,NOP,MIL,0.0
2022-23,new,NOP,MIN,0.0
2022-23,new,NOP,NYK,0.11351622544986283
2022-23,new,NOP,OKC,0.19003690628615882
2022-23,new,NOP,ORL,0.0033072922339387844
2022-23,new,NOP,PHI,0.0
2022-23,new,NOP,PHX,0.0
2022-23,new,NOP,POR,0.07524587594433424
2022-23,new,NOP,SAC,0.03292345430092159
2022-23,new,NOP,SAS,0.00020059864962831855
2022-23,new,NOP,TOR,0.005166193681605392
2022-23,new,NOP,UTA,0.4109095321224435
2022-23,new,NOP,WAS,0.018436783385455954
2022-23,new,NYK,ATL,0.038121333318629845
2022-23,new,NYK,BKN,0.1436097473825873
2022-23,new,NYK,BOS,0.0
2022-23,new,NYK,CHA,0.025827588218643175
2022-23,new,NYK,CHI,0.03109420068490607
2022-23,new,NYK,CLE,0.006021626281594682
2022-23,new,NYK,DAL,0.06290421929453288
2022-23,new,NYK,DEN,0.0
2022-23,new,NYK,DET,9.917791954192317e-05
2022-23,new,NYK,GSW,0.06674782104169609
2022-23,new,NYK,HOU,0.0888685353737172
2022-23,new,NYK,IND,0.07976292113015662
2022-23,new,NYK,LAC,0.024631465774226195
2022-23,new,NYK,LAL,0.08910075439025794
2022-23,new,NYK,MEM,0.045074772961810367
2022-23,new,NYK,MIA,0.09379289825812306
2022-23,new,NYK,MIL,0.0
2022-23,new,NYK,MIN,0.0
2022-23,new,NYK,NOP,0.03622575410262376
2022-23,new,NYK,OKC,0.05053744599662705
2022-23,new,NYK,ORL,0.003370304887933017
2022-23,new,NYK,PHI,0.0
2022-23,new,NYK,PHX,0.0
2022-23,new,NYK,POR,0.3600835948055047
2022-23,new,NYK,SAC,0.08203712625991534
2022-23,new,NYK,SAS,0.00021958232277050866
2022-23,new,NYK,TOR,0.02882076612921243
2022-23,new,NYK,UTA,0.15777373378696405
2022-23,new,NYK,WAS,0.038247190658438526
2022-23,new,OKC,ATL,0.019460918076646478
2022-23,new,OKC,BKN,0.17933094005222364
2022-23,new,OKC,BOS,0.0
2022-23,new,OKC,CHA,0.007956941994869786
2022-23,new,OKC,CHI,0.02915323996633762
2022-23,new,OKC,CLE,4.14998831368017e-05
2022-23,new,OKC,DAL,0.34564655800981964
2022-23,new,OKC,DEN,0.0
2022-23,new,OKC,DET,4.348432817560744e-05
2022-23,new,OKC,GSW,0.08214622161707771
2022-23,new,OKC,HOU,0.14842618481950545
2022-23,new,OKC,IND,0.030510052188694854
2022-23,new,OKC,LAC,0.1183841605492715
2022-23,new,OKC,LAL,0.20090463294340533
2022-23,new,OKC,MEM,0.011046761593727347
2022-23,new,OKC,MIA,0.037731899773382954
2022-23,new,OKC,MIL,0.0
2022-23,new,OKC,MIN,0.0
2022-23,new,OKC,NOP,0.18935425518068544
2022-23,new,OKC,NYK,0.1806093537181281
2022-23,new,OKC,ORL,0.002945127715650086
2022-23,new,OKC,PHI,0.0
2022-23,new,OKC,PHX,0.0
2022-23,new,OKC,POR,0.03389457571346023
2022-23,new,OKC,SAC,0.0188804629399101
2022-23,new,OKC,SAS,3.868537065427753e-05
2022-23,new,OKC,TOR,0.0027749615693842943
2022-23,new,OKC,UTA,0.17210359421399754
2022-23,new,OKC,WAS,0.01016443838864708
2022-23,new,ORL,ATL,0.029959325072771045
2022-23,new,ORL,BKN,0.06939271149830782
2022-23,new,ORL,BOS,0.0
2022-23,new,ORL,CHA,0.013325953893913533
2022-23,new,ORL,CHI,0.03920892138487607
2022-23,new,ORL,CLE,0.0007915991359792359
2022-23,new,ORL,DAL,0.03746277637357503
2022-23,new,ORL,DEN,0.0
2022-23,new,ORL,DET,0.0004965367902065447
2022-23,new,ORL,GSW,0.05319446169009458
2022-23,new,ORL,HOU,0.059068696393113546
2022-23,new,ORL,IND,0.05110045046255929
2022-23,new,ORL,LAC,0.02306681043885905
2022-23,new,ORL,LAL,0.05370016207183906
2022-23,new,ORL,MEM,0.025027935603507245
2022-23,new,ORL,MIA,0.08083906411789434
2022-23,new,ORL,MIL,0.0
2022-23,new,ORL,MIN,0.0
2022-23,new,ORL,NOP,0.02698410566741649
2022-23,new,ORL,NYK,0.03751970274684167
2022-23,new,ORL,OKC,0.03123464446139506
2022-23,new,ORL,PHI,0.0
2022-23,new,ORL,PHX,0.0
2022-23,new,ORL,POR,0.03833353181092771
2022-23,new,ORL,SAC,0.016025616854141687
2022-23,new,ORL,SAS,0.0014072884544456023
2022-23,new,ORL,TOR,0.012754853197408947
2022-23,new,ORL,UTA,0.05931405155461342
2022-23,new,ORL,WAS,0.023845360351101148
2022-23,new,PHI,ATL,0.08872325903354428
2022-23,new,PHI,BKN,0.14038771066712322
2022-23,new,PHI,BOS,0.0
2022-23,new,PHI,CHA,0.13360691654151333
2022-23,new,PHI,CHI,0.06365064751589516
2022-23,new,PHI,CLE,0.002461513444291555
2022-23,new,PHI,DAL,0.03556926699322684
2022-23,new,PHI,DEN,0.0
2022-23,new,PHI,DET,0.00010187995285224232
2022-23,new,PHI,GSW,0.04542995156804893
2022-23,new,PHI,HOU,0.04719019452150075
2022-23,new,PHI,IND,0.14866775099411084
2022-23,new,PHI,LAC,0.04537984934535104
2022-23,new,PHI,LAL,0.06792861001313151
2022-23,new,PHI,MEM,0.06114224796393408
2022-23,new,PHI,MIA,0.02475297957351272
2022-23,new,PHI,MIL,0.0
2022-23,new,PHI,MIN,0.0
2022-23,new,PHI,NOP,0.044540678768776
2022-23,new,PHI,NYK,0.12993145662239278
2022-23,new,PHI,OKC,0.040502424735178504
2022-23,new,PHI,ORL,0.01712734198082874
2022-23,new,PHI,PHX,0.0
2022-23,new,PHI,POR,0.0188821467754805
2022-23,new,PHI,SAC,0.017850904230989173
2022-23,new,PHI,SAS,0.0003798289952513202
2022-23,new,PHI,TOR,0.05091469910626764
2022-23,new,PHI,UTA,0.4961161665932847
2022-23,new,PHI,WAS,0.036140469641400275
2022-23,new,PHX,ATL,0.014586261188054195
2022-23,new,PHX,BKN,0.8484237889604096
2022-23,new,PHX,BOS,0.0
2022-23,new,PHX,CHA,0.03984764577055194
2022-23,new,PHX,CHI,0.009674085698906938
2022-23,new,PHX,CLE,1.4064736623571786e-05
2022-23,new,PHX,DAL,0.11771722710711988
2022-23,new,PHX,DEN,0.0
2022-23,new,PHX,DET,0.0001006265097142819
2022-23,new,PHX,GSW,0.15454379984282685
2022-23,new,PHX,HOU,0.1848709603245089
2022-23,new,PHX,IND,0.03145797577861766
2022-23,new,PHX,LAC,0.04518184311410958
2022-23,new,PHX,LAL,0.08829202702562003
2022-23,new,PHX,MEM,0.01917679757631776
2022-23,new,PHX,MIA,0.06250364624257637
2022-23,new,PHX,MIL,0.0
2022-23,new,PHX,MIN,0.0
2022-23,new,PHX,NOP,0.14351966623206833
2022-23,new,PHX,NYK,0.07258892554321536
2022-23,new,PHX,OKC,0.07352667067806107
2022-23,new,PHX,ORL,0.00819068191650917
2022-23,new,PHX,PHI,0.0
2022-23,new,PHX,POR,0.03826932087724418
2022-23,new,PHX,SAC,0.025233747988294294
2022-23,new,PHX,SAS,0.0001773917956776632
2022-23,new,PHX,TOR,0.007762024246489016
2022-23,new,PHX,UTA,0.2566882793420661
2022-23,new,PHX,WAS,0.01271895271439722
2022-23,new,POR,ATL,0.033286608886479115
2022-23,new,POR,BKN,0.05027827689974565
2022-23,new,POR,BOS,0.0
2022-23,new,POR,CHA,0.012246188981372797
2022-23,new,POR,CHI,0.25822007960251614
2022-23,new,POR,CLE,0.00046384187516737086
2022-23,new,POR,DAL,0.11450816072299122
2022-23,new,POR,DEN,0.0
2022-23,new,POR,DET,6.0465134950149476e-05
2022-23,new,POR,GSW,0.092614065569052
2022-23,new,POR,HOU,0.15168615382568157
2022-23,new,POR,IND,0.05972365916786938
2022-23,new,POR,LAC,0.04533755430281323
2022-23,new,POR,LAL,0.21369773638374495
2022-23,new,POR,MEM,0.011931660771710935
2022-23,new,POR,MIA,0.041042320613607595
2022-23,new,POR,MIL,0.0
2022-23,new,POR,MIN,0.0
2022-23,new,POR,NOP,0.1853701503055596
2022-23,new,POR,NYK,0.08731884817131676
2022-23,new,POR,OKC,0.11808189616566683
2022-23,new,POR,ORL,0.009668827298389387
2022-23,new,POR,PHI,0.0
2022-23,new,POR,PHX,0.0
2022-23,new,POR,SAC,0.015318975090977434
2022-23,new,POR,SAS,0.00016976931162409367
2022-23,new,POR,TOR,0.023070115918460324
2022-23,new,POR,UTA,0.22190191716161534
2022-23,new,POR,WAS,0.029911681899153438
2022-23,new,SAC,ATL,0.021025727275387485
2022-23,new,SAC,BKN,0.20913676324520863
2022-23,new,SAC,BOS,0.0
2022-23,new,SAC,CHA,0.044075985090668506
2022-23,new,SAC,CHI,0.04666858305090134
2022-23,new,SAC,CLE,0.00012443939555568842
2022-23,new,SAC,DAL,0.08483491611281832
2022-23,new,SAC,DEN,0.0
2022-23,new,SAC,DET,2.346177107102283e-06
2022-23,new,SAC,GSW,0.0784104991118138
2022-23,new,SAC,HOU,0.1341290409231141
2022-23,new,SAC,IND,0.10496238553999963
2022-23,new,SAC,LAC,0.04313065775479431
2022-23,new,SAC,LAL,0.12985371807054216
2022-23,new,SAC,MEM,0.08474601545785428
2022-23,new,SAC,MIA,0.03768619906926501
2022-23,new,SAC,MIL,0.0
2022-23,new,SAC,MIN,0.0
2022-23,new,SAC,NOP,0.06571012915672075
2022-23,new,SAC,NYK,0.08747135808153561
2022-23,new,SAC,OKC,0.0964994613610505
2022-23,new,SAC,ORL,0.014220531614589953
2022-23,new,SAC,PHI,0.0
2022-23,new,SAC,PHX,0.0
2022-23,new,SAC,POR,0.10274746684248165
2022-23,new,SAC,SAS,6.415440211953711e-06
2022-23,new,SAC,TOR,0.008987385434369808
2022-23,new,SAC,UTA,0.23703178708922573
2022-23,new,SAC,WAS,0.01260468521912895
2022-23,new,SAS,ATL,0.006237526344495357
2022-23,new,SAS,BKN,0.04606243846502805
2022-23,new,SAS,BOS,0.0
2022-23,new,SAS,CHA,0.028041687179846998
2022-23,new,SAS,CHI,0.02419051994982555
2022-23,new,SAS,CLE,1.2681457583939533e-06
2022-23,new,SAS,DAL,0.04477043035894088
2022-23,new,SAS,DEN,0.0
2022-23,new,SAS,DET,0.001380831386285346
2022-23,new,SAS,GSW,0.04089769881488125
2022-23,new,SAS,HOU,0.030770474217916385
2022-23,new,SAS,IND,0.05754420735269502
2022-23,new,SAS,LAC,0.03283405206732227
2022-23,new,SAS,LAL,0.10565571040366697
2022-23,new,SAS,MEM,0.008763158546428102
2022-23,new,SAS,MIA,0.018605611076206275
2022-23,new,SAS,MIL,0.0
2022-23,new,SAS,MIN,0.0
2022-23,new,SAS,NOP,0.12594665898766835
2022-23,new,SAS,NYK,0.07733487899989255
2022-23,new,SAS,OKC,0.051368264896947693
2022-23,new,SAS,ORL,0.003111105188767915
2022-23,new,SAS,PHI,0.0
2022-23,new,SAS,PHX,0.0
2022-23,new,SAS,POR,0.036844379059912356
2022-23,new,SAS,SAC,0.01564446211021333
2022-23,new,SAS,TOR,0.028969994080169547
2022-23,new,SAS,UTA,0.1932642105695351
2022-23,new,SAS,WAS,0.009171270101754213
2022-23,new,TOR,ATL,0.30630035825800905
2022-23,new,TOR,BKN,0.06074257004359047
2022-23,new,TOR,BOS,0.0
2022-23,new,TOR,CHA,0.03939840851180545
2022-23,new,TOR,CHI,0.2126842952328247
2022-23,new,TOR,CLE,0.0008079229209039143
2022-23,new,TOR,DAL,0.0857372528104233
2022-23,new,TOR,DEN,0.0
2022-23,new,TOR,DET,0.00016068696173294542
2022-23,new,TOR,GSW,0.054651738991597074
2022-23,new,TOR,HOU,0.05325511906422467
2022-23,new,TOR,IND,0.06109823583507767
2022-23,new,TOR,LAC,0.01993318982436402
2022-23,new,TOR,LAL,0.08303124985874408
2022-23,new,TOR,MEM,0.011189177133375288
2022-23,new,TOR,MIA,0.06959389912234326
2022-23,new,TOR,MIL,0.0
2022-23,new,TOR,MIN,0.0
2022-23,new,TOR,NOP,0.04558836188639018
2022-23,new,TOR,NYK,0.15491971980136807
2022-23,new,TOR,OKC,0.04429606660674646
2022-23,new,TOR,ORL,0.02901685416520393
2022-23,new,TOR,PHI,0.0
2022-23,new,TOR,PHX,0.0
2022-23,new,TOR,POR,0.040290451012032234
2022-23,new,TOR,SAC,0.011258332144782425
2022-23,new,TOR,SAS,0.0009009096917756003
2022-23,new,TOR,UTA,0.1586932410739016
2022-23,new,TOR,WAS,0.14626713464486832
2022-23,new,UTA,ATL,0.010887101222390897
2022-23,new,UTA,BKN,0.08483237968071437
2022-23,new,UTA,BOS,0.0
2022-23,new,UTA,CHA,0.037694974208109064
2022-23,new,UTA,CHI,0.02371240742362747
2022-23,new,UTA,CLE,0.00020761704511994982
2022-23,new,UTA,DAL,0.17107789024281264
2022-23,new,UTA,DEN,0.0
2022-23,new,UTA,DET,5.081804244388796e-05
2022-23,new,UTA,GSW,0.13251033554321617
2022-23,new,UTA,HOU,0.042154363710834676
2022-23,new,UTA,IND,0.04863628017017651
2022-23,new,UTA,LAC,0.06325862132279797
2022-23,new,UTA,LAL,0.11353960113730362
2022-23,new,UTA,MEM,0.015528095568180881
2022-23,new,UTA,MIA,0.03350140419953132
2022-23,new,UTA,MIL,0.0
2022-23,new,UTA,MIN,0.0
2022-23,new,UTA,NOP,0.1531527468662685
2022-23,new,UTA,NYK,0.11612882653467826
2022-23,new,UTA,OKC,0.08547198235338298
2022-23,new,UTA,ORL,0.0020948643810748406
2022-23,new,UTA,PHI,0.0
2022-23,new,UTA,PHX,0.0
2022-23,new,UTA,POR,0.046389173032795154
2022-23,new,UTA,SAC,0.0089852808319923
2022-23,new,UTA,SAS,0.00015424366399108868
2022-23,new,UTA,TOR,0.008547890934763514
2022-23,new,UTA,WAS,0.005694744093079366
2022-23,new,WAS,ATL,0.10815257497589106
2022-23,new,WAS,BKN,0.06664157915368574
2022-23,new,WAS,BOS,0.0
2022-23,new,WAS,CHA,0.03709914016732686
2022-23,new,WAS,CHI,0.13215918171958976
2022-23,new,WAS,CLE,0.0021576660220566264
2022-23,new,WAS,DAL,0.018626138312921824
2022-23,new,WAS,DEN,0.0
2022-23,new,WAS,DET,0.00011336051608747142
2022-23,new,WAS,GSW,0.0211380808581478
2022-23,new,WAS,HOU,0.028885506913407126
2022-23,new,WAS,IND,0.07262748928951471
2022-23,new,WAS,LAC,0.024462284651918118
2022-23,new,WAS,LAL,0.022811422512168066
2022-23,new,WAS,MEM,0.019726687770095803
2022-23,new,WAS,MIA,0.0382063607752807
2022-23,new,WAS,MIL,0.0
2022-23,new,WAS,MIN,0.0
2022-23,new,WAS,NOP,0.009936422239808401
2022-23,new,WAS,NYK,0.49752012231070797
2022-23,new,WAS,OKC,0.018699622877034486
2022-23,new,WAS,ORL,0.0451839765011467
2022-23,new,WAS,PHI,0.0
2022-23,new,WAS,PHX,0.0
2022-23,new,WAS,POR,0.044677326353390556
2022-23,new,WAS,SAC,0.026728893617022433
2022-23,new,WAS,SAS,0.00033309263983469624
2022-23,new,WAS,TOR,0.12662696602875814
2022-23,new,WAS,UTA,0.10933811949000603
2022-23,old,ATL,BKN,0.049583161321050784
2022-23,old,ATL,BOS,0.0
2022-23,old,ATL,CHA,0.02096066245881553
2022-23,old,ATL,CHI,0.07664932625034063
2022-23,old,ATL,CLE,0.002384633288010357
2022-23,old,ATL,DAL,0.09535000207812105
2022-23,old,ATL,DEN,0.0
2022-23,old,ATL,DET,0.0018065156159495367
2022-23,old,ATL,GSW,0.044311539572921645
2022-23,old,ATL,HOU,0.04429849098982483
2022-23,old,ATL,IND,0.08714904826619355
2022-23,old,ATL,LAC,0.0026977370953757385
2022-23,old,ATL,LAL,0.05943265012872873
2022-23,old,ATL,MEM,0.017490396957535667
2022-23,old,ATL,MIA,0.03596102013627089
2022-23,old,ATL,MIL,0.0
2022-23,old,ATL,MIN,0.0
2022-23,old,ATL,NOP,0.07023679972826985
2022-23,old,ATL,NYK,0.47499614939319845
2022-23,old,ATL,OKC,0.0650934810927218
2022-23,old,ATL,ORL,0.06718031798218128
2022-23,old,ATL,PHI,0.0
2022-23,old,ATL,PHX,0.0
2022-23,old,ATL,POR,0.033433361859377765
2022-23,old,ATL,SAC,0.018835634396223204
2022-23,old,ATL,SAS,0.0011422668631800403
2022-23,old,ATL,TOR,0.15334317872720177
2022-23,old,ATL,UTA,0.21053424164306703
2022-23,old,ATL,WAS,0.16234123521317786
2022-23,old,BKN,ATL,0.04087712529054324
2022-23,old,BKN,BOS,0.0
2022-23,old,BKN,CHA,0.059569021468409644
2022-23,old,BKN,CHI,0.0228168170629586
2022-23,old,BKN,CLE,0.0032463682746058913
2022-23,old,BKN,DAL,0.08093805714541621
2022-23,old,BKN,DEN,0.0
2022-23,old,BKN,DET,0.0018010817660904373
2022-23,old,BKN,GSW,0.0593836876454247
2022-23,old,BKN,HOU,0.062306843775220146
2022-23,old,BKN,IND,0.08966502778890129
2022-23,old,BKN,LAC,0.02355334056583474
2022-23,old,BKN,LAL,0.03779418130457433
2022-23,old,BKN,MEM,0.04182526799827034
2022-23,old,BKN,MIA,0.15223983080545628
2022-23,old,BKN,MIL,0.0
2022-23,old,BKN,MIN,0.0
2022-23,old,BKN,NOP,0.038673760966249277
2022-23,old,BKN,NYK,0.10536198615485368
2022-23,old,BKN,OKC,0.02851751101580609
2022-23,old,BKN,ORL,0.02610789419760612
2022-23,old,BKN,PHI,0.0
2022-23,old,BKN,PHX,0.0
2022-23,old,BKN,POR,0.06560323587037899
2022-23,old,BKN,SAC,0.04697791198984283
2022-23,old,BKN,SAS,0.002782827004248653
2022-23,old,BKN,TOR,0.047221243991527245
2022-23,old,BKN,UTA,0.16235413459812842
2022-23,old,BKN,WAS,0.06450396066221745
2022-23,old,BOS,ATL,0.0492221537757799
2022-23,old,BOS,BKN,0.030663158724929016
2022-23,old,BOS,CHA,0.1020114565898694
2022-23,old,BOS,CHI,0.0814212750094581
2022-23,old,BOS,CLE,0.0007552263133436688
2022-23,old,BOS,DAL,0.07134812454536799
2022-23,old,BOS,DEN,0.0
2022-23,old,BOS,DET,0.0013434012445120407
2022-23,old,BOS,GSW,0.022709719717287198
2022-23,old,BOS,HOU,0.021480872953603656
2022-23,old,BOS,IND,0.277784518947507
2022-23,old,BOS,LAC,0.07741082983605307
2022-23,old,BOS,LAL,0.034365839877041414
2022-23,old,BOS,MEM,0.028301371215522144
2022-23,old,BOS,MIA,0.024383516893834493
2022-23,old,BOS,MIL,0.0
2022-23,old,BOS,MIN,0.0
2022-23,old,BOS,NOP,0.053572737689567565
2022-23,old,BOS,NYK,0.05767174399116942
2022-23,old,BOS,OKC,0.03459348062581206
2022-23,old,BOS,ORL,0.015847499390427306
2022-23,old,BOS,PHI,0.0
2022-23,old,BOS,PHX,0.0
2022-23,old,BOS,POR,0.07275835664343615
2022-23,old,BOS,SAC,0.019875308703515948
2022-23,old,BOS,SAS,0.0015977155935621317
2022-23,old,BOS,TOR,0.028809503158356113
2022-23,old,BOS,UTA,0.13417937282880305
2022-23,old,BOS,WAS,0.039781791198111704
2022-23,old,CHA,ATL,0.05640159205353731
2022-23,old,CHA,BKN,0.07360426677300222
2022-23,old,CHA,BOS,0.0
2022-23,old,CHA,CHI,0.05079342001789457
2022-23,old,CHA,CLE,0.0014204244399675364
2022-23,old,CHA,DAL,0.1240934964987108
2022-23,old,CHA,DEN,0.0
2022-23,old,CHA,DET,0.0032844940624776843
2022-23,old,CHA,GSW,0.03752443263962098
2022-23,old,CHA,HOU,0.033587554068714054
2022-23,old,CHA,IND,0.09028967914530878
2022-23,old,CHA,LAC,0.00266729526556948
2022-23,old,CHA,LAL,0.05724003204365325
2022-23,old,CHA,MEM,0.03677453347427898
2022-23,old,CHA,MIA,0.02242114944135108
2022-23,old,CHA,MIL,0.0
2022-23,old,CHA,MIN,0.0
2022-23,old,CHA,NOP,0.059507273623864335
2022-23,old,CHA,NYK,0.24367624829751028
2022-23,old,CHA,OKC,0.057778017361234925
2022-23,old,CHA,ORL,0.02884792004434817
2022-23,old,CHA,PHI,0.0
2022-23,old,CHA,PHX,0.0
2022-23,old,CHA,POR,0.06554216115202594
2022-23,old,CHA,SAC,0.028540386064370402
2022-23,old,CHA,SAS,0.0062843867836502405
2022-23,old,CHA,TOR,0.04154716558739323
2022-23,old,CHA,UTA,0.1548288403539679
2022-23,old,CHA,WAS,0.049301466711062
2022-23,old,CHI,ATL,0.11858345168222989
2022-23,old,CHI,BKN,0.07370225908187782
2022-23,old,CHI,BOS,0.0
2022-23,old,CHI,CHA,0.028962483396077356
2022-23,old,CHI,CLE,0.0005625246841916069
2022-23,old,CHI,DAL,0.30776521993295947
2022-23,old,CHI,DEN,0.0
2022-23,old,CHI,DET,0.0011529205292870634
2022-23,old,CHI,GSW,0.04493362449451109
2022-23,old,CHI,HOU,0.0724030176554365
2022-23,old,CHI,IND,0.04797917083301496
2022-23,old,CHI,LAC,0.021157597005266923
2022-23,old,CHI,LAL,0.032862338133353
2022-23,old,CHI,MEM,0.011029718914387636
2022-23,old,CHI,MIA,0.02180868010359499
2022-23,old,CHI,MIL,0.0
2022-23,old,CHI,MIN,0.0
2022-23,old,CHI,NOP,0.12451966611299152
2022-23,old,CHI,NYK,0.7048978229424167
2022-23,old,CHI,OKC,0.11671524712699466
2022-23,old,CHI,ORL,0.2988267423461517
2022-23,old,CHI,PHI,0.0
2022-23,old,CHI,PHX,0.0
2022-23,old,CHI,POR,0.03024897477709846
2022-23,old,CHI,SAC,0.013268764613955314
2022-23,old,CHI,SAS,0.0017827285389729775
2022-23,old,CHI,TOR,0.12100303257489703
2022-23,old,CHI,UTA,0.1701831043002313
2022-23,old,CHI,WAS,0.1823057567555917
2022-23,old,CLE,ATL,0.0192003934993403
2022-23,old,CLE,BKN,0.05456763899443597
2022-23,old,CLE,BOS,0.0
2022-23,old,CLE,CHA,0.036630805259690424
2022-23,old,CLE,CHI,0.02281343892068706
2022-23,old,CLE,DAL,0.032603026468984615
2022-23,old,CLE,DEN,0.0
2022-23,old,CLE,DET,0.0015335750579564043
2022-23,old,CLE,GSW,0.019545348361566343
2022-23,old,CLE,HOU,0.020231950596227823
2022-23,old,CLE,IND,0.4217313666503526
2022-23,old,CLE,LAC,0.013785829767123154
2022-23,old,CLE,LAL,0.017110452515269825
2022-23,old,CLE,MEM,0.14021551905472754
2022-23,old,CLE,MIA,0.03104896026280618
2022-23,old,CLE,MIL,0.0
2022-23,old,CLE,MIN,0.0
2022-23,old,CLE,NOP,0.01811611008882555
2022-23,old,CLE,NYK,0.07505396285926315
2022-23,old,CLE,OKC,0.01600996803791375
2022-23,old,CLE,ORL,0.01429857401427472
2022-23,old,CLE,PHI,0.0
2022-23,old,CLE,PHX,0.0
2022-23,old,CLE,POR,0.04841580655232114
2022-23,old,CLE,SAC,0.07426048750860809
2022-23,old,CLE,SAS,0.002658469878428356
2022-23,old,CLE,TOR,0.029957441235252017
2022-23,old,CLE,UTA,0.0765030937622116
2022-23,old,CLE,WAS,0.0704066442959484
2022-23,old,DAL,ATL,0.04493433223718099
2022-23,old,DAL,BKN,0.10302896766510768
2022-23,old,DAL,BOS,0.0
2022-23,old,DAL,CHA,0.02205344976559151
2022-23,old,DAL,CHI,0.05472096102611462
2022-23,old,DAL,CLE,1.9537938728317592e-05
2022-23,old,DAL,DEN,0.0
2022-23,old,DAL,DET,0.0012802311121108045
2022-23,old,DAL,GSW,0.06584361742890653
2022-23,old,DAL,HOU,0.06972817833625693
2022-23,old,DAL,IND,0.04481050945125896
2022-23,old,DAL,LAC,0.005585398738641804
2022-23,old,DAL,LAL,0.10449434246398218
2022-23,old,DAL,MEM,0.0184545100655182
2022-23,old,DAL,MIA,0.03368273021599504
2022-23,old,DAL,MIL,0.0
2022-23,old,DAL,MIN,0.0
2022-23,old,DAL,NOP,0.1386204199734393
2022-23,old,DAL,NYK,1.5671145351897944
2022-23,old,DAL,OKC,0.15173868595602408
2022-23,old,DAL,ORL,0.025044301432021177
2022-23,old,DAL,PHI,0.0
2022-23,old,DAL,PHX,0.0
2022-23,old,DAL,POR,0.052051305652961
2022-23,old,DAL,SAC,0.034701186172703624
2022-23,old,DAL,SAS,0.00010500268957431035
2022-23,old,DAL,TOR,0.05686047919300923
2022-23,old,DAL,UTA,0.2300659033448797
2022-23,old,DAL,WAS,0.03117368070401119
2022-23,old,DEN,ATL,0.03324725632572136
2022-23,old,DEN,BKN,0.07990714819113974
2022-23,old,DEN,BOS,0.0
2022-23,old,DEN,CHA,0.3784272339967656
2022-23,old,DEN,CHI,0.01925564660594324
2022-23,old,DEN,CLE,0.0003156519385167008
2022-23,old,DEN,DAL,0.04466201067752134
2022-23,old,DEN,DET,0.001681646832041235
2022-23,old,DEN,GSW,0.025117554839993325
2022-23,old,DEN,HOU,0.08232920317442943
2022-23,old,DEN,IND,0.11517242909722487
2022-23,old,DEN,LAC,0.0419609375930881
2022-23,old,DEN,LAL,0.047986530232492136
2022-23,old,DEN,MEM,0.04678450224993751
2022-23,old,DEN,MIA,0.0434489533729798
2022-23,old,DEN,MIL,0.0
2022-23,old,DEN,MIN,0.0
2022-23,old,DEN,NOP,0.02476508656422335
2022-23,old,DEN,NYK,0.11161348224020357
2022-23,old,DEN,OKC,0.028119073196089476
2022-23,old,DEN,ORL,0.020777746425033702
2022-23,old,DEN,PHI,0.0
2022-23,old,DEN,PHX,0.0
2022-23,old,DEN,POR,0.07249838019058077
2022-23,old,DEN,SAC,0.029373474868566604
2022-23,old,DEN,SAS,0.0032125031838244043
2022-23,old,DEN,TOR,0.014159522343308294
2022-23,old,DEN,UTA,0.11199807450527627
2022-23,old,DEN,WAS,0.054294088505871786
2022-23,old,DET,ATL,0.04349936894897891
2022-23,old,DET,BKN,0.024770262763979062
2022-23,old,DET,BOS,0.0
2022-23,old,DET,CHA,0.02269410392870526
2022-23,old,DET,CHI,0.08939423769394052
2022-23,old,DET,CLE,0.0002106670747887792
2022-23,old,DET,DAL,0.1727413738161631
2022-23,old,DET,DEN,0.0
2022-23,old,DET,GSW,0.03101927978628711
2022-23,old,DET,HOU,0.028614224176472525
2022-23,old,DET,IND,0.07985263355664024
2022-23,old,DET,LAC,0.012192349190490543
2022-23,old,DET,LAL,0.03620743559386405
2022-23,old,DET,MEM,0.006553427149649058
2022-23,old,DET,MIA,0.022225485473273132
2022-23,old,DET,MIL,0.0
2022-23,old,DET,MIN,0.0
2022-23,old,DET,NOP,0.05497467710845302
2022-23,old,DET,NYK,0.21319752554361893
2022-23,old,DET,OKC,0.048040140173839535
2022-23,old,DET,ORL,0.04759254110019433
2022-23,old,DET,PHI,0.0
2022-23,old,DET,PHX,0.0
2022-23,old,DET,POR,0.03970339389127577
2022-23,old,DET,SAC,0.007020126139053999
2022-23,old,DET,SAS,0.015888066736433046
2022-23,old,DET,TOR,0.05958589935356257
2022-23,old,DET,UTA,0.07875705087308923
2022-23,old,DET,WAS,0.09209757727064584
2022-23,old,GSW,ATL,0.03844227757473944
2022-23,old,GSW,BKN,0.11748830833339148
2022-23,old,GSW,BOS,0.0
2022-23,old,GSW,CHA,0.02529573328293979
2022-23,old,GSW,CHI,0.08399238227006196
2022-23,old,GSW,CLE,3.8390554605668414e-05
2022-23,old,GSW,DAL,0.13152511660819433
2022-23,old,GSW,DEN,0.0
2022-23,old,GSW,DET,0.0014105292675353326
2022-23,old,GSW,HOU,0.24823922387898323
2022-23,old,GSW,IND,0.041076411823625064
2022-23,old,GSW,LAC,0.008471174624985372
2022-23,old,GSW,LAL,0.196990031613045
2022-23,old,GSW,MEM,0.010035788815494176
2022-23,old,GSW,MIA,0.07975913724597697
2022-23,old,GSW,MIL,0.0
2022-23,old,GSW,MIN,0.0
2022-23,old,GSW,NOP,0.14877424632737032
2022-23,old,GSW,NYK,0.1821811049181447
2022-23,old,GSW,OKC,0.0920188571983579
2022-23,old,GSW,ORL,0.01624289716162857
2022-23,old,GSW,PHI,0.0
2022-23,old,GSW,PHX,0.0
2022-23,old,GSW,POR,0.06177801974136776
2022-23,old,GSW,SAC,0.025104415414862993
2022-23,old,GSW,SAS,0.002225658103462343
2022-23,old,GSW,TOR,0.04282112759640414
2022-23,old,GSW,UTA,0.24992259591769986
2022-23,old,GSW,WAS,0.02869506616299006
2022-23,old,HOU,ATL,0.02732544761012466
2022-23,old,HOU,BKN,0.025267515871496806
2022-23,old,HOU,BOS,0.0
2022-23,old,HOU,CHA,0.03674400065348544
2022-23,old,HOU,CHI,0.050463040669439324
2022-23,old,HOU,CLE,0.0003705153559727145
2022-23,old,HOU,DAL,0.036646129072559874
2022-23,old,HOU,DEN,0.0
2022-23,old,HOU,DET,0.014863287202260376
2022-23,old,HOU,GSW,0.0377958739522684
2022-23,old,HOU,IND,0.08123448737755051
2022-23,old,HOU,LAC,0.009326239264979637
2022-23,old,HOU,LAL,0.050499729954212064
2022-23,old,HOU,MEM,0.013538851984722638
2022-23,old,HOU,MIA,0.04034640982703032
2022-23,old,HOU,MIL,0.0
2022-23,old,HOU,MIN,0.0
2022-23,old,HOU,NOP,0.0635953664302561
2022-23,old,HOU,NYK,0.033764173750757416
2022-23,old,HOU,OKC,0.04712553860539378
2022-23,old,HOU,ORL,0.023107595576910677
2022-23,old,HOU,PHI,0.0
2022-23,old,HOU,PHX,0.0
2022-23,old,HOU,POR,0.055190373883005316
2022-23,old,HOU,SAC,0.02725862680003166
2022-23,old,HOU,SAS,0.03163760065973633
2022-23,old,HOU,TOR,0.035054065099654336
2022-23,old,HOU,UTA,0.1394530886144687
2022-23,old,HOU,WAS,0.03907632477631647
2022-23,old,IND,ATL,0.04191383391357183
2022-23,old,IND,BKN,0.01712290155010446
2022-23,old,IND,BOS,0.0
2022-23,old,IND,CHA,0.019405213390977723
2022-23,old,IND,CHI,0.09873883062155274
2022-23,old,IND,CLE,0.00021255214283513895
2022-23,old,IND,DAL,0.06995062087040166
2022-23,old,IND,DEN,0.0
2022-23,old,IND,DET,0.002147767091218568
2022-23,old,IND,GSW,0.020826476171137382
2022-23,old,IND,HOU,0.015695043197463683
2022-23,old,IND,LAC,0.017643319005688548
2022-23,old,IND,LAL,0.03168965491209308
2022-23,old,IND,MEM,0.010525934385858044
2022-23,old,IND,MIA,0.009637543665903893
2022-23,old,IND,MIL,0.0
2022-23,old,IND,MIN,0.0
2022-23,old,IND,NOP,0.05938119647777561
2022-23,old,IND,NYK,0.2378443751971642
2022-23,old,IND,OKC,0.041514816885705685
2022-23,old,IND,ORL,0.07915452176411156
2022-23,old,IND,PHI,0.0
2022-23,old,IND,PHX,0.0
2022-23,old,IND,POR,0.09626258059911505
2022-23,old,IND,SAC,0.028079553356737882
2022-23,old,IND,SAS,0.0028645911589235203
2022-23,old,IND,TOR,0.06171319796165344
2022-23,old,IND,UTA,0.11069269961504603
2022-23,old,IND,WAS,0.14618768965169324
2022-23,old,LAC,ATL,0.045037076402851005
2022-23,old,LAC,BKN,0.14474830411306214
2022-23,old,LAC,BOS,0.0
2022-23,old,LAC,CHA,0.013846250735102178
2022-23,old,LAC,CHI,0.02899189971773127
2022-23,old,LAC,CLE,0.00010639653967116475
2022-23,old,LAC,DAL,0.06953294198957302
2022-23,old,LAC,DEN,0.0
2022-23,old,LAC,DET,1.841883036630849e-05
2022-23,old,LAC,GSW,0.10279337756994955
2022-23,old,LAC,HOU,0.9863507541067944
2022-23,old,LAC,IND,0.05113987825256202
2022-23,old,LAC,LAL,0.1273089967982378
2022-23,old,LAC,MEM,0.008023227104211014
2022-23,old,LAC,MIA,0.07470265466562565
2022-23,old,LAC,MIL,0.0
2022-23,old,LAC,MIN,0.0
2022-23,old,LAC,NOP,0.09206546417415416
2022-23,old,LAC,NYK,0.09059322157933758
2022-23,old,LAC,OKC,0.16732085034694796
2022-23,old,LAC,ORL,0.042648764569123324
2022-23,old,LAC,PHI,0.0
2022-23,old,LAC,PHX,0.0
2022-23,old,LAC,POR,0.04826444466775809
2022-23,old,LAC,SAC,0.021253992835103482
2022-23,old,LAC,SAS,3.17446617314802e-05
2022-23,old,LAC,TOR,0.03207342270957885
2022-23,old,LAC,UTA,0.13343575770146301
2022-23,old,LAC,WAS,0.038844748645705474
2022-23,old,LAL,ATL,0.05330394943923744
2022-23,old,LAL,BKN,0.09125043370974507
2022-23,old,LAL,BOS,0.0
2022-23,old,LAL,CHA,0.0006799587472941056
2022-23,old,LAL,CHI,0.07686429600666839
2022-23,old,LAL,CLE,5.517768717312704e-05
2022-23,old,LAL,DAL,0.142818703829914
2022-23,old,LAL,DEN,0.0
2022-23,old,LAL,DET,0.0012052334172741378
2022-23,old,LAL,GSW,0.10627232883531035
2022-23,old,LAL,HOU,0.15657489258659488
2022-23,old,LAL,IND,0.02459504402754646
2022-23,old,LAL,LAC,0.001970635810244732
2022-23,old,LAL,MEM,0.004232156782379343
2022-23,old,LAL,MIA,0.040721623457961986
2022-23,old,LAL,MIL,0.0
2022-23,old,LAL,MIN,0.0
2022-23,old,LAL,NOP,0.5662090500191272
2022-23,old,LAL,NYK,0.17382742164685214
2022-23,old,LAL,OKC,0.06759967647193818
2022-23,old,LAL,ORL,0.04193980961892352
2022-23,old,LAL,PHI,0.0
2022-23,old,LAL,PHX,0.0
2022-23,old,LAL,POR,0.06474289534028388
2022-23,old,LAL,SAC,0.02154135701280106
2022-23,old,LAL,SAS,0.0030218511860797127
2022-23,old,LAL,TOR,0.04166822744387311
2022-23,old,LAL,UTA,0.253366441439307
2022-23,old,LAL,WAS,0.04697402739212714
2022-23,old,MEM,ATL,0.05050274465516557
2022-23,old,MEM,BKN,0.07422789218701739
2022-23,old,MEM,BOS,0.0
2022-23,old,MEM,CHA,0.058181961484916306
2022-23,old,MEM,CHI,0.02740889179965359
2022-23,old,MEM,CLE,3.507457476958719e-05
2022-23,old,MEM,DAL,0.20293688886229463
2022-23,old,MEM,DEN,0.0
2022-23,old,MEM,DET,0.0022879697476714954
2022-23,old,MEM,GSW,0.06770842927967702
2022-23,old,MEM,HOU,0.1855498381851417
2022-23,old,MEM,IND,0.15329137627311662
2022-23,old,MEM,LAC,0.009682650867697042
2022-23,old,MEM,LAL,0.06558189639333908
2022-23,old,MEM,MIA,0.03762894820849898
2022-23,old,MEM,MIL,0.0
2022-23,old,MEM,MIN,0.0
2022-23,old,MEM,NOP,0.08271686336651832
2022-23,old,MEM,NYK,0.23481751511832658
2022-23,old,MEM,OKC,0.06715301648942465
2022-23,old,MEM,ORL,0.03637513154810223
2022-23,old,MEM,PHI,0.0
2022-23,old,MEM,PHX,0.0
2022-23,old,MEM,POR,0.05219034772709591
2022-23,old,MEM,SAC,0.08950656543457262
2022-23,old,MEM,SAS,0.0035726034156588855
2022-23,old,MEM,TOR,0.05932540417805948
2022-23,old,MEM,UTA,0.11105563539227178
2022-23,old,MEM,WAS,0.028550158529306396
2022-23,old,MIA,ATL,0.05869587871265219
2022-23,old,MIA,BKN,0.1975913505272952
2022-23,old,MIA,BOS,0.0
2022-23,old,MIA,CHA,0.03631427804070996
2022-23,old,MIA,CHI,0.024620781802116763
2022-23,old,MIA,CLE,0.00512182484668239
2022-23,old,MIA,DAL,0.03739479467142082
2022-23,old,MIA,DEN,0.0
2022-23,old,MIA,DET,0.0005605322728309917
2022-23,old,MIA,GSW,0.08917859762127348
2022-23,old,MIA,HOU,0.10749030305598539
2022-23,old,MIA,IND,0.09744863520024884
2022-23,old,MIA,LAC,0.017188038799835468
2022-23,old,MIA,LAL,0.0649894944799799
2022-23,old,MIA,MEM,0.024767456134143825
2022-23,old,MIA,MIL,0.0
2022-23,old,MIA,MIN,0.0
2022-23,old,MIA,NOP,0.03982543144128206
2022-23,old,MIA,NYK,0.21587139130974203
2022-23,old,MIA,OKC,0.036867457345742274
2022-23,old,MIA,ORL,0.0295266234933911
2022-23,old,MIA,PHI,0.0
2022-23,old,MIA,PHX,0.0
2022-23,old,MIA,POR,0.07623654639910396
2022-23,old,MIA,SAC,0.034242058992730126
2022-23,old,MIA,SAS,0.000914493836603518
2022-23,old,MIA,TOR,0.04179555977809513
2022-23,old,MIA,UTA,0.08637616248422304
2022-23,old,MIA,WAS,0.08131701539428049
2022-23,old,MIL,ATL,0.048165284667197064
2022-23,old,MIL,BKN,0.08499872360206834
2022-23,old,MIL,BOS,0.0
2022-23,old,MIL,CHA,0.08028151321369116
2022-23,old,MIL,CHI,0.041833142675647125
2022-23,old,MIL,CLE,0.0013680562319444826
2022-23,old,MIL,DAL,0.06569983811428581
2022-23,old,MIL,DEN,0.0
2022-23,old,MIL,DET,0.00020372724847458448
2022-23,old,MIL,GSW,0.019990039405938003
2022-23,old,MIL,HOU,0.0315856685787078
2022-23,old,MIL,IND,0.0809757669472163
2022-23,old,MIL,LAC,0.1669401941750528
2022-23,old,MIL,LAL,0.0294369611085256
2022-23,old,MIL,MEM,0.024148354199794064
2022-23,old,MIL,MIA,0.02785530093807515
2022-23,old,MIL,MIN,0.0
2022-23,old,MIL,NOP,0.03639897660257955
2022-23,old,MIL,NYK,0.11535716087063551
2022-23,old,MIL,OKC,0.03827505370521726
2022-23,old,MIL,ORL,0.046120538787993014
2022-23,old,MIL,PHI,0.0
2022-23,old,MIL,PHX,0.0
2022-23,old,MIL,POR,0.04959605848865756
2022-23,old,MIL,SAC,0.022775926274382255
2022-23,old,MIL,SAS,0.0004868381290044063
2022-23,old,MIL,TOR,0.032167159118782165
2022-23,old,MIL,UTA,0.08738129417232596
2022-23,old,MIL,WAS,0.043615701291869056
2022-23,old,MIN,ATL,0.05143469949942329
2022-23,old,MIN,BKN,0.09830583191720055
2022-23,old,MIN,BOS,0.0
2022-23,old,MIN,CHA,0.006805919458639538
2022-23,old,MIN,CHI,0.03956909738337403
2022-23,old,MIN,CLE,7.244791201241115e-05
2022-23,old,MIN,DAL,0.05752319920523785
2022-23,old,MIN,DEN,0.0
2022-23,old,MIN,DET,0.0008195298168417596
2022-23,old,MIN,GSW,0.082080977061293
2022-23,old,MIN,HOU,0.12892052884157426
2022-23,old,MIN,IND,0.04510631078300889
2022-23,old,MIN,LAC,0.0027537715833248757
2022-23,old,MIN,LAL,0.10591702504771969
2022-23,old,MIN,MEM,0.018385195680051192
2022-23,old,MIN,MIA,0.04303434637561364
2022-23,old,MIN,MIL,0.0
2022-23,old,MIN,NOP,0.1645366372180107
2022-23,old,MIN,NYK,0.14148239652013989
2022-23,old,MIN,OKC,0.09055280078439332
2022-23,old,MIN,ORL,0.03013856652529006
2022-23,old,MIN,PHI,0.0
2022-23,old,MIN,PHX,0.0
2022-23,old,MIN,POR,0.06361041876283174
2022-23,old,MIN,SAC,0.016520746143263657
2022-23,old,MIN,SAS,0.0002460108611616362
2022-23,old,MIN,TOR,0.06013273998922028
2022-23,old,MIN,UTA,1.3010484102143849
2022-23,old,MIN,WAS,0.04771690977722865
2022-23,old,NOP,ATL,0.06647057109108856
2022-23,old,NOP,BKN,0.06606243919080682
2022-23,old,NOP,BOS,0.0
2022-23,old,NOP,CHA,0.017702221588331176
2022-23,old,NOP,CHI,0.1281617596979983
2022-23,old,NOP,CLE,0.0005647250126880558
2022-23,old,NOP,DAL,0.1586074431895517
2022-23,old,NOP,DEN,0.0
2022-23,old,NOP,DET,0.0015480948269478046
2022-23,old,NOP,GSW,0.09044453459505816
2022-23,old,NOP,HOU,0.20820474153199905
2022-23,old,NOP,IND,0.05800470045229448
2022-23,old,NOP,LAC,0.0026476293500585094
2022-23,old,NOP,LAL,0.5317483820079361
2022-23,old,NOP,MEM,0.00989443986388162
2022-23,old,NOP,MIA,0.041531557244590706
2022-23,old,NOP,MIL,0.0
2022-23,old,NOP,MIN,0.0
2022-23,old,NOP,NYK,0.13901728916173692
2022-23,old,NOP,OKC,0.1079967667290676
2022-23,old,NOP,ORL,0.015409888463758237
2022-23,old,NOP,PHI,0.0
2022-23,old,NOP,PHX,0.0
2022-23,old,NOP,POR,0.09757622068580289
2022-23,old,NOP,SAC,0.027219628580171365
2022-23,old,NOP,SAS,0.0026210085407091053
2022-23,old,NOP,TOR,0.0660879884308722
2022-23,old,NOP,UTA,0.2122052574517884
2022-23,old,NOP,WAS,0.05211313054381084
2022-23,old,NYK,ATL,0.036955848622789125
2022-23,old,NYK,BKN,0.12243300841078907
2022-23,old,NYK,BOS,0.0
2022-23,old,NYK,CHA,0.025812025586176065
2022-23,old,NYK,CHI,0.031940324864432997
2022-23,old,NYK,CLE,0.0027009040608100316
2022-23,old,NYK,DAL,0.025772132185562787
2022-23,old,NYK,DEN,0.0
2022-23,old,NYK,DET,0.0006861583435669128
2022-23,old,NYK,GSW,0.049005198618284146
2022-23,old,NYK,HOU,0.07955226369878551
2022-23,old,NYK,IND,0.08288631323166432
2022-23,old,NYK,LAC,0.010200431090016882
2022-23,old,NYK,LAL,0.07668372831036384
2022-23,old,NYK,MEM,0.045284453259782094
2022-23,old,NYK,MIA,0.03988027213241839
2022-23,old,NYK,MIL,0.0
2022-23,old,NYK,MIN,0.0
2022-23,old,NYK,NOP,0.032888469887668574
2022-23,old,NYK,OKC,0.03534294166389435
2022-23,old,NYK,ORL,0.03269467814783919
2022-23,old,NYK,PHI,0.0
2022-23,old,NYK,PHX,0.0
2022-23,old,NYK,POR,0.3931545552154005
2022-23,old,NYK,SAC,0.08250576909336976
2022-23,old,NYK,SAS,0.00171508191757798
2022-23,old,NYK,TOR,0.031992210324268834
2022-23,old,NYK,UTA,0.13090313949925297
2022-23,old,NYK,WAS,0.05702397106298257
2022-23,old,OKC,ATL,0.05297189588497749
2022-23,old,OKC,BKN,0.157961643349921
2022-23,old,OKC,BOS,0.0
2022-23,old,OKC,CHA,0.007903195339572351
2022-23,old,OKC,CHI,0.06904308373735604
2022-23,old,OKC,CLE,4.756039069732707e-06
2022-23,old,OKC,DAL,0.5388225274322298
2022-23,old,OKC,DEN,0.0
2022-23,old,OKC,DET,0.0011358441920551598
2022-23,old,OKC,GSW,0.05015271379131144
2022-23,old,OKC,HOU,0.20401697223678886
2022-23,old,OKC,IND,0.04347636591784964
2022-23,old,OKC,LAC,0.007598599267517345
2022-23,old,OKC,LAL,0.1446829198584651
2022-23,old,OKC,MEM,0.010874269127463804
2022-23,old,OKC,MIA,0.04385563460699119
2022-23,old,OKC,MIL,0.0
2022-23,old,OKC,MIN,0.0
2022-23,old,OKC,NOP,0.17287419187946743
2022-23,old,OKC,NYK,0.44179680280306477
2022-23,old,OKC,ORL,0.025749663372547412
2022-23,old,OKC,PHI,0.0
2022-23,old,OKC,PHX,0.0
2022-23,old,OKC,POR,0.05771448947460876
2022-23,old,OKC,SAC,0.01596785469792996
2022-23,old,OKC,SAS,0.0012745441052255267
2022-23,old,OKC,TOR,0.07066179858715156
2022-23,old,OKC,UTA,0.14017372809345638
2022-23,old,OKC,WAS,0.05388564603274704
2022-23,old,ORL,ATL,0.031009558978534055
2022-23,old,ORL,BKN,0.059252314551584154
2022-23,old,ORL,BOS,0.0
2022-23,old,ORL,CHA,0.012110498672527684
2022-23,old,ORL,CHI,0.0666502558472832
2022-23,old,ORL,CLE,0.000438411067373534
2022-23,old,ORL,DAL,0.030941708089135517
2022-23,old,ORL,DEN,0.0
2022-23,old,ORL,DET,0.00102802338224065
2022-23,old,ORL,GSW,0.04954957730486139
2022-23,old,ORL,HOU,0.06947171386483864
2022-23,old,ORL,IND,0.10948310374204424
2022-23,old,ORL,LAC,0.01848114227550907
2022-23,old,ORL,LAL,0.05706681062250623
2022-23,old,ORL,MEM,0.025096676041872094
2022-23,old,ORL,MIA,0.04996093665737249
2022-23,old,ORL,MIL,0.0
2022-23,old,ORL,MIN,0.0
2022-23,old,ORL,NOP,0.04246147596309412
2022-23,old,ORL,NYK,0.03751023966887802
2022-23,old,ORL,OKC,0.037087553977657214
2022-23,old,ORL,PHI,0.0
2022-23,old,ORL,PHX,0.0
2022-23,old,ORL,POR,0.07236723977728482
2022-23,old,ORL,SAC,0.01625735058923526
2022-23,old,ORL,SAS,0.0011597901319569145
2022-23,old,ORL,TOR,0.025010995490610217
2022-23,old,ORL,UTA,0.06606535771131204
2022-23,old,ORL,WAS,0.08324218987782588
2022-23,old,PHI,ATL,0.061306689492208084
2022-23,old,PHI,BKN,0.11108617007480932
2022-23,old,PHI,BOS,0.0
2022-23,old,PHI,CHA,0.13263403259897721
2022-23,old,PHI,CHI,0.07140870472953842
2022-23,old,PHI,CLE,0.0012275254199496698
2022-23,old,PHI,DAL,0.04466885237887891
2022-23,old,PHI,DEN,0.0
2022-23,old,PHI,DET,0.0007077072846152968
2022-23,old,PHI,GSW,0.04873699460298663
2022-23,old,PHI,HOU,0.05144935366326284
2022-23,old,PHI,IND,0.14201033508060368
2022-23,old,PHI,LAC,0.038242187572016924
2022-23,old,PHI,LAL,0.06524919146714042
2022-23,old,PHI,MEM,0.06114762938706521
2022-23,old,PHI,MIA,0.023716395157033818
2022-23,old,PHI,MIL,0.0
2022-23,old,PHI,MIN,0.0
2022-23,old,PHI,NOP,0.06722710133114718
2022-23,old,PHI,NYK,0.17469057100764263
2022-23,old,PHI,OKC,0.05197898740992594
2022-23,old,PHI,ORL,0.03126144571001301
2022-23,old,PHI,PHX,0.0
2022-23,old,PHI,POR,0.029261615902571987
2022-23,old,PHI,SAC,0.0185024342430498
2022-23,old,PHI,SAS,0.0009999288658458245
2022-23,old,PHI,TOR,0.053574185039488804
2022-23,old,PHI,UTA,0.5135589813620752
2022-23,old,PHI,WAS,0.0530445299443157
2022-23,old,PHX,ATL,0.043459414717439984
2022-23,old,PHX,BKN,0.7209550143704095
2022-23,old,PHX,BOS,0.0
2022-23,old,PHX,CHA,0.03982840384171335
2022-23,old,PHX,CHI,0.021276259623429716
2022-23,old,PHX,CLE,2.00533479698322e-05
2022-23,old,PHX,DAL,0.11179882508769476
2022-23,old,PHX,DEN,0.0
2022-23,old,PHX,DET,9.799061072208792e-05
2022-23,old,PHX,GSW,0.10004324048198263
2022-23,old,PHX,HOU,0.19901508729581735
2022-23,old,PHX,IND,0.03683231617059497
2022-23,old,PHX,LAC,0.016396551796451917
2022-23,old,PHX,LAL,0.0666387392574287
2022-23,old,PHX,MEM,0.019070899373815595
2022-23,old,PHX,MIA,0.08062347668576617
2022-23,old,PHX,MIL,0.0
2022-23,old,PHX,MIN,0.0
2022-23,old,PHX,NOP,0.09125835146833258
2022-23,old,PHX,NYK,0.1409725978371227
2022-23,old,PHX,OKC,0.04174865287923301
2022-23,old,PHX,ORL,0.011594973239482168
2022-23,old,PHX,PHI,0.0
2022-23,old,PHX,POR,0.03853069782005648
2022-23,old,PHX,SAC,0.023954540620390635
2022-23,old,PHX,SAS,8.524084205882384e-05
2022-23,old,PHX,TOR,0.03771540958810138
2022-23,old,PHX,UTA,0.1911215278086954
2022-23,old,PHX,WAS,0.028837654958573825
2022-23,old,POR,ATL,0.04801495524719032
2022-23,old,POR,BKN,0.04280453487185349
2022-23,old,POR,BOS,0.0
2022-23,old,POR,CHA,0.012129275346355573
2022-23,old,POR,CHI,0.39683760418664776
2022-23,old,POR,CLE,0.0002128097299037168
2022-23,old,POR,DAL,0.09759381703311983
2022-23,old,POR,DEN,0.0
2022-23,old,POR,DET,0.000755937115895216
2022-23,old,POR,GSW,0.05628685427058264
2022-23,old,POR,HOU,0.1621422417693097
2022-23,old,POR,IND,0.09820601987597175
2022-23,old,POR,LAC,0.006075161682714805
2022-23,old,POR,LAL,0.1497225201323404
2022-23,old,POR,MEM,0.011872883392973835
2022-23,old,POR,MIA,0.04685089687447526
2022-23,old,POR,MIL,0.0
2022-23,old,POR,MIN,0.0
2022-23,old,POR,NOP,0.14134105689905918
2022-23,old,POR,NYK,0.10955983649812306
2022-23,old,POR,OKC,0.0774709051097181
2022-23,old,POR,ORL,0.06213381865604492
2022-23,old,POR,PHI,0.0
2022-23,old,POR,PHX,0.0
2022-23,old,POR,SAC,0.01346969947881206
2022-23,old,POR,SAS,0.0020887816544369834
2022-23,old,POR,TOR,0.051528125945171026
2022-23,old,POR,UTA,0.1556882234380483
2022-23,old,POR,WAS,0.08021738384275179
2022-23,old,SAC,ATL,0.03982128628613467
2022-23,old,SAC,BKN,0.17965331822126804
2022-23,old,SAC,BOS,0.0
2022-23,old,SAC,CHA,0.044072345843294274
2022-23,old,SAC,CHI,0.0652214021367493
2022-23,old,SAC,CLE,5.601773355101141e-05
2022-23,old,SAC,DAL,0.06414303641138175
2022-23,old,SAC,DEN,0.0
2022-23,old,SAC,DET,7.785717680278324e-05
2022-23,old,SAC,GSW,0.04716314962697553
2022-23,old,SAC,HOU,0.1635568423882119
2022-23,old,SAC,IND,0.08507275620638728
2022-23,old,SAC,LAC,0.01022063579414329
2022-23,old,SAC,LAL,0.09772602330413567
2022-23,old,SAC,MEM,0.08468613128900335
2022-23,old,SAC,MIA,0.038720522256282044
2022-23,old,SAC,MIL,0.0
2022-23,old,SAC,MIN,0.0
2022-23,old,SAC,NOP,0.06216379297770768
2022-23,old,SAC,NYK,0.2547106924799004
2022-23,old,SAC,OKC,0.0716845366859945
2022-23,old,SAC,ORL,0.025882397347741285
2022-23,old,SAC,PHI,0.0
2022-23,old,SAC,PHX,0.0
2022-23,old,SAC,POR,0.10089266919714242
2022-23,old,SAC,SAS,2.110307445162968e-05
2022-23,old,SAC,TOR,0.04301576722148214
2022-23,old,SAC,UTA,0.19054271901621955
2022-23,old,SAC,WAS,0.04203342458778782
2022-23,old,SAS,ATL,0.029763902878530913
2022-23,old,SAS,BKN,0.04127696231294538
2022-23,old,SAS,BOS,0.0
2022-23,old,SAS,CHA,0.023788110952357402
2022-23,old,SAS,CHI,0.038356916492343296
2022-23,old,SAS,CLE,1.4105824231642447e-06
2022-23,old,SAS,DAL,0.052650631288247526
2022-23,old,SAS,DEN,0.0
2022-23,old,SAS,DET,0.010388710575021628
2022-23,old,SAS,GSW,0.03019221107561603
2022-23,old,SAS,HOU,0.0403138464197701
2022-23,old,SAS,IND,0.08016869272764447
2022-23,old,SAS,LAC,0.012524515153551158
2022-23,old,SAS,LAL,0.06365301721616937
2022-23,old,SAS,MEM,0.008712814686538027
2022-23,old,SAS,MIA,0.023929365527415796
2022-23,old,SAS,MIL,0.0
2022-23,old,SAS,MIN,0.0
2022-23,old,SAS,NOP,0.070360721626885
2022-23,old,SAS,NYK,0.26887031732960226
2022-23,old,SAS,OKC,0.056226832313997006
2022-23,old,SAS,ORL,0.015979716221711078
2022-23,old,SAS,PHI,0.0
2022-23,old,SAS,PHX,0.0
2022-23,old,SAS,POR,0.059346357580632995
2022-23,old,SAS,SAC,0.01284749986487109
2022-23,old,SAS,TOR,0.04635646484426897
2022-23,old,SAS,UTA,0.13682025963314928
2022-23,old,SAS,WAS,0.041019638540087215
2022-23,old,TOR,ATL,0.1511223973810612
2022-23,old,TOR,BKN,0.04711353843331774
2022-23,old,TOR,BOS,0.0
2022-23,old,TOR,CHA,0.03782328837947357
2022-23,old,TOR,CHI,0.10560371284900666
2022-23,old,TOR,CLE,0.00036989940426923357
2022-23,old,TOR,DAL,0.1347259777355311
2022-23,old,TOR,DEN,0.0
2022-23,old,TOR,DET,1.4734863363175407e-05
2022-23,old,TOR,GSW,0.046124305224950465
2022-23,old,TOR,HOU,0.07176778014636886
2022-23,old,TOR,IND,0.06666180383671674
2022-23,old,TOR,LAC,0.012247844853815783
2022-23,old,TOR,LAL,0.08858485969516113
2022-23,old,TOR,MEM,0.01112773021749563
2022-23,old,TOR,MIA,0.028312255872821056
2022-23,old,TOR,MIL,0.0
2022-23,old,TOR,MIN,0.0
2022-23,old,TOR,NOP,0.09555253326362964
2022-23,old,TOR,NYK,0.33796129226391175
2022-23,old,TOR,OKC,0.08097306067005587
2022-23,old,TOR,ORL,0.051861612362108546
2022-23,old,TOR,PHI,0.0
2022-23,old,TOR,PHX,0.0
2022-23,old,TOR,POR,0.041461229696024254
2022-23,old,TOR,SAC,0.008906145813185393
2022-23,old,TOR,SAS,0.0019487355641515
2022-23,old,TOR,UTA,0.16901772416436525
2022-23,old,TOR,WAS,0.17416845338824744
2022-23,old,UTA,ATL,0.04994527941917416
2022-23,old,UTA,BKN,0.06852007902207176
2022-23,old,UTA,BOS,0.0
2022-23,old,UTA,CHA,0.037732095015833245
2022-23,old,UTA,CHI,0.08039152285598283
2022-23,old,UTA,CLE,0.0001617114281892381
2022-23,old,UTA,DAL,0.4364502029447967
2022-23,old,UTA,DEN,0.0
2022-23,old,UTA,DET,0.0019366904349602612
2022-23,old,UTA,GSW,0.0815379616495189
2022-23,old,UTA,HOU,0.0669159478682559
2022-23,old,UTA,IND,0.07051423764849106
2022-23,old,UTA,LAC,0.016039332021348954
2022-23,old,UTA,LAL,0.07519638865304999
2022-23,old,UTA,MEM,0.015414716929994635
2022-23,old,UTA,MIA,0.035444878131373626
2022-23,old,UTA,MIL,0.0
2022-23,old,UTA,MIN,0.0
2022-23,old,UTA,NOP,0.1376039866802829
2022-23,old,UTA,NYK,0.34447382069729005
2022-23,old,UTA,OKC,0.10034563569635042
2022-23,old,UTA,ORL,0.014778343763683465
2022-23,old,UTA,PHI,0.0
2022-23,old,UTA,PHX,0.0
2022-23,old,UTA,POR,0.06487242493239347
2022-23,old,UTA,SAC,0.006078482102513387
2022-23,old,UTA,SAS,9.546789031165082e-05
2022-23,old,UTA,TOR,0.060225455235544186
2022-23,old,UTA,WAS,0.06371808864473816
2022-23,old,WAS,ATL,0.059840866852032375
2022-23,old,WAS,BKN,0.050781860994574934
2022-23,old,WAS,BOS,0.0
2022-23,old,WAS,CHA,0.0367641132340105
2022-23,old,WAS,CHI,0.13333762610539057
2022-23,old,WAS,CLE,0.0011075550900842065
2022-23,old,WAS,DAL,0.07893164161196427
2022-23,old,WAS,DEN,0.0
2022-23,old,WAS,DET,0.0002603045113919824
2022-23,old,WAS,GSW,0.02469004953874114
2022-23,old,WAS,HOU,0.03323356656187036
2022-23,old,WAS,IND,0.11822296721781667
2022-23,old,WAS,LAC,0.019451778072478446
2022-23,old,WAS,LAL,0.03309886840286521
2022-23,old,WAS,MEM,0.019556713961160477
2022-23,old,WAS,MIA,0.02165275014858694
2022-23,old,WAS,MIL,0.0
2022-23,old,WAS,MIN,0.0
2022-23,old,WAS,NOP,0.061267242220728185
2022-23,old,WAS,NYK,0.6090724795262707
2022-23,old,WAS,OKC,0.04361476285892925
2022-23,old,WAS,ORL,0.063810258923085
2022-23,old,WAS,PHI,0.0
2022-23,old,WAS,PHX,0.0
2022-23,old,WAS,POR,0.09546399548190082
2022-23,old,WAS,SAC,0.020849699442502066
2022-23,old,WAS,SAS,0.0055718970224477565
2022-23,old,WAS,TOR,0.08016466988542807
2022-23,old,WAS,UTA,0.14957973344968029
2023-24,new,ATL,BKN,0.0
2023-24,new,ATL,BOS,4.31034489181535e-06
2023-24,new,ATL,CHA,0.00021974014040920074
2023-24,new,ATL,CHI,0.005847344518928221
2023-24,new,ATL,CLE,0.02756852338486562
2023-24,new,ATL,DAL,0.02625540726306072
2023-24,new,ATL,DEN,0.009364224155915195
2023-24,new,ATL,DET,0.0001646913478338494
2023-24,new,ATL,GSW,0.01525184386527926
2023-24,new,ATL,HOU,0.06248404632429457
2023-24,new,ATL,IND,0.008161908246849807
2023-24,new,ATL,LAC,0.0
2023-24,new,ATL,LAL,0.0
2023-24,new,ATL,MEM,0.007684267372964752
2023-24,new,ATL,MIA,0.04997219424584863
2023-24,new,ATL,MIL,0.025834051915825797
2023-24,new,ATL,MIN,0.014830819068091182
2023-24,new,ATL,NOP,0.09144912719832408
2023-24,new,ATL,NYK,0.0676790097480647
2023-24,new,ATL,OKC,0.006880926786950018
2023-24,new,ATL,ORL,0.05822404338598549
2023-24,new,ATL,PHI,0.09247713081091942
2023-24,new,ATL,PHX,0.025670797659068142
2023-24,new,ATL,POR,0.007281026470280408
2023-24,new,ATL,SAC,0.04479426386008625
2023-24,new,ATL,SAS,0.027517817723113333
2023-24,new,ATL,TOR,0.11594937129636707
2023-24,new,ATL,UTA,0.025971443989687468
2023-24,new,ATL,WAS,0.058274246260889104
2023-24,new,BKN,ATL,0.11752171524964032
2023-24,new,BKN,BOS,0.0002456896594757664
2023-24,new,BKN,CHA,0.0016944724641253074
2023-24,new,BKN,CHI,0.014258704838034451
2023-24,new,BKN,CLE,0.03817389147535325
2023-24,new,BKN,DAL,0.00813835763086293
2023-24,new,BKN,DEN,0.006125000092554196
2023-24,new,BKN,DET,0.00019948174138435142
2023-24,new,BKN,GSW,0.013104098322345822
2023-24,new,BKN,HOU,0.08452685313590172
2023-24,new,BKN,IND,0.018271972999873994
2023-24,new,BKN,LAC,0.0
2023-24,new,BKN,LAL,0.0
2023-24,new,BKN,MEM,0.005315463471864672
2023-24,new,BKN,MIA,0.10532507695468689
2023-24,new,BKN,MIL,0.025383890015093193
2023-24,new,BKN,MIN,0.005636889977212237
2023-24,new,BKN,NOP,0.1667826540664971
2023-24,new,BKN,NYK,0.07493096811107512
2023-24,new,BKN,OKC,0.003074892250246946
2023-24,new,BKN,ORL,0.0547966439030557
2023-24,new,BKN,PHI,0.04590493464879941
2023-24,new,BKN,PHX,0.05569531262633471
2023-24,new,BKN,POR,0.0065931315258995335
2023-24,new,BKN,SAC,0.03902562737129709
2023-24,new,BKN,SAS,0.015999701082625568
2023-24,new,BKN,TOR,0.15792038598533276
2023-24,new,BKN,UTA,0.008204202684854833
2023-24,new,BKN,WAS,0.032615032723807766
2023-24,new,BOS,ATL,0.06406933970106557
2023-24,new,BOS,BKN,0.0
2023-24,new,BOS,CHA,0.0005313777108510321
2023-24,new,BOS,CHI,0.013260307651503433
2023-24,new,BOS,CLE,0.04309541414642088
2023-24,new,BOS,DAL,0.051701758685128385
2023-24,new,BOS,DEN,0.0132866502084979
2023-24,new,BOS,DET,0.00018240767444532244
2023-24,new,BOS,GSW,0.027182913907928704
2023-24,new,BOS,HOU,0.001773738820385096
2023-24,new,BOS,IND,0.009327523336492855
2023-24,new,BOS,LAC,0.0
2023-24,new,BOS,LAL,0.0
2023-24,new,BOS,MEM,0.015278286962822112
2023-24,new,BOS,MIA,0.02741866180188258
2023-24,new,BOS,MIL,0.031844019958797584
2023-24,new,BOS,MIN,0.02014366188663503
2023-24,new,BOS,NOP,0.15591194092741936
2023-24,new,BOS,NYK,0.053055087719784386
2023-24,new,BOS,OKC,0.0014959590350366037
2023-24,new,BOS,ORL,0.04344071316701707
2023-24,new,BOS,PHI,0.025316422115863668
2023-24,new,BOS,PHX,0.05331115325547531
2023-24,new,BOS,POR,0.039892325063854914
2023-24,new,BOS,SAC,0.06300583072592351
2023-24,new,BOS,SAS,0.018576494509690653
2023-24,new,BOS,TOR,0.02432773258820909
2023-24,new,BOS,UTA,0.0274542025392594
2023-24,new,BOS,WAS,0.05075000059875211
2023-24,new,CHA,ATL,0.0385772149957253
2023-24,new,CHA,BKN,0.0
2023-24,new,CHA,BOS,5.387931114769188e-06
2023-24,new,CHA,CHI,0.061329301218472784
2023-24,new,CHA,CLE,0.023915613068694195
2023-24,new,CHA,DAL,0.0300981700483536
2023-24,new,CHA,DEN,0.009141751396243042
2023-24,new,CHA,DET,0.0019836069759199995
2023-24,new,CHA,GSW,0.012626930111001829
2023-24,new,CHA,HOU,0.0073191235019265
2023-24,new,CHA,IND,0.010784374850558682
2023-24,new,CHA,LAC,0.0
2023-24,new,CHA,LAL,0.0
2023-24,new,CHA,MEM,0.010180764975776928
2023-24,new,CHA,MIA,0.04289431458254098
2023-24,new,CHA,MIL,0.026685344886681034
2023-24,new,CHA,MIN,0.010040198362864317
2023-24,new,CHA,NOP,0.10383749720216985
2023-24,new,CHA,NYK,0.1247325377868553
2023-24,new,CHA,OKC,0.014316002250837708
2023-24,new,CHA,ORL,0.03209759437828909
2023-24,new,CHA,PHI,0.031771259220344794
2023-24,new,CHA,PHX,0.04062176682795639
2023-24,new,CHA,POR,0.02544134318952406
2023-24,new,CHA,SAC,0.03410975567274388
2023-24,new,CHA,SAS,0.10837203328658897
2023-24,new,CHA,TOR,0.03203205108774492
2023-24,new,CHA,UTA,0.02319423514584898
2023-24,new,CHA,WAS,0.06452532346093433
2023-24,new,CHI,ATL,0.036485855227206876
2023-24,new,CHI,BKN,0.0
2023-24,new,CHI,BOS,3.556034535747663e-05
2023-24,new,CHI,CHA,0.0005979048195614068
2023-24,new,CHI,CLE,0.061529482499249825
2023-24,new,CHI,DAL,0.034685338550254456
2023-24,new,CHI,DEN,0.01791724318159736
2023-24,new,CHI,DET,6.281025737727686e-05
2023-24,new,CHI,GSW,0.01729225705239551
2023-24,new,CHI,HOU,0.0042218527253543164
2023-24,new,CHI,IND,0.06772470882495296
2023-24,new,CHI,LAC,0.0
2023-24,new,CHI,LAL,0.0
2023-24,new,CHI,MEM,0.004491648751246776
2023-24,new,CHI,MIA,0.07015938506521617
2023-24,new,CHI,MIL,0.0563892787720422
2023-24,new,CHI,MIN,0.012468512956030941
2023-24,new,CHI,NOP,0.10287669067942853
2023-24,new,CHI,NYK,0.05788782000325414
2023-24,new,CHI,OKC,0.0043776940318739745
2023-24,new,CHI,ORL,0.04582311708953418
2023-24,new,CHI,PHI,0.1476335890719211
2023-24,new,CHI,PHX,0.060179418067122674
2023-24,new,CHI,POR,0.03831086623904445
2023-24,new,CHI,SAC,0.04379109854791445
2023-24,new,CHI,SAS,0.0040280923127697715
2023-24,new,CHI,TOR,0.11102863740989419
2023-24,new,CHI,UTA,0.01631896559536409
2023-24,new,CHI,WAS,0.061037715803611024
2023-24,new,CLE,ATL,0.09893296520167699
2023-24,new,CLE,BKN,0.0
2023-24,new,CLE,BOS,0.0005247844919433881
2023-24,new,CLE,CHA,0.00038212128919685176
2023-24,new,CLE,CHI,0.03357051457315395
2023-24,new,CLE,DAL,0.02926739681640904
2023-24,new,CLE,DEN,0.0385508785109417
2023-24,new,CLE,DET,0.00017800699773569647
2023-24,new,CLE,GSW,0.029514460683752165
2023-24,new,CLE,HOU,0.008227508862039606
2023-24,new,CLE,IND,0.024355314718068257
2023-24,new,CLE,LAC,0.0
2023-24,new,CLE,LAL,0.0
2023-24,new,CLE,MEM,0.016823276060870206
2023-24,new,CLE,MIA,0.0742864754369061
2023-24,new,CLE,MIL,0.10613900888430207
2023-24,new,CLE,MIN,0.04559934118797738
2023-24,new,CLE,NOP,0.2714917650104818
2023-24,new,CLE,NYK,0.1528701395895311
2023-24,new,CLE,OKC,0.003652478514544281
2023-24,new,CLE,ORL,0.10740220466429179
2023-24,new,CLE,PHI,0.0630002021464299
2023-24,new,CLE,PHX,0.07352262890965935
2023-24,new,CLE,POR,0.01860363153161468
2023-24,new,CLE,SAC,0.1292940112616563
2023-24,new,CLE,SAS,0.02473451944294157
2023-24,new,CLE,TOR,0.15632395381774367
2023-24,new,CLE,UTA,0.0467392242720736
2023-24,new,CLE,WAS,0.1148019937852775
2023-24,new,DAL,ATL,0.14163460937681188
2023-24,new,DAL,BKN,0.0
2023-24,new,DAL,BOS,9.159482935250835e-05
2023-24,new,DAL,CHA,0.002168790552942554
2023-24,new,DAL,CHI,0.01986016969392606
2023-24,new,DAL,CLE,0.06042516776044981
2023-24,new,DAL,DEN,0.026621020680202438
2023-24,new,DAL,DET,0.000277335581300599
2023-24,new,DAL,GSW,0.09678816585324151
2023-24,new,DAL,HOU,0.0011358135550356909
2023-24,new,DAL,IND,0.016721254270597806
2023-24,new,DAL,LAC,0.0
2023-24,new,DAL,LAL,0.0
2023-24,new,DAL,MEM,0.023510237723801695
2023-24,new,DAL,MIA,0.033145418994081535
2023-24,new,DAL,MIL,0.080758620734178
2023-24,new,DAL,MIN,0.02986978755643474
2023-24,new,DAL,NOP,0.2583147654646858
2023-24,new,DAL,NYK,0.40349190148678
2023-24,new,DAL,OKC,0.014732219911449393
2023-24,new,DAL,ORL,0.08510911508165869
2023-24,new,DAL,PHI,0.04463287045250931
2023-24,new,DAL,PHX,0.15248868532462748
2023-24,new,DAL,POR,0.05041692668259681
2023-24,new,DAL,SAC,0.29836535267280495
2023-24,new,DAL,SAS,0.012489417037035684
2023-24,new,DAL,TOR,0.08518490661296567
2023-24,new,DAL,UTA,0.05696336183759208
2023-24,new,DAL,WAS,0.08917349243773436
2023-24,new,DEN,ATL,0.04487614088707566
2023-24,new,DEN,BKN,0.0
2023-24,new,DEN,BOS,0.0005549569061860957
2023-24,new,DEN,CHA,0.005480482067155746
2023-24,new,DEN,CHI,0.008149343633731517
2023-24,new,DEN,CLE,0.04019579711896981
2023-24,new,DEN,DAL,0.0580853557196666
2023-24,new,DEN,DET,0.00018124353016708687
2023-24,new,DEN,GSW,0.030960870323769835
2023-24,new,DEN,HOU,0.0004761511436906286
2023-24,new,DEN,IND,0.0045679042297124585
2023-24,new,DEN,LAC,0.0
2023-24,new,DEN,LAL,0.0
2023-24,new,DEN,MEM,0.016247036943657738
2023-24,new,DEN,MIA,0.012680786964549549
2023-24,new,DEN,MIL,0.03603286649869226
2023-24,new,DEN,MIN,0.12701720450736087
2023-24,new,DEN,NOP,0.1509222532044467
2023-24,new,DEN,NYK,0.06378153517899648
2023-24,new,DEN,OKC,0.004592403159557102
2023-24,new,DEN,ORL,0.03489052475882869
2023-24,new,DEN,PHI,0.020208903710112875
2023-24,new,DEN,PHX,0.043606142486899216
2023-24,new,DEN,POR,0.0256466265976045
2023-24,new,DEN,SAC,0.08478815891640078
2023-24,new,DEN,SAS,0.0025383707947305976
2023-24,new,DEN,TOR,0.02219907956521883
2023-24,new,DEN,UTA,0.12592079771112585
2023-24,new,DEN,WAS,0.07922656258259067
2023-24,new,DET,ATL,0.03381619546058903
2023-24,new,DET,BKN,0.0
2023-24,new,DET,BOS,4.31034489181535e-06
2023-24,new,DET,CHA,0.0024134446119662006
2023-24,new,DET,CHI,0.029611156440935243
2023-24,new,DET,CLE,0.021397739856027102
2023-24,new,DET,DAL,0.005641369918639132
2023-24,new,DET,DEN,0.007603817608458423
2023-24,new,DET,GSW,0.010023333521439814
2023-24,new,DET,HOU,0.005948471863967395
2023-24,new,DET,IND,0.022879190197021
2023-24,new,DET,LAC,0.0
2023-24,new,DET,LAL,0.0
2023-24,new,DET,MEM,0.0029232220655981576
2023-24,new,DET,MIA,0.05312273651346509
2023-24,new,DET,MIL,0.02718238154913957
2023-24,new,DET,MIN,0.0028565651625822677
2023-24,new,DET,NOP,0.046088280081525344
2023-24,new,DET,NYK,0.08979973505521928
2023-24,new,DET,OKC,0.0014779095109431718
2023-24,new,DET,ORL,0.05315929508456189
2023-24,new,DET,PHI,0.06957255719037228
2023-24,new,DET,PHX,0.03351454761457341
2023-24,new,DET,POR,0.008807637585560772
2023-24,new,DET,SAC,0.014183540549139334
2023-24,new,DET,SAS,0.011115549376126075
2023-24,new,DET,TOR,0.09586604584034034
2023-24,new,DET,UTA,0.009733566946273767
2023-24,new,DET,WAS,0.023632543487534546
2023-24,new,GSW,ATL,0.2436697920026578
2023-24,new,GSW,BKN,0.0
2023-24,new,GSW,BOS,3.125000046566129e-05
2023-24,new,GSW,CHA,0.004948510721260828
2023-24,new,GSW,CHI,0.014165226023527024
2023-24,new,GSW,CLE,0.04770849497652388
2023-24,new,GSW,DAL,0.17201001983713773
2023-24,new,GSW,DEN,0.007274547750505716
2023-24,new,GSW,DET,0.0005045653306994829
2023-24,new,GSW,HOU,0.0023622473826427305
2023-24,new,GSW,IND,0.013932151953747725
2023-24,new,GSW,LAC,0.0
2023-24,new,GSW,LAL,0.0
2023-24,new,GSW,MEM,0.023250269827067627
2023-24,new,GSW,MIA,0.03603447465597419
2023-24,new,GSW,MIL,0.03195824358493877
2023-24,new,GSW,MIN,0.006897617923730517
2023-24,new,GSW,NOP,0.4699831372711382
2023-24,new,GSW,NYK,0.16434693412306284
2023-24,new,GSW,OKC,0.028058189715234688
2023-24,new,GSW,ORL,0.03958634357771247
2023-24,new,GSW,PHI,0.04645492119866114
2023-24,new,GSW,PHX,0.16047925613499409
2023-24,new,GSW,POR,0.2624190990389294
2023-24,new,GSW,SAC,0.4574656390041582
2023-24,new,GSW,SAS,0.012636235300581548
2023-24,new,GSW,TOR,0.061639972573505494
2023-24,new,GSW,UTA,0.018884428964209228
2023-24,new,GSW,WAS,0.05200053927462532
2023-24,new,HOU,ATL,0.036490668060047235
2023-24,new,HOU,BKN,0.0
2023-24,new,HOU,BOS,0.0003685344896953682
2023-24,new,HOU,CHA,0.004487541877749764
2023-24,new,HOU,CHI,0.006384611220219664
2023-24,new,HOU,CLE,0.03754470678177196
2023-24,new,HOU,DAL,0.06948838013895074
2023-24,new,HOU,DEN,0.025204196135977675
2023-24,new,HOU,DET,0.0007228162887698654
2023-24,new,HOU,GSW,0.07859790454613548
2023-24,new,HOU,IND,0.010798597722433526
2023-24,new,HOU,LAC,0.0
2023-24,new,HOU,LAL,0.0
2023-24,new,HOU,MEM,0.01766864243535534
2023-24,new,HOU,MIA,0.024446973375179724
2023-24,new,HOU,MIL,0.050835399349794134
2023-24,new,HOU,MIN,0.020716847942124493
2023-24,new,HOU,NOP,0.11485932084360535
2023-24,new,HOU,NYK,0.09651552664594064
2023-24,new,HOU,OKC,0.03750565738449323
2023-24,new,HOU,ORL,0.025069716173843952
2023-24,new,HOU,PHI,0.045687570486507796
2023-24,new,HOU,PHX,0.0331231144242639
2023-24,new,HOU,POR,0.037234022731295585
2023-24,new,HOU,SAC,0.0754843446757638
2023-24,new,HOU,SAS,0.007469018593334859
2023-24,new,HOU,TOR,0.033399122773713125
2023-24,new,HOU,UTA,0.042637122956722784
2023-24,new,HOU,WAS,0.08482731714734312
2023-24,new,IND,ATL,0.09037746264569413
2023-24,new,IND,BKN,0.0
2023-24,new,IND,BOS,0.00015193965759706393
2023-24,new,IND,CHA,0.001028067392542816
2023-24,new,IND,CHI,0.09058153834891366
2023-24,new,IND,CLE,0.029353897942744407
2023-24,new,IND,DAL,0.047554904816400324
2023-24,new,IND,DEN,0.019830431277157154
2023-24,new,IND,DET,7.63501705230116e-05
2023-24,new,IND,GSW,0.025797163219295215
2023-24,new,IND,HOU,0.0076931339779333615
2023-24,new,IND,LAC,0.0
2023-24,new,IND,LAL,0.0
2023-24,new,IND,MEM,0.008752694135042035
2023-24,new,IND,MIA,0.21665702471305662
2023-24,new,IND,MIL,0.0322860995523736
2023-24,new,IND,MIN,0.013768890250574355
2023-24,new,IND,NOP,0.19204358320942527
2023-24,new,IND,NYK,0.14875239619805963
2023-24,new,IND,OKC,0.0074326510793641856
2023-24,new,IND,ORL,0.15672686857065377
2023-24,new,IND,PHI,0.2602902390311156
2023-24,new,IND,PHX,0.07551508629325263
2023-24,new,IND,POR,0.019129330965619355
2023-24,new,IND,SAC,0.12236134395187528
2023-24,new,IND,SAS,0.005448783729472543
2023-24,new,IND,TOR,0.8277119340172427
2023-24,new,IND,UTA,0.032932920457136916
2023-24,new,IND,WAS,0.06891541009790922
2023-24,new,LAC,ATL,0.07026105601700258
2023-24,new,LAC,BKN,0.0
2023-24,new,LAC,BOS,0.0002262931064188738
2023-24,new,LAC,CHA,0.0002101957269705882
2023-24,new,LAC,CHI,0.01329011561390658
2023-24,new,LAC,CLE,0.081955602419158
2023-24,new,LAC,DAL,0.0396207289210908
2023-24,new,LAC,DEN,0.030553871839779444
2023-24,new,LAC,DET,8.070124826827821e-05
2023-24,new,LAC,GSW,0.036866709051316573
2023-24,new,LAC,HOU,0.004716830183286645
2023-24,new,LAC,IND,0.019934606998752366
2023-24,new,LAC,LAL,0.0
2023-24,new,LAC,MEM,0.021014547756941313
2023-24,new,LAC,MIA,0.05953785973977705
2023-24,new,LAC,MIL,0.11449569032511447
2023-24,new,LAC,MIN,0.04342454647050232
2023-24,new,LAC,NOP,0.2910925975468015
2023-24,new,LAC,NYK,0.09831132859994145
2023-24,new,LAC,OKC,0.023286099726462676
2023-24,new,LAC,ORL,0.04801137685981846
2023-24,new,LAC,PHI,0.05473881913431817
2023-24,new,LAC,PHX,0.05751993569412974
2023-24,new,LAC,POR,0.012673056895890735
2023-24,new,LAC,SAC,0.07644904128952142
2023-24,new,LAC,SAS,0.006700633797345651
2023-24,new,LAC,TOR,0.06949572120247019
2023-24,new,LAC,UTA,0.054670528407180514
2023-24,new,LAC,WAS,0.6003930519475474
2023-24,new,LAL,ATL,0.4686460952231495
2023-24,new,LAL,BKN,0.0
2023-24,new,LAL,BOS,0.00014224138175105233
2023-24,new,LAL,CHA,0.0010097589037976731
2023-24,new,LAL,CHI,0.009870421571478955
2023-24,new,LAL,CLE,0.04841711515826459
2023-24,new,LAL,DAL,0.15559346450557843
2023-24,new,LAL,DEN,0.022425713926893593
2023-24,new,LAL,DET,0.0002188427880181163
2023-24,new,LAL,GSW,0.11614117577069606
2023-24,new,LAL,HOU,0.0024403024572745287
2023-24,new,LAL,IND,0.004392667883511577
2023-24,new,LAL,LAC,0.0
2023-24,new,LAL,MEM,0.044140086940726554
2023-24,new,LAL,MIA,0.05101028680344352
2023-24,new,LAL,MIL,0.04917510808537842
2023-24,new,LAL,MIN,0.015475012674987493
2023-24,new,LAL,NOP,1.269527501389134
2023-24,new,LAL,NYK,0.11892591609985577
2023-24,new,LAL,OKC,0.01671821145734204
2023-24,new,LAL,ORL,0.04220467674415525
2023-24,new,LAL,PHI,0.029388380834173618
2023-24,new,LAL,PHX,0.27245177794045145
2023-24,new,LAL,POR,0.0391818640153076
2023-24,new,LAL,SAC,0.8505053175556239
2023-24,new,LAL,SAS,0.0019584467441735977
2023-24,new,LAL,TOR,0.08780130614111045
2023-24,new,LAL,UTA,0.04081761873949415
2023-24,new,LAL,WAS,0.10677586250838117
2023-24,new,MEM,ATL,0.0696424904210697
2023-24,new,MEM,BKN,0.0
2023-24,new,MEM,BOS,0.00029849138488222306
2023-24,new,MEM,CHA,0.004446143776669619
2023-24,new,MEM,CHI,0.009559159004739883
2023-24,new,MEM,CLE,0.023373486377754972
2023-24,new,MEM,DAL,0.02507655295351724
2023-24,new,MEM,DEN,0.016619181233673494
2023-24,new,MEM,DET,0.0003463832965145791
2023-24,new,MEM,GSW,0.012761292599506379
2023-24,new,MEM,HOU,0.015083647123453257
2023-24,new,MEM,IND,0.009294611391057004
2023-24,new,MEM,LAC,0.0
2023-24,new,MEM,LAL,0.0
2023-24,new,MEM,MIA,0.042205454068873154
2023-24,new,MEM,MIL,0.012431034619743325
2023-24,new,MEM,MIN,0.034315745173271114
2023-24,new,MEM,NOP,0.12438134172396134
2023-24,new,MEM,NYK,0.052755214439933945
2023-24,new,MEM,OKC,0.005908135881623381
2023-24,new,MEM,ORL,0.03880662717175341
2023-24,new,MEM,PHI,0.013507854889830868
2023-24,new,MEM,PHX,0.043140625087544335
2023-24,new,MEM,POR,0.007461891536747057
2023-24,new,MEM,SAC,0.0796347452686128
2023-24,new,MEM,SAS,0.00822312189128594
2023-24,new,MEM,TOR,0.039212759506111444
2023-24,new,MEM,UTA,0.056495959349578774
2023-24,new,MEM,WAS,0.04849622870986111
2023-24,new,MIA,ATL,0.060297088955920716
2023-24,new,MIA,BKN,0.0
2023-24,new,MIA,BOS,0.0002500000050098732
2023-24,new,MIA,CHA,0.0009180156056117048
2023-24,new,MIA,CHI,0.037031780649799374
2023-24,new,MIA,CLE,0.04419293915378194
2023-24,new,MIA,DAL,0.01985306766733723
2023-24,new,MIA,DEN,0.008207243231124955
2023-24,new,MIA,DET,0.00011328456355011766
2023-24,new,MIA,GSW,0.015437082591775099
2023-24,new,MIA,HOU,0.0004263487309484992
2023-24,new,MIA,IND,0.07435949525320303
2023-24,new,MIA,LAC,0.0
2023-24,new,MIA,LAL,0.0
2023-24,new,MIA,MEM,0.0034466595886724774
2023-24,new,MIA,MIL,0.04610183231223471
2023-24,new,MIA,MIN,0.01575755608614819
2023-24,new,MIA,NOP,0.07198671128937476
2023-24,new,MIA,NYK,0.1323662912532803
2023-24,new,MIA,OKC,0.005408135796555896
2023-24,new,MIA,ORL,0.15968191248962593
2023-24,new,MIA,PHI,0.1761492673705402
2023-24,new,MIA,PHX,0.04990813569342396
2023-24,new,MIA,POR,0.015873308909231113
2023-24,new,MIA,SAC,0.021011675917215495
2023-24,new,MIA,SAS,0.004947396227662799
2023-24,new,MIA,TOR,0.21115890096404
2023-24,new,MIA,UTA,0.022162715581743497
2023-24,new,MIA,WAS,0.033492457270200754
2023-24,new,MIL,ATL,0.06611743049410317
2023-24,new,MIL,BKN,0.0
2023-24,new,MIL,BOS,0.0005129310398780067
2023-24,new,MIL,CHA,6.51293809740825e-05
2023-24,new,MIL,CHI,0.014494486267587797
2023-24,new,MIL,CLE,0.10629776841502682
2023-24,new,MIL,DAL,0.07327031700683546
2023-24,new,MIL,DEN,0.029794181143897112
2023-24,new,MIL,DET,6.68437110872417e-05
2023-24,new,MIL,GSW,0.0207999825600481
2023-24,new,MIL,HOU,0.002631263773356887
2023-24,new,MIL,IND,0.019667439950731412
2023-24,new,MIL,LAC,0.0
2023-24,new,MIL,LAL,0.0
2023-24,new,MIL,MEM,0.01188739251845179
2023-24,new,MIL,MIA,0.1177856769759208
2023-24,new,MIL,MIN,0.04471473082732701
2023-24,new,MIL,NOP,0.3097555136758235
2023-24,new,MIL,NYK,0.16272477791926515
2023-24,new,MIL,OKC,0.002866379362129574
2023-24,new,MIL,ORL,0.054513139386174
2023-24,new,MIL,PHI,0.12764839228470662
2023-24,new,MIL,PHX,0.08003367479826357
2023-24,new,MIL,POR,0.03297502869491059
2023-24,new,MIL,SAC,0.06279141938299523
2023-24,new,MIL,SAS,0.0015677393814451993
2023-24,new,MIL,TOR,0.04580211966924226
2023-24,new,MIL,UTA,0.05914762936161173
2023-24,new,MIL,WAS,0.11943965596447957
2023-24,new,MIN,ATL,0.07471352099612452
2023-24,new,MIN,BKN,0.0
2023-24,new,MIN,BOS,0.00134806036628012
2023-24,new,MIN,CHA,0.0005648785291800981
2023-24,new,MIN,CHI,0.01076187920691835
2023-24,new,MIN,CLE,0.048862928857536216
2023-24,new,MIN,DAL,0.037579181612591446
2023-24,new,MIN,DEN,0.11305603467104634
2023-24,new,MIN,DET,0.00013025009074191262
2023-24,new,MIN,GSW,0.03249096320665766
2023-24,new,MIN,HOU,0.005579382722914439
2023-24,new,MIN,IND,0.0011257657134577498
2023-24,new,MIN,LAC,0.0
2023-24,new,MIN,LAL,0.0
2023-24,new,MIN,MEM,0.015431304200299503
2023-24,new,MIN,MIA,0.017682352412112995
2023-24,new,MIN,MIL,0.04088873965559319
2023-24,new,MIN,NOP,0.31669839075473666
2023-24,new,MIN,NYK,0.05374529595496231
2023-24,new,MIN,OKC,0.007472252189743751
2023-24,new,MIN,ORL,0.027449102291330265
2023-24,new,MIN,PHI,0.022022155943718178
2023-24,new,MIN,PHX,0.04753798494500847
2023-24,new,MIN,POR,0.01465710835894559
2023-24,new,MIN,SAC,0.11556023702409368
2023-24,new,MIN,SAS,0.0023884508818209013
2023-24,new,MIN,TOR,0.03805658448620995
2023-24,new,MIN,UTA,0.14281438576579417
2023-24,new,MIN,WAS,0.10057085172156806
2023-24,new,NOP,ATL,0.32498072625295166
2023-24,new,NOP,BKN,0.0
2023-24,new,NOP,BOS,9.698276006584539e-06
2023-24,new,NOP,CHA,0.002338261866283814
2023-24,new,NOP,CHI,0.02519180692002005
2023-24,new,NOP,CLE,0.10000331362404079
2023-24,new,NOP,DAL,0.14958766270958535
2023-24,new,NOP,DEN,0.012818128387971611
2023-24,new,NOP,DET,8.285246563945812e-05
2023-24,new,NOP,GSW,0.11911608374679569
2023-24,new,NOP,HOU,0.005358587089631942
2023-24,new,NOP,IND,0.01686226214121424
2023-24,new,NOP,LAC,0.0
2023-24,new,NOP,LAL,0.0
2023-24,new,NOP,MEM,0.037570852080344004
2023-24,new,NOP,MIA,0.04392879137312969
2023-24,new,NOP,MIL,0.18033243649014963
2023-24,new,NOP,MIN,0.015343738614856509
2023-24,new,NOP,NYK,0.16424618415301911
2023-24,new,NOP,OKC,0.003140086235081103
2023-24,new,NOP,ORL,0.06718853076937645
2023-24,new,NOP,PHI,0.056431649145300106
2023-24,new,NOP,PHX,0.2662772097975289
2023-24,new,NOP,POR,0.04390947370025492
2023-24,new,NOP,SAC,0.5760040800260879
2023-24,new,NOP,SAS,0.006200963334965406
2023-24,new,NOP,TOR,0.10045210467963572
2023-24,new,NOP,UTA,0.018947737179676485
2023-24,new,NOP,WAS,0.13728152086330048
2023-24,new,NYK,ATL,0.09357201801489996
2023-24,new,NYK,BKN,0.0
2023-24,new,NYK,BOS,1.4008620898399886e-05
2023-24,new,NYK,CHA,0.0018306460735147407
2023-24,new,NYK,CHI,0.03034106402015674
2023-24,new,NYK,CLE,0.1097576580512615
2023-24,new,NYK,DAL,0.05100351296377695
2023-24,new,NYK,DEN,0.014538258253334536
2023-24,new,NYK,DET,9.047000445070022e-05
2023-24,new,NYK,GSW,0.011799479973685235
2023-24,new,NYK,HOU,0.007350697900719594
2023-24,new,NYK,IND,0.03553565259604705
2023-24,new,NYK,LAC,0.0
2023-24,new,NYK,LAL,0.0
2023-24,new,NYK,MEM,0.00568830831887618
2023-24,new,NYK,MIA,0.06556950930328649
2023-24,new,NYK,MIL,0.08796551814567749
2023-24,new,NYK,MIN,0.015586485227899615
2023-24,new,NYK,NOP,0.18848141480460484
2023-24,new,NYK,OKC,0.002041756519686495
2023-24,new,NYK,ORL,0.11941525217165566
2023-24,new,NYK,PHI,0.06277765022237153
2023-24,new,NYK,PHX,0.09296497857818331
2023-24,new,NYK,POR,0.03241398484833414
2023-24,new,NYK,SAC,0.03564311179109497
2023-24,new,NYK,SAS,0.0036431440215853304
2023-24,new,NYK,TOR,0.08764000865553019
2023-24,new,NYK,UTA,0.025221174578302825
2023-24,new,NYK,WAS,0.041074623514452534
2023-24,new,OKC,ATL,0.05728452813981457
2023-24,new,OKC,BKN,0.0
2023-24,new,OKC,BOS,0.0014288793355708238
2023-24,new,OKC,CHA,0.0014863884354382878
2023-24,new,OKC,CHI,0.01166841678504269
2023-24,new,OKC,CLE,0.05924408656945365
2023-24,new,OKC,DAL,0.048337019283583436
2023-24,new,OKC,DEN,0.1494341546038025
2023-24,new,OKC,DET,0.00022849423339111797
2023-24,new,OKC,GSW,0.03927347115984054
2023-24,new,OKC,HOU,0.0002790087595209299
2023-24,new,OKC,IND,0.003461801338208198
2023-24,new,OKC,LAC,0.0
2023-24,new,OKC,LAL,0.0
2023-24,new,OKC,MEM,0.016973599418475902
2023-24,new,OKC,MIA,0.03679156094989253
2023-24,new,OKC,MIL,0.050309806321627175
2023-24,new,OKC,MIN,0.16737155165647233
2023-24,new,OKC,NOP,0.18596990447760212
2023-24,new,OKC,NYK,0.10398860072888895
2023-24,new,OKC,ORL,0.045386130745241865
2023-24,new,OKC,PHI,0.035210368628179146
2023-24,new,OKC,PHX,0.04885021554823997
2023-24,new,OKC,POR,0.015179598964501483
2023-24,new,OKC,SAC,0.06272444659673791
2023-24,new,OKC,SAS,0.007475491299638809
2023-24,new,OKC,TOR,0.08408878232779292
2023-24,new,OKC,UTA,0.3331503235664749
2023-24,new,OKC,WAS,0.08662338429654483
2023-24,new,ORL,ATL,0.07953514174678424
2023-24,new,ORL,BKN,0.0
2023-24,new,ORL,BOS,0.00026939655638075075
2023-24,new,ORL,CHA,0.0007677697692962866
2023-24,new,ORL,CHI,0.02598171069431305
2023-24,new,ORL,CLE,0.08258963891345524
2023-24,new,ORL,DAL,0.028894198181455978
2023-24,new,ORL,DEN,0.004854525887118332
2023-24,new,ORL,DET,0.00029597978617587937
2023-24,new,ORL,GSW,0.009281441051277383
2023-24,new,ORL,HOU,0.01318406971171152
2023-24,new,ORL,IND,0.034870275262342265
2023-24,new,ORL,LAC,0.0
2023-24,new,ORL,LAL,0.0
2023-24,new,ORL,MEM,0.0044094828288632855
2023-24,new,ORL,MIA,0.24941557405917372
2023-24,new,ORL,MIL,0.053660022164494246
2023-24,new,ORL,MIN,0.005495689724780748
2023-24,new,ORL,NOP,0.14878572553863972
2023-24,new,ORL,NYK,0.19352658265412784
2023-24,new,ORL,OKC,0.008433459167958813
2023-24,new,ORL,PHI,0.2758124858899997
2023-24,new,ORL,PHX,0.08600889046423554
2023-24,new,ORL,POR,0.01922284301086988
2023-24,new,ORL,SAC,0.02083501965555672
2023-24,new,ORL,SAS,0.019086298129787776
2023-24,new,ORL,TOR,0.12047167735484288
2023-24,new,ORL,UTA,0.005488685332880965
2023-24,new,ORL,WAS,0.06663847021774615
2023-24,new,PHI,ATL,0.054742462139732946
2023-24,new,PHI,BKN,0.0
2023-24,new,PHI,BOS,8.18965530247781e-05
2023-24,new,PHI,CHA,0.0023308435081892914
2023-24,new,PHI,CHI,0.12236349016700927
2023-24,new,PHI,CLE,0.03467561001257458
2023-24,new,PHI,DAL,0.04295529317071784
2023-24,new,PHI,DEN,0.015421982893807078
2023-24,new,PHI,DET,0.00028439262315612665
2023-24,new,PHI,GSW,0.022968387145127167
2023-24,new,PHI,HOU,0.00715098233769509
2023-24,new,PHI,IND,0.09311279948221747
2023-24,new,PHI,LAC,0.0
2023-24,new,PHI,LAL,0.0
2023-24,new,PHI,MEM,0.010574084174747032
2023-24,new,PHI,MIA,0.19771940255762904
2023-24,new,PHI,MIL,0.022956358023521754
2023-24,new,PHI,MIN,0.014748136188047817
2023-24,new,PHI,NOP,0.1600330994610467
2023-24,new,PHI,NYK,0.11532690151711092
2023-24,new,PHI,OKC,0.009656250146197575
2023-24,new,PHI,ORL,0.1013219305774912
2023-24,new,PHI,PHX,0.053507542994941155
2023-24,new,PHI,POR,0.014089970190386577
2023-24,new,PHI,SAC,0.06106661880077408
2023-24,new,PHI,SAS,0.005014283389131799
2023-24,new,PHI,TOR,0.13439204028545512
2023-24,new,PHI,UTA,0.02330792033771888
2023-24,new,PHI,WAS,0.11306896614021188
2023-24,new,PHX,ATL,0.2565862621253365
2023-24,new,PHX,BKN,0.0
2023-24,new,PHX,BOS,0.0001034482776444277
2023-24,new,PHX,CHA,0.0025600644357195875
2023-24,new,PHX,CHI,0.009340752852009141
2023-24,new,PHX,CLE,0.06513507186206598
2023-24,new,PHX,DAL,0.26961971310315885
2023-24,new,PHX,DEN,0.03907162689764878
2023-24,new,PHX,DET,0.0002460124397566983
2023-24,new,PHX,GSW,0.22445397450655635
2023-24,new,PHX,HOU,0.001924484499760398
2023-24,new,PHX,IND,0.00563007436663705
2023-24,new,PHX,LAC,0.0
2023-24,new,PHX,LAL,0.0
2023-24,new,PHX,MEM,0.14906627396147712
2023-24,new,PHX,MIA,0.043579875913800754
2023-24,new,PHX,MIL,0.05702801757901586
2023-24,new,PHX,MIN,0.0243447273450786
2023-24,new,PHX,NOP,0.7480591212809637
2023-24,new,PHX,NYK,0.08730915930125575
2023-24,new,PHX,OKC,0.007933189762427052
2023-24,new,PHX,ORL,0.06251122936581978
2023-24,new,PHX,PHI,0.024833584256719027
2023-24,new,PHX,POR,0.057940624369784824
2023-24,new,PHX,SAC,0.40668731643028033
2023-24,new,PHX,SAS,0.003796366581993588
2023-24,new,PHX,TOR,0.046703609756496935
2023-24,new,PHX,UTA,0.06590382544163229
2023-24,new,PHX,WAS,0.29235506411057754
2023-24,new,POR,ATL,0.1599736474706894
2023-24,new,POR,BKN,0.0
2023-24,new,POR,BOS,7.758620813296273e-05
2023-24,new,POR,CHA,0.003127025490553404
2023-24,new,POR,CHI,0.03504173937004493
2023-24,new,POR,CLE,0.039629427207665636
2023-24,new,POR,DAL,0.010227961435209227
2023-24,new,POR,DEN,0.009203671364781917
2023-24,new,POR,DET,0.00037041358724683633
2023-24,new,POR,GSW,0.100694219196404
2023-24,new,POR,HOU,0.00473326469947591
2023-24,new,POR,IND,0.012506083058961066
2023-24,new,POR,LAC,0.0
2023-24,new,POR,LAL,0.0
2023-24,new,POR,MEM,0.005903556079419074
2023-24,new,POR,MIA,0.024020770056416573
2023-24,new,POR,MIL,0.040852101333098134
2023-24,new,POR,MIN,0.014598719279408817
2023-24,new,POR,NOP,0.08472116032847056
2023-24,new,POR,NYK,0.050065625121922586
2023-24,new,POR,OKC,0.01025161649156683
2023-24,new,POR,ORL,0.036693774378724654
2023-24,new,POR,PHI,0.0376609161154257
2023-24,new,POR,PHX,0.05858836236883534
2023-24,new,POR,SAC,0.08007973026805627
2023-24,new,POR,SAS,0.031134990970469203
2023-24,new,POR,TOR,0.035793491083383096
2023-24,new,POR,UTA,0.02853744612444706
2023-24,new,POR,WAS,0.09207650899005942
2023-24,new,SAC,ATL,0.6316027635311423
2023-24,new,SAC,BKN,0.0
2023-24,new,SAC,BOS,0.00023491379708565514
2023-24,new,SAC,CHA,0.0026889366170477014
2023-24,new,SAC,CHI,0.009964598718748408
2023-24,new,SAC,CLE,0.0597674457878569
2023-24,new,SAC,DAL,0.2056557223959944
2023-24,new,SAC,DEN,0.016509649054272917
2023-24,new,SAC,DET,7.605308718702504e-05
2023-24,new,SAC,GSW,0.2717659515657821
2023-24,new,SAC,HOU,0.0009020000690351109
2023-24,new,SAC,IND,0.016175054057950798
2023-24,new,SAC,LAC,0.0
2023-24,new,SAC,LAL,0.0
2023-24,new,SAC,MEM,0.031904634430057144
2023-24,new,SAC,MIA,0.05395817132754574
2023-24,new,SAC,MIL,0.03443399820456698
2023-24,new,SAC,MIN,0.019745957336974485
2023-24,new,SAC,NOP,0.619662519916208
2023-24,new,SAC,NYK,0.14555427404124877
2023-24,new,SAC,OKC,0.009017780318270148
2023-24,new,SAC,ORL,0.06827672204093896
2023-24,new,SAC,PHI,0.03490599604859293
2023-24,new,SAC,PHX,0.23016540911323632
2023-24,new,SAC,POR,0.0516823451322836
2023-24,new,SAC,SAS,0.0035967114339920223
2023-24,new,SAC,TOR,0.0526330554687282
2023-24,new,SAC,UTA,0.027785829893746897
2023-24,new,SAC,WAS,0.1062074364321146
2023-24,new,SAS,ATL,0.06462554694627604
2023-24,new,SAS,BKN,0.0
2023-24,new,SAS,BOS,0.0003620689721970723
2023-24,new,SAS,CHA,0.03336256399678125
2023-24,new,SAS,CHI,0.026579977584546062
2023-24,new,SAS,CLE,0.026797869556818302
2023-24,new,SAS,DAL,0.09054483240232727
2023-24,new,SAS,DEN,0.014729655259105873
2023-24,new,SAS,DET,0.0007423892032642314
2023-24,new,SAS,GSW,0.036837488180466
2023-24,new,SAS,HOU,0.006855121589107028
2023-24,new,SAS,IND,0.005060265932245327
2023-24,new,SAS,LAC,0.0
2023-24,new,SAS,LAL,0.0
2023-24,new,SAS,MEM,0.018851832051637003
2023-24,new,SAS,MIA,0.032332471645670935
2023-24,new,SAS,MIL,0.016024245990576738
2023-24,new,SAS,MIN,0.03293221552970423
2023-24,new,SAS,NOP,0.15667514867201163
2023-24,new,SAS,NYK,0.05367707142978776
2023-24,new,SAS,OKC,0.009922683142057362
2023-24,new,SAS,ORL,0.04177182580354358
2023-24,new,SAS,PHI,0.017045768906789438
2023-24,new,SAS,PHX,0.06838900852651368
2023-24,new,SAS,POR,0.042228644617528045
2023-24,new,SAS,SAC,0.1222807726874281
2023-24,new,SAS,TOR,0.045297655630047604
2023-24,new,SAS,UTA,0.056764008827539604
2023-24,new,SAS,WAS,0.05278313622583138
2023-24,new,TOR,ATL,0.07637828473692365
2023-24,new,TOR,BKN,0.0
2023-24,new,TOR,BOS,5.926724250332036e-05
2023-24,new,TOR,CHA,0.00034948446448414603
2023-24,new,TOR,CHI,0.010811412908642489
2023-24,new,TOR,CLE,0.03003588396954479
2023-24,new,TOR,DAL,0.06069494413389677
2023-24,new,TOR,DEN,0.011627725101866888
2023-24,new,TOR,DET,9.670003993883665e-05
2023-24,new,TOR,GSW,0.026297353578846282
2023-24,new,TOR,HOU,0.013635027783626226
2023-24,new,TOR,IND,0.007035886714123914
2023-24,new,TOR,LAC,0.0
2023-24,new,TOR,LAL,0.0
2023-24,new,TOR,MEM,0.011502424797528938
2023-24,new,TOR,MIA,0.050226426320879466
2023-24,new,TOR,MIL,0.014213901118973494
2023-24,new,TOR,MIN,0.00930237084910412
2023-24,new,TOR,NOP,0.14397724814078422
2023-24,new,TOR,NYK,0.06718185228623015
2023-24,new,TOR,OKC,0.0020274784764403417
2023-24,new,TOR,ORL,0.08341627807562307
2023-24,new,TOR,PHI,0.07124730143338662
2023-24,new,TOR,PHX,0.060462553822555866
2023-24,new,TOR,POR,0.032316538829740615
2023-24,new,TOR,SAC,0.09591625978065035
2023-24,new,TOR,SAS,0.030413876405368714
2023-24,new,TOR,UTA,0.025957435383401204
2023-24,new,TOR,WAS,0.042336207243276705
2023-24,new,UTA,ATL,0.06150856138213235
2023-24,new,UTA,BKN,0.0
2023-24,new,UTA,BOS,0.0001357758644936157
2023-24,new,UTA,CHA,0.0025579833701049807
2023-24,new,UTA,CHI,0.003751930566421729
2023-24,new,UTA,CLE,0.018465416225699194
2023-24,new,UTA,DAL,0.010710475916029156
2023-24,new,UTA,DEN,0.012906453841074375
2023-24,new,UTA,DET,0.0003048399349333065
2023-24,new,UTA,GSW,0.03404798503635322
2023-24,new,UTA,HOU,0.008757521168846115
2023-24,new,UTA,IND,0.009140754059907972
2023-24,new,UTA,LAC,0.0
2023-24,new,UTA,LAL,0.0
2023-24,new,UTA,MEM,0.006249191954085636
2023-24,new,UTA,MIA,0.015771313216343993
2023-24,new,UTA,MIL,0.02166379312334326
2023-24,new,UTA,MIN,0.01851831902942524
2023-24,new,UTA,NOP,0.11018096778611836
2023-24,new,UTA,NYK,0.07557875219284774
2023-24,new,UTA,OKC,0.025538523822143704
2023-24,new,UTA,ORL,0.02453675794731691
2023-24,new,UTA,PHI,0.022196654505799513
2023-24,new,UTA,PHX,0.04727209048981955
2023-24,new,UTA,POR,0.01991351871940517
2023-24,new,UTA,SAC,0.05793790553559477
2023-24,new,UTA,SAS,0.0072684832569198535
2023-24,new,UTA,TOR,0.02865152463124401
2023-24,new,UTA,WAS,0.06411341621020633
2023-24,new,WAS,ATL,0.039999507942109526
2023-24,new,WAS,BKN,0.0
2023-24,new,WAS,BOS,0.0002715517289069449
2023-24,new,WAS,CHA,0.0030609500564078044
2023-24,new,WAS,CHI,0.006620096313447168
2023-24,new,WAS,CLE,0.01860996802093153
2023-24,new,WAS,DAL,0.039470242401976406
2023-24,new,WAS,DEN,0.017613392151470546
2023-24,new,WAS,DET,0.00025516279976693374
2023-24,new,WAS,GSW,0.015648315039978627
2023-24,new,WAS,HOU,0.0006920945698550401
2023-24,new,WAS,IND,0.012562532670502162
2023-24,new,WAS,LAC,0.0
2023-24,new,WAS,LAL,0.0
2023-24,new,WAS,MEM,0.008597791085786443
2023-24,new,WAS,MIA,0.017160332513003418
2023-24,new,WAS,MIL,0.015246498017383195
2023-24,new,WAS,MIN,0.010932328019673528
2023-24,new,WAS,NOP,0.13074017081256636
2023-24,new,WAS,NYK,0.07106063845167337
2023-24,new,WAS,OKC,0.006518588474799141
2023-24,new,WAS,ORL,0.0225922860980535
2023-24,new,WAS,PHI,0.03734363550581671
2023-24,new,WAS,PHX,0.04860371775308961
2023-24,new,WAS,POR,0.01559124575542393
2023-24,new,WAS,SAC,0.05987265766652832
2023-24,new,WAS,SAS,0.014984768385184295
2023-24,new,WAS,TOR,0.025360825642587233
2023-24,new,WAS,UTA,0.02812015103262544
2023-24,old,ATL,BKN,0.0
2023-24,old,ATL,BOS,4.31034489181535e-06
2023-24,old,ATL,CHA,0.0034433755954386405
2023-24,old,ATL,CHI,0.06518882533747138
2023-24,old,ATL,CLE,0.024755107032980974
2023-24,old,ATL,DAL,0.0018161638864312344
2023-24,old,ATL,DEN,0.009372847259316282
2023-24,old,ATL,DET,0.00011100837345616422
2023-24,old,ATL,GSW,0.006226626023628292
2023-24,old,ATL,HOU,0.1274083334303768
2023-24,old,ATL,IND,0.0017435126151785466
2023-24,old,ATL,LAC,0.0
2023-24,old,ATL,LAL,0.0
2023-24,old,ATL,MEM,0.008477909495624525
2023-24,old,ATL,MIA,0.037675666105642006
2023-24,old,ATL,MIL,0.025866379460785537
2023-24,old,ATL,MIN,0.014830819579977391
2023-24,old,ATL,NOP,0.08460188392224387
2023-24,old,ATL,NYK,0.08981961779123881
2023-24,old,ATL,OKC,0.40324030276897743
2023-24,old,ATL,ORL,0.04595270305683612
2023-24,old,ATL,PHI,0.05479971424791892
2023-24,old,ATL,PHX,0.02334132561534402
2023-24,old,ATL,POR,0.022545377889887183
2023-24,old,ATL,SAC,0.029252056984750256
2023-24,old,ATL,SAS,0.050013665051101545
2023-24,old,ATL,TOR,0.12603666277998787
2023-24,old,ATL,UTA,0.31645420347504993
2023-24,old,ATL,WAS,0.04361503299197245
2023-24,old,BKN,ATL,0.12460427743184559
2023-24,old,BKN,BOS,0.0002456896594757664
2023-24,old,BKN,CHA,0.0029102814848735604
2023-24,old,BKN,CHI,0.01309590815252994
2023-24,old,BKN,CLE,0.03853706650079554
2023-24,old,BKN,DAL,0.0008052474388960448
2023-24,old,BKN,DEN,0.006130387060770562
2023-24,old,BKN,DET,0.0015113889909946696
2023-24,old,BKN,GSW,0.007152818300800558
2023-24,old,BKN,HOU,0.26685473474655086
2023-24,old,BKN,IND,0.0024940667827185975
2023-24,old,BKN,LAC,0.0
2023-24,old,BKN,LAL,0.0
2023-24,old,BKN,MEM,0.0326761856509758
2023-24,old,BKN,MIA,0.06826635940485662
2023-24,old,BKN,MIL,0.02579956887940202
2023-24,old,BKN,MIN,0.005637931226559451
2023-24,old,BKN,NOP,0.14045575504154734
2023-24,old,BKN,NYK,0.06594199628478666
2023-24,old,BKN,OKC,0.153171336053136
2023-24,old,BKN,ORL,0.056988055304330064
2023-24,old,BKN,PHI,0.035299620077144864
2023-24,old,BKN,PHX,0.05229660594478603
2023-24,old,BKN,POR,0.027905002515014696
2023-24,old,BKN,SAC,0.03126680463168039
2023-24,old,BKN,SAS,0.1018492351230469
2023-24,old,BKN,TOR,0.20619379137788235
2023-24,old,BKN,UTA,0.2238407872556628
2023-24,old,BKN,WAS,0.02507570094734045
2023-24,old,BOS,ATL,0.06192287943853902
2023-24,old,BOS,BKN,0.0
2023-24,old,BOS,CHA,0.0028671994884821657
2023-24,old,BOS,CHI,0.009388907722248612
2023-24,old,BOS,CLE,0.04372365105343579
2023-24,old,BOS,DAL,0.0030579587945118313
2023-24,old,BOS,DEN,0.013293220300625932
2023-24,old,BOS,DET,0.0022193115771218107
2023-24,old,BOS,GSW,0.006808404160420215
2023-24,old,BOS,HOU,0.017637403054270244
2023-24,old,BOS,IND,0.0018112681115667756
2023-24,old,BOS,LAC,0.0
2023-24,old,BOS,LAL,0.0
2023-24,old,BOS,MEM,0.0025080819832409965
2023-24,old,BOS,MIA,0.026123053098468536
2023-24,old,BOS,MIL,0.031972252393225695
2023-24,old,BOS,MIN,0.0201160844652973
2023-24,old,BOS,NOP,0.10806682899611114
2023-24,old,BOS,NYK,0.1077752272162654
2023-24,old,BOS,OKC,0.05820824352803577
2023-24,old,BOS,ORL,0.04235459535276159
2023-24,old,BOS,PHI,0.022612138801141476
2023-24,old,BOS,PHX,0.04430307111554328
2023-24,old,BOS,POR,0.06572129510785918
2023-24,old,BOS,SAC,0.03795283582944133
2023-24,old,BOS,SAS,0.013789122327616157
2023-24,old,BOS,TOR,0.036153566458775176
2023-24,old,BOS,UTA,0.046443965614548534
2023-24,old,BOS,WAS,0.02643372868868153
2023-24,old,CHA,ATL,0.04708334883327375
2023-24,old,CHA,BKN,0.0
2023-24,old,CHA,BOS,5.387931114769188e-06
2023-24,old,CHA,CHI,0.01826707272128569
2023-24,old,CHA,CLE,0.023704259637763278
2023-24,old,CHA,DAL,0.0021029630578464496
2023-24,old,CHA,DEN,0.009114581338729989
2023-24,old,CHA,DET,0.002477331168773319
2023-24,old,CHA,GSW,0.0030677160733385586
2023-24,old,CHA,HOU,0.029310396915020406
2023-24,old,CHA,IND,0.0018078134773295838
2023-24,old,CHA,LAC,0.0
2023-24,old,CHA,LAL,0.0
2023-24,old,CHA,MEM,0.006383081884966393
2023-24,old,CHA,MIA,0.034363865233915526
2023-24,old,CHA,MIL,0.026673761090235622
2023-24,old,CHA,MIN,0.010029389922678997
2023-24,old,CHA,NOP,0.09740315656978951
2023-24,old,CHA,NYK,0.11556250166419466
2023-24,old,CHA,OKC,0.08652128242000394
2023-24,old,CHA,ORL,0.029665162543552476
2023-24,old,CHA,PHI,0.024815076384134004
2023-24,old,CHA,PHX,0.0482626613255004
2023-24,old,CHA,POR,0.08229027754867446
2023-24,old,CHA,SAC,0.022857938469757928
2023-24,old,CHA,SAS,0.07815477257857227
2023-24,old,CHA,TOR,0.051964428727972654
2023-24,old,CHA,UTA,0.042284752597775435
2023-24,old,CHA,WAS,0.05118076486942552
2023-24,old,CHI,ATL,0.06255180258042733
2023-24,old,CHI,BKN,0.0
2023-24,old,CHI,BOS,3.556034535747663e-05
2023-24,old,CHI,CHA,0.002075685954257024
2023-24,old,CHI,CLE,0.05999859545493596
2023-24,old,CHI,DAL,0.0026141627175654126
2023-24,old,CHI,DEN,0.01782602093201179
2023-24,old,CHI,DET,0.002067603933049458
2023-24,old,CHI,GSW,0.010538275976574828
2023-24,old,CHI,HOU,0.08040077191632372
2023-24,old,CHI,IND,0.010805245185271602
2023-24,old,CHI,LAC,0.0
2023-24,old,CHI,LAL,0.0
2023-24,old,CHI,MEM,0.0024811423191166454
2023-24,old,CHI,MIA,0.045728872859854656
2023-24,old,CHI,MIL,0.056577586843070155
2023-24,old,CHI,MIN,0.012390381167046176
2023-24,old,CHI,NOP,0.09703181712203003
2023-24,old,CHI,NYK,0.08830236185484161
2023-24,old,CHI,OKC,0.16361072100460095
2023-24,old,CHI,ORL,0.043311477412166344
2023-24,old,CHI,PHI,0.06768587838224979
2023-24,old,CHI,PHX,0.05663011827451932
2023-24,old,CHI,POR,0.05757745673996665
2023-24,old,CHI,SAC,0.026950497037676078
2023-24,old,CHI,SAS,0.006869210352734468
2023-24,old,CHI,TOR,0.1146779536102794
2023-24,old,CHI,UTA,0.10615867490536965
2023-24,old,CHI,WAS,0.05336099136562554
2023-24,old,CLE,ATL,0.10999501365391912
2023-24,old,CLE,BKN,0.0
2023-24,old,CLE,BOS,0.0005247844919433881
2023-24,old,CLE,CHA,0.0004803049961016276
2023-24,old,CLE,CHI,0.015595872577946208
2023-24,old,CLE,DAL,0.0023238301705715537
2023-24,old,CLE,DEN,0.03852434253133524
2023-24,old,CLE,DET,0.0007586489489889526
2023-24,old,CLE,GSW,0.009110608707416147
2023-24,old,CLE,HOU,0.030936664088948292
2023-24,old,CLE,IND,0.003434430435673398
2023-24,old,CLE,LAC,0.0
2023-24,old,CLE,LAL,0.0
2023-24,old,CLE,MEM,0.005227909536654901
2023-24,old,CLE,MIA,0.05718218468448641
2023-24,old,CLE,MIL,0.10566810377022441
2023-24,old,CLE,MIN,0.045611479591115445
2023-24,old,CLE,NOP,0.2146997490212548
2023-24,old,CLE,NYK,0.18007684812449867
2023-24,old,CLE,OKC,0.06945689642436578
2023-24,old,CLE,ORL,0.08488158914116992
2023-24,old,CLE,PHI,0.05176352866395364
2023-24,old,CLE,PHX,0.07433647638497924
2023-24,old,CLE,POR,0.04472713464893775
2023-24,old,CLE,SAC,0.09062263371878011
2023-24,old,CLE,SAS,0.01565848423741329
2023-24,old,CLE,TOR,0.16802207932223284
2023-24,old,CLE,UTA,0.10725808207547809
2023-24,old,CLE,WAS,0.09716972052569278
2023-24,old,DAL,ATL,0.15063974286617238
2023-24,old,DAL,BKN,0.0
2023-24,old,DAL,BOS,9.159482935250835e-05
2023-24,old,DAL,CHA,0.0023791916409189604
2023-24,old,DAL,CHI,0.02737221594314132
2023-24,old,DAL,CLE,0.055192239809862084
2023-24,old,DAL,DEN,0.02654534742046641
2023-24,old,DAL,DET,0.000341036746568661
2023-24,old,DAL,GSW,0.016514524942669345
2023-24,old,DAL,HOU,0.020951220405095772
2023-24,old,DAL,IND,0.0031332467754309136
2023-24,old,DAL,LAC,0.0
2023-24,old,DAL,LAL,0.0
2023-24,old,DAL,MEM,0.004918103553394883
2023-24,old,DAL,MIA,0.036716253344442916
2023-24,old,DAL,MIL,0.08100862093671256
2023-24,old,DAL,MIN,0.029864814101993972
2023-24,old,DAL,NOP,0.1454955992471212
2023-24,old,DAL,NYK,0.9892137125728098
2023-24,old,DAL,OKC,0.049312500172266585
2023-24,old,DAL,ORL,0.07277585033014224
2023-24,old,DAL,PHI,0.04599100343156799
2023-24,old,DAL,PHX,0.1040910554527915
2023-24,old,DAL,POR,0.1250203793394699
2023-24,old,DAL,SAC,0.19458401586856705
2023-24,old,DAL,SAS,0.021217805649348182
2023-24,old,DAL,TOR,0.09874021699673975
2023-24,old,DAL,UTA,0.06324191795639966
2023-24,old,DAL,WAS,0.054595097141332365
2023-24,old,DEN,ATL,0.05149343409973246
2023-24,old,DEN,BKN,0.0
2023-24,old,DEN,BOS,0.0005549569061860957
2023-24,old,DEN,CHA,0.012320606956449945
2023-24,old,DEN,CHI,0.010044535825476262
2023-24,old,DEN,CLE,0.040571299560245674
2023-24,old,DEN,DAL,0.004053919243159581
2023-24,old,DEN,DET,0.0013677577306127715
2023-24,old,DEN,GSW,0.005599138277649376
2023-24,old,DEN,HOU,0.024506901267061263
2023-24,old,DEN,IND,0.0013529045629235943
2023-24,old,DEN,LAC,0.0
2023-24,old,DEN,LAL,0.0
2023-24,old,DEN,MEM,0.009074083986603816
2023-24,old,DEN,MIA,0.018123255268405317
2023-24,old,DEN,MIL,0.03585991393212744
2023-24,old,DEN,MIN,0.1270625002515125
2023-24,old,DEN,NOP,0.10176962000949033
2023-24,old,DEN,NYK,0.10546352868846526
2023-24,old,DEN,OKC,0.04906761860814154
2023-24,old,DEN,ORL,0.03649537364418934
2023-24,old,DEN,PHI,0.023297606900305967
2023-24,old,DEN,PHX,0.03701804945973985
2023-24,old,DEN,POR,0.05734872241022522
2023-24,old,DEN,SAC,0.05529735661381971
2023-24,old,DEN,SAS,0.03462830468264058
2023-24,old,DEN,TOR,0.04870443621512182
2023-24,old,DEN,UTA,0.12421497864702893
2023-24,old,DEN,WAS,0.06386206910391501
2023-24,old,DET,ATL,0.04556883438604061
2023-24,old,DET,BKN,0.0
2023-24,old,DET,BOS,4.31034489181535e-06
2023-24,old,DET,CHA,0.004852937525002543
2023-24,old,DET,CHI,0.019000049250246728
2023-24,old,DET,CLE,0.018791285204388428
2023-24,old,DET,DAL,0.0009076377012114122
2023-24,old,DET,DEN,0.007616379538276002
2023-24,old,DET,GSW,0.004923203175523715
2023-24,old,DET,HOU,0.023724258766808518
2023-24,old,DET,IND,0.0028932105466260728
2023-24,old,DET,LAC,0.0
2023-24,old,DET,LAL,0.0
2023-24,old,DET,MEM,0.006779902843850796
2023-24,old,DET,MIA,0.040834122204146624
2023-24,old,DET,MIL,0.02694073286565856
2023-24,old,DET,MIN,0.0028577588991003672
2023-24,old,DET,NOP,0.05742136725225402
2023-24,old,DET,NYK,0.09689057671069934
2023-24,old,DET,OKC,0.023104256375829264
2023-24,old,DET,ORL,0.04003432800762238
2023-24,old,DET,PHI,0.0453187533700223
2023-24,old,DET,PHX,0.039126347312563245
2023-24,old,DET,POR,0.03271587775761217
2023-24,old,DET,SAC,0.009750206247650295
2023-24,old,DET,SAS,0.046655375091376516
2023-24,old,DET,TOR,0.12002450414316937
2023-24,old,DET,UTA,0.04461664858872295
2023-24,old,DET,WAS,0.033272628952901596
2023-24,old,GSW,ATL,0.2688723990109418
2023-24,old,GSW,BKN,0.0
2023-24,old,GSW,BOS,3.125000046566129e-05
2023-24,old,GSW,CHA,0.008139439544905216
2023-24,old,GSW,CHI,0.023081467620507366
2023-24,old,GSW,CLE,0.04833712325643152
2023-24,old,GSW,DAL,0.011495438883441325
2023-24,old,GSW,DEN,0.007253559045122603
2023-24,old,GSW,DET,0.0014382077363730274
2023-24,old,GSW,HOU,0.04884187704561658
2023-24,old,GSW,IND,0.005197718112693231
2023-24,old,GSW,LAC,0.0
2023-24,old,GSW,LAL,0.0
2023-24,old,GSW,MEM,0.0075878233900735295
2023-24,old,GSW,MIA,0.060004904649954796
2023-24,old,GSW,MIL,0.03222117483160249
2023-24,old,GSW,MIN,0.006856291343507006
2023-24,old,GSW,NOP,0.33258992642452495
2023-24,old,GSW,NYK,0.2108823553561012
2023-24,old,GSW,OKC,0.03992376029370997
2023-24,old,GSW,ORL,0.05305130118500877
2023-24,old,GSW,PHI,0.06309352055375805
2023-24,old,GSW,PHX,0.1038933181039716
2023-24,old,GSW,POR,0.6819314422294827
2023-24,old,GSW,SAC,0.37589156964282255
2023-24,old,GSW,SAS,0.039850055542270994
2023-24,old,GSW,TOR,0.09606170754548538
2023-24,old,GSW,UTA,0.02628933205548272
2023-24,old,GSW,WAS,0.030153556208624022
2023-24,old,HOU,ATL,0.09039948423440973
2023-24,old,HOU,BKN,0.0
2023-24,old,HOU,BOS,0.0003685344896953682
2023-24,old,HOU,CHA,0.00888289321801559
2023-24,old,HOU,CHI,0.07789873815950094
2023-24,old,HOU,CLE,0.03702292435231483
2023-24,old,HOU,DAL,0.0038032027245768303
2023-24,old,HOU,DEN,0.024704604984001493
2023-24,old,HOU,DET,0.00289474020241406
2023-24,old,HOU,GSW,0.02475053206523533
2023-24,old,HOU,IND,0.002466940899804809
2023-24,old,HOU,LAC,0.0
2023-24,old,HOU,LAL,0.0
2023-24,old,HOU,MEM,0.014800916198030884
2023-24,old,HOU,MIA,0.025664245612121394
2023-24,old,HOU,MIL,0.05052155231960631
2023-24,old,HOU,MIN,0.02067329807753378
2023-24,old,HOU,NOP,0.08286103309899097
2023-24,old,HOU,NYK,0.1351015244467902
2023-24,old,HOU,OKC,0.2675121230742862
2023-24,old,HOU,ORL,0.02782026448613704
2023-24,old,HOU,PHI,0.042146190046859676
2023-24,old,HOU,PHX,0.03095959067587531
2023-24,old,HOU,POR,0.05446529125808883
2023-24,old,HOU,SAC,0.04818231775848875
2023-24,old,HOU,SAS,0.02015127497096879
2023-24,old,HOU,TOR,0.04068797385170134
2023-24,old,HOU,UTA,0.38982731743442733
2023-24,old,HOU,WAS,0.056054687870843015
2023-24,old,IND,ATL,0.10587389291967905
2023-24,old,IND,BKN,0.0
2023-24,old,IND,BOS,0.00015193965759706393
2023-24,old,IND,CHA,0.0013457456858668722
2023-24,old,IND,CHI,0.03582469223549954
2023-24,old,IND,CLE,0.02814693125455707
2023-24,old,IND,DAL,0.003514569926289334
2023-24,old,IND,DEN,0.01972698449792052
2023-24,old,IND,DET,0.0004647099269924676
2023-24,old,IND,GSW,0.010590478896619649
2023-24,old,IND,HOU,0.03979418607566053
2023-24,old,IND,LAC,0.0
2023-24,old,IND,LAL,0.0
2023-24,old,IND,MEM,0.007110991276106155
2023-24,old,IND,MIA,0.12572001399330895
2023-24,old,IND,MIL,0.03195150897765917
2023-24,old,IND,MIN,0.013764303635358388
2023-24,old,IND,NOP,0.17741395858348905
2023-24,old,IND,NYK,0.1760403005968796
2023-24,old,IND,OKC,0.020422682503402907
2023-24,old,IND,ORL,0.09364528495773534
2023-24,old,IND,PHI,0.1433588419517277
2023-24,old,IND,PHX,0.06682354487980524
2023-24,old,IND,POR,0.059818276725353586
2023-24,old,IND,SAC,0.08576885980155916
2023-24,old,IND,SAS,0.028417564022519833
2023-24,old,IND,TOR,0.9179421352178716
2023-24,old,IND,UTA,0.06249353462404667
2023-24,old,IND,WAS,0.05162500031159966
2023-24,old,LAC,ATL,0.06447656273625274
2023-24,old,LAC,BKN,0.0
2023-24,old,LAC,BOS,0.0002262931064188738
2023-24,old,LAC,CHA,0.0030929526252942477
2023-24,old,LAC,CHI,0.013576972165228268
2023-24,old,LAC,CLE,0.08759856847318818
2023-24,old,LAC,DAL,0.0030272219061385484
2023-24,old,LAC,DEN,0.030693756517789335
2023-24,old,LAC,DET,0.0009195264474698487
2023-24,old,LAC,GSW,0.009146406107224737
2023-24,old,LAC,HOU,0.02560071613368454
2023-24,old,LAC,IND,0.0033641039497825298
2023-24,old,LAC,LAL,0.0
2023-24,old,LAC,MEM,0.005969558254081018
2023-24,old,LAC,MIA,0.04723537228106864
2023-24,old,LAC,MIL,0.11346228528631339
2023-24,old,LAC,MIN,0.043419181397623845
2023-24,old,LAC,NOP,0.17398090438873856
2023-24,old,LAC,NYK,0.11023916480383818
2023-24,old,LAC,OKC,0.05357516201050422
2023-24,old,LAC,ORL,0.05552700795282732
2023-24,old,LAC,PHI,0.03864345169166178
2023-24,old,LAC,PHX,0.04553232785041347
2023-24,old,LAC,POR,0.030635760910654956
2023-24,old,LAC,SAC,0.04737973875225164
2023-24,old,LAC,SAS,0.014229997029115636
2023-24,old,LAC,TOR,0.09440080860953576
2023-24,old,LAC,UTA,0.113962015695609
2023-24,old,LAC,WAS,0.5496166501566768
2023-24,old,LAL,ATL,0.4861250875482614
2023-24,old,LAL,BKN,0.0
2023-24,old,LAL,BOS,0.00014224138175105233
2023-24,old,LAL,CHA,0.0011631115772932745
2023-24,old,LAL,CHI,0.015516191978393832
2023-24,old,LAL,CLE,0.05131717899086252
2023-24,old,LAL,DAL,0.012726721386412641
2023-24,old,LAL,DEN,0.022352682550899446
2023-24,old,LAL,DET,0.0018821649721165801
2023-24,old,LAL,GSW,0.04102607750938346
2023-24,old,LAL,HOU,0.019666066341703578
2023-24,old,LAL,IND,0.003611093520803258
2023-24,old,LAL,LAC,0.0
2023-24,old,LAL,MEM,0.005371228580720371
2023-24,old,LAL,MIA,0.06266206512040878
2023-24,old,LAL,MIL,0.04899811436359948
2023-24,old,LAL,MIN,0.015446415613526296
2023-24,old,LAL,NOP,0.9872778667445095
2023-24,old,LAL,NYK,0.10412975550239675
2023-24,old,LAL,OKC,0.024965516523566444
2023-24,old,LAL,ORL,0.057741362633034206
2023-24,old,LAL,PHI,0.057371524934890755
2023-24,old,LAL,PHX,0.1581842658433517
2023-24,old,LAL,POR,0.14400711917422715
2023-24,old,LAL,SAC,0.649971643726813
2023-24,old,LAL,SAS,0.023758302407338616
2023-24,old,LAL,TOR,0.13094667855258585
2023-24,old,LAL,UTA,0.06299919208634147
2023-24,old,LAL,WAS,0.04278044211617991
2023-24,old,MEM,ATL,0.07556599386911635
2023-24,old,MEM,BKN,0.0
2023-24,old,MEM,BOS,0.00029849138488222306
2023-24,old,MEM,CHA,0.010124610527715875
2023-24,old,MEM,CHI,0.008498886006173361
2023-24,old,MEM,CLE,0.023344417729644386
2023-24,old,MEM,DAL,0.0014589244528001118
2023-24,old,MEM,DEN,0.016618829586183756
2023-24,old,MEM,DET,0.0016924726635849177
2023-24,old,MEM,GSW,0.007239987463199151
2023-24,old,MEM,HOU,0.07932871009904952
2023-24,old,MEM,IND,0.001808441676909344
2023-24,old,MEM,LAC,0.0
2023-24,old,MEM,LAL,0.0
2023-24,old,MEM,MIA,0.0378161945031823
2023-24,old,MEM,MIL,0.01243103461564872
2023-24,old,MEM,MIN,0.03431573375201001
2023-24,old,MEM,NOP,0.12365106062775386
2023-24,old,MEM,NYK,0.05334751682995248
2023-24,old,MEM,OKC,0.05911745665331998
2023-24,old,MEM,ORL,0.03332219259330887
2023-24,old,MEM,PHI,0.01923931192813316
2023-24,old,MEM,PHX,0.03986718752668319
2023-24,old,MEM,POR,0.03969900822702989
2023-24,old,MEM,SAC,0.0686902070946197
2023-24,old,MEM,SAS,0.2003039737778733
2023-24,old,MEM,TOR,0.2544422120081043
2023-24,old,MEM,UTA,0.13215167049697907
2023-24,old,MEM,WAS,0.038234644842831865
2023-24,old,MIA,ATL,0.08104076196062297
2023-24,old,MIA,BKN,0.0
2023-24,old,MIA,BOS,0.0002500000050098732
2023-24,old,MIA,CHA,0.006150133272418085
2023-24,old,MIA,CHI,0.0297020233302703
2023-24,old,MIA,CLE,0.03398911985823263
2023-24,old,MIA,DAL,0.001406872073332236
2023-24,old,MIA,DEN,0.007898741842057928
2023-24,old,MIA,DET,0.0022708804824918354
2023-24,old,MIA,GSW,0.01015105398339609
2023-24,old,MIA,HOU,0.017118102622978602
2023-24,old,MIA,IND,0.008313711036804151
2023-24,old,MIA,LAC,0.0
2023-24,old,MIA,LAL,0.0
2023-24,old,MIA,MEM,0.002281519486227651
2023-24,old,MIA,MIL,0.04592914921637015
2023-24,old,MIA,MIN,0.015722572443570747
2023-24,old,MIA,NOP,0.08831767657142071
2023-24,old,MIA,NYK,0.14069242352054673
2023-24,old,MIA,OKC,0.08007812497743956
2023-24,old,MIA,ORL,0.10099797827423367
2023-24,old,MIA,PHI,0.12241234025063757
2023-24,old,MIA,PHX,0.05676293096218083
2023-24,old,MIA,POR,0.04864717234568312
2023-24,old,MIA,SAC,0.019807501172926324
2023-24,old,MIA,SAS,0.009834111257614441
2023-24,old,MIA,TOR,0.17225879939424676
2023-24,old,MIA,UTA,0.02166918107493106
2023-24,old,MIA,WAS,0.030513739592299385
2023-24,old,MIL,ATL,0.06770505087721994
2023-24,old,MIL,BKN,0.0
2023-24,old,MIL,BOS,0.0005129310398780067
2023-24,old,MIL,CHA,0.0001354070304571777
2023-24,old,MIL,CHI,0.016404191840857885
2023-24,old,MIL,CLE,0.10427627750020951
2023-24,old,MIL,DAL,0.005300341007685774
2023-24,old,MIL,DEN,0.029765086580298437
2023-24,old,MIL,DET,0.0012192991744133515
2023-24,old,MIL,GSW,0.006307344523338749
2023-24,old,MIL,HOU,0.013353374849815797
2023-24,old,MIL,IND,0.003411958357801376
2023-24,old,MIL,LAC,0.0
2023-24,old,MIL,LAL,0.0
2023-24,old,MIL,MEM,0.0031096444773519864
2023-24,old,MIL,MIA,0.0683349991540644
2023-24,old,MIL,MIN,0.044751448983972895
2023-24,old,MIL,NOP,0.2906390536416543
2023-24,old,MIL,NYK,0.16950825822380272
2023-24,old,MIL,OKC,0.010683997833322544
2023-24,old,MIL,ORL,0.051188066086802805
2023-24,old,MIL,PHI,0.07009411089247694
2023-24,old,MIL,PHX,0.06994234931743544
2023-24,old,MIL,POR,0.061739224771195374
2023-24,old,MIL,SAC,0.03921556439691801
2023-24,old,MIL,SAS,0.010675783041789552
2023-24,old,MIL,TOR,0.06466280079410487
2023-24,old,MIL,UTA,0.07088011884463727
2023-24,old,MIL,WAS,0.11380926805359699
2023-24,old,MIN,ATL,0.08086856900222832
2023-24,old,MIN,BKN,0.0
2023-24,old,MIN,BOS,0.00134806036628012
2023-24,old,MIN,CHA,0.0019968075297175513
2023-24,old,MIN,CHI,0.011177117971923684
2023-24,old,MIN,CLE,0.05557663097436901
2023-24,old,MIN,DAL,0.002816929241367679
2023-24,old,MIN,DEN,0.11303340401213277
2023-24,old,MIN,DET,0.0009091402820582272
2023-24,old,MIN,GSW,0.007898969767927524
2023-24,old,MIN,HOU,0.03372545273862514
2023-24,old,MIN,IND,0.0007503987696076786
2023-24,old,MIN,LAC,0.0
2023-24,old,MIN,LAL,0.0
2023-24,old,MIN,MEM,0.007452317064082057
2023-24,old,MIN,MIA,0.02110596644701404
2023-24,old,MIN,MIL,0.04073060388957825
2023-24,old,MIN,NOP,0.2069079041369834
2023-24,old,MIN,NYK,0.06260877791722631
2023-24,old,MIN,OKC,0.0919684799550631
2023-24,old,MIN,ORL,0.03076821347305275
2023-24,old,MIN,PHI,0.024273320900247624
2023-24,old,MIN,PHX,0.03433890081020795
2023-24,old,MIN,POR,0.03367291975454818
2023-24,old,MIN,SAC,0.08103006798501457
2023-24,old,MIN,SAS,0.022877876142736023
2023-24,old,MIN,TOR,0.06514453224289146
2023-24,old,MIN,UTA,0.1402004309582869
2023-24,old,MIN,WAS,0.08086260816062288
2023-24,old,NOP,ATL,0.349630255758474
2023-24,old,NOP,BKN,0.0
2023-24,old,NOP,BOS,9.698276006584539e-06
2023-24,old,NOP,CHA,0.004849830497278547
2023-24,old,NOP,CHI,0.013059446184841162
2023-24,old,NOP,CLE,0.10240558400771844
2023-24,old,NOP,DAL,0.004853747903579998
2023-24,old,NOP,DEN,0.012350553192446906
2023-24,old,NOP,DET,1.603117406126053e-05
2023-24,old,NOP,GSW,0.015745838884347156
2023-24,old,NOP,HOU,0.024179370052594337
2023-24,old,NOP,IND,0.0026761617925661857
2023-24,old,NOP,LAC,0.0
2023-24,old,NOP,LAL,0.0
2023-24,old,NOP,MEM,0.008900592875273514
2023-24,old,NOP,MIA,0.051941374923837914
2023-24,old,NOP,MIL,0.1811554435357564
2023-24,old,NOP,MIN,0.015315539103691572
2023-24,old,NOP,NYK,0.19814392242610676
2023-24,old,NOP,OKC,0.04831465549752968
2023-24,old,NOP,ORL,0.07931184393265331
2023-24,old,NOP,PHI,0.058835242541853155
2023-24,old,NOP,PHX,0.14322305996536983
2023-24,old,NOP,POR,0.09793293726218805
2023-24,old,NOP,SAC,0.42579143340604186
2023-24,old,NOP,SAS,0.024709903764401683
2023-24,old,NOP,TOR,0.12357665400098364
2023-24,old,NOP,UTA,0.08374595925107535
2023-24,old,NOP,WAS,0.06717456974950217
2023-24,old,NYK,ATL,0.09188067143489054
2023-24,old,NYK,BKN,0.0
2023-24,old,NYK,BOS,1.4008620898399886e-05
2023-24,old,NYK,CHA,0.004312063310483041
2023-24,old,NYK,CHI,0.014644229108348592
2023-24,old,NYK,CLE,0.10845675308543948
2023-24,old,NYK,DAL,0.0029870196731325996
2023-24,old,NYK,DEN,0.014591964108480918
2023-24,old,NYK,DET,5.387480915920821e-05
2023-24,old,NYK,GSW,0.003474751002420889
2023-24,old,NYK,HOU,0.03791361847809214
2023-24,old,NYK,IND,0.003990666557431279
2023-24,old,NYK,LAC,0.0
2023-24,old,NYK,LAL,0.0
2023-24,old,NYK,MEM,0.007337015071454267
2023-24,old,NYK,MIA,0.050169982386743424
2023-24,old,NYK,MIL,0.08803448325544917
2023-24,old,NYK,MIN,0.015611774010953922
2023-24,old,NYK,NOP,0.17316153780354882
2023-24,old,NYK,OKC,0.03742861059120984
2023-24,old,NYK,ORL,0.09926589979449973
2023-24,old,NYK,PHI,0.04438606308954917
2023-24,old,NYK,PHX,0.08786422440354665
2023-24,old,NYK,POR,0.07031544919371349
2023-24,old,NYK,SAC,0.025187327312235108
2023-24,old,NYK,SAS,0.023716092357375256
2023-24,old,NYK,TOR,0.060635578153197256
2023-24,old,NYK,UTA,0.06132462323831939
2023-24,old,NYK,WAS,0.037435345469436075
2023-24,old,OKC,ATL,0.055649221594426576
2023-24,old,OKC,BKN,0.0
2023-24,old,OKC,BOS,0.0014288793355708238
2023-24,old,OKC,CHA,0.003109817327268267
2023-24,old,OKC,CHI,0.012350918288086765
2023-24,old,OKC,CLE,0.06128516377355018
2023-24,old,OKC,DAL,0.003266830694808185
2023-24,old,OKC,DEN,0.14939762874783555
2023-24,old,OKC,DET,0.001351876238024646
2023-24,old,OKC,GSW,0.01053185649431329
2023-24,old,OKC,HOU,0.0121199209626507
2023-24,old,OKC,IND,0.0010525657122524544
2023-24,old,OKC,LAC,0.0
2023-24,old,OKC,LAL,0.0
2023-24,old,OKC,MEM,0.009119073540285424
2023-24,old,OKC,MIA,0.03285939399999678
2023-24,old,OKC,MIL,0.05089331930125903
2023-24,old,OKC,MIN,0.16738548142481696
2023-24,old,OKC,NOP,0.12851996814218455
2023-24,old,OKC,NYK,0.14583029567153177
2023-24,old,OKC,ORL,0.04505634077545857
2023-24,old,OKC,PHI,0.031099702226575234
2023-24,old,OKC,PHX,0.04267241385869746
2023-24,old,OKC,POR,0.03634603086218716
2023-24,old,OKC,SAC,0.038165105508373334
2023-24,old,OKC,SAS,0.05582085883993669
2023-24,old,OKC,TOR,0.14017699102082884
2023-24,old,OKC,UTA,0.3976443970524345
2023-24,old,OKC,WAS,0.06915786714016074
2023-24,old,ORL,ATL,0.08685889604910041
2023-24,old,ORL,BKN,0.0
2023-24,old,ORL,BOS,0.00026939655638075075
2023-24,old,ORL,CHA,0.0029533282171086907
2023-24,old,ORL,CHI,0.022214097418792246
2023-24,old,ORL,CLE,0.08128600918983311
2023-24,old,ORL,DAL,0.0019008655932721875
2023-24,old,ORL,DEN,0.0048480285560764365
2023-24,old,ORL,DET,0.0011486572870551314
2023-24,old,ORL,GSW,0.004128355812159282
2023-24,old,ORL,HOU,0.05325790717505898
2023-24,old,ORL,IND,0.003810298934063901
2023-24,old,ORL,LAC,0.0
2023-24,old,ORL,LAL,0.0
2023-24,old,ORL,MEM,0.014746497858412057
2023-24,old,ORL,MIA,0.13692245632460529
2023-24,old,ORL,MIL,0.05345150919871982
2023-24,old,ORL,MIN,0.005497844967477593
2023-24,old,ORL,NOP,0.17426001198253172
2023-24,old,ORL,NYK,0.1912719516835396
2023-24,old,ORL,OKC,0.11265840454300029
2023-24,old,ORL,PHI,0.13936206730365228
2023-24,old,ORL,PHX,0.09749272688613111
2023-24,old,ORL,POR,0.043020128515427296
2023-24,old,ORL,SAC,0.015353145003200126
2023-24,old,ORL,SAS,0.06715741582020329
2023-24,old,ORL,TOR,0.12255103907982498
2023-24,old,ORL,UTA,0.048362069311170396
2023-24,old,ORL,WAS,0.061364493489040634
2023-24,old,PHI,ATL,0.0748083556639977
2023-24,old,PHI,BKN,0.0
2023-24,old,PHI,BOS,8.18965530247781e-05
2023-24,old,PHI,CHA,0.0029984416844319036
2023-24,old,PHI,CHI,0.052099313880797096
2023-24,old,PHI,CLE,0.0350703080015641
2023-24,old,PHI,DAL,0.0025125303348654537
2023-24,old,PHI,DEN,0.015381368499297157
2023-24,old,PHI,DET,0.00025055630030524934
2023-24,old,PHI,GSW,0.013644854829976825
2023-24,old,PHI,HOU,0.025073695673644453
2023-24,old,PHI,IND,0.01134390549458353
2023-24,old,PHI,LAC,0.0
2023-24,old,PHI,LAL,0.0
2023-24,old,PHI,MEM,0.00596066808719429
2023-24,old,PHI,MIA,0.11919637482171215
2023-24,old,PHI,MIL,0.022914062804594675
2023-24,old,PHI,MIN,0.014740891549785811
2023-24,old,PHI,NOP,0.1461184952582133
2023-24,old,PHI,NYK,0.13487326220593227
2023-24,old,PHI,OKC,0.01686584059263435
2023-24,old,PHI,ORL,0.07800771998008818
2023-24,old,PHI,PHX,0.04776670221450079
2023-24,old,PHI,POR,0.03546177550740066
2023-24,old,PHI,SAC,0.04491118623047499
2023-24,old,PHI,SAS,0.03354044323883459
2023-24,old,PHI,TOR,0.1203981636092387
2023-24,old,PHI,UTA,0.04461126096002709
2023-24,old,PHI,WAS,0.09026481712827104
2023-24,old,PHX,ATL,0.23713995862933795
2023-24,old,PHX,BKN,0.0
2023-24,old,PHX,BOS,0.0001034482776444277
2023-24,old,PHX,CHA,0.003303600448233141
2023-24,old,PHX,CHI,0.01213821206030091
2023-24,old,PHX,CLE,0.07783253013489144
2023-24,old,PHX,DAL,0.013204373477864163
2023-24,old,PHX,DEN,0.03864963738933407
2023-24,old,PHX,DET,0.0010566575672795607
2023-24,old,PHX,GSW,0.030801657724911568
2023-24,old,PHX,HOU,0.010071355398304789
2023-24,old,PHX,IND,0.002396357009158116
2023-24,old,PHX,LAC,0.0
2023-24,old,PHX,LAL,0.0
2023-24,old,PHX,MEM,0.021747036982580605
2023-24,old,PHX,MIA,0.06860971757020874
2023-24,old,PHX,MIL,0.05587823326892124
2023-24,old,PHX,MIN,0.02429868456937061
2023-24,old,PHX,NOP,0.3563897486532693
2023-24,old,PHX,NYK,0.2261861038894471
2023-24,old,PHX,OKC,0.05902774762029054
2023-24,old,PHX,ORL,0.0799750514082801
2023-24,old,PHX,PHI,0.05434514447125255
2023-24,old,PHX,POR,0.10527159184622593
2023-24,old,PHX,SAC,0.2502568066344371
2023-24,old,PHX,SAS,0.02397349345886562
2023-24,old,PHX,TOR,0.06813780794795615
2023-24,old,PHX,UTA,0.15814331923878416
2023-24,old,PHX,WAS,0.03857139012710079
2023-24,old,POR,ATL,0.20147989657625343
2023-24,old,POR,BKN,0.0
2023-24,old,POR,BOS,7.758620813296273e-05
2023-24,old,POR,CHA,0.0415753323947667
2023-24,old,POR,CHI,0.02234474630334617
2023-24,old,POR,CLE,0.040524886754135826
2023-24,old,POR,DAL,0.0006219077264998268
2023-24,old,POR,DEN,0.009204741707601348
2023-24,old,POR,DET,0.0010144865424783728
2023-24,old,POR,GSW,0.020939294437744917
2023-24,old,POR,HOU,0.02387630396126291
2023-24,old,POR,IND,0.0020245388756115028
2023-24,old,POR,LAC,0.0
2023-24,old,POR,LAL,0.0
2023-24,old,POR,MEM,0.008529094878427589
2023-24,old,POR,MIA,0.026989347453460464
2023-24,old,POR,MIL,0.04186961218618371
2023-24,old,POR,MIN,0.014588362163618283
2023-24,old,POR,NOP,0.07287093418772239
2023-24,old,POR,NYK,0.049929178839826095
2023-24,old,POR,OKC,0.0418561434004544
2023-24,old,POR,ORL,0.03912974489755859
2023-24,old,POR,PHI,0.031620630701150614
2023-24,old,POR,PHX,0.04190382567421004
2023-24,old,POR,SAC,0.057276677621778155
2023-24,old,POR,SAS,0.08797314841268988
2023-24,old,POR,TOR,0.08177446888471711
2023-24,old,POR,UTA,0.07388092694759914
2023-24,old,POR,WAS,0.07856600237785487
2023-24,old,SAC,ATL,0.5921087391630558
2023-24,old,SAC,BKN,0.0
2023-24,old,SAC,BOS,0.00023491379708565514
2023-24,old,SAC,CHA,0.003898265679635549
2023-24,old,SAC,CHI,0.006405630717452874
2023-24,old,SAC,CLE,0.06627658651477748
2023-24,old,SAC,DAL,0.008882452243290826
2023-24,old,SAC,DEN,0.016225981327401176
2023-24,old,SAC,DET,0.0019336992305675784
2023-24,old,SAC,GSW,0.0434822476540465
2023-24,old,SAC,HOU,0.01689625275992125
2023-24,old,SAC,IND,0.003696286423300507
2023-24,old,SAC,LAC,0.0
2023-24,old,SAC,LAL,0.0
2023-24,old,SAC,MEM,0.006198545305744811
2023-24,old,SAC,MIA,0.07401221676630608
2023-24,old,SAC,MIL,0.035234914239865314
2023-24,old,SAC,MIN,0.019692497181340664
2023-24,old,SAC,NOP,0.33291309656239915
2023-24,old,SAC,NYK,0.2655333034382272
2023-24,old,SAC,OKC,0.02638604511709579
2023-24,old,SAC,ORL,0.08184265122911484
2023-24,old,SAC,PHI,0.052726994240129645
2023-24,old,SAC,PHX,0.14210102325771
2023-24,old,SAC,POR,0.09227466558864235
2023-24,old,SAC,SAS,0.04477143750836313
2023-24,old,SAC,TOR,0.07684942751868315
2023-24,old,SAC,UTA,0.06164601325649558
2023-24,old,SAC,WAS,0.06111772660495199
2023-24,old,SAS,ATL,0.06969706098358279
2023-24,old,SAS,BKN,0.0
2023-24,old,SAS,BOS,0.0003620689721970723
2023-24,old,SAS,CHA,0.04869075183684263
2023-24,old,SAS,CHI,0.014377382742185453
2023-24,old,SAS,CLE,0.02802111064349017
2023-24,old,SAS,DAL,0.005899034565806934
2023-24,old,SAS,DEN,0.01436472751304594
2023-24,old,SAS,DET,0.007735795934083525
2023-24,old,SAS,GSW,0.007735759641315498
2023-24,old,SAS,HOU,0.030689421770792258
2023-24,old,SAS,IND,0.0019537964072319173
2023-24,old,SAS,LAC,0.0
2023-24,old,SAS,LAL,0.0
2023-24,old,SAS,MEM,0.005533405277508727
2023-24,old,SAS,MIA,0.03890824033165432
2023-24,old,SAS,MIL,0.016006465766594972
2023-24,old,SAS,MIN,0.0329127366344817
2023-24,old,SAS,NOP,0.10535722039646943
2023-24,old,SAS,NYK,0.11049866467882942
2023-24,old,SAS,OKC,0.12373652952584711
2023-24,old,SAS,ORL,0.043722150928553034
2023-24,old,SAS,PHI,0.02720000063596909
2023-24,old,SAS,PHX,0.05098518311650218
2023-24,old,SAS,POR,0.12587332175032367
2023-24,old,SAS,SAC,0.07841580194077294
2023-24,old,SAS,TOR,0.09723536140938072
2023-24,old,SAS,UTA,0.12003502190251561
2023-24,old,SAS,WAS,0.02411907412143873
2023-24,old,TOR,ATL,0.08846536095182483
2023-24,old,TOR,BKN,0.0
2023-24,old,TOR,BOS,5.926724250332036e-05
2023-24,old,TOR,CHA,0.002481257650151378
2023-24,old,TOR,CHI,0.00981676188789867
2023-24,old,TOR,CLE,0.030668273690659952
2023-24,old,TOR,DAL,0.003556255107430442
2023-24,old,TOR,DEN,0.011584155739935365
2023-24,old,TOR,DET,0.0017267709290544335
2023-24,old,TOR,GSW,0.008966912624496982
2023-24,old,TOR,HOU,0.08637599597420932
2023-24,old,TOR,IND,0.0015129645573167879
2023-24,old,TOR,LAC,0.0
2023-24,old,TOR,LAL,0.0
2023-24,old,TOR,MEM,0.0642634695352272
2023-24,old,TOR,MIA,0.04414323206217165
2023-24,old,TOR,MIL,0.01405495714042978
2023-24,old,TOR,MIN,0.009295357227001401
2023-24,old,TOR,NOP,0.12639412188901555
2023-24,old,TOR,NYK,0.11223139533105324
2023-24,old,TOR,OKC,0.06605738128467205
2023-24,old,TOR,ORL,0.06196558893862725
2023-24,old,TOR,PHI,0.055994314384774334
2023-24,old,TOR,PHX,0.05332677794233012
2023-24,old,TOR,POR,0.06595713648489163
2023-24,old,TOR,SAC,0.07272795501179
2023-24,old,TOR,SAS,0.3962684904447045
2023-24,old,TOR,UTA,0.10022521581466644
2023-24,old,TOR,WAS,0.019609913933873655
2023-24,old,UTA,ATL,0.09604198702511954
2023-24,old,UTA,BKN,0.0
2023-24,old,UTA,BOS,0.0001357758644936157
2023-24,old,UTA,CHA,0.003195109653708439
2023-24,old,UTA,CHI,0.024159878685821735
2023-24,old,UTA,CLE,0.01974434971831023
2023-24,old,UTA,DAL,0.0011185987295354014
2023-24,old,UTA,DEN,0.012906251829367391
2023-24,old,UTA,DET,0.0016367053204393652
2023-24,old,UTA,GSW,0.010582979731195877
2023-24,old,UTA,HOU,0.13942651773331433
2023-24,old,UTA,IND,0.002161024979744624
2023-24,old,UTA,LAC,0.0
2023-24,old,UTA,LAL,0.0
2023-24,old,UTA,MEM,0.020409752645545867
2023-24,old,UTA,MIA,0.025529944580657316
2023-24,old,UTA,MIL,0.0216349676613704
2023-24,old,UTA,MIN,0.018519397216878355
2023-24,old,UTA,NOP,0.08196389413702877
2023-24,old,UTA,NYK,0.13572835562632352
2023-24,old,UTA,OKC,0.8021837293472068
2023-24,old,UTA,ORL,0.03032101849920863
2023-24,old,UTA,PHI,0.023141321015683138
2023-24,old,UTA,PHX,0.03865759714530652
2023-24,old,UTA,POR,0.06072774220791826
2023-24,old,UTA,SAC,0.05339207394146639
2023-24,old,UTA,SAS,0.008814636800863071
2023-24,old,UTA,TOR,0.03385522600690432
2023-24,old,UTA,WAS,0.04951670276079375
2023-24,old,WAS,ATL,0.06167529323752377
2023-24,old,WAS,BKN,0.0
2023-24,old,WAS,BOS,0.0002715517289069449
2023-24,old,WAS,CHA,0.006779597523054333
2023-24,old,WAS,CHI,0.01089422779385505
2023-24,old,WAS,CLE,0.01882233669722314
2023-24,old,WAS,DAL,0.002513734292040095
2023-24,old,WAS,DEN,0.017557702071531633
2023-24,old,WAS,DET,0.022940472200498288
2023-24,old,WAS,GSW,0.008956802081069047
2023-24,old,WAS,HOU,0.030230509122201044
2023-24,old,WAS,IND,0.002447217637803336
2023-24,old,WAS,LAC,0.0
2023-24,old,WAS,LAL,0.0
2023-24,old,WAS,MEM,0.007728179128346805
2023-24,old,WAS,MIA,0.018507666826139114
2023-24,old,WAS,MIL,0.01533081910910149
2023-24,old,WAS,MIN,0.010920554129783343
2023-24,old,WAS,NOP,0.11037639312386284
2023-24,old,WAS,NYK,0.05617089741364139
2023-24,old,WAS,OKC,0.10598733838109685
2023-24,old,WAS,ORL,0.023979405708199793
2023-24,old,WAS,PHI,0.02898070563411925
2023-24,old,WAS,PHX,0.03932866381840572
2023-24,old,WAS,POR,0.03988937211134449
2023-24,old,WAS,SAC,0.044592608000678526
2023-24,old,WAS,SAS,0.05537606909208428
2023-24,old,WAS,TOR,0.05190553887681596
2023-24,old,WAS,UTA,0.06999084064694813
2024-25,new,ATL,BKN,0.12337221034400199
2024-25,new,ATL,BOS,0.00092780172030024
2024-25,new,ATL,CHA,0.002897382134071096
2024-25,new,ATL,CHI,0.2374058676189632
2024-25,new,ATL,CLE,0.0
2024-25,new,ATL,DAL,0.009515339981883163
2024-25,new,ATL,DEN,0.0008838324450583818
2024-25,new,ATL,DET,0.029293788085076333
2024-25,new,ATL,GSW,0.009885256130191354
2024-25,new,ATL,HOU,0.009012931048195682
2024-25,new,ATL,IND,0.024157705446029007
2024-25,new,ATL,LAC,0.009127694021886342
2024-25,new,ATL,LAL,0.0
2024-25,new,ATL,MEM,0.010758213103913658
2024-25,new,ATL,MIA,0.3287675377779848
2024-25,new,ATL,MIL,0.0
2024-25,new,ATL,MIN,0.02573621509002422
2024-25,new,ATL,NOP,0.014658541883495992
2024-25,new,ATL,NYK,0.005925397367844539
2024-25,new,ATL,OKC,0.3308209905795317
2024-25,new,ATL,ORL,0.1503437293028556
2024-25,new,ATL,PHI,0.007702029734313223
2024-25,new,ATL,PHX,0.004294181053912075
2024-25,new,ATL,POR,0.005314022869776687
2024-25,new,ATL,SAC,0.038944879398992174
2024-25,new,ATL,SAS,0.7479444362542503
2024-25,new,ATL,TOR,0.004051979048663985
2024-25,new,ATL,UTA,0.0386247694785902
2024-25,new,ATL,WAS,0.0479478959724724
2024-25,new,BKN,ATL,0.07259062690785882
2024-25,new,BKN,BOS,0.003003232747332417
2024-25,new,BKN,CHA,0.0007838565077302809
2024-25,new,BKN,CHI,0.09535804500575942
2024-25,new,BKN,CLE,0.0
2024-25,new,BKN,DAL,0.007815369310538932
2024-25,new,BKN,DEN,0.009803059116745097
2024-25,new,BKN,DET,0.0035681598430034136
2024-25,new,BKN,GSW,0.057669841249282025
2024-25,new,BKN,HOU,0.012808189817286772
2024-25,new,BKN,IND,0.027558467747730797
2024-25,new,BKN,LAC,0.013572737142174697
2024-25,new,BKN,LAL,0.0
2024-25,new,BKN,MEM,0.07043899344921627
2024-25,new,BKN,MIA,0.06948910688732898
2024-25,new,BKN,MIL,0.0
2024-25,new,BKN,MIN,0.02695598881142814
2024-25,new,BKN,NOP,0.0018250295116099865
2024-25,new,BKN,NYK,0.002458654135446438
2024-25,new,BKN,OKC,0.15150546188878866
2024-25,new,BKN,ORL,0.06331335193082957
2024-25,new,BKN,PHI,0.023885955905687817
2024-25,new,BKN,PHX,0.013448275902934759
2024-25,new,BKN,POR,0.003843434203873655
2024-25,new,BKN,SAC,0.0317035615871061
2024-25,new,BKN,SAS,0.08089417127713736
2024-25,new,BKN,TOR,0.007906074707176993
2024-25,new,BKN,UTA,0.2469439152624327
2024-25,new,BKN,WAS,0.021069778063909854
2024-25,new,BOS,ATL,0.05949036210071866
2024-25,new,BOS,BKN,0.04259670470433586
2024-25,new,BOS,CHA,0.00041333018425594335
2024-25,new,BOS,CHI,0.04099503369908626
2024-25,new,BOS,CLE,0.0
2024-25,new,BOS,DAL,0.01611122638948779
2024-25,new,BOS,DEN,0.00013963003511531258
2024-25,new,BOS,DET,0.0006719645701554565
2024-25,new,BOS,GSW,0.01173253977131037
2024-25,new,BOS,HOU,0.027974946226800218
2024-25,new,BOS,IND,0.013468935266805034
2024-25,new,BOS,LAC,0.011521282371751772
2024-25,new,BOS,LAL,0.0
2024-25,new,BOS,MEM,0.00037819872465380777
2024-25,new,BOS,MIA,0.013837440051609832
2024-25,new,BOS,MIL,0.0
2024-25,new,BOS,MIN,0.017608223308652336
2024-25,new,BOS,NOP,0.002527891463849545
2024-25,new,BOS,NYK,0.0010503189720216086
2024-25,new,BOS,OKC,0.12096303352612109
2024-25,new,BOS,ORL,0.05980188592341341
2024-25,new,BOS,PHI,0.0031216481966476793
2024-25,new,BOS,PHX,0.01572413793170889
2024-25,new,BOS,POR,0.005837114260801689
2024-25,new,BOS,SAC,0.030018813269706443
2024-25,new,BOS,SAS,0.023973677049834646
2024-25,new,BOS,TOR,0.002439061919028506
2024-25,new,BOS,UTA,0.020750669931584427
2024-25,new,BOS,WAS,0.028174834436242767
2024-25,new,CHA,ATL,0.10213051500005291
2024-25,new,CHA,BKN,0.061156543330544294
2024-25,new,CHA,BOS,0.0013480603653969689
2024-25,new,CHA,CHI,0.044597699483490696
2024-25,new,CHA,CLE,0.0
2024-25,new,CHA,DAL,0.04105502517244999
2024-25,new,CHA,DEN,0.009264079587674138
2024-25,new,CHA,DET,0.003728788169573485
2024-25,new,CHA,GSW,0.057937767400407326
2024-25,new,CHA,HOU,0.015643857871322765
2024-25,new,CHA,IND,0.020224243283463925
2024-25,new,CHA,LAC,0.011918911664919318
2024-25,new,CHA,LAL,0.0
2024-25,new,CHA,MEM,0.009238944883251889
2024-25,new,CHA,MIA,0.10848176439503789
2024-25,new,CHA,MIL,0.0
2024-25,new,CHA,MIN,0.010528240297228694
2024-25,new,CHA,NOP,0.04721859435599729
2024-25,new,CHA,NYK,0.010527797131264517
2024-25,new,CHA,OKC,0.17993195761092748
2024-25,new,CHA,ORL,0.09670079380737955
2024-25,new,CHA,PHI,0.003802997813279953
2024-25,new,CHA,PHX,0.010127155176155138
2024-25,new,CHA,POR,0.00764736236825557
2024-25,new,CHA,SAC,0.11692065148257526
2024-25,new,CHA,SAS,0.06353489302698322
2024-25,new,CHA,TOR,0.0018352296699584865
2024-25,new,CHA,UTA,0.15448980149145994
2024-25,new,CHA,WAS,0.038855911542175534
2024-25,new,CHI,ATL,0.11914450226311485
2024-25,new,CHI,BKN,0.09703901630003585
2024-25,new,CHI,BOS,0.0018318965685842881
2024-25,new,CHI,CHA,0.0006474111967333191
2024-25,new,CHI,CLE,0.0
2024-25,new,CHI,DAL,0.021200955493835168
2024-25,new,CHI,DEN,0.000417816086997382
2024-25,new,CHI,DET,0.003699409591925445
2024-25,new,CHI,GSW,0.029469429343889818
2024-25,new,CHI,HOU,0.02709132560615123
2024-25,new,CHI,IND,0.01664951933152733
2024-25,new,CHI,LAC,0.014839170316920676
2024-25,new,CHI,LAL,0.0
2024-25,new,CHI,MEM,0.006953464494499594
2024-25,new,CHI,MIA,0.2061965404713149
2024-25,new,CHI,MIL,0.0
2024-25,new,CHI,MIN,0.01152148400532941
2024-25,new,CHI,NOP,0.002954659910954565
2024-25,new,CHI,NYK,0.0008710194291994528
2024-25,new,CHI,OKC,0.31873027410373406
2024-25,new,CHI,ORL,0.2912105737269295
2024-25,new,CHI,PHI,0.058147335094384654
2024-25,new,CHI,PHX,0.0070592672906109495
2024-25,new,CHI,POR,0.003968853048851665
2024-25,new,CHI,SAC,0.02780417253667717
2024-25,new,CHI,SAS,0.14996204622461012
2024-25,new,CHI,TOR,0.027238241554718042
2024-25,new,CHI,UTA,0.03752584281469302
2024-25,new,CHI,WAS,0.02718347799681268
2024-25,new,CLE,ATL,0.07011443684246578
2024-25,new,CLE,BKN,0.10025568908246606
2024-25,new,CLE,BOS,0.011336206869093765
2024-25,new,CLE,CHA,0.00036624370076401445
2024-25,new,CLE,CHI,0.021401288081995512
2024-25,new,CLE,DAL,0.01381479192899545
2024-25,new,CLE,DEN,0.00031763940991340827
2024-25,new,CLE,DET,0.009116965997660606
2024-25,new,CLE,GSW,0.02060280723463534
2024-25,new,CLE,HOU,0.01898006465908236
2024-25,new,CLE,IND,0.02824722103571221
2024-25,new,CLE,LAC,0.07324110988495422
2024-25,new,CLE,LAL,0.0
2024-25,new,CLE,MEM,0.020738623409121974
2024-25,new,CLE,MIA,0.11870457638908503
2024-25,new,CLE,MIL,0.0
2024-25,new,CLE,MIN,0.030306326439070677
2024-25,new,CLE,NOP,0.003032201268477446
2024-25,new,CLE,NYK,0.00046035507875502254
2024-25,new,CLE,OKC,0.20922957190750496
2024-25,new,CLE,ORL,0.0779479459793114
2024-25,new,CLE,PHI,0.011888264423992267
2024-25,new,CLE,PHX,0.09455711217356269
2024-25,new,CLE,POR,0.004448957819262819
2024-25,new,CLE,SAC,0.01958206997195767
2024-25,new,CLE,SAS,0.04526949984094504
2024-25,new,CLE,TOR,0.003989570303584649
2024-25,new,CLE,UTA,0.05987248991820123
2024-25,new,CLE,WAS,0.05942338981291828
2024-25,new,DAL,ATL,0.20782359858698973
2024-25,new,DAL,BKN,0.1435016590991534
2024-25,new,DAL,BOS,7.543103568705508e-05
2024-25,new,DAL,CHA,0.000749784529634009
2024-25,new,DAL,CHI,0.04179689412515282
2024-25,new,DAL,CLE,0.0
2024-25,new,DAL,DEN,0.006485388206934752
2024-25,new,DAL,DET,0.0010851858344707401
2024-25,new,DAL,GSW,0.10685143475427204
2024-25,new,DAL,HOU,0.07745986044988966
2024-25,new,DAL,IND,0.04641755587644408
2024-25,new,DAL,LAC,0.011458513025949099
2024-25,new,DAL,LAL,0.0
2024-25,new,DAL,MEM,0.06137719005453177
2024-25,new,DAL,MIA,0.14179166109005906
2024-25,new,DAL,MIL,0.0
2024-25,new,DAL,MIN,0.03338161512209105
2024-25,new,DAL,NOP,0.004074833825308765
2024-25,new,DAL,NYK,0.0004528080434940373
2024-25,new,DAL,OKC,0.26056371567870296
2024-25,new,DAL,ORL,0.07154043910188229
2024-25,new,DAL,PHI,0.001092885460537737
2024-25,new,DAL,PHX,0.0
2024-25,new,DAL,POR,0.024200952199470573
2024-25,new,DAL,SAC,0.13284397322036914
2024-25,new,DAL,SAS,0.04063030064099029
2024-25,new,DAL,TOR,0.0004744060887571783
2024-25,new,DAL,UTA,0.10179861096895211
2024-25,new,DAL,WAS,0.0556657814388209
2024-25,new,DEN,ATL,0.2089862114511459
2024-25,new,DEN,BKN,0.2240403231605485
2024-25,new,DEN,BOS,0.004467672480366609
2024-25,new,DEN,CHA,0.00022293461173946845
2024-25,new,DEN,CHI,0.004624375014203087
2024-25,new,DEN,CLE,0.0
2024-25,new,DEN,DAL,0.021742751298633716
2024-25,new,DEN,DET,0.0007523479469686709
2024-25,new,DEN,GSW,0.07474363693582686
2024-25,new,DEN,HOU,0.00713092674372782
2024-25,new,DEN,IND,0.06821125975246976
2024-25,new,DEN,LAC,0.017190194086468744
2024-25,new,DEN,LAL,0.0
2024-25,new,DEN,MEM,0.0861898130700395
2024-25,new,DEN,MIA,0.1503524968821006
2024-25,new,DEN,MIL,0.0
2024-25,new,DEN,MIN,0.03282454504241229
2024-25,new,DEN,NOP,0.006414213798047976
2024-25,new,DEN,NYK,0.004504856839463928
2024-25,new,DEN,OKC,0.18619367331381648
2024-25,new,DEN,ORL,0.9899557043705194
2024-25,new,DEN,PHI,0.00035001524425256453
2024-25,new,DEN,PHX,0.009654094855911259
2024-25,new,DEN,POR,0.0017638071012238627
2024-25,new,DEN,SAC,0.011594604868987298
2024-25,new,DEN,SAS,0.005784179831812929
2024-25,new,DEN,TOR,0.00017651074334511436
2024-25,new,DEN,UTA,0.25852277530418843
2024-25,new,DEN,WAS,0.06508441782842045
2024-25,new,DET,ATL,0.06256367166109247
2024-25,new,DET,BKN,0.15944876079223838
2024-25,new,DET,BOS,0.0011648706957729982
2024-25,new,DET,CHA,0.0041989216754032025
2024-25,new,DET,CHI,0.011353590380682775
2024-25,new,DET,CLE,0.0
2024-25,new,DET,DAL,0.025653891003302415
2024-25,new,DET,DEN,0.005589682386556038
2024-25,new,DET,GSW,0.04922131912542747
2024-25,new,DET,HOU,0.01567483857330256
2024-25,new,DET,IND,0.05263803293622766
2024-25,new,DET,LAC,0.008941271556079676
2024-25,new,DET,LAL,0.0
2024-25,new,DET,MEM,0.02585740146667278
2024-25,new,DET,MIA,0.1284695722027
2024-25,new,DET,MIL,0.0
2024-25,new,DET,MIN,0.3307349619312926
2024-25,new,DET,NOP,0.005160474506194899
2024-25,new,DET,NYK,0.01264336169561142
2024-25,new,DET,OKC,0.18808304695638456
2024-25,new,DET,ORL,0.07574363584806316
2024-25,new,DET,PHI,0.00825499161470545
2024-25,new,DET,PHX,0.007677801718357307
2024-25,new,DET,POR,0.008983846464334302
2024-25,new,DET,SAC,0.06337797889544981
2024-25,new,DET,SAS,0.06104940836269896
2024-25,new,DET,TOR,0.0027284982803213267
2024-25,new,DET,UTA,0.13958440336776795
2024-25,new,DET,WAS,0.051515217125727604
2024-25,new,GSW,ATL,0.2150426977425342
2024-25,new,GSW,BKN,0.15689706159591593
2024-25,new,GSW,BOS,0.0016357758735980961
2024-25,new,GSW,CHA,0.0010579386615931362
2024-25,new,GSW,CHI,0.013646133792626294
2024-25,new,GSW,CLE,0.0
2024-25,new,GSW,DAL,0.06682435935496614
2024-25,new,GSW,DEN,0.054824631825652496
2024-25,new,GSW,DET,0.0036075246997615434
2024-25,new,GSW,HOU,0.012858297560074979
2024-25,new,GSW,IND,0.08335149457101705
2024-25,new,GSW,LAC,0.010147629408466889
2024-25,new,GSW,LAL,0.0
2024-25,new,GSW,MEM,0.18530175971480467
2024-25,new,GSW,MIA,0.7061474454884645
2024-25,new,GSW,MIL,0.0
2024-25,new,GSW,MIN,0.05660709257659548
2024-25,new,GSW,NOP,0.0037089168430430885
2024-25,new,GSW,NYK,0.0008541214562081613
2024-25,new,GSW,OKC,0.41221239121850717
2024-25,new,GSW,ORL,0.19489475817840657
2024-25,new,GSW,PHI,0.002407977822255313
2024-25,new,GSW,PHX,0.0
2024-25,new,GSW,POR,0.0034812639380121468
2024-25,new,GSW,SAC,0.13859495071938097
2024-25,new,GSW,SAS,0.02366408462943182
2024-25,new,GSW,TOR,0.0013492932275294704
2024-25,new,GSW,UTA,0.30108233683321967
2024-25,new,GSW,WAS,0.04413838099744397
2024-25,new,HOU,ATL,0.20624784800501705
2024-25,new,HOU,BKN,0.3850206267988109
2024-25,new,HOU,BOS,0.0007155172498736146
2024-25,new,HOU,CHA,0.001055725239722424
2024-25,new,HOU,CHI,0.02112067138814513
2024-25,new,HOU,CLE,0.0
2024-25,new,HOU,DAL,0.02817731167197741
2024-25,new,HOU,DEN,0.011232322681200599
2024-25,new,HOU,DET,0.004348893397610468
2024-25,new,HOU,GSW,0.058519499904111406
2024-25,new,HOU,IND,0.09919726502431024
2024-25,new,HOU,LAC,0.13369019491539805
2024-25,new,HOU,LAL,0.0
2024-25,new,HOU,MEM,0.06244084098977697
2024-25,new,HOU,MIA,0.16831759538955446
2024-25,new,HOU,MIL,0.0
2024-25,new,HOU,MIN,0.01554462256976437
2024-25,new,HOU,NOP,0.004632720971179103
2024-25,new,HOU,NYK,0.0010984522906683886
2024-25,new,HOU,OKC,0.3209785715167793
2024-25,new,HOU,ORL,0.23598442712205298
2024-25,new,HOU,PHI,0.0015279223592115571
2024-25,new,HOU,PHX,0.004848060347541269
2024-25,new,HOU,POR,0.004305289562479703
2024-25,new,HOU,SAC,0.03909420837767439
2024-25,new,HOU,SAS,0.028134908939440095
2024-25,new,HOU,TOR,0.002977085064013648
2024-25,new,HOU,UTA,0.2146161278207277
2024-25,new,HOU,WAS,0.08013953106380939
2024-25,new,IND,ATL,0.15730976955815126
2024-25,new,IND,BKN,0.2087058707009095
2024-25,new,IND,BOS,0.0012618534805670636
2024-25,new,IND,CHA,0.0002777759300148533
2024-25,new,IND,CHI,0.004565817993327286
2024-25,new,IND,CLE,0.0
2024-25,new,IND,DAL,0.015727181960822224
2024-25,new,IND,DEN,0.0010048076009716348
2024-25,new,IND,DET,0.0059669462547142366
2024-25,new,IND,GSW,0.04385020942624057
2024-25,new,IND,HOU,0.01359078679069202
2024-25,new,IND,LAC,0.011345905251499937
2024-25,new,IND,LAL,0.0
2024-25,new,IND,MEM,0.0347783022855003
2024-25,new,IND,MIA,0.11622634326997798
2024-25,new,IND,MIL,0.0
2024-25,new,IND,MIN,0.04939674506517068
2024-25,new,IND,NOP,0.005527493787569494
2024-25,new,IND,NYK,0.0027512684874769116
2024-25,new,IND,OKC,0.2135581342682644
2024-25,new,IND,ORL,0.1918436159190241
2024-25,new,IND,PHI,0.01647191152375615
2024-25,new,IND,PHX,0.0012058189616474353
2024-25,new,IND,POR,0.0029154443400208584
2024-25,new,IND,SAC,0.014555635580512614
2024-25,new,IND,SAS,0.054322014617294294
2024-25,new,IND,TOR,0.0033745263167355845
2024-25,new,IND,UTA,0.2482559278611496
2024-25,new,IND,WAS,0.09583034104908592
2024-25,new,LAC,ATL,0.24182391351836074
2024-25,new,LAC,BKN,0.16608921849713867
2024-25,new,LAC,BOS,0.0029450431311149796
2024-25,new,LAC,CHA,0.0017588027640329828
2024-25,new,LAC,CHI,0.033409375196874896
2024-25,new,LAC,CLE,0.0
2024-25,new,LAC,DAL,0.09689712056044673
2024-25,new,LAC,DEN,0.05734825822958392
2024-25,new,LAC,DET,0.00830697930982243
2024-25,new,LAC,GSW,0.251038763228233
2024-25,new,LAC,HOU,0.015575700615219576
2024-25,new,LAC,IND,0.0841817346770254
2024-25,new,LAC,LAL,0.0
2024-25,new,LAC,MEM,0.22713057166360137
2024-25,new,LAC,MIA,0.2044076763689679
2024-25,new,LAC,MIL,0.0
2024-25,new,LAC,MIN,0.07354062790599242
2024-25,new,LAC,NOP,0.010817018973898142
2024-25,new,LAC,NYK,0.004448919886898607
2024-25,new,LAC,OKC,1.5742214513106891
2024-25,new,LAC,ORL,0.14714973031828985
2024-25,new,LAC,PHI,0.006611066342647843
2024-25,new,LAC,PHX,0.011679956908016629
2024-25,new,LAC,POR,0.005501363940391754
2024-25,new,LAC,SAC,0.21121888000942496
2024-25,new,LAC,SAS,0.03375704163506835
2024-25,new,LAC,TOR,0.002285925914859803
2024-25,new,LAC,UTA,0.2771722525842798
2024-25,new,LAC,WAS,0.07282069025776251
2024-25,new,LAL,ATL,1.1826324559426038
2024-25,new,LAL,BKN,0.2527802589552714
2024-25,new,LAL,BOS,0.0029536638504440147
2024-25,new,LAL,CHA,0.0007512093752930838
2024-25,new,LAL,CHI,0.0264231919833428
2024-25,new,LAL,CLE,0.0
2024-25,new,LAL,DAL,0.049687274889931146
2024-25,new,LAL,DEN,0.00762121032834203
2024-25,new,LAL,DET,0.0003528311141263978
2024-25,new,LAL,GSW,0.09624351647986172
2024-25,new,LAL,HOU,0.011541487174871346
2024-25,new,LAL,IND,0.10548952545994639
2024-25,new,LAL,LAC,0.007499730660046194
2024-25,new,LAL,MEM,0.0583631758709598
2024-25,new,LAL,MIA,0.11934346528410987
2024-25,new,LAL,MIL,0.0
2024-25,new,LAL,MIN,0.020639086557990675
2024-25,new,LAL,NOP,0.003046354434114077
2024-25,new,LAL,NYK,0.0002943635035313193
2024-25,new,LAL,OKC,0.23790361125166176
2024-25,new,LAL,ORL,0.19912326374999853
2024-25,new,LAL,PHI,0.0007430459845193875
2024-25,new,LAL,PHX,0.0035872844770422265
2024-25,new,LAL,POR,0.0017502817405776869
2024-25,new,LAL,SAC,0.05104193492719341
2024-25,new,LAL,SAS,0.016484504326987625
2024-25,new,LAL,TOR,0.0004560863945344305
2024-25,new,LAL,UTA,0.21759583003237318
2024-25,new,LAL,WAS,0.10912079366770791
2024-25,new,MEM,ATL,0.17964631903453007
2024-25,new,MEM,BKN,0.20139173372059657
2024-25,new,MEM,BOS,0.002520474160796609
2024-25,new,MEM,CHA,0.0008406644198007368
2024-25,new,MEM,CHI,0.02058071140473238
2024-25,new,MEM,CLE,0.0
2024-25,new,MEM,DAL,0.015591605331891441
2024-25,new,MEM,DEN,0.02680256723681862
2024-25,new,MEM,DET,0.01139691856450017
2024-25,new,MEM,GSW,0.12145609215315945
2024-25,new,MEM,HOU,0.019394127205174798
2024-25,new,MEM,IND,0.07823376243633452
2024-25,new,MEM,LAC,0.02159024790639925
2024-25,new,MEM,LAL,0.0
2024-25,new,MEM,MIA,0.13106684140223282
2024-25,new,MEM,MIL,0.0
2024-25,new,MEM,MIN,0.03872890229189226
2024-25,new,MEM,NOP,0.0037742209439423227
2024-25,new,MEM,NYK,0.001953500409191308
2024-25,new,MEM,OKC,0.2713083885649746
2024-25,new,MEM,ORL,0.24128790688580293
2024-25,new,MEM,PHI,0.0016706603021977207
2024-25,new,MEM,PHX,0.01803556037103308
2024-25,new,MEM,POR,0.004687159165206592
2024-25,new,MEM,SAC,0.030477861351285697
2024-25,new,MEM,SAS,0.05929607341657288
2024-25,new,MEM,TOR,0.0011363591279511358
2024-25,new,MEM,UTA,0.30011230937147004
2024-25,new,MEM,WAS,0.5106265322304865
2024-25,new,MIA,ATL,0.0499962558220016
2024-25,new,MIA,BKN,0.13105903470566432
2024-25,new,MIA,BOS,0.0017230603497892878
2024-25,new,MIA,CHA,0.0018301799815853938
2024-25,new,MIA,CHI,0.08022510522143952
2024-25,new,MIA,CLE,0.0
2024-25,new,MIA,DAL,0.01285826288618897
2024-25,new,MIA,DEN,0.0024348720318668107
2024-25,new,MIA,DET,0.045482672696598676
2024-25,new,MIA,GSW,0.03481156705190156
2024-25,new,MIA,HOU,0.0036619073310907094
2024-25,new,MIA,IND,0.02465259134493861
2024-25,new,MIA,LAC,0.010523437557778128
2024-25,new,MIA,LAL,0.0
2024-25,new,MIA,MEM,0.014560890785118259
2024-25,new,MIA,MIL,0.0
2024-25,new,MIA,MIN,0.03848630162002209
2024-25,new,MIA,NOP,0.018794805656470088
2024-25,new,MIA,NYK,0.0033438156892464017
2024-25,new,MIA,OKC,0.8321179449362788
2024-25,new,MIA,ORL,0.1891011469516076
2024-25,new,MIA,PHI,0.014224877295395852
2024-25,new,MIA,PHX,0.005608836222311545
2024-25,new,MIA,POR,0.003144185603474595
2024-25,new,MIA,SAC,0.045238632813685724
2024-25,new,MIA,SAS,0.32453613341382354
2024-25,new,MIA,TOR,0.009953417101261096
2024-25,new,MIA,UTA,0.10998467125903806
2024-25,new,MIA,WAS,0.04743861937550366
2024-25,new,MIL,ATL,0.11992312269250105
2024-25,new,MIL,BKN,0.6121431930527633
2024-25,new,MIL,BOS,0.0009676724360003296
2024-25,new,MIL,CHA,0.00099344945230199
2024-25,new,MIL,CHI,0.014299617637435067
2024-25,new,MIL,CLE,0.0
2024-25,new,MIL,DAL,0.030186617507100187
2024-25,new,MIL,DEN,0.002695705439953059
2024-25,new,MIL,DET,0.014989513549283384
2024-25,new,MIL,GSW,0.05035184927967544
2024-25,new,MIL,HOU,0.029071390236515136
2024-25,new,MIL,IND,0.06186010446330842
2024-25,new,MIL,LAC,0.019161368596271197
2024-25,new,MIL,LAL,0.0
2024-25,new,MIL,MEM,0.031311097671785346
2024-25,new,MIL,MIA,0.1598858021376245
2024-25,new,MIL,MIN,0.09928410560761519
2024-25,new,MIL,NOP,0.03763494468335068
2024-25,new,MIL,NYK,0.0011116401116179858
2024-25,new,MIL,OKC,0.20790191283253304
2024-25,new,MIL,ORL,0.1313527644218365
2024-25,new,MIL,PHI,0.002277633186906062
2024-25,new,MIL,PHX,0.009493534475934276
2024-25,new,MIL,POR,0.007338556500207646
2024-25,new,MIL,SAC,0.057881996174803434
2024-25,new,MIL,SAS,0.11398066739523526
2024-25,new,MIL,TOR,0.001591892408425082
2024-25,new,MIL,UTA,0.17375376418813238
2024-25,new,MIL,WAS,0.06026506713124064
2024-25,new,MIN,ATL,0.11719728813082565
2024-25,new,MIN,BKN,0.15194342646322764
2024-25,new,MIN,BOS,0.0017661637945325468
2024-25,new,MIN,CHA,0.0026302296238469303
2024-25,new,MIN,CHI,0.013955316394974345
2024-25,new,MIN,CLE,0.0
2024-25,new,MIN,DAL,0.07786679470061726
2024-25,new,MIN,DEN,0.04463893856221985
2024-25,new,MIN,DET,0.005357009978375122
2024-25,new,MIN,GSW,0.3578316742260119
2024-25,new,MIN,HOU,0.02169477384417029
2024-25,new,MIN,IND,0.08629045889799178
2024-25,new,MIN,LAC,0.030198814802148775
2024-25,new,MIN,LAL,0.0
2024-25,new,MIN,MEM,0.23962945552105533
2024-25,new,MIN,MIA,0.12336088535499827
2024-25,new,MIN,MIL,0.0
2024-25,new,MIN,NOP,0.002831007129193983
2024-25,new,MIN,NYK,0.007946488902781329
2024-25,new,MIN,OKC,0.27847250231142673
2024-25,new,MIN,ORL,0.1614608696040833
2024-25,new,MIN,PHI,0.0006969346992369454
2024-25,new,MIN,PHX,0.008790948339336519
2024-25,new,MIN,POR,0.0012341726200254968
2024-25,new,MIN,SAC,0.09442489349184457
2024-25,new,MIN,SAS,0.009289154940558127
2024-25,new,MIN,TOR,0.0013071701208070075
2024-25,new,MIN,UTA,1.537604886426573
2024-25,new,MIN,WAS,0.06745498273278955
2024-25,new,NOP,ATL,0.13240103684452048
2024-25,new,NOP,BKN,0.11965420618556533
2024-25,new,NOP,BOS,0.0003609913869375555
2024-25,new,NOP,CHA,0.014762104267412864
2024-25,new,NOP,CHI,0.0178074196168217
2024-25,new,NOP,CLE,0.0
2024-25,new,NOP,DAL,0.00794332839216123
2024-25,new,NOP,DEN,0.002643258051870017
2024-25,new,NOP,DET,8.398442385908738e-05
2024-25,new,NOP,GSW,0.07130802950774452
2024-25,new,NOP,HOU,0.010284752051089089
2024-25,new,NOP,IND,0.048065684073867423
2024-25,new,NOP,LAC,0.021203394507455387
2024-25,new,NOP,LAL,0.0
2024-25,new,NOP,MEM,0.06972538372780321
2024-25,new,NOP,MIA,0.10325436076285424
2024-25,new,NOP,MIL,0.0
2024-25,new,NOP,MIN,0.04246065641612292
2024-25,new,NOP,NYK,0.023104282434658417
2024-25,new,NOP,OKC,0.2526520039425502
2024-25,new,NOP,ORL,0.02738995551038041
2024-25,new,NOP,PHI,0.0013979742855339784
2024-25,new,NOP,PHX,0.0
2024-25,new,NOP,POR,0.0015995823012192826
2024-25,new,NOP,SAC,0.11765754007278909
2024-25,new,NOP,SAS,0.01862674000567633
2024-25,new,NOP,TOR,0.001307126358982109
2024-25,new,NOP,UTA,0.25946799235124496
2024-25,new,NOP,WAS,0.06469496714251705
2024-25,new,NYK,ATL,0.17047642877450453
2024-25,new,NYK,BKN,0.4407116104241922
2024-25,new,NYK,BOS,0.007890086233342902
2024-25,new,NYK,CHA,0.00040562553916761296
2024-25,new,NYK,CHI,0.02480762986475288
2024-25,new,NYK,CLE,0.0
2024-25,new,NYK,DAL,0.023793779816262513
2024-25,new,NYK,DEN,0.0005553455782077801
2024-25,new,NYK,DET,0.004899480478884921
2024-25,new,NYK,GSW,0.036775562531177725
2024-25,new,NYK,HOU,0.022082974254775883
2024-25,new,NYK,IND,0.049626808333785855
2024-25,new,NYK,LAC,0.007605603468235068
2024-25,new,NYK,LAL,0.0
2024-25,new,NYK,MEM,0.02177044001616851
2024-25,new,NYK,MIA,0.08916285044443553
2024-25,new,NYK,MIL,0.0
2024-25,new,NYK,MIN,0.01905676798723996
2024-25,new,NYK,NOP,0.004088643721839788
2024-25,new,NYK,OKC,0.22451415562638985
2024-25,new,NYK,ORL,0.11954169662970847
2024-25,new,NYK,PHI,0.008885503316168858
2024-25,new,NYK,PHX,0.008157327588615492
2024-25,new,NYK,POR,0.004198740995153214
2024-25,new,NYK,SAC,0.07294270859258332
2024-25,new,NYK,SAS,0.053483887273097025
2024-25,new,NYK,TOR,0.002387006305107186
2024-25,new,NYK,UTA,0.0683352819472105
2024-25,new,NYK,WAS,0.07956705486610516
2024-25,new,OKC,ATL,0.15658357146120822
2024-25,new,OKC,BKN,0.12494739884202677
2024-25,new,OKC,BOS,0.0060366379118781425
2024-25,new,OKC,CHA,0.0006625657595101817
2024-25,new,OKC,CHI,0.007745209440288269
2024-25,new,OKC,CLE,0.0
2024-25,new,OKC,DAL,0.03158909485742502
2024-25,new,OKC,DEN,0.003133354818127697
2024-25,new,OKC,DET,0.0006432337357044976
2024-25,new,OKC,GSW,0.05483952803086099
2024-25,new,OKC,HOU,0.007143857723768351
2024-25,new,OKC,IND,0.05091011941263007
2024-25,new,OKC,LAC,0.08468615311553206
2024-25,new,OKC,LAL,0.0
2024-25,new,OKC,MEM,0.022654748199648397
2024-25,new,OKC,MIA,0.07793688853348692
2024-25,new,OKC,MIL,0.0
2024-25,new,OKC,MIN,0.044908973952307474
2024-25,new,OKC,NOP,0.005892406595048775
2024-25,new,OKC,NYK,0.0012448134722817309
2024-25,new,OKC,ORL,0.1064769092945569
2024-25,new,OKC,PHI,0.0028974490453812563
2024-25,new,OKC,PHX,0.0874202587874606
2024-25,new,OKC,POR,0.002287189246120812
2024-25,new,OKC,SAC,0.025027724780005343
2024-25,new,OKC,SAS,0.0322996321401749
2024-25,new,OKC,TOR,0.000946203012130904
2024-25,new,OKC,UTA,0.1681309863560241
2024-25,new,OKC,WAS,0.07941045385473947
2024-25,new,ORL,ATL,0.09828690555972823
2024-25,new,ORL,BKN,0.09684242022926387
2024-25,new,ORL,BOS,0.0012090517257757742
2024-25,new,ORL,CHA,0.00208766468280106
2024-25,new,ORL,CHI,0.26352288946513097
2024-25,new,ORL,CLE,0.0
2024-25,new,ORL,DAL,0.015543000109749837
2024-25,new,ORL,DEN,0.0006775646258207832
2024-25,new,ORL,DET,0.030559701493392745
2024-25,new,ORL,GSW,0.030645856220469322
2024-25,new,ORL,HOU,0.014052801916600561
2024-25,new,ORL,IND,0.026790559475985833
2024-25,new,ORL,LAC,0.03034644402154111
2024-25,new,ORL,LAL,0.0
2024-25,new,ORL,MEM,0.029799586456282303
2024-25,new,ORL,MIA,0.4666789583969374
2024-25,new,ORL,MIL,0.0
2024-25,new,ORL,MIN,0.019569094340845784
2024-25,new,ORL,NOP,0.010628211335218383
2024-25,new,ORL,NYK,0.005633178764580597
2024-25,new,ORL,OKC,0.35227304021197514
2024-25,new,ORL,PHI,0.012943081409387104
2024-25,new,ORL,PHX,0.010321120683842437
2024-25,new,ORL,POR,0.004161620620826926
2024-25,new,ORL,SAC,0.03316989383831404
2024-25,new,ORL,SAS,0.25412051838692584
2024-25,new,ORL,TOR,0.008369213696441995
2024-25,new,ORL,UTA,0.11253325064771427
2024-25,new,ORL,WAS,0.04377179949209975
2024-25,new,PHI,ATL,0.036552671971888544
2024-25,new,PHI,BKN,0.09193722075044784
2024-25,new,PHI,BOS,0.00033405172887483026
2024-25,new,PHI,CHA,0.002063414776904755
2024-25,new,PHI,CHI,0.10024225198122677
2024-25,new,PHI,CLE,0.0
2024-25,new,PHI,DAL,0.018479137081238
2024-25,new,PHI,DEN,0.003368779513948529
2024-25,new,PHI,DET,0.003986366682889464
2024-25,new,PHI,GSW,0.026689911271009226
2024-25,new,PHI,HOU,0.007124461274421453
2024-25,new,PHI,IND,0.019673335017644067
2024-25,new,PHI,LAC,0.014595097016286234
2024-25,new,PHI,LAL,0.0
2024-25,new,PHI,MEM,0.024314807947328727
2024-25,new,PHI,MIA,0.04871645469838161
2024-25,new,PHI,MIL,0.0
2024-25,new,PHI,MIN,0.01340469248734481
2024-25,new,PHI,NOP,0.0027431941088377045
2024-25,new,PHI,NYK,0.002981554406751279
2024-25,new,PHI,OKC,0.1511225501515468
2024-25,new,PHI,ORL,0.051509814247146526
2024-25,new,PHI,PHX,0.007084051688635271
2024-25,new,PHI,POR,0.0020608199070989933
2024-25,new,PHI,SAC,0.034644407894591625
2024-25,new,PHI,SAS,0.11219248486975146
2024-25,new,PHI,TOR,0.006065026604533588
2024-25,new,PHI,UTA,0.1702003061247235
2024-25,new,PHI,WAS,0.01983940624997295
2024-25,new,PHX,ATL,0.1689974184275154
2024-25,new,PHX,BKN,0.14421668102979024
2024-25,new,PHX,BOS,0.0007467672535507332
2024-25,new,PHX,CHA,0.0010371813002059695
2024-25,new,PHX,CHI,0.010363444701490365
2024-25,new,PHX,CLE,0.0
2024-25,new,PHX,DAL,0.10341565659244845
2024-25,new,PHX,DEN,0.007503111486156549
2024-25,new,PHX,DET,0.00026378385528853804
2024-25,new,PHX,GSW,0.075295988373055
2024-25,new,PHX,HOU,0.17829525846134917
2024-25,new,PHX,IND,0.034660788611281426
2024-25,new,PHX,LAC,0.017233836356719053
2024-25,new,PHX,LAL,0.0
2024-25,new,PHX,MEM,0.03396375473073671
2024-25,new,PHX,MIA,0.09610623737563409
2024-25,new,PHX,MIL,0.0
2024-25,new,PHX,MIN,0.015095718667149784
2024-25,new,PHX,NOP,0.0021600569747157812
2024-25,new,PHX,NYK,0.0002925362166258974
2024-25,new,PHX,OKC,0.15310478351617096
2024-25,new,PHX,ORL,0.06943816103725989
2024-25,new,PHX,PHI,0.011488336235225912
2024-25,new,PHX,POR,0.02007183794974608
2024-25,new,PHX,SAC,0.1583842797699167
2024-25,new,PHX,SAS,0.008267818146964938
2024-25,new,PHX,TOR,0.0018665316899784405
2024-25,new,PHX,UTA,0.19516563088818586
2024-25,new,PHX,WAS,0.0625921021402983
2024-25,new,POR,ATL,0.1374383526147667
2024-25,new,POR,BKN,0.10087243320307362
2024-25,new,POR,BOS,0.00163577587375867
2024-25,new,POR,CHA,0.0009257891341240544
2024-25,new,POR,CHI,0.04608288151578386
2024-25,new,POR,CLE,0.0
2024-25,new,POR,DAL,0.022583213147650293
2024-25,new,POR,DEN,0.009210119616855588
2024-25,new,POR,DET,0.0002683575426565866
2024-25,new,POR,GSW,0.011708498786632493
2024-25,new,POR,HOU,0.017563847097837176
2024-25,new,POR,IND,0.024941526114444876
2024-25,new,POR,LAC,0.013619342703866002
2024-25,new,POR,LAL,0.0
2024-25,new,POR,MEM,0.04947901232428027
2024-25,new,POR,MIA,0.10757271937597689
2024-25,new,POR,MIL,0.0
2024-25,new,POR,MIN,0.019450102951601902
2024-25,new,POR,NOP,0.006261849300554121
2024-25,new,POR,NYK,0.010328242464465277
2024-25,new,POR,OKC,0.12022548682142482
2024-25,new,POR,ORL,0.09382242847163746
2024-25,new,POR,PHI,0.003846831052617854
2024-25,new,POR,PHX,0.012734913848790115
2024-25,new,POR,SAC,0.05235297158614473
2024-25,new,POR,SAS,0.028260696270796568
2024-25,new,POR,TOR,0.0018891406781956117
2024-25,new,POR,UTA,0.05384513809550786
2024-25,new,POR,WAS,0.04454398435195313
2024-25,new,SAC,ATL,0.339249854619888
2024-25,new,SAC,BKN,0.11383076289812749
2024-25,new,SAC,BOS,0.0007618534618763831
2024-25,new,SAC,CHA,0.00035815142440265497
2024-25,new,SAC,CHI,0.04519978726851993
2024-25,new,SAC,CLE,0.0
2024-25,new,SAC,DAL,0.05641586608275714
2024-25,new,SAC,DEN,0.008679090979410019
2024-25,new,SAC,DET,8.286598555510182e-05
2024-25,new,SAC,GSW,0.08892991449832623
2024-25,new,SAC,HOU,0.04753098087373253
2024-25,new,SAC,IND,0.03119927719754308
2024-25,new,SAC,LAC,0.018834860049216237
2024-25,new,SAC,LAL,0.0
2024-25,new,SAC,MEM,0.044401369154717395
2024-25,new,SAC,MIA,0.11252977814633154
2024-25,new,SAC,MIL,0.0
2024-25,new,SAC,MIN,0.020077450241762163
2024-25,new,SAC,NOP,0.005589828001258335
2024-25,new,SAC,NYK,0.0003100050619915137
2024-25,new,SAC,OKC,0.28245167678010397
2024-25,new,SAC,ORL,0.15016162484756032
2024-25,new,SAC,PHI,0.0017738874804430313
2024-25,new,SAC,PHX,0.010098060355040019
2024-25,new,SAC,POR,0.026374573001868785
2024-25,new,SAC,SAS,0.008800013967541338
2024-25,new,SAC,TOR,0.0013861369080466633
2024-25,new,SAC,UTA,0.11864169259340675
2024-25,new,SAC,WAS,0.05584913203033882
2024-25,new,SAS,ATL,0.11769749491103251
2024-25,new,SAS,BKN,0.09259138134852765
2024-25,new,SAS,BOS,0.0019558189756333313
2024-25,new,SAS,CHA,0.002644027469464589
2024-25,new,SAS,CHI,0.030177015484454728
2024-25,new,SAS,CLE,0.0
2024-25,new,SAS,DAL,0.01575786781153711
2024-25,new,SAS,DEN,0.013173069023898679
2024-25,new,SAS,DET,7.644682166091965e-05
2024-25,new,SAS,GSW,0.04997128793017919
2024-25,new,SAS,HOU,0.024204471906755478
2024-25,new,SAS,IND,0.03864341567322595
2024-25,new,SAS,LAC,0.015311961307005698
2024-25,new,SAS,LAL,0.0
2024-25,new,SAS,MEM,0.07189209195156054
2024-25,new,SAS,MIA,0.16313327648669745
2024-25,new,SAS,MIL,0.0
2024-25,new,SAS,MIN,0.024942120372711794
2024-25,new,SAS,NOP,0.0031430870216921586
2024-25,new,SAS,NYK,0.003660460932081345
2024-25,new,SAS,OKC,0.20023094184252002
2024-25,new,SAS,ORL,0.09279871832313523
2024-25,new,SAS,PHI,0.004245348966396799
2024-25,new,SAS,PHX,0.00836530173229503
2024-25,new,SAS,POR,0.006533132003199493
2024-25,new,SAS,SAC,0.04000912988830686
2024-25,new,SAS,TOR,0.001252763438584056
2024-25,new,SAS,UTA,0.15016260816058108
2024-25,new,SAS,WAS,0.045377952698768924
2024-25,new,TOR,ATL,0.010876870435912228
2024-25,new,TOR,BKN,0.025687848789154494
2024-25,new,TOR,BOS,3.2327586688615144e-06
2024-25,new,TOR,CHA,0.0006378091665203114
2024-25,new,TOR,CHI,0.023333714931307505
2024-25,new,TOR,CLE,0.0
2024-25,new,TOR,DAL,0.008882699840976128
2024-25,new,TOR,DEN,0.00022485861055412246
2024-25,new,TOR,DET,0.011900724860419324
2024-25,new,TOR,GSW,0.004933585657793354
2024-25,new,TOR,HOU,0.02075188567380196
2024-25,new,TOR,IND,0.006147551502182914
2024-25,new,TOR,LAC,0.0013868534611738768
2024-25,new,TOR,LAL,0.0
2024-25,new,TOR,MEM,0.005590124294358868
2024-25,new,TOR,MIA,0.08336893317910765
2024-25,new,TOR,MIL,0.0
2024-25,new,TOR,MIN,0.020893964793897216
2024-25,new,TOR,NOP,0.009184427206859015
2024-25,new,TOR,NYK,0.007568917768389743
2024-25,new,TOR,OKC,0.09471829593923754
2024-25,new,TOR,ORL,0.04146884325054757
2024-25,new,TOR,PHI,0.02138562350088621
2024-25,new,TOR,PHX,0.0005765086208502279
2024-25,new,TOR,POR,0.0024014195291324385
2024-25,new,TOR,SAC,0.02349758701139966
2024-25,new,TOR,SAS,0.04058304969611966
2024-25,new,TOR,UTA,0.026211766649833847
2024-25,new,TOR,WAS,0.007392779021210346
2024-25,new,UTA,ATL,0.06399361110261106
2024-25,new,UTA,BKN,0.09565224671915888
2024-25,new,UTA,BOS,0.0019288793032796224
2024-25,new,UTA,CHA,0.003175727643561616
2024-25,new,UTA,CHI,0.04116903084502909
2024-25,new,UTA,CLE,0.0
2024-25,new,UTA,DAL,0.020826673732955058
2024-25,new,UTA,DEN,0.017798883689121907
2024-25,new,UTA,DET,2.7778771001250342e-05
2024-25,new,UTA,GSW,0.09286731892740015
2024-25,new,UTA,HOU,0.004641163807968481
2024-25,new,UTA,IND,0.03552101590057207
2024-25,new,UTA,LAC,0.025237069258883853
2024-25,new,UTA,LAL,0.0
2024-25,new,UTA,MEM,0.030326159818949833
2024-25,new,UTA,MIA,0.08006048630109962
2024-25,new,UTA,MIL,0.0
2024-25,new,UTA,MIN,0.02302475059100622
2024-25,new,UTA,NOP,0.021418524888189613
2024-25,new,UTA,NYK,0.012132129886573785
2024-25,new,UTA,OKC,0.2056695910927929
2024-25,new,UTA,ORL,0.10675561090195793
2024-25,new,UTA,PHI,0.005133028678256701
2024-25,new,UTA,PHX,0.007385775866227802
2024-25,new,UTA,POR,0.002379215392936141
2024-25,new,UTA,SAC,0.020096462110203404
2024-25,new,UTA,SAS,0.04918649849433451
2024-25,new,UTA,TOR,0.003153517899913916
2024-25,new,UTA,WAS,0.0756621145539495
2024-25,new,WAS,ATL,0.03616615497400125
2024-25,new,WAS,BKN,0.0796109390496403
2024-25,new,WAS,BOS,7.866379435591659e-05
2024-25,new,WAS,CHA,0.0017465616185771003
2024-25,new,WAS,CHI,0.05194170323752527
2024-25,new,WAS,CLE,0.0
2024-25,new,WAS,DAL,0.004846612899244081
2024-25,new,WAS,DEN,1.5952613353549637e-05
2024-25,new,WAS,DET,0.013334866305526197
2024-25,new,WAS,GSW,0.0010432882683027596
2024-25,new,WAS,HOU,0.0065649245772711464
2024-25,new,WAS,IND,0.01516061441504707
2024-25,new,WAS,LAC,0.0006096444073622916
2024-25,new,WAS,LAL,0.0
2024-25,new,WAS,MEM,0.0003126232899903623
2024-25,new,WAS,MIA,0.13308415110559296
2024-25,new,WAS,MIL,0.0
2024-25,new,WAS,MIN,0.041532653947601104
2024-25,new,WAS,NOP,0.01762825589039244
2024-25,new,WAS,NYK,0.04466664752087052
2024-25,new,WAS,OKC,0.1428669682497222
2024-25,new,WAS,ORL,0.05934541703968464
2024-25,new,WAS,PHI,0.010636270768180908
2024-25,new,WAS,PHX,1.293103467544605e-05
2024-25,new,WAS,POR,0.0018949537853352827
2024-25,new,WAS,SAC,0.01053892155900891
2024-25,new,WAS,SAS,0.06296827924339503
2024-25,new,WAS,TOR,0.0019757936401699834
2024-25,new,WAS,UTA,0.030632556892152933
2024-25,old,ATL,BKN,0.13167226527843048
2024-25,old,ATL,BOS,0.00092780172030024
2024-25,old,ATL,CHA,0.0002898342432991368
2024-25,old,ATL,CHI,0.11089951622197165
2024-25,old,ATL,CLE,0.0
2024-25,old,ATL,DAL,0.045374001164494415
2024-25,old,ATL,DEN,3.023074755834704e-05
2024-25,old,ATL,DET,0.01521777224434543
2024-25,old,ATL,GSW,0.001279309895890517
2024-25,old,ATL,HOU,0.03434428966002025
2024-25,old,ATL,IND,0.025570473504428967
2024-25,old,ATL,LAC,0.009523168166352694
2024-25,old,ATL,LAL,0.0
2024-25,old,ATL,MEM,0.005235037455007956
2024-25,old,ATL,MIA,0.2890607395320309
2024-25,old,ATL,MIL,0.0
2024-25,old,ATL,MIN,0.029648925275802363
2024-25,old,ATL,NOP,0.004273675685157553
2024-25,old,ATL,NYK,0.0
2024-25,old,ATL,OKC,0.4077976168214934
2024-25,old,ATL,ORL,0.0863349806046807
2024-25,old,ATL,PHI,0.03173944644664255
2024-25,old,ATL,PHX,0.004294181053912075
2024-25,old,ATL,POR,0.025348083575118172
2024-25,old,ATL,SAC,0.21164355260738602
2024-25,old,ATL,SAS,0.6584411048856503
2024-25,old,ATL,TOR,0.009682924777909165
2024-25,old,ATL,UTA,0.03195563275250007
2024-25,old,ATL,WAS,0.04413437972019016
2024-25,old,BKN,ATL,0.10337153580478009
2024-25,old,BKN,BOS,0.003003232747332417
2024-25,old,BKN,CHA,0.002295748093771523
2024-25,old,BKN,CHI,0.05605233624754301
2024-25,old,BKN,CLE,0.0
2024-25,old,BKN,DAL,0.015023899159494977
2024-25,old,BKN,DEN,0.0004720172168110093
2024-25,old,BKN,DET,0.002330178025271017
2024-25,old,BKN,GSW,0.001617252486243006
2024-25,old,BKN,HOU,0.02826643330143397
2024-25,old,BKN,IND,0.02862869408246156
2024-25,old,BKN,LAC,0.013878771649023262
2024-25,old,BKN,LAL,0.0
2024-25,old,BKN,MEM,0.037893915508655784
2024-25,old,BKN,MIA,0.13833246730475088
2024-25,old,BKN,MIL,0.0
2024-25,old,BKN,MIN,0.03438882493386071
2024-25,old,BKN,NOP,0.011535827307646986
2024-25,old,BKN,NYK,0.0
2024-25,old,BKN,OKC,0.4307071053974491
2024-25,old,BKN,ORL,0.0597268885748954
2024-25,old,BKN,PHI,0.4560438994483311
2024-25,old,BKN,PHX,0.013448275902934759
2024-25,old,BKN,POR,0.0217045450085383
2024-25,old,BKN,SAC,0.07767703147312091
2024-25,old,BKN,SAS,0.08691462297696202
2024-25,old,BKN,TOR,0.04141930777854046
2024-25,old,BKN,UTA,0.16178869330936424
2024-25,old,BKN,WAS,0.019147383286667707
2024-25,old,BOS,ATL,0.1826968313630842
2024-25,old,BOS,BKN,0.04888555273335827
2024-25,old,BOS,CHA,0.0030558042215782753
2024-25,old,BOS,CHI,0.05843795926525865
2024-25,old,BOS,CLE,0.0
2024-25,old,BOS,DAL,0.03446638876673332
2024-25,old,BOS,DEN,9.25846972434082e-06
2024-25,old,BOS,DET,0.0009558036464286483
2024-25,old,BOS,GSW,0.0008714344097720101
2024-25,old,BOS,HOU,0.09903744646741465
2024-25,old,BOS,IND,0.014064152757137226
2024-25,old,BOS,LAC,0.011440732796527926
2024-25,old,BOS,LAL,0.0
2024-25,old,BOS,MEM,0.0005613130806662798
2024-25,old,BOS,MIA,0.03270253819412211
2024-25,old,BOS,MIL,0.0
2024-25,old,BOS,MIN,0.02303757896105303
2024-25,old,BOS,NOP,0.0030036412912214845
2024-25,old,BOS,NYK,0.0
2024-25,old,BOS,OKC,0.21903476986008666
2024-25,old,BOS,ORL,0.05842126866576637
2024-25,old,BOS,PHI,0.06172702687659533
2024-25,old,BOS,PHX,0.01572413793170889
2024-25,old,BOS,POR,0.035506039003524045
2024-25,old,BOS,SAC,0.13163625940801696
2024-25,old,BOS,SAS,0.04304623696087586
2024-25,old,BOS,TOR,0.011755785827516942
2024-25,old,BOS,UTA,0.014893288735175416
2024-25,old,BOS,WAS,0.03417706610948745
2024-25,old,CHA,ATL,0.27684397213814615
2024-25,old,CHA,BKN,0.06270695805449097
2024-25,old,CHA,BOS,0.0013480603653969689
2024-25,old,CHA,CHI,0.03733144415134743
2024-25,old,CHA,CLE,0.0
2024-25,old,CHA,DAL,0.03872090048018348
2024-25,old,CHA,DEN,0.0004831998601585424
2024-25,old,CHA,DET,0.0029186527076203858
2024-25,old,CHA,GSW,0.0033289633601974065
2024-25,old,CHA,HOU,0.036144666381938986
2024-25,old,CHA,IND,0.023282752712237797
2024-25,old,CHA,LAC,0.013566541000999964
2024-25,old,CHA,LAL,0.0
2024-25,old,CHA,MEM,0.005038480323599152
2024-25,old,CHA,MIA,0.16262251435421998
2024-25,old,CHA,MIL,0.0
2024-25,old,CHA,MIN,0.015300981669477024
2024-25,old,CHA,NOP,0.02865644311186064
2024-25,old,CHA,NYK,0.0
2024-25,old,CHA,OKC,0.1906391208668434
2024-25,old,CHA,ORL,0.0781671916034479
2024-25,old,CHA,PHI,0.04327282624292249
2024-25,old,CHA,PHX,0.010127155176155138
2024-25,old,CHA,POR,0.030788678170480435
2024-25,old,CHA,SAC,0.06412490976940513
2024-25,old,CHA,SAS,0.07367130935504193
2024-25,old,CHA,TOR,0.007229026396671477
2024-25,old,CHA,UTA,0.078241962438135
2024-25,old,CHA,WAS,0.04911285400520747
2024-25,old,CHI,ATL,0.2500538804256189
2024-25,old,CHI,BKN,0.1001805806260883
2024-25,old,CHI,BOS,0.0018318965685842881
2024-25,old,CHI,CHA,0.0014909672165298068
2024-25,old,CHI,CLE,0.0
2024-25,old,CHI,DAL,0.04924428263201272
2024-25,old,CHI,DEN,1.958439747795642e-05
2024-25,old,CHI,DET,0.002910696815323218
2024-25,old,CHI,GSW,0.002411717825230659
2024-25,old,CHI,HOU,0.11192672532497398
2024-25,old,CHI,IND,0.017397810345424584
2024-25,old,CHI,LAC,0.014855334194987238
2024-25,old,CHI,LAL,0.0
2024-25,old,CHI,MEM,0.0040231556089140395
2024-25,old,CHI,MIA,0.27109958135775214
2024-25,old,CHI,MIL,0.0
2024-25,old,CHI,MIN,0.013114533440365202
2024-25,old,CHI,NOP,0.0029956705088245556
2024-25,old,CHI,NYK,0.0
2024-25,old,CHI,OKC,0.402983778191659
2024-25,old,CHI,ORL,0.15475095529443936
2024-25,old,CHI,PHI,0.09703156013354512
2024-25,old,CHI,PHX,0.0070592672906109495
2024-25,old,CHI,POR,0.06296045571086695
2024-25,old,CHI,SAC,0.2059521697998003
2024-25,old,CHI,SAS,0.12359704533998127
2024-25,old,CHI,TOR,0.03799234717581933
2024-25,old,CHI,UTA,0.029375865270413283
2024-25,old,CHI,WAS,0.028160116837431765
2024-25,old,CLE,ATL,0.22944885262697112
2024-25,old,CLE,BKN,0.1049208027155798
2024-25,old,CLE,BOS,0.011336206869093765
2024-25,old,CLE,CHA,0.0006157204921588129
2024-25,old,CLE,CHI,0.03399510843709301
2024-25,old,CLE,DAL,0.03588413474576717
2024-25,old,CLE,DEN,1.2857547060036473e-05
2024-25,old,CLE,DET,0.004545462035030602
2024-25,old,CLE,GSW,0.0013155600948344317
2024-25,old,CLE,HOU,0.05794369657586153
2024-25,old,CLE,IND,0.030196492637039718
2024-25,old,CLE,LAC,0.07279579751661193
2024-25,old,CLE,LAL,0.0
2024-25,old,CLE,MEM,0.011244719294222381
2024-25,old,CLE,MIA,0.1339443758049685
2024-25,old,CLE,MIL,0.0
2024-25,old,CLE,MIN,0.03772484015567707
2024-25,old,CLE,NOP,0.0014470381903697602
2024-25,old,CLE,NYK,0.0
2024-25,old,CLE,OKC,0.2009765902185527
2024-25,old,CLE,ORL,0.07693143046013963
2024-25,old,CLE,PHI,0.04076895929948272
2024-25,old,CLE,PHX,0.09455711217356269
2024-25,old,CLE,POR,0.027439612129488672
2024-25,old,CLE,SAC,0.0591485496027937
2024-25,old,CLE,SAS,0.05502666181497077
2024-25,old,CLE,TOR,0.010840604650935335
2024-25,old,CLE,UTA,0.05164125906235508
2024-25,old,CLE,WAS,0.06307488399087376
2024-25,old,DAL,ATL,0.351213418500963
2024-25,old,DAL,BKN,0.15252671219696012
2024-25,old,DAL,BOS,7.543103568705508e-05
2024-25,old,DAL,CHA,0.0012494279174330868
2024-25,old,DAL,CHI,0.05615286571824735
2024-25,old,DAL,CLE,0.0
2024-25,old,DAL,DEN,0.0003566673926576863
2024-25,old,DAL,DET,0.003424694994447594
2024-25,old,DAL,GSW,0.005841276960026936
2024-25,old,DAL,HOU,0.08880953578904659
2024-25,old,DAL,IND,0.04871816095212508
2024-25,old,DAL,LAC,0.010864493718113878
2024-25,old,DAL,LAL,0.0
2024-25,old,DAL,MEM,0.03174285685212924
2024-25,old,DAL,MIA,0.1297395732717677
2024-25,old,DAL,MIL,0.0
2024-25,old,DAL,MIN,0.04095322119083207
2024-25,old,DAL,NOP,0.002875313520788954
2024-25,old,DAL,NYK,0.0
2024-25,old,DAL,OKC,0.2871085186014809
2024-25,old,DAL,ORL,0.04929927434565939
2024-25,old,DAL,PHI,0.061635704095879484
2024-25,old,DAL,PHX,0.0
2024-25,old,DAL,POR,0.045304256104125966
2024-25,old,DAL,SAC,0.3871299739754433
2024-25,old,DAL,SAS,0.07498303075656726
2024-25,old,DAL,TOR,0.009394683319688327
2024-25,old,DAL,UTA,0.05692919491457928
2024-25,old,DAL,WAS,0.06523066644468686
2024-25,old,DEN,ATL,0.205229488390123
2024-25,old,DEN,BKN,0.23589599006126316
2024-25,old,DEN,BOS,0.004467672480366609
2024-25,old,DEN,CHA,0.0014676208371899148
2024-25,old,DEN,CHI,0.012749158120319551
2024-25,old,DEN,CLE,0.0
2024-25,old,DEN,DAL,0.030247086195216055
2024-25,old,DEN,DET,0.00044369225508171474
2024-25,old,DEN,GSW,0.0022090118703267554
2024-25,old,DEN,HOU,0.03100269392331469
2024-25,old,DEN,IND,0.07083442870788043
2024-25,old,DEN,LAC,0.01698275872626631
2024-25,old,DEN,LAL,0.0
2024-25,old,DEN,MEM,0.043482687014266594
2024-25,old,DEN,MIA,0.18338918022548611
2024-25,old,DEN,MIL,0.0
2024-25,old,DEN,MIN,0.03953161003596786
2024-25,old,DEN,NOP,0.0024858952323811353
2024-25,old,DEN,NYK,0.0
2024-25,old,DEN,OKC,0.10220398673949266
2024-25,old,DEN,ORL,0.9174949110363555
2024-25,old,DEN,PHI,0.000753291167502376
2024-25,old,DEN,PHX,0.009654094855911259
2024-25,old,DEN,POR,0.014187625634742324
2024-25,old,DEN,SAC,0.01685985860067813
2024-25,old,DEN,SAS,0.0178167420676091
2024-25,old,DEN,TOR,0.003600691163452506
2024-25,old,DEN,UTA,0.16382810161159564
2024-25,old,DEN,WAS,0.0669339679552527
2024-25,old,DET,ATL,0.1272238597376731
2024-25,old,DET,BKN,0.1726865535578261
2024-25,old,DET,BOS,0.0011648706957729982
2024-25,old,DET,CHA,0.005622363604414542
2024-25,old,DET,CHI,0.025789758283180683
2024-25,old,DET,CLE,0.0
2024-25,old,DET,DAL,0.03582402126927893
2024-25,old,DET,DEN,0.00029133103398626533
2024-25,old,DET,GSW,0.004360706482920867
2024-25,old,DET,HOU,0.0289084053904035
2024-25,old,DET,IND,0.054518158628408815
2024-25,old,DET,LAC,0.00955145475436564
2024-25,old,DET,LAL,0.0
2024-25,old,DET,MEM,0.014424555821237191
2024-25,old,DET,MIA,0.1350263588376222
2024-25,old,DET,MIL,0.0
2024-25,old,DET,MIN,0.41800127607054327
2024-25,old,DET,NOP,0.00244096216229683
2024-25,old,DET,NYK,0.0
2024-25,old,DET,OKC,0.165332709566586
2024-25,old,DET,ORL,0.06320165216373684
2024-25,old,DET,PHI,0.024364555238824484
2024-25,old,DET,PHX,0.007677801718357307
2024-25,old,DET,POR,0.025574264963004693
2024-25,old,DET,SAC,0.035237690499657026
2024-25,old,DET,SAS,0.054586886830605835
2024-25,old,DET,TOR,0.0050159850740529215
2024-25,old,DET,UTA,0.11147416610719624
2024-25,old,DET,WAS,0.07165434738204006
2024-25,old,GSW,ATL,0.18005957625103064
2024-25,old,GSW,BKN,0.1588549646432707
2024-25,old,GSW,BOS,0.0016357758735980961
2024-25,old,GSW,CHA,0.001182753971226048
2024-25,old,GSW,CHI,0.029672347429041287
2024-25,old,GSW,CLE,0.0
2024-25,old,GSW,DAL,0.04372936253848388
2024-25,old,GSW,DEN,0.00261664954215769
2024-25,old,GSW,DET,0.0034699532829756056
2024-25,old,GSW,HOU,0.061916217890262984
2024-25,old,GSW,IND,0.09094767720608492
2024-25,old,GSW,LAC,0.010055495850272189
2024-25,old,GSW,LAL,0.0
2024-25,old,GSW,MEM,0.0947809639881996
2024-25,old,GSW,MIA,1.1987141256432334
2024-25,old,GSW,MIL,0.0
2024-25,old,GSW,MIN,0.07296255856610857
2024-25,old,GSW,NOP,0.0031708499057235377
2024-25,old,GSW,NYK,0.0
2024-25,old,GSW,OKC,0.30170794849970467
2024-25,old,GSW,ORL,0.1571972719105725
2024-25,old,GSW,PHI,0.04433966157353005
2024-25,old,GSW,PHX,0.0
2024-25,old,GSW,POR,0.028506606705966338
2024-25,old,GSW,SAC,0.032592843154882915
2024-25,old,GSW,SAS,0.04320654061077752
2024-25,old,GSW,TOR,0.008803027286627062
2024-25,old,GSW,UTA,0.1554670602646051
2024-25,old,GSW,WAS,0.059888840970990044
2024-25,old,HOU,ATL,0.26191810569109847
2024-25,old,HOU,BKN,0.30704659110581456
2024-25,old,HOU,BOS,0.0007155172498736146
2024-25,old,HOU,CHA,0.0025299103783188097
2024-25,old,HOU,CHI,0.031819998432490254
2024-25,old,HOU,CLE,0.0
2024-25,old,HOU,DAL,0.027616647534837675
2024-25,old,HOU,DEN,0.0005677960963188119
2024-25,old,HOU,DET,0.002976250518059607
2024-25,old,HOU,GSW,0.002258964267461749
2024-25,old,HOU,IND,0.1012660213798479
2024-25,old,HOU,LAC,0.1652955304545447
2024-25,old,HOU,LAL,0.0
2024-25,old,HOU,MEM,0.029925252866377094
2024-25,old,HOU,MIA,0.17725886901868693
2024-25,old,HOU,MIL,0.0
2024-25,old,HOU,MIN,0.017491512965671207
2024-25,old,HOU,NOP,0.0018747520309084391
2024-25,old,HOU,NYK,0.0
2024-25,old,HOU,OKC,0.2681953329810199
2024-25,old,HOU,ORL,0.2003476564948693
2024-25,old,HOU,PHI,0.016981551858532916
2024-25,old,HOU,PHX,0.004848060347541269
2024-25,old,HOU,POR,0.03187672725880749
2024-25,old,HOU,SAC,0.0839791666645491
2024-25,old,HOU,SAS,0.04416363073293332
2024-25,old,HOU,TOR,0.009098013353165213
2024-25,old,HOU,UTA,0.13694992695188443
2024-25,old,HOU,WAS,0.08217932594581424
2024-25,old,IND,ATL,0.2336492154447728
2024-25,old,IND,BKN,0.20274748328295306
2024-25,old,IND,BOS,0.0012618534805670636
2024-25,old,IND,CHA,0.002815987855027658
2024-25,old,IND,CHI,0.007368761736799441
2024-25,old,IND,CLE,0.0
2024-25,old,IND,DAL,0.01955747474858011
2024-25,old,IND,DEN,5.258409482869714e-05
2024-25,old,IND,DET,0.003365198945051003
2024-25,old,IND,GSW,0.0016834721589130356
2024-25,old,IND,HOU,0.020392511060826707
2024-25,old,IND,LAC,0.013809536863881134
2024-25,old,IND,LAL,0.0
2024-25,old,IND,MEM,0.01728158468466439
2024-25,old,IND,MIA,0.10759691283555228
2024-25,old,IND,MIL,0.0
2024-25,old,IND,MIN,0.04882674374125505
2024-25,old,IND,NOP,0.003281619794879443
2024-25,old,IND,NYK,0.0
2024-25,old,IND,OKC,0.26382668385413416
2024-25,old,IND,ORL,0.17694676239322737
2024-25,old,IND,PHI,0.07950999871391069
2024-25,old,IND,PHX,0.0012058189616474353
2024-25,old,IND,POR,0.01463658777117107
2024-25,old,IND,SAC,0.027442522607170613
2024-25,old,IND,SAS,0.06150289468172494
2024-25,old,IND,TOR,0.01248767094085373
2024-25,old,IND,UTA,0.2056610546088392
2024-25,old,IND,WAS,0.1020143333126908
2024-25,old,LAC,ATL,0.24598711236339899
2024-25,old,LAC,BKN,0.19236008037793598
2024-25,old,LAC,BOS,0.0029450431311149796
2024-25,old,LAC,CHA,0.0018988004039255555
2024-25,old,LAC,CHI,0.027354701980886725
2024-25,old,LAC,CLE,0.0
2024-25,old,LAC,DAL,0.05976511992413453
2024-25,old,LAC,DEN,0.002825943246121308
2024-25,old,LAC,DET,0.00623798541919966
2024-25,old,LAC,GSW,0.0096338477071893
2024-25,old,LAC,HOU,0.03379067810310516
2024-25,old,LAC,IND,0.0955168541816928
2024-25,old,LAC,LAL,0.0
2024-25,old,LAC,MEM,0.11803767084157102
2024-25,old,LAC,MIA,0.21855382264998652
2024-25,old,LAC,MIL,0.0
2024-25,old,LAC,MIN,0.10406396911728574
2024-25,old,LAC,NOP,0.004701064726162891
2024-25,old,LAC,NYK,0.0
2024-25,old,LAC,OKC,1.0500783153561377
2024-25,old,LAC,ORL,0.09239347493679331
2024-25,old,LAC,PHI,0.06619713011578258
2024-25,old,LAC,PHX,0.011679956908016629
2024-25,old,LAC,POR,0.015243822858218736
2024-25,old,LAC,SAC,0.08875536272612686
2024-25,old,LAC,SAS,0.049877476017840025
2024-25,old,LAC,TOR,0.005016331948252947
2024-25,old,LAC,UTA,0.15170925236264776
2024-25,old,LAC,WAS,0.07456562448052616
2024-25,old,LAL,ATL,1.0254306489328355
2024-25,old,LAL,BKN,0.2582148882636458
2024-25,old,LAL,BOS,0.002954741436666969
2024-25,old,LAL,CHA,0.0009506147625182142
2024-25,old,LAL,CHI,0.028801500792794782
2024-25,old,LAL,CLE,0.0
2024-25,old,LAL,DAL,0.03686135081987581
2024-25,old,LAL,DEN,0.0003869350142098806
2024-25,old,LAL,DET,0.0012262527935373978
2024-25,old,LAL,GSW,0.006173569202839457
2024-25,old,LAL,HOU,0.054037985324173185
2024-25,old,LAL,IND,0.10737352987806921
2024-25,old,LAL,LAC,0.007472252214793116
2024-25,old,LAL,MEM,0.029725943542492982
2024-25,old,LAL,MIA,0.14541014340640754
2024-25,old,LAL,MIL,0.0
2024-25,old,LAL,MIN,0.02386608934750846
2024-25,old,LAL,NOP,0.0021246942692539268
2024-25,old,LAL,NYK,0.0
2024-25,old,LAL,OKC,0.20940359106580483
2024-25,old,LAL,ORL,0.16693790662150718
2024-25,old,LAL,PHI,0.05120056289249535
2024-25,old,LAL,PHX,0.0035872844770422265
2024-25,old,LAL,POR,0.021167001856132163
2024-25,old,LAL,SAC,0.06446015167873564
2024-25,old,LAL,SAS,0.03168434759333455
2024-25,old,LAL,TOR,0.007409332414368343
2024-25,old,LAL,UTA,0.14027024236266533
2024-25,old,LAL,WAS,0.11519922794553719
2024-25,old,MEM,ATL,0.28649414976743326
2024-25,old,MEM,BKN,0.20303779886138004
2024-25,old,MEM,BOS,0.002520474160796609
2024-25,old,MEM,CHA,0.002090524868130674
2024-25,old,MEM,CHI,0.03947728786778007
2024-25,old,MEM,CLE,0.0
2024-25,old,MEM,DAL,0.024634265574276462
2024-25,old,MEM,DEN,0.0013359723075724514
2024-25,old,MEM,DET,0.009422100183607484
2024-25,old,MEM,GSW,0.00429366228456683
2024-25,old,MEM,HOU,0.06789520455434005
2024-25,old,MEM,IND,0.08280405453483809
2024-25,old,MEM,LAC,0.020978987206913664
2024-25,old,MEM,LAL,0.0
2024-25,old,MEM,MIA,0.15252046178070328
2024-25,old,MEM,MIL,0.0
2024-25,old,MEM,MIN,0.05028348429752453
2024-25,old,MEM,NOP,0.0014296427538379095
2024-25,old,MEM,NYK,0.0
2024-25,old,MEM,OKC,0.2250576698182242
2024-25,old,MEM,ORL,0.18152087260174862
2024-25,old,MEM,PHI,0.009919889280050474
2024-25,old,MEM,PHX,0.01803556037103308
2024-25,old,MEM,POR,0.024801220900639465
2024-25,old,MEM,SAC,0.15711340997491735
2024-25,old,MEM,SAS,0.06579745998416466
2024-25,old,MEM,TOR,0.0033802712441898058
2024-25,old,MEM,UTA,0.17583115946472758
2024-25,old,MEM,WAS,0.6215315511865677
2024-25,old,MIA,ATL,0.156710434245697
2024-25,old,MIA,BKN,0.14140386315533274
2024-25,old,MIA,BOS,0.0017230603497892878
2024-25,old,MIA,CHA,0.001901522195821462
2024-25,old,MIA,CHI,0.09968186304706766
2024-25,old,MIA,CLE,0.0
2024-25,old,MIA,DAL,0.03674368730498739
2024-25,old,MIA,DEN,9.963379106504885e-05
2024-25,old,MIA,DET,0.02636946400209912
2024-25,old,MIA,GSW,0.0022582136459401553
2024-25,old,MIA,HOU,0.08043076645173455
2024-25,old,MIA,IND,0.027036235172787127
2024-25,old,MIA,LAC,0.010446929000619123
2024-25,old,MIA,LAL,0.0
2024-25,old,MIA,MEM,0.007517748584860123
2024-25,old,MIA,MIL,0.0
2024-25,old,MIA,MIN,0.046490156813433596
2024-25,old,MIA,NOP,0.006242384749346382
2024-25,old,MIA,NYK,0.0
2024-25,old,MIA,OKC,0.863750211697477
2024-25,old,MIA,ORL,0.10207565812683671
2024-25,old,MIA,PHI,0.02108372060152977
2024-25,old,MIA,PHX,0.005608836222311545
2024-25,old,MIA,POR,0.07844455919746136
2024-25,old,MIA,SAC,0.15020883743318453
2024-25,old,MIA,SAS,0.2372251281701059
2024-25,old,MIA,TOR,0.013085066910844533
2024-25,old,MIA,UTA,0.08110939086527645
2024-25,old,MIA,WAS,0.06134787558104753
2024-25,old,MIL,ATL,0.20713128669309405
2024-25,old,MIL,BKN,0.7308656799541354
2024-25,old,MIL,BOS,0.0009676724360003296
2024-25,old,MIL,CHA,0.0007519531694567982
2024-25,old,MIL,CHI,0.025542594102820962
2024-25,old,MIL,CLE,0.0
2024-25,old,MIL,DAL,0.035274878961430146
2024-25,old,MIL,DEN,0.0001677844027796074
2024-25,old,MIL,DET,0.009127709693696516
2024-25,old,MIL,GSW,0.002628011800889941
2024-25,old,MIL,HOU,0.08481142216715322
2024-25,old,MIL,IND,0.06117829965403734
2024-25,old,MIL,LAC,0.02216837303441998
2024-25,old,MIL,LAL,0.0
2024-25,old,MIL,MEM,0.016768600490313257
2024-25,old,MIL,MIA,0.15037958162052711
2024-25,old,MIL,MIN,0.09754911788520551
2024-25,old,MIL,NOP,0.008264796524907818
2024-25,old,MIL,NYK,0.0
2024-25,old,MIL,OKC,0.24516701945124977
2024-25,old,MIL,ORL,0.11505166500060551
2024-25,old,MIL,PHI,0.024316965086153775
2024-25,old,MIL,PHX,0.009493534475934276
2024-25,old,MIL,POR,0.02853696108894704
2024-25,old,MIL,SAC,0.12363084800849511
2024-25,old,MIL,SAS,0.0829916920173931
2024-25,old,MIL,TOR,0.0017840508444470244
2024-25,old,MIL,UTA,0.14212586046027292
2024-25,old,MIL,WAS,0.07892590743483713
2024-25,old,MIN,ATL,0.1546941444756125
2024-25,old,MIN,BKN,0.13446999075334473
2024-25,old,MIN,BOS,0.0017661637945325468
2024-25,old,MIN,CHA,0.004727230968491594
2024-25,old,MIN,CHI,0.020898676063251784
2024-25,old,MIN,CLE,0.0
2024-25,old,MIN,DAL,0.04848407231615906
2024-25,old,MIN,DEN,0.0021078284203054375
2024-25,old,MIN,DET,0.0034795499912384023
2024-25,old,MIN,GSW,0.010195741926586952
2024-25,old,MIN,HOU,0.06040301698464741
2024-25,old,MIN,IND,0.09781689238735924
2024-25,old,MIN,LAC,0.03559455852399598
2024-25,old,MIN,LAL,0.0
2024-25,old,MIN,MEM,0.12432118872268556
2024-25,old,MIN,MIA,0.19216518797545964
2024-25,old,MIN,MIL,0.0
2024-25,old,MIN,NOP,0.004004701093148523
2024-25,old,MIN,NYK,0.0
2024-25,old,MIN,OKC,0.22529516287481413
2024-25,old,MIN,ORL,0.13166795685500346
2024-25,old,MIN,PHI,0.027540275716043165
2024-25,old,MIN,PHX,0.008790948339336519
2024-25,old,MIN,POR,0.015565611536582952
2024-25,old,MIN,SAC,0.0551787975682833
2024-25,old,MIN,SAS,0.020467432274314024
2024-25,old,MIN,TOR,0.00610215168202619
2024-25,old,MIN,UTA,1.057019241439062
2024-25,old,MIN,WAS,0.06261226853501453
2024-25,old,NOP,ATL,0.13946391177802797
2024-25,old,NOP,BKN,0.11477982405297908
2024-25,old,NOP,BOS,0.0003609913869375555
2024-25,old,NOP,CHA,0.02138221460053364
2024-25,old,NOP,CHI,0.017152095652724283
2024-25,old,NOP,CLE,0.0
2024-25,old,NOP,DAL,0.00918067134365012
2024-25,old,NOP,DEN,0.00010403313395226051
2024-25,old,NOP,DET,0.0009738406181968527
2024-25,old,NOP,GSW,0.004032676322557766
2024-25,old,NOP,HOU,0.05576266153109388
2024-25,old,NOP,IND,0.05397687158607548
2024-25,old,NOP,LAC,0.029730064964106562
2024-25,old,NOP,LAL,0.0
2024-25,old,NOP,MEM,0.035460247146942056
2024-25,old,NOP,MIA,0.14119486194309505
2024-25,old,NOP,MIL,0.0
2024-25,old,NOP,MIN,0.054757103104500264
2024-25,old,NOP,NYK,0.0
2024-25,old,NOP,OKC,0.2544955744755317
2024-25,old,NOP,ORL,0.03125747984710284
2024-25,old,NOP,PHI,0.1384477379289487
2024-25,old,NOP,PHX,0.0
2024-25,old,NOP,POR,0.030542665487762247
2024-25,old,NOP,SAC,0.04085030518645178
2024-25,old,NOP,SAS,0.025398810693787677
2024-25,old,NOP,TOR,0.012531744109372881
2024-25,old,NOP,UTA,0.13136443385243982
2024-25,old,NOP,WAS,0.04708306501147599
2024-25,old,NYK,ATL,0.18305707376467278
2024-25,old,NYK,BKN,0.4530443703838923
2024-25,old,NYK,BOS,0.007890086233342902
2024-25,old,NYK,CHA,0.0008483602608725421
2024-25,old,NYK,CHI,0.039052882755753054
2024-25,old,NYK,CLE,0.0
2024-25,old,NYK,DAL,0.027430489259975252
2024-25,old,NYK,DEN,2.2725080908840253e-05
2024-25,old,NYK,DET,0.0023005121690648305
2024-25,old,NYK,GSW,0.0017213195254050001
2024-25,old,NYK,HOU,0.0691382004883028
2024-25,old,NYK,IND,0.049707757548050624
2024-25,old,NYK,LAC,0.006651131504371857
2024-25,old,NYK,LAL,0.0
2024-25,old,NYK,MEM,0.013289688742559374
2024-25,old,NYK,MIA,0.1395932898433994
2024-25,old,NYK,MIL,0.0
2024-25,old,NYK,MIN,0.023814120460116973
2024-25,old,NYK,NOP,0.003662886734576731
2024-25,old,NYK,OKC,0.2492482477599359
2024-25,old,NYK,ORL,0.09905203406718924
2024-25,old,NYK,PHI,0.014789986045496722
2024-25,old,NYK,PHX,0.008157327588615492
2024-25,old,NYK,POR,0.027762865333546678
2024-25,old,NYK,SAC,0.10744441587028981
2024-25,old,NYK,SAS,0.0666728326193653
2024-25,old,NYK,TOR,0.00945674727774639
2024-25,old,NYK,UTA,0.04369869136295962
2024-25,old,NYK,WAS,0.07712071028545804
2024-25,old,OKC,ATL,0.23217342078437153
2024-25,old,OKC,BKN,0.1260844240355353
2024-25,old,OKC,BOS,0.0060366379118781425
2024-25,old,OKC,CHA,0.0015272993822224236
2024-25,old,OKC,CHI,0.018264119155645013
2024-25,old,OKC,CLE,0.0
2024-25,old,OKC,DAL,0.024372836136916834
2024-25,old,OKC,DEN,0.00012813867407411055
2024-25,old,OKC,DET,0.0009824812867888408
2024-25,old,OKC,GSW,0.002368638993328819
2024-25,old,OKC,HOU,0.050800916677910896
2024-25,old,OKC,IND,0.0528622710569497
2024-25,old,OKC,LAC,0.08725673508659759
2024-25,old,OKC,LAL,0.0
2024-25,old,OKC,MEM,0.011482646188939282
2024-25,old,OKC,MIA,0.09938510464238427
2024-25,old,OKC,MIL,0.0
2024-25,old,OKC,MIN,0.05474513112697841
2024-25,old,OKC,NOP,0.0035347371088652467
2024-25,old,OKC,NYK,0.0
2024-25,old,OKC,ORL,0.09372865709094529
2024-25,old,OKC,PHI,0.018350921892001
2024-25,old,OKC,PHX,0.0874202587874606
2024-25,old,OKC,POR,0.027357933692344336
2024-25,old,OKC,SAC,0.03365617626383556
2024-25,old,OKC,SAS,0.03971973824713468
2024-25,old,OKC,TOR,0.007371754151951848
2024-25,old,OKC,UTA,0.12056968491623551
2024-25,old,OKC,WAS,0.08855522736196075
2024-25,old,ORL,ATL,0.28573339119535407
2024-25,old,ORL,BKN,0.091545698881781
2024-25,old,ORL,BOS,0.0012090517257757742
2024-25,old,ORL,CHA,0.0028477048127942698
2024-25,old,ORL,CHI,0.14705647710055242
2024-25,old,ORL,CLE,0.0
2024-25,old,ORL,DAL,0.04580887031296288
2024-25,old,ORL,DEN,2.0192320617042358e-05
2024-25,old,ORL,DET,0.02183160536753791
2024-25,old,ORL,GSW,0.002603153255580291
2024-25,old,ORL,HOU,0.048216594977882415
2024-25,old,ORL,IND,0.028810036485078586
2024-25,old,ORL,LAC,0.03421928905382158
2024-25,old,ORL,LAL,0.0
2024-25,old,ORL,MEM,0.01584383878185848
2024-25,old,ORL,MIA,0.43504416817565694
2024-25,old,ORL,MIL,0.0
2024-25,old,ORL,MIN,0.020833590059241607
2024-25,old,ORL,NOP,0.0043464795223174795
2024-25,old,ORL,NYK,0.0
2024-25,old,ORL,OKC,0.3225221792128511
2024-25,old,ORL,PHI,0.04495165129989212
2024-25,old,ORL,PHX,0.010321120683842437
2024-25,old,ORL,POR,0.04211605355576774
2024-25,old,ORL,SAC,0.20770579529486038
2024-25,old,ORL,SAS,0.21873240902505484
2024-25,old,ORL,TOR,0.012430732991639834
2024-25,old,ORL,UTA,0.07817693966811691
2024-25,old,ORL,WAS,0.04219515781748355
2024-25,old,PHI,ATL,0.09624257549322729
2024-25,old,PHI,BKN,0.13013575482711298
2024-25,old,PHI,BOS,0.00033405172887483026
2024-25,old,PHI,CHA,0.0049609319231529985
2024-25,old,PHI,CHI,0.07496172995419943
2024-25,old,PHI,CLE,0.0
2024-25,old,PHI,DAL,0.03088776496474513
2024-25,old,PHI,DEN,0.0001380339615398988
2024-25,old,PHI,DET,0.0024939290816257498
2024-25,old,PHI,GSW,0.001606771114437129
2024-25,old,PHI,HOU,0.029346713786964834
2024-25,old,PHI,IND,0.02096615383609125
2024-25,old,PHI,LAC,0.014990571234114305
2024-25,old,PHI,LAL,0.0
2024-25,old,PHI,MEM,0.012462309243302591
2024-25,old,PHI,MIA,0.10051138930876814
2024-25,old,PHI,MIL,0.0
2024-25,old,PHI,MIN,0.015575781667188447
2024-25,old,PHI,NOP,0.012535942625596689
2024-25,old,PHI,NYK,0.0
2024-25,old,PHI,OKC,0.7909342350883519
2024-25,old,PHI,ORL,0.0497562733283258
2024-25,old,PHI,PHX,0.007084051688635271
2024-25,old,PHI,POR,0.027586163783741485
2024-25,old,PHI,SAC,0.10587942144082756
2024-25,old,PHI,SAS,0.11263051151821353
2024-25,old,PHI,TOR,0.044996880728399254
2024-25,old,PHI,UTA,0.11961992665544975
2024-25,old,PHI,WAS,0.018708906782400996
2024-25,old,PHX,ATL,0.5903688583105968
2024-25,old,PHX,BKN,0.14963378751131876
2024-25,old,PHX,BOS,0.0007467672535507332
2024-25,old,PHX,CHA,0.0018565360158252662
2024-25,old,PHX,CHI,0.0671611449890514
2024-25,old,PHX,CLE,0.0
2024-25,old,PHX,DAL,0.1119805684499526
2024-25,old,PHX,DEN,0.00039710294996862436
2024-25,old,PHX,DET,0.0026461150613298103
2024-25,old,PHX,GSW,0.006764428390946874
2024-25,old,PHX,HOU,0.6677079718312298
2024-25,old,PHX,IND,0.03733122835042186
2024-25,old,PHX,LAC,0.01784671360257499
2024-25,old,PHX,LAL,0.0
2024-25,old,PHX,MEM,0.019233607075134752
2024-25,old,PHX,MIA,0.15724397402342857
2024-25,old,PHX,MIL,0.0
2024-25,old,PHX,MIN,0.016967372401208384
2024-25,old,PHX,NOP,0.0005570594817830547
2024-25,old,PHX,NYK,0.0
2024-25,old,PHX,OKC,0.1302964435530373
2024-25,old,PHX,ORL,0.08039394304723531
2024-25,old,PHX,PHI,0.05083309850446827
2024-25,old,PHX,POR,0.157126720313944
2024-25,old,PHX,SAC,0.4499809753887105
2024-25,old,PHX,SAS,0.08941223445085775
2024-25,old,PHX,TOR,0.007916999273620095
2024-25,old,PHX,UTA,0.1276706936217989
2024-25,old,PHX,WAS,0.06880398309027543
2024-25,old,POR,ATL,0.29027116921561374
2024-25,old,POR,BKN,0.10795436764787696
2024-25,old,POR,BOS,0.0016368534599816237
2024-25,old,POR,CHA,0.002779827598275188
2024-25,old,POR,CHI,0.12299749113035496
2024-25,old,POR,CLE,0.0
2024-25,old,POR,DAL,0.03873860394651998
2024-25,old,POR,DEN,0.00043862917696527615
2024-25,old,POR,DET,0.0005390963291211807
2024-25,old,POR,GSW,0.004275524707106453
2024-25,old,POR,HOU,0.15749622889374915
2024-25,old,POR,IND,0.026395392914508205
2024-25,old,POR,LAC,0.013730603492967305
2024-25,old,POR,LAL,0.0
2024-25,old,POR,MEM,0.025573583129039314
2024-25,old,POR,MIA,0.19146049808457066
2024-25,old,POR,MIL,0.0
2024-25,old,POR,MIN,0.026143975097720963
2024-25,old,POR,NOP,0.00490832288499858
2024-25,old,POR,NYK,0.0
2024-25,old,POR,OKC,0.13263609917447833
2024-25,old,POR,ORL,0.09575509586331123
2024-25,old,POR,PHI,0.04045860300788451
2024-25,old,POR,PHX,0.012734913848790115
2024-25,old,POR,SAC,0.13738783930075485
2024-25,old,POR,SAS,0.11464020628293675
2024-25,old,POR,TOR,0.013919457814345695
2024-25,old,POR,UTA,0.03559530637057648
2024-25,old,POR,WAS,0.04298019890518202
2024-25,old,SAC,ATL,1.3108072036179303
2024-25,old,SAC,BKN,0.11336949244883651
2024-25,old,SAC,BOS,0.0007618534618763831
2024-25,old,SAC,CHA,0.0014423594468432196
2024-25,old,SAC,CHI,0.06184497636821174
2024-25,old,SAC,CLE,0.0
2024-25,old,SAC,DAL,0.1311144484189436
2024-25,old,SAC,DEN,0.00043019531460695374
2024-25,old,SAC,DET,0.00395185311628956
2024-25,old,SAC,GSW,0.00536758980113352
2024-25,old,SAC,HOU,0.09770150836131633
2024-25,old,SAC,IND,0.0324579382925445
2024-25,old,SAC,LAC,0.01785317905977818
2024-25,old,SAC,LAL,0.0
2024-25,old,SAC,MEM,0.025754642925939483
2024-25,old,SAC,MIA,0.16127693943886748
2024-25,old,SAC,MIL,0.0
2024-25,old,SAC,MIN,0.02539649907635944
2024-25,old,SAC,NOP,0.0035586879931320163
2024-25,old,SAC,NYK,0.0
2024-25,old,SAC,OKC,0.1990406574887515
2024-25,old,SAC,ORL,0.1554692377876289
2024-25,old,SAC,PHI,0.004527800358777748
2024-25,old,SAC,PHX,0.010098060355040019
2024-25,old,SAC,POR,0.05935203323731284
2024-25,old,SAC,SAS,0.05944545066223332
2024-25,old,SAC,TOR,0.004319969953100596
2024-25,old,SAC,UTA,0.07092417941301339
2024-25,old,SAC,WAS,0.0640880236173989
2024-25,old,SAS,ATL,0.13202813919022688
2024-25,old,SAS,BKN,0.09629963252236548
2024-25,old,SAS,BOS,0.0019558189756333313
2024-25,old,SAS,CHA,0.003661111131279581
2024-25,old,SAS,CHI,0.07843845714129735
2024-25,old,SAS,CLE,0.0
2024-25,old,SAS,DAL,0.02058578318090247
2024-25,old,SAS,DEN,0.0006569324301219369
2024-25,old,SAS,DET,0.0010685265526413686
2024-25,old,SAS,GSW,0.005582463164900763
2024-25,old,SAS,HOU,0.1223585677265936
2024-25,old,SAS,IND,0.04155359899631007
2024-25,old,SAS,LAC,0.01715247865722129
2024-25,old,SAS,LAL,0.0
2024-25,old,SAS,MEM,0.038662480398145904
2024-25,old,SAS,MIA,0.22448464630158163
2024-25,old,SAS,MIL,0.0
2024-25,old,SAS,MIN,0.032106006915278804
2024-25,old,SAS,NOP,0.0025228302653854465
2024-25,old,SAS,NYK,0.0
2024-25,old,SAS,OKC,0.2148327465039538
2024-25,old,SAS,ORL,0.09863029295330805
2024-25,old,SAS,PHI,0.07417645488368822
2024-25,old,SAS,PHX,0.00836530173229503
2024-25,old,SAS,POR,0.10458562311686175
2024-25,old,SAS,SAC,0.0789301550631883
2024-25,old,SAS,TOR,0.037688523921958844
2024-25,old,SAS,UTA,0.0952879072308044
2024-25,old,SAS,WAS,0.04403303313539092
2024-25,old,TOR,ATL,0.087667386118805
2024-25,old,TOR,BKN,0.04776090313913695
2024-25,old,TOR,BOS,3.2327586688615144e-06
2024-25,old,TOR,CHA,0.0052909583997604445
2024-25,old,TOR,CHI,0.051185035953682116
2024-25,old,TOR,CLE,0.0
2024-25,old,TOR,DAL,0.013587739724777094
2024-25,old,TOR,DEN,1.4951632905428232e-05
2024-25,old,TOR,DET,0.01079401379363082
2024-25,old,TOR,GSW,0.0024907631362082305
2024-25,old,TOR,HOU,0.07871740286531537
2024-25,old,TOR,IND,0.006565623890174328
2024-25,old,TOR,LAC,0.0013717672563206143
2024-25,old,TOR,LAL,0.0
2024-25,old,TOR,MEM,0.0028798460062668535
2024-25,old,TOR,MIA,0.10938889347796657
2024-25,old,TOR,MIL,0.0
2024-25,old,TOR,MIN,0.02440481763021805
2024-25,old,TOR,NOP,0.008655255591072723
2024-25,old,TOR,NYK,0.0
2024-25,old,TOR,OKC,0.32772475718108035
2024-25,old,TOR,ORL,0.03299745403433103
2024-25,old,TOR,PHI,0.2459779013587877
2024-25,old,TOR,PHX,0.0005765086208502279
2024-25,old,TOR,POR,0.026625311811697295
2024-25,old,TOR,SAC,0.10230439976368705
2024-25,old,TOR,SAS,0.05971684405395504
2024-25,old,TOR,UTA,0.016542301559999244
2024-25,old,TOR,WAS,0.010757553349203107
2024-25,old,UTA,ATL,0.0915245811300349
2024-25,old,UTA,BKN,0.09920957598602552
2024-25,old,UTA,BOS,0.0019288793032796224
2024-25,old,UTA,CHA,0.016805310746595026
2024-25,old,UTA,CHI,0.03239554250035833
2024-25,old,UTA,CLE,0.0
2024-25,old,UTA,DAL,0.019217702982798252
2024-25,old,UTA,DEN,0.0008312161441276391
2024-25,old,UTA,DET,0.00043267750416076036
2024-25,old,UTA,GSW,0.003466723957620689
2024-25,old,UTA,HOU,0.027658405113074096
2024-25,old,UTA,IND,0.038176572120319024
2024-25,old,UTA,LAC,0.02670608873410825
2024-25,old,UTA,LAL,0.0
2024-25,old,UTA,MEM,0.014803038920806737
2024-25,old,UTA,MIA,0.11678912324427934
2024-25,old,UTA,MIL,0.0
2024-25,old,UTA,MIN,0.0279567067571345
2024-25,old,UTA,NOP,0.01350836534890637
2024-25,old,UTA,NYK,0.0
2024-25,old,UTA,OKC,0.13600508421697347
2024-25,old,UTA,ORL,0.09031329571517788
2024-25,old,UTA,PHI,0.03743775989357331
2024-25,old,UTA,PHX,0.007385775866227802
2024-25,old,UTA,POR,0.011112727286889118
2024-25,old,UTA,SAC,0.03621199593307202
2024-25,old,UTA,SAS,0.061821528557640726
2024-25,old,UTA,TOR,0.00843897209848672
2024-25,old,UTA,WAS,0.0889779024395289
2024-25,old,WAS,ATL,0.20294806437113463
2024-25,old,WAS,BKN,0.09614366242992609
2024-25,old,WAS,BOS,7.866379435591659e-05
2024-25,old,WAS,CHA,0.019939212864809826
2024-25,old,WAS,CHI,0.058520284991465284
2024-25,old,WAS,CLE,0.0
2024-25,old,WAS,DAL,0.027829769492407078
2024-25,old,WAS,DEN,1.508509154448091e-06
2024-25,old,WAS,DET,0.008502180555940113
2024-25,old,WAS,GSW,0.0008701724732799557
2024-25,old,WAS,HOU,0.038664601317301796
2024-25,old,WAS,IND,0.014841885466381361
2024-25,old,WAS,LAC,0.0005959051864719468
2024-25,old,WAS,LAL,0.0
2024-25,old,WAS,MEM,0.0003696318361586522
2024-25,old,WAS,MIA,0.13418940554070163
2024-25,old,WAS,MIL,0.0
2024-25,old,WAS,MIN,0.05116541623075885
2024-25,old,WAS,NOP,0.010514122580526893
2024-25,old,WAS,NYK,0.0
2024-25,old,WAS,OKC,0.260559238964648
2024-25,old,WAS,ORL,0.05798489409037789
2024-25,old,WAS,PHI,0.09587326997459267
2024-25,old,WAS,PHX,1.293103467544605e-05
2024-25,old,WAS,POR,0.017136450109757794
2024-25,old,WAS,SAC,0.07852560794176386
2024-25,old,WAS,SAS,0.0632847568838661
2024-25,old,WAS,TOR,0.007417901976929932
2024-25,old,WAS,UTA,0.04205146710166818
2025-26,new,ATL,BKN,0.0037093034339677547
2025-26,new,ATL,BOS,0.001994745461112149
2025-26,new,ATL,CHA,0.26999520226769835
2025-26,new,ATL,CHI,0.02916678799722934
2025-26,new,ATL,CLE,0.0027618534309018783
2025-26,new,ATL,DAL,0.00047796962000512424
2025-26,new,ATL,DEN,0.048158791429203485
2025-26,new,ATL,DET,0.02115759711658406
2025-26,new,ATL,GSW,0.012074137838345139
2025-26,new,ATL,HOU,3.690732813616894e-05
2025-26,new,ATL,IND,0.0038066426781519424
2025-26,new,ATL,LAC,0.007939062291930928
2025-26,new,ATL,LAL,0.053070857485059485
2025-26,new,ATL,MEM,0.16639305014486408
2025-26,new,ATL,MIA,0.17461845762955439
2025-26,new,ATL,MIL,0.015535829874570478
2025-26,new,ATL,MIN,0.024523707327356654
2025-26,new,ATL,NOP,0.0
2025-26,new,ATL,NYK,0.07672524814015749
2025-26,new,ATL,OKC,0.12254434545171226
2025-26,new,ATL,ORL,0.0
2025-26,new,ATL,PHI,0.19706329913058523
2025-26,new,ATL,PHX,0.0
2025-26,new,ATL,POR,0.0064343902955693475
2025-26,new,ATL,SAC,0.005155814927183834
2025-26,new,ATL,SAS,1.1314577044048426
2025-26,new,ATL,TOR,0.1928639294854099
2025-26,new,ATL,UTA,0.02331357771191537
2025-26,new,ATL,WAS,0.018252424643724226
2025-26,new,BKN,ATL,0.06788820078716902
2025-26,new,BKN,BOS,0.021293103743729926
2025-26,new,BKN,CHA,0.08002711358425209
2025-26,new,BKN,CHI,0.04116838840654347
2025-26,new,BKN,CLE,0.025473060350351295
2025-26,new,BKN,DAL,0.021113134607905894
2025-26,new,BKN,DEN,0.017858852683900438
2025-26,new,BKN,DET,0.018417564959080635
2025-26,new,BKN,GSW,0.0050756255601472075
2025-26,new,BKN,HOU,3.690732813616894e-05
2025-26,new,BKN,IND,0.011668030231125911
2025-26,new,BKN,LAC,0.025150314858597866
2025-26,new,BKN,LAL,0.013608001690564683
2025-26,new,BKN,MEM,0.06475727390752833
2025-26,new,BKN,MIA,0.026807988078928563
2025-26,new,BKN,MIL,0.007202586407616638
2025-26,new,BKN,MIN,0.027641702648834317
2025-26,new,BKN,NOP,0.0
2025-26,new,BKN,NYK,0.07190529691929823
2025-26,new,BKN,OKC,0.16854900137731693
2025-26,new,BKN,ORL,0.0
2025-26,new,BKN,PHI,0.08270225482252976
2025-26,new,BKN,PHX,0.0
2025-26,new,BKN,POR,0.0026424747114736713
2025-26,new,BKN,SAC,0.0444442669227935
2025-26,new,BKN,SAS,0.1374633632518014
2025-26,new,BKN,TOR,0.04306242242491118
2025-26,new,BKN,UTA,0.15267160657819379
2025-26,new,BKN,WAS,0.10068669201043465
2025-26,new,BOS,ATL,0.09258028049832855
2025-26,new,BOS,BKN,0.001274925179316808
2025-26,new,BOS,CHA,0.15683174085576998
2025-26,new,BOS,CHI,0.014089669695510426
2025-26,new,BOS,CLE,0.03257004318493901
2025-26,new,BOS,DAL,0.016812320546411394
2025-26,new,BOS,DEN,0.05098813107927965
2025-26,new,BOS,DET,0.05936180013589209
2025-26,new,BOS,GSW,0.011682034595528766
2025-26,new,BOS,HOU,0.0014140625238611266
2025-26,new,BOS,IND,0.0007677909044196379
2025-26,new,BOS,LAC,0.0015976778275676971
2025-26,new,BOS,LAL,0.0786314587336003
2025-26,new,BOS,MEM,0.1692500004356984
2025-26,new,BOS,MIA,0.07031328857007824
2025-26,new,BOS,MIL,0.003412715545614603
2025-26,new,BOS,MIN,0.06115759775203108
2025-26,new,BOS,NOP,0.0
2025-26,new,BOS,NYK,0.08844585332468528
2025-26,new,BOS,OKC,0.13603671952363539
2025-26,new,BOS,ORL,0.0
2025-26,new,BOS,PHI,0.11608707446944135
2025-26,new,BOS,PHX,0.0
2025-26,new,BOS,POR,0.025556276896771507
2025-26,new,BOS,SAC,0.0012667352554487856
2025-26,new,BOS,SAS,0.16144504295750356
2025-26,new,BOS,TOR,0.09086452423085191
2025-26,new,BOS,UTA,0.0065452587426688275
2025-26,new,BOS,WAS,0.005937230615266437
2025-26,new,CHA,ATL,0.04780226295269977
2025-26,new,CHA,BKN,0.005894173842522648
2025-26,new,CHA,BOS,0.01303663808145914
2025-26,new,CHA,CHI,0.045843842866869704
2025-26,new,CHA,CLE,0.011157327606021585
2025-26,new,CHA,DAL,0.002922825120026789
2025-26,new,CHA,DEN,0.03924513870638466
2025-26,new,CHA,DET,0.021439924757558345
2025-26,new,CHA,GSW,0.023544432628720205
2025-26,new,CHA,HOU,0.0003125000051784748
2025-26,new,CHA,IND,0.0019604054267675264
2025-26,new,CHA,LAC,0.01730273157262308
2025-26,new,CHA,LAL,0.04738435788167865
2025-26,new,CHA,MEM,0.32707974134552986
2025-26,new,CHA,MIA,0.16641184771337092
2025-26,new,CHA,MIL,0.028039062666819138
2025-26,new,CHA,MIN,0.02117672445288666
2025-26,new,CHA,NOP,0.0
2025-26,new,CHA,NYK,0.04713311999684987
2025-26,new,CHA,OKC,0.11638192156066704
2025-26,new,CHA,ORL,0.0
2025-26,new,CHA,PHI,0.18622990366340106
2025-26,new,CHA,PHX,0.0
2025-26,new,CHA,POR,0.00579767630825676
2025-26,new,CHA,SAC,0.005903087561087737
2025-26,new,CHA,SAS,0.15310290989550313
2025-26,new,CHA,TOR,0.09633498391811025
2025-26,new,CHA,UTA,0.02271093776640241
2025-26,new,CHA,WAS,0.019765355734090353
2025-26,new,CHI,ATL,0.06271821121683199
2025-26,new,CHI,BKN,0.0013995378090918744
2025-26,new,CHI,BOS,0.010490705558399427
2025-26,new,CHI,CHA,0.11873700851566689
2025-26,new,CHI,CLE,0.017964439669078028
2025-26,new,CHI,DAL,0.022084300565024775
2025-26,new,CHI,DEN,0.04107531567432109
2025-26,new,CHI,DET,0.02565113147261055
2025-26,new,CHI,GSW,0.018786587676614206
2025-26,new,CHI,HOU,0.0004994612143391037
2025-26,new,CHI,IND,0.00038432622024153843
2025-26,new,CHI,LAC,0.005179779539085318
2025-26,new,CHI,LAL,0.029256048348836324
2025-26,new,CHI,MEM,0.1282257547925411
2025-26,new,CHI,MIA,0.03854779750461722
2025-26,new,CHI,MIL,0.006764008765678918
2025-26,new,CHI,MIN,0.03824488182206927
2025-26,new,CHI,NOP,0.0
2025-26,new,CHI,NYK,0.017911502001102083
2025-26,new,CHI,OKC,0.09612745249556118
2025-26,new,CHI,ORL,0.0
2025-26,new,CHI,PHI,0.07525844893645699
2025-26,new,CHI,PHX,0.0
2025-26,new,CHI,POR,0.024775070278864636
2025-26,new,CHI,SAC,0.0011780039340451793
2025-26,new,CHI,SAS,0.044739763295209706
2025-26,new,CHI,TOR,0.02503290355873678
2025-26,new,CHI,UTA,0.0037483836817033267
2025-26,new,CHI,WAS,0.007531788861720245
2025-26,new,CLE,ATL,0.6870921339618106
2025-26,new,CLE,BKN,0.0005456615424798747
2025-26,new,CLE,BOS,0.05122198350117382
2025-26,new,CLE,CHA,0.10605700526611417
2025-26,new,CLE,CHI,0.002263206909334643
2025-26,new,CLE,DAL,0.018618485694397377
2025-26,new,CLE,DEN,0.1355366683157485
2025-26,new,CLE,DET,0.08106196161072522
2025-26,new,CLE,GSW,0.0007590522616272248
2025-26,new,CLE,HOU,7.273707004938403e-06
2025-26,new,CLE,IND,0.0013506421695656013
2025-26,new,CLE,LAC,0.007248343816316869
2025-26,new,CLE,LAL,0.10889241800679002
2025-26,new,CLE,MEM,0.12326831909737564
2025-26,new,CLE,MIA,0.044128045414409234
2025-26,new,CLE,MIL,0.0037782867757828317
2025-26,new,CLE,MIN,0.03007920277158424
2025-26,new,CLE,NOP,0.0
2025-26,new,CLE,NYK,0.116047554175527
2025-26,new,CLE,OKC,0.059811307713935044
2025-26,new,CLE,ORL,0.0
2025-26,new,CLE,PHI,0.15494020912884665
2025-26,new,CLE,PHX,0.0
2025-26,new,CLE,POR,0.0008623034077674144
2025-26,new,CLE,SAC,0.0022806453240114322
2025-26,new,CLE,SAS,0.12900188754633837
2025-26,new,CLE,TOR,0.07738450815200049
2025-26,new,CLE,UTA,0.014421605762447519
2025-26,new,CLE,WAS,0.01293238153903954
2025-26,new,DAL,ATL,0.08835129318178775
2025-26,new,DAL,BKN,0.0013960815119650966
2025-26,new,DAL,BOS,0.011968750215922322
2025-26,new,DAL,CHA,0.05263396503705307
2025-26,new,DAL,CHI,0.09934143137474641
2025-26,new,DAL,CLE,0.004685344842005649
2025-26,new,DAL,DEN,0.032498097627089835
2025-26,new,DAL,DET,0.04170959087084689
2025-26,new,DAL,GSW,0.008558821143331079
2025-26,new,DAL,HOU,8.755388061499929e-05
2025-26,new,DAL,IND,0.0014081132523242439
2025-26,new,DAL,LAC,0.009371377103384468
2025-26,new,DAL,LAL,0.024091420826255882
2025-26,new,DAL,MEM,0.11647790928949311
2025-26,new,DAL,MIA,0.07292038441421754
2025-26,new,DAL,MIL,0.007022090703630336
2025-26,new,DAL,MIN,0.008621767308113391
2025-26,new,DAL,NOP,0.0
2025-26,new,DAL,NYK,0.03911974706485565
2025-26,new,DAL,OKC,0.11607853716474713
2025-26,new,DAL,ORL,0.0
2025-26,new,DAL,PHI,0.07280924913227198
2025-26,new,DAL,PHX,0.0
2025-26,new,DAL,POR,0.12065751056776197
2025-26,new,DAL,SAC,0.0007504918956244602
2025-26,new,DAL,SAS,0.12173976331925146
2025-26,new,DAL,TOR,0.03321495970384975
2025-26,new,DAL,UTA,0.009288523765401274
2025-26,new,DAL,WAS,0.01294935354822444
2025-26,new,DEN,ATL,0.1263235451751549
2025-26,new,DEN,BKN,0.0012317248799166038
2025-26,new,DEN,BOS,0.02382004350528185
2025-26,new,DEN,CHA,0.06018544565249605
2025-26,new,DEN,CHI,0.0994134864270925
2025-26,new,DEN,CLE,0.02397198281861071
2025-26,new,DEN,DAL,0.022766401069109824
2025-26,new,DEN,DET,0.08627155172712861
2025-26,new,DEN,GSW,0.02143346190879348
2025-26,new,DEN,HOU,0.0017292564934529042
2025-26,new,DEN,IND,0.0006390212174032222
2025-26,new,DEN,LAC,0.0013331245587346724
2025-26,new,DEN,LAL,0.1259881947604998
2025-26,new,DEN,MEM,0.04442052882389519
2025-26,new,DEN,MIA,0.025292797588499488
2025-26,new,DEN,MIL,0.0005950969714743634
2025-26,new,DEN,MIN,0.03285722042066607
2025-26,new,DEN,NOP,0.0
2025-26,new,DEN,NYK,0.11024730657494292
2025-26,new,DEN,OKC,0.16677499560615494
2025-26,new,DEN,ORL,0.0
2025-26,new,DEN,PHI,0.14618089680275553
2025-26,new,DEN,PHX,0.0
2025-26,new,DEN,POR,0.029115053951471025
2025-26,new,DEN,SAC,0.0011998687328578861
2025-26,new,DEN,SAS,0.02473949399437547
2025-26,new,DEN,TOR,0.03391035190701577
2025-26,new,DEN,UTA,0.000792295268580221
2025-26,new,DEN,WAS,0.007232758741713418
2025-26,new,DET,ATL,0.07249245763908879
2025-26,new,DET,BKN,0.001028136063644451
2025-26,new,DET,BOS,0.04043251615670732
2025-26,new,DET,CHA,0.07795543066273669
2025-26,new,DET,CHI,0.00689379525940419
2025-26,new,DET,CLE,0.0788890085466495
2025-26,new,DET,DAL,0.052706607636381936
2025-26,new,DET,DEN,0.02913704300250423
2025-26,new,DET,GSW,0.0015379459909220042
2025-26,new,DET,HOU,1.4278017454138347e-05
2025-26,new,DET,IND,0.0017249069270036644
2025-26,new,DET,LAC,0.0036038354321987227
2025-26,new,DET,LAL,0.01552491601956478
2025-26,new,DET,MEM,0.15823733887171515
2025-26,new,DET,MIA,0.06980250116532792
2025-26,new,DET,MIL,0.0032311422869980588
2025-26,new,DET,MIN,0.16257058255280096
2025-26,new,DET,NOP,0.0
2025-26,new,DET,NYK,0.05568282257010714
2025-26,new,DET,OKC,0.11027735577988267
2025-26,new,DET,ORL,0.0
2025-26,new,DET,PHI,0.0946657268989857
2025-26,new,DET,PHX,0.0
2025-26,new,DET,POR,0.010697074468374097
2025-26,new,DET,SAC,0.0034772063723140082
2025-26,new,DET,SAS,0.1215161636461913
2025-26,new,DET,TOR,0.08329098561795971
2025-26,new,DET,UTA,0.00927559281219648
2025-26,new,DET,WAS,0.013125000053992619
2025-26,new,GSW,ATL,0.09196012971218241
2025-26,new,GSW,BKN,0.006594636930438025
2025-26,new,GSW,BOS,0.014363146796099971
2025-26,new,GSW,CHA,0.04161514397901654
2025-26,new,GSW,CHI,0.1440254300791352
2025-26,new,GSW,CLE,0.013854525879764094
2025-26,new,GSW,DAL,0.011692753388572506
2025-26,new,GSW,DEN,0.05220071787793318
2025-26,new,GSW,DET,0.04335991397451867
2025-26,new,GSW,HOU,0.0012365301925656867
2025-26,new,GSW,IND,0.002113909156575313
2025-26,new,GSW,LAC,0.004413029820196083
2025-26,new,GSW,LAL,0.038801011421110095
2025-26,new,GSW,MEM,0.04535290977666718
2025-26,new,GSW,MIA,0.021480666442362684
2025-26,new,GSW,MIL,0.001519665995729155
2025-26,new,GSW,MIN,0.03245662749961725
2025-26,new,GSW,NOP,0.0
2025-26,new,GSW,NYK,0.08155441830460593
2025-26,new,GSW,OKC,0.2543504639082184
2025-26,new,GSW,ORL,0.0
2025-26,new,GSW,PHI,0.11201678078661496
2025-26,new,GSW,PHX,0.0
2025-26,new,GSW,POR,0.26008907997695735
2025-26,new,GSW,SAC,0.006102593631330583
2025-26,new,GSW,SAS,0.06607273679780613
2025-26,new,GSW,TOR,0.016578823998548303
2025-26,new,GSW,UTA,0.022113416092129072
2025-26,new,GSW,WAS,0.010923760872221844
2025-26,new,HOU,ATL,0.14881600349039595
2025-26,new,HOU,BKN,0.0024932124489361698
2025-26,new,HOU,BOS,0.04257650925119504
2025-26,new,HOU,CHA,0.10435023047946984
2025-26,new,HOU,CHI,0.029177123878383945
2025-26,new,HOU,CLE,0.014294181162619901
2025-26,new,HOU,DAL,0.0033824509251485133
2025-26,new,HOU,DEN,0.12446191480286434
2025-26,new,HOU,DET,0.11346955873208638
2025-26,new,HOU,GSW,0.010478720810546092
2025-26,new,HOU,IND,0.002018058642841685
2025-26,new,HOU,LAC,0.004213230284837726
2025-26,new,HOU,LAL,0.09140108375119803
2025-26,new,HOU,MEM,0.09439143427723926
2025-26,new,HOU,MIA,0.0505381007065565
2025-26,new,HOU,MIL,0.010038254367175575
2025-26,new,HOU,MIN,0.02899191854640054
2025-26,new,HOU,NOP,0.0
2025-26,new,HOU,NYK,0.11689265197186614
2025-26,new,HOU,OKC,0.12725371344759223
2025-26,new,HOU,ORL,0.0
2025-26,new,HOU,PHI,0.8347593472407487
2025-26,new,HOU,PHX,0.0
2025-26,new,HOU,POR,0.013495221969371786
2025-26,new,HOU,SAC,0.0015481505162218095
2025-26,new,HOU,SAS,0.11749218806437745
2025-26,new,HOU,TOR,0.08250658467490134
2025-26,new,HOU,UTA,0.006437500087435935
2025-26,new,HOU,WAS,0.006545797539613982
2025-26,new,IND,ATL,0.056525862422221795
2025-26,new,IND,BKN,0.010853575617471427
2025-26,new,IND,BOS,0.01413469849563814
2025-26,new,IND,CHA,0.10838967498125754
2025-26,new,IND,CHI,0.07119677060627305
2025-26,new,IND,CLE,0.006373922451768585
2025-26,new,IND,DAL,0.002545735293269899
2025-26,new,IND,DEN,0.03326842223683116
2025-26,new,IND,DET,0.02556815746099816
2025-26,new,IND,GSW,0.025873752473528185
2025-26,new,IND,HOU,0.0011096444130867143
2025-26,new,IND,LAC,0.09137040894927285
2025-26,new,IND,LAL,0.02132521525096006
2025-26,new,IND,MEM,0.147229526017929
2025-26,new,IND,MIA,0.050125421951596416
2025-26,new,IND,MIL,0.006591325527225651
2025-26,new,IND,MIN,0.028500539130202077
2025-26,new,IND,NOP,0.0
2025-26,new,IND,NYK,0.09302037689646411
2025-26,new,IND,OKC,0.18318350043744608
2025-26,new,IND,ORL,0.0
2025-26,new,IND,PHI,0.053734659428851396
2025-26,new,IND,PHX,0.0
2025-26,new,IND,POR,0.07492404236469542
2025-26,new,IND,SAC,0.016657763490184024
2025-26,new,IND,SAS,0.044810614785769594
2025-26,new,IND,TOR,0.0399052895385092
2025-26,new,IND,UTA,0.07984859992661673
2025-26,new,IND,WAS,0.05870608830710087
2025-26,new,LAC,ATL,0.02031950463870027
2025-26,new,LAC,BKN,0.003825800175183967
2025-26,new,LAC,BOS,0.011258620852765083
2025-26,new,LAC,CHA,0.061882932833290896
2025-26,new,LAC,CHI,0.7610027029158861
2025-26,new,LAC,CLE,0.021230603498487
2025-26,new,LAC,DAL,0.009122230399901534
2025-26,new,LAC,DEN,0.017483487871993844
2025-26,new,LAC,DET,0.025714170653493428
2025-26,new,LAC,GSW,0.14584065974791835
2025-26,new,LAC,HOU,0.001661637957962551
2025-26,new,LAC,IND,0.0006782372940521707
2025-26,new,LAC,LAL,0.02429148133170374
2025-26,new,LAC,MEM,0.10990140137196404
2025-26,new,LAC,MIA,0.023652938469991096
2025-26,new,LAC,MIL,0.005886045393618305
2025-26,new,LAC,MIN,0.023882004600299264
2025-26,new,LAC,NOP,0.0
2025-26,new,LAC,NYK,0.025632810705885346
2025-26,new,LAC,OKC,0.9987666841479201
2025-26,new,LAC,ORL,0.0
2025-26,new,LAC,PHI,0.034036058116396976
2025-26,new,LAC,PHX,0.0
2025-26,new,LAC,POR,0.8910582458271663
2025-26,new,LAC,SAC,0.001372812322696927
2025-26,new,LAC,SAS,0.020228178838854017
2025-26,new,LAC,TOR,0.01530331077361913
2025-26,new,LAC,UTA,0.0103704204054445
2025-26,new,LAC,WAS,0.017664601396596664
2025-26,new,LAL,ATL,0.15577909600122125
2025-26,new,LAL,BKN,0.003009517053623633
2025-26,new,LAL,BOS,0.050025862332449524
2025-26,new,LAL,CHA,0.11230606652286605
2025-26,new,LAL,CHI,0.02351114905039588
2025-26,new,LAL,CLE,0.012098060381068879
2025-26,new,LAL,DAL,0.00771087597129559
2025-26,new,LAL,DEN,0.11783840486036094
2025-26,new,LAL,DET,0.05818830805375033
2025-26,new,LAL,GSW,0.02590838278573815
2025-26,new,LAL,HOU,0.0012901401059533437
2025-26,new,LAL,IND,0.0012640111930046032
2025-26,new,LAL,LAC,0.011296466274666449
2025-26,new,LAL,MEM,0.16704121791617144
2025-26,new,LAL,MIA,0.02886713739103568
2025-26,new,LAL,MIL,0.002699892346943922
2025-26,new,LAL,MIN,0.045458782913327896
2025-26,new,LAL,NOP,0.0
2025-26,new,LAL,NYK,0.12514170353111193
2025-26,new,LAL,OKC,0.09577335045034334
2025-26,new,LAL,ORL,0.0
2025-26,new,LAL,PHI,0.1751837348807459
2025-26,new,LAL,PHX,0.0
2025-26,new,LAL,POR,0.042333172537459815
2025-26,new,LAL,SAC,0.0055500805587291755
2025-26,new,LAL,SAS,0.036018588592113675
2025-26,new,LAL,TOR,0.03816410253711577
2025-26,new,LAL,UTA,0.014408405279010085
2025-26,new,LAL,WAS,0.019360183375076688
2025-26,new,MEM,ATL,0.09388011846484633
2025-26,new,MEM,BKN,0.004229635963448218
2025-26,new,MEM,BOS,0.005301724200955881
2025-26,new,MEM,CHA,0.07287905628427299
2025-26,new,MEM,CHI,0.033206811566765866
2025-26,new,MEM,CLE,0.010770474099232975
2025-26,new,MEM,DAL,0.003334682837076202
2025-26,new,MEM,DEN,0.030246321173057054
2025-26,new,MEM,DET,0.03310883611434637
2025-26,new,MEM,GSW,0.02040840993256295
2025-26,new,MEM,HOU,0.0002656250039581209
2025-26,new,MEM,IND,0.001649428995922433
2025-26,new,MEM,LAC,0.009871144436482567
2025-26,new,MEM,LAL,0.045353927186773085
2025-26,new,MEM,MIA,0.037704878446481
2025-26,new,MEM,MIL,0.007122306117651472
2025-26,new,MEM,MIN,0.020606681187918155
2025-26,new,MEM,NOP,0.0
2025-26,new,MEM,NYK,0.04555764287452019
2025-26,new,MEM,OKC,0.13722212306805953
2025-26,new,MEM,ORL,0.0
2025-26,new,MEM,PHI,0.11280425974846736
2025-26,new,MEM,PHX,0.0
2025-26,new,MEM,POR,0.03082134263711241
2025-26,new,MEM,SAC,0.0031258069232176677
2025-26,new,MEM,SAS,0.10999164861370005
2025-26,new,MEM,TOR,0.03363174416570896
2025-26,new,MEM,UTA,0.013148168280825085
2025-26,new,MEM,WAS,0.01770474154409824
2025-26,new,MIA,ATL,0.08470528018702993
2025-26,new,MIA,BKN,0.001372624293032678
2025-26,new,MIA,BOS,0.014836207138743765
2025-26,new,MIA,CHA,0.2749145018848978
2025-26,new,MIA,CHI,0.0029090293836824717
2025-26,new,MIA,CLE,0.01083189662353232
2025-26,new,MIA,DAL,0.004806708961218802
2025-26,new,MIA,DEN,0.03288184656191033
2025-26,new,MIA,DET,0.038959859955899324
2025-26,new,MIA,GSW,0.004087337168316119
2025-26,new,MIA,HOU,1.4278017454138347e-05
2025-26,new,MIA,IND,0.0016150135999135995
2025-26,new,MIA,LAC,0.004818687731541135
2025-26,new,MIA,LAL,0.029209718720562373
2025-26,new,MIA,MEM,0.21287958029685705
2025-26,new,MIA,MIL,0.010936961406560872
2025-26,new,MIA,MIN,0.03691972032038832
2025-26,new,MIA,NOP,0.0
2025-26,new,MIA,NYK,0.054800906095137936
2025-26,new,MIA,OKC,0.1653750539976612
2025-26,new,MIA,ORL,0.0
2025-26,new,MIA,PHI,0.15941933632294086
2025-26,new,MIA,PHX,0.0
2025-26,new,MIA,POR,0.0009284233456381819
2025-26,new,MIA,SAC,0.002756126799969682
2025-26,new,MIA,SAS,0.2168938603788887
2025-26,new,MIA,TOR,0.13820629777567714
2025-26,new,MIA,UTA,0.01519208004234503
2025-26,new,MIA,WAS,0.01298868539684918
2025-26,new,MIL,ATL,0.10846767227602963
2025-26,new,MIL,BKN,0.002251086600862718
2025-26,new,MIL,BOS,0.00897521568317737
2025-26,new,MIL,CHA,0.11610598096297564
2025-26,new,MIL,CHI,0.08394805348652884
2025-26,new,MIL,CLE,0.008078663798273891
2025-26,new,MIL,DAL,0.004194041329680876
2025-26,new,MIL,DEN,0.0378824811126608
2025-26,new,MIL,DET,0.03291594850740412
2025-26,new,MIL,GSW,0.014425607128306392
2025-26,new,MIL,HOU,0.0011953125215850061
2025-26,new,MIL,IND,0.0012848151527659556
2025-26,new,MIL,LAC,0.004289823893384515
2025-26,new,MIL,LAL,0.02922171811366699
2025-26,new,MIL,MEM,0.1211788803121428
2025-26,new,MIL,MIA,0.04571380738548693
2025-26,new,MIL,MIN,0.03657139056892103
2025-26,new,MIL,NOP,0.0
2025-26,new,MIL,NYK,0.03014807043324881
2025-26,new,MIL,OKC,0.17861502475480484
2025-26,new,MIL,ORL,0.0
2025-26,new,MIL,PHI,0.07991080730881725
2025-26,new,MIL,PHX,0.0
2025-26,new,MIL,POR,0.09004489323812143
2025-26,new,MIL,SAC,0.008254369947879803
2025-26,new,MIL,SAS,0.13477801731550781
2025-26,new,MIL,TOR,0.05849666190090401
2025-26,new,MIL,UTA,0.04550269405672665
2025-26,new,MIL,WAS,0.011857219951745154
2025-26,new,MIN,ATL,0.08307300682257909
2025-26,new,MIN,BKN,0.0007140419803070337
2025-26,new,MIN,BOS,0.019589439903723138
2025-26,new,MIN,CHA,0.12122308733531895
2025-26,new,MIN,CHI,0.0747738983165023
2025-26,new,MIN,CLE,0.00603771553439056
2025-26,new,MIN,DAL,0.004983666209557077
2025-26,new,MIN,DEN,0.1039272167913354
2025-26,new,MIN,DET,0.23127236031463516
2025-26,new,MIN,GSW,0.032762458150773464
2025-26,new,MIN,HOU,0.0020646552059895777
2025-26,new,MIN,IND,0.00010369793717619448
2025-26,new,MIN,LAC,0.0031216877538507164
2025-26,new,MIN,LAL,0.08522986426716318
2025-26,new,MIN,MEM,0.21546201581831875
2025-26,new,MIN,MIA,0.055690987776937095
2025-26,new,MIN,MIL,0.0038367457499382377
2025-26,new,MIN,NOP,0.0
2025-26,new,MIN,NYK,0.06381452207166274
2025-26,new,MIN,OKC,0.17338700672988927
2025-26,new,MIN,ORL,0.0
2025-26,new,MIN,PHI,0.16183569719862015
2025-26,new,MIN,PHX,0.0
2025-26,new,MIN,POR,0.033999376276178335
2025-26,new,MIN,SAC,0.001138082831036875
2025-26,new,MIN,SAS,0.03851347007102269
2025-26,new,MIN,TOR,0.07466594091744365
2025-26,new,MIN,UTA,0.008258351475393787
2025-26,new,MIN,WAS,0.00433378238632376
2025-26,new,NOP,ATL,0.06371551767587741
2025-26,new,NOP,BKN,0.009149852214533093
2025-26,new,NOP,BOS,0.011673491452419167
2025-26,new,NOP,CHA,0.07953071492433965
2025-26,new,NOP,CHI,0.09962636668987246
2025-26,new,NOP,CLE,0.0011163793044196891
2025-26,new,NOP,DAL,0.0003764104374298266
2025-26,new,NOP,DEN,0.03170032290355329
2025-26,new,NOP,DET,0.021212015625466756
2025-26,new,NOP,GSW,0.03238037574231263
2025-26,new,NOP,HOU,0.0009229526005420383
2025-26,new,NOP,IND,0.005719822154637925
2025-26,new,NOP,LAC,0.011660930030015197
2025-26,new,NOP,LAL,0.03266215107644913
2025-26,new,NOP,MEM,0.11226885696885111
2025-26,new,NOP,MIA,0.06299099395370053
2025-26,new,NOP,MIL,0.00841702591778373
2025-26,new,NOP,MIN,0.025454202965985794
2025-26,new,NOP,NYK,0.05407735586548746
2025-26,new,NOP,OKC,0.20687657240419854
2025-26,new,NOP,ORL,0.0
2025-26,new,NOP,PHI,0.0900732560642613
2025-26,new,NOP,PHX,0.0
2025-26,new,NOP,POR,0.10518942100298927
2025-26,new,NOP,SAC,0.0026824555431020874
2025-26,new,NOP,SAS,0.032054957235111564
2025-26,new,NOP,TOR,0.01840644881343336
2025-26,new,NOP,UTA,0.026665140245238254
2025-26,new,NOP,WAS,0.029412446545420926
2025-26,new,NYK,ATL,0.15816406324032117
2025-26,new,NYK,BKN,0.0015863883825188853
2025-26,new,NYK,BOS,0.06998599194873384
2025-26,new,NYK,CHA,0.04188186255567843
2025-26,new,NYK,CHI,0.011549833222144618
2025-26,new,NYK,CLE,0.022671336259146965
2025-26,new,NYK,DAL,0.022580816507445353
2025-26,new,NYK,DEN,0.1212196326141666
2025-26,new,NYK,DET,0.06377236027378941
2025-26,new,NYK,GSW,0.015288317709470166
2025-26,new,NYK,HOU,0.0003130387977680898
2025-26,new,NYK,IND,0.00020650259008013155
2025-26,new,NYK,LAC,0.004304150065250599
2025-26,new,NYK,LAL,0.13419690827065
2025-26,new,NYK,MEM,0.03207893348846922
2025-26,new,NYK,MIA,0.027018729789577426
2025-26,new,NYK,MIL,0.0013682650510775695
2025-26,new,NYK,MIN,0.027849407529695253
2025-26,new,NYK,NOP,0.0
2025-26,new,NYK,OKC,0.0666039766786375
2025-26,new,NYK,ORL,0.0
2025-26,new,NYK,PHI,0.16367971031157955
2025-26,new,NYK,PHX,0.0
2025-26,new,NYK,POR,0.020080881129332078
2025-26,new,NYK,SAC,0.004923612796971202
2025-26,new,NYK,SAS,0.053717134438639735
2025-26,new,NYK,TOR,0.029137948777276167
2025-26,new,NYK,UTA,0.004588092741142991
2025-26,new,NYK,WAS,0.006628502206274726
2025-26,new,OKC,ATL,0.0789094829865619
2025-26,new,OKC,BKN,0.001593303563551224
2025-26,new,OKC,BOS,0.0255075433130922
2025-26,new,OKC,CHA,0.0616222614561905
2025-26,new,OKC,CHI,0.06899664960855861
2025-26,new,OKC,CLE,0.07619288793596408
2025-26,new,OKC,DAL,0.1340494298131683
2025-26,new,OKC,DEN,0.039324549926285715
2025-26,new,OKC,DET,0.030117187944826956
2025-26,new,OKC,GSW,0.002406016052852177
2025-26,new,OKC,HOU,0.00042079742060540694
2025-26,new,OKC,IND,0.0012894673303452953
2025-26,new,OKC,LAC,0.0026897316436892303
2025-26,new,OKC,LAL,0.05546005966517377
2025-26,new,OKC,MEM,0.061981412128541316
2025-26,new,OKC,MIA,0.028217131672476733
2025-26,new,OKC,MIL,0.0005290947568498492
2025-26,new,OKC,MIN,0.05021336217274375
2025-26,new,OKC,NOP,0.0
2025-26,new,OKC,NYK,0.06628070150874892
2025-26,new,OKC,ORL,0.0
2025-26,new,OKC,PHI,0.05903857219292258
2025-26,new,OKC,PHX,0.0
2025-26,new,OKC,POR,0.12041664101447055
2025-26,new,OKC,SAC,0.003990035047632472
2025-26,new,OKC,SAS,0.026623653265776055
2025-26,new,OKC,TOR,0.0288036303901099
2025-26,new,OKC,UTA,0.007672413886878
2025-26,new,OKC,WAS,0.008138200458709216
2025-26,new,ORL,ATL,0.08043049577436939
2025-26,new,ORL,BKN,0.004165661176569982
2025-26,new,ORL,BOS,0.019096038633687043
2025-26,new,ORL,CHA,0.3239086827630022
2025-26,new,ORL,CHI,0.012850674532275475
2025-26,new,ORL,CLE,0.00895258622789948
2025-26,new,ORL,DAL,0.00840571743164501
2025-26,new,ORL,DEN,0.03390519546445918
2025-26,new,ORL,DET,0.05516729524228642
2025-26,new,ORL,GSW,0.02197947103819146
2025-26,new,ORL,HOU,0.0008790409619165262
2025-26,new,ORL,IND,0.001503152239938494
2025-26,new,ORL,LAC,0.0037832714267323087
2025-26,new,ORL,LAL,0.025811145685351772
2025-26,new,ORL,MEM,1.1010005366280151
2025-26,new,ORL,MIA,0.30821160021370797
2025-26,new,ORL,MIL,0.018919989481740958
2025-26,new,ORL,MIN,0.061007813305477616
2025-26,new,ORL,NOP,0.0
2025-26,new,ORL,NYK,0.0652993503501458
2025-26,new,ORL,OKC,0.14178346282780374
2025-26,new,ORL,PHI,0.19891317119837562
2025-26,new,ORL,PHX,0.0
2025-26,new,ORL,POR,0.016096521524752487
2025-26,new,ORL,SAC,0.0018256515450426549
2025-26,new,ORL,SAS,0.26121740399111176
2025-26,new,ORL,TOR,0.16276016379074315
2025-26,new,ORL,UTA,0.009867187648939357
2025-26,new,ORL,WAS,0.009375538836787297
2025-26,new,PHI,ATL,0.056827316876372394
2025-26,new,PHI,BKN,0.005806498430125166
2025-26,new,PHI,BOS,0.010133350530116427
2025-26,new,PHI,CHA,0.29434639959469205
2025-26,new,PHI,CHI,0.01824807670454877
2025-26,new,PHI,CLE,0.021709051795046903
2025-26,new,PHI,DAL,0.008932856724105763
2025-26,new,PHI,DEN,0.028268787773374382
2025-26,new,PHI,DET,0.04663119670190319
2025-26,new,PHI,GSW,0.008029848831560446
2025-26,new,PHI,HOU,0.0002990301774116233
2025-26,new,PHI,IND,0.0019865306621196744
2025-26,new,PHI,LAC,0.013539606149164359
2025-26,new,PHI,LAL,0.0315433437946855
2025-26,new,PHI,MEM,0.19026239354942184
2025-26,new,PHI,MIA,0.2121983691814458
2025-26,new,PHI,MIL,0.012834859804013457
2025-26,new,PHI,MIN,0.02882543140944045
2025-26,new,PHI,NOP,0.0
2025-26,new,PHI,NYK,0.06097804662502564
2025-26,new,PHI,OKC,0.6590798348983952
2025-26,new,PHI,ORL,0.0
2025-26,new,PHI,PHX,0.0
2025-26,new,PHI,POR,0.0010455454528451565
2025-26,new,PHI,SAC,0.005083027060357964
2025-26,new,PHI,SAS,0.3042828678085814
2025-26,new,PHI,TOR,0.32629467922447575
2025-26,new,PHI,UTA,0.018246228614027197
2025-26,new,PHI,WAS,0.025047414017989746
2025-26,new,PHX,ATL,0.05319692893465579
2025-26,new,PHX,BKN,0.0017335624456206067
2025-26,new,PHX,BOS,0.006226293172703349
2025-26,new,PHX,CHA,0.4124699420918638
2025-26,new,PHX,CHI,0.04392267458867673
2025-26,new,PHX,CLE,0.017792025892593863
2025-26,new,PHX,DAL,0.004933102234573267
2025-26,new,PHX,DEN,0.09911643015579286
2025-26,new,PHX,DET,0.08873464433239485
2025-26,new,PHX,GSW,0.0594977816376208
2025-26,new,PHX,HOU,0.010199084225500098
2025-26,new,PHX,IND,0.0006446061409318336
2025-26,new,PHX,LAC,0.004227082352443251
2025-26,new,PHX,LAL,0.09352142648751428
2025-26,new,PHX,MEM,0.429501078503953
2025-26,new,PHX,MIA,0.08156189875541518
2025-26,new,PHX,MIL,0.0056877696977181615
2025-26,new,PHX,MIN,0.17880011011300423
2025-26,new,PHX,NOP,0.0
2025-26,new,PHX,NYK,0.04063645686758813
2025-26,new,PHX,OKC,0.13296264256692314
2025-26,new,PHX,ORL,0.0
2025-26,new,PHX,PHI,0.11191206324315284
2025-26,new,PHX,POR,0.05919335941873864
2025-26,new,PHX,SAC,0.0006828653711879976
2025-26,new,PHX,SAS,0.049632543447439496
2025-26,new,PHX,TOR,0.049662797176089346
2025-26,new,PHX,UTA,0.008129310430015503
2025-26,new,PHX,WAS,0.018061153167489408
2025-26,new,POR,ATL,0.03226050661912927
2025-26,new,POR,BKN,0.002016421400938466
2025-26,new,POR,BOS,0.00722561930300987
2025-26,new,POR,CHA,0.06619466157891034
2025-26,new,POR,CHI,0.9042681876299364
2025-26,new,POR,CLE,0.0008825431174823436
2025-26,new,POR,DAL,0.00037918397371491854
2025-26,new,POR,DEN,0.021003306194006397
2025-26,new,POR,DET,0.04603502149745854
2025-26,new,POR,GSW,0.08646152961736782
2025-26,new,POR,HOU,0.0008838901004617521
2025-26,new,POR,IND,0.00034293413668589273
2025-26,new,POR,LAC,0.007184693460450186
2025-26,new,POR,LAL,0.03649007235232261
2025-26,new,POR,MEM,0.061418373532541065
2025-26,new,POR,MIA,0.028595319845843806
2025-26,new,POR,MIL,0.009303879301677906
2025-26,new,POR,MIN,0.02078205845834575
2025-26,new,POR,NOP,0.0
2025-26,new,POR,NYK,0.05071514667204359
2025-26,new,POR,OKC,0.6054213955372592
2025-26,new,POR,ORL,0.0
2025-26,new,POR,PHI,0.06707800847389929
2025-26,new,POR,PHX,0.0
2025-26,new,POR,SAC,0.007704130112981867
2025-26,new,POR,SAS,0.0633289332967653
2025-26,new,POR,TOR,0.028844101264645625
2025-26,new,POR,UTA,0.01653044206634212
2025-26,new,POR,WAS,0.014430226348701801
2025-26,new,SAC,ATL,0.014814385819802834
2025-26,new,SAC,BKN,0.03076978024648362
2025-26,new,SAC,BOS,0.006218479805729344
2025-26,new,SAC,CHA,0.08193516302165553
2025-26,new,SAC,CHI,0.2095986466483365
2025-26,new,SAC,CLE,0.015920258697347138
2025-26,new,SAC,DAL,0.004998585405065913
2025-26,new,SAC,DEN,0.0150990042647425
2025-26,new,SAC,DET,0.010220366476067532
2025-26,new,SAC,GSW,0.011623082412251816
2025-26,new,SAC,HOU,0.0005048491454538728
2025-26,new,SAC,IND,0.009023301415697212
2025-26,new,SAC,LAC,0.02205893911714062
2025-26,new,SAC,LAL,0.014373896512381433
2025-26,new,SAC,MEM,0.1364490837436009
2025-26,new,SAC,MIA,0.07449829688772842
2025-26,new,SAC,MIL,0.005053610114665733
2025-26,new,SAC,MIN,0.023158944343449547
2025-26,new,SAC,NOP,0.0
2025-26,new,SAC,NYK,0.06152226231683895
2025-26,new,SAC,OKC,0.2580585997237181
2025-26,new,SAC,ORL,0.0
2025-26,new,SAC,PHI,0.07125650427141283
2025-26,new,SAC,PHX,0.0
2025-26,new,SAC,POR,0.08145872576612834
2025-26,new,SAC,SAS,0.122480603279024
2025-26,new,SAC,TOR,0.04702616946965769
2025-26,new,SAC,UTA,0.058310344964446474
2025-26,new,SAC,WAS,0.08043696195057769
2025-26,new,SAS,ATL,0.03812580848831265
2025-26,new,SAS,BKN,0.002543511892143788
2025-26,new,SAS,BOS,0.022346983045773126
2025-26,new,SAS,CHA,0.10450333209345396
2025-26,new,SAS,CHI,0.09209155917703449
2025-26,new,SAS,CLE,0.18873168124696885
2025-26,new,SAS,DAL,0.06625936447849165
2025-26,new,SAS,DEN,0.022444269899508675
2025-26,new,SAS,DET,0.028645743853332278
2025-26,new,SAS,GSW,0.026094094622126883
2025-26,new,SAS,HOU,0.002594019444458636
2025-26,new,SAS,IND,0.0012360844975058106
2025-26,new,SAS,LAC,0.0035607675233382385
2025-26,new,SAS,LAL,0.04695699389942844
2025-26,new,SAS,MEM,0.08056465589816698
2025-26,new,SAS,MIA,0.032484079977377366
2025-26,new,SAS,MIL,0.0015792026372770935
2025-26,new,SAS,MIN,0.08424380438199569
2025-26,new,SAS,NOP,0.0
2025-26,new,SAS,NYK,0.048235586266164324
2025-26,new,SAS,OKC,0.2130534201454898
2025-26,new,SAS,ORL,0.0
2025-26,new,SAS,PHI,0.0705523965903262
2025-26,new,SAS,PHX,0.0
2025-26,new,SAS,POR,0.10645640774048376
2025-26,new,SAS,SAC,0.0006067352288043388
2025-26,new,SAS,TOR,0.06545848057906103
2025-26,new,SAS,UTA,0.007779364332412211
2025-26,new,SAS,WAS,0.012855603520292785
2025-26,new,TOR,ATL,0.041884698337385555
2025-26,new,TOR,BKN,0.004386260334038147
2025-26,new,TOR,BOS,0.01388833484864053
2025-26,new,TOR,CHA,0.2521431048408219
2025-26,new,TOR,CHI,0.03478223151199846
2025-26,new,TOR,CLE,0.019279094852651633
2025-26,new,TOR,DAL,0.012358709168348187
2025-26,new,TOR,DEN,0.04231509072558767
2025-26,new,TOR,DET,0.05292133662646941
2025-26,new,TOR,GSW,0.008690369777651039
2025-26,new,TOR,HOU,0.001205549589659344
2025-26,new,TOR,IND,0.001870286143626047
2025-26,new,TOR,LAC,0.003896106436842462
2025-26,new,TOR,LAL,0.04909300250041732
2025-26,new,TOR,MEM,0.23157489354031738
2025-26,new,TOR,MIA,0.14791605534306612
2025-26,new,TOR,MIL,0.001244881414960877
2025-26,new,TOR,MIN,0.07070635857753023
2025-26,new,TOR,NOP,0.0
2025-26,new,TOR,NYK,0.042356004676792125
2025-26,new,TOR,OKC,0.2402042814346868
2025-26,new,TOR,ORL,0.0
2025-26,new,TOR,PHI,0.1923833501343259
2025-26,new,TOR,PHX,0.0
2025-26,new,TOR,POR,0.05749385533859289
2025-26,new,TOR,SAC,0.001060758039995468
2025-26,new,TOR,SAS,0.1645026961602029
2025-26,new,TOR,UTA,0.010838092660234343
2025-26,new,TOR,WAS,0.00842618540930963
2025-26,new,UTA,ATL,0.09355872844185292
2025-26,new,UTA,BKN,0.015242108143030498
2025-26,new,UTA,BOS,0.008976293263539414
2025-26,new,UTA,CHA,0.06384130172642166
2025-26,new,UTA,CHI,0.014942166665882528
2025-26,new,UTA,CLE,0.0038620689806753193
2025-26,new,UTA,DAL,0.0032328614883446226
2025-26,new,UTA,DEN,0.04172353554581036
2025-26,new,UTA,DET,0.04388739259122743
2025-26,new,UTA,GSW,0.004977451046782262
2025-26,new,UTA,HOU,0.0004903017314439961
2025-26,new,UTA,IND,0.004968841179589404
2025-26,new,UTA,LAC,0.010376678055957116
2025-26,new,UTA,LAL,0.03048475466624922
2025-26,new,UTA,MEM,0.04414358855219124
2025-26,new,UTA,MIA,0.03611124259885143
2025-26,new,UTA,MIL,0.0018609914923857515
2025-26,new,UTA,MIN,0.008634967844319082
2025-26,new,UTA,NOP,0.0
2025-26,new,UTA,NYK,0.07676643294374587
2025-26,new,UTA,OKC,0.2417324134532938
2025-26,new,UTA,ORL,0.0
2025-26,new,UTA,PHI,0.11172218761846939
2025-26,new,UTA,PHX,0.0
2025-26,new,UTA,POR,0.014733087503283521
2025-26,new,UTA,SAC,0.00907246840227003
2025-26,new,UTA,SAS,0.03853906270618357
2025-26,new,UTA,TOR,0.025760964789458756
2025-26,new,UTA,WAS,0.03258270532942522
2025-26,new,WAS,ATL,0.047255657082945435
2025-26,new,WAS,BKN,0.016385303026837314
2025-26,new,WAS,BOS,0.013506465582417903
2025-26,new,WAS,CHA,0.08244410109639652
2025-26,new,WAS,CHI,0.021393493628793434
2025-26,new,WAS,CLE,0.009390086152847726
2025-26,new,WAS,DAL,0.005490331292829946
2025-26,new,WAS,DEN,0.020726351498722095
2025-26,new,WAS,DET,0.013445312668035479
2025-26,new,WAS,GSW,0.004919772884423864
2025-26,new,WAS,HOU,7.327586316086095e-05
2025-26,new,WAS,IND,0.007809309948757901
2025-26,new,WAS,LAC,0.028752940777939055
2025-26,new,WAS,LAL,0.020980059380151805
2025-26,new,WAS,MEM,0.11094315721603226
2025-26,new,WAS,MIA,0.055004393087883074
2025-26,new,WAS,MIL,0.012012661827130018
2025-26,new,WAS,MIN,0.02246282352325266
2025-26,new,WAS,NOP,0.0
2025-26,new,WAS,NYK,0.3404782757546441
2025-26,new,WAS,OKC,0.09608519029450954
2025-26,new,WAS,ORL,0.0
2025-26,new,WAS,PHI,0.0936424250638959
2025-26,new,WAS,PHX,0.0
2025-26,new,WAS,POR,0.0025958896866689653
2025-26,new,WAS,SAC,0.018893487057562927
2025-26,new,WAS,SAS,0.0960000002117635
2025-26,new,WAS,TOR,0.04169367654932105
2025-26,new,WAS,UTA,0.06374730703591545
2025-26,old,ATL,BKN,0.005174196641222156
2025-26,old,ATL,BOS,0.001974137965268616
2025-26,old,ATL,CHA,0.19008953344182397
2025-26,old,ATL,CHI,0.04674628469732404
2025-26,old,ATL,CLE,0.0027618534309018783
2025-26,old,ATL,DAL,0.0066479655151895
2025-26,old,ATL,DEN,0.04827723303835288
2025-26,old,ATL,DET,0.023039601348252198
2025-26,old,ATL,GSW,0.01814908383819312
2025-26,old,ATL,HOU,2.2359914126292132e-05
2025-26,old,ATL,IND,0.01368975954597891
2025-26,old,ATL,LAC,0.00798268538285999
2025-26,old,ATL,LAL,0.053569587494203506
2025-26,old,ATL,MEM,0.09088442864137346
2025-26,old,ATL,MIA,0.08335722988332268
2025-26,old,ATL,MIL,0.025911637701070068
2025-26,old,ATL,MIN,0.0276101836441727
2025-26,old,ATL,NOP,0.0
2025-26,old,ATL,NYK,0.04013407755059778
2025-26,old,ATL,OKC,0.19793333429319607
2025-26,old,ATL,ORL,0.0
2025-26,old,ATL,PHI,0.09036134330777189
2025-26,old,ATL,PHX,0.0
2025-26,old,ATL,POR,0.03137825916691133
2025-26,old,ATL,SAC,0.006390168752303194
2025-26,old,ATL,SAS,0.8308116947652586
2025-26,old,ATL,TOR,0.13108908422331414
2025-26,old,ATL,UTA,0.03348706894463875
2025-26,old,ATL,WAS,0.005366648543136321
2025-26,old,BKN,ATL,0.07745501139393911
2025-26,old,BKN,BOS,0.0212931037438905
2025-26,old,BKN,CHA,0.06417299357571174
2025-26,old,BKN,CHI,0.0779711238528228
2025-26,old,BKN,CLE,0.025473060350351295
2025-26,old,BKN,DAL,0.026329869229890418
2025-26,old,BKN,DEN,0.018087803031490143
2025-26,old,BKN,DET,0.01857623953199624
2025-26,old,BKN,GSW,0.020571853441573917
2025-26,old,BKN,HOU,0.0
2025-26,old,BKN,IND,0.03441410808236117
2025-26,old,BKN,LAC,0.02358901513203692
2025-26,old,BKN,LAL,0.014096399022683838
2025-26,old,BKN,MEM,0.03798302804976943
2025-26,old,BKN,MIA,0.01771122293517637
2025-26,old,BKN,MIL,0.01021309238844471
2025-26,old,BKN,MIN,0.0286945044312321
2025-26,old,BKN,NOP,0.0
2025-26,old,BKN,NYK,0.02326241835643309
2025-26,old,BKN,OKC,0.10886856969861379
2025-26,old,BKN,ORL,0.0
2025-26,old,BKN,PHI,0.028867168073466794
2025-26,old,BKN,PHX,0.0
2025-26,old,BKN,POR,0.018461808025195266
2025-26,old,BKN,SAC,0.04241219690369294
2025-26,old,BKN,SAS,0.10314897617509844
2025-26,old,BKN,TOR,0.026537005921201003
2025-26,old,BKN,UTA,0.06376885834457112
2025-26,old,BKN,WAS,0.028808458681190214
2025-26,old,BOS,ATL,0.09788793140514515
2025-26,old,BOS,BKN,0.0014209384874682104
2025-26,old,BOS,CHA,0.13790964110744475
2025-26,old,BOS,CHI,0.03383172941596111
2025-26,old,BOS,CLE,0.03257004318493901
2025-26,old,BOS,DAL,0.02584849316978555
2025-26,old,BOS,DEN,0.04635208249634054
2025-26,old,BOS,DET,0.05823383671839738
2025-26,old,BOS,GSW,0.012913613082385917
2025-26,old,BOS,HOU,0.00011745689882383008
2025-26,old,BOS,IND,0.0026734563855041926
2025-26,old,BOS,LAC,0.00164844353531672
2025-26,old,BOS,LAL,0.07587382367690086
2025-26,old,BOS,MEM,0.0923863146139975
2025-26,old,BOS,MIA,0.046751426927508624
2025-26,old,BOS,MIL,0.008319504433452021
2025-26,old,BOS,MIN,0.044902209476306895
2025-26,old,BOS,NOP,0.0
2025-26,old,BOS,NYK,0.07898947951946184
2025-26,old,BOS,OKC,0.13872835884515627
2025-26,old,BOS,ORL,0.0
2025-26,old,BOS,PHI,0.054054025699930286
2025-26,old,BOS,PHX,0.0
2025-26,old,BOS,POR,0.04291520058364253
2025-26,old,BOS,SAC,0.0025312416777781396
2025-26,old,BOS,SAS,0.11194369743648386
2025-26,old,BOS,TOR,0.07019382459643102
2025-26,old,BOS,UTA,0.010961476365096286
2025-26,old,BOS,WAS,0.002325969766403935
2025-26,old,CHA,ATL,0.04548572210679313
2025-26,old,CHA,BKN,0.00742705513793486
2025-26,old,CHA,BOS,0.013053879462712416
2025-26,old,CHA,CHI,0.06296293360997013
2025-26,old,CHA,CLE,0.011157327606021585
2025-26,old,CHA,DAL,0.010901998892032489
2025-26,old,CHA,DEN,0.036420804860414116
2025-26,old,CHA,DET,0.02163281260112478
2025-26,old,CHA,GSW,0.03367501118122516
2025-26,old,CHA,HOU,8.02801736100609e-05
2025-26,old,CHA,IND,0.0073361951625123805
2025-26,old,CHA,LAC,0.014241917486151223
2025-26,old,CHA,LAL,0.040860932619469804
2025-26,old,CHA,MEM,0.16288523726984214
2025-26,old,CHA,MIA,0.10424796606797164
2025-26,old,CHA,MIL,0.04053475219320811
2025-26,old,CHA,MIN,0.018715248061946174
2025-26,old,CHA,NOP,0.0
2025-26,old,CHA,NYK,0.02609068563954435
2025-26,old,CHA,OKC,0.17823870149431983
2025-26,old,CHA,ORL,0.0
2025-26,old,CHA,PHI,0.05946933120834733
2025-26,old,CHA,PHX,0.0
2025-26,old,CHA,POR,0.04509926209911983
2025-26,old,CHA,SAC,0.005900640915412056
2025-26,old,CHA,SAS,0.09236880309976123
2025-26,old,CHA,TOR,0.057034714580287166
2025-26,old,CHA,UTA,0.024424030189783758
2025-26,old,CHA,WAS,0.008356681316970552
2025-26,old,CHI,ATL,0.08513658444549696
2025-26,old,CHI,BKN,0.003361674273814273
2025-26,old,CHI,BOS,0.010497845009948803
2025-26,old,CHI,CHA,0.08290020205587363
2025-26,old,CHI,CLE,0.017964439669078028
2025-26,old,CHI,DAL,0.041650865996032425
2025-26,old,CHI,DEN,0.03676015759238704
2025-26,old,CHI,DET,0.02714116391207991
2025-26,old,CHI,GSW,0.01446848085817887
2025-26,old,CHI,HOU,8.135775983301473e-05
2025-26,old,CHI,IND,0.0011201097559811266
2025-26,old,CHI,LAC,0.0036782880625889232
2025-26,old,CHI,LAL,0.02441961687221613
2025-26,old,CHI,MEM,0.08290301830869103
2025-26,old,CHI,MIA,0.032998910912034336
2025-26,old,CHI,MIL,0.11889251260307679
2025-26,old,CHI,MIN,0.03493372879199813
2025-26,old,CHI,NOP,0.0
2025-26,old,CHI,NYK,0.013601393749194545
2025-26,old,CHI,OKC,0.11806402488185753
2025-26,old,CHI,ORL,0.0
2025-26,old,CHI,PHI,0.05617980330855942
2025-26,old,CHI,PHX,0.0
2025-26,old,CHI,POR,0.03642055805388911
2025-26,old,CHI,SAC,0.0017386687903160692
2025-26,old,CHI,SAS,0.04497306066605359
2025-26,old,CHI,TOR,0.026638825285981743
2025-26,old,CHI,UTA,0.014507812765740053
2025-26,old,CHI,WAS,0.005177263055309841
2025-26,old,CLE,ATL,0.699375539248757
2025-26,old,CLE,BKN,0.0040248341704252726
2025-26,old,CLE,BOS,0.05122198350197669
2025-26,old,CLE,CHA,0.08039552249083012
2025-26,old,CLE,CHI,0.015634852018993492
2025-26,old,CLE,DAL,0.030499716962320907
2025-26,old,CLE,DEN,0.13527398308887165
2025-26,old,CLE,DET,0.08147629349333925
2025-26,old,CLE,GSW,0.008341530180246515
2025-26,old,CLE,HOU,0.0
2025-26,old,CLE,IND,0.006663910914462364
2025-26,old,CLE,LAC,0.004335480719014554
2025-26,old,CLE,LAL,0.10884093943841551
2025-26,old,CLE,MEM,0.09025592675775784
2025-26,old,CLE,MIA,0.026826014335581506
2025-26,old,CLE,MIL,0.015269665633516926
2025-26,old,CLE,MIN,0.031428340744319494
2025-26,old,CLE,NOP,0.0
2025-26,old,CLE,NYK,0.12402970188505028
2025-26,old,CLE,OKC,0.0858384472955976
2025-26,old,CLE,ORL,0.0
2025-26,old,CLE,PHI,0.14990365740390946
2025-26,old,CLE,PHX,0.0
2025-26,old,CLE,POR,0.012846172775643885
2025-26,old,CLE,SAC,0.005064189351991433
2025-26,old,CLE,SAS,0.09356492630226118
2025-26,old,CLE,TOR,0.05862912065021869
2025-26,old,CLE,UTA,0.021979526015026653
2025-26,old,CLE,WAS,0.005088631180094971
2025-26,old,DAL,ATL,0.14660560460351735
2025-26,old,DAL,BKN,0.00655839444454828
2025-26,old,DAL,BOS,0.011977370906829963
2025-26,old,DAL,CHA,0.04550408781029685
2025-26,old,DAL,CHI,0.13126621089429735
2025-26,old,DAL,CLE,0.004685344842005649
2025-26,old,DAL,DEN,0.03166692568956601
2025-26,old,DAL,DET,0.043981950847303546
2025-26,old,DAL,GSW,0.019557613762040345
2025-26,old,DAL,HOU,2.2359914126292132e-05
2025-26,old,DAL,IND,0.008006662887439894
2025-26,old,DAL,LAC,0.016037189111285828
2025-26,old,DAL,LAL,0.022833198581353274
2025-26,old,DAL,MEM,0.16377801760204208
2025-26,old,DAL,MIA,0.04849525323542688
2025-26,old,DAL,MIL,0.02894989241504688
2025-26,old,DAL,MIN,0.00897817893260849
2025-26,old,DAL,NOP,0.0
2025-26,old,DAL,NYK,0.03702076936468228
2025-26,old,DAL,OKC,0.15816395056375235
2025-26,old,DAL,ORL,0.0
2025-26,old,DAL,PHI,0.04223940172673617
2025-26,old,DAL,PHX,0.0
2025-26,old,DAL,POR,0.11000443864908176
2025-26,old,DAL,SAC,0.005614439542407178
2025-26,old,DAL,SAS,0.0857642774653404
2025-26,old,DAL,TOR,0.0242750720215159
2025-26,old,DAL,UTA,0.09399272681402587
2025-26,old,DAL,WAS,0.0076891165329665305
2025-26,old,DEN,ATL,0.10917753233038419
2025-26,old,DEN,BKN,0.0030307727520303917
2025-26,old,DEN,BOS,0.023818965917774312
2025-26,old,DEN,CHA,0.05651796003600319
2025-26,old,DEN,CHI,0.10821062620440645
2025-26,old,DEN,CLE,0.02397198281861071
2025-26,old,DEN,DAL,0.039746575694484
2025-26,old,DEN,DET,0.09041756473030044
2025-26,old,DEN,GSW,0.01534723574316087
2025-26,old,DEN,HOU,0.0002036637961382753
2025-26,old,DEN,IND,0.003375863277716729
2025-26,old,DEN,LAC,0.0021417694747640384
2025-26,old,DEN,LAL,0.1167472775235956
2025-26,old,DEN,MEM,0.038526670596249216
2025-26,old,DEN,MIA,0.029991082122663843
2025-26,old,DEN,MIL,0.006956896691739656
2025-26,old,DEN,MIN,0.019751886027656363
2025-26,old,DEN,NOP,0.0
2025-26,old,DEN,NYK,0.11407181438777159
2025-26,old,DEN,OKC,0.12244109541433447
2025-26,old,DEN,ORL,0.0
2025-26,old,DEN,PHI,0.14537402302664376
2025-26,old,DEN,PHX,0.0
2025-26,old,DEN,POR,0.04321351645339752
2025-26,old,DEN,SAC,0.006666024651228118
2025-26,old,DEN,SAS,0.022942618672105744
2025-26,old,DEN,TOR,0.02990519610075964
2025-26,old,DEN,UTA,0.008193965634463582
2025-26,old,DEN,WAS,0.0034434267424914094
2025-26,old,DET,ATL,0.0813830825461452
2025-26,old,DET,BKN,0.0052455612779464455
2025-26,old,DET,BOS,0.040425646992898065
2025-26,old,DET,CHA,0.05790074834198943
2025-26,old,DET,CHI,0.02302859823094138
2025-26,old,DET,CLE,0.0788890085466495
2025-26,old,DET,DAL,0.05318121755398626
2025-26,old,DET,DEN,0.029542555142419817
2025-26,old,DET,GSW,0.006657616596991521
2025-26,old,DET,HOU,2.1282327903338292e-05
2025-26,old,DET,IND,0.0038335683511885855
2025-26,old,DET,LAC,0.006211713354212238
2025-26,old,DET,LAL,0.016279652217764444
2025-26,old,DET,MEM,0.09667456834123406
2025-26,old,DET,MIA,0.0415039272892175
2025-26,old,DET,MIL,0.00731492459348499
2025-26,old,DET,MIN,0.1658739230287229
2025-26,old,DET,NOP,0.0
2025-26,old,DET,NYK,0.029056486641725783
2025-26,old,DET,OKC,0.12645876734857184
2025-26,old,DET,ORL,0.0
2025-26,old,DET,PHI,0.040667263339283
2025-26,old,DET,PHX,0.0
2025-26,old,DET,POR,0.019957959897693427
2025-26,old,DET,SAC,0.004106850875384465
2025-26,old,DET,SAS,0.07700457887784254
2025-26,old,DET,TOR,0.048420706038468354
2025-26,old,DET,UTA,0.013445581930553027
2025-26,old,DET,WAS,0.002751616307771122
2025-26,old,GSW,ATL,0.10133674590904587
2025-26,old,GSW,BKN,0.010011234082685542
2025-26,old,GSW,BOS,0.014390086446535486
2025-26,old,GSW,CHA,0.04923099419527478
2025-26,old,GSW,CHI,0.20237339878281774
2025-26,old,GSW,CLE,0.013854525879764094
2025-26,old,GSW,DAL,0.01832459754898174
2025-26,old,GSW,DEN,0.04891160737494473
2025-26,old,GSW,DET,0.047486260985786996
2025-26,old,GSW,HOU,0.00017941810612181393
2025-26,old,GSW,IND,0.008638883515040248
2025-26,old,GSW,LAC,0.007294275789479441
2025-26,old,GSW,LAL,0.03264410057559109
2025-26,old,GSW,MEM,0.03547952588914557
2025-26,old,GSW,MIA,0.035671385615964495
2025-26,old,GSW,MIL,0.01189466583387975
2025-26,old,GSW,MIN,0.026229795362571542
2025-26,old,GSW,NOP,0.0
2025-26,old,GSW,NYK,0.051761152934807264
2025-26,old,GSW,OKC,0.15874691414656997
2025-26,old,GSW,ORL,0.0
2025-26,old,GSW,PHI,0.10408716784828212
2025-26,old,GSW,PHX,0.0
2025-26,old,GSW,POR,0.31859642648040254
2025-26,old,GSW,SAC,0.006678262008556978
2025-26,old,GSW,SAS,0.06323383657645096
2025-26,old,GSW,TOR,0.01579404291747517
2025-26,old,GSW,UTA,0.03345770494986309
2025-26,old,GSW,WAS,0.005409213207754433
2025-26,old,HOU,ATL,0.15079714566487257
2025-26,old,HOU,BKN,0.004775230913987351
2025-26,old,HOU,BOS,0.04259482821698526
2025-26,old,HOU,CHA,0.0902538059712893
2025-26,old,HOU,CHI,0.047818953939127065
2025-26,old,HOU,CLE,0.014294181162619901
2025-26,old,HOU,DAL,0.028913649292549862
2025-26,old,HOU,DEN,0.12129257591736431
2025-26,old,HOU,DET,0.11559348161432671
2025-26,old,HOU,GSW,0.01324201141459002
2025-26,old,HOU,IND,0.009021930499676275
2025-26,old,HOU,LAC,0.004881038302726845
2025-26,old,HOU,LAL,0.08679913854212266
2025-26,old,HOU,MEM,0.07837607815725216
2025-26,old,HOU,MIA,0.03452006864846749
2025-26,old,HOU,MIL,0.022271282315005324
2025-26,old,HOU,MIN,0.024033944328548388
2025-26,old,HOU,NOP,0.0
2025-26,old,HOU,NYK,0.1011892917894516
2025-26,old,HOU,OKC,0.1418086657673993
2025-26,old,HOU,ORL,0.0
2025-26,old,HOU,PHI,0.8024187850588651
2025-26,old,HOU,PHX,0.0
2025-26,old,HOU,POR,0.02181710541634908
2025-26,old,HOU,SAC,0.0059254131305155906
2025-26,old,HOU,SAS,0.08492133614928302
2025-26,old,HOU,TOR,0.05324661940458599
2025-26,old,HOU,UTA,0.01138631468405947
2025-26,old,HOU,WAS,0.004414870831994983
2025-26,old,IND,ATL,0.05911395511957254
2025-26,old,IND,BKN,0.028439571406082644
2025-26,old,IND,BOS,0.014142241600563685
2025-26,old,IND,CHA,0.08735232620896557
2025-26,old,IND,CHI,0.0977396781259231
2025-26,old,IND,CLE,0.006373922451768585
2025-26,old,IND,DAL,0.00805148075487321
2025-26,old,IND,DEN,0.02990264671193374
2025-26,old,IND,DET,0.023354795543408698
2025-26,old,IND,GSW,0.024936979685637455
2025-26,old,IND,HOU,5.30711214804765e-05
2025-26,old,IND,LAC,0.09054482761461165
2025-26,old,IND,LAL,0.01787447302703324
2025-26,old,IND,MEM,0.08870474143021996
2025-26,old,IND,MIA,0.03896465321809885
2025-26,old,IND,MIL,0.016035560027310814
2025-26,old,IND,MIN,0.01966783424235222
2025-26,old,IND,NOP,0.0
2025-26,old,IND,NYK,0.026413468975050352
2025-26,old,IND,OKC,0.16069805852734823
2025-26,old,IND,ORL,0.0
2025-26,old,IND,PHI,0.03303754359656017
2025-26,old,IND,PHX,0.0
2025-26,old,IND,POR,0.06802544825675447
2025-26,old,IND,SAC,0.022519059777437275
2025-26,old,IND,SAS,0.03721093782209711
2025-26,old,IND,TOR,0.028139162949927576
2025-26,old,IND,UTA,0.030906788854004708
2025-26,old,IND,WAS,0.029997306504078048
2025-26,old,LAC,ATL,0.05850134720235005
2025-26,old,LAC,BKN,0.005473848936742122
2025-26,old,LAC,BOS,0.011239224306050817
2025-26,old,LAC,CHA,0.08902597099458928
2025-26,old,LAC,CHI,0.8238323246316972
2025-26,old,LAC,CLE,0.021230603498487
2025-26,old,LAC,DAL,0.022387972640806893
2025-26,old,LAC,DEN,0.014981263005050512
2025-26,old,LAC,DET,0.029375808285870424
2025-26,old,LAC,GSW,0.07637063671603442
2025-26,old,LAC,HOU,0.00020016164091367535
2025-26,old,LAC,IND,0.0031336652374826463
2025-26,old,LAC,LAL,0.018062178523136754
2025-26,old,LAC,MEM,0.0909278024607017
2025-26,old,LAC,MIA,0.06541537701121655
2025-26,old,LAC,MIL,0.02019234961201838
2025-26,old,LAC,MIN,0.01875242468977251
2025-26,old,LAC,NOP,0.0
2025-26,old,LAC,NYK,0.01522371016679863
2025-26,old,LAC,OKC,0.7050714834660227
2025-26,old,LAC,ORL,0.0
2025-26,old,LAC,PHI,0.023982273045893832
2025-26,old,LAC,PHX,0.0
2025-26,old,LAC,POR,0.7099165127988046
2025-26,old,LAC,SAC,0.002880012293860397
2025-26,old,LAC,SAS,0.040107488417817326
2025-26,old,LAC,TOR,0.028508705622609123
2025-26,old,LAC,UTA,0.027105334129441393
2025-26,old,LAC,WAS,0.006047683440084597
2025-26,old,LAL,ATL,0.15606815828247284
2025-26,old,LAL,BKN,0.005604931536278516
2025-26,old,LAL,BOS,0.05003556060974069
2025-26,old,LAL,CHA,0.08963709887797001
2025-26,old,LAL,CHI,0.02778868614722554
2025-26,old,LAL,CLE,0.012098060381068879
2025-26,old,LAL,DAL,0.011037850143246998
2025-26,old,LAL,DEN,0.11635792855425717
2025-26,old,LAL,DET,0.06216163801695703
2025-26,old,LAL,GSW,0.01327185064223777
2025-26,old,LAL,HOU,0.00013281250197906048
2025-26,old,LAL,IND,0.004177364477730826
2025-26,old,LAL,LAC,0.009678164940616966
2025-26,old,LAL,MEM,0.10016029153954531
2025-26,old,LAL,MIA,0.02464205822540855
2025-26,old,LAL,MIL,0.009577316747163424
2025-26,old,LAL,MIN,0.030715248212679926
2025-26,old,LAL,NOP,0.0
2025-26,old,LAL,NYK,0.11145622246943036
2025-26,old,LAL,OKC,0.08391605164163281
2025-26,old,LAL,ORL,0.0
2025-26,old,LAL,PHI,0.16362875024270548
2025-26,old,LAL,PHX,0.0
2025-26,old,LAL,POR,0.03714768678262116
2025-26,old,LAL,SAC,0.015340638100365213
2025-26,old,LAL,SAS,0.02552235985253054
2025-26,old,LAL,TOR,0.03525356237986373
2025-26,old,LAL,UTA,0.009913523907468105
2025-26,old,LAL,WAS,0.008000808121568262
2025-26,old,MEM,ATL,0.11541945024688555
2025-26,old,MEM,BKN,0.00735993260063907
2025-26,old,MEM,BOS,0.0053028017871788345
2025-26,old,MEM,CHA,0.06978943445440278
2025-26,old,MEM,CHI,0.07393280944476796
2025-26,old,MEM,CLE,0.010770474099232975
2025-26,old,MEM,DAL,0.10559855567057447
2025-26,old,MEM,DEN,0.029075192146529663
2025-26,old,MEM,DET,0.03374703665111407
2025-26,old,MEM,GSW,0.017785247247300594
2025-26,old,MEM,HOU,5.1724138701784204e-05
2025-26,old,MEM,IND,0.008438119857917278
2025-26,old,MEM,LAC,0.010738485782507808
2025-26,old,MEM,LAL,0.04184381707303552
2025-26,old,MEM,MIA,0.02865619035784817
2025-26,old,MEM,MIL,0.03412446215831079
2025-26,old,MEM,MIN,0.018785291021260246
2025-26,old,MEM,NOP,0.0
2025-26,old,MEM,NYK,0.034813039625334434
2025-26,old,MEM,OKC,0.159102358527586
2025-26,old,MEM,ORL,0.0
2025-26,old,MEM,PHI,0.08734558707904685
2025-26,old,MEM,PHX,0.0
2025-26,old,MEM,POR,0.03641783895388887
2025-26,old,MEM,SAC,0.01171165456298393
2025-26,old,MEM,SAS,0.07675107710430767
2025-26,old,MEM,TOR,0.02622474298452684
2025-26,old,MEM,UTA,0.05116702635933099
2025-26,old,MEM,WAS,0.006481411452726299
2025-26,old,MIA,ATL,0.08071578661288971
2025-26,old,MIA,BKN,0.0037888260263320723
2025-26,old,MIA,BOS,0.014837284725769584
2025-26,old,MIA,CHA,0.18021778593186585
2025-26,old,MIA,CHI,0.021108377587937443
2025-26,old,MIA,CLE,0.01083189662353232
2025-26,old,MIA,DAL,0.007705459585016673
2025-26,old,MIA,DEN,0.033638553794909695
2025-26,old,MIA,DET,0.04172898727989001
2025-26,old,MIA,GSW,0.02118110372107573
2025-26,old,MIA,HOU,4.364224202963042e-05
2025-26,old,MIA,IND,0.004396906219889892
2025-26,old,MIA,LAC,0.004855170347473423
2025-26,old,MIA,LAL,0.030163662598727773
2025-26,old,MIA,MEM,0.13032569971429347
2025-26,old,MIA,MIL,0.00938900828656564
2025-26,old,MIA,MIN,0.042472791472441866
2025-26,old,MIA,NOP,0.0
2025-26,old,MIA,NYK,0.028910032239232285
2025-26,old,MIA,OKC,0.2235109135622146
2025-26,old,MIA,ORL,0.0
2025-26,old,MIA,PHI,0.07050527019304384
2025-26,old,MIA,PHX,0.0
2025-26,old,MIA,POR,0.036131706925275404
2025-26,old,MIA,SAC,0.004472777534301156
2025-26,old,MIA,SAS,0.14547413852172178
2025-26,old,MIA,TOR,0.08883979727912589
2025-26,old,MIA,UTA,0.009022090570611778
2025-26,old,MIA,WAS,0.005543103632978803
2025-26,old,MIL,ATL,0.13383001089270694
2025-26,old,MIL,BKN,0.004454966045388181
2025-26,old,MIL,BOS,0.008979526024376011
2025-26,old,MIL,CHA,0.116624395377462
2025-26,old,MIL,CHI,0.22778370665920739
2025-26,old,MIL,CLE,0.008078663798273891
2025-26,old,MIL,DAL,0.015979506523911616
2025-26,old,MIL,DEN,0.03350852328632121
2025-26,old,MIL,DET,0.033467672693619416
2025-26,old,MIL,GSW,0.02230498735889979
2025-26,old,MIL,HOU,5.9536638818199525e-05
2025-26,old,MIL,IND,0.006929096518138932
2025-26,old,MIL,LAC,0.007373725175343854
2025-26,old,MIL,LAL,0.026475987288211444
2025-26,old,MIL,MEM,0.10132111973462403
2025-26,old,MIL,MIA,0.04029072602350408
2025-26,old,MIL,MIN,0.03204067927572459
2025-26,old,MIL,NOP,0.0
2025-26,old,MIL,NYK,0.022464522109692305
2025-26,old,MIL,OKC,0.15282701134835494
2025-26,old,MIL,ORL,0.0
2025-26,old,MIL,PHI,0.05546901290334521
2025-26,old,MIL,PHX,0.0
2025-26,old,MIL,POR,0.08902023031317607
2025-26,old,MIL,SAC,0.010100183949000833
2025-26,old,MIL,SAS,0.11397737045959042
2025-26,old,MIL,TOR,0.03934769521981602
2025-26,old,MIL,UTA,0.010928610104421184
2025-26,old,MIL,WAS,0.0057068965307252185
2025-26,old,MIN,ATL,0.08581384753667878
2025-26,old,MIN,BKN,0.0033724715750517386
2025-26,old,MIN,BOS,0.019627155422891392
2025-26,old,MIN,CHA,0.06967676465391263
2025-26,old,MIN,CHI,0.0962790025392232
2025-26,old,MIN,CLE,0.00603771553439056
2025-26,old,MIN,DAL,0.015754047976831387
2025-26,old,MIN,DEN,0.09711118063732915
2025-26,old,MIN,DET,0.24349245786753182
2025-26,old,MIN,GSW,0.02195702331987863
2025-26,old,MIN,HOU,0.00012823276053150666
2025-26,old,MIN,IND,0.0024791292051346754
2025-26,old,MIN,LAC,0.0017834909517534764
2025-26,old,MIN,LAL,0.07299654619813233
2025-26,old,MIN,MEM,0.10855630487605028
2025-26,old,MIN,MIA,0.04142771222488196
2025-26,old,MIN,MIL,0.01062742467770947
2025-26,old,MIN,NOP,0.0
2025-26,old,MIN,NYK,0.06625977302713273
2025-26,old,MIN,OKC,0.18465625324962812
2025-26,old,MIN,ORL,0.0
2025-26,old,MIN,PHI,0.149601438110898
2025-26,old,MIN,PHX,0.0
2025-26,old,MIN,POR,0.045059586243962245
2025-26,old,MIN,SAC,0.002652117363332814
2025-26,old,MIN,SAS,0.036987338099841456
2025-26,old,MIN,TOR,0.054969862513261386
2025-26,old,MIN,UTA,0.011491918118754888
2025-26,old,MIN,WAS,0.003640085908981713
2025-26,old,NOP,ATL,0.24540139938857225
2025-26,old,NOP,BKN,0.012334978779088769
2025-26,old,NOP,BOS,0.011684267315933288
2025-26,old,NOP,CHA,0.07498679019454563
2025-26,old,NOP,CHI,0.12019113617914562
2025-26,old,NOP,CLE,0.0011163793044196891
2025-26,old,NOP,DAL,0.07597394283721168
2025-26,old,NOP,DEN,0.028784447659122372
2025-26,old,NOP,DET,0.023367188071996652
2025-26,old,NOP,GSW,0.022104957512827036
2025-26,old,NOP,HOU,0.00012230603630526056
2025-26,old,NOP,IND,0.02218509047022677
2025-26,old,NOP,LAC,0.01268576568248436
2025-26,old,NOP,LAL,0.025435465477221048
2025-26,old,NOP,MEM,0.12020447192819998
2025-26,old,NOP,MIA,0.05020161918692227
2025-26,old,NOP,MIL,0.043815732884244854
2025-26,old,NOP,MIN,0.019705549786650126
2025-26,old,NOP,NYK,0.02266506040589318
2025-26,old,NOP,OKC,0.19850274432789886
2025-26,old,NOP,ORL,0.0
2025-26,old,NOP,PHI,0.07337512838685169
2025-26,old,NOP,PHX,0.0
2025-26,old,NOP,POR,0.09931513787471798
2025-26,old,NOP,SAC,0.011771029734526765
2025-26,old,NOP,SAS,0.0303725756261024
2025-26,old,NOP,TOR,0.019048770827791436
2025-26,old,NOP,UTA,0.06186772672401276
2025-26,old,NOP,WAS,0.012101832116203352
2025-26,old,NYK,ATL,0.1466233843942534
2025-26,old,NYK,BKN,0.004088812985435204
2025-26,old,NYK,BOS,0.06998922470483353
2025-26,old,NYK,CHA,0.04037548398590993
2025-26,old,NYK,CHI,0.020576559842154077
2025-26,old,NYK,CLE,0.022671336259146965
2025-26,old,NYK,DAL,0.032035836805119976
2025-26,old,NYK,DEN,0.12180340824269195
2025-26,old,NYK,DET,0.06374515107947257
2025-26,old,NYK,GSW,0.009074434627854474
2025-26,old,NYK,HOU,4.337284547389196e-05
2025-26,old,NYK,IND,0.0006991187446459781
2025-26,old,NYK,LAC,0.0027579885483416814
2025-26,old,NYK,LAL,0.1347741820595884
2025-26,old,NYK,MEM,0.03244288817373232
2025-26,old,NYK,MIA,0.02798258668192076
2025-26,old,NYK,MIL,0.01195070078963783
2025-26,old,NYK,MIN,0.027856681235455743
2025-26,old,NYK,NOP,0.0
2025-26,old,NYK,OKC,0.08259606839542022
2025-26,old,NYK,ORL,0.0
2025-26,old,NYK,PHI,0.1587514167210286
2025-26,old,NYK,PHX,0.0
2025-26,old,NYK,POR,0.03282786437066662
2025-26,old,NYK,SAC,0.005343956994505613
2025-26,old,NYK,SAS,0.049495419940513805
2025-26,old,NYK,TOR,0.02587094410415373
2025-26,old,NYK,UTA,0.00535856690709399
2025-26,old,NYK,WAS,0.004264278218475296
2025-26,old,OKC,ATL,0.08388496806853098
2025-26,old,OKC,BKN,0.0021321680988116475
2025-26,old,OKC,BOS,0.02551077607111877
2025-26,old,OKC,CHA,0.05647559354544827
2025-26,old,OKC,CHI,0.07623298700264171
2025-26,old,OKC,CLE,0.07619288793596408
2025-26,old,OKC,DAL,0.13659395748012573
2025-26,old,OKC,DEN,0.03814179226104499
2025-26,old,OKC,DET,0.03242106728669223
2025-26,old,OKC,GSW,0.003213679192593837
2025-26,old,OKC,HOU,2.9364224575492072e-05
2025-26,old,OKC,IND,0.005856762302160327
2025-26,old,OKC,LAC,0.004504338678678477
2025-26,old,OKC,LAL,0.052207868401962745
2025-26,old,OKC,MEM,0.05469073357189009
2025-26,old,OKC,MIA,0.024540397327307655
2025-26,old,OKC,MIL,0.008151669799880093
2025-26,old,OKC,MIN,0.05274434272918433
2025-26,old,OKC,NOP,0.0
2025-26,old,OKC,NYK,0.052637615047556055
2025-26,old,OKC,ORL,0.0
2025-26,old,OKC,PHI,0.05438225212023861
2025-26,old,OKC,PHX,0.0
2025-26,old,OKC,POR,0.0962483946775286
2025-26,old,OKC,SAC,0.009063185478304423
2025-26,old,OKC,SAS,0.01660560352745835
2025-26,old,OKC,TOR,0.02351696738537617
2025-26,old,OKC,UTA,0.008734375091634917
2025-26,old,OKC,WAS,0.003928609960632205
2025-26,old,ORL,ATL,0.09918238063019716
2025-26,old,ORL,BKN,0.0053506457563990304
2025-26,old,ORL,BOS,0.01910560355288908
2025-26,old,ORL,CHA,0.24064068653798795
2025-26,old,ORL,CHI,0.027553966037966757
2025-26,old,ORL,CLE,0.00895258622789948
2025-26,old,ORL,DAL,0.014789081645246706
2025-26,old,ORL,DEN,0.03131793672097433
2025-26,old,ORL,DET,0.05921309266883703
2025-26,old,ORL,GSW,0.02686933697115864
2025-26,old,ORL,HOU,0.00016298491622176797
2025-26,old,ORL,IND,0.00469336155517225
2025-26,old,ORL,LAC,0.004265538996426455
2025-26,old,ORL,LAL,0.02282305802817898
2025-26,old,ORL,MEM,0.6940207425374455
2025-26,old,ORL,MIA,0.15836581169407155
2025-26,old,ORL,MIL,0.027237339250558722
2025-26,old,ORL,MIN,0.05708620763114846
2025-26,old,ORL,NOP,0.0
2025-26,old,ORL,NYK,0.032751655705173535
2025-26,old,ORL,OKC,0.20100263491335138
2025-26,old,ORL,PHI,0.06148670068862665
2025-26,old,ORL,PHX,0.0
2025-26,old,ORL,POR,0.03885019587311761
2025-26,old,ORL,SAC,0.0032070199726628988
2025-26,old,ORL,SAS,0.15948626059573143
2025-26,old,ORL,TOR,0.11514393040097806
2025-26,old,ORL,UTA,0.012552801662221036
2025-26,old,ORL,WAS,0.004632004329067621
2025-26,old,PHI,ATL,0.07145447203403757
2025-26,old,PHI,BKN,0.010501623146392991
2025-26,old,PHI,BOS,0.01013038806167656
2025-26,old,PHI,CHA,0.20695650224739467
2025-26,old,PHI,CHI,0.03960305633283554
2025-26,old,PHI,CLE,0.021709051795046903
2025-26,old,PHI,DAL,0.017119955087590993
2025-26,old,PHI,DEN,0.028115310335574586
2025-26,old,PHI,DET,0.049760776505331866
2025-26,old,PHI,GSW,0.02766838601409239
2025-26,old,PHI,HOU,5.926724226246106e-05
2025-26,old,PHI,IND,0.007988374374634856
2025-26,old,PHI,LAC,0.015488009455325559
2025-26,old,PHI,LAL,0.031024971450222413
2025-26,old,PHI,MEM,0.11883432016113839
2025-26,old,PHI,MIA,0.11350495297296401
2025-26,old,PHI,MIL,0.01986153020569653
2025-26,old,PHI,MIN,0.0304601297331452
2025-26,old,PHI,NOP,0.0
2025-26,old,PHI,NYK,0.02907038469667262
2025-26,old,PHI,OKC,0.825754073268238
2025-26,old,PHI,ORL,0.0
2025-26,old,PHI,PHX,0.0
2025-26,old,PHI,POR,0.02306458934116951
2025-26,old,PHI,SAC,0.007345637068666982
2025-26,old,PHI,SAS,0.1862419172102216
2025-26,old,PHI,TOR,0.1653532673321979
2025-26,old,PHI,UTA,0.017006735139815456
2025-26,old,PHI,WAS,0.008391702598089286
2025-26,old,PHX,ATL,0.07722602331687713
2025-26,old,PHX,BKN,0.002924889573110454
2025-26,old,PHX,BOS,0.006280172472209509
2025-26,old,PHX,CHA,0.4301483213225186
2025-26,old,PHX,CHI,0.06525410566834215
2025-26,old,PHX,CLE,0.017792025892593863
2025-26,old,PHX,DAL,0.014800373446834362
2025-26,old,PHX,DEN,0.0699372345970843
2025-26,old,PHX,DET,0.06829714511525176
2025-26,old,PHX,GSW,0.028075033458865035
2025-26,old,PHX,HOU,0.0007271013044599637
2025-26,old,PHX,IND,0.0025788997641225616
2025-26,old,PHX,LAC,0.0012298607339940538
2025-26,old,PHX,LAL,0.05674725844369145
2025-26,old,PHX,MEM,0.31826508750063215
2025-26,old,PHX,MIA,0.06991872271848344
2025-26,old,PHX,MIL,0.019116110227909742
2025-26,old,PHX,MIN,0.0984135246455091
2025-26,old,PHX,NOP,0.0
2025-26,old,PHX,NYK,0.03677123137901333
2025-26,old,PHX,OKC,0.122272912315846
2025-26,old,PHX,ORL,0.0
2025-26,old,PHX,PHI,0.08129972141931006
2025-26,old,PHX,POR,0.05782652350659658
2025-26,old,PHX,SAC,0.004164471409727458
2025-26,old,PHX,SAS,0.058047144775668254
2025-26,old,PHX,TOR,0.0786350281146076
2025-26,old,PHX,UTA,0.008619612108470455
2025-26,old,PHX,WAS,0.008000539066410494
2025-26,old,POR,ATL,0.04315140084732838
2025-26,old,POR,BKN,0.005015482569743391
2025-26,old,POR,BOS,0.007248922544451237
2025-26,old,POR,CHA,0.07766185078053722
2025-26,old,POR,CHI,0.9606546299748109
2025-26,old,POR,CLE,0.0008825431174823436
2025-26,old,POR,DAL,0.011209170556934675
2025-26,old,POR,DEN,0.017820974056416927
2025-26,old,POR,DET,0.0491530172420457
2025-26,old,POR,GSW,0.09202736878508053
2025-26,old,POR,HOU,8.728448405926085e-05
2025-26,old,POR,IND,0.0010364284718162565
2025-26,old,POR,LAC,0.0069741183520664425
2025-26,old,POR,LAL,0.029432771225803685
2025-26,old,POR,MEM,0.035603717318916664
2025-26,old,POR,MIA,0.047418252583276754
2025-26,old,POR,MIL,0.02157650863077364
2025-26,old,POR,MIN,0.01382031261222437
2025-26,old,POR,NOP,0.0
2025-26,old,POR,NYK,0.026850687510302562
2025-26,old,POR,OKC,0.3028307354615932
2025-26,old,POR,ORL,0.0
2025-26,old,POR,PHI,0.05860551987095546
2025-26,old,POR,PHX,0.0
2025-26,old,POR,SAC,0.007802283201337086
2025-26,old,POR,SAS,0.06985802813457195
2025-26,old,POR,TOR,0.022708818144363346
2025-26,old,POR,UTA,0.02365517204932483
2025-26,old,POR,WAS,0.005261045290891817
2025-26,old,SAC,ATL,0.029985990906957187
2025-26,old,SAC,BKN,0.028860323891952214
2025-26,old,SAC,BOS,0.006204741475702232
2025-26,old,SAC,CHA,0.07017012789932243
2025-26,old,SAC,CHI,0.22100217519225218
2025-26,old,SAC,CLE,0.015920258697347138
2025-26,old,SAC,DAL,0.020940998048229992
2025-26,old,SAC,DEN,0.01210354784872182
2025-26,old,SAC,DET,0.009491379442584606
2025-26,old,SAC,GSW,0.015205583459433769
2025-26,old,SAC,HOU,2.2629310682030588e-05
2025-26,old,SAC,IND,0.021499189785134674
2025-26,old,SAC,LAC,0.010464235645854685
2025-26,old,SAC,LAL,0.00883898239375971
2025-26,old,SAC,MEM,0.10206492451473205
2025-26,old,SAC,MIA,0.05285054329487875
2025-26,old,SAC,MIL,0.010559536608393656
2025-26,old,SAC,MIN,0.01727182141284394
2025-26,old,SAC,NOP,0.0
2025-26,old,SAC,NYK,0.010418865718721526
2025-26,old,SAC,OKC,0.2026095696290473
2025-26,old,SAC,ORL,0.0
2025-26,old,SAC,PHI,0.03739807983929853
2025-26,old,SAC,PHX,0.0
2025-26,old,SAC,POR,0.07065442590930048
2025-26,old,SAC,SAS,0.07852774727920968
2025-26,old,SAC,TOR,0.03430582930495629
2025-26,old,SAC,UTA,0.09025107714074568
2025-26,old,SAC,WAS,0.015981411372957707
2025-26,old,SAS,ATL,0.05770581966978578
2025-26,old,SAS,BKN,0.0030279790800151174
2025-26,old,SAS,BOS,0.022315733040731138
2025-26,old,SAS,CHA,0.10204770040589228
2025-26,old,SAS,CHI,0.10489061961886545
2025-26,old,SAS,CLE,0.18873168124696885
2025-26,old,SAS,DAL,0.06390729212795526
2025-26,old,SAS,DEN,0.01838905508342024
2025-26,old,SAS,DET,0.027919450740647053
2025-26,old,SAS,GSW,0.017807049110043487
2025-26,old,SAS,HOU,0.000242187503608875
2025-26,old,SAS,IND,0.003589474637221778
2025-26,old,SAS,LAC,0.0027867318556553024
2025-26,old,SAS,LAL,0.04182914124279639
2025-26,old,SAS,MEM,0.060780441747147376
2025-26,old,SAS,MIA,0.03574062275586801
2025-26,old,SAS,MIL,0.010287716234933809
2025-26,old,SAS,MIN,0.07528071141179553
2025-26,old,SAS,NOP,0.0
2025-26,old,SAS,NYK,0.04168804023411003
2025-26,old,SAS,OKC,0.18876249412453183
2025-26,old,SAS,ORL,0.0
2025-26,old,SAS,PHI,0.056166141174457285
2025-26,old,SAS,PHX,0.0
2025-26,old,SAS,POR,0.09312825149361184
2025-26,old,SAS,SAC,0.001380497817019007
2025-26,old,SAS,TOR,0.04587772838892247
2025-26,old,SAS,UTA,0.007744612277079983
2025-26,old,SAS,WAS,0.004437769318726071
2025-26,old,TOR,ATL,0.05850484927694699
2025-26,old,TOR,BKN,0.005717097672255773
2025-26,old,TOR,BOS,0.013894396712040081
2025-26,old,TOR,CHA,0.21272231158351365
2025-26,old,TOR,CHI,0.04041040470368189
2025-26,old,TOR,CLE,0.019279094852651633
2025-26,old,TOR,DAL,0.026200600010158556
2025-26,old,TOR,DEN,0.040387174955982395
2025-26,old,TOR,DET,0.05597737111552651
2025-26,old,TOR,GSW,0.014411140087730638
2025-26,old,TOR,HOU,8.054957016579936e-05
2025-26,old,TOR,IND,0.005376073557647714
2025-26,old,TOR,LAC,0.003469638867934873
2025-26,old,TOR,LAL,0.04654159798390325
2025-26,old,TOR,MEM,0.12223814655767738
2025-26,old,TOR,MIA,0.07909374789431071
2025-26,old,TOR,MIL,0.012884698428900044
2025-26,old,TOR,MIN,0.06707381541603888
2025-26,old,TOR,NOP,0.0
2025-26,old,TOR,NYK,0.022738634414886147
2025-26,old,TOR,OKC,0.20532887786801352
2025-26,old,TOR,ORL,0.0
2025-26,old,TOR,PHI,0.07754116316204387
2025-26,old,TOR,PHX,0.0
2025-26,old,TOR,POR,0.05440347808195586
2025-26,old,TOR,SAC,0.003924747586146475
2025-26,old,TOR,SAS,0.12437850231662034
2025-26,old,TOR,UTA,0.023912715631364517
2025-26,old,TOR,WAS,0.0023483297568826196
2025-26,old,UTA,ATL,0.1379938042153211
2025-26,old,UTA,BKN,0.025624650638699453
2025-26,old,UTA,BOS,0.008977370849762368
2025-26,old,UTA,CHA,0.06010417616718618
2025-26,old,UTA,CHI,0.03760683924666003
2025-26,old,UTA,CLE,0.0038620689806753193
2025-26,old,UTA,DAL,0.056176212888948626
2025-26,old,UTA,DEN,0.041121477066763876
2025-26,old,UTA,DET,0.04466083016330858
2025-26,old,UTA,GSW,0.010516071680429118
2025-26,old,UTA,HOU,5.1185345590307286e-05
2025-26,old,UTA,IND,0.02583534397889889
2025-26,old,UTA,LAC,0.018370315708454116
2025-26,old,UTA,LAL,0.028414017166983285
2025-26,old,UTA,MEM,0.042895204877051334
2025-26,old,UTA,MIA,0.025352133459291562
2025-26,old,UTA,MIL,0.010693426810542183
2025-26,old,UTA,MIN,0.007149245821878892
2025-26,old,UTA,NOP,0.0
2025-26,old,UTA,NYK,0.04454229644641651
2025-26,old,UTA,OKC,0.29084901052144974
2025-26,old,UTA,ORL,0.0
2025-26,old,UTA,PHI,0.10731271140304008
2025-26,old,UTA,PHX,0.0
2025-26,old,UTA,POR,0.023161746231815734
2025-26,old,UTA,SAC,0.05805193371307173
2025-26,old,UTA,SAS,0.030684536759649276
2025-26,old,UTA,TOR,0.02261080111836965
2025-26,old,UTA,WAS,0.01514520476953576
2025-26,old,WAS,ATL,0.05549164834006786
2025-26,old,WAS,BKN,0.026307029754922603
2025-26,old,WAS,BOS,0.013507543169363433
2025-26,old,WAS,CHA,0.06815740969551781
2025-26,old,WAS,CHI,0.038244036742842935
2025-26,old,WAS,CLE,0.009390086152847726
2025-26,old,WAS,DAL,0.01680528046425266
2025-26,old,WAS,DEN,0.02089312223681773
2025-26,old,WAS,DET,0.014941541139269252
2025-26,old,WAS,GSW,0.016898928009495284
2025-26,old,WAS,HOU,2.182112101481521e-05
2025-26,old,WAS,IND,0.024755845754322048
2025-26,old,WAS,LAC,0.055911200254213894
2025-26,old,WAS,LAL,0.021804051679902132
2025-26,old,WAS,MEM,0.08235210148643718
2025-26,old,WAS,MIA,0.031090934996819388
2025-26,old,WAS,MIL,0.031223060742486267
2025-26,old,WAS,MIN,0.024672144702133914
2025-26,old,WAS,NOP,0.0
2025-26,old,WAS,NYK,0.05190983040169644
2025-26,old,WAS,OKC,0.12187151465506611
2025-26,old,WAS,ORL,0.0
2025-26,old,WAS,PHI,0.0633197096272789
2025-26,old,WAS,PHX,0.0
2025-26,old,WAS,POR,0.03073644798238568
2025-26,old,WAS,SAC,0.025859435078388
2025-26,old,WAS,SAS,0.07998976298866811
2025-26,old,WAS,TOR,0.02464223786907955
2025-26,old,WAS,UTA,0.037698814908869505
