season,rule,game_team,holder,weight
2020-21,new,ATL,BKN,0.02999380385996935
2020-21,new,ATL,BOS,0.13541443449046683
2020-21,new,ATL,CHA,0.17892067059260122
2020-21,new,ATL,CHI,0.012509417153682516
2020-21,new,ATL,CLE,0.005769241058280125
2020-21,new,ATL,DAL,0.0
2020-21,new,ATL,DEN,0.031148957217433087
2020-21,new,ATL,DET,0.003435614362463418
2020-21,new,ATL,GSW,0.02871954024510193
2020-21,new,ATL,HOU,0.26582721858773106
2020-21,new,ATL,IND,0.12931045693768048
2020-21,new,ATL,LAC,0.022409752297439963
2020-21,new,ATL,LAL,0.08333483636700857
2020-21,new,ATL,MEM,0.06007591505837087
2020-21,new,ATL,MIA,0.0
2020-21,new,ATL,MIL,3.242233236207916e-05
2020-21,new,ATL,MIN,0.007592718386011508
2020-21,new,ATL,NOP,0.024346504100338333
2020-21,new,ATL,NYK,0.2457764633623551
2020-21,new,ATL,OKC,0.0778510247971782
2020-21,new,ATL,ORL,0.008648615527011202
2020-21,new,ATL,PHI,0.015372844947389618
2020-21,new,ATL,PHX,0.012750036899193093
2020-21,new,ATL,POR,0.017942349447021742
2020-21,new,ATL,SAC,0.014277914442034842
2020-21,new,ATL,SAS,0.019246686332581517
2020-21,new,ATL,TOR,0.012572832368492791
2020-21,new,ATL,UTA,0.01134698283890712
2020-21,new,ATL,WAS,0.0076779875353356055
2020-21,new,BKN,ATL,0.0436611721595696
2020-21,new,BKN,BOS,0.02722354477908507
2020-21,new,BKN,CHA,0.04400215083286027
2020-21,new,BKN,CHI,0.008314606714341389
2020-21,new,BKN,CLE,0.001320539498062536
2020-21,new,BKN,DAL,0.0
2020-21,new,BKN,DEN,0.1498007061986297
2020-21,new,BKN,DET,0.00084671344427424
2020-21,new,BKN,GSW,0.017089339174684554
2020-21,new,BKN,HOU,0.15118686227857764
2020-21,new,BKN,IND,0.05209892010033756
2020-21,new,BKN,LAC,0.1484067891040568
2020-21,new,BKN,LAL,0.03610532647022849
2020-21,new,BKN,MEM,0.02669423767205541
2020-21,new,BKN,MIA,0.0
2020-21,new,BKN,MIL,1.621116618103958e-05
2020-21,new,BKN,MIN,0.0002708460841827689
2020-21,new,BKN,NOP,0.018270836589110714
2020-21,new,BKN,NYK,0.10360867631300795
2020-21,new,BKN,OKC,0.04047279144799867
2020-21,new,BKN,ORL,0.010959391386184807
2020-21,new,BKN,PHI,0.09836530245535462
2020-21,new,BKN,PHX,0.06444101935355163
2020-21,new,BKN,POR,0.01810910591713137
2020-21,new,BKN,SAC,0.003182771515077297
2020-21,new,BKN,SAS,0.020728064014243062
2020-21,new,BKN,TOR,0.005960719790878247
2020-21,new,BKN,UTA,0.01703375765903259
2020-21,new,BKN,WAS,0.01517492524583245
2020-21,new,BOS,ATL,0.18068823676795573
2020-21,new,BOS,BKN,0.020149515221047954
2020-21,new,BOS,CHA,0.09344880837044406
2020-21,new,BOS,CHI,0.012890710744729238
2020-21,new,BOS,CLE,0.0030282234279053752
2020-21,new,BOS,DAL,0.0
2020-21,new,BOS,DEN,0.022813040069741598
2020-21,new,BOS,DET,0.003235722250939378
2020-21,new,BOS,GSW,0.023282761713788177
2020-21,new,BOS,HOU,0.2832189059441765
2020-21,new,BOS,IND,0.13095698267917424
2020-21,new,BOS,LAC,0.023419719949396775
2020-21,new,BOS,LAL,0.052539834797094814
2020-21,new,BOS,MEM,0.058679459005765364
2020-21,new,BOS,MIA,0.0
2020-21,new,BOS,MIL,5.673908163363852e-05
2020-21,new,BOS,MIN,0.007883877936193162
2020-21,new,BOS,NOP,0.027810101608003786
2020-21,new,BOS,NYK,0.21678744763086133
2020-21,new,BOS,OKC,0.10921174831887112
2020-21,new,BOS,ORL,0.011056031453434288
2020-21,new,BOS,PHI,0.020003232860391768
2020-21,new,BOS,PHX,0.01586678615620603
2020-21,new,BOS,POR,0.04207570098936638
2020-21,new,BOS,SAC,0.00817605279930976
2020-21,new,BOS,SAS,0.018333430389594348
2020-21,new,BOS,TOR,0.013530964777950653
2020-21,new,BOS,UTA,0.007459051759736933
2020-21,new,BOS,WAS,0.013641770077402667
2020-21,new,CHA,ATL,0.10430326992033186
2020-21,new,CHA,BKN,0.034760237264523194
2020-21,new,CHA,BOS,0.12550308719392075
2020-21,new,CHA,CHI,0.01868027766920549
2020-21,new,CHA,CLE,0.006172419104011221
2020-21,new,CHA,DAL,0.0
2020-21,new,CHA,DEN,0.03384348735839013
2020-21,new,CHA,DET,0.001996228575489708
2020-21,new,CHA,GSW,0.030310969774421225
2020-21,new,CHA,HOU,0.20148111430901516
2020-21,new,CHA,IND,0.30624223162921166
2020-21,new,CHA,LAC,0.024180226566326193
2020-21,new,CHA,LAL,0.026696075782117603
2020-21,new,CHA,MEM,0.03251408434770932
2020-21,new,CHA,MIA,0.0
2020-21,new,CHA,MIL,5.673908163363852e-05
2020-21,new,CHA,MIN,0.012736536857119061
2020-21,new,CHA,NOP,0.01041057482900192
2020-21,new,CHA,NYK,0.11703428219495936
2020-21,new,CHA,OKC,0.11016568045645694
2020-21,new,CHA,ORL,0.01106605411578723
2020-21,new,CHA,PHI,0.023344827697548115
2020-21,new,CHA,PHX,0.012273703988739412
2020-21,new,CHA,POR,0.016933189894028554
2020-21,new,CHA,SAC,0.0021519707989793835
2020-21,new,CHA,SAS,0.011206855731474645
2020-21,new,CHA,TOR,0.015204345279915363
2020-21,new,CHA,UTA,0.0016982758953236043
2020-21,new,CHA,WAS,0.26920931402198245
2020-21,new,CHI,ATL,0.04686495806921163
2020-21,new,CHI,BKN,0.015848329771061206
2020-21,new,CHI,BOS,0.06246340434954258
2020-21,new,CHI,CHA,0.051351254141957806
2020-21,new,CHI,CLE,0.014576595554788834
2020-21,new,CHI,DAL,0.0
2020-21,new,CHI,DEN,0.05167628800944841
2020-21,new,CHI,DET,0.003345905279094386
2020-21,new,CHI,GSW,0.03560679478997991
2020-21,new,CHI,HOU,0.1688360229447476
2020-21,new,CHI,IND,0.06673681543723141
2020-21,new,CHI,LAC,0.041665409672904975
2020-21,new,CHI,LAL,0.02094621791444109
2020-21,new,CHI,MEM,0.03183155356896319
2020-21,new,CHI,MIA,0.0
2020-21,new,CHI,MIL,2.431674927155937e-05
2020-21,new,CHI,MIN,0.006701183420493556
2020-21,new,CHI,NOP,0.01616026591613279
2020-21,new,CHI,NYK,0.09647045033942661
2020-21,new,CHI,OKC,0.07364601427327906
2020-21,new,CHI,ORL,0.08589337091808763
2020-21,new,CHI,PHI,0.01568534497548987
2020-21,new,CHI,PHX,0.009337264675512037
2020-21,new,CHI,POR,0.025350754660100616
2020-21,new,CHI,SAC,0.0061667833855552695
2020-21,new,CHI,SAS,0.011528731785541623
2020-21,new,CHI,TOR,0.05983607066978488
2020-21,new,CHI,UTA,0.0033846983182693607
2020-21,new,CHI,WAS,0.057833189315433346
2020-21,new,CLE,ATL,0.0368138364298645
2020-21,new,CLE,BKN,0.0075369074586216864
2020-21,new,CLE,BOS,0.03569307323016776
2020-21,new,CLE,CHA,0.0520259117020626
2020-21,new,CLE,CHI,0.04447457846397685
2020-21,new,CLE,DAL,0.0
2020-21,new,CLE,DEN,0.02592130157876768
2020-21,new,CLE,DET,0.015959052615237
2020-21,new,CLE,GSW,0.029217698733842827
2020-21,new,CLE,HOU,0.10302039037127415
2020-21,new,CLE,IND,0.0905587931529721
2020-21,new,CLE,LAC,0.025044181256089364
2020-21,new,CLE,LAL,0.021972450457309105
2020-21,new,CLE,MEM,0.03574738909197903
2020-21,new,CLE,MIA,0.0
2020-21,new,CLE,MIL,8.10558309051979e-06
2020-21,new,CLE,MIN,0.031607737478384634
2020-21,new,CLE,NOP,0.030762180905451873
2020-21,new,CLE,NYK,0.08189321361226644
2020-21,new,CLE,OKC,0.06006519538721729
2020-21,new,CLE,ORL,0.035202667416454655
2020-21,new,CLE,PHI,0.00907435347189613
2020-21,new,CLE,PHX,0.007497050608084276
2020-21,new,CLE,POR,0.0168793106589924
2020-21,new,CLE,SAC,0.005335892735461443
2020-21,new,CLE,SAS,0.011755023418354008
2020-21,new,CLE,TOR,0.02624218781371476
2020-21,new,CLE,UTA,0.007835481609719612
2020-21,new,CLE,WAS,0.021881760138437862
2020-21,new,DAL,ATL,0.09331963089180231
2020-21,new,DAL,BKN,0.01739358845787075
2020-21,new,DAL,BOS,0.06868269794235214
2020-21,new,DAL,CHA,0.04802274680249805
2020-21,new,DAL,CHI,0.006077938561231726
2020-21,new,DAL,CLE,0.0022198604236208313
2020-21,new,DAL,DEN,0.04690399848247048
2020-21,new,DAL,DET,0.00396659507608876
2020-21,new,DAL,GSW,0.08450903057367622
2020-21,new,DAL,HOU,0.1740045809269891
2020-21,new,DAL,IND,0.0392266429956292
2020-21,new,DAL,LAC,0.02659375017701552
2020-21,new,DAL,LAL,0.13897109369207536
2020-21,new,DAL,MEM,0.11862485098670099
2020-21,new,DAL,MIA,0.0
2020-21,new,DAL,MIL,0.0
2020-21,new,DAL,MIN,0.016011517391359968
2020-21,new,DAL,NOP,0.061925670907878774
2020-21,new,DAL,NYK,1.141169111945443
2020-21,new,DAL,OKC,0.056478718962733106
2020-21,new,DAL,ORL,0.007563886347602849
2020-21,new,DAL,PHI,0.00864870700230501
2020-21,new,DAL,PHX,0.011116192814407786
2020-21,new,DAL,POR,0.32585964879659335
2020-21,new,DAL,SAC,0.008556557195282628
2020-21,new,DAL,SAS,0.04198061926002351
2020-21,new,DAL,TOR,0.007739451760517768
2020-21,new,DAL,UTA,0.0008107178792726761
2020-21,new,DAL,WAS,0.0006051217543534119
2020-21,new,DEN,ATL,0.04778153561159673
2020-21,new,DEN,BKN,0.14237769350907287
2020-21,new,DEN,BOS,0.03370664242704282
2020-21,new,DEN,CHA,0.028203850204763153
2020-21,new,DEN,CHI,0.010427821613456185
2020-21,new,DEN,CLE,0.0022840484058619477
2020-21,new,DEN,DAL,0.0
2020-21,new,DEN,DET,0.001820582028614871
2020-21,new,DEN,GSW,0.043067635379453004
2020-21,new,DEN,HOU,0.1997184958528318
2020-21,new,DEN,IND,0.040036193335439625
2020-21,new,DEN,LAC,0.11845177822712216
2020-21,new,DEN,LAL,0.10998931354145591
2020-21,new,DEN,MEM,0.047647970858645076
2020-21,new,DEN,MIA,0.0
2020-21,new,DEN,MIL,2.431674927155937e-05
2020-21,new,DEN,MIN,0.0017966123411114776
2020-21,new,DEN,NOP,0.08621693184985607
2020-21,new,DEN,NYK,0.13592687417459487
2020-21,new,DEN,OKC,0.03874892266786352
2020-21,new,DEN,ORL,0.006139932804538593
2020-21,new,DEN,PHI,0.07923491404753116
2020-21,new,DEN,PHX,0.0486325620077696
2020-21,new,DEN,POR,0.07095393404649604
2020-21,new,DEN,SAC,0.007633552948332955
2020-21,new,DEN,SAS,0.01904401350210386
2020-21,new,DEN,TOR,0.00183931912456052
2020-21,new,DEN,UTA,0.007317535757580934
2020-21,new,DEN,WAS,0.041797711002033534
2020-21,new,DET,ATL,0.03024579891689478
2020-21,new,DET,BKN,0.02658782318848635
2020-21,new,DET,BOS,0.03399312847583309
2020-21,new,DET,CHA,0.03438697987961495
2020-21,new,DET,CHI,0.0235006094909502
2020-21,new,DET,CLE,0.02214508496569798
2020-21,new,DET,DAL,0.0
2020-21,new,DET,DEN,0.016864013354317087
2020-21,new,DET,GSW,0.07130140458426878
2020-21,new,DET,HOU,0.08035102388775378
2020-21,new,DET,IND,0.051229835433330526
2020-21,new,DET,LAC,0.021667295171505892
2020-21,new,DET,LAL,0.03232439466443511
2020-21,new,DET,MEM,0.04001201333251759
2020-21,new,DET,MIA,0.0
2020-21,new,DET,MIL,0.0
2020-21,new,DET,MIN,0.044520324235563756
2020-21,new,DET,NOP,0.01884381768613037
2020-21,new,DET,NYK,0.1481715341567045
2020-21,new,DET,OKC,0.03274515315737768
2020-21,new,DET,ORL,0.043130204584956325
2020-21,new,DET,PHI,0.018758620771836362
2020-21,new,DET,PHX,0.017977049409392782
2020-21,new,DET,POR,0.046315194570985284
2020-21,new,DET,SAC,0.00305170830394061
2020-21,new,DET,SAS,0.009222276188696697
2020-21,new,DET,TOR,0.014525130938168608
2020-21,new,DET,UTA,0.0027823276338488625
2020-21,new,DET,WAS,0.03583136832539744
2020-21,new,GSW,ATL,0.025441356762552807
2020-21,new,GSW,BKN,0.020374191842676175
2020-21,new,GSW,BOS,0.03511832178252653
2020-21,new,GSW,CHA,0.025625075085662346
2020-21,new,GSW,CHI,0.017648015812002742
2020-21,new,GSW,CLE,0.007051623689317317
2020-21,new,GSW,DAL,0.0
2020-21,new,GSW,DEN,0.00783470682211906
2020-21,new,GSW,DET,0.005072468352475975
2020-21,new,GSW,HOU,0.16520474144807565
2020-21,new,GSW,IND,0.027680495668982192
2020-21,new,GSW,LAC,0.020104256564578656
2020-21,new,GSW,LAL,0.022530886928595645
2020-21,new,GSW,MEM,0.33445210018420246
2020-21,new,GSW,MIA,0.0
2020-21,new,GSW,MIL,0.0
2020-21,new,GSW,MIN,0.00974143060966965
2020-21,new,GSW,NOP,0.05257013211179607
2020-21,new,GSW,NYK,0.11718276193855402
2020-21,new,GSW,OKC,0.09674353497343717
2020-21,new,GSW,ORL,0.013590438067909057
2020-21,new,GSW,PHI,0.02392995698208888
2020-21,new,GSW,PHX,0.019158899727890144
2020-21,new,GSW,POR,0.16367052972105992
2020-21,new,GSW,SAC,0.02758869735488094
2020-21,new,GSW,SAS,0.08895169166103449
2020-21,new,GSW,TOR,0.012127628661606073
2020-21,new,GSW,UTA,0.010553879361872659
2020-21,new,GSW,WAS,0.0038531487470409662
2020-21,new,HOU,ATL,0.05195626777807264
2020-21,new,HOU,BKN,0.05378582989361442
2020-21,new,HOU,BOS,0.026080302014225586
2020-21,new,HOU,CHA,0.034086928159901206
2020-21,new,HOU,CHI,0.009333576254990036
2020-21,new,HOU,CLE,0.0030360037686504547
2020-21,new,HOU,DAL,0.0
2020-21,new,HOU,DEN,0.04347934575657997
2020-21,new,HOU,DET,0.007104795833603993
2020-21,new,HOU,GSW,0.024527042312418597
2020-21,new,HOU,IND,0.03507760737970298
2020-21,new,HOU,LAC,0.029744342798748505
2020-21,new,HOU,LAL,0.04723459730831753
2020-21,new,HOU,MEM,0.029661718494135434
2020-21,new,HOU,MIA,0.0
2020-21,new,HOU,MIL,8.10558309051979e-06
2020-21,new,HOU,MIN,0.0022502795307132303
2020-21,new,HOU,NOP,0.05577751245191378
2020-21,new,HOU,NYK,0.1436473531877029
2020-21,new,HOU,OKC,0.05891513976220299
2020-21,new,HOU,ORL,0.006357021548321489
2020-21,new,HOU,PHI,0.048927801698446266
2020-21,new,HOU,PHX,0.029463362239285147
2020-21,new,HOU,POR,0.054494073669775385
2020-21,new,HOU,SAC,0.008033828994127504
2020-21,new,HOU,SAS,0.01782831432528065
2020-21,new,HOU,TOR,0.0027902640938787405
2020-21,new,HOU,UTA,0.00537715519947032
2020-21,new,HOU,WAS,0.002896217152963335
2020-21,new,IND,ATL,0.08178956901958229
2020-21,new,IND,BKN,0.012818965635017554
2020-21,new,IND,BOS,0.11011084607408335
2020-21,new,IND,CHA,0.3477201567858649
2020-21,new,IND,CHI,0.04210760286448838
2020-21,new,IND,CLE,0.004441877736800083
2020-21,new,IND,DAL,0.0
2020-21,new,IND,DEN,0.023232480823579205
2020-21,new,IND,DET,0.007050377499745709
2020-21,new,IND,GSW,0.045037095950971565
2020-21,new,IND,HOU,0.1667988472802119
2020-21,new,IND,LAC,0.016516972093919193
2020-21,new,IND,LAL,0.018558080279652698
2020-21,new,IND,MEM,0.032566157257984764
2020-21,new,IND,MIA,0.0
2020-21,new,IND,MIL,3.242233236207916e-05
2020-21,new,IND,MIN,0.012497289471139084
2020-21,new,IND,NOP,0.04176253624194373
2020-21,new,IND,NYK,0.23094962016576245
2020-21,new,IND,OKC,0.09595097151111233
2020-21,new,IND,ORL,0.012931515758522864
2020-21,new,IND,PHI,0.017193965659444706
2020-21,new,IND,PHX,0.023611784326938758
2020-21,new,IND,POR,0.0741258084625889
2020-21,new,IND,SAC,0.006013732540560723
2020-21,new,IND,SAS,0.016606049826398187
2020-21,new,IND,TOR,0.03334025073634644
2020-21,new,IND,UTA,0.005497844903729855
2020-21,new,IND,WAS,0.09906490833773476
2020-21,new,LAC,ATL,0.031568303369690666
2020-21,new,LAC,BKN,0.14105738226063388
2020-21,new,LAC,BOS,0.032308066271188464
2020-21,new,LAC,CHA,0.019289216414448484
2020-21,new,LAC,CHI,0.0019016044441895214
2020-21,new,LAC,CLE,0.0017458868035082618
2020-21,new,LAC,DAL,0.0
2020-21,new,LAC,DEN,0.11163225900041716
2020-21,new,LAC,DET,0.0038184268636717303
2020-21,new,LAC,GSW,0.04192005784540444
2020-21,new,LAC,HOU,0.12726498722743568
2020-21,new,LAC,IND,0.043509235541497875
2020-21,new,LAC,LAL,0.03554780860769197
2020-21,new,LAC,MEM,0.03522629334226732
2020-21,new,LAC,MIA,0.0
2020-21,new,LAC,MIL,0.0
2020-21,new,LAC,MIN,0.002712974897282226
2020-21,new,LAC,NOP,0.03381906961726901
2020-21,new,LAC,NYK,0.1018558244245008
2020-21,new,LAC,OKC,0.016821390329559077
2020-21,new,LAC,ORL,0.01582369045737523
2020-21,new,LAC,PHI,0.10650107775606088
2020-21,new,LAC,PHX,0.07016220758757487
2020-21,new,LAC,POR,0.0713116927489293
2020-21,new,LAC,SAC,0.0023949771584386294
2020-21,new,LAC,SAS,0.007712330653758131
2020-21,new,LAC,TOR,0.0017676387243247891
2020-21,new,LAC,UTA,0.019376077749605838
2020-21,new,LAC,WAS,0.03738018276100456
2020-21,new,LAL,ATL,0.09997556763063689
2020-21,new,LAL,BKN,0.035619073313749236
2020-21,new,LAL,BOS,0.05093603095935976
2020-21,new,LAL,CHA,0.062024098020869
2020-21,new,LAL,CHI,0.01904444407136844
2020-21,new,LAL,CLE,0.001649611598044869
2020-21,new,LAL,DAL,0.0
2020-21,new,LAL,DEN,0.05769552437110649
2020-21,new,LAL,DET,0.003136045465422473
2020-21,new,LAL,GSW,0.030081633124594213
2020-21,new,LAL,HOU,0.14952613192618225
2020-21,new,LAL,IND,0.04020519123114147
2020-21,new,LAL,LAC,0.03355495710513988
2020-21,new,LAL,MEM,0.07452257817324187
2020-21,new,LAL,MIA,0.0
2020-21,new,LAL,MIL,2.431674927155937e-05
2020-21,new,LAL,MIN,0.004423819295808589
2020-21,new,LAL,NOP,0.29736342568609025
2020-21,new,LAL,NYK,0.30658542883757933
2020-21,new,LAL,OKC,0.030944773884899593
2020-21,new,LAL,ORL,0.006247729400491344
2020-21,new,LAL,PHI,0.03890409503670025
2020-21,new,LAL,PHX,0.02443528858119924
2020-21,new,LAL,POR,0.401098063557473
2020-21,new,LAL,SAC,0.0012908465984054574
2020-21,new,LAL,SAS,0.010095916700360235
2020-21,new,LAL,TOR,0.005198635673284442
2020-21,new,LAL,UTA,0.01040336955533411
2020-21,new,LAL,WAS,0.048128498816544574
2020-21,new,MEM,ATL,0.053234153520298005
2020-21,new,MEM,BKN,0.026286637973128652
2020-21,new,MEM,BOS,0.05696065748070176
2020-21,new,MEM,CHA,0.030789029433718997
2020-21,new,MEM,CHI,0.008603695920718222
2020-21,new,MEM,CLE,0.007789979578350007
2020-21,new,MEM,DAL,0.0
2020-21,new,MEM,DEN,0.018167096613003732
2020-21,new,MEM,DET,0.0027483838280173145
2020-21,new,MEM,GSW,0.33698702735966335
2020-21,new,MEM,HOU,0.24261324678079257
2020-21,new,MEM,IND,0.03446615285750564
2020-21,new,MEM,LAC,0.01248626091816575
2020-21,new,MEM,LAL,0.03490575517911566
2020-21,new,MEM,MIA,0.0
2020-21,new,MEM,MIL,8.10558309051979e-06
2020-21,new,MEM,MIN,0.011817917267464258
2020-21,new,MEM,NOP,0.08895558491064322
2020-21,new,MEM,NYK,0.19398262059650553
2020-21,new,MEM,OKC,0.04427370766789955
2020-21,new,MEM,ORL,0.01337905310192478
2020-21,new,MEM,PHI,0.021542026009651483
2020-21,new,MEM,PHX,0.01765663992075133
2020-21,new,MEM,POR,0.2218068453122998
2020-21,new,MEM,SAC,0.0296600646665432
2020-21,new,MEM,SAS,0.11132270078321631
2020-21,new,MEM,TOR,0.011761932865498533
2020-21,new,MEM,UTA,0.0018480603685120827
2020-21,new,MEM,WAS,0.006777348789196278
2020-21,new,MIA,ATL,0.1458606586289777
2020-21,new,MIA,BKN,0.018644666023881595
2020-21,new,MIA,BOS,0.16111612348915125
2020-21,new,MIA,CHA,0.13737745995216108
2020-21,new,MIA,CHI,0.005898710124370938
2020-21,new,MIA,CLE,0.0019854607424126553
2020-21,new,MIA,DAL,0.0
2020-21,new,MIA,DEN,0.022995089762093978
2020-21,new,MIA,DET,0.004206896715251537
2020-21,new,MIA,GSW,0.044345987113758055
2020-21,new,MIA,HOU,0.7250543626789948
2020-21,new,MIA,IND,0.17138626515793995
2020-21,new,MIA,LAC,0.02989331922869214
2020-21,new,MIA,LAL,0.045490019879472474
2020-21,new,MIA,MEM,0.04361122263467092
2020-21,new,MIA,MIL,7.29502478146781e-05
2020-21,new,MIA,MIN,0.003920496998092356
2020-21,new,MIA,NOP,0.02915186200286434
2020-21,new,MIA,NYK,0.23361216464816237
2020-21,new,MIA,OKC,0.5133343237944766
2020-21,new,MIA,ORL,0.012839413743938719
2020-21,new,MIA,PHI,0.013651939752383225
2020-21,new,MIA,PHX,0.016067187123985135
2020-21,new,MIA,POR,0.05650538860619518
2020-21,new,MIA,SAC,0.005586125092186115
2020-21,new,MIA,SAS,0.01882415643173333
2020-21,new,MIA,TOR,0.007563010438194651
2020-21,new,MIA,UTA,0.005460129361198251
2020-21,new,MIA,WAS,0.01680261601628184
2020-21,new,MIL,ATL,0.06017124173119226
2020-21,new,MIL,BKN,0.0986780708601923
2020-21,new,MIL,BOS,0.04933708055680496
2020-21,new,MIL,CHA,0.09489509467444815
2020-21,new,MIL,CHI,0.009562769540851399
2020-21,new,MIL,CLE,0.0039243977813966996
2020-21,new,MIL,DAL,0.0
2020-21,new,MIL,DEN,0.117636988450337
2020-21,new,MIL,DET,0.004409752549916698
2020-21,new,MIL,GSW,0.028941315141699592
2020-21,new,MIL,HOU,0.5867164665910868
2020-21,new,MIL,IND,0.0509272516303849
2020-21,new,MIL,LAC,0.08386637947425761
2020-21,new,MIL,LAL,0.058569426605046895
2020-21,new,MIL,MEM,0.027609242688105298
2020-21,new,MIL,MIA,0.0
2020-21,new,MIL,MIN,0.0039227540633071135
2020-21,new,MIL,NOP,0.024142626847532052
2020-21,new,MIL,NYK,0.14076006778188835
2020-21,new,MIL,OKC,0.04116217780035342
2020-21,new,MIL,ORL,0.005654241559694439
2020-21,new,MIL,PHI,0.06177478488325945
2020-21,new,MIL,PHX,0.04189719486892312
2020-21,new,MIL,POR,0.026118534831571037
2020-21,new,MIL,SAC,0.004332384827142556
2020-21,new,MIL,SAS,0.01055805128596795
2020-21,new,MIL,TOR,0.01251461375945992
2020-21,new,MIL,UTA,0.01195905186990597
2020-21,new,MIL,WAS,0.027268088432682573
2020-21,new,MIN,ATL,0.03337087398196202
2020-21,new,MIN,BKN,0.022760237183116767
2020-21,new,MIN,BOS,0.03913016394133561
2020-21,new,MIN,CHA,0.03009355188562574
2020-21,new,MIN,CHI,0.0060418624079992996
2020-21,new,MIN,CLE,0.010401632069981742
2020-21,new,MIN,DAL,0.0
2020-21,new,MIN,DEN,0.022066147577810755
2020-21,new,MIN,DET,0.013099139133119024
2020-21,new,MIN,GSW,0.15970256398086075
2020-21,new,MIN,HOU,0.12806602992126687
2020-21,new,MIN,IND,0.033839997725884786
2020-21,new,MIN,LAC,0.025222791056971647
2020-21,new,MIN,LAL,0.024444666634816044
2020-21,new,MIN,MEM,0.03157077420405468
2020-21,new,MIN,MIA,0.0
2020-21,new,MIN,MIL,0.0
2020-21,new,MIN,NOP,0.013329124963381282
2020-21,new,MIN,NYK,0.10781170964821982
2020-21,new,MIN,OKC,0.06277990342886587
2020-21,new,MIN,ORL,0.01695674164948961
2020-21,new,MIN,PHI,0.014556034606849323
2020-21,new,MIN,PHX,0.022477077431290283
2020-21,new,MIN,POR,0.043824084759609576
2020-21,new,MIN,SAC,0.006893478987503085
2020-21,new,MIN,SAS,0.029536695406727827
2020-21,new,MIN,TOR,0.007169419814675055
2020-21,new,MIN,UTA,0.0028214937676113608
2020-21,new,MIN,WAS,0.002546735734958498
2020-21,new,NOP,ATL,0.037918114391345785
2020-21,new,NOP,BKN,0.019279094923865696
2020-21,new,NOP,BOS,0.025074222239173053
2020-21,new,NOP,CHA,0.03911099064434312
2020-21,new,NOP,CHI,0.01100260722227992
2020-21,new,NOP,CLE,0.0034171972612019653
2020-21,new,NOP,DAL,0.0
2020-21,new,NOP,DEN,0.029687944179164212
2020-21,new,NOP,DET,0.005787176938872013
2020-21,new,NOP,GSW,0.07629007424839032
2020-21,new,NOP,HOU,0.08076111612694963
2020-21,new,NOP,IND,0.04951922477306221
2020-21,new,NOP,LAC,0.03231438588902981
2020-21,new,NOP,LAL,0.025620893497336216
2020-21,new,NOP,MEM,0.10584897653946598
2020-21,new,NOP,MIA,0.0
2020-21,new,NOP,MIL,3.242233236207916e-05
2020-21,new,NOP,MIN,0.003943067527163356
2020-21,new,NOP,NYK,0.12475230442542289
2020-21,new,NOP,OKC,0.0245975220581348
2020-21,new,NOP,ORL,0.005329347838369771
2020-21,new,NOP,PHI,0.019980603531966436
2020-21,new,NOP,PHX,0.029106038555831
2020-21,new,NOP,POR,0.13324326541278803
2020-21,new,NOP,SAC,0.03077310398896451
2020-21,new,NOP,SAS,0.09212538778508536
2020-21,new,NOP,TOR,0.004853938978674995
2020-21,new,NOP,UTA,0.006304956956220598
2020-21,new,NOP,WAS,0.03400871729981488
2020-21,new,NYK,ATL,0.17373553511254458
2020-21,new,NYK,BKN,0.023954741655034018
2020-21,new,NYK,BOS,0.14386514137529016
2020-21,new,NYK,CHA,0.09252257425601164
2020-21,new,NYK,CHI,0.020568211797302366
2020-21,new,NYK,CLE,0.0023664897679092213
2020-21,new,NYK,DAL,0.0
2020-21,new,NYK,DEN,0.02177455557079219
2020-21,new,NYK,DET,0.000724676778652416
2020-21,new,NYK,GSW,0.04599486919299459
2020-21,new,NYK,HOU,0.23491630240835268
2020-21,new,NYK,IND,0.17630878196400535
2020-21,new,NYK,LAC,0.028234644444912256
2020-21,new,NYK,LAL,0.0641127545222091
2020-21,new,NYK,MEM,0.029897284724237857
2020-21,new,NYK,MIA,0.0
2020-21,new,NYK,MIL,2.431674927155937e-05
2020-21,new,NYK,MIN,0.00024601852730546825
2020-21,new,NYK,NOP,0.03538321853220891
2020-21,new,NYK,OKC,0.11568157510518831
2020-21,new,NYK,ORL,0.010346297363329494
2020-21,new,NYK,PHI,0.02775646563362458
2020-21,new,NYK,PHX,0.009816545648573084
2020-21,new,NYK,POR,0.08304148842074811
2020-21,new,NYK,SAC,0.0036316605325062163
2020-21,new,NYK,SAS,0.01629167461892601
2020-21,new,NYK,TOR,0.0173794138774698
2020-21,new,NYK,UTA,0.00968534483028383
2020-21,new,NYK,WAS,0.09820998784187565
2020-21,new,OKC,ATL,0.02592892327947849
2020-21,new,OKC,BKN,0.03502855614616519
2020-21,new,OKC,BOS,0.013175549358115256
2020-21,new,OKC,CHA,0.04643968428768865
2020-21,new,OKC,CHI,0.026849131936193364
2020-21,new,OKC,CLE,0.01732553471360994
2020-21,new,OKC,DAL,0.0
2020-21,new,OKC,DEN,0.03941506603848055
2020-21,new,OKC,DET,0.017516704802541867
2020-21,new,OKC,GSW,0.03585458675949074
2020-21,new,OKC,HOU,0.06696605603178513
2020-21,new,OKC,IND,0.02038085034021405
2020-21,new,OKC,LAC,0.016136045431806544
2020-21,new,OKC,LAL,0.012871751827607457
2020-21,new,OKC,MEM,0.07901090315272216
2020-21,new,OKC,MIA,0.0
2020-21,new,OKC,MIL,0.0
2020-21,new,OKC,MIN,0.041620014120025785
2020-21,new,OKC,NOP,0.016438759656756636
2020-21,new,OKC,NYK,0.08803761423196067
2020-21,new,OKC,ORL,0.04052900643830004
2020-21,new,OKC,PHI,0.011589439732086811
2020-21,new,OKC,PHX,0.021250386269917602
2020-21,new,OKC,POR,0.021255657677759474
2020-21,new,OKC,SAC,0.01099953338881154
2020-21,new,OKC,SAS,0.03707217836352891
2020-21,new,OKC,TOR,0.013967726343336977
2020-21,new,OKC,UTA,0.008426724166513005
2020-21,new,OKC,WAS,0.0109961428458167
2020-21,new,ORL,ATL,0.02490232417198152
2020-21,new,ORL,BKN,0.051159213333659616
2020-21,new,ORL,BOS,0.0247660751687322
2020-21,new,ORL,CHA,0.034610782208592664
2020-21,new,ORL,CHI,0.013862456715537673
2020-21,new,ORL,CLE,0.018425342452576148
2020-21,new,ORL,DAL,0.0
2020-21,new,ORL,DEN,0.04310463121188464
2020-21,new,ORL,DET,0.03951885905478085
2020-21,new,ORL,GSW,0.07010459591412466
2020-21,new,ORL,HOU,0.12100321852468088
2020-21,new,ORL,IND,0.023471236853557752
2020-21,new,ORL,LAC,0.04664736004751015
2020-21,new,ORL,LAL,0.03321506863506862
2020-21,new,ORL,MEM,0.02963965990980204
2020-21,new,ORL,MIA,0.0
2020-21,new,ORL,MIL,8.10558309051979e-06
2020-21,new,ORL,MIN,0.04292684651029613
2020-21,new,ORL,NOP,0.026014941625182888
2020-21,new,ORL,NYK,0.10082979711561324
2020-21,new,ORL,OKC,0.05880711272541546
2020-21,new,ORL,PHI,0.014187500151596838
2020-21,new,ORL,PHX,0.015386985376791366
2020-21,new,ORL,POR,0.054030981009268064
2020-21,new,ORL,SAC,0.006025929240298009
2020-21,new,ORL,SAS,0.024615666622529526
2020-21,new,ORL,TOR,0.007504249740460879
2020-21,new,ORL,UTA,0.0028272339737580704
2020-21,new,ORL,WAS,0.035941237359900104
2020-21,new,PHI,ATL,0.020314278043520526
2020-21,new,PHI,BKN,0.11200000001842171
2020-21,new,PHI,BOS,0.01496914607665217
2020-21,new,PHI,CHA,0.036070538949973315
2020-21,new,PHI,CHI,0.0046499967862185035
2020-21,new,PHI,CLE,0.004476374832785698
2020-21,new,PHI,DAL,0.0
2020-21,new,PHI,DEN,0.1026282964426477
2020-21,new,PHI,DET,0.0032448817789755306
2020-21,new,PHI,GSW,0.02547568244091101
2020-21,new,PHI,HOU,0.11444841768256148
2020-21,new,PHI,IND,0.01084910865449861
2020-21,new,PHI,LAC,0.14613038833698674
2020-21,new,PHI,LAL,0.034131631601761414
2020-21,new,PHI,MEM,0.035961189331612235
2020-21,new,PHI,MIA,0.0
2020-21,new,PHI,MIL,0.0
2020-21,new,PHI,MIN,0.011499673072273788
2020-21,new,PHI,NOP,0.01719416230178963
2020-21,new,PHI,NYK,0.10595757498651533
2020-21,new,PHI,OKC,0.047970097078480115
2020-21,new,PHI,ORL,0.005413333592736276
2020-21,new,PHI,PHX,0.0908553238866619
2020-21,new,PHI,POR,0.04138927866485981
2020-21,new,PHI,SAC,0.011444092403938191
2020-21,new,PHI,SAS,0.028999226546174334
2020-21,new,PHI,TOR,0.0024467178605490168
2020-21,new,PHI,UTA,0.030491379560051685
2020-21,new,PHI,WAS,0.0109258004988423
2020-21,new,PHX,ATL,0.05939041392568893
2020-21,new,PHX,BKN,0.06896174638134685
2020-21,new,PHX,BOS,0.05319237101874621
2020-21,new,PHX,CHA,0.03347822977530531
2020-21,new,PHX,CHI,0.010275012963637547
2020-21,new,PHX,CLE,0.004235036433541421
2020-21,new,PHX,DAL,0.0
2020-21,new,PHX,DEN,0.055565315683221865
2020-21,new,PHX,DET,0.0034275326913158445
2020-21,new,PHX,GSW,0.018008462053362935
2020-21,new,PHX,HOU,0.1681034349261759
2020-21,new,PHX,IND,0.035855535097223855
2020-21,new,PHX,LAC,0.08943723124742974
2020-21,new,PHX,LAL,0.05619222620776312
2020-21,new,PHX,MEM,0.04055226841366832
2020-21,new,PHX,MIA,0.0
2020-21,new,PHX,MIL,3.242233236207916e-05
2020-21,new,PHX,MIN,0.00756111969124598
2020-21,new,PHX,NOP,0.036155089883777115
2020-21,new,PHX,NYK,0.08180934430224061
2020-21,new,PHX,OKC,0.054194505083382694
2020-21,new,PHX,ORL,0.009554939166260455
2020-21,new,PHX,PHI,0.1223868541110403
2020-21,new,PHX,POR,0.02597844875612344
2020-21,new,PHX,SAC,0.0026150493625830456
2020-21,new,PHX,SAS,0.005869795555282303
2020-21,new,PHX,TOR,0.006235754347383204
2020-21,new,PHX,UTA,0.08600646576715697
2020-21,new,PHX,WAS,0.003053580612892942
2020-21,new,POR,ATL,0.0954137453698277
2020-21,new,POR,BKN,0.04342322190013184
2020-21,new,POR,BOS,0.04891684744900816
2020-21,new,POR,CHA,0.045266762133745926
2020-21,new,POR,CHI,0.00859552444056668
2020-21,new,POR,CLE,0.002121482431222619
2020-21,new,POR,DAL,0.0
2020-21,new,POR,DEN,0.04209265411509727
2020-21,new,POR,DET,0.0014938039689501423
2020-21,new,POR,GSW,0.08436235553950387
2020-21,new,POR,HOU,0.4392561123856637
2020-21,new,POR,IND,0.039238179520156825
2020-21,new,POR,LAC,0.04358970928009888
2020-21,new,POR,LAL,0.21464078748143575
2020-21,new,POR,MEM,0.12119117729930012
2020-21,new,POR,MIA,0.0
2020-21,new,POR,MIL,2.431674927155937e-05
2020-21,new,POR,MIN,0.004906828136540597
2020-21,new,POR,NOP,0.24872072523338917
2020-21,new,POR,NYK,0.32809556760239
2020-21,new,POR,OKC,0.06325646617857272
2020-21,new,POR,ORL,0.006884943786581717
2020-21,new,POR,PHI,0.040692888006150466
2020-21,new,POR,PHX,0.02684978555741164
2020-21,new,POR,SAC,0.004814699413307389
2020-21,new,POR,SAS,0.05688107169843813
2020-21,new,POR,TOR,0.002922136262255204
2020-21,new,POR,UTA,0.007881817845085732
2020-21,new,POR,WAS,0.004333450943450106
2020-21,new,SAC,ATL,0.017599792756922274
2020-21,new,SAC,BKN,0.010303610039971253
2020-21,new,SAC,BOS,0.019534250582485594
2020-21,new,SAC,CHA,0.02539581228128134
2020-21,new,SAC,CHI,0.011700706580135186
2020-21,new,SAC,CLE,0.008082172975750678
2020-21,new,SAC,DAL,0.0
2020-21,new,SAC,DEN,0.013015455213135596
2020-21,new,SAC,DET,0.0064590527679056625
2020-21,new,SAC,GSW,0.06347822505879741
2020-21,new,SAC,HOU,0.06516648710717385
2020-21,new,SAC,IND,0.008612806479458286
2020-21,new,SAC,LAC,0.016231681151407894
2020-21,new,SAC,LAL,0.019853843841531136
2020-21,new,SAC,MEM,0.07180436372054406
2020-21,new,SAC,MIA,0.0
2020-21,new,SAC,MIL,0.0
2020-21,new,SAC,MIN,0.014515092815726629
2020-21,new,SAC,NOP,0.049032118096014404
2020-21,new,SAC,NYK,0.14944896477350592
2020-21,new,SAC,OKC,0.026297144424190337
2020-21,new,SAC,ORL,0.013778674559642216
2020-21,new,SAC,PHI,0.010901939812726502
2020-21,new,SAC,PHX,0.023859950645334006
2020-21,new,SAC,POR,0.09307031350826508
2020-21,new,SAC,SAS,0.047888963448987854
2020-21,new,SAC,TOR,0.005864518602679307
2020-21,new,SAC,UTA,0.0028965517626433025
2020-21,new,SAC,WAS,0.002631597485145558
2020-21,new,SAS,ATL,0.053092175782006465
2020-21,new,SAS,BKN,0.03529310369496795
2020-21,new,SAS,BOS,0.04717252579589171
2020-21,new,SAS,CHA,0.05044180487163142
2020-21,new,SAS,CHI,0.016004062560863973
2020-21,new,SAS,CLE,0.0026106892119983527
2020-21,new,SAS,DAL,0.0
2020-21,new,SAS,DEN,0.043382882225748515
2020-21,new,SAS,DET,0.0027206357923569152
2020-21,new,SAS,GSW,0.08280251731825862
2020-21,new,SAS,HOU,0.20403215804099153
2020-21,new,SAS,IND,0.04138337865884138
2020-21,new,SAS,LAC,0.036549299531776845
2020-21,new,SAS,LAL,0.04471814762499982
2020-21,new,SAS,MEM,0.09755663495080671
2020-21,new,SAS,MIA,0.0
2020-21,new,SAS,MIL,1.621116618103958e-05
2020-21,new,SAS,MIN,0.002475984579286887
2020-21,new,SAS,NOP,0.10746249989421215
2020-21,new,SAS,NYK,0.14376431550500987
2020-21,new,SAS,OKC,0.06782192920222237
2020-21,new,SAS,ORL,0.009818667762396167
2020-21,new,SAS,PHI,0.029252155358373215
2020-21,new,SAS,PHX,0.030724552913367197
2020-21,new,SAS,POR,0.16563281436818092
2020-21,new,SAS,SAC,0.037265296968431415
2020-21,new,SAS,TOR,0.015821255939451988
2020-21,new,SAS,UTA,0.014529094924459814
2020-21,new,SAS,WAS,0.005831468871128432
2020-21,new,TOR,ATL,0.028026639984029253
2020-21,new,TOR,BKN,0.03117322211091584
2020-21,new,TOR,BOS,0.03378661925802253
2020-21,new,TOR,CHA,0.03451443254533184
2020-21,new,TOR,CHI,0.08016378911003844
2020-21,new,TOR,CLE,0.012756023975660134
2020-21,new,TOR,DAL,0.0
2020-21,new,TOR,DEN,0.03744333310148343
2020-21,new,TOR,DET,0.004515355752764976
2020-21,new,TOR,GSW,0.03744514279804009
2020-21,new,TOR,HOU,0.0727047415940364
2020-21,new,TOR,IND,0.04599470089135722
2020-21,new,TOR,LAC,0.02760910565027534
2020-21,new,TOR,LAL,0.02385324587114187
2020-21,new,TOR,MEM,0.025326087145346364
2020-21,new,TOR,MIA,0.0
2020-21,new,TOR,MIL,0.0
2020-21,new,TOR,MIN,0.0015686502322230427
2020-21,new,TOR,NOP,0.037587626266521436
2020-21,new,TOR,NYK,0.08229368775400181
2020-21,new,TOR,OKC,0.019136853875403675
2020-21,new,TOR,ORL,0.029796441686316493
2020-21,new,TOR,PHI,0.030321120828920016
2020-21,new,TOR,PHX,0.01957338927728666
2020-21,new,TOR,POR,0.045611261435130064
2020-21,new,TOR,SAC,0.005938024323628829
2020-21,new,TOR,SAS,0.013674106042085011
2020-21,new,TOR,UTA,0.0031250000521058923
2020-21,new,TOR,WAS,0.051768868970535134
2020-21,new,UTA,ATL,0.02306275289108503
2020-21,new,UTA,BKN,0.032045258870007115
2020-21,new,UTA,BOS,0.016072702292957267
2020-21,new,UTA,CHA,0.02432518046139572
2020-21,new,UTA,CHI,0.008141187801390106
2020-21,new,UTA,CLE,0.0035545125647576214
2020-21,new,UTA,DAL,0.0
2020-21,new,UTA,DEN,0.02462672911534041
2020-21,new,UTA,DET,0.0055853991901927535
2020-21,new,UTA,GSW,0.039892695945230955
2020-21,new,UTA,HOU,0.06582947229980571
2020-21,new,UTA,IND,0.008827390914228272
2020-21,new,UTA,LAC,0.04108459082512378
2020-21,new,UTA,LAL,0.03986773948328659
2020-21,new,UTA,MEM,0.045245874774448275
2020-21,new,UTA,MIA,0.0
2020-21,new,UTA,MIL,0.0
2020-21,new,UTA,MIN,0.0021374269775295603
2020-21,new,UTA,NOP,0.06202369994234054
2020-21,new,UTA,NYK,0.11544344391425355
2020-21,new,UTA,OKC,0.014149784723593822
2020-21,new,UTA,ORL,0.017896113393820044
2020-21,new,UTA,PHI,0.053176724538528196
2020-21,new,UTA,PHX,0.10777678975431346
2020-21,new,UTA,POR,0.03884806103032917
2020-21,new,UTA,SAC,0.016034767978805636
2020-21,new,UTA,SAS,0.029494454852539435
2020-21,new,UTA,TOR,0.011367566356734601
2020-21,new,UTA,WAS,0.005419820199868958
2020-21,new,WAS,ATL,0.03756108606842644
2020-21,new,WAS,BKN,0.0122807110808308
2020-21,new,WAS,BOS,0.0597532544287305
2020-21,new,WAS,CHA,0.1645962975197938
2020-21,new,WAS,CHI,0.09733450577673373
2020-21,new,WAS,CLE,0.008778566981165395
2020-21,new,WAS,DAL,0.0
2020-21,new,WAS,DEN,0.012486934481391378
2020-21,new,WAS,DET,0.0053620694981333945
2020-21,new,WAS,GSW,0.0136416109229999
2020-21,new,WAS,HOU,0.0889064200277689
2020-21,new,WAS,IND,0.12762330716827142
2020-21,new,WAS,LAC,0.009777209099486536
2020-21,new,WAS,LAL,0.025854568089333917
2020-21,new,WAS,MEM,0.03784542661670802
2020-21,new,WAS,MIA,0.0
2020-21,new,WAS,MIL,1.621116618103958e-05
2020-21,new,WAS,MIN,0.005965384920739874
2020-21,new,WAS,NOP,0.014347962300977356
2020-21,new,WAS,NYK,0.129711459336314
2020-21,new,WAS,OKC,0.02664385833311827
2020-21,new,WAS,ORL,0.03214870509958068
2020-21,new,WAS,PHI,0.005790948343607757
2020-21,new,WAS,PHX,0.002141919960875007
2020-21,new,WAS,POR,0.06182219892354875
2020-21,new,WAS,SAC,0.0028679656873828404
2020-21,new,WAS,SAS,0.013883116019049119
2020-21,new,WAS,TOR,0.056365056661208626
2020-21,new,WAS,UTA,0.0013717672482518285
2020-21,old,ATL,BKN,0.029987877137449187
2020-21,old,ATL,BOS,0.09437032367256142
2020-21,old,ATL,CHA,0.09915055188539613
2020-21,old,ATL,CHI,0.022794336772991305
2020-21,old,ATL,CLE,0.017985163373451
2020-21,old,ATL,DAL,0.0
2020-21,old,ATL,DEN,0.030577021154166297
2020-21,old,ATL,DET,0.004455549454613555
2020-21,old,ATL,GSW,0.04688512923273809
2020-21,old,ATL,HOU,0.2267835283029846
2020-21,old,ATL,IND,0.05977581524333412
2020-21,old,ATL,LAC,0.02226724152005647
2020-21,old,ATL,LAL,0.09470911648525142
2020-21,old,ATL,MEM,0.05831723035485294
2020-21,old,ATL,MIA,0.0
2020-21,old,ATL,MIL,7.109150751274078e-07
2020-21,old,ATL,MIN,0.012403697041883285
2020-21,old,ATL,NOP,0.036606784181425885
2020-21,old,ATL,NYK,0.20014251819197232
2020-21,old,ATL,OKC,0.08065517283498375
2020-21,old,ATL,ORL,0.020688186493388425
2020-21,old,ATL,PHI,0.015376077706058477
2020-21,old,ATL,PHX,0.012701609990716544
2020-21,old,ATL,POR,0.008977101378399749
2020-21,old,ATL,SAC,0.046237442282202
2020-21,old,ATL,SAS,0.04549922573951544
2020-21,old,ATL,TOR,0.023141408008272118
2020-21,old,ATL,UTA,0.01134698283890712
2020-21,old,ATL,WAS,0.020783454833102875
2020-21,old,BKN,ATL,0.03522981613016414
2020-21,old,BKN,BOS,0.022840693823715244
2020-21,old,BKN,CHA,0.03092857188381848
2020-21,old,BKN,CHI,0.03123265473429304
2020-21,old,BKN,CLE,0.0052505904264136
2020-21,old,BKN,DAL,0.0
2020-21,old,BKN,DEN,0.14810579385195224
2020-21,old,BKN,DET,0.002615301897388013
2020-21,old,BKN,GSW,0.03656104351019744
2020-21,old,BKN,HOU,0.13553906250164988
2020-21,old,BKN,IND,0.03957682481697879
2020-21,old,BKN,LAC,0.1487209054904765
2020-21,old,BKN,LAL,0.035784251690192885
2020-21,old,BKN,MEM,0.02565620928294348
2020-21,old,BKN,MIA,0.0
2020-21,old,BKN,MIL,1.4207093904431155e-06
2020-21,old,BKN,MIN,0.019704397717074214
2020-21,old,BKN,NOP,0.03944120859695589
2020-21,old,BKN,NYK,0.07521818387754915
2020-21,old,BKN,OKC,0.04400889046658792
2020-21,old,BKN,ORL,0.05508341813429561
2020-21,old,BKN,PHI,0.09835668176388497
2020-21,old,BKN,PHX,0.06469199810502821
2020-21,old,BKN,POR,0.007842941895821777
2020-21,old,BKN,SAC,0.0476918510093275
2020-21,old,BKN,SAS,0.02816978268763946
2020-21,old,BKN,TOR,0.017290706179815277
2020-21,old,BKN,UTA,0.017036638143231517
2020-21,old,BKN,WAS,0.034429041879409775
2020-21,old,BOS,ATL,0.12747731151003983
2020-21,old,BOS,BKN,0.020146282452764792
2020-21,old,BOS,CHA,0.058572037421427435
2020-21,old,BOS,CHI,0.01419536820158879
2020-21,old,BOS,CLE,0.01935565250934321
2020-21,old,BOS,DAL,0.0
2020-21,old,BOS,DEN,0.021172813765180636
2020-21,old,BOS,DET,0.007677262857945727
2020-21,old,BOS,GSW,0.06677653132516834
2020-21,old,BOS,HOU,0.22920298103933576
2020-21,old,BOS,IND,0.07296706001768508
2020-21,old,BOS,LAC,0.023500000134066293
2020-21,old,BOS,LAL,0.056005758292980004
2020-21,old,BOS,MEM,0.060734097617012844
2020-21,old,BOS,MIA,0.0
2020-21,old,BOS,MIL,2.13076600630302e-06
2020-21,old,BOS,MIN,0.022606480191891067
2020-21,old,BOS,NOP,0.02438801064103237
2020-21,old,BOS,NYK,0.16101563542859804
2020-21,old,BOS,OKC,0.10804983957955647
2020-21,old,BOS,ORL,0.03655736787306107
2020-21,old,BOS,PHI,0.020002155274168813
2020-21,old,BOS,PHX,0.01588281374738148
2020-21,old,BOS,POR,0.030480334254258695
2020-21,old,BOS,SAC,0.02256984507521626
2020-21,old,BOS,SAS,0.02484551646584679
2020-21,old,BOS,TOR,0.024007922792225134
2020-21,old,BOS,UTA,0.007459051759736933
2020-21,old,BOS,WAS,0.019229233716752826
2020-21,old,CHA,ATL,0.07300697943266898
2020-21,old,CHA,BKN,0.03476131484966228
2020-21,old,CHA,BOS,0.06456683259560984
2020-21,old,CHA,CHI,0.032546597067719556
2020-21,old,CHA,CLE,0.01649826186390086
2020-21,old,CHA,DAL,0.0
2020-21,old,CHA,DEN,0.03157240187733181
2020-21,old,CHA,DET,0.006639816911915187
2020-21,old,CHA,GSW,0.05456262979114596
2020-21,old,CHA,HOU,0.15632800353574566
2020-21,old,CHA,IND,0.1606250869020187
2020-21,old,CHA,LAC,0.023486261049000513
2020-21,old,CHA,LAL,0.029985033578850247
2020-21,old,CHA,MEM,0.05390221325302665
2020-21,old,CHA,MIA,0.0
2020-21,old,CHA,MIL,3.5504323890420226e-06
2020-21,old,CHA,MIN,0.01811090202512134
2020-21,old,CHA,NOP,0.030142867582534122
2020-21,old,CHA,NYK,0.07668483442300528
2020-21,old,CHA,OKC,0.09364062521656864
2020-21,old,CHA,ORL,0.03151606315821907
2020-21,old,CHA,PHI,0.023346982869994024
2020-21,old,CHA,PHX,0.012211683456526424
2020-21,old,CHA,POR,0.011280711220521157
2020-21,old,CHA,SAC,0.034590069572826135
2020-21,old,CHA,SAS,0.07165630863603842
2020-21,old,CHA,TOR,0.030650071879263278
2020-21,old,CHA,UTA,0.0016982758953236043
2020-21,old,CHA,WAS,0.13012696458215117
2020-21,old,CHI,ATL,0.040616158204820424
2020-21,old,CHI,BKN,0.015852909512488685
2020-21,old,CHI,BOS,0.048656240497830044
2020-21,old,CHI,CHA,0.03837293020496574
2020-21,old,CHI,CLE,0.034767945598609455
2020-21,old,CHI,DAL,0.0
2020-21,old,CHI,DEN,0.05129405911075234
2020-21,old,CHI,DET,0.006906249962911682
2020-21,old,CHI,GSW,0.04605936383915128
2020-21,old,CHI,HOU,0.12444328245383257
2020-21,old,CHI,IND,0.04472905303486036
2020-21,old,CHI,LAC,0.041693426925440084
2020-21,old,CHI,LAL,0.02365107802607663
2020-21,old,CHI,MEM,0.04641353755805204
2020-21,old,CHI,MIA,0.0
2020-21,old,CHI,MIL,7.110394317955125e-07
2020-21,old,CHI,MIN,0.007672748281607914
2020-21,old,CHI,NOP,0.09428332527427413
2020-21,old,CHI,NYK,0.07680653330499979
2020-21,old,CHI,OKC,0.08732650819487453
2020-21,old,CHI,ORL,0.3175925888219267
2020-21,old,CHI,PHI,0.01568534497548987
2020-21,old,CHI,PHX,0.009319849684505804
2020-21,old,CHI,POR,0.012082435474349666
2020-21,old,CHI,SAC,0.1249518515399099
2020-21,old,CHI,SAS,0.02484380688356267
2020-21,old,CHI,TOR,0.13590839254887044
2020-21,old,CHI,UTA,0.0033846983182693607
2020-21,old,CHI,WAS,0.08037065383759985
2020-21,old,CLE,ATL,0.032050151541700114
2020-21,old,CLE,BKN,0.007536099271965212
2020-21,old,CLE,BOS,0.02839057427742551
2020-21,old,CLE,CHA,0.047144492648597824
2020-21,old,CLE,CHI,0.06475278185365997
2020-21,old,CLE,DAL,0.0
2020-21,old,CLE,DEN,0.024930995732270783
2020-21,old,CLE,DET,0.033857758030905544
2020-21,old,CLE,GSW,0.09214877227205269
2020-21,old,CLE,HOU,0.0869973081944809
2020-21,old,CLE,IND,0.06082203556503451
2020-21,old,CLE,LAC,0.02503232780386341
2020-21,old,CLE,LAL,0.022104548053429807
2020-21,old,CLE,MEM,0.03337869213523515
2020-21,old,CLE,MIA,0.0
2020-21,old,CLE,MIL,2.324726842905695e-09
2020-21,old,CLE,MIN,0.11583087016292738
2020-21,old,CLE,NOP,0.05751876470855289
2020-21,old,CLE,NYK,0.07466163672623015
2020-21,old,CLE,OKC,0.10363496726260374
2020-21,old,CLE,ORL,0.08693005886220738
2020-21,old,CLE,PHI,0.009075431058119084
2020-21,old,CLE,PHX,0.00741664084866592
2020-21,old,CLE,POR,0.01085371782852674
2020-21,old,CLE,SAC,0.04234565473309226
2020-21,old,CLE,SAS,0.04519702441351564
2020-21,old,CLE,TOR,0.04302065394105856
2020-21,old,CLE,UTA,0.007839439680141494
2020-21,old,CLE,WAS,0.04354314299436372
2020-21,old,DAL,ATL,0.08358954138771535
2020-21,old,DAL,BKN,0.017419719907960957
2020-21,old,DAL,BOS,0.06121547328972217
2020-21,old,DAL,CHA,0.04434952019213577
2020-21,old,DAL,CHI,0.05289102487377827
2020-21,old,DAL,CLE,0.023558941705040137
2020-21,old,DAL,DEN,0.03927868781727309
2020-21,old,DAL,DET,0.008954202244459683
2020-21,old,DAL,GSW,0.08006770338516085
2020-21,old,DAL,HOU,0.1611470929138635
2020-21,old,DAL,IND,0.03560840820335775
2020-21,old,DAL,LAC,0.025599138124279906
2020-21,old,DAL,LAL,0.13223615206572667
2020-21,old,DAL,MEM,0.058281915755122725
2020-21,old,DAL,MIA,0.0
2020-21,old,DAL,MIL,3.425375433411758e-09
2020-21,old,DAL,MIN,0.024222123737692603
2020-21,old,DAL,NOP,0.03350483910690174
2020-21,old,DAL,NYK,0.8425704602123574
2020-21,old,DAL,OKC,0.08045366392292258
2020-21,old,DAL,ORL,0.0304518007010848
2020-21,old,DAL,PHI,0.00866056044698404
2020-21,old,DAL,PHX,0.01109076758994188
2020-21,old,DAL,POR,0.16843884787706914
2020-21,old,DAL,SAC,0.027737247060987586
2020-21,old,DAL,SAS,0.03110855103558869
2020-21,old,DAL,TOR,0.03348743397717178
2020-21,old,DAL,UTA,0.000803879324651869
2020-21,old,DAL,WAS,0.017107546517799922
2020-21,old,DEN,ATL,0.05184262489682244
2020-21,old,DEN,BKN,0.1423663788292445
2020-21,old,DEN,BOS,0.03541192182200127
2020-21,old,DEN,CHA,0.02641714380678969
2020-21,old,DEN,CHI,0.04277317051939665
2020-21,old,DEN,CLE,0.015876778137517058
2020-21,old,DEN,DAL,0.0
2020-21,old,DEN,DET,0.0023100753977156135
2020-21,old,DEN,GSW,0.049120763741773175
2020-21,old,DEN,HOU,0.1742585520951503
2020-21,old,DEN,IND,0.04061206643980547
2020-21,old,DEN,LAC,0.11787607780097711
2020-21,old,DEN,LAL,0.0985316238832944
2020-21,old,DEN,MEM,0.032704399358753904
2020-21,old,DEN,MIA,0.0
2020-21,old,DEN,MIL,1.1311022479213566e-06
2020-21,old,DEN,MIN,0.002414439593017251
2020-21,old,DEN,NOP,0.034351801057940175
2020-21,old,DEN,NYK,0.09433315090873198
2020-21,old,DEN,OKC,0.059259966978610586
2020-21,old,DEN,ORL,0.015383086908973465
2020-21,old,DEN,PHI,0.07923922439145953
2020-21,old,DEN,PHX,0.0484977519420874
2020-21,old,DEN,POR,0.03926481699928288
2020-21,old,DEN,SAC,0.03213012053732894
2020-21,old,DEN,SAS,0.02932457577773836
2020-21,old,DEN,TOR,0.015069850717753035
2020-21,old,DEN,UTA,0.007314655273382008
2020-21,old,DEN,WAS,0.037717460257262386
2020-21,old,DET,ATL,0.026837923017937408
2020-21,old,DET,BKN,0.026594558102700963
2020-21,old,DET,BOS,0.03159104679566298
2020-21,old,DET,CHA,0.02805514649683138
2020-21,old,DET,CHI,0.04789779993296656
2020-21,old,DET,CLE,0.043704584549043815
2020-21,old,DET,DAL,0.0
2020-21,old,DET,DEN,0.01611839607078632
2020-21,old,DET,GSW,0.09362753643516775
2020-21,old,DET,HOU,0.08237553983515356
2020-21,old,DET,IND,0.03801512058269328
2020-21,old,DET,LAC,0.02150673481328653
2020-21,old,DET,LAL,0.031312047123362705
2020-21,old,DET,MEM,0.0373269128302103
2020-21,old,DET,MIA,0.0
2020-21,old,DET,MIL,1.5684280540995132e-09
2020-21,old,DET,MIN,0.0430421606835179
2020-21,old,DET,NOP,0.037766596308442486
2020-21,old,DET,NYK,0.1126073263018749
2020-21,old,DET,OKC,0.06062392146992977
2020-21,old,DET,ORL,0.05637217189025769
2020-21,old,DET,PHI,0.018768319048404952
2020-21,old,DET,PHX,0.017962285201682367
2020-21,old,DET,POR,0.02881169206844161
2020-21,old,DET,SAC,0.028273353474869676
2020-21,old,DET,SAS,0.030389136946533887
2020-21,old,DET,TOR,0.03884674039861968
2020-21,old,DET,UTA,0.0027823276338488625
2020-21,old,DET,WAS,0.033293609944035754
2020-21,old,GSW,ATL,0.025584168062686846
2020-21,old,GSW,BKN,0.020377693995070677
2020-21,old,GSW,BOS,0.04565443126476854
2020-21,old,GSW,CHA,0.04955761979640685
2020-21,old,GSW,CHI,0.061465719308405366
2020-21,old,GSW,CLE,0.0258664272743734
2020-21,old,GSW,DAL,0.0
2020-21,old,GSW,DEN,0.008055997443648436
2020-21,old,GSW,DET,0.009979525654705175
2020-21,old,GSW,HOU,0.15454687519376323
2020-21,old,GSW,IND,0.049456602456133925
2020-21,old,GSW,LAC,0.020162446220919235
2020-21,old,GSW,LAL,0.02095593978177675
2020-21,old,GSW,MEM,0.13366973197569454
2020-21,old,GSW,MIA,0.0
2020-21,old,GSW,MIL,3.337807898847247e-12
2020-21,old,GSW,MIN,0.018148258102811576
2020-21,old,GSW,NOP,0.0681916010129413
2020-21,old,GSW,NYK,0.0919524624983087
2020-21,old,GSW,OKC,0.12026266173132426
2020-21,old,GSW,ORL,0.04081564568024192
2020-21,old,GSW,PHI,0.02393534491320365
2020-21,old,GSW,PHX,0.019223821514372515
2020-21,old,GSW,POR,0.13543965584582424
2020-21,old,GSW,SAC,0.07147142542830529
2020-21,old,GSW,SAS,0.1090670820450759
2020-21,old,GSW,TOR,0.042270697134055
2020-21,old,GSW,UTA,0.010553879361872659
2020-21,old,GSW,WAS,0.03753367082048524
2020-21,old,HOU,ATL,0.04730996451297298
2020-21,old,HOU,BKN,0.05379391178705504
2020-21,old,HOU,BOS,0.022530591486959906
2020-21,old,HOU,CHA,0.02506608790091884
2020-21,old,HOU,CHI,0.01722187685986288
2020-21,old,HOU,CLE,0.007402138423776274
2020-21,old,HOU,DAL,0.0
2020-21,old,HOU,DEN,0.04285697113703433
2020-21,old,HOU,DET,0.01387122825067088
2020-21,old,HOU,GSW,0.036208561728304514
2020-21,old,HOU,IND,0.026529237361530088
2020-21,old,HOU,LAC,0.02963469841814568
2020-21,old,HOU,LAL,0.04673039481698386
2020-21,old,HOU,MEM,0.025206948737128757
2020-21,old,HOU,MIA,0.0
2020-21,old,HOU,MIL,2.470046129318383e-10
2020-21,old,HOU,MIN,0.0011561238266769832
2020-21,old,HOU,NOP,0.022316303651384314
2020-21,old,HOU,NYK,0.11512687234584776
2020-21,old,HOU,OKC,0.084833512653693
2020-21,old,HOU,ORL,0.006938597109737328
2020-21,old,HOU,PHI,0.04893211204333808
2020-21,old,HOU,PHX,0.02946659642738627
2020-21,old,HOU,POR,0.02641433201834624
2020-21,old,HOU,SAC,0.01962007155045342
2020-21,old,HOU,SAS,0.029141517453797526
2020-21,old,HOU,TOR,0.007968006947025725
2020-21,old,HOU,UTA,0.00537715519947032
2020-21,old,HOU,WAS,0.00839306285982674
2020-21,old,IND,ATL,0.05113603766514585
2020-21,old,IND,BKN,0.012819773822737825
2020-21,old,IND,BOS,0.06368051090110793
2020-21,old,IND,CHA,0.1847009545270242
2020-21,old,IND,CHI,0.03346486149546798
2020-21,old,IND,CLE,0.01718411181497498
2020-21,old,IND,DAL,0.0
2020-21,old,IND,DEN,0.021682267229679714
2020-21,old,IND,DET,0.012963361985266913
2020-21,old,IND,GSW,0.06136404038991571
2020-21,old,IND,HOU,0.13067546884905132
2020-21,old,IND,LAC,0.016517780284268844
2020-21,old,IND,LAL,0.019646756063582994
2020-21,old,IND,MEM,0.03329352651011436
2020-21,old,IND,MIA,0.0
2020-21,old,IND,MIL,1.407363360515635e-06
2020-21,old,IND,MIN,0.02459645725261161
2020-21,old,IND,NOP,0.06044399212474581
2020-21,old,IND,NYK,0.14282086107397116
2020-21,old,IND,OKC,0.06711018303732372
2020-21,old,IND,ORL,0.030278421254538848
2020-21,old,IND,PHI,0.017196120831890614
2020-21,old,IND,PHX,0.023553273936301182
2020-21,old,IND,POR,0.039512931100426016
2020-21,old,IND,SAC,0.036574112942408296
2020-21,old,IND,SAS,0.08630616393774568
2020-21,old,IND,TOR,0.03957195825684639
2020-21,old,IND,UTA,0.005498922489952809
2020-21,old,IND,WAS,0.0981403400098976
2020-21,old,LAC,ATL,0.034655893884080094
2020-21,old,LAC,BKN,0.14105414949401668
2020-21,old,LAC,BOS,0.029122507458856365
2020-21,old,LAC,CHA,0.018384076080065752
2020-21,old,LAC,CHI,0.026879693081015406
2020-21,old,LAC,CLE,0.012789938720660334
2020-21,old,LAC,DAL,0.0
2020-21,old,LAC,DEN,0.11391612742847489
2020-21,old,LAC,DET,0.003583512825305282
2020-21,old,LAC,GSW,0.04040065668585029
2020-21,old,LAC,HOU,0.11829660600030395
2020-21,old,LAC,IND,0.0290029598392721
2020-21,old,LAC,LAL,0.03582534909918008
2020-21,old,LAC,MEM,0.024691979176021478
2020-21,old,LAC,MIA,0.0
2020-21,old,LAC,MIL,4.316993755574376e-10
2020-21,old,LAC,MIN,0.01727231284273642
2020-21,old,LAC,NOP,0.015142183297669328
2020-21,old,LAC,NYK,0.06493460591464283
2020-21,old,LAC,OKC,0.024353717525674282
2020-21,old,LAC,ORL,0.02127497546005098
2020-21,old,LAC,PHI,0.10649461223759915
2020-21,old,LAC,PHX,0.07033836283552986
2020-21,old,LAC,POR,0.037696390301872294
2020-21,old,LAC,SAC,0.01705639720198773
2020-21,old,LAC,SAS,0.01679443221732077
2020-21,old,LAC,TOR,0.009546376902848323
2020-21,old,LAC,UTA,0.019376077749605838
2020-21,old,LAC,WAS,0.030215724902216
2020-21,old,LAL,ATL,0.1049341154787198
2020-21,old,LAL,BKN,0.03563415953498093
2020-21,old,LAL,BOS,0.05002112524308679
2020-21,old,LAL,CHA,0.04018974847118666
2020-21,old,LAL,CHI,0.05775844501222184
2020-21,old,LAL,CLE,0.00672734285516542
2020-21,old,LAL,DAL,0.0
2020-21,old,LAL,DEN,0.0546472359342244
2020-21,old,LAL,DET,0.0032572736839988612
2020-21,old,LAL,GSW,0.03211294079333162
2020-21,old,LAL,HOU,0.1454676956989088
2020-21,old,LAL,IND,0.027957824009583594
2020-21,old,LAL,LAC,0.03297683215232421
2020-21,old,LAL,MEM,0.05020398929425546
2020-21,old,LAL,MIA,0.0
2020-21,old,LAL,MIL,1.421712237623586e-06
2020-21,old,LAL,MIN,0.002838788611819944
2020-21,old,LAL,NOP,0.03593822576458909
2020-21,old,LAL,NYK,0.23469762192204563
2020-21,old,LAL,OKC,0.05294154119360711
2020-21,old,LAL,ORL,0.01611372969362656
2020-21,old,LAL,PHI,0.038919181251850246
2020-21,old,LAL,PHX,0.024248347543035016
2020-21,old,LAL,POR,0.19227532387962007
2020-21,old,LAL,SAC,0.03853420774706303
2020-21,old,LAL,SAS,0.024992198334030418
2020-21,old,LAL,TOR,0.01856666229305651
2020-21,old,LAL,UTA,0.01040732762575599
2020-21,old,LAL,WAS,0.03342618751432679
2020-21,old,MEM,ATL,0.06220214818648596
2020-21,old,MEM,BKN,0.02627963366065222
2020-21,old,MEM,BOS,0.07128266769182595
2020-21,old,MEM,CHA,0.060718787354767295
2020-21,old,MEM,CHI,0.036980512642911745
2020-21,old,MEM,CLE,0.01639968589033697
2020-21,old,MEM,DAL,0.0
2020-21,old,MEM,DEN,0.015160571419371622
2020-21,old,MEM,DET,0.007307112219317907
2020-21,old,MEM,GSW,0.15027015162501148
2020-21,old,MEM,HOU,0.15979346405960126
2020-21,old,MEM,IND,0.05171716932694887
2020-21,old,MEM,LAC,0.012510506608804432
2020-21,old,MEM,LAL,0.03500054050663882
2020-21,old,MEM,MIA,0.0
2020-21,old,MEM,MIL,1.4069366368168063e-06
2020-21,old,MEM,MIN,0.011270171303260523
2020-21,old,MEM,NOP,0.06400963987609934
2020-21,old,MEM,NYK,0.1452407416252543
2020-21,old,MEM,OKC,0.055105873641642295
2020-21,old,MEM,ORL,0.04800546676301684
2020-21,old,MEM,PHI,0.021538793250982624
2020-21,old,MEM,PHX,0.01773114465792597
2020-21,old,MEM,POR,0.10209725247838551
2020-21,old,MEM,SAC,0.048041226889016235
2020-21,old,MEM,SAS,0.08515012959366428
2020-21,old,MEM,TOR,0.018216563072922395
2020-21,old,MEM,UTA,0.0018480603685120827
2020-21,old,MEM,WAS,0.026135614653661297
2020-21,old,MIA,ATL,0.10629134379586877
2020-21,old,MIA,BKN,0.018578394452543476
2020-21,old,MIA,BOS,0.09103247727724596
2020-21,old,MIA,CHA,0.07201765083964502
2020-21,old,MIA,CHI,0.009850705267472535
2020-21,old,MIA,CLE,0.006104874298017021
2020-21,old,MIA,DAL,0.0
2020-21,old,MIA,DEN,0.02005623983069461
2020-21,old,MIA,DET,0.007386853440749008
2020-21,old,MIA,GSW,0.06566355061770669
2020-21,old,MIA,HOU,0.3940830843743531
2020-21,old,MIA,IND,0.0678454340619459
2020-21,old,MIA,LAC,0.029669989456526998
2020-21,old,MIA,LAL,0.05151570148844177
2020-21,old,MIA,MEM,0.061689364935001996
2020-21,old,MIA,MIL,3.959391419949984e-06
2020-21,old,MIA,MIN,0.008526634406679319
2020-21,old,MIA,NOP,0.02619053988182211
2020-21,old,MIA,NYK,0.1706890331808727
2020-21,old,MIA,OKC,0.5934601299204776
2020-21,old,MIA,ORL,0.034220654425063286
2020-21,old,MIA,PHI,0.013654094925953144
2020-21,old,MIA,PHX,0.015884489967207954
2020-21,old,MIA,POR,0.040780442101330944
2020-21,old,MIA,SAC,0.018927013703529557
2020-21,old,MIA,SAS,0.020797752663055055
2020-21,old,MIA,TOR,0.02008344586668897
2020-21,old,MIA,UTA,0.005460129361198251
2020-21,old,MIA,WAS,0.02080253068770021
2020-21,old,MIL,ATL,0.049035411298983894
2020-21,old,MIL,BKN,0.09867402990744047
2020-21,old,MIL,BOS,0.040422620937380284
2020-21,old,MIL,CHA,0.06142355859320407
2020-21,old,MIL,CHI,0.011831188623028621
2020-21,old,MIL,CLE,0.009688015392243551
2020-21,old,MIL,DAL,0.0
2020-21,old,MIL,DEN,0.1184065929604093
2020-21,old,MIL,DET,0.005406249964987087
2020-21,old,MIL,GSW,0.03800076675570759
2020-21,old,MIL,HOU,0.5676397445123713
2020-21,old,MIL,IND,0.04730276954481643
2020-21,old,MIL,LAC,0.08433890103352466
2020-21,old,MIL,LAL,0.059897835744189144
2020-21,old,MIL,MEM,0.03298002319807255
2020-21,old,MIL,MIA,0.0
2020-21,old,MIL,MIN,0.011877403699455658
2020-21,old,MIL,NOP,0.04680980164130217
2020-21,old,MIL,NYK,0.10720611559357913
2020-21,old,MIL,OKC,0.06638739350213717
2020-21,old,MIL,ORL,0.028386612839519706
2020-21,old,MIL,PHI,0.06177047454061564
2020-21,old,MIL,PHX,0.04191955203503652
2020-21,old,MIL,POR,0.012229256512545018
2020-21,old,MIL,SAC,0.03691423118995296
2020-21,old,MIL,SAS,0.032227934043580195
2020-21,old,MIL,TOR,0.021785446177911044
2020-21,old,MIL,UTA,0.01195905186990597
2020-21,old,MIL,WAS,0.026134110711964215
2020-21,old,MIN,ATL,0.02711241822296534
2020-21,old,MIN,BKN,0.022763739338301225
2020-21,old,MIN,BOS,0.03128170426838966
2020-21,old,MIN,CHA,0.03077076499745471
2020-21,old,MIN,CHI,0.03326773619322946
2020-21,old,MIN,CLE,0.0465180828582914
2020-21,old,MIN,DAL,0.0
2020-21,old,MIN,DEN,0.020972343647464774
2020-21,old,MIN,DET,0.02417753236717543
2020-21,old,MIN,GSW,0.17236333079386895
2020-21,old,MIN,HOU,0.09792772200558707
2020-21,old,MIN,IND,0.034207547920178834
2020-21,old,MIN,LAC,0.02478852381273414
2020-21,old,MIN,LAL,0.027215805805168358
2020-21,old,MIN,MEM,0.027921585104384167
2020-21,old,MIN,MIA,0.0
2020-21,old,MIN,MIL,1.7540213229753575e-09
2020-21,old,MIN,NOP,0.03190383938972697
2020-21,old,MIN,NYK,0.08439731322496563
2020-21,old,MIN,OKC,0.08141460187363855
2020-21,old,MIN,ORL,0.03991491598133909
2020-21,old,MIN,PHI,0.014557112193072277
2020-21,old,MIN,PHX,0.022425948163814977
2020-21,old,MIN,POR,0.02871470920815823
2020-21,old,MIN,SAC,0.021670092658079527
2020-21,old,MIN,SAS,0.03885095246012465
2020-21,old,MIN,TOR,0.027846175012660738
2020-21,old,MIN,UTA,0.0028157327992135075
2020-21,old,MIN,WAS,0.018528626191209763
2020-21,old,NOP,ATL,0.03525890562234038
2020-21,old,NOP,BKN,0.01927909492579257
2020-21,old,NOP,BOS,0.03106394001064449
2020-21,old,NOP,CHA,0.04417913736307185
2020-21,old,NOP,CHI,0.1261540174712229
2020-21,old,NOP,CLE,0.022378931376805595
2020-21,old,NOP,DAL,0.0
2020-21,old,NOP,DEN,0.027780660403042244
2020-21,old,NOP,DET,0.009636314821465675
2020-21,old,NOP,GSW,0.08444171473564381
2020-21,old,NOP,HOU,0.0702724309220168
2020-21,old,NOP,IND,0.061355993694956625
2020-21,old,NOP,LAC,0.032070851426065805
2020-21,old,NOP,LAL,0.02594144208539796
2020-21,old,NOP,MEM,0.05191859110500487
2020-21,old,NOP,MIA,0.0
2020-21,old,NOP,MIL,1.1333294485711402e-06
2020-21,old,NOP,MIN,0.0061522394092915125
2020-21,old,NOP,NYK,0.09960462497417744
2020-21,old,NOP,OKC,0.05830441840589125
2020-21,old,NOP,ORL,0.03943927987281641
2020-21,old,NOP,PHI,0.019983836290635295
2020-21,old,NOP,PHX,0.028852679031464934
2020-21,old,NOP,POR,0.07505468763740221
2020-21,old,NOP,SAC,0.17084439324846915
2020-21,old,NOP,SAS,0.12078836221163834
2020-21,old,NOP,TOR,0.07173849380010568
2020-21,old,NOP,UTA,0.006304956956220598
2020-21,old,NOP,WAS,0.0845621096564606
2020-21,old,NYK,ATL,0.1342700915770709
2020-21,old,NYK,BKN,0.023955280445616473
2020-21,old,NYK,BOS,0.08489219904529965
2020-21,old,NYK,CHA,0.059145303132738906
2020-21,old,NYK,CHI,0.03209018116601016
2020-21,old,NYK,CLE,0.009292696369236363
2020-21,old,NYK,DAL,0.0
2020-21,old,NYK,DEN,0.021024889272027794
2020-21,old,NYK,DET,0.0015894396236800616
2020-21,old,NYK,GSW,0.04963006981012532
2020-21,old,NYK,HOU,0.17143514429536194
2020-21,old,NYK,IND,0.09754316772260861
2020-21,old,NYK,LAC,0.027336745716466826
2020-21,old,NYK,LAL,0.07294680795761276
2020-21,old,NYK,MEM,0.044590164349862314
2020-21,old,NYK,MIA,0.0
2020-21,old,NYK,MIL,1.1332127243396575e-06
2020-21,old,NYK,MIN,0.00018176830990633246
2020-21,old,NYK,NOP,0.029363785688994885
2020-21,old,NYK,OKC,0.10184294235886573
2020-21,old,NYK,ORL,0.022325424123833867
2020-21,old,NYK,PHI,0.02775862080671278
2020-21,old,NYK,PHX,0.009778313967468893
2020-21,old,NYK,POR,0.03850188595861004
2020-21,old,NYK,SAC,0.03391261143602
2020-21,old,NYK,SAS,0.04313314827777
2020-21,old,NYK,TOR,0.024719858029156053
2020-21,old,NYK,UTA,0.00968534483028383
2020-21,old,NYK,WAS,0.06721889605553494
2020-21,old,OKC,ATL,0.02056034983365546
2020-21,old,OKC,BKN,0.03502963373240822
2020-21,old,OKC,BOS,0.01508835514615519
2020-21,old,OKC,CHA,0.041476573135620066
2020-21,old,OKC,CHI,0.10109584499243916
2020-21,old,OKC,CLE,0.0822062116571155
2020-21,old,OKC,DAL,0.0
2020-21,old,OKC,DEN,0.03764457666118725
2020-21,old,OKC,DET,0.03895447177023642
2020-21,old,OKC,GSW,0.09232597357155353
2020-21,old,OKC,HOU,0.06655792101634285
2020-21,old,OKC,IND,0.0380894314296835
2020-21,old,OKC,LAC,0.015752694109105507
2020-21,old,OKC,LAL,0.012492365249120676
2020-21,old,OKC,MEM,0.04226265594148548
2020-21,old,OKC,MIA,0.0
2020-21,old,OKC,MIL,9.898795400366783e-10
2020-21,old,OKC,MIN,0.1050027782118294
2020-21,old,OKC,NOP,0.08709302958739489
2020-21,old,OKC,NYK,0.06700576943842253
2020-21,old,OKC,ORL,0.07923826065374136
2020-21,old,OKC,PHI,0.01159482766320158
2020-21,old,OKC,PHX,0.021221816843493252
2020-21,old,OKC,POR,0.012868534552700138
2020-21,old,OKC,SAC,0.055920025309660795
2020-21,old,OKC,SAS,0.06423494935089873
2020-21,old,OKC,TOR,0.061152915411519126
2020-21,old,OKC,UTA,0.008426724166513005
2020-21,old,OKC,WAS,0.04625056426419093
2020-21,old,ORL,ATL,0.0268852241679477
2020-21,old,ORL,BKN,0.05115113141970581
2020-21,old,ORL,BOS,0.026583677355412054
2020-21,old,ORL,CHA,0.025702206221680457
2020-21,old,ORL,CHI,0.04108531463695592
2020-21,old,ORL,CLE,0.06995040290365177
2020-21,old,ORL,DAL,0.0
2020-21,old,ORL,DEN,0.040751471413940775
2020-21,old,ORL,DET,0.04252774765030559
2020-21,old,ORL,GSW,0.1136531900191369
2020-21,old,ORL,HOU,0.09745881334863556
2020-21,old,ORL,IND,0.02189331941050417
2020-21,old,ORL,LAC,0.04621174582697707
2020-21,old,ORL,LAL,0.038201968155695466
2020-21,old,ORL,MEM,0.027895661107334
2020-21,old,ORL,MIA,0.0
2020-21,old,ORL,MIL,4.946450717415423e-10
2020-21,old,ORL,MIN,0.08517155231378089
2020-21,old,ORL,NOP,0.018894362825873957
2020-21,old,ORL,NYK,0.08457730584191679
2020-21,old,ORL,OKC,0.048516702481529436
2020-21,old,ORL,PHI,0.014189655325247044
2020-21,old,ORL,PHX,0.015180449465487906
2020-21,old,ORL,POR,0.028507273814817564
2020-21,old,ORL,SAC,0.028140265853267458
2020-21,old,ORL,SAS,0.031084371295159206
2020-21,old,ORL,TOR,0.022473315689691284
2020-21,old,ORL,UTA,0.0028243534895591436
2020-21,old,ORL,WAS,0.04976422013578929
2020-21,old,PHI,ATL,0.021563691437288295
2020-21,old,PHI,BKN,0.11201778018072342
2020-21,old,PHI,BOS,0.018340136377690133
2020-21,old,PHI,CHA,0.03577482948240135
2020-21,old,PHI,CHI,0.019811947309579848
2020-21,old,PHI,CLE,0.0269564125970775
2020-21,old,PHI,DAL,0.0
2020-21,old,PHI,DEN,0.1032439245023083
2020-21,old,PHI,DET,0.005941541028321428
2020-21,old,PHI,GSW,0.045186657699914354
2020-21,old,PHI,HOU,0.10923165761526468
2020-21,old,PHI,IND,0.024353790832569458
2020-21,old,PHI,LAC,0.14636503274349802
2020-21,old,PHI,LAL,0.03532875087352785
2020-21,old,PHI,MEM,0.03158328113841733
2020-21,old,PHI,MIA,0.0
2020-21,old,PHI,MIL,0.0
2020-21,old,PHI,MIN,0.036075694605096645
2020-21,old,PHI,NOP,0.02199683092517951
2020-21,old,PHI,NYK,0.087524136579074
2020-21,old,PHI,OKC,0.06495743528919712
2020-21,old,PHI,ORL,0.01585105696969033
2020-21,old,PHI,PHX,0.09082169020421076
2020-21,old,PHI,POR,0.025754579933950326
2020-21,old,PHI,SAC,0.03321029567382179
2020-21,old,PHI,SAS,0.04142030133979781
2020-21,old,PHI,TOR,0.017354211846573882
2020-21,old,PHI,UTA,0.030491379560051685
2020-21,old,PHI,WAS,0.028568456622069624
2020-21,old,PHX,ATL,0.053811176539658855
2020-21,old,PHX,BKN,0.06891594894372874
2020-21,old,PHX,BOS,0.04752885191961325
2020-21,old,PHX,CHA,0.0433941093372575
2020-21,old,PHX,CHI,0.025119738429515547
2020-21,old,PHX,CLE,0.01698211677381997
2020-21,old,PHX,DAL,0.0
2020-21,old,PHX,DEN,0.05481992323864981
2020-21,old,PHX,DET,0.007517780045806107
2020-21,old,PHX,GSW,0.03551959786637132
2020-21,old,PHX,HOU,0.1417796570867509
2020-21,old,PHX,IND,0.04927516620474598
2020-21,old,PHX,LAC,0.08942995753522624
2020-21,old,PHX,LAL,0.05724605841970697
2020-21,old,PHX,MEM,0.03422793944932696
2020-21,old,PHX,MIA,0.0
2020-21,old,PHX,MIL,1.4208138023165922e-06
2020-21,old,PHX,MIN,0.015547908150984531
2020-21,old,PHX,NOP,0.024047464139168393
2020-21,old,PHX,NYK,0.07746232127207642
2020-21,old,PHX,OKC,0.07918076492852032
2020-21,old,PHX,ORL,0.02590593415556794
2020-21,old,PHX,PHI,0.12239008686970917
2020-21,old,PHX,POR,0.011965786810775673
2020-21,old,PHX,SAC,0.016028744477652544
2020-21,old,PHX,SAS,0.01647105824906502
2020-21,old,PHX,TOR,0.01933819907770277
2020-21,old,PHX,UTA,0.08600646576715697
2020-21,old,PHX,WAS,0.0318842757814013
2020-21,old,POR,ATL,0.0982027832998078
2020-21,old,POR,BKN,0.04345474127348882
2020-21,old,POR,BOS,0.05042508897817139
2020-21,old,POR,CHA,0.037690118987467054
2020-21,old,POR,CHI,0.015604350787641195
2020-21,old,POR,CLE,0.006114754672673693
2020-21,old,POR,DAL,0.0
2020-21,old,POR,DEN,0.03415252977217847
2020-21,old,POR,DET,0.0025148168088996717
2020-21,old,POR,GSW,0.055180712907069863
2020-21,old,POR,HOU,0.46571246363800667
2020-21,old,POR,IND,0.029829733030526447
2020-21,old,POR,LAC,0.04367133642641169
2020-21,old,POR,LAL,0.18555811009173506
2020-21,old,POR,MEM,0.05623224490683737
2020-21,old,POR,MIA,0.0
2020-21,old,POR,MIL,1.407566295497251e-06
2020-21,old,POR,MIN,0.009356696096602711
2020-21,old,POR,NOP,0.03211338583871021
2020-21,old,POR,NYK,0.22190056006769598
2020-21,old,POR,OKC,0.06615705807271799
2020-21,old,POR,ORL,0.009087193602836012
2020-21,old,POR,PHI,0.04069288799916555
2020-21,old,POR,PHX,0.026890927009787666
2020-21,old,POR,SAC,0.01308435815287565
2020-21,old,POR,SAS,0.030545956239597882
2020-21,old,POR,TOR,0.007589487487368963
2020-21,old,POR,UTA,0.00788254315683875
2020-21,old,POR,WAS,0.018613220737477707
2020-21,old,SAC,ATL,0.021731405958577445
2020-21,old,SAC,BKN,0.01030684279934262
2020-21,old,SAC,BOS,0.026510592495477128
2020-21,old,SAC,CHA,0.028355105550656345
2020-21,old,SAC,CHI,0.16814631505008212
2020-21,old,SAC,CLE,0.03212723403988216
2020-21,old,SAC,DAL,0.0
2020-21,old,SAC,DEN,0.011967552514340953
2020-21,old,SAC,DET,0.012833512976287927
2020-21,old,SAC,GSW,0.06824767457343246
2020-21,old,SAC,HOU,0.0678106143020422
2020-21,old,SAC,IND,0.035241474395945736
2020-21,old,SAC,LAC,0.015951508725351043
2020-21,old,SAC,LAL,0.020063553626591624
2020-21,old,SAC,MEM,0.04337899073475608
2020-21,old,SAC,MIA,0.0
2020-21,old,SAC,MIL,2.6927811643319945e-10
2020-21,old,SAC,MIN,0.030165154640959382
2020-21,old,SAC,NOP,0.1504860808537744
2020-21,old,SAC,NYK,0.12088640236262062
2020-21,old,SAC,OKC,0.05030387918785985
2020-21,old,SAC,ORL,0.08217667898144644
2020-21,old,SAC,PHI,0.01090409498517241
2020-21,old,SAC,PHX,0.023799274944125454
2020-21,old,SAC,POR,0.060609644647017284
2020-21,old,SAC,SAS,0.06714262529475512
2020-21,old,SAC,TOR,0.07972739199548871
2020-21,old,SAC,UTA,0.0028965517626433025
2020-21,old,SAC,WAS,0.05360989695285898
2020-21,old,SAS,ATL,0.04841877108224927
2020-21,old,SAS,BKN,0.03529956922185976
2020-21,old,SAS,BOS,0.03728599836325303
2020-21,old,SAS,CHA,0.08243541787787201
2020-21,old,SAS,CHI,0.04198532819116238
2020-21,old,SAS,CLE,0.012061836906256571
2020-21,old,SAS,DAL,0.0
2020-21,old,SAS,DEN,0.04237247450181521
2020-21,old,SAS,DET,0.003097791006439365
2020-21,old,SAS,GSW,0.0961784568171492
2020-21,old,SAS,HOU,0.17353771793941938
2020-21,old,SAS,IND,0.10177030345850979
2020-21,old,SAS,LAC,0.0357828663360199
2020-21,old,SAS,LAL,0.04400444136459524
2020-21,old,SAS,MEM,0.0643846083800054
2020-21,old,SAS,MIA,0.0
2020-21,old,SAS,MIL,4.3825778670065535e-09
2020-21,old,SAS,MIN,0.0014672836886300807
2020-21,old,SAS,NOP,0.1209635469106381
2020-21,old,SAS,NYK,0.10016293438998265
2020-21,old,SAS,OKC,0.08548141189846854
2020-21,old,SAS,ORL,0.022407038978997203
2020-21,old,SAS,PHI,0.029254310530337405
2020-21,old,SAS,PHX,0.030735803525079104
2020-21,old,SAS,POR,0.12147844889745166
2020-21,old,SAS,SAC,0.06472039587911194
2020-21,old,SAS,TOR,0.034901440517854265
2020-21,old,SAS,UTA,0.014529094924459814
2020-21,old,SAS,WAS,0.08452900706075386
2020-21,old,TOR,ATL,0.026600742385612275
2020-21,old,TOR,BKN,0.031175916080306898
2020-21,old,TOR,BOS,0.032054756494490674
2020-21,old,TOR,CHA,0.041964166259478554
2020-21,old,TOR,CHI,0.1791947233998795
2020-21,old,TOR,CLE,0.027091902837219486
2020-21,old,TOR,DAL,0.0
2020-21,old,TOR,DEN,0.03587390533896125
2020-21,old,TOR,DET,0.006606411614700156
2020-21,old,TOR,GSW,0.03583247421269431
2020-21,old,TOR,HOU,0.07188819859240274
2020-21,old,TOR,IND,0.040409399805847526
2020-21,old,TOR,LAC,0.02727936430272229
2020-21,old,TOR,LAL,0.0244792931542574
2020-21,old,TOR,MEM,0.024243556614671268
2020-21,old,TOR,MIA,0.0
2020-21,old,TOR,MIL,2.7365646248672852e-09
2020-21,old,TOR,MIN,0.0019788071208597852
2020-21,old,TOR,NOP,0.0791373419717858
2020-21,old,TOR,NYK,0.0653524558344725
2020-21,old,TOR,OKC,0.04452936420201099
2020-21,old,TOR,ORL,0.07569665831440843
2020-21,old,TOR,PHI,0.03033512945720477
2020-21,old,TOR,PHX,0.019539384647695637
2020-21,old,TOR,POR,0.02284617462109148
2020-21,old,TOR,SAC,0.0924088583816014
2020-21,old,TOR,SAS,0.0434314222930729
2020-21,old,TOR,UTA,0.0031250000521058923
2020-21,old,TOR,WAS,0.08933276552962656
2020-21,old,UTA,ATL,0.026673344744091228
2020-21,old,UTA,BKN,0.03204714465326357
2020-21,old,UTA,BOS,0.023709906128729696
2020-21,old,UTA,CHA,0.02722342163366599
2020-21,old,UTA,CHI,0.05863933357468059
2020-21,old,UTA,CLE,0.021815742515102456
2020-21,old,UTA,DAL,0.0
2020-21,old,UTA,DEN,0.02178876052500422
2020-21,old,UTA,DET,0.006233836061297109
2020-21,old,UTA,GSW,0.04757640968921808
2020-21,old,UTA,HOU,0.07032462330322804
2020-21,old,UTA,IND,0.024874718647940115
2020-21,old,UTA,LAC,0.04095932141048753
2020-21,old,UTA,LAL,0.036262497352354296
2020-21,old,UTA,MEM,0.026831912555384863
2020-21,old,UTA,MIA,0.0
2020-21,old,UTA,MIL,8.110888396166846e-10
2020-21,old,UTA,MIN,0.011027789980637285
2020-21,old,UTA,NOP,0.06858361587154646
2020-21,old,UTA,NYK,0.08320334239832156
2020-21,old,UTA,OKC,0.035707705047820566
2020-21,old,UTA,ORL,0.04096409763982314
2020-21,old,UTA,PHI,0.05319073316079147
2020-21,old,UTA,PHX,0.10787537115147633
2020-21,old,UTA,POR,0.01922494630674542
2020-21,old,UTA,SAC,0.03568582104480185
2020-21,old,UTA,SAS,0.02827899796284092
2020-21,old,UTA,TOR,0.03557916635453558
2020-21,old,UTA,WAS,0.03367581884397572
2020-21,old,WAS,ATL,0.02825413304896058
2020-21,old,WAS,BKN,0.012280172287679181
2020-21,old,WAS,BOS,0.030816983477995507
2020-21,old,WAS,CHA,0.09996198059455914
2020-21,old,WAS,CHI,0.1027597635004676
2020-21,old,WAS,CLE,0.031524460370461777
2020-21,old,WAS,DAL,0.0
2020-21,old,WAS,DEN,0.012168220964041462
2020-21,old,WAS,DET,0.011477640169142777
2020-21,old,WAS,GSW,0.04373173371260518
2020-21,old,WAS,HOU,0.08154094791011343
2020-21,old,WAS,IND,0.10178896886965035
2020-21,old,WAS,LAC,0.009206896587816904
2020-21,old,WAS,LAL,0.029959850468408464
2020-21,old,WAS,MEM,0.028947403847760983
2020-21,old,WAS,MIA,0.0
2020-21,old,WAS,MIL,4.447310089543458e-10
2020-21,old,WAS,MIN,0.027274193432680505
2020-21,old,WAS,NOP,0.07514863389678228
2020-21,old,WAS,NYK,0.10690362321761655
2020-21,old,WAS,OKC,0.047499999841313874
2020-21,old,WAS,ORL,0.028903192074294155
2020-21,old,WAS,PHI,0.005792025929830711
2020-21,old,WAS,PHX,0.0021382274447118337
2020-21,old,WAS,POR,0.04387823283989465
2020-21,old,WAS,SAC,0.0514610679587041
2020-21,old,WAS,SAS,0.07553086611967742
2020-21,old,WAS,TOR,0.08248824587957763
2020-21,old,WAS,UTA,0.0013717672482518285
2021-22,new,ATL,BKN,0.025267039366382398
2021-22,new,ATL,BOS,0.0037703755542645057
2021-22,new,ATL,CHA,0.2868831257758447
2021-22,new,ATL,CHI,0.04284083704800119
2021-22,new,ATL,CLE,0.4361520166734808
2021-22,new,ATL,DAL,0.02874521713135092
2021-22,new,ATL,DEN,0.02669706540087646
2021-22,new,ATL,DET,0.0011610325395304247
2021-22,new,ATL,GSW,0.016634698260559477
2021-22,new,ATL,HOU,0.3844725230159961
2021-22,new,ATL,IND,0.32140482490770594
2021-22,new,ATL,LAC,0.0
2021-22,new,ATL,LAL,0.0
2021-22,new,ATL,MEM,0.04246892196348481
2021-22,new,ATL,MIA,0.019560614509712745
2021-22,new,ATL,MIL,0.028765831566806812
2021-22,new,ATL,MIN,0.017685567401048468
2021-22,new,ATL,NOP,0.015223196459749587
2021-22,new,ATL,NYK,0.009508996221505297
2021-22,new,ATL,OKC,0.0125403178687445
2021-22,new,ATL,ORL,0.003342134854568123
2021-22,new,ATL,PHI,0.0
2021-22,new,ATL,PHX,0.0
2021-22,new,ATL,POR,0.0018488844473288012
2021-22,new,ATL,SAC,0.00019080478383612303
2021-22,new,ATL,SAS,0.1530510314061365
2021-22,new,ATL,TOR,0.1260439638420863
2021-22,new,ATL,UTA,8.364360582822098e-05
2021-22,new,ATL,WAS,0.024397992920607542
2021-22,new,BKN,ATL,0.3893651147661331
2021-22,new,BKN,BOS,0.006071754136104071
2021-22,new,BKN,CHA,0.2428498883394966
2021-22,new,BKN,CHI,0.03702721726482729
2021-22,new,BKN,CLE,0.23732250263661758
2021-22,new,BKN,DAL,0.03941806543147009
2021-22,new,BKN,DEN,0.03338025268788976
2021-22,new,BKN,DET,0.0008075841619885412
2021-22,new,BKN,GSW,0.03354316037327627
2021-22,new,BKN,HOU,1.1364870685499344
2021-22,new,BKN,IND,0.2803523908576834
2021-22,new,BKN,LAC,0.0
2021-22,new,BKN,LAL,0.0
2021-22,new,BKN,MEM,0.07979999855982456
2021-22,new,BKN,MIA,0.023392780409876964
2021-22,new,BKN,MIL,0.04405003566818574
2021-22,new,BKN,MIN,0.014737857869903538
2021-22,new,BKN,NOP,0.01691511865980076
2021-22,new,BKN,NYK,0.0033089866707865863
2021-22,new,BKN,OKC,0.006625137723673337
2021-22,new,BKN,ORL,0.00023540075771804906
2021-22,new,BKN,PHI,0.0
2021-22,new,BKN,PHX,0.0
2021-22,new,BKN,POR,0.00187146237811656
2021-22,new,BKN,SAC,0.0002471062057385756
2021-22,new,BKN,SAS,0.165997864127451
2021-22,new,BKN,TOR,0.11266111749900844
2021-22,new,BKN,UTA,0.00010455450728527625
2021-22,new,BKN,WAS,0.019658953312955963
2021-22,new,BOS,ATL,0.04229898101707099
2021-22,new,BOS,BKN,0.12723677701174266
2021-22,new,BOS,CHA,0.01626624210368093
2021-22,new,BOS,CHI,0.06468614150192825
2021-22,new,BOS,CLE,0.05093247886427553
2021-22,new,BOS,DAL,0.07859268755095025
2021-22,new,BOS,DEN,0.08785319842623218
2021-22,new,BOS,DET,0.002407475955839705
2021-22,new,BOS,GSW,0.04181178225326033
2021-22,new,BOS,HOU,0.10366406250046567
2021-22,new,BOS,IND,0.048055804024001614
2021-22,new,BOS,LAC,0.0
2021-22,new,BOS,LAL,0.0
2021-22,new,BOS,MEM,0.10516859559242785
2021-22,new,BOS,MIA,0.03451831907674205
2021-22,new,BOS,MIL,0.09248441380003214
2021-22,new,BOS,MIN,0.053185193759137314
2021-22,new,BOS,NOP,0.0010569631347613624
2021-22,new,BOS,NYK,0.0012525219877987433
2021-22,new,BOS,OKC,0.003848487789685758
2021-22,new,BOS,ORL,0.002467888416938186
2021-22,new,BOS,PHI,0.0
2021-22,new,BOS,PHX,0.0
2021-22,new,BOS,POR,0.000396966753180785
2021-22,new,BOS,SAC,0.00013401871799472034
2021-22,new,BOS,SAS,0.9177029597647322
2021-22,new,BOS,TOR,0.055825307059127485
2021-22,new,BOS,UTA,0.0026609122073920116
2021-22,new,BOS,WAS,0.011355842288040109
2021-22,new,CHA,ATL,0.12345515745213802
2021-22,new,CHA,BKN,0.08243174164719268
2021-22,new,CHA,BOS,0.004466155875582539
2021-22,new,CHA,CHI,0.03368526672505424
2021-22,new,CHA,CLE,0.20723503903832843
2021-22,new,CHA,DAL,0.03848482871632361
2021-22,new,CHA,DEN,0.03727175961733054
2021-22,new,CHA,DET,0.0011221463597692117
2021-22,new,CHA,GSW,0.025662942478656046
2021-22,new,CHA,HOU,0.4134617470748771
2021-22,new,CHA,IND,0.1358500776512389
2021-22,new,CHA,LAC,0.0
2021-22,new,CHA,LAL,0.0
2021-22,new,CHA,MEM,0.08097229464427703
2021-22,new,CHA,MIA,0.01255387945197009
2021-22,new,CHA,MIL,0.04386179823432167
2021-22,new,CHA,MIN,0.03745991715405674
2021-22,new,CHA,NOP,0.009011587031558648
2021-22,new,CHA,NYK,0.00915846470421428
2021-22,new,CHA,OKC,0.012831041765902197
2021-22,new,CHA,ORL,0.001886677793576821
2021-22,new,CHA,PHI,0.0
2021-22,new,CHA,PHX,0.0
2021-22,new,CHA,POR,0.013116575309054987
2021-22,new,CHA,SAC,0.0003923508991129925
2021-22,new,CHA,SAS,0.10610042781481609
2021-22,new,CHA,TOR,0.05747338321482754
2021-22,new,CHA,UTA,0.0011135055011781613
2021-22,new,CHA,WAS,0.038337534713036255
2021-22,new,CHI,ATL,0.018713773248207353
2021-22,new,CHI,BKN,0.0923101807019712
2021-22,new,CHI,BOS,0.0033722154215749837
2021-22,new,CHI,CHA,0.041165856883051424
2021-22,new,CHI,CLE,0.11067940007243593
2021-22,new,CHI,DAL,0.06177616410176943
2021-22,new,CHI,DEN,0.06212278383968152
2021-22,new,CHI,DET,2.4303918538047097e-05
2021-22,new,CHI,GSW,0.03480280184058537
2021-22,new,CHI,HOU,0.07908162769269406
2021-22,new,CHI,IND,0.09436024082744646
2021-22,new,CHI,LAC,0.0
2021-22,new,CHI,LAL,0.0
2021-22,new,CHI,MEM,0.11398282872384799
2021-22,new,CHI,MIA,0.019208513159497547
2021-22,new,CHI,MIL,0.05076629176471216
2021-22,new,CHI,MIN,0.06300885003501426
2021-22,new,CHI,NOP,0.01370267644293155
2021-22,new,CHI,NYK,0.0006230769722797266
2021-22,new,CHI,OKC,0.01210970303195846
2021-22,new,CHI,ORL,0.00036108668561986437
2021-22,new,CHI,PHI,0.0
2021-22,new,CHI,PHX,0.0
2021-22,new,CHI,POR,0.01665333797838998
2021-22,new,CHI,SAC,0.0008030601377874425
2021-22,new,CHI,SAS,0.1241763387926536
2021-22,new,CHI,TOR,0.07983221784015235
2021-22,new,CHI,UTA,5.227725364263812e-06
2021-22,new,CHI,WAS,0.005696050848582517
2021-22,new,CLE,ATL,0.31392055274153274
2021-22,new,CLE,BKN,0.1689133513151965
2021-22,new,CLE,BOS,0.006935028034351237
2021-22,new,CLE,CHA,0.09706372142576045
2021-22,new,CLE,CHI,0.11095627518985725
2021-22,new,CLE,DAL,0.06055021458304918
2021-22,new,CLE,DEN,0.042468905130490064
2021-22,new,CLE,DET,0.0011867251722096311
2021-22,new,CLE,GSW,0.03639914180161151
2021-22,new,CLE,HOU,0.24416864415128905
2021-22,new,CLE,IND,0.8570418471579172
2021-22,new,CLE,LAC,0.0
2021-22,new,CLE,LAL,0.0
2021-22,new,CLE,MEM,0.05920160108717468
2021-22,new,CLE,MIA,0.02273141182872772
2021-22,new,CLE,MIL,0.06236664493062218
2021-22,new,CLE,MIN,0.04481809498370647
2021-22,new,CLE,NOP,0.024128921183065387
2021-22,new,CLE,NYK,0.001910332888676166
2021-22,new,CLE,OKC,0.014792066404895103
2021-22,new,CLE,ORL,0.0011360342317424635
2021-22,new,CLE,PHI,0.0
2021-22,new,CLE,PHX,0.0
2021-22,new,CLE,POR,0.007643197019073154
2021-22,new,CLE,SAC,0.00012805913680275465
2021-22,new,CLE,SAS,0.13248737443230585
2021-22,new,CLE,TOR,0.16993652686508073
2021-22,new,CLE,UTA,0.0006900597490989485
2021-22,new,CLE,WAS,0.008887060684022454
2021-22,new,DAL,ATL,0.04584747710298086
2021-22,new,DAL,BKN,0.1550627458604692
2021-22,new,DAL,BOS,0.0002909147275655915
2021-22,new,DAL,CHA,0.023494963343315908
2021-22,new,DAL,CHI,0.05435118709500158
2021-22,new,DAL,CLE,0.012570999523014971
2021-22,new,DAL,DEN,0.10307775590185664
2021-22,new,DAL,DET,0.0005284364423883306
2021-22,new,DAL,GSW,0.08573858185174499
2021-22,new,DAL,HOU,0.05772737038845661
2021-22,new,DAL,IND,0.06854600057548381
2021-22,new,DAL,LAC,0.0
2021-22,new,DAL,LAL,0.0
2021-22,new,DAL,MEM,0.21195979266608614
2021-22,new,DAL,MIA,0.058602909820017826
2021-22,new,DAL,MIL,0.12169114937945591
2021-22,new,DAL,MIN,0.04919210109031814
2021-22,new,DAL,NOP,0.04437689319596724
2021-22,new,DAL,NYK,0.0006342929285754756
2021-22,new,DAL,OKC,0.010360486794383816
2021-22,new,DAL,ORL,0.0007409220228557136
2021-22,new,DAL,PHI,0.0
2021-22,new,DAL,PHX,0.0
2021-22,new,DAL,POR,0.009525540370238936
2021-22,new,DAL,SAC,0.00038884296421954414
2021-22,new,DAL,SAS,0.14439739333228602
2021-22,new,DAL,TOR,0.02449131366490858
2021-22,new,DAL,UTA,0.001897664308273996
2021-22,new,DAL,WAS,0.0007966767611154362
2021-22,new,DEN,ATL,0.029053689347992056
2021-22,new,DEN,BKN,0.10329977750793502
2021-22,new,DEN,BOS,0.0006660377876963545
2021-22,new,DEN,CHA,0.01830347241379406
2021-22,new,DEN,CHI,0.08587375946046137
2021-22,new,DEN,CLE,0.031102725655474738
2021-22,new,DEN,DAL,0.08396467257761006
2021-22,new,DEN,DET,0.00232345365717704
2021-22,new,DEN,GSW,0.023794955841066407
2021-22,new,DEN,HOU,0.04200296374168327
2021-22,new,DEN,IND,0.06714167647739926
2021-22,new,DEN,LAC,0.0
2021-22,new,DEN,LAL,0.0
2021-22,new,DEN,MEM,0.1290867708727634
2021-22,new,DEN,MIA,0.027734914059381416
2021-22,new,DEN,MIL,0.07454391811716679
2021-22,new,DEN,MIN,0.2961392317208613
2021-22,new,DEN,NOP,0.03570901443935143
2021-22,new,DEN,NYK,0.00020323123885771497
2021-22,new,DEN,OKC,0.014080202278851978
2021-22,new,DEN,ORL,0.0032463079502272644
2021-22,new,DEN,PHI,0.0
2021-22,new,DEN,PHX,0.0
2021-22,new,DEN,POR,0.0044298885256770955
2021-22,new,DEN,SAC,0.00041715508462747777
2021-22,new,DEN,SAS,0.204479420267299
2021-22,new,DEN,TOR,0.016463989271776818
2021-22,new,DEN,UTA,0.010612282485897845
2021-22,new,DEN,WAS,5.2722443141302124e-05
2021-22,new,DET,ATL,0.13723639252998543
2021-22,new,DET,BKN,0.12267373294348512
2021-22,new,DET,BOS,0.0027442694542176085
2021-22,new,DET,CHA,0.04987972657400883
2021-22,new,DET,CHI,0.0367709486770886
2021-22,new,DET,CLE,0.05572825407041772
2021-22,new,DET,DAL,0.04835813682564738
2021-22,new,DET,DEN,0.03146693495037245
2021-22,new,DET,GSW,0.03453663803476455
2021-22,new,DET,HOU,0.09823383695510181
2021-22,new,DET,IND,0.06791965135489056
2021-22,new,DET,LAC,0.0
2021-22,new,DET,LAL,0.0
2021-22,new,DET,MEM,0.032789045647262136
2021-22,new,DET,MIA,0.01250107778539351
2021-22,new,DET,MIL,0.05846446078194058
2021-22,new,DET,MIN,0.01657058846587084
2021-22,new,DET,NOP,0.009603698606432426
2021-22,new,DET,NYK,0.0022353150982866443
2021-22,new,DET,OKC,0.03670493016704514
2021-22,new,DET,ORL,0.011021475606575189
2021-22,new,DET,PHI,0.0
2021-22,new,DET,PHX,0.0
2021-22,new,DET,POR,0.0014036274151093778
2021-22,new,DET,SAC,0.0005009354955857284
2021-22,new,DET,SAS,0.1834206080747889
2021-22,new,DET,TOR,0.06508729586221994
2021-22,new,DET,UTA,4.1821802914110495e-05
2021-22,new,DET,WAS,0.005238569882285995
2021-22,new,GSW,ATL,0.005627741206132486
2021-22,new,GSW,BKN,0.09401639109440268
2021-22,new,GSW,BOS,3.4331844628844733e-06
2021-22,new,GSW,CHA,0.019413632762331157
2021-22,new,GSW,CHI,0.04812488881485416
2021-22,new,GSW,CLE,0.008867666112904585
2021-22,new,GSW,DAL,0.11687433708712294
2021-22,new,GSW,DEN,0.042570801850950316
2021-22,new,GSW,DET,0.0015026759766724664
2021-22,new,GSW,HOU,0.012028556249951467
2021-22,new,GSW,IND,0.02267143677078099
2021-22,new,GSW,LAC,0.0
2021-22,new,GSW,LAL,0.0
2021-22,new,GSW,MEM,0.14508568725666254
2021-22,new,GSW,MIA,0.10258943999876621
2021-22,new,GSW,MIL,0.10530189481772861
2021-22,new,GSW,MIN,0.04990265764641288
2021-22,new,GSW,NOP,0.05592632036595676
2021-22,new,GSW,NYK,0.000470221399313671
2021-22,new,GSW,OKC,0.03765615012598948
2021-22,new,GSW,ORL,0.0
2021-22,new,GSW,PHI,0.0
2021-22,new,GSW,PHX,0.0
2021-22,new,GSW,POR,0.02162325268745058
2021-22,new,GSW,SAC,0.0007518796651568446
2021-22,new,GSW,SAS,0.12552682839451157
2021-22,new,GSW,TOR,0.005489327906250074
2021-22,new,GSW,UTA,0.0009984955449130967
2021-22,new,GSW,WAS,0.0001166823942075381
2021-22,new,HOU,ATL,0.06208765314602119
2021-22,new,HOU,BKN,0.02849784520799936
2021-22,new,HOU,BOS,0.0
2021-22,new,HOU,CHA,0.10646955233129624
2021-22,new,HOU,CHI,0.04193720615897072
2021-22,new,HOU,CLE,0.10465054333590161
2021-22,new,HOU,DAL,0.01657967855947359
2021-22,new,HOU,DEN,0.05066692714041235
2021-22,new,HOU,DET,0.004136525551048494
2021-22,new,HOU,GSW,0.023037242834420636
2021-22,new,HOU,IND,0.07521852517539879
2021-22,new,HOU,LAC,0.0
2021-22,new,HOU,LAL,0.0
2021-22,new,HOU,MEM,0.1426905812075822
2021-22,new,HOU,MIA,0.020154094951596622
2021-22,new,HOU,MIL,0.024362069320270855
2021-22,new,HOU,MIN,0.034875786305471175
2021-22,new,HOU,NOP,0.0803633065524221
2021-22,new,HOU,NYK,1.2646097703540805e-05
2021-22,new,HOU,OKC,0.055876221452541
2021-22,new,HOU,ORL,0.004079585022526426
2021-22,new,HOU,PHI,0.0
2021-22,new,HOU,PHX,0.0
2021-22,new,HOU,POR,0.03020736339916704
2021-22,new,HOU,SAC,0.0010243652971265531
2021-22,new,HOU,SAS,0.06809771338330617
2021-22,new,HOU,TOR,4.005609591770516e-05
2021-22,new,HOU,UTA,0.004872240038786349
2021-22,new,HOU,WAS,3.730883290041556e-05
2021-22,new,IND,ATL,0.028296396328688737
2021-22,new,IND,BKN,0.10064361543287997
2021-22,new,IND,BOS,0.0012050636455983449
2021-22,new,IND,CHA,0.07894575405530273
2021-22,new,IND,CHI,0.04183738872440229
2021-22,new,IND,CLE,0.06589775197088002
2021-22,new,IND,DAL,0.03094186707378459
2021-22,new,IND,DEN,0.028660560674034052
2021-22,new,IND,DET,0.0024880260829339587
2021-22,new,IND,GSW,0.02900366767712042
2021-22,new,IND,HOU,0.0887672417219086
2021-22,new,IND,LAC,0.0
2021-22,new,IND,LAL,0.0
2021-22,new,IND,MEM,0.04078303268482253
2021-22,new,IND,MIA,0.016574622910521954
2021-22,new,IND,MIL,0.031432732617294554
2021-22,new,IND,MIN,0.027292333346104616
2021-22,new,IND,NOP,0.02704737173383992
2021-22,new,IND,NYK,0.002227579954943582
2021-22,new,IND,OKC,0.00792063055370034
2021-22,new,IND,ORL,0.0021838799554574633
2021-22,new,IND,PHI,0.0
2021-22,new,IND,PHX,0.0
2021-22,new,IND,POR,0.005039249671017701
2021-22,new,IND,SAC,0.0003874593675063493
2021-22,new,IND,SAS,0.13324285448002982
2021-22,new,IND,TOR,0.02513599474834626
2021-22,new,IND,UTA,0.0014533076499882835
2021-22,new,IND,WAS,0.0007037840065111592
2021-22,new,LAC,ATL,0.021721559531642464
2021-22,new,LAC,BKN,0.06306011752079187
2021-22,new,LAC,BOS,0.00123251322584863
2021-22,new,LAC,CHA,0.07525113938594713
2021-22,new,LAC,CHI,0.037105840379426186
2021-22,new,LAC,CLE,0.03146280386612049
2021-22,new,LAC,DAL,0.03662169358679452
2021-22,new,LAC,DEN,0.03947427984210568
2021-22,new,LAC,DET,0.002053333107226629
2021-22,new,LAC,GSW,0.018537034774793747
2021-22,new,LAC,HOU,0.02728017270858079
2021-22,new,LAC,IND,0.02274942900038099
2021-22,new,LAC,LAL,0.0
2021-22,new,LAC,MEM,0.16630597386644644
2021-22,new,LAC,MIA,0.02355926748838854
2021-22,new,LAC,MIL,0.028127361245391638
2021-22,new,LAC,MIN,0.07823147132093566
2021-22,new,LAC,NOP,0.13968526543679372
2021-22,new,LAC,NYK,0.0017251311629141923
2021-22,new,LAC,OKC,0.19644960585894491
2021-22,new,LAC,ORL,0.0010075706143643087
2021-22,new,LAC,PHI,0.0
2021-22,new,LAC,PHX,0.0
2021-22,new,LAC,POR,0.09399978346450916
2021-22,new,LAC,SAC,0.0006558862223322775
2021-22,new,LAC,SAS,0.06656396896777657
2021-22,new,LAC,TOR,0.03283367617788947
2021-22,new,LAC,UTA,0.0019394861107540585
2021-22,new,LAC,WAS,0.001511980299569155
2021-22,new,LAL,ATL,0.012450942623547751
2021-22,new,LAL,BKN,0.08132246227177255
2021-22,new,LAL,BOS,0.0007347014769339725
2021-22,new,LAL,CHA,0.07436108275480507
2021-22,new,LAL,CHI,0.08882133147309262
2021-22,new,LAL,CLE,0.03920201140843126
2021-22,new,LAL,DAL,0.033573649151244514
2021-22,new,LAL,DEN,0.04592316786144096
2021-22,new,LAL,DET,0.003337273825620035
2021-22,new,LAL,GSW,0.01808422187672665
2021-22,new,LAL,HOU,0.011955549724998182
2021-22,new,LAL,IND,0.030138296709132945
2021-22,new,LAL,LAC,0.0
2021-22,new,LAL,MEM,0.35903205180551817
2021-22,new,LAL,MIA,0.02313604563099316
2021-22,new,LAL,MIL,0.040641877979254906
2021-22,new,LAL,MIN,0.05891088964622149
2021-22,new,LAL,NOP,0.3850302017452577
2021-22,new,LAL,NYK,0.000787584801206196
2021-22,new,LAL,OKC,0.055805987844548426
2021-22,new,LAL,ORL,5.416300663580781e-05
2021-22,new,LAL,PHI,0.0
2021-22,new,LAL,PHX,0.0
2021-22,new,LAL,POR,0.11622520029204818
2021-22,new,LAL,SAC,0.003210507817663773
2021-22,new,LAL,SAS,0.09424412548995481
2021-22,new,LAL,TOR,0.011706149772024898
2021-22,new,LAL,UTA,0.0033360897480928667
2021-22,new,LAL,WAS,9.959496982634762e-05
2021-22,new,MEM,ATL,0.022521515697756855
2021-22,new,MEM,BKN,0.051596509990423374
2021-22,new,MEM,BOS,6.179732033192051e-05
2021-22,new,MEM,CHA,0.04500273597566043
2021-22,new,MEM,CHI,0.03263708198839093
2021-22,new,MEM,CLE,0.03162340578422275
2021-22,new,MEM,DAL,0.03761178257566042
2021-22,new,MEM,DEN,0.030661834377927424
2021-22,new,MEM,DET,0.0017596031311338798
2021-22,new,MEM,GSW,0.07159768249865386
2021-22,new,MEM,HOU,0.05926724152222019
2021-22,new,MEM,IND,0.017984776935311635
2021-22,new,MEM,LAC,0.0
2021-22,new,MEM,LAL,0.0
2021-22,new,MEM,MIA,0.0757079741961708
2021-22,new,MEM,MIL,0.0341533521222049
2021-22,new,MEM,MIN,0.031174055515502286
2021-22,new,MEM,NOP,0.04610746479760784
2021-22,new,MEM,NYK,0.0004945098072845402
2021-22,new,MEM,OKC,0.01656969804022618
2021-22,new,MEM,ORL,0.0019457015691339869
2021-22,new,MEM,PHI,0.0
2021-22,new,MEM,PHX,0.0
2021-22,new,MEM,POR,0.011760813911048678
2021-22,new,MEM,SAC,0.0011800354110808823
2021-22,new,MEM,SAS,0.11474461100477223
2021-22,new,MEM,TOR,0.018327420950257058
2021-22,new,MEM,UTA,0.0005062883937829735
2021-22,new,MEM,WAS,0.0013028117969121201
2021-22,new,MIA,ATL,0.07204839622432807
2021-22,new,MIA,BKN,0.11649737044739972
2021-22,new,MIA,BOS,0.002153057990983519
2021-22,new,MIA,CHA,0.041074348983214166
2021-22,new,MIA,CHI,0.03778840916366507
2021-22,new,MIA,CLE,0.1514952983448498
2021-22,new,MIA,DAL,0.07019016195705828
2021-22,new,MIA,DEN,0.05538485248271801
2021-22,new,MIA,DET,0.0024088647224903845
2021-22,new,MIA,GSW,0.10890226155779915
2021-22,new,MIA,HOU,0.15751373904933835
2021-22,new,MIA,IND,0.11066707902978279
2021-22,new,MIA,LAC,0.0
2021-22,new,MIA,LAL,0.0
2021-22,new,MIA,MEM,0.10667760920349321
2021-22,new,MIA,MIL,0.06164769820319916
2021-22,new,MIA,MIN,0.025677762018097162
2021-22,new,MIA,NOP,0.008797874194614735
2021-22,new,MIA,NYK,0.000585136995421886
2021-22,new,MIA,OKC,0.006715397513972591
2021-22,new,MIA,ORL,0.002009586171516276
2021-22,new,MIA,PHI,0.0
2021-22,new,MIA,PHX,0.0
2021-22,new,MIA,POR,0.005978063835686795
2021-22,new,MIA,SAC,0.00011551000257927155
2021-22,new,MIA,SAS,0.15628807985533966
2021-22,new,MIA,TOR,0.02951785021350211
2021-22,new,MIA,UTA,0.0009253073893944081
2021-22,new,MIA,WAS,0.007150311591989174
2021-22,new,MIL,ATL,0.1860827524906609
2021-22,new,MIL,BKN,0.18615830439182773
2021-22,new,MIL,BOS,0.0036280183169075256
2021-22,new,MIL,CHA,0.04921221699405559
2021-22,new,MIL,CHI,0.037745292484511896
2021-22,new,MIL,CLE,0.0560134715540457
2021-22,new,MIL,DAL,0.10964525209499701
2021-22,new,MIL,DEN,0.06972489490546743
2021-22,new,MIL,DET,0.0017109951159138027
2021-22,new,MIL,GSW,0.06684584904371024
2021-22,new,MIL,HOU,0.12048302829434197
2021-22,new,MIL,IND,0.2377335100689426
2021-22,new,MIL,LAC,0.0
2021-22,new,MIL,LAL,0.0
2021-22,new,MIL,MEM,0.10791922197149749
2021-22,new,MIL,MIA,0.04655765123657304
2021-22,new,MIL,MIN,0.024436049420438102
2021-22,new,MIL,NOP,0.015487737567338063
2021-22,new,MIL,NYK,0.0009460005007676387
2021-22,new,MIL,OKC,0.01488281864916113
2021-22,new,MIL,ORL,0.0005527403571378617
2021-22,new,MIL,PHI,0.0
2021-22,new,MIL,PHX,0.0
2021-22,new,MIL,POR,0.009900370988607392
2021-22,new,MIL,SAC,0.0009418861168505199
2021-22,new,MIL,SAS,0.16817829821943758
2021-22,new,MIL,TOR,0.06337609807789024
2021-22,new,MIL,UTA,0.0008625746862425925
2021-22,new,MIL,WAS,0.00885407889639227
2021-22,new,MIN,ATL,0.025136410508204497
2021-22,new,MIN,BKN,0.07820666388879575
2021-22,new,MIN,BOS,0.0028569349799059188
2021-22,new,MIN,CHA,0.012327341213091321
2021-22,new,MIN,CHI,0.08075809817067521
2021-22,new,MIN,CLE,0.024897427946964003
2021-22,new,MIN,DAL,0.04421201262396764
2021-22,new,MIN,DEN,0.221804473319265
2021-22,new,MIN,DET,0.003240058162047466
2021-22,new,MIN,GSW,0.03133781301698412
2021-22,new,MIN,HOU,0.02365517278603311
2021-22,new,MIN,IND,0.07394823436775712
2021-22,new,MIN,LAC,0.0
2021-22,new,MIN,LAL,0.0
2021-22,new,MIN,MEM,0.09191414445961651
2021-22,new,MIN,MIA,0.027768588562532132
2021-22,new,MIN,MIL,0.04213449180643735
2021-22,new,MIN,NOP,0.06794381323970058
2021-22,new,MIN,NYK,0.0007294792573809013
2021-22,new,MIN,OKC,0.03776468224769244
2021-22,new,MIN,ORL,0.0007423108278428493
2021-22,new,MIN,PHI,0.0
2021-22,new,MIN,PHX,0.0
2021-22,new,MIN,POR,0.02154400711910843
2021-22,new,MIN,SAC,0.0011059185845543058
2021-22,new,MIN,SAS,0.14974240836432423
2021-22,new,MIN,TOR,0.011451214923138116
2021-22,new,MIN,UTA,0.03148056119331409
2021-22,new,MIN,WAS,0.003737655995748929
2021-22,new,NOP,ATL,0.009926385148601594
2021-22,new,NOP,BKN,0.019050604584744776
2021-22,new,NOP,BOS,0.0018641398941916377
2021-22,new,NOP,CHA,0.17263610917352332
2021-22,new,NOP,CHI,0.047016054223363905
2021-22,new,NOP,CLE,0.016780492738658597
2021-22,new,NOP,DAL,0.02883419813035038
2021-22,new,NOP,DEN,0.016404055761387124
2021-22,new,NOP,DET,0.0004562191156739948
2021-22,new,NOP,GSW,0.013663528452234463
2021-22,new,NOP,HOU,0.041100485448661295
2021-22,new,NOP,IND,0.013925598112252906
2021-22,new,NOP,LAC,0.0
2021-22,new,NOP,LAL,0.0
2021-22,new,NOP,MEM,0.14061163026566034
2021-22,new,NOP,MIA,0.01756276951635112
2021-22,new,NOP,MIL,0.02936332995172617
2021-22,new,NOP,MIN,0.02449704487567377
2021-22,new,NOP,NYK,0.002506767069701803
2021-22,new,NOP,OKC,0.05730750306387559
2021-22,new,NOP,ORL,0.00022706796425875936
2021-22,new,NOP,PHI,0.0
2021-22,new,NOP,PHX,0.0
2021-22,new,NOP,POR,0.07557839512696053
2021-22,new,NOP,SAC,0.002644045277452122
2021-22,new,NOP,SAS,0.0556541993304853
2021-22,new,NOP,TOR,0.018954160576610028
2021-22,new,NOP,UTA,0.0003502575996766422
2021-22,new,NOP,WAS,0.004203464492298608
2021-22,new,NYK,ATL,0.10962044629256759
2021-22,new,NYK,BKN,0.0824264516981544
2021-22,new,NYK,BOS,0.0011635057640824952
2021-22,new,NYK,CHA,0.056429559201122116
2021-22,new,NYK,CHI,0.027341492295894387
2021-22,new,NYK,CLE,0.07982905969085394
2021-22,new,NYK,DAL,0.02367160007070573
2021-22,new,NYK,DEN,0.04650747952874397
2021-22,new,NYK,DET,0.0005527403506114532
2021-22,new,NYK,GSW,0.023511702293288746
2021-22,new,NYK,HOU,0.2039797950606866
2021-22,new,NYK,IND,0.10740533344496284
2021-22,new,NYK,LAC,0.0
2021-22,new,NYK,LAL,0.0
2021-22,new,NYK,MEM,0.093623895864523
2021-22,new,NYK,MIA,0.014738416128795883
2021-22,new,NYK,MIL,0.02730167628991757
2021-22,new,NYK,MIN,0.01851665291365673
2021-22,new,NYK,NOP,0.018130958061364534
2021-22,new,NYK,OKC,0.016153095176832416
2021-22,new,NYK,ORL,0.0013665740672588762
2021-22,new,NYK,PHI,0.0
2021-22,new,NYK,PHX,0.0
2021-22,new,NYK,POR,0.003901384919646293
2021-22,new,NYK,SAC,0.0003261228456857021
2021-22,new,NYK,SAS,0.07786096520656144
2021-22,new,NYK,TOR,0.030625097401885713
2021-22,new,NYK,UTA,0.00028752489506461714
2021-22,new,NYK,WAS,0.007281953228461799
2021-22,new,OKC,ATL,0.14479420903887852
2021-22,new,OKC,BKN,0.023982872189286547
2021-22,new,OKC,BOS,1.7775288200435422e-05
2021-22,new,OKC,CHA,0.015502817904884733
2021-22,new,OKC,CHI,0.028097576132716098
2021-22,new,OKC,CLE,0.02054356147176365
2021-22,new,OKC,DAL,0.03255610238695728
2021-22,new,OKC,DEN,0.043099541903911506
2021-22,new,OKC,DET,0.041649955983608246
2021-22,new,OKC,GSW,0.021871596243092487
2021-22,new,OKC,HOU,0.028872306732709744
2021-22,new,OKC,IND,0.03016750597661202
2021-22,new,OKC,LAC,0.0
2021-22,new,OKC,LAL,0.0
2021-22,new,OKC,MEM,0.0975301197273821
2021-22,new,OKC,MIA,0.010436691898262485
2021-22,new,OKC,MIL,0.022748902869661206
2021-22,new,OKC,MIN,0.037587069203481996
2021-22,new,OKC,NOP,0.015746335988221293
2021-22,new,OKC,NYK,0.001587601662920484
2021-22,new,OKC,ORL,0.018578602630505283
2021-22,new,OKC,PHI,0.0
2021-22,new,OKC,PHX,0.0
2021-22,new,OKC,POR,0.008120171429257209
2021-22,new,OKC,SAC,0.0009148923895932531
2021-22,new,OKC,SAS,0.0831919691491943
2021-22,new,OKC,TOR,0.002492367493948128
2021-22,new,OKC,UTA,0.0021904169282512655
2021-22,new,OKC,WAS,0.003436787038778777
2021-22,new,ORL,ATL,0.11291983571274582
2021-22,new,ORL,BKN,0.05061367284869604
2021-22,new,ORL,BOS,0.0011364428358257132
2021-22,new,ORL,CHA,0.03999438202758041
2021-22,new,ORL,CHI,0.03288065895302523
2021-22,new,ORL,CLE,0.034648078663927225
2021-22,new,ORL,DAL,0.02067391499420096
2021-22,new,ORL,DEN,0.02199665498494518
2021-22,new,ORL,DET,0.009581295416904235
2021-22,new,ORL,GSW,0.016350442099511416
2021-22,new,ORL,HOU,0.09339601380764588
2021-22,new,ORL,IND,0.1285843399119152
2021-22,new,ORL,LAC,0.0
2021-22,new,ORL,LAL,0.0
2021-22,new,ORL,MEM,0.026644028201805885
2021-22,new,ORL,MIA,0.013897629397969439
2021-22,new,ORL,MIL,0.018430033304722232
2021-22,new,ORL,MIN,0.01794238203464029
2021-22,new,ORL,NOP,0.0003138104843263386
2021-22,new,ORL,NYK,0.0010390212690474683
2021-22,new,ORL,OKC,0.016077028532053162
2021-22,new,ORL,PHI,0.0
2021-22,new,ORL,PHX,0.0
2021-22,new,ORL,POR,0.0013576873020528229
2021-22,new,ORL,SAC,0.0005528315918084855
2021-22,new,ORL,SAS,0.06854915331988884
2021-22,new,ORL,TOR,0.030388529552139894
2021-22,new,ORL,UTA,0.0006900597482208152
2021-22,new,ORL,WAS,0.004420819543436915
2021-22,new,PHI,ATL,0.08141550342110461
2021-22,new,PHI,BKN,0.9875056770624151
2021-22,new,PHI,BOS,0.0022006712467818627
2021-22,new,PHI,CHA,0.021382079608389525
2021-22,new,PHI,CHI,0.057104473411643944
2021-22,new,PHI,CLE,0.05935272715893665
2021-22,new,PHI,DAL,0.11510109167554566
2021-22,new,PHI,DEN,0.07114611003639734
2021-22,new,PHI,DET,0.0008659135918169969
2021-22,new,PHI,GSW,0.08859628390398626
2021-22,new,PHI,HOU,0.08206303894734572
2021-22,new,PHI,IND,0.09146903622631003
2021-22,new,PHI,LAC,0.0
2021-22,new,PHI,LAL,0.0
2021-22,new,PHI,MEM,0.08994047522803537
2021-22,new,PHI,MIA,0.059079742142127765
2021-22,new,PHI,MIL,0.10799590098598603
2021-22,new,PHI,MIN,0.03410738642985585
2021-22,new,PHI,NOP,0.022276488535353876
2021-22,new,PHI,NYK,0.0007030302583167087
2021-22,new,PHI,OKC,0.021086959761277262
2021-22,new,PHI,ORL,0.00023401193458931667
2021-22,new,PHI,PHX,0.0
2021-22,new,PHI,POR,0.011815572865595547
2021-22,new,PHI,SAC,0.00016958290900000633
2021-22,new,PHI,SAS,0.22718487279440558
2021-22,new,PHI,TOR,0.059207936296197985
2021-22,new,PHI,UTA,0.0011762382080206437
2021-22,new,PHI,WAS,0.0027544793250688297
2021-22,new,PHX,ATL,0.022277271273591484
2021-22,new,PHX,BKN,0.061582406767069935
2021-22,new,PHX,BOS,0.00043258124340731045
2021-22,new,PHX,CHA,0.021669863655561287
2021-22,new,PHX,CHI,0.037463139189858344
2021-22,new,PHX,CLE,0.019389643836523106
2021-22,new,PHX,DAL,0.03181812815542548
2021-22,new,PHX,DEN,0.053041395918347736
2021-22,new,PHX,DET,0.006313461380486527
2021-22,new,PHX,GSW,0.015643147862494267
2021-22,new,PHX,HOU,0.009719288851865088
2021-22,new,PHX,IND,0.014191470255299744
2021-22,new,PHX,LAC,0.0
2021-22,new,PHX,LAL,0.0
2021-22,new,PHX,MEM,0.12704038722311445
2021-22,new,PHX,MIA,0.018155172560765435
2021-22,new,PHX,MIL,0.02474878956655097
2021-22,new,PHX,MIN,0.02879420721026565
2021-22,new,PHX,NOP,0.045807687433212646
2021-22,new,PHX,NYK,6.238885220384338e-05
2021-22,new,PHX,OKC,0.023855296100084033
2021-22,new,PHX,ORL,0.0010999255270213197
2021-22,new,PHX,PHI,0.0
2021-22,new,PHX,POR,0.01672834868946313
2021-22,new,PHX,SAC,0.0006704577865385265
2021-22,new,PHX,SAS,0.08654855443878691
2021-22,new,PHX,TOR,0.007904261121006567
2021-22,new,PHX,UTA,0.0012329422191747841
2021-22,new,PHX,WAS,0.00034472947290481676
2021-22,new,POR,ATL,0.0456368010551564
2021-22,new,POR,BKN,0.02703898163654105
2021-22,new,POR,BOS,0.000650493145234389
2021-22,new,POR,CHA,0.049175221557353356
2021-22,new,POR,CHI,0.1042914165679655
2021-22,new,POR,CLE,0.020620338997362538
2021-22,new,POR,DAL,0.018316028917570608
2021-22,new,POR,DEN,0.044072953522453315
2021-22,new,POR,DET,0.008520950117653196
2021-22,new,POR,GSW,0.01937499885178615
2021-22,new,POR,HOU,0.05161799569303122
2021-22,new,POR,IND,0.02585866331544539
2021-22,new,POR,LAC,0.0
2021-22,new,POR,LAL,0.0
2021-22,new,POR,MEM,0.17305397270245299
2021-22,new,POR,MIA,0.01013900874022009
2021-22,new,POR,MIL,0.02493454906694062
2021-22,new,POR,MIN,0.007652967279026567
2021-22,new,POR,NOP,0.22567266291471685
2021-22,new,POR,NYK,0.0007049401700979961
2021-22,new,POR,OKC,0.01805512591738462
2021-22,new,POR,ORL,0.0039587594117111964
2021-22,new,POR,PHI,0.0
2021-22,new,POR,PHX,0.0
2021-22,new,POR,SAC,0.0044485744609393555
2021-22,new,POR,SAS,0.0653405269563741
2021-22,new,POR,TOR,0.012288471460399486
2021-22,new,POR,UTA,0.0010037232708042403
2021-22,new,POR,WAS,0.0005464447551277521
2021-22,new,SAC,ATL,0.017933472382400048
2021-22,new,SAC,BKN,0.05107353843548105
2021-22,new,SAC,BOS,0.0015406901354978392
2021-22,new,SAC,CHA,0.021543844347019767
2021-22,new,SAC,CHI,0.03172999622616301
2021-22,new,SAC,CLE,0.0070821895878973385
2021-22,new,SAC,DAL,0.05139036607332949
2021-22,new,SAC,DEN,0.033331553055638855
2021-22,new,SAC,DET,0.0021894351175696697
2021-22,new,SAC,GSW,0.01644424894982939
2021-22,new,SAC,HOU,0.031283674593171884
2021-22,new,SAC,IND,0.021615095069309028
2021-22,new,SAC,LAC,0.0
2021-22,new,SAC,LAL,0.0
2021-22,new,SAC,MEM,0.0894523578797713
2021-22,new,SAC,MIA,0.018857489480167338
2021-22,new,SAC,MIL,0.05059782391274205
2021-22,new,SAC,MIN,0.03318033179293299
2021-22,new,SAC,NOP,0.022787727500560583
2021-22,new,SAC,NYK,0.0013368488271061779
2021-22,new,SAC,OKC,0.006358061204374351
2021-22,new,SAC,ORL,0.0007888355531570692
2021-22,new,SAC,PHI,0.0
2021-22,new,SAC,PHX,0.0
2021-22,new,SAC,POR,0.011274894863837794
2021-22,new,SAC,SAS,0.09275285319350976
2021-22,new,SAC,TOR,0.012833819358359288
2021-22,new,SAC,UTA,0.00036071305026968644
2021-22,new,SAC,WAS,0.002823904323447217
2021-22,new,SAS,ATL,0.029337576166578776
2021-22,new,SAS,BKN,0.0402952179410279
2021-22,new,SAS,BOS,0.0010879382250653898
2021-22,new,SAS,CHA,0.057366332797656815
2021-22,new,SAS,CHI,0.05325379157956628
2021-22,new,SAS,CLE,0.009447378578113428
2021-22,new,SAS,DAL,0.028969503985865924
2021-22,new,SAS,DEN,0.03493157092939232
2021-22,new,SAS,DET,0.0026199612829798844
2021-22,new,SAS,GSW,0.018808946048179523
2021-22,new,SAS,HOU,0.018769127557752653
2021-22,new,SAS,IND,0.012714238699044441
2021-22,new,SAS,LAC,0.0
2021-22,new,SAS,LAL,0.0
2021-22,new,SAS,MEM,0.17054964732833872
2021-22,new,SAS,MIA,0.015500538879001899
2021-22,new,SAS,MIL,0.05029235721676679
2021-22,new,SAS,MIN,0.029792168969867406
2021-22,new,SAS,NOP,0.24614528775035252
2021-22,new,SAS,NYK,0.00072039705319655
2021-22,new,SAS,OKC,0.017320157038414274
2021-22,new,SAS,ORL,0.0032171430475908223
2021-22,new,SAS,PHI,0.0
2021-22,new,SAS,PHX,0.0
2021-22,new,SAS,POR,0.07974833344880411
2021-22,new,SAS,SAC,0.0033206474062922884
2021-22,new,SAS,TOR,0.008935928787649226
2021-22,new,SAS,UTA,0.001557862159300792
2021-22,new,SAS,WAS,0.004116301495865796
2021-22,new,TOR,ATL,0.06036085186014076
2021-22,new,TOR,BKN,0.12184210558378004
2021-22,new,TOR,BOS,0.009833100095411282
2021-22,new,TOR,CHA,0.0637388739121606
2021-22,new,TOR,CHI,0.12352612651357078
2021-22,new,TOR,CLE,0.2695150916847264
2021-22,new,TOR,DAL,0.05193238802208536
2021-22,new,TOR,DEN,0.10632283897013686
2021-22,new,TOR,DET,0.0005242700362634485
2021-22,new,TOR,GSW,0.030200828941070255
2021-22,new,TOR,HOU,0.17947871917322808
2021-22,new,TOR,IND,0.10796187153696712
2021-22,new,TOR,LAC,0.0
2021-22,new,TOR,LAL,0.0
2021-22,new,TOR,MEM,0.11639470617324879
2021-22,new,TOR,MIA,0.014231142306395264
2021-22,new,TOR,MIL,0.07564049702012238
2021-22,new,TOR,MIN,0.06081136971012708
2021-22,new,TOR,NOP,0.04862780759258323
2021-22,new,TOR,NYK,0.0012906639067163453
2021-22,new,TOR,OKC,0.014418014803824354
2021-22,new,TOR,ORL,4.166385796828577e-05
2021-22,new,TOR,PHI,0.0
2021-22,new,TOR,PHX,0.0
2021-22,new,TOR,POR,0.019968222339314175
2021-22,new,TOR,SAC,0.0010683368393620185
2021-22,new,TOR,SAS,0.38894580800495626
2021-22,new,TOR,UTA,0.005849824688163515
2021-22,new,TOR,WAS,0.0109837969190477
2021-22,new,UTA,ATL,0.03161018447851159
2021-22,new,UTA,BKN,0.07183017794812072
2021-22,new,UTA,BOS,0.0002849543110290863
2021-22,new,UTA,CHA,0.03548726255123664
2021-22,new,UTA,CHI,0.06756864430731749
2021-22,new,UTA,CLE,0.01639855431215469
2021-22,new,UTA,DAL,0.07502809083544953
2021-22,new,UTA,DEN,0.15244288247013865
2021-22,new,UTA,DET,0.004231657816935066
2021-22,new,UTA,GSW,0.03956463604402007
2021-22,new,UTA,HOU,0.051068427018833296
2021-22,new,UTA,IND,0.03322346183691321
2021-22,new,UTA,LAC,0.0
2021-22,new,UTA,LAL,0.0
2021-22,new,UTA,MEM,0.9554159378748023
2021-22,new,UTA,MIA,0.04282731735177644
2021-22,new,UTA,MIL,0.07577786604499752
2021-22,new,UTA,MIN,0.07420592412204877
2021-22,new,UTA,NOP,0.08286665548932717
2021-22,new,UTA,NYK,0.0003386965352750975
2021-22,new,UTA,OKC,0.02069499495088139
2021-22,new,UTA,ORL,0.0009978491265597955
2021-22,new,UTA,PHI,0.0
2021-22,new,UTA,PHX,0.0
2021-22,new,UTA,POR,0.020464897352248483
2021-22,new,UTA,SAC,0.0011247574159264772
2021-22,new,UTA,SAS,0.18219571900064974
2021-22,new,UTA,TOR,0.011121191536240704
2021-22,new,UTA,WAS,6.720795763832375e-05
2021-22,new,WAS,ATL,0.03579393901088191
2021-22,new,WAS,BKN,0.03875821857822804
2021-22,new,WAS,BOS,0.0032071050014985357
2021-22,new,WAS,CHA,0.08703428407039221
2021-22,new,WAS,CHI,0.03369160245781006
2021-22,new,WAS,CLE,0.17270090000230084
2021-22,new,WAS,DAL,0.030723455889049643
2021-22,new,WAS,DEN,0.03523233595617058
2021-22,new,WAS,DET,0.0006325960889516237
2021-22,new,WAS,GSW,0.018244612113139113
2021-22,new,WAS,HOU,0.1091597530759614
2021-22,new,WAS,IND,0.10987228950434685
2021-22,new,WAS,LAC,0.0
2021-22,new,WAS,LAL,0.0
2021-22,new,WAS,MEM,0.07438237462294166
2021-22,new,WAS,MIA,0.027550646708555646
2021-22,new,WAS,MIL,0.034745363766937605
2021-22,new,WAS,MIN,0.02400616097630737
2021-22,new,WAS,NOP,0.05621164684939936
2021-22,new,WAS,NYK,0.004994399353442064
2021-22,new,WAS,OKC,0.015489232072222726
2021-22,new,WAS,ORL,0.0020005589567411116
2021-22,new,WAS,PHI,0.0
2021-22,new,WAS,PHX,0.0
2021-22,new,WAS,POR,0.02680930739792937
2021-22,new,WAS,SAC,0.0005267142891565966
2021-22,new,WAS,SAS,0.10288428083982769
2021-22,new,WAS,TOR,0.03218524572721532
2021-22,new,WAS,UTA,0.007156756038778533
2021-22,old,ATL,BKN,0.02450222719617339
2021-22,old,ATL,BOS,0.0003137806253002785
2021-22,old,ATL,CHA,0.17432048683483595
2021-22,old,ATL,CHI,0.044183403457264604
2021-22,old,ATL,CLE,0.3180150670599566
2021-22,old,ATL,DAL,0.029031065792181295
2021-22,old,ATL,DEN,0.0275768376607195
2021-22,old,ATL,DET,0.0018070331908824763
2021-22,old,ATL,GSW,0.0166368550426385
2021-22,old,ATL,HOU,0.16543345947990765
2021-22,old,ATL,IND,0.31968497743323265
2021-22,old,ATL,LAC,0.0
2021-22,old,ATL,LAL,0.0
2021-22,old,ATL,MEM,0.13824980550663876
2021-22,old,ATL,MIA,0.019532327873166652
2021-22,old,ATL,MIL,0.02639024057762037
2021-22,old,ATL,MIN,0.025003273014693673
2021-22,old,ATL,NOP,0.13393893160653209
2021-22,old,ATL,NYK,0.031144114459123483
2021-22,old,ATL,OKC,0.05235207855974266
2021-22,old,ATL,ORL,0.006771648138184626
2021-22,old,ATL,PHI,0.0
2021-22,old,ATL,PHX,0.0
2021-22,old,ATL,POR,0.021764774569577518
2021-22,old,ATL,SAC,0.005888184765798822
2021-22,old,ATL,SAS,0.14978265976702848
2021-22,old,ATL,TOR,0.07453281158956773
2021-22,old,ATL,UTA,9.717920675070262e-06
2021-22,old,ATL,WAS,0.04055546331649874
2021-22,old,BKN,ATL,0.14695395753253312
2021-22,old,BKN,BOS,0.0004853595751721828
2021-22,old,BKN,CHA,0.13833206730522027
2021-22,old,BKN,CHI,0.04043486856798236
2021-22,old,BKN,CLE,0.169364725719125
2021-22,old,BKN,DAL,0.040198595586754766
2021-22,old,BKN,DEN,0.03367309655756855
2021-22,old,BKN,DET,0.001344386704023565
2021-22,old,BKN,GSW,0.033526157095693336
2021-22,old,BKN,HOU,0.6664835665658403
2021-22,old,BKN,IND,0.2842856436789555
2021-22,old,BKN,LAC,0.0
2021-22,old,BKN,LAL,0.0
2021-22,old,BKN,MEM,0.14893026076614693
2021-22,old,BKN,MIA,0.023339439891680178
2021-22,old,BKN,MIL,0.03938986066242015
2021-22,old,BKN,MIN,0.021012024486219187
2021-22,old,BKN,NOP,0.13526961929011522
2021-22,old,BKN,NYK,0.009949484569019323
2021-22,old,BKN,OKC,0.032581165250233815
2021-22,old,BKN,ORL,0.004232927580425967
2021-22,old,BKN,PHI,0.0
2021-22,old,BKN,PHX,0.0
2021-22,old,BKN,POR,0.013676123873553445
2021-22,old,BKN,SAC,0.002607488487603738
2021-22,old,BKN,SAS,0.14981539640013897
2021-22,old,BKN,TOR,0.07034339774349509
2021-22,old,BKN,UTA,1.3548697066466848e-05
2021-22,old,BKN,WAS,0.0356543716141953
2021-22,old,BOS,ATL,0.014985113104895836
2021-22,old,BOS,BKN,0.12286765375451009
2021-22,old,BOS,CHA,0.014594048294814926
2021-22,old,BOS,CHI,0.062103408855962175
2021-22,old,BOS,CLE,0.029750250833408386
2021-22,old,BOS,DAL,0.07815237373034281
2021-22,old,BOS,DEN,0.07929138095829118
2021-22,old,BOS,DET,0.002073270759880487
2021-22,old,BOS,GSW,0.0419367070843016
2021-22,old,BOS,HOU,0.06649407357451151
2021-22,old,BOS,IND,0.047256734349731544
2021-22,old,BOS,LAC,0.0
2021-22,old,BOS,LAL,0.0
2021-22,old,BOS,MEM,0.11351909060869797
2021-22,old,BOS,MIA,0.03442995702261748
2021-22,old,BOS,MIL,0.08608113202365338
2021-22,old,BOS,MIN,0.05269345712116542
2021-22,old,BOS,NOP,0.02372602540875997
2021-22,old,BOS,NYK,0.012008281977752588
2021-22,old,BOS,OKC,0.010647219118133164
2021-22,old,BOS,ORL,0.00452420067815941
2021-22,old,BOS,PHI,0.0
2021-22,old,BOS,PHX,0.0
2021-22,old,BOS,POR,0.007335145623252906
2021-22,old,BOS,SAC,0.0036922006817965984
2021-22,old,BOS,SAS,0.9140542580062858
2021-22,old,BOS,TOR,0.03405137638052337
2021-22,old,BOS,UTA,0.00011280252145253893
2021-22,old,BOS,WAS,0.011371612221623962
2021-22,old,CHA,ATL,0.12737087744136383
2021-22,old,CHA,BKN,0.08218944749249411
2021-22,old,CHA,BOS,0.00035568168202101415
2021-22,old,CHA,CHI,0.035756751694481684
2021-22,old,CHA,CLE,0.1873162067467631
2021-22,old,CHA,DAL,0.036572651844436824
2021-22,old,CHA,DEN,0.03281549856002277
2021-22,old,CHA,DET,0.0015058367503822379
2021-22,old,CHA,GSW,0.025609822360673724
2021-22,old,CHA,HOU,0.19692968826114743
2021-22,old,CHA,IND,0.17137325606863418
2021-22,old,CHA,LAC,0.0
2021-22,old,CHA,LAL,0.0
2021-22,old,CHA,MEM,0.17730116457205153
2021-22,old,CHA,MIA,0.012529364361945572
2021-22,old,CHA,MIL,0.04026136349224944
2021-22,old,CHA,MIN,0.031288242239331056
2021-22,old,CHA,NOP,0.12228758811388767
2021-22,old,CHA,NYK,0.03372407821641664
2021-22,old,CHA,OKC,0.03552068499295491
2021-22,old,CHA,ORL,0.002363713438669006
2021-22,old,CHA,PHI,0.0
2021-22,old,CHA,PHX,0.0
2021-22,old,CHA,POR,0.04025318626648582
2021-22,old,CHA,SAC,0.004240950018452575
2021-22,old,CHA,SAS,0.12403652291635076
2021-22,old,CHA,TOR,0.03978854306852353
2021-22,old,CHA,UTA,5.241466745014051e-05
2021-22,old,CHA,WAS,0.047772429647747146
2021-22,old,CHI,ATL,0.015440100974810744
2021-22,old,CHI,BKN,0.0917145612772488
2021-22,old,CHI,BOS,0.0002760037910824892
2021-22,old,CHI,CHA,0.04536343925734824
2021-22,old,CHI,CLE,0.07735710765758991
2021-22,old,CHI,DAL,0.06165909825700393
2021-22,old,CHI,DEN,0.06348928779790994
2021-22,old,CHI,DET,0.00010752716947218077
2021-22,old,CHI,GSW,0.03481669474990622
2021-22,old,CHI,HOU,0.03780980657826273
2021-22,old,CHI,IND,0.09040852832238813
2021-22,old,CHI,LAC,0.0
2021-22,old,CHI,LAL,0.0
2021-22,old,CHI,MEM,0.1787080752629876
2021-22,old,CHI,MIA,0.019155172641742338
2021-22,old,CHI,MIL,0.050604035722613426
2021-22,old,CHI,MIN,0.08061536414760159
2021-22,old,CHI,NOP,0.08380212720274256
2021-22,old,CHI,NYK,0.015012973707017024
2021-22,old,CHI,OKC,0.021480462756251283
2021-22,old,CHI,ORL,0.0010626688914300568
2021-22,old,CHI,PHI,0.0
2021-22,old,CHI,PHX,0.0
2021-22,old,CHI,POR,0.03591679742557695
2021-22,old,CHI,SAC,0.003243698804161687
2021-22,old,CHI,SAS,0.1262913153547519
2021-22,old,CHI,TOR,0.03900844382806488
2021-22,old,CHI,UTA,6.051547868320283e-06
2021-22,old,CHI,WAS,0.018025142751074513
2021-22,old,CLE,ATL,0.11723078340670873
2021-22,old,CLE,BKN,0.16727687018509765
2021-22,old,CLE,BOS,0.00048150342497622304
2021-22,old,CLE,CHA,0.06369206402526517
2021-22,old,CLE,CHI,0.07709159888359594
2021-22,old,CLE,DAL,0.06160080406476555
2021-22,old,CLE,DEN,0.04602107575293966
2021-22,old,CLE,DET,0.002705634501962427
2021-22,old,CLE,GSW,0.03637637314304653
2021-22,old,CLE,HOU,0.1269991910305067
2021-22,old,CLE,IND,0.8839012483331793
2021-22,old,CLE,LAC,0.0
2021-22,old,CLE,LAL,0.0
2021-22,old,CLE,MEM,0.16708611978025636
2021-22,old,CLE,MIA,0.022706896741633655
2021-22,old,CLE,MIL,0.05507880142032963
2021-22,old,CLE,MIN,0.05330866046382066
2021-22,old,CLE,NOP,0.16652308568708546
2021-22,old,CLE,NYK,0.011139008307102915
2021-22,old,CLE,OKC,0.029696219788666583
2021-22,old,CLE,ORL,0.002373744021654305
2021-22,old,CLE,PHI,0.0
2021-22,old,CLE,PHX,0.0
2021-22,old,CLE,POR,0.022173009588073507
2021-22,old,CLE,SAC,0.00308043493711812
2021-22,old,CLE,SAS,0.11364526723947384
2021-22,old,CLE,TOR,0.08025888983465176
2021-22,old,CLE,UTA,4.5268264499549576e-05
2021-22,old,CLE,WAS,0.023500948882929654
2021-22,old,DAL,ATL,0.017906880573462146
2021-22,old,DAL,BKN,0.15530414596152958
2021-22,old,DAL,BOS,3.075026444065036e-05
2021-22,old,DAL,CHA,0.03305260250304353
2021-22,old,DAL,CHI,0.05735032426007841
2021-22,old,DAL,CLE,0.007699347931647016
2021-22,old,DAL,DEN,0.07449464607600513
2021-22,old,DAL,DET,0.0024082304798722027
2021-22,old,DAL,GSW,0.0857371718999812
2021-22,old,DAL,HOU,0.034413524064986066
2021-22,old,DAL,IND,0.06546878473085295
2021-22,old,DAL,LAC,0.0
2021-22,old,DAL,LAL,0.0
2021-22,old,DAL,MEM,0.38024602200117025
2021-22,old,DAL,MIA,0.05860452618867416
2021-22,old,DAL,MIL,0.12240547629075152
2021-22,old,DAL,MIN,0.02999896315765638
2021-22,old,DAL,NOP,0.25629880333441263
2021-22,old,DAL,NYK,0.01785702837915528
2021-22,old,DAL,OKC,0.014238536166046497
2021-22,old,DAL,ORL,0.0021488911795655456
2021-22,old,DAL,PHI,0.0
2021-22,old,DAL,PHX,0.0
2021-22,old,DAL,POR,0.03480969510930985
2021-22,old,DAL,SAC,0.005110692336047522
2021-22,old,DAL,SAS,0.12854684724536755
2021-22,old,DAL,TOR,0.01337331361651469
2021-22,old,DAL,UTA,8.536100149427245e-05
2021-22,old,DAL,WAS,0.029359558161651655
2021-22,old,DEN,ATL,0.016622118198051233
2021-22,old,DEN,BKN,0.10400115075694273
2021-22,old,DEN,BOS,5.2565848811861885e-05
2021-22,old,DEN,CHA,0.03364424027105371
2021-22,old,DEN,CHI,0.09901636817505251
2021-22,old,DEN,CLE,0.020313585404819333
2021-22,old,DEN,DAL,0.07397419403289424
2021-22,old,DEN,DET,0.0036906159435257553
2021-22,old,DEN,GSW,0.023653810415506894
2021-22,old,DEN,HOU,0.021747845089452437
2021-22,old,DEN,IND,0.055354715254789466
2021-22,old,DEN,LAC,0.0
2021-22,old,DEN,LAL,0.0
2021-22,old,DEN,MEM,0.18796721429297875
2021-22,old,DEN,MIA,0.02776293131554949
2021-22,old,DEN,MIL,0.0765550009430413
2021-22,old,DEN,MIN,0.11481764815182201
2021-22,old,DEN,NOP,0.11477458498499704
2021-22,old,DEN,NYK,0.017956193712403465
2021-22,old,DEN,OKC,0.017233380973614484
2021-22,old,DEN,ORL,0.003498253780694106
2021-22,old,DEN,PHI,0.0
2021-22,old,DEN,PHX,0.0
2021-22,old,DEN,POR,0.028018449774853602
2021-22,old,DEN,SAC,0.005307405639967464
2021-22,old,DEN,SAS,0.20229838621566695
2021-22,old,DEN,TOR,0.008365845771886147
2021-22,old,DEN,UTA,0.0004555741901779827
2021-22,old,DEN,WAS,0.01806543677948873
2021-22,old,DET,ATL,0.02724863624279603
2021-22,old,DET,BKN,0.12154157607777262
2021-22,old,DET,BOS,0.00023913811497635194
2021-22,old,DET,CHA,0.03288213785805752
2021-22,old,DET,CHI,0.03215053289533759
2021-22,old,DET,CLE,0.03382362380119896
2021-22,old,DET,DAL,0.04899724835886908
2021-22,old,DET,DEN,0.033084456932522766
2021-22,old,DET,GSW,0.034545259472995554
2021-22,old,DET,HOU,0.05313900745997669
2021-22,old,DET,IND,0.06583822941266652
2021-22,old,DET,LAC,0.0
2021-22,old,DET,LAL,0.0
2021-22,old,DET,MEM,0.11704985314759667
2021-22,old,DET,MIA,0.012448276054387076
2021-22,old,DET,MIL,0.05324749056703468
2021-22,old,DET,MIN,0.024182941873974677
2021-22,old,DET,NOP,0.13437859441653835
2021-22,old,DET,NYK,0.016639201406412153
2021-22,old,DET,OKC,0.04899864443221725
2021-22,old,DET,ORL,0.025938082908159996
2021-22,old,DET,PHI,0.0
2021-22,old,DET,PHX,0.0
2021-22,old,DET,POR,0.014783821124762892
2021-22,old,DET,SAC,0.006307796275253954
2021-22,old,DET,SAS,0.2043109775969948
2021-22,old,DET,TOR,0.03439949550738431
2021-22,old,DET,UTA,2.432053060651264e-06
2021-22,old,DET,WAS,0.013002916750632412
2021-22,old,GSW,ATL,0.007725949343243324
2021-22,old,GSW,BKN,0.09396680867191146
2021-22,old,GSW,BOS,3.287319815464998e-05
2021-22,old,GSW,CHA,0.023593382662244908
2021-22,old,GSW,CHI,0.05518732242797765
2021-22,old,GSW,CLE,0.006128685082427482
2021-22,old,GSW,DAL,0.1124373137043114
2021-22,old,GSW,DEN,0.03779240797427458
2021-22,old,GSW,DET,0.001754814289878475
2021-22,old,GSW,HOU,0.014380926627882526
2021-22,old,GSW,IND,0.026126895724125687
2021-22,old,GSW,LAC,0.0
2021-22,old,GSW,LAL,0.0
2021-22,old,GSW,MEM,0.2688425392628807
2021-22,old,GSW,MIA,0.10258512965588154
2021-22,old,GSW,MIL,0.10656101587231465
2021-22,old,GSW,MIN,0.028784261703941893
2021-22,old,GSW,NOP,0.22480827919584384
2021-22,old,GSW,NYK,0.0358434042566249
2021-22,old,GSW,OKC,0.04410691048732955
2021-22,old,GSW,ORL,1.3084160607777222e-05
2021-22,old,GSW,PHI,0.0
2021-22,old,GSW,PHX,0.0
2021-22,old,GSW,POR,0.05048220339407097
2021-22,old,GSW,SAC,0.004366198523301584
2021-22,old,GSW,SAS,0.12839265860476778
2021-22,old,GSW,TOR,0.0035596882863610686
2021-22,old,GSW,UTA,4.2183148502233465e-05
2021-22,old,GSW,WAS,0.028631733322633298
2021-22,old,HOU,ATL,0.020046800488802495
2021-22,old,HOU,BKN,0.028689442168700313
2021-22,old,HOU,BOS,6.260197167173863e-05
2021-22,old,HOU,CHA,0.07657754329395239
2021-22,old,HOU,CHI,0.05137963109916867
2021-22,old,HOU,CLE,0.09877311372655483
2021-22,old,HOU,DAL,0.015256650527060472
2021-22,old,HOU,DEN,0.03781036796719222
2021-22,old,HOU,DET,0.021720383817635438
2021-22,old,HOU,GSW,0.022956216623211678
2021-22,old,HOU,IND,0.0937375065140969
2021-22,old,HOU,LAC,0.0
2021-22,old,HOU,LAL,0.0
2021-22,old,HOU,MEM,0.25449646227266837
2021-22,old,HOU,MIA,0.020157327710265485
2021-22,old,HOU,MIL,0.025637922007312172
2021-22,old,HOU,MIN,0.024665334159300445
2021-22,old,HOU,NOP,0.2045322479363931
2021-22,old,HOU,NYK,0.019023738187112053
2021-22,old,HOU,OKC,0.07668909508635488
2021-22,old,HOU,ORL,0.0343754179714668
2021-22,old,HOU,PHI,0.0
2021-22,old,HOU,PHX,0.0
2021-22,old,HOU,POR,0.0630376778246334
2021-22,old,HOU,SAC,0.010284707296826555
2021-22,old,HOU,SAS,0.08906259230387097
2021-22,old,HOU,TOR,0.0004073885948015128
2021-22,old,HOU,UTA,0.00023924930888688956
2021-22,old,HOU,WAS,0.020617236565619805
2021-22,old,IND,ATL,0.011949186453244586
2021-22,old,IND,BKN,0.1002931375478398
2021-22,old,IND,BOS,8.56696154428464e-05
2021-22,old,IND,CHA,0.05007716924752801
2021-22,old,IND,CHI,0.04053360411358122
2021-22,old,IND,CLE,0.046233705560200004
2021-22,old,IND,DAL,0.03126461885346727
2021-22,old,IND,DEN,0.02979591477042607
2021-22,old,IND,DET,0.006337479977360908
2021-22,old,IND,GSW,0.029007057726209817
2021-22,old,IND,HOU,0.053812499779822484
2021-22,old,IND,LAC,0.0
2021-22,old,IND,LAL,0.0
2021-22,old,IND,MEM,0.0960585024374571
2021-22,old,IND,MIA,0.016558189734431173
2021-22,old,IND,MIL,0.030054345046275452
2021-22,old,IND,MIN,0.020987523762827295
2021-22,old,IND,NOP,0.1124647923031846
2021-22,old,IND,NYK,0.016302080132276787
2021-22,old,IND,OKC,0.029411532707449464
2021-22,old,IND,ORL,0.005712037916098694
2021-22,old,IND,PHI,0.0
2021-22,old,IND,PHX,0.0
2021-22,old,IND,POR,0.030349252511324885
2021-22,old,IND,SAC,0.042409005683308486
2021-22,old,IND,SAS,0.14720654102766165
2021-22,old,IND,TOR,0.012193979873723747
2021-22,old,IND,UTA,7.566730937812183e-05
2021-22,old,IND,WAS,0.00807933558795727
2021-22,old,LAC,ATL,0.03457120834427605
2021-22,old,LAC,BKN,0.06317552387489499
2021-22,old,LAC,BOS,0.00018006057812181773
2021-22,old,LAC,CHA,0.07783991443297596
2021-22,old,LAC,CHI,0.03982236195408532
2021-22,old,LAC,CLE,0.019249729507611307
2021-22,old,LAC,DAL,0.03439316981970584
2021-22,old,LAC,DEN,0.03442851239216521
2021-22,old,LAC,DET,0.0035902609077021605
2021-22,old,LAC,GSW,0.018395971698382682
2021-22,old,LAC,HOU,0.023009697963535823
2021-22,old,LAC,IND,0.028405936502977076
2021-22,old,LAC,LAL,0.0
2021-22,old,LAC,MEM,0.2854801091338998
2021-22,old,LAC,MIA,0.02357112093684103
2021-22,old,LAC,MIL,0.029515500470806037
2021-22,old,LAC,MIN,0.05850999115231443
2021-22,old,LAC,NOP,0.24801198536794097
2021-22,old,LAC,NYK,0.02142518984689468
2021-22,old,LAC,OKC,0.2793330434526856
2021-22,old,LAC,ORL,0.003929824748180619
2021-22,old,LAC,PHI,0.0
2021-22,old,LAC,PHX,0.0
2021-22,old,LAC,POR,0.12236056328478657
2021-22,old,LAC,SAC,0.0037074969929409844
2021-22,old,LAC,SAS,0.08645811768688827
2021-22,old,LAC,TOR,0.018358099878986487
2021-22,old,LAC,UTA,7.579684780860478e-05
2021-22,old,LAC,WAS,0.019753792777720536
2021-22,old,LAL,ATL,0.008874284922218286
2021-22,old,LAL,BKN,0.08162762134578987
2021-22,old,LAL,BOS,6.792396592517943e-05
2021-22,old,LAL,CHA,0.1461328284584999
2021-22,old,LAL,CHI,0.10701928991153657
2021-22,old,LAL,CLE,0.02320204036634743
2021-22,old,LAL,DAL,0.03235962395245543
2021-22,old,LAL,DEN,0.03909576501172504
2021-22,old,LAL,DET,0.0026755956935756125
2021-22,old,LAL,GSW,0.018039190484153533
2021-22,old,LAL,HOU,0.0126382002479734
2021-22,old,LAL,IND,0.04262428606041803
2021-22,old,LAL,LAC,0.0
2021-22,old,LAL,MEM,1.853538672640724
2021-22,old,LAL,MIA,0.023147629683612496
2021-22,old,LAL,MIL,0.04079327155678431
2021-22,old,LAL,MIN,0.04095764415030085
2021-22,old,LAL,NOP,1.9268054556565026
2021-22,old,LAL,NYK,0.0642665001040727
2021-22,old,LAL,OKC,0.0503724860272569
2021-22,old,LAL,ORL,0.001103607350840285
2021-22,old,LAL,PHI,0.0
2021-22,old,LAL,PHX,0.0
2021-22,old,LAL,POR,0.2793048190094458
2021-22,old,LAL,SAC,0.013774252578140812
2021-22,old,LAL,SAS,0.1175668165803162
2021-22,old,LAL,TOR,0.00648958001277141
2021-22,old,LAL,UTA,0.0001624189200443203
2021-22,old,LAL,WAS,0.06943953360979861
2021-22,old,MEM,ATL,0.01242514532776177
2021-22,old,MEM,BKN,0.05141839427400479
2021-22,old,MEM,BOS,3.292222753202895e-05
2021-22,old,MEM,CHA,0.07033154345291404
2021-22,old,MEM,CHI,0.04460638678411941
2021-22,old,MEM,CLE,0.019733275066834928
2021-22,old,MEM,DAL,0.0366658092673528
2021-22,old,MEM,DEN,0.026948492419808505
2021-22,old,MEM,DET,0.004136875663778642
2021-22,old,MEM,GSW,0.07160560383189091
2021-22,old,MEM,HOU,0.036653556273367
2021-22,old,MEM,IND,0.018707050654490437
2021-22,old,MEM,LAC,0.0
2021-22,old,MEM,LAL,0.0
2021-22,old,MEM,MIA,0.07570581902372489
2021-22,old,MEM,MIL,0.033619710049293816
2021-22,old,MEM,MIN,0.019320239897752937
2021-22,old,MEM,NOP,0.1216856428276533
2021-22,old,MEM,NYK,0.027286467527064782
2021-22,old,MEM,OKC,0.015896546862219904
2021-22,old,MEM,ORL,0.003915426238927961
2021-22,old,MEM,PHI,0.0
2021-22,old,MEM,PHX,0.0
2021-22,old,MEM,POR,0.04406882974476919
2021-22,old,MEM,SAC,0.01157271259506099
2021-22,old,MEM,SAS,0.12176800670092178
2021-22,old,MEM,TOR,0.010571159666531387
2021-22,old,MEM,UTA,2.6933269758954894e-05
2021-22,old,MEM,WAS,0.028137297698064747
2021-22,old,MIA,ATL,0.03399801518448292
2021-22,old,MIA,BKN,0.11682907582631516
2021-22,old,MIA,BOS,0.00022791746971583717
2021-22,old,MIA,CHA,0.02419438984224216
2021-22,old,MIA,CHI,0.039713312929566216
2021-22,old,MIA,CLE,0.11385013408432554
2021-22,old,MIA,DAL,0.06934802646526955
2021-22,old,MIA,DEN,0.05147871765433433
2021-22,old,MIA,DET,0.0026481374661622772
2021-22,old,MIA,GSW,0.10892025907695209
2021-22,old,MIA,HOU,0.08687957985806358
2021-22,old,MIA,IND,0.11916688426863498
2021-22,old,MIA,LAC,0.0
2021-22,old,MIA,LAL,0.0
2021-22,old,MIA,MEM,0.16210819206963856
2021-22,old,MIA,MIL,0.06168757286904775
2021-22,old,MIA,MIN,0.03063043664227149
2021-22,old,MIA,NOP,0.09296664136756148
2021-22,old,MIA,NYK,0.004948663856045151
2021-22,old,MIA,OKC,0.014058777101975669
2021-22,old,MIA,ORL,0.003399790104813144
2021-22,old,MIA,PHI,0.0
2021-22,old,MIA,PHX,0.0
2021-22,old,MIA,POR,0.023056952176163343
2021-22,old,MIA,SAC,0.002434897223496125
2021-22,old,MIA,SAS,0.15892629538734687
2021-22,old,MIA,TOR,0.015994017506135768
2021-22,old,MIA,UTA,3.325444373136088e-05
2021-22,old,MIA,WAS,0.01583139011696165
2021-22,old,MIL,ATL,0.065563687698838
2021-22,old,MIL,BKN,0.18123739419201854
2021-22,old,MIL,BOS,0.00028123475171293533
2021-22,old,MIL,CHA,0.04148545337750338
2021-22,old,MIL,CHI,0.04339901834347613
2021-22,old,MIL,CLE,0.038349153694962494
2021-22,old,MIL,DAL,0.11099442255526726
2021-22,old,MIL,DEN,0.061751050325711224
2021-22,old,MIL,DET,0.0014086872887020176
2021-22,old,MIL,GSW,0.06690517148016353
2021-22,old,MIL,HOU,0.07766513962846587
2021-22,old,MIL,IND,0.2560095698458424
2021-22,old,MIL,LAC,0.0
2021-22,old,MIL,LAL,0.0
2021-22,old,MIL,MEM,0.1517889144806413
2021-22,old,MIL,MIA,0.04644719866088367
2021-22,old,MIL,MIN,0.030442891127480363
2021-22,old,MIL,NOP,0.08114086973527437
2021-22,old,MIL,NYK,0.011846270211211584
2021-22,old,MIL,OKC,0.018727836834858475
2021-22,old,MIL,ORL,0.000618914116927107
2021-22,old,MIL,PHI,0.0
2021-22,old,MIL,PHX,0.0
2021-22,old,MIL,POR,0.019078831509363563
2021-22,old,MIL,SAC,0.006049254890783899
2021-22,old,MIL,SAS,0.15387770872054796
2021-22,old,MIL,TOR,0.031625534010888044
2021-22,old,MIL,UTA,3.0112503932788065e-05
2021-22,old,MIL,WAS,0.01099730031886397
2021-22,old,MIN,ATL,0.024150202623841866
2021-22,old,MIN,BKN,0.07529619720093408
2021-22,old,MIN,BOS,0.00022268836678827024
2021-22,old,MIN,CHA,0.028927857317856354
2021-22,old,MIN,CHI,0.10623300087169645
2021-22,old,MIN,CLE,0.015491071700682368
2021-22,old,MIN,DAL,0.033287673501104335
2021-22,old,MIN,DEN,0.08051377774008167
2021-22,old,MIN,DET,0.0038560616805041158
2021-22,old,MIN,GSW,0.030769796245704424
2021-22,old,MIN,HOU,0.020248653626928497
2021-22,old,MIN,IND,0.09143857710093313
2021-22,old,MIN,LAC,0.0
2021-22,old,MIN,LAL,0.0
2021-22,old,MIN,MEM,0.20653702283375966
2021-22,old,MIN,MIA,0.027574353679163572
2021-22,old,MIN,MIL,0.04079768422514732
2021-22,old,MIN,NOP,0.22206223379096732
2021-22,old,MIN,NYK,0.03583048872513768
2021-22,old,MIN,OKC,0.026952656930610067
2021-22,old,MIN,ORL,0.002888839563779863
2021-22,old,MIN,PHI,0.0
2021-22,old,MIN,PHX,0.0
2021-22,old,MIN,POR,0.045369410477223704
2021-22,old,MIN,SAC,0.007323196803302431
2021-22,old,MIN,SAS,0.1722573562828643
2021-22,old,MIN,TOR,0.006888064885296499
2021-22,old,MIN,UTA,0.0014004003428214158
2021-22,old,MIN,WAS,0.02907984496092502
2021-22,old,NOP,ATL,0.016851728714566628
2021-22,old,NOP,BKN,0.018484852661131056
2021-22,old,NOP,BOS,0.00013050954700704923
2021-22,old,NOP,CHA,0.3652101037396406
2021-22,old,NOP,CHI,0.07616344202848219
2021-22,old,NOP,CLE,0.010172740034815367
2021-22,old,NOP,DAL,0.028384630901034685
2021-22,old,NOP,DEN,0.016867816072680408
2021-22,old,NOP,DET,0.0019336532553175675
2021-22,old,NOP,GSW,0.013639110887984671
2021-22,old,NOP,HOU,0.02648302840861764
2021-22,old,NOP,IND,0.01853056400578385
2021-22,old,NOP,LAC,0.0
2021-22,old,NOP,LAL,0.0
2021-22,old,NOP,MEM,0.5538942618407977
2021-22,old,NOP,MIA,0.017515086327229853
2021-22,old,NOP,MIL,0.028423588806571663
2021-22,old,NOP,MIN,0.017421006047847968
2021-22,old,NOP,NYK,0.12176254908668065
2021-22,old,NOP,OKC,0.026894656965174943
2021-22,old,NOP,ORL,0.000999674015443464
2021-22,old,NOP,PHI,0.0
2021-22,old,NOP,PHX,0.0
2021-22,old,NOP,POR,0.22145560991467475
2021-22,old,NOP,SAC,0.02165991633501473
2021-22,old,NOP,SAS,0.09966253812100342
2021-22,old,NOP,TOR,0.010726277979737667
2021-22,old,NOP,UTA,3.341642456064336e-05
2021-22,old,NOP,WAS,0.09422548701158152
2021-22,old,NYK,ATL,0.05858134209643049
2021-22,old,NYK,BKN,0.08132750382919365
2021-22,old,NYK,BOS,8.56978779195519e-05
2021-22,old,NYK,CHA,0.05084517823036548
2021-22,old,NYK,CHI,0.03363020246056842
2021-22,old,NYK,CLE,0.06618371211078256
2021-22,old,NYK,DAL,0.02363064676009623
2021-22,old,NYK,DEN,0.04553108958554631
2021-22,old,NYK,DET,0.0011354155761423277
2021-22,old,NYK,GSW,0.023446812011321993
2021-22,old,NYK,HOU,0.11599407372113058
2021-22,old,NYK,IND,0.11541572751923643
2021-22,old,NYK,LAC,0.0
2021-22,old,NYK,LAL,0.0
2021-22,old,NYK,MEM,0.32961409588745033
2021-22,old,NYK,MIA,0.01470581914153721
2021-22,old,NYK,MIL,0.0263777365859916
2021-22,old,NYK,MIN,0.019297911984968927
2021-22,old,NYK,NOP,0.4898837010428646
2021-22,old,NYK,OKC,0.03378093041648738
2021-22,old,NYK,ORL,0.0023174718808700923
2021-22,old,NYK,PHI,0.0
2021-22,old,NYK,PHX,0.0
2021-22,old,NYK,POR,0.04272415429883409
2021-22,old,NYK,SAC,0.01105229769043629
2021-22,old,NYK,SAS,0.09317177771422935
2021-22,old,NYK,TOR,0.017341958665140756
2021-22,old,NYK,UTA,1.689644164006698e-05
2021-22,old,NYK,WAS,0.10270043381329753
2021-22,old,OKC,ATL,0.010301729282773144
2021-22,old,OKC,BKN,0.024095371778552734
2021-22,old,OKC,BOS,6.591142864066943e-06
2021-22,old,OKC,CHA,0.019295956592300174
2021-22,old,OKC,CHI,0.032028832669230595
2021-22,old,OKC,CLE,0.016075213768180153
2021-22,old,OKC,DAL,0.030137359196623813
2021-22,old,OKC,DEN,0.03380385489480555
2021-22,old,OKC,DET,0.02874988456126549
2021-22,old,OKC,GSW,0.021558401256659858
2021-22,old,OKC,HOU,0.017296605274876056
2021-22,old,OKC,IND,0.06005761569823899
2021-22,old,OKC,LAC,0.0
2021-22,old,OKC,LAL,0.0
2021-22,old,OKC,MEM,0.12198775383413352
2021-22,old,OKC,MIA,0.0104418104329018
2021-22,old,OKC,MIL,0.023863713771379396
2021-22,old,OKC,MIN,0.021288336046181404
2021-22,old,OKC,NOP,0.062289302664428815
2021-22,old,OKC,NYK,0.009156894352744017
2021-22,old,OKC,ORL,0.015846480836531365
2021-22,old,OKC,PHI,0.0
2021-22,old,OKC,PHX,0.0
2021-22,old,OKC,POR,0.02207501250676027
2021-22,old,OKC,SAC,0.02529948541406609
2021-22,old,OKC,SAS,0.09237525894764351
2021-22,old,OKC,TOR,0.0015201957390176427
2021-22,old,OKC,UTA,9.082331453190828e-05
2021-22,old,OKC,WAS,0.009351754717066287
2021-22,old,ORL,ATL,0.029705756040010977
2021-22,old,ORL,BKN,0.05062365625270065
2021-22,old,ORL,BOS,8.963106881498336e-05
2021-22,old,ORL,CHA,0.04061104147766499
2021-22,old,ORL,CHI,0.03178655445820719
2021-22,old,ORL,CLE,0.02427461507688747
2021-22,old,ORL,DAL,0.01789035636822604
2021-22,old,ORL,DEN,0.016961420651581217
2021-22,old,ORL,DET,0.020836129290537055
2021-22,old,ORL,GSW,0.016251668108896937
2021-22,old,ORL,HOU,0.05480845893749259
2021-22,old,ORL,IND,0.12805246677546997
2021-22,old,ORL,LAC,0.0
2021-22,old,ORL,LAL,0.0
2021-22,old,ORL,MEM,0.06596485238896867
2021-22,old,ORL,MIA,0.013907327674698598
2021-22,old,ORL,MIL,0.016458412993179464
2021-22,old,ORL,MIN,0.019450098207945795
2021-22,old,ORL,NOP,0.04765982289986952
2021-22,old,ORL,NYK,0.009939786136043047
2021-22,old,ORL,OKC,0.025259894687843273
2021-22,old,ORL,PHI,0.0
2021-22,old,ORL,PHX,0.0
2021-22,old,ORL,POR,0.014572388275465921
2021-22,old,ORL,SAC,0.0067235494252961695
2021-22,old,ORL,SAS,0.07769413208333631
2021-22,old,ORL,TOR,0.0179795296444975
2021-22,old,ORL,UTA,2.4287120819407484e-05
2021-22,old,ORL,WAS,0.017744591634421616
2021-22,old,PHI,ATL,0.03178238596683531
2021-22,old,PHI,BKN,0.9770655696823873
2021-22,old,PHI,BOS,0.00016516765798019924
2021-22,old,PHI,CHA,0.022807182329174044
2021-22,old,PHI,CHI,0.046747184447824955
2021-22,old,PHI,CLE,0.04249345212690783
2021-22,old,PHI,DAL,0.11697209052512186
2021-22,old,PHI,DEN,0.07412304696805831
2021-22,old,PHI,DET,0.0019280361148104942
2021-22,old,PHI,GSW,0.08859716131974153
2021-22,old,PHI,HOU,0.049890085853242866
2021-22,old,PHI,IND,0.0970333103941586
2021-22,old,PHI,LAC,0.0
2021-22,old,PHI,LAL,0.0
2021-22,old,PHI,MEM,0.2119400358687132
2021-22,old,PHI,MIA,0.05896767318762582
2021-22,old,PHI,MIL,0.10474442332310131
2021-22,old,PHI,MIN,0.03218891996312577
2021-22,old,PHI,NOP,0.17590467512597835
2021-22,old,PHI,NYK,0.007265824438771322
2021-22,old,PHI,OKC,0.031081079472569068
2021-22,old,PHI,ORL,0.001809651939545
2021-22,old,PHI,PHX,0.0
2021-22,old,PHI,POR,0.028435343611019768
2021-22,old,PHI,SAC,0.003243379807727735
2021-22,old,PHI,SAS,0.22617370257392932
2021-22,old,PHI,TOR,0.033634418965386395
2021-22,old,PHI,UTA,5.833970212278293e-05
2021-22,old,PHI,WAS,0.01335932682365792
2021-22,old,PHX,ATL,0.007127798138425035
2021-22,old,PHX,BKN,0.06161074062294801
2021-22,old,PHX,BOS,4.088876610506736e-05
2021-22,old,PHX,CHA,0.040702717958101986
2021-22,old,PHX,CHI,0.049338671487642496
2021-22,old,PHX,CLE,0.011022393478504793
2021-22,old,PHX,DAL,0.030703365053305003
2021-22,old,PHX,DEN,0.04099924942788896
2021-22,old,PHX,DET,0.006015784899455165
2021-22,old,PHX,GSW,0.015214347416150516
2021-22,old,PHX,HOU,0.012175646521078807
2021-22,old,PHX,IND,0.02227208862611304
2021-22,old,PHX,LAC,0.0
2021-22,old,PHX,LAL,0.0
2021-22,old,PHX,MEM,0.25724919326050777
2021-22,old,PHX,MIA,0.018156250147791257
2021-22,old,PHX,MIL,0.024929159062864147
2021-22,old,PHX,MIN,0.020769017404669837
2021-22,old,PHX,NOP,0.18369789076983065
2021-22,old,PHX,NYK,0.01707104582769776
2021-22,old,PHX,OKC,0.03352702386426474
2021-22,old,PHX,ORL,0.002531896229994065
2021-22,old,PHX,PHI,0.0
2021-22,old,PHX,POR,0.03611033509038357
2021-22,old,PHX,SAC,0.007043936141911313
2021-22,old,PHX,SAS,0.09996216628737846
2021-22,old,PHX,TOR,0.0037000009218851665
2021-22,old,PHX,UTA,5.229409314758123e-05
2021-22,old,PHX,WAS,0.019282109401645015
2021-22,old,POR,ATL,0.015513595555394185
2021-22,old,POR,BKN,0.02702810560972959
2021-22,old,POR,BOS,5.083322755540467e-05
2021-22,old,POR,CHA,0.09940310629853537
2021-22,old,POR,CHI,0.179349490743074
2021-22,old,POR,CLE,0.014159784562830116
2021-22,old,POR,DAL,0.015477492853277744
2021-22,old,POR,DEN,0.03335792875347611
2021-22,old,POR,DET,0.007955078469419629
2021-22,old,POR,GSW,0.018908339148307897
2021-22,old,POR,HOU,0.02879660560434347
2021-22,old,POR,IND,0.0359694296100269
2021-22,old,POR,LAC,0.0
2021-22,old,POR,LAL,0.0
2021-22,old,POR,MEM,0.30458399365278244
2021-22,old,POR,MIA,0.010134698395328275
2021-22,old,POR,MIL,0.025787695347703116
2021-22,old,POR,MIN,0.006133534145400231
2021-22,old,POR,NOP,0.43327214834778527
2021-22,old,POR,NYK,0.06397291669859981
2021-22,old,POR,OKC,0.02171289273557793
2021-22,old,POR,ORL,0.005710030985998116
2021-22,old,POR,PHI,0.0
2021-22,old,POR,PHX,0.0
2021-22,old,POR,SAC,0.045137296525434835
2021-22,old,POR,SAS,0.09558590490673788
2021-22,old,POR,TOR,0.006780450886446023
2021-22,old,POR,UTA,4.433401748907481e-05
2021-22,old,POR,WAS,0.07667249710774658
2021-22,old,SAC,ATL,0.007188933305060103
2021-22,old,SAC,BKN,0.05073791735779185
2021-22,old,SAC,BOS,0.00013965480464726626
2021-22,old,SAC,CHA,0.038732922347965604
2021-22,old,SAC,CHI,0.03707237299503235
2021-22,old,SAC,CLE,0.003875717243140845
2021-22,old,SAC,DAL,0.050669412983939253
2021-22,old,SAC,DEN,0.03350722427148093
2021-22,old,SAC,DET,0.006343809130569644
2021-22,old,SAC,GSW,0.016309858552357122
2021-22,old,SAC,HOU,0.027394396939298845
2021-22,old,SAC,IND,0.025620214638879965
2021-22,old,SAC,LAC,0.0
2021-22,old,SAC,LAL,0.0
2021-22,old,SAC,MEM,0.1256243842309037
2021-22,old,SAC,MIA,0.018823276117829413
2021-22,old,SAC,MIL,0.050371925378041006
2021-22,old,SAC,MIN,0.024404611934342926
2021-22,old,SAC,NOP,0.08063808649345276
2021-22,old,SAC,NYK,0.02267844396060565
2021-22,old,SAC,OKC,0.015804594909590033
2021-22,old,SAC,ORL,0.004914250426577452
2021-22,old,SAC,PHI,0.0
2021-22,old,SAC,PHX,0.0
2021-22,old,SAC,POR,0.053063214308191296
2021-22,old,SAC,SAS,0.092912221238332
2021-22,old,SAC,TOR,0.006914690933999991
2021-22,old,SAC,UTA,1.990454315989901e-05
2021-22,old,SAC,WAS,0.02039889160508419
2021-22,old,SAS,ATL,0.013702617706633037
2021-22,old,SAS,BKN,0.040006982689679324
2021-22,old,SAS,BOS,7.783711492530344e-05
2021-22,old,SAS,CHA,0.13889962247676998
2021-22,old,SAS,CHI,0.07316485960121785
2021-22,old,SAS,CLE,0.006084016307462786
2021-22,old,SAS,DAL,0.028369389284563208
2021-22,old,SAS,DEN,0.02009883555073745
2021-22,old,SAS,DET,0.0038773143016795973
2021-22,old,SAS,GSW,0.018793399222348718
2021-22,old,SAS,HOU,0.015634428680240137
2021-22,old,SAS,IND,0.022290129368816983
2021-22,old,SAS,LAC,0.0
2021-22,old,SAS,LAL,0.0
2021-22,old,SAS,MEM,0.3087133579420288
2021-22,old,SAS,MIA,0.015502155259058908
2021-22,old,SAS,MIL,0.05004278797375221
2021-22,old,SAS,MIN,0.01574658059493283
2021-22,old,SAS,NOP,0.5110193594020113
2021-22,old,SAS,NYK,0.06658817796668812
2021-22,old,SAS,OKC,0.017329706494355033
2021-22,old,SAS,ORL,0.004362269542780084
2021-22,old,SAS,PHI,0.0
2021-22,old,SAS,PHX,0.0
2021-22,old,SAS,POR,0.20340432125378338
2021-22,old,SAS,SAC,0.03402733087202299
2021-22,old,SAS,TOR,0.006332961403007236
2021-22,old,SAS,UTA,7.45967504691521e-05
2021-22,old,SAS,WAS,0.09793640578962547
2021-22,old,TOR,ATL,0.029865988165027686
2021-22,old,TOR,BKN,0.11857175955613317
2021-22,old,TOR,BOS,0.0005444081854854575
2021-22,old,TOR,CHA,0.054685905030902204
2021-22,old,TOR,CHI,0.10234073098242716
2021-22,old,TOR,CLE,0.15291669494152174
2021-22,old,TOR,DAL,0.05201193258841471
2021-22,old,TOR,DEN,0.09791774556453374
2021-22,old,TOR,DET,0.002744508725576315
2021-22,old,TOR,GSW,0.03040143143388304
2021-22,old,TOR,HOU,0.09867483806529417
2021-22,old,TOR,IND,0.07245467729822756
2021-22,old,TOR,LAC,0.0
2021-22,old,TOR,LAL,0.0
2021-22,old,TOR,MEM,0.30117607853075484
2021-22,old,TOR,MIA,0.013986260852122135
2021-22,old,TOR,MIL,0.0625828638893459
2021-22,old,TOR,MIN,0.07588915989064228
2021-22,old,TOR,NOP,0.2772375931605769
2021-22,old,TOR,NYK,0.018269908635292546
2021-22,old,TOR,OKC,0.02889047107162755
2021-22,old,TOR,ORL,0.004009539174469674
2021-22,old,TOR,PHI,0.0
2021-22,old,TOR,PHX,0.0
2021-22,old,TOR,POR,0.05793874776207536
2021-22,old,TOR,SAC,0.008380441193981198
2021-22,old,TOR,SAS,0.4453395222100898
2021-22,old,TOR,UTA,0.00026553625168626344
2021-22,old,TOR,WAS,0.029395153079496125
2021-22,old,UTA,ATL,0.019169543106684592
2021-22,old,UTA,BKN,0.07233844365600248
2021-22,old,UTA,BOS,2.894438778440716e-05
2021-22,old,UTA,CHA,0.04630126192703043
2021-22,old,UTA,CHI,0.07914480582814422
2021-22,old,UTA,CLE,0.010754770701815058
2021-22,old,UTA,DAL,0.07357603562771062
2021-22,old,UTA,DEN,0.13735296151582846
2021-22,old,UTA,DET,0.004399941411684977
2021-22,old,UTA,GSW,0.03927832170790569
2021-22,old,UTA,HOU,0.03012850229554119
2021-22,old,UTA,IND,0.03505084597107595
2021-22,old,UTA,LAC,0.0
2021-22,old,UTA,LAL,0.0
2021-22,old,UTA,MEM,1.0084703480480461
2021-22,old,UTA,MIA,0.04284051777168723
2021-22,old,UTA,MIL,0.07632900829223999
2021-22,old,UTA,MIN,0.04767944882457198
2021-22,old,UTA,NOP,0.26068951180476846
2021-22,old,UTA,NYK,0.01578893502203394
2021-22,old,UTA,OKC,0.02783337796956393
2021-22,old,UTA,ORL,0.0024290107525229616
2021-22,old,UTA,PHI,0.0
2021-22,old,UTA,PHX,0.0
2021-22,old,UTA,POR,0.04536489364895307
2021-22,old,UTA,SAC,0.005792703843911216
2021-22,old,UTA,SAS,0.18141066119409077
2021-22,old,UTA,TOR,0.006160520977475237
2021-22,old,UTA,WAS,0.022990627046416735
2021-22,old,WAS,ATL,0.03159033106777902
2021-22,old,WAS,BKN,0.03861740904672468
2021-22,old,WAS,BOS,0.0003007516897943431
2021-22,old,WAS,CHA,0.07517259597142896
2021-22,old,WAS,CHI,0.04373045797305023
2021-22,old,WAS,CLE,0.1420055717951154
2021-22,old,WAS,DAL,0.030502239268468526
2021-22,old,WAS,DEN,0.027702777731908847
2021-22,old,WAS,DET,0.0028975835673728948
2021-22,old,WAS,GSW,0.01824892417959084
2021-22,old,WAS,HOU,0.06205818959559988
2021-22,old,WAS,IND,0.12610517419191883
2021-22,old,WAS,LAC,0.0
2021-22,old,WAS,LAL,0.0
2021-22,old,WAS,MEM,0.5833519983762071
2021-22,old,WAS,MIA,0.02752909498361485
2021-22,old,WAS,MIL,0.03196625494844747
2021-22,old,WAS,MIN,0.020938660600906493
2021-22,old,WAS,NOP,0.788215193783175
2021-22,old,WAS,NYK,0.10901636040526816
2021-22,old,WAS,OKC,0.03407254041504405
2021-22,old,WAS,ORL,0.004697909302812675
2021-22,old,WAS,PHI,0.0
2021-22,old,WAS,PHX,0.0
2021-22,old,WAS,POR,0.07808506519859727
2021-22,old,WAS,SAC,0.009551929575679963
2021-22,old,WAS,SAS,0.11077259718240781
2021-22,old,WAS,TOR,0.016592942014939147
2021-22,old,WAS,UTA,0.0003571758858764639
2022-23,new,ATL,BKN,0.059509397568306165
2022-23,new,ATL,BOS,0.0
2022-23,new,ATL,CHA,0.021032789127881063
2022-23,new,ATL,CHI,0.1096379902065323
2022-23,new,ATL,CLE,0.004506239895561773
2022-23,new,ATL,DAL,0.05881428292981332
2022-23,new,ATL,DEN,0.0
2022-23,new,ATL,DET,0.0017151614834137
2022-23,new,ATL,GSW,0.035242159706520594
2022-23,new,ATL,HOU,0.03823599173215715
2022-23,new,ATL,IND,0.07551175007793365
2022-23,new,ATL,LAC,0.009060075557509694
2022-23,new,ATL,LAL,0.04639789852215346
2022-23,new,ATL,MEM,0.01736530195993918
2022-23,new,ATL,MIA,0.07210453378424667
2022-23,new,ATL,MIL,0.0
2022-23,new,ATL,MIN,0.0
2022-23,new,ATL,NOP,0.02898141161221529
2022-23,new,ATL,NYK,0.2104567864266187
2022-23,new,ATL,OKC,0.045890355747883575
2022-23,new,ATL,ORL,0.02678641827609987
2022-23,new,ATL,PHI,0.0
2022-23,new,ATL,PHX,0.0
2022-23,new,ATL,POR,0.026867169596904147
2022-23,new,ATL,SAC,0.018103630048464193
2022-23,new,ATL,SAS,0.0007131460688206377
2022-23,new,ATL,TOR,0.38574430493410244
2022-23,new,ATL,UTA,0.19646869516683177
2022-23,new,ATL,WAS,0.1558287576296121
2022-23,new,BKN,ATL,0.04870533807265791
2022-23,new,BKN,BOS,0.0
2022-23,new,BKN,CHA,0.05963897278584916
2022-23,new,BKN,CHI,0.0222466111666173
2022-23,new,BKN,CLE,0.0057212748060932244
2022-23,new,BKN,DAL,0.036253424801298645
2022-23,new,BKN,DEN,0.0
2022-23,new,BKN,DET,0.00018401532157911096
2022-23,new,BKN,GSW,0.06257139936737514
2022-23,new,BKN,HOU,0.05039305005108151
2022-23,new,BKN,IND,0.07757455885238262
2022-23,new,BKN,LAC,0.03447467694004821
2022-23,new,BKN,LAL,0.03811341638524277
2022-23,new,BKN,MEM,0.04175818638634218
2022-23,new,BKN,MIA,0.3096381803502411
2022-23,new,BKN,MIL,0.0
2022-23,new,BKN,MIN,0.0
2022-23,new,BKN,NOP,0.05193157289460189
2022-23,new,BKN,NYK,0.0779881856443576
2022-23,new,BKN,OKC,0.016674568992939072
2022-23,new,BKN,ORL,0.009046860377952236
2022-23,new,BKN,PHI,0.0
2022-23,new,BKN,PHX,0.0
2022-23,new,BKN,POR,0.07685576382533056
2022-23,new,BKN,SAC,0.04696839220079709
2022-23,new,BKN,SAS,0.0002110968305790046
2022-23,new,BKN,TOR,0.0600860574949167
2022-23,new,BKN,UTA,0.1842009387426091
2022-23,new,BKN,WAS,0.04777139508921432
2022-23,new,BOS,ATL,0.08729533871964246
2022-23,new,BOS,BKN,0.03632030607308637
2022-23,new,BOS,CHA,0.10530489376348136
2022-23,new,BOS,CHI,0.047870660007546556
2022-23,new,BOS,CLE,0.0018425804116373788
2022-23,new,BOS,DAL,0.029841228308933276
2022-23,new,BOS,DEN,0.0
2022-23,new,BOS,DET,6.943977254634555e-07
2022-23,new,BOS,GSW,0.021771469473565914
2022-23,new,BOS,HOU,0.016469019499932548
2022-23,new,BOS,IND,0.2610705800705025
2022-23,new,BOS,LAC,0.07361072211052644
2022-23,new,BOS,LAL,0.031110183078623063
2022-23,new,BOS,MEM,0.02832473174177345
2022-23,new,BOS,MIA,0.04105358925265357
2022-23,new,BOS,MIL,0.0
2022-23,new,BOS,MIN,0.0
2022-23,new,BOS,NOP,0.022175107754060425
2022-23,new,BOS,NYK,0.02456083458327569
2022-23,new,BOS,OKC,0.02291136846285522
2022-23,new,BOS,ORL,0.004100207218659271
2022-23,new,BOS,PHI,0.0
2022-23,new,BOS,PHX,0.0
2022-23,new,BOS,POR,0.056687198422661886
2022-23,new,BOS,SAC,0.019432524273565052
2022-23,new,BOS,SAS,0.0002715094097596913
2022-23,new,BOS,TOR,0.015178203708780974
2022-23,new,BOS,UTA,0.14144267462194374
2022-23,new,BOS,WAS,0.020086520531848034
2022-23,new,CHA,ATL,0.05680905556393895
2022-23,new,CHA,BKN,0.08607156681058811
2022-23,new,CHA,BOS,0.0
2022-23,new,CHA,CHI,0.070676682948523
2022-23,new,CHA,CLE,0.0033378662062926285
2022-23,new,CHA,DAL,0.05130915311080382
2022-23,new,CHA,DEN,0.0
2022-23,new,CHA,DET,0.006025980643227177
2022-23,new,CHA,GSW,0.04348641566116343
2022-23,new,CHA,HOU,0.029354256766824183
2022-23,new,CHA,IND,0.07879267427450648
2022-23,new,CHA,LAC,0.01441945064582075
2022-23,new,CHA,LAL,0.07030792018818138
2022-23,new,CHA,MEM,0.03670970700186696
2022-23,new,CHA,MIA,0.033625092290900487
2022-23,new,CHA,MIL,0.0
2022-23,new,CHA,MIN,0.0
2022-23,new,CHA,NOP,0.045881465295739145
2022-23,new,CHA,NYK,0.13862183100066827
2022-23,new,CHA,OKC,0.041019127026605755
2022-23,new,CHA,ORL,0.01195134782019482
2022-23,new,CHA,PHI,0.0
2022-23,new,CHA,PHX,0.0
2022-23,new,CHA,POR,0.0519625997000169
2022-23,new,CHA,SAC,0.02889652349082287
2022-23,new,CHA,SAS,0.0033331076754849823
2022-23,new,CHA,TOR,0.018002267835550218
2022-23,new,CHA,UTA,0.13132649931694731
2022-23,new,CHA,WAS,0.03335813628829097
2022-23,new,CHI,ATL,0.2200583800786716
2022-23,new,CHI,BKN,0.08634981103942133
2022-23,new,CHI,BOS,0.0
2022-23,new,CHI,CHA,0.028947736067548566
2022-23,new,CHI,CLE,0.0009342168937944045
2022-23,new,CHI,DAL,0.08145600794882019
2022-23,new,CHI,DEN,0.0
2022-23,new,CHI,DET,1.388795450926911e-06
2022-23,new,CHI,GSW,0.058397313034026704
2022-23,new,CHI,HOU,0.06721524817875088
2022-23,new,CHI,IND,0.048581738358047785
2022-23,new,CHI,LAC,0.027434536787492605
2022-23,new,CHI,LAL,0.026312230784217187
2022-23,new,CHI,MEM,0.010994612206464055
2022-23,new,CHI,MIA,0.029185664260625254
2022-23,new,CHI,MIL,0.0
2022-23,new,CHI,MIN,0.0
2022-23,new,CHI,NOP,0.07645150843409595
2022-23,new,CHI,NYK,0.16398724182352195
2022-23,new,CHI,OKC,0.08625673469896668
2022-23,new,CHI,ORL,0.10164708929188067
2022-23,new,CHI,PHI,0.0
2022-23,new,CHI,PHX,0.0
2022-23,new,CHI,POR,0.019380282079561773
2022-23,new,CHI,SAC,0.012124277790764987
2022-23,new,CHI,SAS,5.555181803707644e-06
2022-23,new,CHI,TOR,0.12747253140097042
2022-23,new,CHI,UTA,0.15483845894800122
2022-23,new,CHI,WAS,0.1304771277620597
2022-23,new,CLE,ATL,0.0288841765189155
2022-23,new,CLE,BKN,0.06383593860014085
2022-23,new,CLE,BOS,0.0
2022-23,new,CLE,CHA,0.03864046323427359
2022-23,new,CLE,CHI,0.02662509300652597
2022-23,new,CLE,DAL,0.0
2022-23,new,CLE,DEN,0.0
2022-23,new,CLE,DET,0.0006117641489426802
2022-23,new,CLE,GSW,0.009541355005789665
2022-23,new,CLE,HOU,0.012997575482606468
2022-23,new,CLE,IND,0.40178018929607184
2022-23,new,CLE,LAC,0.013414062519762508
2022-23,new,CLE,LAL,0.005803340403383182
2022-23,new,CLE,MEM,0.14034374959638407
2022-23,new,CLE,MIA,0.06070580224854527
2022-23,new,CLE,MIL,0.0
2022-23,new,CLE,MIN,0.0
2022-23,new,CLE,NOP,0.00045285560975477526
2022-23,new,CLE,NYK,0.04944841579407301
2022-23,new,CLE,OKC,0.0012968750325722045
2022-23,new,CLE,ORL,0.005430584862800135
2022-23,new,CLE,PHI,0.0
2022-23,new,CLE,PHX,0.0
2022-23,new,CLE,POR,0.050928999371681126
2022-23,new,CLE,SAC,0.07536422476878965
2022-23,new,CLE,SAS,0.00027775900361309055
2022-23,new,CLE,TOR,0.04848998553140525
2022-23,new,CLE,UTA,0.06370258643629093
2022-23,new,CLE,WAS,0.04622898977510853
2022-23,new,DAL,ATL,0.01030981813949848
2022-23,new,DAL,BKN,0.11549915567992787
2022-23,new,DAL,BOS,0.0
2022-23,new,DAL,CHA,0.022130544704712773
2022-23,new,DAL,CHI,0.028207777908940537
2022-23,new,DAL,CLE,0.0
2022-23,new,DAL,DEN,0.0
2022-23,new,DAL,DET,0.00015276744636798085
2022-23,new,DAL,GSW,0.10557796743574802
2022-23,new,DAL,HOU,0.0680705818314314
2022-23,new,DAL,IND,0.04054633650214188
2022-23,new,DAL,LAC,0.03683216648493444
2022-23,new,DAL,LAL,0.15530091641731722
2022-23,new,DAL,MEM,0.01871526159999936
2022-23,new,DAL,MIA,0.025417738298904716
2022-23,new,DAL,MIL,0.0
2022-23,new,DAL,MIN,0.0
2022-23,new,DAL,NOP,0.15618265040724633
2022-23,new,DAL,NYK,0.6438720476645752
2022-23,new,DAL,OKC,0.17397548488008083
2022-23,new,DAL,ORL,0.0031095013374948426
2022-23,new,DAL,PHI,0.0
2022-23,new,DAL,PHX,0.0
2022-23,new,DAL,POR,0.04194608957528834
2022-23,new,DAL,SAC,0.03774721518279866
2022-23,new,DAL,SAS,0.00015554504020750257
2022-23,new,DAL,TOR,0.04297232658026289
2022-23,new,DAL,UTA,0.27735775458227363
2022-23,new,DAL,WAS,0.0047348858387101294
2022-23,new,DEN,ATL,0.03830297012743052
2022-23,new,DEN,BKN,0.08288698726701164
2022-23,new,DEN,BOS,0.0
2022-23,new,DEN,CHA,0.3786441870790343
2022-23,new,DEN,CHI,0.014511481701307465
2022-23,new,DEN,CLE,0.0007075159132765638
2022-23,new,DEN,DAL,0.028374032257590505
2022-23,new,DEN,DET,6.943977254634555e-07
2022-23,new,DEN,GSW,0.031077474545530497
2022-23,new,DEN,HOU,0.07464385762686264
2022-23,new,DEN,IND,0.12442059721890134
2022-23,new,DEN,LAC,0.04214736006525747
2022-23,new,DEN,LAL,0.056623922601856044
2022-23,new,DEN,MEM,0.04697515632597436
2022-23,new,DEN,MIA,0.05446321840848448
2022-23,new,DEN,MIL,0.0
2022-23,new,DEN,MIN,0.0
2022-23,new,DEN,NOP,0.02418750011368157
2022-23,new,DEN,NYK,0.06475739927792366
2022-23,new,DEN,OKC,0.030951239317956642
2022-23,new,DEN,ORL,0.006269920144853236
2022-23,new,DEN,PHI,0.0
2022-23,new,DEN,PHX,0.0
2022-23,new,DEN,POR,0.059994351521631906
2022-23,new,DEN,SAC,0.031734810348469436
2022-23,new,DEN,SAS,6.943977254634555e-07
2022-23,new,DEN,TOR,0.006499423936162372
2022-23,new,DEN,UTA,0.13252731803935758
2022-23,new,DEN,WAS,0.03509264277065117
2022-23,new,DET,ATL,0.049530810246195
2022-23,new,DET,BKN,0.026993073887394275
2022-23,new,DET,BOS,0.0
2022-23,new,DET,CHA,0.02804798771839755
2022-23,new,DET,CHI,0.06955211731456766
2022-23,new,DET,CLE,0.0002668988580196661
2022-23,new,DET,DAL,0.02967885391464247
2022-23,new,DET,DEN,0.0
2022-23,new,DET,GSW,0.017820344837856623
2022-23,new,DET,HOU,0.016013469966429543
2022-23,new,DET,IND,0.05791877483893868
2022-23,new,DET,LAC,0.013553609985171753
2022-23,new,DET,LAL,0.020772090465119426
2022-23,new,DET,MEM,0.006541949328268951
2022-23,new,DET,MIA,0.038513754329988825
2022-23,new,DET,MIL,0.0
2022-23,new,DET,MIN,0.0
2022-23,new,DET,NOP,0.011807920189317443
2022-23,new,DET,NYK,0.08586323296122969
2022-23,new,DET,OKC,0.0026527478658305167
2022-23,new,DET,ORL,0.013433326281142273
2022-23,new,DET,PHI,0.0
2022-23,new,DET,PHX,0.0
2022-23,new,DET,POR,0.01129534646471633
2022-23,new,DET,SAC,0.0066021277940167085
2022-23,new,DET,SAS,0.0011179799385213148
2022-23,new,DET,TOR,0.05442962636334618
2022-23,new,DET,UTA,0.022617183688988417
2022-23,new,DET,WAS,0.05010171198177889
2022-23,new,GSW,ATL,0.019122532102872764
2022-23,new,GSW,BKN,0.12992707262715628
2022-23,new,GSW,BOS,0.0
2022-23,new,GSW,CHA,0.02537790904066963
2022-23,new,GSW,CHI,0.06297174465375457
2022-23,new,GSW,CLE,3.9914314412303136e-05
2022-23,new,GSW,DAL,0.1796000275450135
2022-23,new,GSW,DEN,0.0
2022-23,new,GSW,DET,9.166047080506018e-05
2022-23,new,GSW,HOU,0.2529019385827544
2022-23,new,GSW,IND,0.02807296056825196
2022-23,new,GSW,LAC,0.0446810351361336
2022-23,new,GSW,LAL,0.31236907333508945
2022-23,new,GSW,MEM,0.010167293399775597
2022-23,new,GSW,MIA,0.05444674890745321
2022-23,new,GSW,MIL,0.0
2022-23,new,GSW,MIN,0.0
2022-23,new,GSW,NOP,0.22115975219266618
2022-23,new,GSW,NYK,0.15497170611067854
2022-23,new,GSW,OKC,0.17576912788728433
2022-23,new,GSW,ORL,0.0026683446193967574
2022-23,new,GSW,PHI,0.0
2022-23,new,GSW,PHX,0.0
2022-23,new,GSW,POR,0.054063518482274336
2022-23,new,GSW,SAC,0.030779494421430516
2022-23,new,GSW,SAS,4.235825384057537e-05
2022-23,new,GSW,TOR,0.02836224913699711
2022-23,new,GSW,UTA,0.3739054745929299
2022-23,new,GSW,WAS,0.010568721578192709
2022-23,new,HOU,ATL,0.011620711036606637
2022-23,new,HOU,BKN,0.028582607168173173
2022-23,new,HOU,BOS,0.0
2022-23,new,HOU,CHA,0.03887512092446302
2022-23,new,HOU,CHI,0.03031195444544366
2022-23,new,HOU,CLE,0.0006943056624581439
2022-23,new,HOU,DAL,0.07984511479011744
2022-23,new,HOU,DEN,0.0
2022-23,new,HOU,DET,0.0006027370161324331
2022-23,new,HOU,GSW,0.05100831277274807
2022-23,new,HOU,IND,0.06431499544601114
2022-23,new,HOU,LAC,0.021505118752388155
2022-23,new,HOU,LAL,0.05400835145150456
2022-23,new,HOU,MEM,0.013648126073162688
2022-23,new,HOU,MIA,0.06265736794863314
2022-23,new,HOU,MIL,0.0
2022-23,new,HOU,MIN,0.0
2022-23,new,HOU,NOP,0.08042079731625312
2022-23,new,HOU,NYK,0.04055781141409594
2022-23,new,HOU,OKC,0.05303502157577394
2022-23,new,HOU,ORL,0.007135860208631158
2022-23,new,HOU,PHI,0.0
2022-23,new,HOU,PHX,0.0
2022-23,new,HOU,POR,0.03704847413705568
2022-23,new,HOU,SAC,0.02968395155552759
2022-23,new,HOU,SAS,0.00024928871331871184
2022-23,new,HOU,TOR,0.008975685829602205
2022-23,new,HOU,UTA,0.15527329336291953
2022-23,new,HOU,WAS,0.012733315857305399
2022-23,new,IND,ATL,0.03861008350832274
2022-23,new,IND,BKN,0.01671615453965119
2022-23,new,IND,BOS,0.0
2022-23,new,IND,CHA,0.019251780557672113
2022-23,new,IND,CHI,0.07628310364555765
2022-23,new,IND,CLE,2.670406394513677e-05
2022-23,new,IND,DAL,0.022399816705087693
2022-23,new,IND,DEN,0.0
2022-23,new,IND,DET,1.1110363607415289e-05
2022-23,new,IND,GSW,0.019345512292145997
2022-23,new,IND,HOU,0.010752155224507643
2022-23,new,IND,LAC,0.022237607887363994
2022-23,new,IND,LAL,0.02732947201648695
2022-23,new,IND,MEM,0.010618070027129103
2022-23,new,IND,MIA,0.009010431767155378
2022-23,new,IND,MIL,0.0
2022-23,new,IND,MIN,0.0
2022-23,new,IND,NOP,0.025505118601903288
2022-23,new,IND,NYK,0.08250932930039635
2022-23,new,IND,OKC,0.01578367455938735
2022-23,new,IND,ORL,0.032142700546906655
2022-23,new,IND,PHI,0.0
2022-23,new,IND,PHX,0.0
2022-23,new,IND,POR,0.03284526215643842
2022-23,new,IND,SAC,0.02863362941589105
2022-23,new,IND,SAS,0.00048746698691784653
2022-23,new,IND,TOR,0.051190496437765055
2022-23,new,IND,UTA,0.0683690455114861
2022-23,new,IND,WAS,0.06655565546884819
2022-23,new,LAC,ATL,0.04033903011610289
2022-23,new,LAC,BKN,0.15630218861084302
2022-23,new,LAC,BOS,0.0
2022-23,new,LAC,CHA,0.01378771550455612
2022-23,new,LAC,CHI,0.017416679210274854
2022-23,new,LAC,CLE,0.0002335896687923353
2022-23,new,LAC,DAL,0.13022829388240068
2022-23,new,LAC,DEN,0.0
2022-23,new,LAC,DET,0.0
2022-23,new,LAC,GSW,0.15967756087602258
2022-23,new,LAC,HOU,0.9207599652920456
2022-23,new,LAC,IND,0.035135284812021196
2022-23,new,LAC,LAL,0.18038442931916757
2022-23,new,LAC,MEM,0.008006397723419125
2022-23,new,LAC,MIA,0.05963625889934905
2022-23,new,LAC,MIL,0.0
2022-23,new,LAC,MIN,0.0
2022-23,new,LAC,NOP,0.21750323310394065
2022-23,new,LAC,NYK,0.05510870314145773
2022-23,new,LAC,OKC,0.35035075293169443
2022-23,new,LAC,ORL,0.01221104197849009
2022-23,new,LAC,PHI,0.0
2022-23,new,LAC,PHX,0.0
2022-23,new,LAC,POR,0.04820779878290266
2022-23,new,LAC,SAC,0.022502386914670686
2022-23,new,LAC,SAS,0.0
2022-23,new,LAC,TOR,0.016055697741509185
2022-23,new,LAC,UTA,0.21128840504557816
2022-23,new,LAC,WAS,0.021162162603259274
2022-23,new,LAL,ATL,0.05967601100415998
2022-23,new,LAL,BKN,0.10555136367543404
2022-23,new,LAL,BOS,0.0
2022-23,new,LAL,CHA,0.000671643206693763
2022-23,new,LAL,CHI,0.05110746165210003
2022-23,new,LAL,CLE,0.00014687235169825227
2022-23,new,LAL,DAL,0.1976174974367561
2022-23,new,LAL,DEN,0.0
2022-23,new,LAL,DET,0.0
2022-23,new,LAL,GSW,0.22671589361777097
2022-23,new,LAL,HOU,0.15552424520577288
2022-23,new,LAL,IND,0.019367663138498928
2022-23,new,LAL,LAC,0.043633351948027935
2022-23,new,LAL,MEM,0.004485506204836039
2022-23,new,LAL,MIA,0.03524763219840325
2022-23,new,LAL,MIL,0.0
2022-23,new,LAL,MIN,0.0
2022-23,new,LAL,NOP,0.6168491354228823
2022-23,new,LAL,NYK,0.13137210892931941
2022-23,new,LAL,OKC,0.13122440736192875
2022-23,new,LAL,ORL,0.010075407724401226
2022-23,new,LAL,PHI,0.0
2022-23,new,LAL,PHX,0.0
2022-23,new,LAL,POR,0.05695673376527552
2022-23,new,LAL,SAC,0.026853702720584235
2022-23,new,LAL,SAS,4.860784078244189e-06
2022-23,new,LAL,TOR,0.015642097439536762
2022-23,new,LAL,UTA,0.40689746618329353
2022-23,new,LAL,WAS,0.016934102867201838
2022-23,new,MEM,ATL,0.03412582530715804
2022-23,new,MEM,BKN,0.07804004684346809
2022-23,new,MEM,BOS,0.0
2022-23,new,MEM,CHA,0.059122470466447405
2022-23,new,MEM,CHI,0.03122998884077019
2022-23,new,MEM,CLE,0.00010681625578054708
2022-23,new,MEM,DAL,0.07678366817873668
2022-23,new,MEM,DEN,0.0
2022-23,new,MEM,DET,1.388795450926911e-06
2022-23,new,MEM,GSW,0.10724527192163641
2022-23,new,MEM,HOU,0.1675727379121336
2022-23,new,MEM,IND,0.1697679269832183
2022-23,new,MEM,LAC,0.03316487102811466
2022-23,new,MEM,LAL,0.08866918120780107
2022-23,new,MEM,MIA,0.025429872024230953
2022-23,new,MEM,MIL,0.0
2022-23,new,MEM,MIN,0.0
2022-23,new,MEM,NOP,0.09476535531023822
2022-23,new,MEM,NYK,0.11128215417711712
2022-23,new,MEM,OKC,0.10317483838970753
2022-23,new,MEM,ORL,0.006490322876485851
2022-23,new,MEM,PHI,0.0
2022-23,new,MEM,PHX,0.0
2022-23,new,MEM,POR,0.04212687957847031
2022-23,new,MEM,SAC,0.08940201139291527
2022-23,new,MEM,SAS,6.943977254634555e-06
2022-23,new,MEM,TOR,0.03477934582073664
2022-23,new,MEM,UTA,0.16299494157260314
2022-23,new,MEM,WAS,0.004915783814222711
2022-23,new,MIA,ATL,0.08971947491851229
2022-23,new,MIA,BKN,0.2774715359315733
2022-23,new,MIA,BOS,0.0
2022-23,new,MIA,CHA,0.03592820829985393
2022-23,new,MIA,CHI,0.042002821675485795
2022-23,new,MIA,CLE,0.011015426363241952
2022-23,new,MIA,DAL,0.00772713973338431
2022-23,new,MIA,DEN,0.0
2022-23,new,MIA,DET,0.0009103549897253257
2022-23,new,MIA,GSW,0.059736022074820254
2022-23,new,MIA,HOU,0.11399973217482226
2022-23,new,MIA,IND,0.06749583876160012
2022-23,new,MIA,LAC,0.01942887935745289
2022-23,new,MIA,LAL,0.04392645518648727
2022-23,new,MIA,MEM,0.024624999944634483
2022-23,new,MIA,MIL,0.0
2022-23,new,MIA,MIN,0.0
2022-23,new,MIA,NOP,0.017952047239844525
2022-23,new,MIA,NYK,0.12813868279068835
2022-23,new,MIA,OKC,0.020197737158802017
2022-23,new,MIA,ORL,0.014516936175660645
2022-23,new,MIA,PHI,0.0
2022-23,new,MIA,PHX,0.0
2022-23,new,MIA,POR,0.06559182692009805
2022-23,new,MIA,SAC,0.03245975163775036
2022-23,new,MIA,SAS,0.0001506842496884678
2022-23,new,MIA,TOR,0.07398428855892197
2022-23,new,MIA,UTA,0.06300770843887535
2022-23,new,MIA,WAS,0.08667114437183976
2022-23,new,MIL,ATL,0.06386162533999022
2022-23,new,MIL,BKN,0.09482944625711563
2022-23,new,MIL,BOS,0.0
2022-23,new,MIL,CHA,0.08090149080281506
2022-23,new,MIL,CHI,0.02407087173334087
2022-23,new,MIL,CLE,0.0025032933199766157
2022-23,new,MIL,DAL,0.029429871829086955
2022-23,new,MIL,DEN,0.0
2022-23,new,MIL,DET,0.0
2022-23,new,MIL,GSW,0.01623888564479381
2022-23,new,MIL,HOU,0.025863146995483283
2022-23,new,MIL,IND,0.09032043306717229
2022-23,new,MIL,LAC,0.1665431035833698
2022-23,new,MIL,LAL,0.02679983849494702
2022-23,new,MIL,MEM,0.02402463142573432
2022-23,new,MIL,MIA,0.04030310274133215
2022-23,new,MIL,MIN,0.0
2022-23,new,MIL,NOP,0.019084321118144575
2022-23,new,MIL,NYK,0.07156707413485178
2022-23,new,MIL,OKC,0.015703663822757244
2022-23,new,MIL,ORL,0.009775576015111781
2022-23,new,MIL,PHI,0.0
2022-23,new,MIL,PHX,0.0
2022-23,new,MIL,POR,0.025861781178252233
2022-23,new,MIL,SAC,0.021902525329680803
2022-23,new,MIL,SAS,0.0
2022-23,new,MIL,TOR,0.018828713532426815
2022-23,new,MIL,UTA,0.07531147356320615
2022-23,new,MIL,WAS,0.02800050886274255
2022-23,new,MIN,ATL,0.036269076678134234
2022-23,new,MIN,BKN,0.10984668921089652
2022-23,new,MIN,BOS,0.0
2022-23,new,MIN,CHA,0.006789870702838204
2022-23,new,MIN,CHI,0.04295603826027516
2022-23,new,MIN,CLE,0.00019353357287463008
2022-23,new,MIN,DAL,0.21743490391755593
2022-23,new,MIN,DEN,0.0
2022-23,new,MIN,DET,0.0013061615754649493
2022-23,new,MIN,GSW,0.16347711362231623
2022-23,new,MIN,HOU,0.152226024407488
2022-23,new,MIN,IND,0.04288456096651367
2022-23,new,MIN,LAC,0.05499326589180093
2022-23,new,MIN,LAL,0.22317025947256075
2022-23,new,MIN,MEM,0.018523201330859468
2022-23,new,MIN,MIA,0.0490670063996832
2022-23,new,MIN,MIL,0.0
2022-23,new,MIN,NOP,0.2981236523437386
2022-23,new,MIN,NYK,0.105260138463266
2022-23,new,MIN,OKC,0.182804956949047
2022-23,new,MIN,ORL,0.008551677306991386
2022-23,new,MIN,PHI,0.0
2022-23,new,MIN,PHX,0.0
2022-23,new,MIN,POR,0.055970116056877815
2022-23,new,MIN,SAC,0.02017226200455783
2022-23,new,MIN,SAS,0.0002694262053265792
2022-23,new,MIN,TOR,0.03999719216406789
2022-23,new,MIN,UTA,1.7151908183937337
2022-23,new,MIN,WAS,0.029089408457803775
2022-23,new,NOP,ATL,0.017503907050264576
2022-23,new,NOP,BKN,0.07360124732740005
2022-23,new,NOP,BOS,0.0
2022-23,new,NOP,CHA,0.017813435852897873
2022-23,new,NOP,CHI,0.06781581754148677
2022-23,new,NOP,CLE,0.0012216400332193912
2022-23,new,NOP,DAL,0.19096579786924417
2022-23,new,NOP,DEN,0.0
2022-23,new,NOP,DET,6.943977254634555e-07
2022-23,new,NOP,GSW,0.15756170657447327
2022-23,new,NOP,HOU,0.23359132552555567
2022-23,new,NOP,IND,0.032589019958483054
2022-23,new,NOP,LAC,0.0637386860549731
2022-23,new,NOP,LAL,0.6651419702210214
2022-23,new,NOP,MEM,0.010085880005901408
2022-23,new,NOP,MIA,0.034403635429629785
2022-23,new,NOP,MIL,0.0
2022-23,new,NOP,MIN,0.0
2022-23,new,NOP,NYK,0.10701564782610141
2022-23,new,NOP,OKC,0.18143561391850355
2022-23,new,NOP,ORL,0.002030755123503947
2022-23,new,NOP,PHI,0.0
2022-23,new,NOP,PHX,0.0
2022-23,new,NOP,POR,0.07470360814054819
2022-23,new,NOP,SAC,0.032416011572340885
2022-23,new,NOP,SAS,0.00012290835667829085
2022-23,new,NOP,TOR,0.005152818453235441
2022-23,new,NOP,UTA,0.3868038555186569
2022-23,new,NOP,WAS,0.017755472214872437
2022-23,new,NYK,ATL,0.03637975363621881
2022-23,new,NYK,BKN,0.1455157214696517
2022-23,new,NYK,BOS,0.0
2022-23,new,NYK,CHA,0.025804573684562418
2022-23,new,NYK,CHI,0.027674320978329538
2022-23,new,NYK,CLE,0.005808417465162888
2022-23,new,NYK,DAL,0.058455678252025176
2022-23,new,NYK,DEN,0.0
2022-23,new,NYK,DET,0.00012429714791982533
2022-23,new,NYK,GSW,0.0642530680792746
2022-23,new,NYK,HOU,0.08730765195816337
2022-23,new,NYK,IND,0.07984626130165266
2022-23,new,NYK,LAC,0.020423760987950713
2022-23,new,NYK,LAL,0.08518615308831895
2022-23,new,NYK,MEM,0.045081067084641394
2022-23,new,NYK,MIA,0.09118922141687968
2022-23,new,NYK,MIL,0.0
2022-23,new,NYK,MIN,0.0
2022-23,new,NYK,NOP,0.03460290915132019
2022-23,new,NYK,OKC,0.04804014005148301
2022-23,new,NYK,ORL,0.0025423861893645785
2022-23,new,NYK,PHI,0.0
2022-23,new,NYK,PHX,0.0
2022-23,new,NYK,POR,0.3604441876872611
2022-23,new,NYK,SAC,0.08213395252172508
2022-23,new,NYK,SAS,0.00014235147067665827
2022-23,new,NYK,TOR,0.027146047469822788
2022-23,new,NYK,UTA,0.15030536075234038
2022-23,new,NYK,WAS,0.0370142807489423
2022-23,new,OKC,ATL,0.018649247562077646
2022-23,new,OKC,BKN,0.17600687446844793
2022-23,new,OKC,BOS,0.0
2022-23,new,OKC,CHA,0.007919602403201146
2022-23,new,OKC,CHI,0.02812212509207946
2022-23,new,OKC,CLE,4.005609591770516e-05
2022-23,new,OKC,DAL,0.3300367735172346
2022-23,new,OKC,DEN,0.0
2022-23,new,OKC,DET,0.00016943298162381133
2022-23,new,OKC,GSW,0.07768459362497177
2022-23,new,OKC,HOU,0.17206680980081476
2022-23,new,OKC,IND,0.030371522624689277
2022-23,new,OKC,LAC,0.08431708070989458
2022-23,new,OKC,LAL,0.18906034428688515
2022-23,new,OKC,MEM,0.01103526897351975
2022-23,new,OKC,MIA,0.03747674023837668
2022-23,new,OKC,MIL,0.0
2022-23,new,OKC,MIN,0.0
2022-23,new,OKC,NOP,0.1821012924252086
2022-23,new,OKC,NYK,0.1747143225708572
2022-23,new,OKC,ORL,0.002024143682412678
2022-23,new,OKC,PHI,0.0
2022-23,new,OKC,PHX,0.0
2022-23,new,OKC,POR,0.033062060273772335
2022-23,new,OKC,SAC,0.01861894760833123
2022-23,new,OKC,SAS,4.513583991113061e-05
2022-23,new,OKC,TOR,0.002822494062785813
2022-23,new,OKC,UTA,0.1623427508262905
2022-23,new,OKC,WAS,0.009846458774037057
2022-23,new,ORL,ATL,0.02864063938813785
2022-23,new,ORL,BKN,0.0685095294399864
2022-23,new,ORL,BOS,0.0
2022-23,new,ORL,CHA,0.012151361664455495
2022-23,new,ORL,CHI,0.03712670947111439
2022-23,new,ORL,CLE,0.0007610658222055742
2022-23,new,ORL,DAL,0.034167236508219664
2022-23,new,ORL,DEN,0.0
2022-23,new,ORL,DET,0.00013332431871402093
2022-23,new,ORL,GSW,0.051104987793862196
2022-23,new,ORL,HOU,0.05690167055154171
2022-23,new,ORL,IND,0.0507730189943771
2022-23,new,ORL,LAC,0.021522359976922322
2022-23,new,ORL,LAL,0.05150484969917733
2022-23,new,ORL,MEM,0.02502540663723957
2022-23,new,ORL,MIA,0.07883617176412346
2022-23,new,ORL,MIL,0.0
2022-23,new,ORL,MIN,0.0
2022-23,new,ORL,NOP,0.024378771550234827
2022-23,new,ORL,NYK,0.03630569932420186
2022-23,new,ORL,OKC,0.02866729523522923
2022-23,new,ORL,PHI,0.0
2022-23,new,ORL,PHX,0.0
2022-23,new,ORL,POR,0.037652698217450785
2022-23,new,ORL,SAC,0.01585531054726869
2022-23,new,ORL,SAS,0.0004645518900539675
2022-23,new,ORL,TOR,0.012547234031672367
2022-23,new,ORL,UTA,0.05507272386888965
2022-23,new,ORL,WAS,0.02366866632256618
2022-23,new,PHI,ATL,0.0838405846885949
2022-23,new,PHI,BKN,0.13898994091501962
2022-23,new,PHI,BOS,0.0
2022-23,new,PHI,CHA,0.13362980808028027
2022-23,new,PHI,CHI,0.056619046459112546
2022-23,new,PHI,CLE,0.0023766616892856385
2022-23,new,PHI,DAL,0.032976330073894326
2022-23,new,PHI,DEN,0.0
2022-23,new,PHI,DET,0.0002874805448237598
2022-23,new,PHI,GSW,0.04425783838794399
2022-23,new,PHI,HOU,0.04694719879117247
2022-23,new,PHI,IND,0.14925424761110057
2022-23,new,PHI,LAC,0.04330684290161148
2022-23,new,PHI,LAL,0.06462984925860554
2022-23,new,PHI,MEM,0.061145115977535566
2022-23,new,PHI,MIA,0.024128265637489765
2022-23,new,PHI,MIL,0.0
2022-23,new,PHI,MIN,0.0
2022-23,new,PHI,NOP,0.04288793093669388
2022-23,new,PHI,NYK,0.12285001724046295
2022-23,new,PHI,OKC,0.038490840705484954
2022-23,new,PHI,ORL,0.014398461022390941
2022-23,new,PHI,PHX,0.0
2022-23,new,PHI,POR,0.018687798487513604
2022-23,new,PHI,SAC,0.01787214705379985
2022-23,new,PHI,SAS,0.00032706120239458093
2022-23,new,PHI,TOR,0.04799629265255284
2022-23,new,PHI,UTA,0.49119647366027475
2022-23,new,PHI,WAS,0.03515663679739287
2022-23,new,PHX,ATL,0.014255254481024934
2022-23,new,PHX,BKN,0.8307817769955388
2022-23,new,PHX,BOS,0.0
2022-23,new,PHX,CHA,0.03981142257203765
2022-23,new,PHX,CHI,0.009767051696026572
2022-23,new,PHX,CLE,1.3352031972568385e-05
2022-23,new,PHX,DAL,0.11112787619812049
2022-23,new,PHX,DEN,0.0
2022-23,new,PHX,DET,0.00015346184304376194
2022-23,new,PHX,GSW,0.14962460641420344
2022-23,new,PHX,HOU,0.19406438711069218
2022-23,new,PHX,IND,0.0315160034569999
2022-23,new,PHX,LAC,0.03693803913307231
2022-23,new,PHX,LAL,0.08432920377015073
2022-23,new,PHX,MEM,0.019168913323737793
2022-23,new,PHX,MIA,0.06261460570387953
2022-23,new,PHX,MIL,0.0
2022-23,new,PHX,MIN,0.0
2022-23,new,PHX,NOP,0.13569908396914956
2022-23,new,PHX,NYK,0.0676725578117977
2022-23,new,PHX,OKC,0.07006330867285905
2022-23,new,PHX,ORL,0.0047445848747658375
2022-23,new,PHX,PHI,0.0
2022-23,new,PHX,POR,0.03793973726171483
2022-23,new,PHX,SAC,0.02513317324059291
2022-23,new,PHX,SAS,0.00012221395037221525
2022-23,new,PHX,TOR,0.007469792179371137
2022-23,new,PHX,UTA,0.24679200806689017
2022-23,new,PHX,WAS,0.012373799079676418
2022-23,new,POR,ATL,0.03169835029956816
2022-23,new,POR,BKN,0.04966382599053831
2022-23,new,POR,BOS,0.0
2022-23,new,POR,CHA,0.012040783236550476
2022-23,new,POR,CHI,0.26125998603060235
2022-23,new,POR,CLE,0.0004472221800975165
2022-23,new,POR,DAL,0.10813882698107802
2022-23,new,POR,DEN,0.0
2022-23,new,POR,DET,1.0415964028777976e-05
2022-23,new,POR,GSW,0.08828083687766179
2022-23,new,POR,HOU,0.16669127086271807
2022-23,new,POR,IND,0.059354009230048396
2022-23,new,POR,LAC,0.030882812934317463
2022-23,new,POR,LAL,0.20363146449603817
2022-23,new,POR,MEM,0.011926026001735628
2022-23,new,POR,MIA,0.04052660445746542
2022-23,new,POR,MIL,0.0
2022-23,new,POR,MIN,0.0
2022-23,new,POR,NOP,0.17751885758530236
2022-23,new,POR,NYK,0.08594056057239265
2022-23,new,POR,OKC,0.11141029118712799
2022-23,new,POR,ORL,0.0024087868972663224
2022-23,new,POR,PHI,0.0
2022-23,new,POR,PHX,0.0
2022-23,new,POR,SAC,0.01513138661411674
2022-23,new,POR,SAS,1.1110363607415289e-05
2022-23,new,POR,TOR,0.02191102965155032
2022-23,new,POR,UTA,0.20994854768296634
2022-23,new,POR,WAS,0.0290751710103773
2022-23,new,SAC,ATL,0.020211536324833454
2022-23,new,SAC,BKN,0.2053147818831262
2022-23,new,SAC,BOS,0.0
2022-23,new,SAC,CHA,0.044082974232090955
2022-23,new,SAC,CHI,0.04531957738693768
2022-23,new,SAC,CLE,0.00012016828775311548
2022-23,new,SAC,DAL,0.07932604910254844
2022-23,new,SAC,DEN,0.0
2022-23,new,SAC,DET,0.0
2022-23,new,SAC,GSW,0.075114428563755
2022-23,new,SAC,HOU,0.1480778555083691
2022-23,new,SAC,IND,0.10526443477812354
2022-23,new,SAC,LAC,0.032893588712663735
2022-23,new,SAC,LAL,0.12335695109195638
2022-23,new,SAC,MEM,0.08474057219370794
2022-23,new,SAC,MIA,0.0372627835033402
2022-23,new,SAC,MIL,0.0
2022-23,new,SAC,MIN,0.0
2022-23,new,SAC,NOP,0.06330334059853943
2022-23,new,SAC,NYK,0.08566759170854812
2022-23,new,SAC,OKC,0.09219181001168307
2022-23,new,SAC,ORL,0.008971250370765937
2022-23,new,SAC,PHI,0.0
2022-23,new,SAC,PHX,0.0
2022-23,new,SAC,POR,0.10255408824587697
2022-23,new,SAC,SAS,0.0
2022-23,new,SAC,TOR,0.008634990640933649
2022-23,new,SAC,UTA,0.2271534524882258
2022-23,new,SAC,WAS,0.012340081444351416
2022-23,new,SAS,ATL,0.0058552405917381796
2022-23,new,SAS,BKN,0.0454300907750196
2022-23,new,SAS,BOS,0.0
2022-23,new,SAS,CHA,0.0275995278187164
2022-23,new,SAS,CHI,0.02165047646781831
2022-23,new,SAS,CLE,0.0
2022-23,new,SAS,DAL,0.04191291318744584
2022-23,new,SAS,DEN,0.0
2022-23,new,SAS,DET,0.0023470632746137136
2022-23,new,SAS,GSW,0.038765503196771786
2022-23,new,SAS,HOU,0.03524542035338277
2022-23,new,SAS,IND,0.057258788794631144
2022-23,new,SAS,LAC,0.02759186459398138
2022-23,new,SAS,LAL,0.09994342739541277
2022-23,new,SAS,MEM,0.00875566494260746
2022-23,new,SAS,MIA,0.0182682244197094
2022-23,new,SAS,MIL,0.0
2022-23,new,SAS,MIN,0.0
2022-23,new,SAS,NOP,0.11752020456474915
2022-23,new,SAS,NYK,0.07028608171401399
2022-23,new,SAS,OKC,0.04912419180771143
2022-23,new,SAS,ORL,0.0015907716388974696
2022-23,new,SAS,PHI,0.0
2022-23,new,SAS,PHX,0.0
2022-23,new,SAS,POR,0.035714573479450326
2022-23,new,SAS,SAC,0.015288528577146746
2022-23,new,SAS,TOR,0.027087556910450516
2022-23,new,SAS,UTA,0.1832583018923627
2022-23,new,SAS,WAS,0.008336601248196105
2022-23,new,TOR,ATL,0.2876026102740296
2022-23,new,TOR,BKN,0.061366657289782266
2022-23,new,TOR,BOS,0.0
2022-23,new,TOR,CHA,0.03879012922957184
2022-23,new,TOR,CHI,0.17391414050383883
2022-23,new,TOR,CLE,0.0007803140726809943
2022-23,new,TOR,DAL,0.07940685052278115
2022-23,new,TOR,DEN,0.0
2022-23,new,TOR,DET,6.943977254634555e-07
2022-23,new,TOR,GSW,0.05218287465028708
2022-23,new,TOR,HOU,0.05630684310875448
2022-23,new,TOR,IND,0.06042073443078116
2022-23,new,TOR,LAC,0.01786368545479992
2022-23,new,TOR,LAL,0.07850673462806172
2022-23,new,TOR,MEM,0.011185320407274615
2022-23,new,TOR,MIA,0.06561902541561154
2022-23,new,TOR,MIL,0.0
2022-23,new,TOR,MIN,0.0
2022-23,new,TOR,NOP,0.04331519389023265
2022-23,new,TOR,NYK,0.15473929808730616
2022-23,new,TOR,OKC,0.042721443727757026
2022-23,new,TOR,ORL,0.03203698195119573
2022-23,new,TOR,PHI,0.0
2022-23,new,TOR,PHX,0.0
2022-23,new,TOR,POR,0.03942153038775628
2022-23,new,TOR,SAC,0.011034512581604289
2022-23,new,TOR,SAS,0.000529130864099992
2022-23,new,TOR,UTA,0.15213761501205633
2022-23,new,TOR,WAS,0.14311619468643508
2022-23,new,UTA,ATL,0.010556082703839988
2022-23,new,UTA,BKN,0.0827425474433528
2022-23,new,UTA,BOS,0.0
2022-23,new,UTA,CHA,0.03798884757725256
2022-23,new,UTA,CHI,0.023214719566870618
2022-23,new,UTA,CLE,0.00020028047958852585
2022-23,new,UTA,DAL,0.16467479096087412
2022-23,new,UTA,DEN,0.0
2022-23,new,UTA,DET,5.624620649667061e-05
2022-23,new,UTA,GSW,0.126715986924825
2022-23,new,UTA,HOU,0.05103960093961837
2022-23,new,UTA,IND,0.04859181345699458
2022-23,new,UTA,LAC,0.049546067338007295
2022-23,new,UTA,LAL,0.10508243477925386
2022-23,new,UTA,MEM,0.015677011226053483
2022-23,new,UTA,MIA,0.033012509970594066
2022-23,new,UTA,MIL,0.0
2022-23,new,UTA,MIN,0.0
2022-23,new,UTA,NOP,0.14581654003086691
2022-23,new,UTA,NYK,0.11037071112266846
2022-23,new,UTA,OKC,0.08014224091863886
2022-23,new,UTA,ORL,0.0020664277984137466
2022-23,new,UTA,PHI,0.0
2022-23,new,UTA,PHX,0.0
2022-23,new,UTA,POR,0.045422265667259605
2022-23,new,UTA,SAC,0.00857695384100174
2022-23,new,UTA,SAS,9.582686496726421e-05
2022-23,new,UTA,TOR,0.00821572312008885
2022-23,new,UTA,WAS,0.005558247665756471
2022-23,new,WAS,ATL,0.10149024096552407
2022-23,new,WAS,BKN,0.06739080634936656
2022-23,new,WAS,BOS,0.0
2022-23,new,WAS,CHA,0.036836732180381346
2022-23,new,WAS,CHI,0.11464651654829248
2022-23,new,WAS,CLE,0.0020823498606888937
2022-23,new,WAS,DAL,0.01715954512890079
2022-23,new,WAS,DEN,0.0
2022-23,new,WAS,DET,0.0
2022-23,new,WAS,GSW,0.020584406751833095
2022-23,new,WAS,HOU,0.027451239537230915
2022-23,new,WAS,IND,0.07192405584159364
2022-23,new,WAS,LAC,0.022793372966678303
2022-23,new,WAS,LAL,0.022134967749448623
2022-23,new,WAS,MEM,0.019708245240808223
2022-23,new,WAS,MIA,0.03645778522331931
2022-23,new,WAS,MIL,0.0
2022-23,new,WAS,MIN,0.0
2022-23,new,WAS,NOP,0.009956627088430309
2022-23,new,WAS,NYK,0.4977688244137521
2022-23,new,WAS,OKC,0.017742187516615278
2022-23,new,WAS,ORL,0.02755281306410025
2022-23,new,WAS,PHI,0.0
2022-23,new,WAS,PHX,0.0
2022-23,new,WAS,POR,0.04457708178212293
2022-23,new,WAS,SAC,0.026188325749556905
2022-23,new,WAS,SAS,8.332772705561466e-06
2022-23,new,WAS,TOR,0.11903494497378049
2022-23,new,WAS,UTA,0.10600417035902049
2022-23,old,ATL,BKN,0.049583161321050784
2022-23,old,ATL,BOS,0.0
2022-23,old,ATL,CHA,0.02096066245881553
2022-23,old,ATL,CHI,0.07664932625034063
2022-23,old,ATL,CLE,0.002384633288010357
2022-23,old,ATL,DAL,0.09535000207812105
2022-23,old,ATL,DEN,0.0
2022-23,old,ATL,DET,0.0018065156159495367
2022-23,old,ATL,GSW,0.044311539572921645
2022-23,old,ATL,HOU,0.04429849098982483
2022-23,old,ATL,IND,0.08714904826619355
2022-23,old,ATL,LAC,0.0026977370953757385
2022-23,old,ATL,LAL,0.05943265012872873
2022-23,old,ATL,MEM,0.017490396957535667
2022-23,old,ATL,MIA,0.03596102013627089
2022-23,old,ATL,MIL,0.0
2022-23,old,ATL,MIN,0.0
2022-23,old,ATL,NOP,0.07023679972826985
2022-23,old,ATL,NYK,0.47499614939319845
2022-23,old,ATL,OKC,0.0650934810927218
2022-23,old,ATL,ORL,0.06718031798218128
2022-23,old,ATL,PHI,0.0
2022-23,old,ATL,PHX,0.0
2022-23,old,ATL,POR,0.033433361859377765
2022-23,old,ATL,SAC,0.018835634396223204
2022-23,old,ATL,SAS,0.0011422668631800403
2022-23,old,ATL,TOR,0.15334317872720177
2022-23,old,ATL,UTA,0.21053424164306703
2022-23,old,ATL,WAS,0.16234123521317786
2022-23,old,BKN,ATL,0.04087712529054324
2022-23,old,BKN,BOS,0.0
2022-23,old,BKN,CHA,0.059569021468409644
2022-23,old,BKN,CHI,0.0228168170629586
2022-23,old,BKN,CLE,0.0032463682746058913
2022-23,old,BKN,DAL,0.08093805714541621
2022-23,old,BKN,DEN,0.0
2022-23,old,BKN,DET,0.0018010817660904373
2022-23,old,BKN,GSW,0.0593836876454247
2022-23,old,BKN,HOU,0.062306843775220146
2022-23,old,BKN,IND,0.08966502778890129
2022-23,old,BKN,LAC,0.02355334056583474
2022-23,old,BKN,LAL,0.03779418130457433
2022-23,old,BKN,MEM,0.04182526799827034
2022-23,old,BKN,MIA,0.15223983080545628
2022-23,old,BKN,MIL,0.0
2022-23,old,BKN,MIN,0.0
2022-23,old,BKN,NOP,0.038673760966249277
2022-23,old,BKN,NYK,0.10536198615485368
2022-23,old,BKN,OKC,0.02851751101580609
2022-23,old,BKN,ORL,0.02610789419760612
2022-23,old,BKN,PHI,0.0
2022-23,old,BKN,PHX,0.0
2022-23,old,BKN,POR,0.06560323587037899
2022-23,old,BKN,SAC,0.04697791198984283
2022-23,old,BKN,SAS,0.002782827004248653
2022-23,old,BKN,TOR,0.047221243991527245
2022-23,old,BKN,UTA,0.16235413459812842
2022-23,old,BKN,WAS,0.06450396066221745
2022-23,old,BOS,ATL,0.0492221537757799
2022-23,old,BOS,BKN,0.030663158724929016
2022-23,old,BOS,CHA,0.1020114565898694
2022-23,old,BOS,CHI,0.0814212750094581
2022-23,old,BOS,CLE,0.0007552263133436688
2022-23,old,BOS,DAL,0.07134812454536799
2022-23,old,BOS,DEN,0.0
2022-23,old,BOS,DET,0.0013434012445120407
2022-23,old,BOS,GSW,0.022709719717287198
2022-23,old,BOS,HOU,0.021480872953603656
2022-23,old,BOS,IND,0.277784518947507
2022-23,old,BOS,LAC,0.07741082983605307
2022-23,old,BOS,LAL,0.034365839877041414
2022-23,old,BOS,MEM,0.028301371215522144
2022-23,old,BOS,MIA,0.024383516893834493
2022-23,old,BOS,MIL,0.0
2022-23,old,BOS,MIN,0.0
2022-23,old,BOS,NOP,0.053572737689567565
2022-23,old,BOS,NYK,0.05767174399116942
2022-23,old,BOS,OKC,0.03459348062581206
2022-23,old,BOS,ORL,0.015847499390427306
2022-23,old,BOS,PHI,0.0
2022-23,old,BOS,PHX,0.0
2022-23,old,BOS,POR,0.07275835664343615
2022-23,old,BOS,SAC,0.019875308703515948
2022-23,old,BOS,SAS,0.0015977155935621317
2022-23,old,BOS,TOR,0.028809503158356113
2022-23,old,BOS,UTA,0.13417937282880305
2022-23,old,BOS,WAS,0.039781791198111704
2022-23,old,CHA,ATL,0.05640159205353731
2022-23,old,CHA,BKN,0.07360426677300222
2022-23,old,CHA,BOS,0.0
2022-23,old,CHA,CHI,0.05079342001789457
2022-23,old,CHA,CLE,0.0014204244399675364
2022-23,old,CHA,DAL,0.1240934964987108
2022-23,old,CHA,DEN,0.0
2022-23,old,CHA,DET,0.0032844940624776843
2022-23,old,CHA,GSW,0.03752443263962098
2022-23,old,CHA,HOU,0.033587554068714054
2022-23,old,CHA,IND,0.09028967914530878
2022-23,old,CHA,LAC,0.00266729526556948
2022-23,old,CHA,LAL,0.05724003204365325
2022-23,old,CHA,MEM,0.03677453347427898
2022-23,old,CHA,MIA,0.02242114944135108
2022-23,old,CHA,MIL,0.0
2022-23,old,CHA,MIN,0.0
2022-23,old,CHA,NOP,0.059507273623864335
2022-23,old,CHA,NYK,0.24367624829751028
2022-23,old,CHA,OKC,0.057778017361234925
2022-23,old,CHA,ORL,0.02884792004434817
2022-23,old,CHA,PHI,0.0
2022-23,old,CHA,PHX,0.0
2022-23,old,CHA,POR,0.06554216115202594
2022-23,old,CHA,SAC,0.028540386064370402
2022-23,old,CHA,SAS,0.0062843867836502405
2022-23,old,CHA,TOR,0.04154716558739323
2022-23,old,CHA,UTA,0.1548288403539679
2022-23,old,CHA,WAS,0.049301466711062
2022-23,old,CHI,ATL,0.11858345168222989
2022-23,old,CHI,BKN,0.07370225908187782
2022-23,old,CHI,BOS,0.0
2022-23,old,CHI,CHA,0.028962483396077356
2022-23,old,CHI,CLE,0.0005625246841916069
2022-23,old,CHI,DAL,0.30776521993295947
2022-23,old,CHI,DEN,0.0
2022-23,old,CHI,DET,0.0011529205292870634
2022-23,old,CHI,GSW,0.04493362449451109
2022-23,old,CHI,HOU,0.0724030176554365
2022-23,old,CHI,IND,0.04797917083301496
2022-23,old,CHI,LAC,0.021157597005266923
2022-23,old,CHI,LAL,0.032862338133353
2022-23,old,CHI,MEM,0.011029718914387636
2022-23,old,CHI,MIA,0.02180868010359499
2022-23,old,CHI,MIL,0.0
2022-23,old,CHI,MIN,0.0
2022-23,old,CHI,NOP,0.12451966611299152
2022-23,old,CHI,NYK,0.7048978229424167
2022-23,old,CHI,OKC,0.11671524712699466
2022-23,old,CHI,ORL,0.2988267423461517
2022-23,old,CHI,PHI,0.0
2022-23,old,CHI,PHX,0.0
2022-23,old,CHI,POR,0.03024897477709846
2022-23,old,CHI,SAC,0.013268764613955314
2022-23,old,CHI,SAS,0.0017827285389729775
2022-23,old,CHI,TOR,0.12100303257489703
2022-23,old,CHI,UTA,0.1701831043002313
2022-23,old,CHI,WAS,0.1823057567555917
2022-23,old,CLE,ATL,0.0192003934993403
2022-23,old,CLE,BKN,0.05456763899443597
2022-23,old,CLE,BOS,0.0
2022-23,old,CLE,CHA,0.036630805259690424
2022-23,old,CLE,CHI,0.02281343892068706
2022-23,old,CLE,DAL,0.032603026468984615
2022-23,old,CLE,DEN,0.0
2022-23,old,CLE,DET,0.0015335750579564043
2022-23,old,CLE,GSW,0.019545348361566343
2022-23,old,CLE,HOU,0.020231950596227823
2022-23,old,CLE,IND,0.4217313666503526
2022-23,old,CLE,LAC,0.013785829767123154
2022-23,old,CLE,LAL,0.017110452515269825
2022-23,old,CLE,MEM,0.14021551905472754
2022-23,old,CLE,MIA,0.03104896026280618
2022-23,old,CLE,MIL,0.0
2022-23,old,CLE,MIN,0.0
2022-23,old,CLE,NOP,0.01811611008882555
2022-23,old,CLE,NYK,0.07505396285926315
2022-23,old,CLE,OKC,0.01600996803791375
2022-23,old,CLE,ORL,0.01429857401427472
2022-23,old,CLE,PHI,0.0
2022-23,old,CLE,PHX,0.0
2022-23,old,CLE,POR,0.04841580655232114
2022-23,old,CLE,SAC,0.07426048750860809
2022-23,old,CLE,SAS,0.002658469878428356
2022-23,old,CLE,TOR,0.029957441235252017
2022-23,old,CLE,UTA,0.0765030937622116
2022-23,old,CLE,WAS,0.0704066442959484
2022-23,old,DAL,ATL,0.04493433223718099
2022-23,old,DAL,BKN,0.10302896766510768
2022-23,old,DAL,BOS,0.0
2022-23,old,DAL,CHA,0.02205344976559151
2022-23,old,DAL,CHI,0.05472096102611462
2022-23,old,DAL,CLE,1.9537938728317592e-05
2022-23,old,DAL,DEN,0.0
2022-23,old,DAL,DET,0.0012802311121108045
2022-23,old,DAL,GSW,0.06584361742890653
2022-23,old,DAL,HOU,0.06972817833625693
2022-23,old,DAL,IND,0.04481050945125896
2022-23,old,DAL,LAC,0.005585398738641804
2022-23,old,DAL,LAL,0.10449434246398218
2022-23,old,DAL,MEM,0.0184545100655182
2022-23,old,DAL,MIA,0.03368273021599504
2022-23,old,DAL,MIL,0.0
2022-23,old,DAL,MIN,0.0
2022-23,old,DAL,NOP,0.1386204199734393
2022-23,old,DAL,NYK,1.5671145351897944
2022-23,old,DAL,OKC,0.15173868595602408
2022-23,old,DAL,ORL,0.025044301432021177
2022-23,old,DAL,PHI,0.0
2022-23,old,DAL,PHX,0.0
2022-23,old,DAL,POR,0.052051305652961
2022-23,old,DAL,SAC,0.034701186172703624
2022-23,old,DAL,SAS,0.00010500268957431035
2022-23,old,DAL,TOR,0.05686047919300923
2022-23,old,DAL,UTA,0.2300659033448797
2022-23,old,DAL,WAS,0.03117368070401119
2022-23,old,DEN,ATL,0.03324726245040448
2022-23,old,DEN,BKN,0.07990714819113974
2022-23,old,DEN,BOS,0.0
2022-23,old,DEN,CHA,0.37880212187176976
2022-23,old,DEN,CHI,0.01925555476018407
2022-23,old,DEN,CLE,0.0003156519385167008
2022-23,old,DEN,DAL,0.044915684433338036
2022-23,old,DEN,DET,0.0016816121426450348
2022-23,old,DEN,GSW,0.02511755598643014
2022-23,old,DEN,HOU,0.08234159541541132
2022-23,old,DEN,IND,0.11513056833384244
2022-23,old,DEN,LAC,0.0419609375930881
2022-23,old,DEN,LAL,0.047986530232492136
2022-23,old,DEN,MEM,0.04694614027314081
2022-23,old,DEN,MIA,0.04344895244769921
2022-23,old,DEN,MIL,0.0
2022-23,old,DEN,MIN,0.0
2022-23,old,DEN,NOP,0.024772629667784027
2022-23,old,DEN,NYK,0.11180097100534206
2022-23,old,DEN,OKC,0.0281080279373042
2022-23,old,DEN,ORL,0.020777625941637786
2022-23,old,DEN,PHI,0.0
2022-23,old,DEN,PHX,0.0
2022-23,old,DEN,POR,0.0724982572616599
2022-23,old,DEN,SAC,0.029373474868566604
2022-23,old,DEN,SAS,0.0032123838818711426
2022-23,old,DEN,TOR,0.014159509243661779
2022-23,old,DEN,UTA,0.11199807450527627
2022-23,old,DEN,WAS,0.054179118801477646
2022-23,old,DET,ATL,0.04349936894897891
2022-23,old,DET,BKN,0.024770262763979062
2022-23,old,DET,BOS,0.0
2022-23,old,DET,CHA,0.02269410392870526
2022-23,old,DET,CHI,0.08939423769394052
2022-23,old,DET,CLE,0.0002106670747887792
2022-23,old,DET,DAL,0.1727413738161631
2022-23,old,DET,DEN,0.0
2022-23,old,DET,GSW,0.03101927978628711
2022-23,old,DET,HOU,0.028614224176472525
2022-23,old,DET,IND,0.07985263355664024
2022-23,old,DET,LAC,0.012192349190490543
2022-23,old,DET,LAL,0.03620743559386405
2022-23,old,DET,MEM,0.006553427149649058
2022-23,old,DET,MIA,0.022225485473273132
2022-23,old,DET,MIL,0.0
2022-23,old,DET,MIN,0.0
2022-23,old,DET,NOP,0.05497467710845302
2022-23,old,DET,NYK,0.21319752554361893
2022-23,old,DET,OKC,0.048040140173839535
2022-23,old,DET,ORL,0.04759254110019433
2022-23,old,DET,PHI,0.0
2022-23,old,DET,PHX,0.0
2022-23,old,DET,POR,0.03970339389127577
2022-23,old,DET,SAC,0.007020126139053999
2022-23,old,DET,SAS,0.015888066736433046
2022-23,old,DET,TOR,0.05958589935356257
2022-23,old,DET,UTA,0.07875705087308923
2022-23,old,DET,WAS,0.09209757727064584
2022-23,old,GSW,ATL,0.03844227757473944
2022-23,old,GSW,BKN,0.11748830833339148
2022-23,old,GSW,BOS,0.0
2022-23,old,GSW,CHA,0.02529573328293979
2022-23,old,GSW,CHI,0.08399238227006196
2022-23,old,GSW,CLE,3.8390554605668414e-05
2022-23,old,GSW,DAL,0.13152511660819433
2022-23,old,GSW,DEN,0.0
2022-23,old,GSW,DET,0.0014105292675353326
2022-23,old,GSW,HOU,0.24823922387898323
2022-23,old,GSW,IND,0.041076411823625064
2022-23,old,GSW,LAC,0.008471174624985372
2022-23,old,GSW,LAL,0.196990031613045
2022-23,old,GSW,MEM,0.010035788815494176
2022-23,old,GSW,MIA,0.07975913724597697
2022-23,old,GSW,MIL,0.0
2022-23,old,GSW,MIN,0.0
2022-23,old,GSW,NOP,0.14877424632737032
2022-23,old,GSW,NYK,0.1821811049181447
2022-23,old,GSW,OKC,0.0920188571983579
2022-23,old,GSW,ORL,0.01624289716162857
2022-23,old,GSW,PHI,0.0
2022-23,old,GSW,PHX,0.0
2022-23,old,GSW,POR,0.06177801974136776
2022-23,old,GSW,SAC,0.025104415414862993
2022-23,old,GSW,SAS,0.002225658103462343
2022-23,old,GSW,TOR,0.04282112759640414
2022-23,old,GSW,UTA,0.24992259591769986
2022-23,old,GSW,WAS,0.02869506616299006
2022-23,old,HOU,ATL,0.02732544761012466
2022-23,old,HOU,BKN,0.025267515871496806
2022-23,old,HOU,BOS,0.0
2022-23,old,HOU,CHA,0.03674400065348544
2022-23,old,HOU,CHI,0.050463040669439324
2022-23,old,HOU,CLE,0.0003705153559727145
2022-23,old,HOU,DAL,0.036646129072559874
2022-23,old,HOU,DEN,0.0
2022-23,old,HOU,DET,0.014863287202260376
2022-23,old,HOU,GSW,0.0377958739522684
2022-23,old,HOU,IND,0.08123448737755051
2022-23,old,HOU,LAC,0.009326239264979637
2022-23,old,HOU,LAL,0.050499729954212064
2022-23,old,HOU,MEM,0.013538851984722638
2022-23,old,HOU,MIA,0.04034640982703032
2022-23,old,HOU,MIL,0.0
2022-23,old,HOU,MIN,0.0
2022-23,old,HOU,NOP,0.0635953664302561
2022-23,old,HOU,NYK,0.033764173750757416
2022-23,old,HOU,OKC,0.04712553860539378
2022-23,old,HOU,ORL,0.023107595576910677
2022-23,old,HOU,PHI,0.0
2022-23,old,HOU,PHX,0.0
2022-23,old,HOU,POR,0.055190373883005316
2022-23,old,HOU,SAC,0.02725862680003166
2022-23,old,HOU,SAS,0.03163760065973633
2022-23,old,HOU,TOR,0.035054065099654336
2022-23,old,HOU,UTA,0.1394530886144687
2022-23,old,HOU,WAS,0.03907632477631647
2022-23,old,IND,ATL,0.04191383391357183
2022-23,old,IND,BKN,0.01712290155010446
2022-23,old,IND,BOS,0.0
2022-23,old,IND,CHA,0.019405213390977723
2022-23,old,IND,CHI,0.09873883062155274
2022-23,old,IND,CLE,0.00021255214283513895
2022-23,old,IND,DAL,0.06995062087040166
2022-23,old,IND,DEN,0.0
2022-23,old,IND,DET,0.002147767091218568
2022-23,old,IND,GSW,0.020826476171137382
2022-23,old,IND,HOU,0.015695043197463683
2022-23,old,IND,LAC,0.017643319005688548
2022-23,old,IND,LAL,0.03168965491209308
2022-23,old,IND,MEM,0.010525934385858044
2022-23,old,IND,MIA,0.009637543665903893
2022-23,old,IND,MIL,0.0
2022-23,old,IND,MIN,0.0
2022-23,old,IND,NOP,0.05938119647777561
2022-23,old,IND,NYK,0.2378443751971642
2022-23,old,IND,OKC,0.041514816885705685
2022-23,old,IND,ORL,0.07915452176411156
2022-23,old,IND,PHI,0.0
2022-23,old,IND,PHX,0.0
2022-23,old,IND,POR,0.09626258059911505
2022-23,old,IND,SAC,0.028079553356737882
2022-23,old,IND,SAS,0.0028645911589235203
2022-23,old,IND,TOR,0.06171319796165344
2022-23,old,IND,UTA,0.11069269961504603
2022-23,old,IND,WAS,0.14618768965169324
2022-23,old,LAC,ATL,0.0451872999408101
2022-23,old,LAC,BKN,0.14474830411306214
2022-23,old,LAC,BOS,0.0
2022-23,old,LAC,CHA,0.013846101247653902
2022-23,old,LAC,CHI,0.028992757370362388
2022-23,old,LAC,CLE,0.00010639653967116475
2022-23,old,LAC,DAL,0.06952879004500385
2022-23,old,LAC,DEN,0.0
2022-23,old,LAC,DET,1.8369684536769804e-05
2022-23,old,LAC,GSW,0.1030645830722442
2022-23,old,LAC,HOU,0.9863712279020067
2022-23,old,LAC,IND,0.0511085376517477
2022-23,old,LAC,LAL,0.1272093202135373
2022-23,old,LAC,MEM,0.008023227104211014
2022-23,old,LAC,MIA,0.07477305219590594
2022-23,old,LAC,MIL,0.0
2022-23,old,LAC,MIN,0.0
2022-23,old,LAC,NOP,0.091920259208579
2022-23,old,LAC,NYK,0.09058225904704045
2022-23,old,LAC,OKC,0.16697009607643723
2022-23,old,LAC,ORL,0.04258332132696855
2022-23,old,LAC,PHI,0.0
2022-23,old,LAC,PHX,0.0
2022-23,old,LAC,POR,0.04826444466775809
2022-23,old,LAC,SAC,0.021253992835103482
2022-23,old,LAC,SAS,3.1588687738138055e-05
2022-23,old,LAC,TOR,0.03208186887372144
2022-23,old,LAC,UTA,0.1330628483720869
2022-23,old,LAC,WAS,0.038842957252757035
2022-23,old,LAL,ATL,0.05330394943923744
2022-23,old,LAL,BKN,0.09125043370974507
2022-23,old,LAL,BOS,0.0
2022-23,old,LAL,CHA,0.0006799587472941056
2022-23,old,LAL,CHI,0.07686429600666839
2022-23,old,LAL,CLE,5.517768717312704e-05
2022-23,old,LAL,DAL,0.142818703829914
2022-23,old,LAL,DEN,0.0
2022-23,old,LAL,DET,0.0012052334172741378
2022-23,old,LAL,GSW,0.10627232883531035
2022-23,old,LAL,HOU,0.15657489258659488
2022-23,old,LAL,IND,0.02459504402754646
2022-23,old,LAL,LAC,0.001970635810244732
2022-23,old,LAL,MEM,0.004232156782379343
2022-23,old,LAL,MIA,0.040721623457961986
2022-23,old,LAL,MIL,0.0
2022-23,old,LAL,MIN,0.0
2022-23,old,LAL,NOP,0.5662090500191272
2022-23,old,LAL,NYK,0.17382742164685214
2022-23,old,LAL,OKC,0.06759967647193818
2022-23,old,LAL,ORL,0.04193980961892352
2022-23,old,LAL,PHI,0.0
2022-23,old,LAL,PHX,0.0
2022-23,old,LAL,POR,0.06474289534028388
2022-23,old,LAL,SAC,0.02154135701280106
2022-23,old,LAL,SAS,0.0030218511860797127
2022-23,old,LAL,TOR,0.04166822744387311
2022-23,old,LAL,UTA,0.253366441439307
2022-23,old,LAL,WAS,0.04697402739212714
2022-23,old,MEM,ATL,0.05050274465516557
2022-23,old,MEM,BKN,0.07422789218701739
2022-23,old,MEM,BOS,0.0
2022-23,old,MEM,CHA,0.058181961484916306
2022-23,old,MEM,CHI,0.02740889179965359
2022-23,old,MEM,CLE,3.507457476958719e-05
2022-23,old,MEM,DAL,0.20293688886229463
2022-23,old,MEM,DEN,0.0
2022-23,old,MEM,DET,0.0022879697476714954
2022-23,old,MEM,GSW,0.06770842927967702
2022-23,old,MEM,HOU,0.1855498381851417
2022-23,old,MEM,IND,0.15329137627311662
2022-23,old,MEM,LAC,0.009682650867697042
2022-23,old,MEM,LAL,0.06558189639333908
2022-23,old,MEM,MIA,0.03762894820849898
2022-23,old,MEM,MIL,0.0
2022-23,old,MEM,MIN,0.0
2022-23,old,MEM,NOP,0.08271686336651832
2022-23,old,MEM,NYK,0.23481751511832658
2022-23,old,MEM,OKC,0.06715301648942465
2022-23,old,MEM,ORL,0.03637513154810223
2022-23,old,MEM,PHI,0.0
2022-23,old,MEM,PHX,0.0
2022-23,old,MEM,POR,0.05219034772709591
2022-23,old,MEM,SAC,0.08950656543457262
2022-23,old,MEM,SAS,0.0035726034156588855
2022-23,old,MEM,TOR,0.05932540417805948
2022-23,old,MEM,UTA,0.11105563539227178
2022-23,old,MEM,WAS,0.028550158529306396
2022-23,old,MIA,ATL,0.05869587871265219
2022-23,old,MIA,BKN,0.1975913505272952
2022-23,old,MIA,BOS,0.0
2022-23,old,MIA,CHA,0.03631427804070996
2022-23,old,MIA,CHI,0.024620781802116763
2022-23,old,MIA,CLE,0.00512182484668239
2022-23,old,MIA,DAL,0.03739479467142082
2022-23,old,MIA,DEN,0.0
2022-23,old,MIA,DET,0.0005605322728309917
2022-23,old,MIA,GSW,0.08917859762127348
2022-23,old,MIA,HOU,0.10749030305598539
2022-23,old,MIA,IND,0.09744863520024884
2022-23,old,MIA,LAC,0.017188038799835468
2022-23,old,MIA,LAL,0.0649894944799799
2022-23,old,MIA,MEM,0.024767456134143825
2022-23,old,MIA,MIL,0.0
2022-23,old,MIA,MIN,0.0
2022-23,old,MIA,NOP,0.03982543144128206
2022-23,old,MIA,NYK,0.21587139130974203
2022-23,old,MIA,OKC,0.036867457345742274
2022-23,old,MIA,ORL,0.0295266234933911
2022-23,old,MIA,PHI,0.0
2022-23,old,MIA,PHX,0.0
2022-23,old,MIA,POR,0.07623654639910396
2022-23,old,MIA,SAC,0.034242058992730126
2022-23,old,MIA,SAS,0.000914493836603518
2022-23,old,MIA,TOR,0.04179555977809513
2022-23,old,MIA,UTA,0.08637616248422304
2022-23,old,MIA,WAS,0.08131701539428049
2022-23,old,MIL,ATL,0.048165284667197064
2022-23,old,MIL,BKN,0.08499872360206834
2022-23,old,MIL,BOS,0.0
2022-23,old,MIL,CHA,0.08028151321369116
2022-23,old,MIL,CHI,0.041833142675647125
2022-23,old,MIL,CLE,0.0013680562319444826
2022-23,old,MIL,DAL,0.06569983811428581
2022-23,old,MIL,DEN,0.0
2022-23,old,MIL,DET,0.00020372724847458448
2022-23,old,MIL,GSW,0.019990039405938003
2022-23,old,MIL,HOU,0.0315856685787078
2022-23,old,MIL,IND,0.0809757669472163
2022-23,old,MIL,LAC,0.1669401941750528
2022-23,old,MIL,LAL,0.0294369611085256
2022-23,old,MIL,MEM,0.024148354199794064
2022-23,old,MIL,MIA,0.02785530093807515
2022-23,old,MIL,MIN,0.0
2022-23,old,MIL,NOP,0.03639897660257955
2022-23,old,MIL,NYK,0.11535716087063551
2022-23,old,MIL,OKC,0.03827505370521726
2022-23,old,MIL,ORL,0.046120538787993014
2022-23,old,MIL,PHI,0.0
2022-23,old,MIL,PHX,0.0
2022-23,old,MIL,POR,0.04959605848865756
2022-23,old,MIL,SAC,0.022775926274382255
2022-23,old,MIL,SAS,0.0004868381290044063
2022-23,old,MIL,TOR,0.032167159118782165
2022-23,old,MIL,UTA,0.08738129417232596
2022-23,old,MIL,WAS,0.043615701291869056
2022-23,old,MIN,ATL,0.05158900220922545
2022-23,old,MIN,BKN,0.09830583191720055
2022-23,old,MIN,BOS,0.0
2022-23,old,MIN,CHA,0.006805922317401626
2022-23,old,MIN,CHI,0.039476263794398385
2022-23,old,MIN,CLE,7.244791201241115e-05
2022-23,old,MIN,DAL,0.057572550056617426
2022-23,old,MIN,DEN,0.0
2022-23,old,MIN,DET,0.0008195306757886276
2022-23,old,MIN,GSW,0.08208558382358896
2022-23,old,MIN,HOU,0.12887607815729632
2022-23,old,MIN,IND,0.04510630466012578
2022-23,old,MIN,LAC,0.0027314116691985837
2022-23,old,MIN,LAL,0.1060975208144097
2022-23,old,MIN,MEM,0.018385195680051192
2022-23,old,MIN,MIA,0.043043988041982686
2022-23,old,MIN,MIL,0.0
2022-23,old,MIN,NOP,0.16413469830327188
2022-23,old,MIN,NYK,0.14152354125754554
2022-23,old,MIN,OKC,0.09056249899061092
2022-23,old,MIN,ORL,0.030029719571941726
2022-23,old,MIN,PHI,0.0
2022-23,old,MIN,PHX,0.0
2022-23,old,MIN,POR,0.06361042910582365
2022-23,old,MIN,SAC,0.016520746143263657
2022-23,old,MIN,SAS,0.0002460108611616362
2022-23,old,MIN,TOR,0.06016082675637816
2022-23,old,MIN,UTA,1.3007110555353818
2022-23,old,MIN,WAS,0.04771691606104641
2022-23,old,NOP,ATL,0.06647057109108856
2022-23,old,NOP,BKN,0.06606243919080682
2022-23,old,NOP,BOS,0.0
2022-23,old,NOP,CHA,0.017702221588331176
2022-23,old,NOP,CHI,0.1281617596979983
2022-23,old,NOP,CLE,0.0005647250126880558
2022-23,old,NOP,DAL,0.1586074431895517
2022-23,old,NOP,DEN,0.0
2022-23,old,NOP,DET,0.0015480948269478046
2022-23,old,NOP,GSW,0.09044453459505816
2022-23,old,NOP,HOU,0.20820474153199905
2022-23,old,NOP,IND,0.05800470045229448
2022-23,old,NOP,LAC,0.0026476293500585094
2022-23,old,NOP,LAL,0.5317483820079361
2022-23,old,NOP,MEM,0.00989443986388162
2022-23,old,NOP,MIA,0.041531557244590706
2022-23,old,NOP,MIL,0.0
2022-23,old,NOP,MIN,0.0
2022-23,old,NOP,NYK,0.13901728916173692
2022-23,old,NOP,OKC,0.1079967667290676
2022-23,old,NOP,ORL,0.015409888463758237
2022-23,old,NOP,PHI,0.0
2022-23,old,NOP,PHX,0.0
2022-23,old,NOP,POR,0.09757622068580289
2022-23,old,NOP,SAC,0.027219628580171365
2022-23,old,NOP,SAS,0.0026210085407091053
2022-23,old,NOP,TOR,0.0660879884308722
2022-23,old,NOP,UTA,0.2122052574517884
2022-23,old,NOP,WAS,0.05211313054381084
2022-23,old,NYK,ATL,0.036955848622789125
2022-23,old,NYK,BKN,0.12243300841078907
2022-23,old,NYK,BOS,0.0
2022-23,old,NYK,CHA,0.025812025586176065
2022-23,old,NYK,CHI,0.031940324864432997
2022-23,old,NYK,CLE,0.0027009040608100316
2022-23,old,NYK,DAL,0.025772132185562787
2022-23,old,NYK,DEN,0.0
2022-23,old,NYK,DET,0.0006861583435669128
2022-23,old,NYK,GSW,0.049005198618284146
2022-23,old,NYK,HOU,0.07955226369878551
2022-23,old,NYK,IND,0.08288631323166432
2022-23,old,NYK,LAC,0.010200431090016882
2022-23,old,NYK,LAL,0.07668372831036384
2022-23,old,NYK,MEM,0.045284453259782094
2022-23,old,NYK,MIA,0.03988027213241839
2022-23,old,NYK,MIL,0.0
2022-23,old,NYK,MIN,0.0
2022-23,old,NYK,NOP,0.032888469887668574
2022-23,old,NYK,OKC,0.03534294166389435
2022-23,old,NYK,ORL,0.03269467814783919
2022-23,old,NYK,PHI,0.0
2022-23,old,NYK,PHX,0.0
2022-23,old,NYK,POR,0.3931545552154005
2022-23,old,NYK,SAC,0.08250576909336976
2022-23,old,NYK,SAS,0.00171508191757798
2022-23,old,NYK,TOR,0.031992210324268834
2022-23,old,NYK,UTA,0.13090313949925297
2022-23,old,NYK,WAS,0.05702397106298257
2022-23,old,OKC,ATL,0.05297189588497749
2022-23,old,OKC,BKN,0.157961643349921
2022-23,old,OKC,BOS,0.0
2022-23,old,OKC,CHA,0.007903195339572351
2022-23,old,OKC,CHI,0.06904308373735604
2022-23,old,OKC,CLE,4.756039069732707e-06
2022-23,old,OKC,DAL,0.5388225274322298
2022-23,old,OKC,DEN,0.0
2022-23,old,OKC,DET,0.0011358441920551598
2022-23,old,OKC,GSW,0.05015271379131144
2022-23,old,OKC,HOU,0.20401697223678886
2022-23,old,OKC,IND,0.04347636591784964
2022-23,old,OKC,LAC,0.007598599267517345
2022-23,old,OKC,LAL,0.1446829198584651
2022-23,old,OKC,MEM,0.010874269127463804
2022-23,old,OKC,MIA,0.04385563460699119
2022-23,old,OKC,MIL,0.0
2022-23,old,OKC,MIN,0.0
2022-23,old,OKC,NOP,0.17287419187946743
2022-23,old,OKC,NYK,0.44179680280306477
2022-23,old,OKC,ORL,0.025749663372547412
2022-23,old,OKC,PHI,0.0
2022-23,old,OKC,PHX,0.0
2022-23,old,OKC,POR,0.05771448947460876
2022-23,old,OKC,SAC,0.01596785469792996
2022-23,old,OKC,SAS,0.0012745441052255267
2022-23,old,OKC,TOR,0.07066179858715156
2022-23,old,OKC,UTA,0.14017372809345638
2022-23,old,OKC,WAS,0.05388564603274704
2022-23,old,ORL,ATL,0.031009558978534055
2022-23,old,ORL,BKN,0.059252314551584154
2022-23,old,ORL,BOS,0.0
2022-23,old,ORL,CHA,0.012110498672527684
2022-23,old,ORL,CHI,0.0666502558472832
2022-23,old,ORL,CLE,0.000438411067373534
2022-23,old,ORL,DAL,0.030941708089135517
2022-23,old,ORL,DEN,0.0
2022-23,old,ORL,DET,0.00102802338224065
2022-23,old,ORL,GSW,0.04954957730486139
2022-23,old,ORL,HOU,0.06947171386483864
2022-23,old,ORL,IND,0.10948310374204424
2022-23,old,ORL,LAC,0.01848114227550907
2022-23,old,ORL,LAL,0.05706681062250623
2022-23,old,ORL,MEM,0.025096676041872094
2022-23,old,ORL,MIA,0.04996093665737249
2022-23,old,ORL,MIL,0.0
2022-23,old,ORL,MIN,0.0
2022-23,old,ORL,NOP,0.04246147596309412
2022-23,old,ORL,NYK,0.03751023966887802
2022-23,old,ORL,OKC,0.037087553977657214
2022-23,old,ORL,PHI,0.0
2022-23,old,ORL,PHX,0.0
2022-23,old,ORL,POR,0.07236723977728482
2022-23,old,ORL,SAC,0.01625735058923526
2022-23,old,ORL,SAS,0.0011597901319569145
2022-23,old,ORL,TOR,0.025010995490610217
2022-23,old,ORL,UTA,0.06606535771131204
2022-23,old,ORL,WAS,0.08324218987782588
2022-23,old,PHI,ATL,0.061306689492208084
2022-23,old,PHI,BKN,0.11108617007480932
2022-23,old,PHI,BOS,0.0
2022-23,old,PHI,CHA,0.13263403259897721
2022-23,old,PHI,CHI,0.07140870472953842
2022-23,old,PHI,CLE,0.0012275254199496698
2022-23,old,PHI,DAL,0.04466885237887891
2022-23,old,PHI,DEN,0.0
2022-23,old,PHI,DET,0.0007077072846152968
2022-23,old,PHI,GSW,0.04873699460298663
2022-23,old,PHI,HOU,0.05144935366326284
2022-23,old,PHI,IND,0.14201033508060368
2022-23,old,PHI,LAC,0.038242187572016924
2022-23,old,PHI,LAL,0.06524919146714042
2022-23,old,PHI,MEM,0.06114762938706521
2022-23,old,PHI,MIA,0.023716395157033818
2022-23,old,PHI,MIL,0.0
2022-23,old,PHI,MIN,0.0
2022-23,old,PHI,NOP,0.06722710133114718
2022-23,old,PHI,NYK,0.17469057100764263
2022-23,old,PHI,OKC,0.05197898740992594
2022-23,old,PHI,ORL,0.03126144571001301
2022-23,old,PHI,PHX,0.0
2022-23,old,PHI,POR,0.029261615902571987
2022-23,old,PHI,SAC,0.0185024342430498
2022-23,old,PHI,SAS,0.0009999288658458245
2022-23,old,PHI,TOR,0.053574185039488804
2022-23,old,PHI,UTA,0.5135589813620752
2022-23,old,PHI,WAS,0.0530445299443157
2022-23,old,PHX,ATL,0.043459414717439984
2022-23,old,PHX,BKN,0.7209550143704095
2022-23,old,PHX,BOS,0.0
2022-23,old,PHX,CHA,0.03982840384171335
2022-23,old,PHX,CHI,0.021276259623429716
2022-23,old,PHX,CLE,2.00533479698322e-05
2022-23,old,PHX,DAL,0.11179882508769476
2022-23,old,PHX,DEN,0.0
2022-23,old,PHX,DET,9.799061072208792e-05
2022-23,old,PHX,GSW,0.10004324048198263
2022-23,old,PHX,HOU,0.19901508729581735
2022-23,old,PHX,IND,0.03683231617059497
2022-23,old,PHX,LAC,0.016396551796451917
2022-23,old,PHX,LAL,0.0666387392574287
2022-23,old,PHX,MEM,0.019070899373815595
2022-23,old,PHX,MIA,0.08062347668576617
2022-23,old,PHX,MIL,0.0
2022-23,old,PHX,MIN,0.0
2022-23,old,PHX,NOP,0.09125835146833258
2022-23,old,PHX,NYK,0.1409725978371227
2022-23,old,PHX,OKC,0.04174865287923301
2022-23,old,PHX,ORL,0.011594973239482168
2022-23,old,PHX,PHI,0.0
2022-23,old,PHX,POR,0.03853069782005648
2022-23,old,PHX,SAC,0.023954540620390635
2022-23,old,PHX,SAS,8.524084205882384e-05
2022-23,old,PHX,TOR,0.03771540958810138
2022-23,old,PHX,UTA,0.1911215278086954
2022-23,old,PHX,WAS,0.028837654958573825
2022-23,old,POR,ATL,0.048165178785149414
2022-23,old,POR,BKN,0.04280453487185349
2022-23,old,POR,BOS,0.0
2022-23,old,POR,CHA,0.012129125858907297
2022-23,old,POR,CHI,0.3968384618392789
2022-23,old,POR,CLE,0.0002128097299037168
2022-23,old,POR,DAL,0.09758966508855066
2022-23,old,POR,DEN,0.0
2022-23,old,POR,DET,0.0007558879700656773
2022-23,old,POR,GSW,0.056558059772877284
2022-23,old,POR,HOU,0.16216271556452205
2022-23,old,POR,IND,0.09817467927515743
2022-23,old,POR,LAC,0.006075161682714805
2022-23,old,POR,LAL,0.14962284354763994
2022-23,old,POR,MEM,0.011872883392973835
2022-23,old,POR,MIA,0.046921294404755544
2022-23,old,POR,MIL,0.0
2022-23,old,POR,MIN,0.0
2022-23,old,POR,NOP,0.14119585193348402
2022-23,old,POR,NYK,0.10954887396582594
2022-23,old,POR,OKC,0.0771201508392074
2022-23,old,POR,ORL,0.06206837541389014
2022-23,old,POR,PHI,0.0
2022-23,old,POR,PHX,0.0
2022-23,old,POR,SAC,0.01346969947881206
2022-23,old,POR,SAS,0.0020886256804436417
2022-23,old,POR,TOR,0.051536572109313616
2022-23,old,POR,UTA,0.1553153141086722
2022-23,old,POR,WAS,0.08021559244980335
2022-23,old,SAC,ATL,0.03982128628613467
2022-23,old,SAC,BKN,0.17965331822126804
2022-23,old,SAC,BOS,0.0
2022-23,old,SAC,CHA,0.044072345843294274
2022-23,old,SAC,CHI,0.0652214021367493
2022-23,old,SAC,CLE,5.601773355101141e-05
2022-23,old,SAC,DAL,0.06414303641138175
2022-23,old,SAC,DEN,0.0
2022-23,old,SAC,DET,7.785717680278324e-05
2022-23,old,SAC,GSW,0.04716314962697553
2022-23,old,SAC,HOU,0.1635568423882119
2022-23,old,SAC,IND,0.08507275620638728
2022-23,old,SAC,LAC,0.01022063579414329
2022-23,old,SAC,LAL,0.09772602330413567
2022-23,old,SAC,MEM,0.08468613128900335
2022-23,old,SAC,MIA,0.038720522256282044
2022-23,old,SAC,MIL,0.0
2022-23,old,SAC,MIN,0.0
2022-23,old,SAC,NOP,0.06216379297770768
2022-23,old,SAC,NYK,0.2547106924799004
2022-23,old,SAC,OKC,0.0716845366859945
2022-23,old,SAC,ORL,0.025882397347741285
2022-23,old,SAC,PHI,0.0
2022-23,old,SAC,PHX,0.0
2022-23,old,SAC,POR,0.10089266919714242
2022-23,old,SAC,SAS,2.110307445162968e-05
2022-23,old,SAC,TOR,0.04301576722148214
2022-23,old,SAC,UTA,0.19054271901621955
2022-23,old,SAC,WAS,0.04203342458778782
2022-23,old,SAS,ATL,0.02991820558833308
2022-23,old,SAS,BKN,0.04127696231294538
2022-23,old,SAS,BOS,0.0
2022-23,old,SAS,CHA,0.023788113811119487
2022-23,old,SAS,CHI,0.03826408290336766
2022-23,old,SAS,CLE,1.4105824231642447e-06
2022-23,old,SAS,DAL,0.0526999821396271
2022-23,old,SAS,DEN,0.0
2022-23,old,SAS,DET,0.010388711433968495
2022-23,old,SAS,GSW,0.03019681783791199
2022-23,old,SAS,HOU,0.04026939573549215
2022-23,old,SAS,IND,0.08016868660476135
2022-23,old,SAS,LAC,0.012502155239424866
2022-23,old,SAS,LAL,0.06383351298285937
2022-23,old,SAS,MEM,0.008712814686538027
2022-23,old,SAS,MIA,0.023939007193784844
2022-23,old,SAS,MIL,0.0
2022-23,old,SAS,MIN,0.0
2022-23,old,SAS,NOP,0.06995878271214614
2022-23,old,SAS,NYK,0.2689114620670079
2022-23,old,SAS,OKC,0.056236530520214614
2022-23,old,SAS,ORL,0.015870869268362744
2022-23,old,SAS,PHI,0.0
2022-23,old,SAS,PHX,0.0
2022-23,old,SAS,POR,0.0593463679236249
2022-23,old,SAS,SAC,0.01284749986487109
2022-23,old,SAS,TOR,0.04638455161142685
2022-23,old,SAS,UTA,0.13648290495414653
2022-23,old,SAS,WAS,0.04101964482390497
2022-23,old,TOR,ATL,0.1511223973810612
2022-23,old,TOR,BKN,0.04711353843331774
2022-23,old,TOR,BOS,0.0
2022-23,old,TOR,CHA,0.03782328837947357
2022-23,old,TOR,CHI,0.10560371284900666
2022-23,old,TOR,CLE,0.00036989940426923357
2022-23,old,TOR,DAL,0.1347259777355311
2022-23,old,TOR,DEN,0.0
2022-23,old,TOR,DET,1.4734863363175407e-05
2022-23,old,TOR,GSW,0.046124305224950465
2022-23,old,TOR,HOU,0.07176778014636886
2022-23,old,TOR,IND,0.06666180383671674
2022-23,old,TOR,LAC,0.012247844853815783
2022-23,old,TOR,LAL,0.08858485969516113
2022-23,old,TOR,MEM,0.01112773021749563
2022-23,old,TOR,MIA,0.028312255872821056
2022-23,old,TOR,MIL,0.0
2022-23,old,TOR,MIN,0.0
2022-23,old,TOR,NOP,0.09555253326362964
2022-23,old,TOR,NYK,0.33796129226391175
2022-23,old,TOR,OKC,0.08097306067005587
2022-23,old,TOR,ORL,0.051861612362108546
2022-23,old,TOR,PHI,0.0
2022-23,old,TOR,PHX,0.0
2022-23,old,TOR,POR,0.041461229696024254
2022-23,old,TOR,SAC,0.008906145813185393
2022-23,old,TOR,SAS,0.0019487355641515
2022-23,old,TOR,UTA,0.16901772416436525
2022-23,old,TOR,WAS,0.17416845338824744
2022-23,old,UTA,ATL,0.04994528554385727
2022-23,old,UTA,BKN,0.06852007902207176
2022-23,old,UTA,BOS,0.0
2022-23,old,UTA,CHA,0.03810698289083741
2022-23,old,UTA,CHI,0.08039143101022365
2022-23,old,UTA,CLE,0.0001617114281892381
2022-23,old,UTA,DAL,0.4367038767006134
2022-23,old,UTA,DEN,0.0
2022-23,old,UTA,DET,0.001936655745564061
2022-23,old,UTA,GSW,0.08153796279595571
2022-23,old,UTA,HOU,0.0669283401092378
2022-23,old,UTA,IND,0.07047237688510863
2022-23,old,UTA,LAC,0.016039332021348954
2022-23,old,UTA,LAL,0.07519638865304999
2022-23,old,UTA,MEM,0.01557635495319794
2022-23,old,UTA,MIA,0.03544487720609304
2022-23,old,UTA,MIL,0.0
2022-23,old,UTA,MIN,0.0
2022-23,old,UTA,NOP,0.13761152978384356
2022-23,old,UTA,NYK,0.34466130946242857
2022-23,old,UTA,OKC,0.10033459043756515
2022-23,old,UTA,ORL,0.014778223280287548
2022-23,old,UTA,PHI,0.0
2022-23,old,UTA,PHX,0.0
2022-23,old,UTA,POR,0.06487230200347259
2022-23,old,UTA,SAC,0.006078482102513387
2022-23,old,UTA,SAS,9.534858835838916e-05
2022-23,old,UTA,TOR,0.06022544213589767
2022-23,old,UTA,WAS,0.06360311894034401
2022-23,old,WAS,ATL,0.059840866852032375
2022-23,old,WAS,BKN,0.050781860994574934
2022-23,old,WAS,BOS,0.0
2022-23,old,WAS,CHA,0.0367641132340105
2022-23,old,WAS,CHI,0.13333762610539057
2022-23,old,WAS,CLE,0.0011075550900842065
2022-23,old,WAS,DAL,0.07893164161196427
2022-23,old,WAS,DEN,0.0
2022-23,old,WAS,DET,0.0002603045113919824
2022-23,old,WAS,GSW,0.02469004953874114
2022-23,old,WAS,HOU,0.03323356656187036
2022-23,old,WAS,IND,0.11822296721781667
2022-23,old,WAS,LAC,0.019451778072478446
2022-23,old,WAS,LAL,0.03309886840286521
2022-23,old,WAS,MEM,0.019556713961160477
2022-23,old,WAS,MIA,0.02165275014858694
2022-23,old,WAS,MIL,0.0
2022-23,old,WAS,MIN,0.0
2022-23,old,WAS,NOP,0.061267242220728185
2022-23,old,WAS,NYK,0.6090724795262707
2022-23,old,WAS,OKC,0.04361476285892925
2022-23,old,WAS,ORL,0.063810258923085
2022-23,old,WAS,PHI,0.0
2022-23,old,WAS,PHX,0.0
2022-23,old,WAS,POR,0.09546399548190082
2022-23,old,WAS,SAC,0.020849699442502066
2022-23,old,WAS,SAS,0.0055718970224477565
2022-23,old,WAS,TOR,0.08016466988542807
2022-23,old,WAS,UTA,0.14957973344968029
2023-24,new,ATL,BKN,0.0
2023-24,new,ATL,BOS,4.31034489181535e-06
2023-24,new,ATL,CHA,0.00025563709432578353
2023-24,new,ATL,CHI,0.005813804770013021
2023-24,new,ATL,CLE,0.027371657543551232
2023-24,new,ATL,DAL,0.024718717981879836
2023-24,new,ATL,DEN,0.009364224155915195
2023-24,new,ATL,DET,0.00010277082736483239
2023-24,new,ATL,GSW,0.012484943132835569
2023-24,new,ATL,HOU,0.059748790530921594
2023-24,new,ATL,IND,0.006817040163621579
2023-24,new,ATL,LAC,0.0
2023-24,new,ATL,LAL,0.0
2023-24,new,ATL,MEM,0.007505926862921051
2023-24,new,ATL,MIA,0.04873077999817349
2023-24,new,ATL,MIL,0.025837554070709177
2023-24,new,ATL,MIN,0.014830819068091182
2023-24,new,ATL,NOP,0.08922184392014217
2023-24,new,ATL,NYK,0.06901065725329447
2023-24,new,ATL,OKC,0.0057082436182777025
2023-24,new,ATL,ORL,0.05715433774389661
2023-24,new,ATL,PHI,0.0897889851112246
2023-24,new,ATL,PHX,0.02517429978933973
2023-24,new,ATL,POR,0.008791256888588232
2023-24,new,ATL,SAC,0.04350089482813489
2023-24,new,ATL,SAS,0.024839504642837896
2023-24,new,ATL,TOR,0.11613419727153701
2023-24,new,ATL,UTA,0.026606411658335834
2023-24,new,ATL,WAS,0.05795905225699494
2023-24,new,BKN,ATL,0.1153531101470034
2023-24,new,BKN,BOS,0.0002456896594757664
2023-24,new,BKN,CHA,0.0021945946698683824
2023-24,new,BKN,CHI,0.013741193608216089
2023-24,new,BKN,CLE,0.03811941911613194
2023-24,new,BKN,DAL,0.007516231333655893
2023-24,new,BKN,DEN,0.006125000092554196
2023-24,new,BKN,DET,0.00036039229840470987
2023-24,new,BKN,GSW,0.010624251130555987
2023-24,new,BKN,HOU,0.08647682865509121
2023-24,new,BKN,IND,0.015185713891966364
2023-24,new,BKN,LAC,0.0
2023-24,new,BKN,LAL,0.0
2023-24,new,BKN,MEM,0.0050641164922251795
2023-24,new,BKN,MIA,0.10241411478630091
2023-24,new,BKN,MIL,0.0253833512202957
2023-24,new,BKN,MIN,0.005636853498952655
2023-24,new,BKN,NOP,0.16286492629102464
2023-24,new,BKN,NYK,0.07524713860273331
2023-24,new,BKN,OKC,0.0015800107844928606
2023-24,new,BKN,ORL,0.054419525891926245
2023-24,new,BKN,PHI,0.04444889400336533
2023-24,new,BKN,PHX,0.05451346998843606
2023-24,new,BKN,POR,0.00816650592317838
2023-24,new,BKN,SAC,0.038066950680844265
2023-24,new,BKN,SAS,0.014548186268037732
2023-24,new,BKN,TOR,0.160760030061716
2023-24,new,BKN,UTA,0.007323006541600677
2023-24,new,BKN,WAS,0.03243399829437138
2023-24,new,BOS,ATL,0.06300943387436565
2023-24,new,BOS,BKN,0.0
2023-24,new,BOS,CHA,0.0007443284213959176
2023-24,new,BOS,CHI,0.013387941696035277
2023-24,new,BOS,CLE,0.04306792402570989
2023-24,new,BOS,DAL,0.04878555660684376
2023-24,new,BOS,DEN,0.013286638049135815
2023-24,new,BOS,DET,3.055349992039205e-05
2023-24,new,BOS,GSW,0.022378392632990962
2023-24,new,BOS,HOU,0.0028995861334338963
2023-24,new,BOS,IND,0.007814146222493757
2023-24,new,BOS,LAC,0.0
2023-24,new,BOS,LAL,0.0
2023-24,new,BOS,MEM,0.013876347204003934
2023-24,new,BOS,MIA,0.02688597507314626
2023-24,new,BOS,MIL,0.031844289357500985
2023-24,new,BOS,MIN,0.02014324255025713
2023-24,new,BOS,NOP,0.1513181872008852
2023-24,new,BOS,NYK,0.054422056914783495
2023-24,new,BOS,OKC,0.0010018857199787002
2023-24,new,BOS,ORL,0.043024635719540474
2023-24,new,BOS,PHI,0.024487542641165806
2023-24,new,BOS,PHX,0.05230037733940569
2023-24,new,BOS,POR,0.04674196785853351
2023-24,new,BOS,SAC,0.06100892337401593
2023-24,new,BOS,SAS,0.01759242273236255
2023-24,new,BOS,TOR,0.02423395170659801
2023-24,new,BOS,UTA,0.02747198278327263
2023-24,new,BOS,WAS,0.04904687539349182
2023-24,new,CHA,ATL,0.0376636370049344
2023-24,new,CHA,BKN,0.0
2023-24,new,CHA,BOS,5.387931114769188e-06
2023-24,new,CHA,CHI,0.06117262359316336
2023-24,new,CHA,CLE,0.02388626623224339
2023-24,new,CHA,DAL,0.027983211717108658
2023-24,new,CHA,DEN,0.009138682601526317
2023-24,new,CHA,DET,0.002046389315820651
2023-24,new,CHA,GSW,0.007189349016994596
2023-24,new,CHA,HOU,0.02193311512551547
2023-24,new,CHA,IND,0.008439296935370108
2023-24,new,CHA,LAC,0.0
2023-24,new,CHA,LAL,0.0
2023-24,new,CHA,MEM,0.008780441993369786
2023-24,new,CHA,MIA,0.041648373170591155
2023-24,new,CHA,MIL,0.026678879369925388
2023-24,new,CHA,MIN,0.01003954922190791
2023-24,new,CHA,NOP,0.10078158630150348
2023-24,new,CHA,NYK,0.12454306216326226
2023-24,new,CHA,OKC,0.016304418168568598
2023-24,new,CHA,ORL,0.03171056886304196
2023-24,new,CHA,PHI,0.03046236613921071
2023-24,new,CHA,PHX,0.0398257000880629
2023-24,new,CHA,POR,0.030305940286822583
2023-24,new,CHA,SAC,0.03173211285030593
2023-24,new,CHA,SAS,0.10107638561104168
2023-24,new,CHA,TOR,0.027900314032900993
2023-24,new,CHA,UTA,0.023445043440583034
2023-24,new,CHA,WAS,0.06243211215893849
2023-24,new,CHI,ATL,0.036383120170728034
2023-24,new,CHI,BKN,0.0
2023-24,new,CHI,BOS,3.556034535747663e-05
2023-24,new,CHI,CHA,0.0007036795563369104
2023-24,new,CHI,CLE,0.0614414829794093
2023-24,new,CHI,DAL,0.03281780826831359
2023-24,new,CHI,DEN,0.017914019789223575
2023-24,new,CHI,DET,2.1526329489367126e-05
2023-24,new,CHI,GSW,0.015099754819085978
2023-24,new,CHI,HOU,0.004198358754898712
2023-24,new,CHI,IND,0.05722907102705841
2023-24,new,CHI,LAC,0.0
2023-24,new,CHI,LAL,0.0
2023-24,new,CHI,MEM,0.0044321121686692186
2023-24,new,CHI,MIA,0.06816009182615772
2023-24,new,CHI,MIL,0.05637392316824468
2023-24,new,CHI,MIN,0.012466386815810032
2023-24,new,CHI,NOP,0.10135500284387569
2023-24,new,CHI,NYK,0.056157374982389735
2023-24,new,CHI,OKC,0.0031368534919275944
2023-24,new,CHI,ORL,0.045476787514507344
2023-24,new,CHI,PHI,0.1413795087782892
2023-24,new,CHI,PHX,0.059234644418164825
2023-24,new,CHI,POR,0.04302596969586751
2023-24,new,CHI,SAC,0.042659203813507636
2023-24,new,CHI,SAS,0.0037427099670180562
2023-24,new,CHI,TOR,0.11819197555008362
2023-24,new,CHI,UTA,0.016075431130493284
2023-24,new,CHI,WAS,0.06106896581027881
2023-24,new,CLE,ATL,0.09827463610344976
2023-24,new,CLE,BKN,0.0
2023-24,new,CLE,BOS,0.0005247844919433881
2023-24,new,CLE,CHA,0.00040107018668440405
2023-24,new,CLE,CHI,0.03326360707575153
2023-24,new,CLE,DAL,0.027621470072506874
2023-24,new,CLE,DEN,0.03855166755910965
2023-24,new,CLE,DET,0.00010277083259285883
2023-24,new,CLE,GSW,0.024930014531914974
2023-24,new,CLE,HOU,0.009676687364621855
2023-24,new,CLE,IND,0.020446027972188075
2023-24,new,CLE,LAC,0.0
2023-24,new,CLE,LAL,0.0
2023-24,new,CLE,MEM,0.015943696521672195
2023-24,new,CLE,MIA,0.07258583907475473
2023-24,new,CLE,MIL,0.10613766189779006
2023-24,new,CLE,MIN,0.045600159195432914
2023-24,new,CLE,NOP,0.26631444093918616
2023-24,new,CLE,NYK,0.154279931394113
2023-24,new,CLE,OKC,0.004625000001557557
2023-24,new,CLE,ORL,0.10615673271331652
2023-24,new,CLE,PHI,0.06101271883735653
2023-24,new,CLE,PHX,0.07291513969369057
2023-24,new,CLE,POR,0.023004154238925704
2023-24,new,CLE,SAC,0.12599019724984264
2023-24,new,CLE,SAS,0.02426261987709527
2023-24,new,CLE,TOR,0.15870589546787758
2023-24,new,CLE,UTA,0.04674272645188591
2023-24,new,CLE,WAS,0.11303286678009214
2023-24,new,DAL,ATL,0.1397192631029382
2023-24,new,DAL,BKN,0.0
2023-24,new,DAL,BOS,9.159482935250835e-05
2023-24,new,DAL,CHA,0.0023075090059237807
2023-24,new,DAL,CHI,0.018616558444790477
2023-24,new,DAL,CLE,0.060079525876391364
2023-24,new,DAL,DEN,0.026617152361034117
2023-24,new,DAL,DET,5.971818843951545e-05
2023-24,new,DAL,GSW,0.08352503308435472
2023-24,new,DAL,HOU,0.0103587537941687
2023-24,new,DAL,IND,0.01385875257650978
2023-24,new,DAL,LAC,0.0
2023-24,new,DAL,LAL,0.0
2023-24,new,DAL,MEM,0.02202882597594249
2023-24,new,DAL,MIA,0.03249586995493795
2023-24,new,DAL,MIL,0.08077343754614863
2023-24,new,DAL,MIN,0.029869290807666777
2023-24,new,DAL,NOP,0.25062025186710335
2023-24,new,DAL,NYK,0.41125579051932143
2023-24,new,DAL,OKC,0.009287984962695572
2023-24,new,DAL,ORL,0.0840067478559969
2023-24,new,DAL,PHI,0.04323432941793664
2023-24,new,DAL,PHX,0.1486282324835714
2023-24,new,DAL,POR,0.06733554753131117
2023-24,new,DAL,SAC,0.2906157638209502
2023-24,new,DAL,SAS,0.009962791972811205
2023-24,new,DAL,TOR,0.08734605264926486
2023-24,new,DAL,UTA,0.05499568947590888
2023-24,new,DAL,WAS,0.08744288892623696
2023-24,new,DEN,ATL,0.0446549921467224
2023-24,new,DEN,BKN,0.0
2023-24,new,DEN,BOS,0.0005549569061860957
2023-24,new,DEN,CHA,0.007321338099598446
2023-24,new,DEN,CHI,0.008459048684027071
2023-24,new,DEN,CLE,0.04018789674487851
2023-24,new,DEN,DAL,0.05488220060934634
2023-24,new,DEN,DET,0.0001277691440250708
2023-24,new,DEN,GSW,0.02567852605986539
2023-24,new,DEN,HOU,0.003580847494166501
2023-24,new,DEN,IND,0.0037668189601080143
2023-24,new,DEN,LAC,0.0
2023-24,new,DEN,LAL,0.0
2023-24,new,DEN,MEM,0.015430495976691199
2023-24,new,DEN,MIA,0.012575448413222931
2023-24,new,DEN,MIL,0.036019396671507484
2023-24,new,DEN,MIN,0.12701858406566063
2023-24,new,DEN,NOP,0.14616166554398816
2023-24,new,DEN,NYK,0.0614825771664697
2023-24,new,DEN,OKC,0.0052580820204457274
2023-24,new,DEN,ORL,0.03465701604657656
2023-24,new,DEN,PHI,0.019780784059359638
2023-24,new,DEN,PHX,0.042591325585320916
2023-24,new,DEN,POR,0.03188923142301895
2023-24,new,DEN,SAC,0.08239064279323399
2023-24,new,DEN,SAS,0.002613808168967682
2023-24,new,DEN,TOR,0.021784918836103694
2023-24,new,DEN,UTA,0.1274849140881119
2023-24,new,DEN,WAS,0.07840732746396277
2023-24,new,DET,ATL,0.03374008325956733
2023-24,new,DET,BKN,0.0
2023-24,new,DET,BOS,4.31034489181535e-06
2023-24,new,DET,CHA,0.002977313721768073
2023-24,new,DET,CHI,0.028715198688118275
2023-24,new,DET,CLE,0.021246736550333326
2023-24,new,DET,DAL,0.00499179149502166
2023-24,new,DET,DEN,0.007603826396358461
2023-24,new,DET,GSW,0.007552488905731199
2023-24,new,DET,HOU,0.007086067429615688
2023-24,new,DET,IND,0.019204384377374265
2023-24,new,DET,LAC,0.0
2023-24,new,DET,LAL,0.0
2023-24,new,DET,MEM,0.0028327048002091916
2023-24,new,DET,MIA,0.05177837327781508
2023-24,new,DET,MIL,0.027167834136835784
2023-24,new,DET,MIN,0.0028566810765689042
2023-24,new,DET,NOP,0.04568889358978624
2023-24,new,DET,NYK,0.08773326551183377
2023-24,new,DET,OKC,0.0022494612462971163
2023-24,new,DET,ORL,0.05226903326996888
2023-24,new,DET,PHI,0.06772241285161007
2023-24,new,DET,PHX,0.03305980619498738
2023-24,new,DET,POR,0.009989434765697731
2023-24,new,DET,SAC,0.013460965482742627
2023-24,new,DET,SAS,0.01017179130674557
2023-24,new,DET,TOR,0.10018861414187086
2023-24,new,DET,UTA,0.011505388039774418
2023-24,new,DET,WAS,0.025565194235472332
2023-24,new,GSW,ATL,0.24366456982203716
2023-24,new,GSW,BKN,0.0
2023-24,new,GSW,BOS,3.125000046566129e-05
2023-24,new,GSW,CHA,0.005998439165732324
2023-24,new,GSW,CHI,0.01344482140890532
2023-24,new,GSW,CLE,0.04766475361652957
2023-24,new,GSW,DAL,0.16298101596353007
2023-24,new,GSW,DEN,0.007269030707391031
2023-24,new,GSW,DET,0.00021040246074617566
2023-24,new,GSW,HOU,0.06005824582959942
2023-24,new,GSW,IND,0.011548341209611332
2023-24,new,GSW,LAC,0.0
2023-24,new,GSW,LAL,0.0
2023-24,new,GSW,MEM,0.021584321550527138
2023-24,new,GSW,MIA,0.03552203547686701
2023-24,new,GSW,MIL,0.03193884703352774
2023-24,new,GSW,MIN,0.006896287002994633
2023-24,new,GSW,NOP,0.45264519994091496
2023-24,new,GSW,NYK,0.15850989449849467
2023-24,new,GSW,OKC,0.0287095906538086
2023-24,new,GSW,ORL,0.039339019534364875
2023-24,new,GSW,PHI,0.045188699285809916
2023-24,new,GSW,PHX,0.15611476252232837
2023-24,new,GSW,POR,0.32465907898245433
2023-24,new,GSW,SAC,0.4471899055061448
2023-24,new,GSW,SAS,0.009592496978399645
2023-24,new,GSW,TOR,0.06276557285273658
2023-24,new,GSW,UTA,0.01823653030538418
2023-24,new,GSW,WAS,0.04934752203710779
2023-24,new,HOU,ATL,0.03476727423373553
2023-24,new,HOU,BKN,0.0
2023-24,new,HOU,BOS,0.0003685344896953682
2023-24,new,HOU,CHA,0.003989474501842216
2023-24,new,HOU,CHI,0.004930894605605663
2023-24,new,HOU,CLE,0.03748173310344382
2023-24,new,HOU,DAL,0.06607819317907392
2023-24,new,HOU,DEN,0.025182675824820266
2023-24,new,HOU,DET,0.00016526660889087065
2023-24,new,HOU,GSW,0.07484814034279663
2023-24,new,HOU,IND,0.00839985367401196
2023-24,new,HOU,LAC,0.0
2023-24,new,HOU,LAL,0.0
2023-24,new,HOU,MEM,0.015233566981824598
2023-24,new,HOU,MIA,0.02391953891387955
2023-24,new,HOU,MIL,0.05081734977676613
2023-24,new,HOU,MIN,0.020714931152076038
2023-24,new,HOU,NOP,0.1123810349071746
2023-24,new,HOU,NYK,0.09852434977376974
2023-24,new,HOU,OKC,0.030082704813625055
2023-24,new,HOU,ORL,0.024963770548318845
2023-24,new,HOU,PHI,0.043987587855617995
2023-24,new,HOU,PHX,0.032904095018788326
2023-24,new,HOU,POR,0.040170549877001936
2023-24,new,HOU,SAC,0.07356026032713649
2023-24,new,HOU,SAS,0.0032200500871793587
2023-24,new,HOU,TOR,0.025977310873041174
2023-24,new,HOU,UTA,0.04132219849459442
2023-24,new,HOU,WAS,0.08244234979538054
2023-24,new,IND,ATL,0.08984011498398808
2023-24,new,IND,BKN,0.0
2023-24,new,IND,BOS,0.00015193965759706393
2023-24,new,IND,CHA,0.001152625151972361
2023-24,new,IND,CHI,0.08671676806908166
2023-24,new,IND,CLE,0.029272018886106487
2023-24,new,IND,DAL,0.04482407207751898
2023-24,new,IND,DEN,0.019826015807143292
2023-24,new,IND,DET,2.638711171443746e-05
2023-24,new,IND,GSW,0.021437136371239143
2023-24,new,IND,HOU,0.015538061545618237
2023-24,new,IND,LAC,0.0
2023-24,new,IND,LAL,0.0
2023-24,new,IND,MEM,0.00832354550292025
2023-24,new,IND,MIA,0.2103524505096581
2023-24,new,IND,MIL,0.03227586248580462
2023-24,new,IND,MIN,0.013768697065235508
2023-24,new,IND,NOP,0.18739083191706637
2023-24,new,IND,NYK,0.14508818773700294
2023-24,new,IND,OKC,0.004464170357075938
2023-24,new,IND,ORL,0.15286988934051707
2023-24,new,IND,PHI,0.25166929145150774
2023-24,new,IND,PHX,0.07378313576039888
2023-24,new,IND,POR,0.023120489707280287
2023-24,new,IND,SAC,0.11939069558900711
2023-24,new,IND,SAS,0.004496794055585272
2023-24,new,IND,TOR,0.8518908240821172
2023-24,new,IND,UTA,0.03210910579013028
2023-24,new,IND,WAS,0.06841998994753874
2023-24,new,LAC,ATL,0.06938948710128817
2023-24,new,LAC,BKN,0.0
2023-24,new,LAC,BOS,0.0002262931064188738
2023-24,new,LAC,CHA,0.00025699205293833465
2023-24,new,LAC,CHI,0.012984924569014662
2023-24,new,LAC,CLE,0.08200543036630954
2023-24,new,LAC,DAL,0.03730084272241873
2023-24,new,LAC,DEN,0.030561122349593878
2023-24,new,LAC,DET,1.2499159058342201e-05
2023-24,new,LAC,GSW,0.0311090561898019
2023-24,new,LAC,HOU,0.007478603022713098
2023-24,new,LAC,IND,0.016762539909165028
2023-24,new,LAC,LAL,0.0
2023-24,new,LAC,MEM,0.01970878264202399
2023-24,new,LAC,MIA,0.05800993484827752
2023-24,new,LAC,MIL,0.11448410627321776
2023-24,new,LAC,MIN,0.0434245692585306
2023-24,new,LAC,NOP,0.2837406751434616
2023-24,new,LAC,NYK,0.09879456044569813
2023-24,new,LAC,OKC,0.018252424997767303
2023-24,new,LAC,ORL,0.04793459397434412
2023-24,new,LAC,PHI,0.05291035000432548
2023-24,new,LAC,PHX,0.0563995153214662
2023-24,new,LAC,POR,0.01674114453256779
2023-24,new,LAC,SAC,0.07435913293076754
2023-24,new,LAC,SAS,0.006417596559599746
2023-24,new,LAC,TOR,0.07149548500032386
2023-24,new,LAC,UTA,0.054752694309954046
2023-24,new,LAC,WAS,0.6020045824747148
2023-24,new,LAL,ATL,0.4666474159781191
2023-24,new,LAL,BKN,0.0
2023-24,new,LAL,BOS,0.00014224138175105233
2023-24,new,LAL,CHA,0.0007786543233932804
2023-24,new,LAL,CHI,0.009520257901342182
2023-24,new,LAL,CLE,0.04836000414405134
2023-24,new,LAL,DAL,0.14753984188211358
2023-24,new,LAL,DEN,0.02241843882213288
2023-24,new,LAL,DET,2.2915124940294042e-05
2023-24,new,LAL,GSW,0.09734842066141373
2023-24,new,LAL,HOU,0.02867303326161195
2023-24,new,LAL,IND,0.003635555905297036
2023-24,new,LAL,LAC,0.0
2023-24,new,LAL,MEM,0.04164089533032705
2023-24,new,LAL,MIA,0.05002564565891778
2023-24,new,LAL,MIL,0.04915867489375222
2023-24,new,LAL,MIN,0.015474194667474184
2023-24,new,LAL,NOP,1.2272265282000474
2023-24,new,LAL,NYK,0.11564596306731069
2023-24,new,LAL,OKC,0.011916756619125252
2023-24,new,LAL,ORL,0.041972947285727875
2023-24,new,LAL,PHI,0.028876319068922074
2023-24,new,LAL,PHX,0.2639054414257006
2023-24,new,LAL,POR,0.058978219763847914
2023-24,new,LAL,SAC,0.8313524659518883
2023-24,new,LAL,SAS,0.0008216905014699571
2023-24,new,LAL,TOR,0.08809221253007153
2023-24,new,LAL,UTA,0.03987095925912807
2023-24,new,LAL,WAS,0.10398302874744646
2023-24,new,MEM,ATL,0.06866075808311067
2023-24,new,MEM,BKN,0.0
2023-24,new,MEM,BOS,0.00029849138488222306
2023-24,new,MEM,CHA,0.006001148942883323
2023-24,new,MEM,CHI,0.009502819627834258
2023-24,new,MEM,CLE,0.023331969401082585
2023-24,new,MEM,DAL,0.023495996529961434
2023-24,new,MEM,DEN,0.016618912617642343
2023-24,new,MEM,DET,0.0003888625948347281
2023-24,new,MEM,GSW,0.010111437490933328
2023-24,new,MEM,HOU,0.022757255992768524
2023-24,new,MEM,IND,0.007649343699180902
2023-24,new,MEM,LAC,0.0
2023-24,new,MEM,LAL,0.0
2023-24,new,MEM,MIA,0.041068621196559275
2023-24,new,MEM,MIL,0.012431034619743325
2023-24,new,MEM,MIN,0.034315733013851255
2023-24,new,MEM,NOP,0.12049912558219027
2023-24,new,MEM,NYK,0.053198538605697156
2023-24,new,MEM,OKC,0.006463900974325452
2023-24,new,MEM,ORL,0.03817495361055048
2023-24,new,MEM,PHI,0.013122691296023512
2023-24,new,MEM,PHX,0.041870150925121905
2023-24,new,MEM,POR,0.010518691109623274
2023-24,new,MEM,SAC,0.0776034678659474
2023-24,new,MEM,SAS,0.007742129862609888
2023-24,new,MEM,TOR,0.03838132049589557
2023-24,new,MEM,UTA,0.05688335150871667
2023-24,new,MEM,WAS,0.04816163836667265
2023-24,new,MIA,ATL,0.06065124511784108
2023-24,new,MIA,BKN,0.0
2023-24,new,MIA,BOS,0.0002500000050098732
2023-24,new,MIA,CHA,0.0011020398231577373
2023-24,new,MIA,CHI,0.03579511323978452
2023-24,new,MIA,CLE,0.043619585626518784
2023-24,new,MIA,DAL,0.018503018892797155
2023-24,new,MIA,DEN,0.008195305120352398
2023-24,new,MIA,DET,2.430391853804709e-05
2023-24,new,MIA,GSW,0.012786500526649903
2023-24,new,MIA,HOU,0.011534475192833082
2023-24,new,MIA,IND,0.062488125979750515
2023-24,new,MIA,LAC,0.0
2023-24,new,MIA,LAL,0.0
2023-24,new,MIA,MEM,0.0030827048021481074
2023-24,new,MIA,MIL,0.046108836624972074
2023-24,new,MIA,MIN,0.01575620084663036
2023-24,new,MIA,NOP,0.07099512816110985
2023-24,new,MIA,NYK,0.12949734914793837
2023-24,new,MIA,OKC,0.004963900837966981
2023-24,new,MIA,ORL,0.15584066458689988
2023-24,new,MIA,PHI,0.17054079658098686
2023-24,new,MIA,PHX,0.049078124875628286
2023-24,new,MIA,POR,0.016341750721914843
2023-24,new,MIA,SAC,0.020391150427292972
2023-24,new,MIA,SAS,0.004722368273766953
2023-24,new,MIA,TOR,0.2193903446729377
2023-24,new,MIA,UTA,0.021590786684577454
2023-24,new,MIA,WAS,0.03368130424379067
2023-24,new,MIL,ATL,0.06548211459343622
2023-24,new,MIL,BKN,0.0
2023-24,new,MIL,BOS,0.0005129310398780067
2023-24,new,MIL,CHA,2.0324495148840993e-05
2023-24,new,MIL,CHI,0.013801009343964138
2023-24,new,MIL,CLE,0.10619516803204347
2023-24,new,MIL,DAL,0.06919387192944199
2023-24,new,MIL,DEN,0.029794181143897112
2023-24,new,MIL,DET,8.193890784492272e-05
2023-24,new,MIL,GSW,0.017505305948093186
2023-24,new,MIL,HOU,0.00586356004297385
2023-24,new,MIL,IND,0.016486523651782867
2023-24,new,MIL,LAC,0.0
2023-24,new,MIL,LAL,0.0
2023-24,new,MIL,MEM,0.011474676968967382
2023-24,new,MIL,MIA,0.1141557082550135
2023-24,new,MIL,MIN,0.044716236787042306
2023-24,new,MIL,NOP,0.30501469800011777
2023-24,new,MIL,NYK,0.16178366059172994
2023-24,new,MIL,OKC,0.001262122854662674
2023-24,new,MIL,ORL,0.054143823973082705
2023-24,new,MIL,PHI,0.12396754408897542
2023-24,new,MIL,PHX,0.07875808219971328
2023-24,new,MIL,POR,0.03803505285572951
2023-24,new,MIL,SAC,0.061207789588758346
2023-24,new,MIL,SAS,0.0013588151513406425
2023-24,new,MIL,TOR,0.04612354074362946
2023-24,new,MIL,UTA,0.059503771601212695
2023-24,new,MIL,WAS,0.11859375057565373
2023-24,new,MIN,ATL,0.07387366673676328
2023-24,new,MIN,BKN,0.0
2023-24,new,MIN,BOS,0.00134806036628012
2023-24,new,MIN,CHA,0.00041958807149183435
2023-24,new,MIN,CHI,0.010146967613392979
2023-24,new,MIN,CLE,0.048868572323335684
2023-24,new,MIN,DAL,0.035463151991036966
2023-24,new,MIN,DEN,0.11305603467104634
2023-24,new,MIN,DET,1.249915720516834e-05
2023-24,new,MIN,GSW,0.028278879771316254
2023-24,new,MIN,HOU,0.012834157187766131
2023-24,new,MIN,IND,0.000858498545170858
2023-24,new,MIN,LAC,0.0
2023-24,new,MIN,LAL,0.0
2023-24,new,MIN,MEM,0.014513470221648058
2023-24,new,MIN,MIA,0.017507262303391547
2023-24,new,MIN,MIL,0.04088954784526041
2023-24,new,MIN,NOP,0.308668624942822
2023-24,new,MIN,NYK,0.053378328114252645
2023-24,new,MIN,OKC,0.007929956959179153
2023-24,new,MIN,ORL,0.02734535282612467
2023-24,new,MIN,PHI,0.021382647837717428
2023-24,new,MIN,PHX,0.0469232220814467
2023-24,new,MIN,POR,0.016057047309141127
2023-24,new,MIN,SAC,0.11285457855583686
2023-24,new,MIN,SAS,0.0015756434975594009
2023-24,new,MIN,TOR,0.03790541047916814
2023-24,new,MIN,UTA,0.1438119611500337
2023-24,new,MIN,WAS,0.09995339499943051
2023-24,new,NOP,ATL,0.323172442174595
2023-24,new,NOP,BKN,0.0
2023-24,new,NOP,BOS,9.698276006584539e-06
2023-24,new,NOP,CHA,0.003125005423532992
2023-24,new,NOP,CHI,0.024191247511405847
2023-24,new,NOP,CLE,0.10002879481691895
2023-24,new,NOP,DAL,0.14037051754325053
2023-24,new,NOP,DEN,0.012798563719074205
2023-24,new,NOP,DET,9.027170431024923e-06
2023-24,new,NOP,GSW,0.10124455411066642
2023-24,new,NOP,HOU,0.006112350455826753
2023-24,new,NOP,IND,0.014152919456342276
2023-24,new,NOP,LAC,0.0
2023-24,new,NOP,LAL,0.0
2023-24,new,NOP,MEM,0.03634806098227774
2023-24,new,NOP,MIA,0.04325815279614758
2023-24,new,NOP,MIL,0.18029121881224425
2023-24,new,NOP,MIN,0.015342407694062851
2023-24,new,NOP,NYK,0.1663626532993889
2023-24,new,NOP,OKC,0.002003771605106584
2023-24,new,NOP,ORL,0.06663724916770283
2023-24,new,NOP,PHI,0.05519774223332864
2023-24,new,NOP,PHX,0.261373114566668
2023-24,new,NOP,POR,0.06276073552237064
2023-24,new,NOP,SAC,0.5625644232282263
2023-24,new,NOP,SAS,0.005581971013332428
2023-24,new,NOP,TOR,0.10362696646090257
2023-24,new,NOP,UTA,0.01946713372268152
2023-24,new,NOP,WAS,0.13522629472798398
2023-24,new,NYK,ATL,0.093429979180367
2023-24,new,NYK,BKN,0.0
2023-24,new,NYK,BOS,1.4008620898399886e-05
2023-24,new,NYK,CHA,0.0023526745928412044
2023-24,new,NYK,CHI,0.02934723500476477
2023-24,new,NYK,CLE,0.1097486584230827
2023-24,new,NYK,DAL,0.048016223872124605
2023-24,new,NYK,DEN,0.014540533583206302
2023-24,new,NYK,DET,1.5276749960196023e-05
2023-24,new,NYK,GSW,0.009668472678097496
2023-24,new,NYK,HOU,0.008608542830598427
2023-24,new,NYK,IND,0.029896955653054866
2023-24,new,NYK,LAC,0.0
2023-24,new,NYK,LAL,0.0
2023-24,new,NYK,MEM,0.005547952761287511
2023-24,new,NYK,MIA,0.06479531875546948
2023-24,new,NYK,MIL,0.08795097073237013
2023-24,new,NYK,MIN,0.015587227804687154
2023-24,new,NYK,NOP,0.18623600452541877
2023-24,new,NYK,OKC,0.0019269935754408802
2023-24,new,NYK,ORL,0.11853923890753226
2023-24,new,NYK,PHI,0.061535327016717295
2023-24,new,NYK,PHX,0.0918836208395981
2023-24,new,NYK,POR,0.03933415757301913
2023-24,new,NYK,SAC,0.0346747726499372
2023-24,new,NYK,SAS,0.003225749520990011
2023-24,new,NYK,TOR,0.09016082125762517
2023-24,new,NYK,UTA,0.02528448278289127
2023-24,new,NYK,WAS,0.0406325438724638
2023-24,new,OKC,ATL,0.05608080019847577
2023-24,new,OKC,BKN,0.0
2023-24,new,OKC,BOS,0.0014288793355708238
2023-24,new,OKC,CHA,0.001651704883221917
2023-24,new,OKC,CHI,0.011106910064320265
2023-24,new,OKC,CLE,0.05919288445276145
2023-24,new,OKC,DAL,0.045745365319764364
2023-24,new,OKC,DEN,0.14943324650905512
2023-24,new,OKC,DET,3.194229166497125e-05
2023-24,new,OKC,GSW,0.03428970868409375
2023-24,new,OKC,HOU,0.0035402139630241435
2023-24,new,OKC,IND,0.0027547332633046863
2023-24,new,OKC,LAC,0.0
2023-24,new,OKC,LAL,0.0
2023-24,new,OKC,MEM,0.016039601564728494
2023-24,new,OKC,MIA,0.035824129987946624
2023-24,new,OKC,MIL,0.0503114227009616
2023-24,new,OKC,MIN,0.16737208888853466
2023-24,new,OKC,NOP,0.1809736052198087
2023-24,new,OKC,NYK,0.10532888432606216
2023-24,new,OKC,ORL,0.044967599762821914
2023-24,new,OKC,PHI,0.034220901443808675
2023-24,new,OKC,PHX,0.04784078656727898
2023-24,new,OKC,POR,0.018143866943293663
2023-24,new,OKC,SAC,0.06095015977222609
2023-24,new,OKC,SAS,0.006204760974603453
2023-24,new,OKC,TOR,0.08465550924853045
2023-24,new,OKC,UTA,0.3347526942937964
2023-24,new,OKC,WAS,0.08562607836606508
2023-24,new,ORL,ATL,0.07874218762631181
2023-24,new,ORL,BKN,0.0
2023-24,new,ORL,BOS,0.00026939655638075075
2023-24,new,ORL,CHA,0.0009850608220981021
2023-24,new,ORL,CHI,0.025134926105017295
2023-24,new,ORL,CLE,0.08247755177608583
2023-24,new,ORL,DAL,0.026971165545659273
2023-24,new,ORL,DEN,0.004854525887118332
2023-24,new,ORL,DET,0.00018887612143238402
2023-24,new,ORL,GSW,0.007296254567692875
2023-24,new,ORL,HOU,0.02085745557917045
2023-24,new,ORL,IND,0.02920827740074479
2023-24,new,ORL,LAC,0.0
2023-24,new,ORL,LAL,0.0
2023-24,new,ORL,MEM,0.0037766704155565724
2023-24,new,ORL,MIA,0.2424684377942522
2023-24,new,ORL,MIL,0.053653017850251505
2023-24,new,ORL,MIN,0.005495689724780748
2023-24,new,ORL,NOP,0.14803267150770336
2023-24,new,ORL,NYK,0.192544495192202
2023-24,new,ORL,OKC,0.0075175108935017585
2023-24,new,ORL,PHI,0.2677914695506427
2023-24,new,ORL,PHX,0.08519154129766635
2023-24,new,ORL,POR,0.018544699179310394
2023-24,new,ORL,SAC,0.020032669018984418
2023-24,new,ORL,SAS,0.01737815142706307
2023-24,new,ORL,TOR,0.12322605145365348
2023-24,new,ORL,UTA,0.005664870687820626
2023-24,new,ORL,WAS,0.06689924609243211
2023-24,new,PHI,ATL,0.054046034620115146
2023-24,new,PHI,BKN,0.0
2023-24,new,PHI,BOS,8.18965530247781e-05
2023-24,new,PHI,CHA,0.0030229314300633087
2023-24,new,PHI,CHI,0.1169924734111159
2023-24,new,PHI,CLE,0.03463724738266669
2023-24,new,PHI,DAL,0.040328798008584216
2023-24,new,PHI,DEN,0.015421714277775929
2023-24,new,PHI,DET,0.0003145620465213519
2023-24,new,PHI,GSW,0.01883359972544111
2023-24,new,PHI,HOU,0.013251321097001483
2023-24,new,PHI,IND,0.07820279986389826
2023-24,new,PHI,LAC,0.0
2023-24,new,PHI,LAL,0.0
2023-24,new,PHI,MEM,0.009570043307632722
2023-24,new,PHI,MIA,0.1910485540073669
2023-24,new,PHI,MIL,0.022962823539454464
2023-24,new,PHI,MIN,0.014747523525293219
2023-24,new,PHI,NOP,0.1567365145938499
2023-24,new,PHI,NYK,0.115324317142775
2023-24,new,PHI,OKC,0.007333782481406977
2023-24,new,PHI,ORL,0.09931292918282422
2023-24,new,PHI,PHX,0.05233162688235912
2023-24,new,PHI,POR,0.01588536120609315
2023-24,new,PHI,SAC,0.0593680796534343
2023-24,new,PHI,SAS,0.004280459055559637
2023-24,new,PHI,TOR,0.14194978891391688
2023-24,new,PHI,UTA,0.02166271564219516
2023-24,new,PHI,WAS,0.11375458037219778
2023-24,new,PHX,ATL,0.2539885831499336
2023-24,new,PHX,BKN,0.0
2023-24,new,PHX,BOS,0.0001034482776444277
2023-24,new,PHX,CHA,0.0033368321200070005
2023-24,new,PHX,CHI,0.008995940272062434
2023-24,new,PHX,CLE,0.06513641796956955
2023-24,new,PHX,DAL,0.25445124977106826
2023-24,new,PHX,DEN,0.039051719975063084
2023-24,new,PHX,DET,0.0003340051476789085
2023-24,new,PHX,GSW,0.1904826074982395
2023-24,new,PHX,HOU,0.00615958151695932
2023-24,new,PHX,IND,0.004644596577189956
2023-24,new,PHX,LAC,0.0
2023-24,new,PHX,LAL,0.0
2023-24,new,PHX,MEM,0.14363065958039128
2023-24,new,PHX,MIA,0.04326351255382932
2023-24,new,PHX,MIL,0.05702720938732142
2023-24,new,PHX,MIN,0.02434405155240303
2023-24,new,PHX,NOP,0.7247760554318033
2023-24,new,PHX,NYK,0.08707988858805413
2023-24,new,PHX,OKC,0.006317079812729858
2023-24,new,PHX,ORL,0.062426588185332754
2023-24,new,PHX,PHI,0.024832937548916526
2023-24,new,PHX,POR,0.08033979284607398
2023-24,new,PHX,SAC,0.3963628864822663
2023-24,new,PHX,SAS,0.0031458501940248656
2023-24,new,PHX,TOR,0.04682048042826424
2023-24,new,PHX,UTA,0.06603529100039379
2023-24,new,PHX,WAS,0.2791575961350664
2023-24,new,POR,ATL,0.15901379667889423
2023-24,new,POR,BKN,0.0
2023-24,new,POR,BOS,7.758620813296273e-05
2023-24,new,POR,CHA,0.004926208159432496
2023-24,new,POR,CHI,0.03674745571216697
2023-24,new,POR,CLE,0.039579586556912925
2023-24,new,POR,DAL,0.009619507974294752
2023-24,new,POR,DEN,0.009203663845867691
2023-24,new,POR,DET,0.00028678622130302823
2023-24,new,POR,GSW,0.08594183706383399
2023-24,new,POR,HOU,0.007182831600428918
2023-24,new,POR,IND,0.010344230051403364
2023-24,new,POR,LAC,0.0
2023-24,new,POR,LAL,0.0
2023-24,new,POR,MEM,0.005472791002429058
2023-24,new,POR,MIA,0.023462432740957887
2023-24,new,POR,MIL,0.040860183230332296
2023-24,new,POR,MIN,0.014598438503957808
2023-24,new,POR,NOP,0.08185154106941117
2023-24,new,POR,NYK,0.05059486428144612
2023-24,new,POR,OKC,0.008744612146843356
2023-24,new,POR,ORL,0.036390548518864245
2023-24,new,POR,PHI,0.03642102481839629
2023-24,new,POR,PHX,0.057563847178103526
2023-24,new,POR,SAC,0.07784303100902812
2023-24,new,POR,SAS,0.0331005081069474
2023-24,new,POR,TOR,0.035206126585421736
2023-24,new,POR,UTA,0.027774784465998816
2023-24,new,POR,WAS,0.09258432165749679
2023-24,new,SAC,ATL,0.6246013003153346
2023-24,new,SAC,BKN,0.0
2023-24,new,SAC,BOS,0.00023491379708565514
2023-24,new,SAC,CHA,0.0035012347098958806
2023-24,new,SAC,CHI,0.009855928908681533
2023-24,new,SAC,CLE,0.05979543094217662
2023-24,new,SAC,DAL,0.19322820522798043
2023-24,new,SAC,DEN,0.016498994530090298
2023-24,new,SAC,DET,8.818849816164188e-05
2023-24,new,SAC,GSW,0.23038537154225194
2023-24,new,SAC,HOU,0.008419275469930277
2023-24,new,SAC,IND,0.01352522441838087
2023-24,new,SAC,LAC,0.0
2023-24,new,SAC,LAL,0.0
2023-24,new,SAC,MEM,0.030222791683908293
2023-24,new,SAC,MIA,0.05350514157741537
2023-24,new,SAC,MIL,0.03442376113773709
2023-24,new,SAC,MIN,0.019744025912928165
2023-24,new,SAC,NOP,0.5999122082494911
2023-24,new,SAC,NYK,0.15383280481420028
2023-24,new,SAC,OKC,0.004349407416001638
2023-24,new,SAC,ORL,0.06799447390903973
2023-24,new,SAC,PHI,0.034619622158882306
2023-24,new,SAC,PHX,0.2236153009591889
2023-24,new,SAC,POR,0.07062799281241396
2023-24,new,SAC,SAS,0.0033902826883657903
2023-24,new,SAC,TOR,0.053656100624512905
2023-24,new,SAC,UTA,0.02773787724901922
2023-24,new,SAC,WAS,0.10423518451105337
2023-24,new,SAS,ATL,0.06280169290647931
2023-24,new,SAS,BKN,0.0
2023-24,new,SAS,BOS,0.0003620689721970723
2023-24,new,SAS,CHA,0.04480514615069141
2023-24,new,SAS,CHI,0.02847118367524986
2023-24,new,SAS,CLE,0.026756103557751792
2023-24,new,SAS,DAL,0.0856728240835181
2023-24,new,SAS,DEN,0.014713166382478386
2023-24,new,SAS,DET,0.0008311938703232518
2023-24,new,SAS,GSW,0.03029388840813007
2023-24,new,SAS,HOU,0.026001403103519206
2023-24,new,SAS,IND,0.0036699820157759695
2023-24,new,SAS,LAC,0.0
2023-24,new,SAS,LAL,0.0
2023-24,new,SAS,MEM,0.018289062552904738
2023-24,new,SAS,MIA,0.031738744012623575
2023-24,new,SAS,MIL,0.016007004611029545
2023-24,new,SAS,MIN,0.03293101466410635
2023-24,new,SAS,NOP,0.15191416610533598
2023-24,new,SAS,NYK,0.056209515124370335
2023-24,new,SAS,OKC,0.014068157426061524
2023-24,new,SAS,ORL,0.04138027390264424
2023-24,new,SAS,PHI,0.016779159466072207
2023-24,new,SAS,PHX,0.06637338332520751
2023-24,new,SAS,POR,0.05238597186811212
2023-24,new,SAS,SAC,0.11879085121818585
2023-24,new,SAS,TOR,0.04538419870364406
2023-24,new,SAS,UTA,0.056372575607825194
2023-24,new,SAS,WAS,0.0505584592587146
2023-24,new,TOR,ATL,0.07506924720891736
2023-24,new,TOR,BKN,0.0
2023-24,new,TOR,BOS,5.926724250332036e-05
2023-24,new,TOR,CHA,0.00045075229254946665
2023-24,new,TOR,CHI,0.010422777771700656
2023-24,new,TOR,CLE,0.030012740497045814
2023-24,new,TOR,DAL,0.05720937008536095
2023-24,new,TOR,DEN,0.011625414824754036
2023-24,new,TOR,DET,0.0001333243247355031
2023-24,new,TOR,GSW,0.022073816080918386
2023-24,new,TOR,HOU,0.015102718236887856
2023-24,new,TOR,IND,0.005845685879372656
2023-24,new,TOR,LAC,0.0
2023-24,new,TOR,LAL,0.0
2023-24,new,TOR,MEM,0.010435883798415709
2023-24,new,TOR,MIA,0.04920842958253443
2023-24,new,TOR,MIL,0.014210129567132941
2023-24,new,TOR,MIN,0.00930210223307297
2023-24,new,TOR,NOP,0.13997845247872204
2023-24,new,TOR,NYK,0.06548347671054434
2023-24,new,TOR,OKC,0.002107489250363493
2023-24,new,TOR,ORL,0.08140980979827966
2023-24,new,TOR,PHI,0.06924674661187619
2023-24,new,TOR,PHX,0.05908755367880703
2023-24,new,TOR,POR,0.03803484901180347
2023-24,new,TOR,SAC,0.09360275051375945
2023-24,new,TOR,SAS,0.02730569082497949
2023-24,new,TOR,UTA,0.025634698289454562
2023-24,new,TOR,WAS,0.041832705323728896
2023-24,new,UTA,ATL,0.06028484311959993
2023-24,new,UTA,BKN,0.0
2023-24,new,UTA,BOS,0.0001357758644936157
2023-24,new,UTA,CHA,0.0028856283735638447
2023-24,new,UTA,CHI,0.0033405884591158003
2023-24,new,UTA,CLE,0.018460847584293366
2023-24,new,UTA,DAL,0.010204094695648775
2023-24,new,UTA,DEN,0.012906250009345338
2023-24,new,UTA,DET,0.00015901702343712557
2023-24,new,UTA,GSW,0.030608482954586836
2023-24,new,UTA,HOU,0.016185068814601265
2023-24,new,UTA,IND,0.007540622948040592
2023-24,new,UTA,LAC,0.0
2023-24,new,UTA,LAL,0.0
2023-24,new,UTA,MEM,0.0055657328352139435
2023-24,new,UTA,MIA,0.015515560835520801
2023-24,new,UTA,MIL,0.021662446140845566
2023-24,new,UTA,MIN,0.01851831902942524
2023-24,new,UTA,NOP,0.10719091732256451
2023-24,new,UTA,NYK,0.0794204329621397
2023-24,new,UTA,OKC,0.01837634697620725
2023-24,new,UTA,ORL,0.024418234527231793
2023-24,new,UTA,PHI,0.021480934713506254
2023-24,new,UTA,PHX,0.04639735997626397
2023-24,new,UTA,POR,0.024422960707897484
2023-24,new,UTA,SAC,0.05638870084978435
2023-24,new,UTA,SAS,0.005682714289188629
2023-24,new,UTA,TOR,0.026641855911565444
2023-24,new,UTA,WAS,0.06448491409932793
2023-24,new,WAS,ATL,0.03931189885811051
2023-24,new,WAS,BKN,0.0
2023-24,new,WAS,BOS,0.0002715517289069449
2023-24,new,WAS,CHA,0.004206268909726753
2023-24,new,WAS,CHI,0.0065539288076368035
2023-24,new,WAS,CLE,0.01859042127467421
2023-24,new,WAS,DAL,0.03721326908387145
2023-24,new,WAS,DEN,0.01761148287990715
2023-24,new,WAS,DET,0.0003187284825836632
2023-24,new,WAS,GSW,0.013604564842891452
2023-24,new,WAS,HOU,0.004881659927930678
2023-24,new,WAS,IND,0.010428607903158991
2023-24,new,WAS,LAC,0.0
2023-24,new,WAS,LAL,0.0
2023-24,new,WAS,MEM,0.008085398892510746
2023-24,new,WAS,MIA,0.016904647556334525
2023-24,new,WAS,MIL,0.015240032499483467
2023-24,new,WAS,MIN,0.01093179078761123
2023-24,new,WAS,NOP,0.12704084745472388
2023-24,new,WAS,NYK,0.07346401244266025
2023-24,new,WAS,OKC,0.007483566912625723
2023-24,new,WAS,ORL,0.022401947389618794
2023-24,new,WAS,PHI,0.03610438296070054
2023-24,new,WAS,PHX,0.04735156246870435
2023-24,new,WAS,POR,0.01927876973683632
2023-24,new,WAS,SAC,0.058431151299052825
2023-24,new,WAS,SAS,0.015552880806397546
2023-24,new,WAS,TOR,0.025385136080597566
2023-24,new,WAS,UTA,0.02890355626976214
2023-24,old,ATL,BKN,0.0
2023-24,old,ATL,BOS,4.31034489181535e-06
2023-24,old,ATL,CHA,0.0034433755954386405
2023-24,old,ATL,CHI,0.06518882533747138
2023-24,old,ATL,CLE,0.024755107032980974
2023-24,old,ATL,DAL,0.0018161638864312344
2023-24,old,ATL,DEN,0.009372847259316282
2023-24,old,ATL,DET,0.00011100837345616422
2023-24,old,ATL,GSW,0.006226626023628292
2023-24,old,ATL,HOU,0.1274083334303768
2023-24,old,ATL,IND,0.0017435126151785466
2023-24,old,ATL,LAC,0.0
2023-24,old,ATL,LAL,0.0
2023-24,old,ATL,MEM,0.008477909495624525
2023-24,old,ATL,MIA,0.037675666105642006
2023-24,old,ATL,MIL,0.025866379460785537
2023-24,old,ATL,MIN,0.014830819579977391
2023-24,old,ATL,NOP,0.08460188392224387
2023-24,old,ATL,NYK,0.08981961779123881
2023-24,old,ATL,OKC,0.40324030276897743
2023-24,old,ATL,ORL,0.04595270305683612
2023-24,old,ATL,PHI,0.05479971424791892
2023-24,old,ATL,PHX,0.02334132561534402
2023-24,old,ATL,POR,0.022545377889887183
2023-24,old,ATL,SAC,0.029252056984750256
2023-24,old,ATL,SAS,0.050013665051101545
2023-24,old,ATL,TOR,0.12603666277998787
2023-24,old,ATL,UTA,0.31645420347504993
2023-24,old,ATL,WAS,0.04361503299197245
2023-24,old,BKN,ATL,0.12460427743184559
2023-24,old,BKN,BOS,0.0002456896594757664
2023-24,old,BKN,CHA,0.0029102814848735604
2023-24,old,BKN,CHI,0.01309590815252994
2023-24,old,BKN,CLE,0.03853706650079554
2023-24,old,BKN,DAL,0.0008052474388960448
2023-24,old,BKN,DEN,0.006130387060770562
2023-24,old,BKN,DET,0.0015113889909946696
2023-24,old,BKN,GSW,0.007152818300800558
2023-24,old,BKN,HOU,0.26685473474655086
2023-24,old,BKN,IND,0.0024940667827185975
2023-24,old,BKN,LAC,0.0
2023-24,old,BKN,LAL,0.0
2023-24,old,BKN,MEM,0.0326761856509758
2023-24,old,BKN,MIA,0.06826635940485662
2023-24,old,BKN,MIL,0.02579956887940202
2023-24,old,BKN,MIN,0.005637931226559451
2023-24,old,BKN,NOP,0.14045575504154734
2023-24,old,BKN,NYK,0.06594199628478666
2023-24,old,BKN,OKC,0.153171336053136
2023-24,old,BKN,ORL,0.056988055304330064
2023-24,old,BKN,PHI,0.035299620077144864
2023-24,old,BKN,PHX,0.05229660594478603
2023-24,old,BKN,POR,0.027905002515014696
2023-24,old,BKN,SAC,0.03126680463168039
2023-24,old,BKN,SAS,0.1018492351230469
2023-24,old,BKN,TOR,0.20619379137788235
2023-24,old,BKN,UTA,0.2238407872556628
2023-24,old,BKN,WAS,0.02507570094734045
2023-24,old,BOS,ATL,0.06192287943853902
2023-24,old,BOS,BKN,0.0
2023-24,old,BOS,CHA,0.0028671994884821657
2023-24,old,BOS,CHI,0.009388907722248612
2023-24,old,BOS,CLE,0.04372365105343579
2023-24,old,BOS,DAL,0.0030579587945118313
2023-24,old,BOS,DEN,0.013293220300625932
2023-24,old,BOS,DET,0.0022193115771218107
2023-24,old,BOS,GSW,0.006808404160420215
2023-24,old,BOS,HOU,0.017637403054270244
2023-24,old,BOS,IND,0.0018112681115667756
2023-24,old,BOS,LAC,0.0
2023-24,old,BOS,LAL,0.0
2023-24,old,BOS,MEM,0.0025080819832409965
2023-24,old,BOS,MIA,0.026123053098468536
2023-24,old,BOS,MIL,0.031972252393225695
2023-24,old,BOS,MIN,0.0201160844652973
2023-24,old,BOS,NOP,0.10806682899611114
2023-24,old,BOS,NYK,0.1077752272162654
2023-24,old,BOS,OKC,0.05820824352803577
2023-24,old,BOS,ORL,0.04235459535276159
2023-24,old,BOS,PHI,0.022612138801141476
2023-24,old,BOS,PHX,0.04430307111554328
2023-24,old,BOS,POR,0.06572129510785918
2023-24,old,BOS,SAC,0.03795283582944133
2023-24,old,BOS,SAS,0.013789122327616157
2023-24,old,BOS,TOR,0.036153566458775176
2023-24,old,BOS,UTA,0.046443965614548534
2023-24,old,BOS,WAS,0.02643372868868153
2023-24,old,CHA,ATL,0.04708334883327375
2023-24,old,CHA,BKN,0.0
2023-24,old,CHA,BOS,5.387931114769188e-06
2023-24,old,CHA,CHI,0.01826707272128569
2023-24,old,CHA,CLE,0.023704259637763278
2023-24,old,CHA,DAL,0.0021029630578464496
2023-24,old,CHA,DEN,0.009114581338729989
2023-24,old,CHA,DET,0.002477331168773319
2023-24,old,CHA,GSW,0.0030677160733385586
2023-24,old,CHA,HOU,0.029310396915020406
2023-24,old,CHA,IND,0.0018078134773295838
2023-24,old,CHA,LAC,0.0
2023-24,old,CHA,LAL,0.0
2023-24,old,CHA,MEM,0.006383081884966393
2023-24,old,CHA,MIA,0.034363865233915526
2023-24,old,CHA,MIL,0.026673761090235622
2023-24,old,CHA,MIN,0.010029389922678997
2023-24,old,CHA,NOP,0.09740315656978951
2023-24,old,CHA,NYK,0.11556250166419466
2023-24,old,CHA,OKC,0.08652128242000394
2023-24,old,CHA,ORL,0.029665162543552476
2023-24,old,CHA,PHI,0.024815076384134004
2023-24,old,CHA,PHX,0.0482626613255004
2023-24,old,CHA,POR,0.08229027754867446
2023-24,old,CHA,SAC,0.022857938469757928
2023-24,old,CHA,SAS,0.07815477257857227
2023-24,old,CHA,TOR,0.051964428727972654
2023-24,old,CHA,UTA,0.042284752597775435
2023-24,old,CHA,WAS,0.05118076486942552
2023-24,old,CHI,ATL,0.06255180258042733
2023-24,old,CHI,BKN,0.0
2023-24,old,CHI,BOS,3.556034535747663e-05
2023-24,old,CHI,CHA,0.002075685954257024
2023-24,old,CHI,CLE,0.05999859545493596
2023-24,old,CHI,DAL,0.0026141627175654126
2023-24,old,CHI,DEN,0.01782602093201179
2023-24,old,CHI,DET,0.002067603933049458
2023-24,old,CHI,GSW,0.010538275976574828
2023-24,old,CHI,HOU,0.08040077191632372
2023-24,old,CHI,IND,0.010805245185271602
2023-24,old,CHI,LAC,0.0
2023-24,old,CHI,LAL,0.0
2023-24,old,CHI,MEM,0.0024811423191166454
2023-24,old,CHI,MIA,0.045728872859854656
2023-24,old,CHI,MIL,0.056577586843070155
2023-24,old,CHI,MIN,0.012390381167046176
2023-24,old,CHI,NOP,0.09703181712203003
2023-24,old,CHI,NYK,0.08830236185484161
2023-24,old,CHI,OKC,0.16361072100460095
2023-24,old,CHI,ORL,0.043311477412166344
2023-24,old,CHI,PHI,0.06768587838224979
2023-24,old,CHI,PHX,0.05663011827451932
2023-24,old,CHI,POR,0.05757745673996665
2023-24,old,CHI,SAC,0.026950497037676078
2023-24,old,CHI,SAS,0.006869210352734468
2023-24,old,CHI,TOR,0.1146779536102794
2023-24,old,CHI,UTA,0.10615867490536965
2023-24,old,CHI,WAS,0.05336099136562554
2023-24,old,CLE,ATL,0.10999501365391912
2023-24,old,CLE,BKN,0.0
2023-24,old,CLE,BOS,0.0005247844919433881
2023-24,old,CLE,CHA,0.0004803049961016276
2023-24,old,CLE,CHI,0.015595872577946208
2023-24,old,CLE,DAL,0.0023238301705715537
2023-24,old,CLE,DEN,0.03852434253133524
2023-24,old,CLE,DET,0.0007586489489889526
2023-24,old,CLE,GSW,0.009110608707416147
2023-24,old,CLE,HOU,0.030936664088948292
2023-24,old,CLE,IND,0.003434430435673398
2023-24,old,CLE,LAC,0.0
2023-24,old,CLE,LAL,0.0
2023-24,old,CLE,MEM,0.005227909536654901
2023-24,old,CLE,MIA,0.05718218468448641
2023-24,old,CLE,MIL,0.10566810377022441
2023-24,old,CLE,MIN,0.045611479591115445
2023-24,old,CLE,NOP,0.2146997490212548
2023-24,old,CLE,NYK,0.18007684812449867
2023-24,old,CLE,OKC,0.06945689642436578
2023-24,old,CLE,ORL,0.08488158914116992
2023-24,old,CLE,PHI,0.05176352866395364
2023-24,old,CLE,PHX,0.07433647638497924
2023-24,old,CLE,POR,0.04472713464893775
2023-24,old,CLE,SAC,0.09062263371878011
2023-24,old,CLE,SAS,0.01565848423741329
2023-24,old,CLE,TOR,0.16802207932223284
2023-24,old,CLE,UTA,0.10725808207547809
2023-24,old,CLE,WAS,0.09716972052569278
2023-24,old,DAL,ATL,0.15063974286617238
2023-24,old,DAL,BKN,0.0
2023-24,old,DAL,BOS,9.159482935250835e-05
2023-24,old,DAL,CHA,0.0023791916409189604
2023-24,old,DAL,CHI,0.02737221594314132
2023-24,old,DAL,CLE,0.055192239809862084
2023-24,old,DAL,DEN,0.02654534742046641
2023-24,old,DAL,DET,0.000341036746568661
2023-24,old,DAL,GSW,0.016514524942669345
2023-24,old,DAL,HOU,0.020951220405095772
2023-24,old,DAL,IND,0.0031332467754309136
2023-24,old,DAL,LAC,0.0
2023-24,old,DAL,LAL,0.0
2023-24,old,DAL,MEM,0.004918103553394883
2023-24,old,DAL,MIA,0.036716253344442916
2023-24,old,DAL,MIL,0.08100862093671256
2023-24,old,DAL,MIN,0.029864814101993972
2023-24,old,DAL,NOP,0.1454955992471212
2023-24,old,DAL,NYK,0.9892137125728098
2023-24,old,DAL,OKC,0.049312500172266585
2023-24,old,DAL,ORL,0.07277585033014224
2023-24,old,DAL,PHI,0.04599100343156799
2023-24,old,DAL,PHX,0.1040910554527915
2023-24,old,DAL,POR,0.1250203793394699
2023-24,old,DAL,SAC,0.19458401586856705
2023-24,old,DAL,SAS,0.021217805649348182
2023-24,old,DAL,TOR,0.09874021699673975
2023-24,old,DAL,UTA,0.06324191795639966
2023-24,old,DAL,WAS,0.054595097141332365
2023-24,old,DEN,ATL,0.05149343409973246
2023-24,old,DEN,BKN,0.0
2023-24,old,DEN,BOS,0.0005549569061860957
2023-24,old,DEN,CHA,0.012320606956449945
2023-24,old,DEN,CHI,0.010044535825476262
2023-24,old,DEN,CLE,0.040571299560245674
2023-24,old,DEN,DAL,0.004053919243159581
2023-24,old,DEN,DET,0.0013677577306127715
2023-24,old,DEN,GSW,0.005599138277649376
2023-24,old,DEN,HOU,0.024506901267061263
2023-24,old,DEN,IND,0.0013529045629235943
2023-24,old,DEN,LAC,0.0
2023-24,old,DEN,LAL,0.0
2023-24,old,DEN,MEM,0.009074083986603816
2023-24,old,DEN,MIA,0.018123255268405317
2023-24,old,DEN,MIL,0.03585991393212744
2023-24,old,DEN,MIN,0.1270625002515125
2023-24,old,DEN,NOP,0.10176962000949033
2023-24,old,DEN,NYK,0.10546352868846526
2023-24,old,DEN,OKC,0.04906761860814154
2023-24,old,DEN,ORL,0.03649537364418934
2023-24,old,DEN,PHI,0.023297606900305967
2023-24,old,DEN,PHX,0.03701804945973985
2023-24,old,DEN,POR,0.05734872241022522
2023-24,old,DEN,SAC,0.05529735661381971
2023-24,old,DEN,SAS,0.03462830468264058
2023-24,old,DEN,TOR,0.04870443621512182
2023-24,old,DEN,UTA,0.12421497864702893
2023-24,old,DEN,WAS,0.06386206910391501
2023-24,old,DET,ATL,0.04556883438604061
2023-24,old,DET,BKN,0.0
2023-24,old,DET,BOS,4.31034489181535e-06
2023-24,old,DET,CHA,0.004852937525002543
2023-24,old,DET,CHI,0.019000049250246728
2023-24,old,DET,CLE,0.018791285204388428
2023-24,old,DET,DAL,0.0009076377012114122
2023-24,old,DET,DEN,0.007616379538276002
2023-24,old,DET,GSW,0.004923203175523715
2023-24,old,DET,HOU,0.023724258766808518
2023-24,old,DET,IND,0.0028932105466260728
2023-24,old,DET,LAC,0.0
2023-24,old,DET,LAL,0.0
2023-24,old,DET,MEM,0.006779902843850796
2023-24,old,DET,MIA,0.040834122204146624
2023-24,old,DET,MIL,0.02694073286565856
2023-24,old,DET,MIN,0.0028577588991003672
2023-24,old,DET,NOP,0.05742136725225402
2023-24,old,DET,NYK,0.09689057671069934
2023-24,old,DET,OKC,0.023104256375829264
2023-24,old,DET,ORL,0.04003432800762238
2023-24,old,DET,PHI,0.0453187533700223
2023-24,old,DET,PHX,0.039126347312563245
2023-24,old,DET,POR,0.03271587775761217
2023-24,old,DET,SAC,0.009750206247650295
2023-24,old,DET,SAS,0.046655375091376516
2023-24,old,DET,TOR,0.12002450414316937
2023-24,old,DET,UTA,0.04461664858872295
2023-24,old,DET,WAS,0.033272628952901596
2023-24,old,GSW,ATL,0.2688723990109418
2023-24,old,GSW,BKN,0.0
2023-24,old,GSW,BOS,3.125000046566129e-05
2023-24,old,GSW,CHA,0.008139439544905216
2023-24,old,GSW,CHI,0.023081467620507366
2023-24,old,GSW,CLE,0.04833712325643152
2023-24,old,GSW,DAL,0.011495438883441325
2023-24,old,GSW,DEN,0.007253559045122603
2023-24,old,GSW,DET,0.0014382077363730274
2023-24,old,GSW,HOU,0.04884187704561658
2023-24,old,GSW,IND,0.005197718112693231
2023-24,old,GSW,LAC,0.0
2023-24,old,GSW,LAL,0.0
2023-24,old,GSW,MEM,0.0075878233900735295
2023-24,old,GSW,MIA,0.060004904649954796
2023-24,old,GSW,MIL,0.03222117483160249
2023-24,old,GSW,MIN,0.006856291343507006
2023-24,old,GSW,NOP,0.33258992642452495
2023-24,old,GSW,NYK,0.2108823553561012
2023-24,old,GSW,OKC,0.03992376029370997
2023-24,old,GSW,ORL,0.05305130118500877
2023-24,old,GSW,PHI,0.06309352055375805
2023-24,old,GSW,PHX,0.1038933181039716
2023-24,old,GSW,POR,0.6819314422294827
2023-24,old,GSW,SAC,0.37589156964282255
2023-24,old,GSW,SAS,0.039850055542270994
2023-24,old,GSW,TOR,0.09606170754548538
2023-24,old,GSW,UTA,0.02628933205548272
2023-24,old,GSW,WAS,0.030153556208624022
2023-24,old,HOU,ATL,0.09039948423440973
2023-24,old,HOU,BKN,0.0
2023-24,old,HOU,BOS,0.0003685344896953682
2023-24,old,HOU,CHA,0.00888289321801559
2023-24,old,HOU,CHI,0.07789873815950094
2023-24,old,HOU,CLE,0.03702292435231483
2023-24,old,HOU,DAL,0.0038032027245768303
2023-24,old,HOU,DEN,0.024704604984001493
2023-24,old,HOU,DET,0.00289474020241406
2023-24,old,HOU,GSW,0.02475053206523533
2023-24,old,HOU,IND,0.002466940899804809
2023-24,old,HOU,LAC,0.0
2023-24,old,HOU,LAL,0.0
2023-24,old,HOU,MEM,0.014800916198030884
2023-24,old,HOU,MIA,0.025664245612121394
2023-24,old,HOU,MIL,0.05052155231960631
2023-24,old,HOU,MIN,0.02067329807753378
2023-24,old,HOU,NOP,0.08286103309899097
2023-24,old,HOU,NYK,0.1351015244467902
2023-24,old,HOU,OKC,0.2675121230742862
2023-24,old,HOU,ORL,0.02782026448613704
2023-24,old,HOU,PHI,0.042146190046859676
2023-24,old,HOU,PHX,0.03095959067587531
2023-24,old,HOU,POR,0.05446529125808883
2023-24,old,HOU,SAC,0.04818231775848875
2023-24,old,HOU,SAS,0.02015127497096879
2023-24,old,HOU,TOR,0.04068797385170134
2023-24,old,HOU,UTA,0.38982731743442733
2023-24,old,HOU,WAS,0.056054687870843015
2023-24,old,IND,ATL,0.10587389291967905
2023-24,old,IND,BKN,0.0
2023-24,old,IND,BOS,0.00015193965759706393
2023-24,old,IND,CHA,0.0013457456858668722
2023-24,old,IND,CHI,0.03582469223549954
2023-24,old,IND,CLE,0.02814693125455707
2023-24,old,IND,DAL,0.003514569926289334
2023-24,old,IND,DEN,0.01972698449792052
2023-24,old,IND,DET,0.0004647099269924676
2023-24,old,IND,GSW,0.010590478896619649
2023-24,old,IND,HOU,0.03979418607566053
2023-24,old,IND,LAC,0.0
2023-24,old,IND,LAL,0.0
2023-24,old,IND,MEM,0.007110991276106155
2023-24,old,IND,MIA,0.12572001399330895
2023-24,old,IND,MIL,0.03195150897765917
2023-24,old,IND,MIN,0.013764303635358388
2023-24,old,IND,NOP,0.17741395858348905
2023-24,old,IND,NYK,0.1760403005968796
2023-24,old,IND,OKC,0.020422682503402907
2023-24,old,IND,ORL,0.09364528495773534
2023-24,old,IND,PHI,0.1433588419517277
2023-24,old,IND,PHX,0.06682354487980524
2023-24,old,IND,POR,0.059818276725353586
2023-24,old,IND,SAC,0.08576885980155916
2023-24,old,IND,SAS,0.028417564022519833
2023-24,old,IND,TOR,0.9179421352178716
2023-24,old,IND,UTA,0.06249353462404667
2023-24,old,IND,WAS,0.05162500031159966
2023-24,old,LAC,ATL,0.06447656273625274
2023-24,old,LAC,BKN,0.0
2023-24,old,LAC,BOS,0.0002262931064188738
2023-24,old,LAC,CHA,0.0030929526252942477
2023-24,old,LAC,CHI,0.013576972165228268
2023-24,old,LAC,CLE,0.08759856847318818
2023-24,old,LAC,DAL,0.0030272219061385484
2023-24,old,LAC,DEN,0.030693756517789335
2023-24,old,LAC,DET,0.0009195264474698487
2023-24,old,LAC,GSW,0.009146406107224737
2023-24,old,LAC,HOU,0.02560071613368454
2023-24,old,LAC,IND,0.0033641039497825298
2023-24,old,LAC,LAL,0.0
2023-24,old,LAC,MEM,0.005969558254081018
2023-24,old,LAC,MIA,0.04723537228106864
2023-24,old,LAC,MIL,0.11346228528631339
2023-24,old,LAC,MIN,0.043419181397623845
2023-24,old,LAC,NOP,0.17398090438873856
2023-24,old,LAC,NYK,0.11023916480383818
2023-24,old,LAC,OKC,0.05357516201050422
2023-24,old,LAC,ORL,0.05552700795282732
2023-24,old,LAC,PHI,0.03864345169166178
2023-24,old,LAC,PHX,0.04553232785041347
2023-24,old,LAC,POR,0.030635760910654956
2023-24,old,LAC,SAC,0.04737973875225164
2023-24,old,LAC,SAS,0.014229997029115636
2023-24,old,LAC,TOR,0.09440080860953576
2023-24,old,LAC,UTA,0.113962015695609
2023-24,old,LAC,WAS,0.5496166501566768
2023-24,old,LAL,ATL,0.4861250875482614
2023-24,old,LAL,BKN,0.0
2023-24,old,LAL,BOS,0.00014224138175105233
2023-24,old,LAL,CHA,0.0011631115772932745
2023-24,old,LAL,CHI,0.015516191978393832
2023-24,old,LAL,CLE,0.05131717899086252
2023-24,old,LAL,DAL,0.012726721386412641
2023-24,old,LAL,DEN,0.022352682550899446
2023-24,old,LAL,DET,0.0018821649721165801
2023-24,old,LAL,GSW,0.04102607750938346
2023-24,old,LAL,HOU,0.019666066341703578
2023-24,old,LAL,IND,0.003611093520803258
2023-24,old,LAL,LAC,0.0
2023-24,old,LAL,MEM,0.005371228580720371
2023-24,old,LAL,MIA,0.06266206512040878
2023-24,old,LAL,MIL,0.04899811436359948
2023-24,old,LAL,MIN,0.015446415613526296
2023-24,old,LAL,NOP,0.9872778667445095
2023-24,old,LAL,NYK,0.10412975550239675
2023-24,old,LAL,OKC,0.024965516523566444
2023-24,old,LAL,ORL,0.057741362633034206
2023-24,old,LAL,PHI,0.057371524934890755
2023-24,old,LAL,PHX,0.1581842658433517
2023-24,old,LAL,POR,0.14400711917422715
2023-24,old,LAL,SAC,0.649971643726813
2023-24,old,LAL,SAS,0.023758302407338616
2023-24,old,LAL,TOR,0.13094667855258585
2023-24,old,LAL,UTA,0.06299919208634147
2023-24,old,LAL,WAS,0.04278044211617991
2023-24,old,MEM,ATL,0.07556599386911635
2023-24,old,MEM,BKN,0.0
2023-24,old,MEM,BOS,0.00029849138488222306
2023-24,old,MEM,CHA,0.010124610527715875
2023-24,old,MEM,CHI,0.008498886006173361
2023-24,old,MEM,CLE,0.023344417729644386
2023-24,old,MEM,DAL,0.0014589244528001118
2023-24,old,MEM,DEN,0.016618829586183756
2023-24,old,MEM,DET,0.0016924726635849177
2023-24,old,MEM,GSW,0.007239987463199151
2023-24,old,MEM,HOU,0.07932871009904952
2023-24,old,MEM,IND,0.001808441676909344
2023-24,old,MEM,LAC,0.0
2023-24,old,MEM,LAL,0.0
2023-24,old,MEM,MIA,0.0378161945031823
2023-24,old,MEM,MIL,0.01243103461564872
2023-24,old,MEM,MIN,0.03431573375201001
2023-24,old,MEM,NOP,0.12365106062775386
2023-24,old,MEM,NYK,0.05334751682995248
2023-24,old,MEM,OKC,0.05911745665331998
2023-24,old,MEM,ORL,0.03332219259330887
2023-24,old,MEM,PHI,0.01923931192813316
2023-24,old,MEM,PHX,0.03986718752668319
2023-24,old,MEM,POR,0.03969900822702989
2023-24,old,MEM,SAC,0.0686902070946197
2023-24,old,MEM,SAS,0.2003039737778733
2023-24,old,MEM,TOR,0.2544422120081043
2023-24,old,MEM,UTA,0.13215167049697907
2023-24,old,MEM,WAS,0.038234644842831865
2023-24,old,MIA,ATL,0.08104076196062297
2023-24,old,MIA,BKN,0.0
2023-24,old,MIA,BOS,0.0002500000050098732
2023-24,old,MIA,CHA,0.006150133272418085
2023-24,old,MIA,CHI,0.0297020233302703
2023-24,old,MIA,CLE,0.03398911985823263
2023-24,old,MIA,DAL,0.001406872073332236
2023-24,old,MIA,DEN,0.007898741842057928
2023-24,old,MIA,DET,0.0022708804824918354
2023-24,old,MIA,GSW,0.01015105398339609
2023-24,old,MIA,HOU,0.017118102622978602
2023-24,old,MIA,IND,0.008313711036804151
2023-24,old,MIA,LAC,0.0
2023-24,old,MIA,LAL,0.0
2023-24,old,MIA,MEM,0.002281519486227651
2023-24,old,MIA,MIL,0.04592914921637015
2023-24,old,MIA,MIN,0.015722572443570747
2023-24,old,MIA,NOP,0.08831767657142071
2023-24,old,MIA,NYK,0.14069242352054673
2023-24,old,MIA,OKC,0.08007812497743956
2023-24,old,MIA,ORL,0.10099797827423367
2023-24,old,MIA,PHI,0.12241234025063757
2023-24,old,MIA,PHX,0.05676293096218083
2023-24,old,MIA,POR,0.04864717234568312
2023-24,old,MIA,SAC,0.019807501172926324
2023-24,old,MIA,SAS,0.009834111257614441
2023-24,old,MIA,TOR,0.17225879939424676
2023-24,old,MIA,UTA,0.02166918107493106
2023-24,old,MIA,WAS,0.030513739592299385
2023-24,old,MIL,ATL,0.06770505087721994
2023-24,old,MIL,BKN,0.0
2023-24,old,MIL,BOS,0.0005129310398780067
2023-24,old,MIL,CHA,0.0001354070304571777
2023-24,old,MIL,CHI,0.016404191840857885
2023-24,old,MIL,CLE,0.10427627750020951
2023-24,old,MIL,DAL,0.005300341007685774
2023-24,old,MIL,DEN,0.029765086580298437
2023-24,old,MIL,DET,0.0012192991744133515
2023-24,old,MIL,GSW,0.006307344523338749
2023-24,old,MIL,HOU,0.013353374849815797
2023-24,old,MIL,IND,0.003411958357801376
2023-24,old,MIL,LAC,0.0
2023-24,old,MIL,LAL,0.0
2023-24,old,MIL,MEM,0.0031096444773519864
2023-24,old,MIL,MIA,0.0683349991540644
2023-24,old,MIL,MIN,0.044751448983972895
2023-24,old,MIL,NOP,0.2906390536416543
2023-24,old,MIL,NYK,0.16950825822380272
2023-24,old,MIL,OKC,0.010683997833322544
2023-24,old,MIL,ORL,0.051188066086802805
2023-24,old,MIL,PHI,0.07009411089247694
2023-24,old,MIL,PHX,0.06994234931743544
2023-24,old,MIL,POR,0.061739224771195374
2023-24,old,MIL,SAC,0.03921556439691801
2023-24,old,MIL,SAS,0.010675783041789552
2023-24,old,MIL,TOR,0.06466280079410487
2023-24,old,MIL,UTA,0.07088011884463727
2023-24,old,MIL,WAS,0.11380926805359699
2023-24,old,MIN,ATL,0.08086856900222832
2023-24,old,MIN,BKN,0.0
2023-24,old,MIN,BOS,0.00134806036628012
2023-24,old,MIN,CHA,0.0019968075297175513
2023-24,old,MIN,CHI,0.011177117971923684
2023-24,old,MIN,CLE,0.05557663097436901
2023-24,old,MIN,DAL,0.002816929241367679
2023-24,old,MIN,DEN,0.11303340401213277
2023-24,old,MIN,DET,0.0009091402820582272
2023-24,old,MIN,GSW,0.007898969767927524
2023-24,old,MIN,HOU,0.03372545273862514
2023-24,old,MIN,IND,0.0007503987696076786
2023-24,old,MIN,LAC,0.0
2023-24,old,MIN,LAL,0.0
2023-24,old,MIN,MEM,0.007452317064082057
2023-24,old,MIN,MIA,0.02110596644701404
2023-24,old,MIN,MIL,0.04073060388957825
2023-24,old,MIN,NOP,0.2069079041369834
2023-24,old,MIN,NYK,0.06260877791722631
2023-24,old,MIN,OKC,0.0919684799550631
2023-24,old,MIN,ORL,0.03076821347305275
2023-24,old,MIN,PHI,0.024273320900247624
2023-24,old,MIN,PHX,0.03433890081020795
2023-24,old,MIN,POR,0.03367291975454818
2023-24,old,MIN,SAC,0.08103006798501457
2023-24,old,MIN,SAS,0.022877876142736023
2023-24,old,MIN,TOR,0.06514453224289146
2023-24,old,MIN,UTA,0.1402004309582869
2023-24,old,MIN,WAS,0.08086260816062288
2023-24,old,NOP,ATL,0.349630255758474
2023-24,old,NOP,BKN,0.0
2023-24,old,NOP,BOS,9.698276006584539e-06
2023-24,old,NOP,CHA,0.004849830497278547
2023-24,old,NOP,CHI,0.013059446184841162
2023-24,old,NOP,CLE,0.10240558400771844
2023-24,old,NOP,DAL,0.004853747903579998
2023-24,old,NOP,DEN,0.012350553192446906
2023-24,old,NOP,DET,1.603117406126053e-05
2023-24,old,NOP,GSW,0.015745838884347156
2023-24,old,NOP,HOU,0.024179370052594337
2023-24,old,NOP,IND,0.0026761617925661857
2023-24,old,NOP,LAC,0.0
2023-24,old,NOP,LAL,0.0
2023-24,old,NOP,MEM,0.008900592875273514
2023-24,old,NOP,MIA,0.051941374923837914
2023-24,old,NOP,MIL,0.1811554435357564
2023-24,old,NOP,MIN,0.015315539103691572
2023-24,old,NOP,NYK,0.19814392242610676
2023-24,old,NOP,OKC,0.04831465549752968
2023-24,old,NOP,ORL,0.07931184393265331
2023-24,old,NOP,PHI,0.058835242541853155
2023-24,old,NOP,PHX,0.14322305996536983
2023-24,old,NOP,POR,0.09793293726218805
2023-24,old,NOP,SAC,0.42579143340604186
2023-24,old,NOP,SAS,0.024709903764401683
2023-24,old,NOP,TOR,0.12357665400098364
2023-24,old,NOP,UTA,0.08374595925107535
2023-24,old,NOP,WAS,0.06717456974950217
2023-24,old,NYK,ATL,0.09188067143489054
2023-24,old,NYK,BKN,0.0
2023-24,old,NYK,BOS,1.4008620898399886e-05
2023-24,old,NYK,CHA,0.004312063310483041
2023-24,old,NYK,CHI,0.014644229108348592
2023-24,old,NYK,CLE,0.10845675308543948
2023-24,old,NYK,DAL,0.0029870196731325996
2023-24,old,NYK,DEN,0.014591964108480918
2023-24,old,NYK,DET,5.387480915920821e-05
2023-24,old,NYK,GSW,0.003474751002420889
2023-24,old,NYK,HOU,0.03791361847809214
2023-24,old,NYK,IND,0.003990666557431279
2023-24,old,NYK,LAC,0.0
2023-24,old,NYK,LAL,0.0
2023-24,old,NYK,MEM,0.007337015071454267
2023-24,old,NYK,MIA,0.050169982386743424
2023-24,old,NYK,MIL,0.08803448325544917
2023-24,old,NYK,MIN,0.015611774010953922
2023-24,old,NYK,NOP,0.17316153780354882
2023-24,old,NYK,OKC,0.03742861059120984
2023-24,old,NYK,ORL,0.09926589979449973
2023-24,old,NYK,PHI,0.04438606308954917
2023-24,old,NYK,PHX,0.08786422440354665
2023-24,old,NYK,POR,0.07031544919371349
2023-24,old,NYK,SAC,0.025187327312235108
2023-24,old,NYK,SAS,0.023716092357375256
2023-24,old,NYK,TOR,0.060635578153197256
2023-24,old,NYK,UTA,0.06132462323831939
2023-24,old,NYK,WAS,0.037435345469436075
2023-24,old,OKC,ATL,0.055649221594426576
2023-24,old,OKC,BKN,0.0
2023-24,old,OKC,BOS,0.0014288793355708238
2023-24,old,OKC,CHA,0.003109817327268267
2023-24,old,OKC,CHI,0.012350918288086765
2023-24,old,OKC,CLE,0.06128516377355018
2023-24,old,OKC,DAL,0.003266830694808185
2023-24,old,OKC,DEN,0.14939762874783555
2023-24,old,OKC,DET,0.001351876238024646
2023-24,old,OKC,GSW,0.01053185649431329
2023-24,old,OKC,HOU,0.0121199209626507
2023-24,old,OKC,IND,0.0010525657122524544
2023-24,old,OKC,LAC,0.0
2023-24,old,OKC,LAL,0.0
2023-24,old,OKC,MEM,0.009119073540285424
2023-24,old,OKC,MIA,0.03285939399999678
2023-24,old,OKC,MIL,0.05089331930125903
2023-24,old,OKC,MIN,0.16738548142481696
2023-24,old,OKC,NOP,0.12851996814218455
2023-24,old,OKC,NYK,0.14583029567153177
2023-24,old,OKC,ORL,0.04505634077545857
2023-24,old,OKC,PHI,0.031099702226575234
2023-24,old,OKC,PHX,0.04267241385869746
2023-24,old,OKC,POR,0.03634603086218716
2023-24,old,OKC,SAC,0.038165105508373334
2023-24,old,OKC,SAS,0.05582085883993669
2023-24,old,OKC,TOR,0.14017699102082884
2023-24,old,OKC,UTA,0.3976443970524345
2023-24,old,OKC,WAS,0.06915786714016074
2023-24,old,ORL,ATL,0.08685889604910041
2023-24,old,ORL,BKN,0.0
2023-24,old,ORL,BOS,0.00026939655638075075
2023-24,old,ORL,CHA,0.0029533282171086907
2023-24,old,ORL,CHI,0.022214097418792246
2023-24,old,ORL,CLE,0.08128600918983311
2023-24,old,ORL,DAL,0.0019008655932721875
2023-24,old,ORL,DEN,0.0048480285560764365
2023-24,old,ORL,DET,0.0011486572870551314
2023-24,old,ORL,GSW,0.004128355812159282
2023-24,old,ORL,HOU,0.05325790717505898
2023-24,old,ORL,IND,0.003810298934063901
2023-24,old,ORL,LAC,0.0
2023-24,old,ORL,LAL,0.0
2023-24,old,ORL,MEM,0.014746497858412057
2023-24,old,ORL,MIA,0.13692245632460529
2023-24,old,ORL,MIL,0.05345150919871982
2023-24,old,ORL,MIN,0.005497844967477593
2023-24,old,ORL,NOP,0.17426001198253172
2023-24,old,ORL,NYK,0.1912719516835396
2023-24,old,ORL,OKC,0.11265840454300029
2023-24,old,ORL,PHI,0.13936206730365228
2023-24,old,ORL,PHX,0.09749272688613111
2023-24,old,ORL,POR,0.043020128515427296
2023-24,old,ORL,SAC,0.015353145003200126
2023-24,old,ORL,SAS,0.06715741582020329
2023-24,old,ORL,TOR,0.12255103907982498
2023-24,old,ORL,UTA,0.048362069311170396
2023-24,old,ORL,WAS,0.061364493489040634
2023-24,old,PHI,ATL,0.0748083556639977
2023-24,old,PHI,BKN,0.0
2023-24,old,PHI,BOS,8.18965530247781e-05
2023-24,old,PHI,CHA,0.0029984416844319036
2023-24,old,PHI,CHI,0.052099313880797096
2023-24,old,PHI,CLE,0.0350703080015641
2023-24,old,PHI,DAL,0.0025125303348654537
2023-24,old,PHI,DEN,0.015381368499297157
2023-24,old,PHI,DET,0.00025055630030524934
2023-24,old,PHI,GSW,0.013644854829976825
2023-24,old,PHI,HOU,0.025073695673644453
2023-24,old,PHI,IND,0.01134390549458353
2023-24,old,PHI,LAC,0.0
2023-24,old,PHI,LAL,0.0
2023-24,old,PHI,MEM,0.00596066808719429
2023-24,old,PHI,MIA,0.11919637482171215
2023-24,old,PHI,MIL,0.022914062804594675
2023-24,old,PHI,MIN,0.014740891549785811
2023-24,old,PHI,NOP,0.1461184952582133
2023-24,old,PHI,NYK,0.13487326220593227
2023-24,old,PHI,OKC,0.01686584059263435
2023-24,old,PHI,ORL,0.07800771998008818
2023-24,old,PHI,PHX,0.04776670221450079
2023-24,old,PHI,POR,0.03546177550740066
2023-24,old,PHI,SAC,0.04491118623047499
2023-24,old,PHI,SAS,0.03354044323883459
2023-24,old,PHI,TOR,0.1203981636092387
2023-24,old,PHI,UTA,0.04461126096002709
2023-24,old,PHI,WAS,0.09026481712827104
2023-24,old,PHX,ATL,0.23713995862933795
2023-24,old,PHX,BKN,0.0
2023-24,old,PHX,BOS,0.0001034482776444277
2023-24,old,PHX,CHA,0.003303600448233141
2023-24,old,PHX,CHI,0.01213821206030091
2023-24,old,PHX,CLE,0.07783253013489144
2023-24,old,PHX,DAL,0.013204373477864163
2023-24,old,PHX,DEN,0.03864963738933407
2023-24,old,PHX,DET,0.0010566575672795607
2023-24,old,PHX,GSW,0.030801657724911568
2023-24,old,PHX,HOU,0.010071355398304789
2023-24,old,PHX,IND,0.002396357009158116
2023-24,old,PHX,LAC,0.0
2023-24,old,PHX,LAL,0.0
2023-24,old,PHX,MEM,0.021747036982580605
2023-24,old,PHX,MIA,0.06860971757020874
2023-24,old,PHX,MIL,0.05587823326892124
2023-24,old,PHX,MIN,0.02429868456937061
2023-24,old,PHX,NOP,0.3563897486532693
2023-24,old,PHX,NYK,0.2261861038894471
2023-24,old,PHX,OKC,0.05902774762029054
2023-24,old,PHX,ORL,0.0799750514082801
2023-24,old,PHX,PHI,0.05434514447125255
2023-24,old,PHX,POR,0.10527159184622593
2023-24,old,PHX,SAC,0.2502568066344371
2023-24,old,PHX,SAS,0.02397349345886562
2023-24,old,PHX,TOR,0.06813780794795615
2023-24,old,PHX,UTA,0.15814331923878416
2023-24,old,PHX,WAS,0.03857139012710079
2023-24,old,POR,ATL,0.20147989657625343
2023-24,old,POR,BKN,0.0
2023-24,old,POR,BOS,7.758620813296273e-05
2023-24,old,POR,CHA,0.0415753323947667
2023-24,old,POR,CHI,0.02234474630334617
2023-24,old,POR,CLE,0.040524886754135826
2023-24,old,POR,DAL,0.0006219077264998268
2023-24,old,POR,DEN,0.009204741707601348
2023-24,old,POR,DET,0.0010144865424783728
2023-24,old,POR,GSW,0.020939294437744917
2023-24,old,POR,HOU,0.02387630396126291
2023-24,old,POR,IND,0.0020245388756115028
2023-24,old,POR,LAC,0.0
2023-24,old,POR,LAL,0.0
2023-24,old,POR,MEM,0.008529094878427589
2023-24,old,POR,MIA,0.026989347453460464
2023-24,old,POR,MIL,0.04186961218618371
2023-24,old,POR,MIN,0.014588362163618283
2023-24,old,POR,NOP,0.07287093418772239
2023-24,old,POR,NYK,0.049929178839826095
2023-24,old,POR,OKC,0.0418561434004544
2023-24,old,POR,ORL,0.03912974489755859
2023-24,old,POR,PHI,0.031620630701150614
2023-24,old,POR,PHX,0.04190382567421004
2023-24,old,POR,SAC,0.057276677621778155
2023-24,old,POR,SAS,0.08797314841268988
2023-24,old,POR,TOR,0.08177446888471711
2023-24,old,POR,UTA,0.07388092694759914
2023-24,old,POR,WAS,0.07856600237785487
2023-24,old,SAC,ATL,0.5921087391630558
2023-24,old,SAC,BKN,0.0
2023-24,old,SAC,BOS,0.00023491379708565514
2023-24,old,SAC,CHA,0.003898265679635549
2023-24,old,SAC,CHI,0.006405630717452874
2023-24,old,SAC,CLE,0.06627658651477748
2023-24,old,SAC,DAL,0.008882452243290826
2023-24,old,SAC,DEN,0.016225981327401176
2023-24,old,SAC,DET,0.0019336992305675784
2023-24,old,SAC,GSW,0.0434822476540465
2023-24,old,SAC,HOU,0.01689625275992125
2023-24,old,SAC,IND,0.003696286423300507
2023-24,old,SAC,LAC,0.0
2023-24,old,SAC,LAL,0.0
2023-24,old,SAC,MEM,0.006198545305744811
2023-24,old,SAC,MIA,0.07401221676630608
2023-24,old,SAC,MIL,0.035234914239865314
2023-24,old,SAC,MIN,0.019692497181340664
2023-24,old,SAC,NOP,0.33291309656239915
2023-24,old,SAC,NYK,0.2655333034382272
2023-24,old,SAC,OKC,0.02638604511709579
2023-24,old,SAC,ORL,0.08184265122911484
2023-24,old,SAC,PHI,0.052726994240129645
2023-24,old,SAC,PHX,0.14210102325771
2023-24,old,SAC,POR,0.09227466558864235
2023-24,old,SAC,SAS,0.04477143750836313
2023-24,old,SAC,TOR,0.07684942751868315
2023-24,old,SAC,UTA,0.06164601325649558
2023-24,old,SAC,WAS,0.06111772660495199
2023-24,old,SAS,ATL,0.06969706098358279
2023-24,old,SAS,BKN,0.0
2023-24,old,SAS,BOS,0.0003620689721970723
2023-24,old,SAS,CHA,0.04869075183684263
2023-24,old,SAS,CHI,0.014377382742185453
2023-24,old,SAS,CLE,0.02802111064349017
2023-24,old,SAS,DAL,0.005899034565806934
2023-24,old,SAS,DEN,0.01436472751304594
2023-24,old,SAS,DET,0.007735795934083525
2023-24,old,SAS,GSW,0.007735759641315498
2023-24,old,SAS,HOU,0.030689421770792258
2023-24,old,SAS,IND,0.0019537964072319173
2023-24,old,SAS,LAC,0.0
2023-24,old,SAS,LAL,0.0
2023-24,old,SAS,MEM,0.005533405277508727
2023-24,old,SAS,MIA,0.03890824033165432
2023-24,old,SAS,MIL,0.016006465766594972
2023-24,old,SAS,MIN,0.0329127366344817
2023-24,old,SAS,NOP,0.10535722039646943
2023-24,old,SAS,NYK,0.11049866467882942
2023-24,old,SAS,OKC,0.12373652952584711
2023-24,old,SAS,ORL,0.043722150928553034
2023-24,old,SAS,PHI,0.02720000063596909
2023-24,old,SAS,PHX,0.05098518311650218
2023-24,old,SAS,POR,0.12587332175032367
2023-24,old,SAS,SAC,0.07841580194077294
2023-24,old,SAS,TOR,0.09723536140938072
2023-24,old,SAS,UTA,0.12003502190251561
2023-24,old,SAS,WAS,0.02411907412143873
2023-24,old,TOR,ATL,0.08846536095182483
2023-24,old,TOR,BKN,0.0
2023-24,old,TOR,BOS,5.926724250332036e-05
2023-24,old,TOR,CHA,0.002481257650151378
2023-24,old,TOR,CHI,0.00981676188789867
2023-24,old,TOR,CLE,0.030668273690659952
2023-24,old,TOR,DAL,0.003556255107430442
2023-24,old,TOR,DEN,0.011584155739935365
2023-24,old,TOR,DET,0.0017267709290544335
2023-24,old,TOR,GSW,0.008966912624496982
2023-24,old,TOR,HOU,0.08637599597420932
2023-24,old,TOR,IND,0.0015129645573167879
2023-24,old,TOR,LAC,0.0
2023-24,old,TOR,LAL,0.0
2023-24,old,TOR,MEM,0.0642634695352272
2023-24,old,TOR,MIA,0.04414323206217165
2023-24,old,TOR,MIL,0.01405495714042978
2023-24,old,TOR,MIN,0.009295357227001401
2023-24,old,TOR,NOP,0.12639412188901555
2023-24,old,TOR,NYK,0.11223139533105324
2023-24,old,TOR,OKC,0.06605738128467205
2023-24,old,TOR,ORL,0.06196558893862725
2023-24,old,TOR,PHI,0.055994314384774334
2023-24,old,TOR,PHX,0.05332677794233012
2023-24,old,TOR,POR,0.06595713648489163
2023-24,old,TOR,SAC,0.07272795501179
2023-24,old,TOR,SAS,0.3962684904447045
2023-24,old,TOR,UTA,0.10022521581466644
2023-24,old,TOR,WAS,0.019609913933873655
2023-24,old,UTA,ATL,0.09604198702511954
2023-24,old,UTA,BKN,0.0
2023-24,old,UTA,BOS,0.0001357758644936157
2023-24,old,UTA,CHA,0.003195109653708439
2023-24,old,UTA,CHI,0.024159878685821735
2023-24,old,UTA,CLE,0.01974434971831023
2023-24,old,UTA,DAL,0.0011185987295354014
2023-24,old,UTA,DEN,0.012906251829367391
2023-24,old,UTA,DET,0.0016367053204393652
2023-24,old,UTA,GSW,0.010582979731195877
2023-24,old,UTA,HOU,0.13942651773331433
2023-24,old,UTA,IND,0.002161024979744624
2023-24,old,UTA,LAC,0.0
2023-24,old,UTA,LAL,0.0
2023-24,old,UTA,MEM,0.020409752645545867
2023-24,old,UTA,MIA,0.025529944580657316
2023-24,old,UTA,MIL,0.0216349676613704
2023-24,old,UTA,MIN,0.018519397216878355
2023-24,old,UTA,NOP,0.08196389413702877
2023-24,old,UTA,NYK,0.13572835562632352
2023-24,old,UTA,OKC,0.8021837293472068
2023-24,old,UTA,ORL,0.03032101849920863
2023-24,old,UTA,PHI,0.023141321015683138
2023-24,old,UTA,PHX,0.03865759714530652
2023-24,old,UTA,POR,0.06072774220791826
2023-24,old,UTA,SAC,0.05339207394146639
2023-24,old,UTA,SAS,0.008814636800863071
2023-24,old,UTA,TOR,0.03385522600690432
2023-24,old,UTA,WAS,0.04951670276079375
2023-24,old,WAS,ATL,0.06167529323752377
2023-24,old,WAS,BKN,0.0
2023-24,old,WAS,BOS,0.0002715517289069449
2023-24,old,WAS,CHA,0.006779597523054333
2023-24,old,WAS,CHI,0.01089422779385505
2023-24,old,WAS,CLE,0.01882233669722314
2023-24,old,WAS,DAL,0.002513734292040095
2023-24,old,WAS,DEN,0.017557702071531633
2023-24,old,WAS,DET,0.022940472200498288
2023-24,old,WAS,GSW,0.008956802081069047
2023-24,old,WAS,HOU,0.030230509122201044
2023-24,old,WAS,IND,0.002447217637803336
2023-24,old,WAS,LAC,0.0
2023-24,old,WAS,LAL,0.0
2023-24,old,WAS,MEM,0.007728179128346805
2023-24,old,WAS,MIA,0.018507666826139114
2023-24,old,WAS,MIL,0.01533081910910149
2023-24,old,WAS,MIN,0.010920554129783343
2023-24,old,WAS,NOP,0.11037639312386284
2023-24,old,WAS,NYK,0.05617089741364139
2023-24,old,WAS,OKC,0.10598733838109685
2023-24,old,WAS,ORL,0.023979405708199793
2023-24,old,WAS,PHI,0.02898070563411925
2023-24,old,WAS,PHX,0.03932866381840572
2023-24,old,WAS,POR,0.03988937211134449
2023-24,old,WAS,SAC,0.044592608000678526
2023-24,old,WAS,SAS,0.05537606909208428
2023-24,old,WAS,TOR,0.05190553887681596
2023-24,old,WAS,UTA,0.06999084064694813
2024-25,new,ATL,BKN,0.12375975355455492
2024-25,new,ATL,BOS,0.00092780172030024
2024-25,new,ATL,CHA,2.484104652937495e-05
2024-25,new,ATL,CHI,0.23183653586612085
2024-25,new,ATL,CLE,0.0
2024-25,new,ATL,DAL,0.007453370351139993
2024-25,new,ATL,DEN,0.0005401924694411596
2024-25,new,ATL,DET,0.03974928344384382
2024-25,new,ATL,GSW,0.007636193854404124
2024-25,new,ATL,HOU,0.005594827571968098
2024-25,new,ATL,IND,0.024140595095874427
2024-25,new,ATL,LAC,0.009137661699205638
2024-25,new,ATL,LAL,0.0
2024-25,new,ATL,MEM,0.009953443576149733
2024-25,new,ATL,MIA,0.32680083967099016
2024-25,new,ATL,MIL,0.0
2024-25,new,ATL,MIN,0.03549145229514171
2024-25,new,ATL,NOP,0.012336862029332504
2024-25,new,ATL,NYK,0.003360819732519428
2024-25,new,ATL,OKC,0.33360393776818487
2024-25,new,ATL,ORL,0.14640323401584507
2024-25,new,ATL,PHI,0.002176385182768845
2024-25,new,ATL,PHX,0.004294181053912075
2024-25,new,ATL,POR,0.0007707282292126207
2024-25,new,ATL,SAC,0.033545728242858376
2024-25,new,ATL,SAS,0.7759551205295969
2024-25,new,ATL,TOR,0.0011748599679207402
2024-25,new,ATL,UTA,0.03518283491175586
2024-25,new,ATL,WAS,0.04353279344547821
2024-25,new,BKN,ATL,0.07219928081993957
2024-25,new,BKN,BOS,0.003003232747332417
2024-25,new,BKN,CHA,0.0005419867096780169
2024-25,new,BKN,CHI,0.0930901676696656
2024-25,new,BKN,CLE,0.0
2024-25,new,BKN,DAL,0.007461859594682877
2024-25,new,BKN,DEN,0.008845674166182892
2024-25,new,BKN,DET,0.004837273898227318
2024-25,new,BKN,GSW,0.05546476874107658
2024-25,new,BKN,HOU,0.011980873015468364
2024-25,new,BKN,IND,0.027543838724287242
2024-25,new,BKN,LAC,0.01357219835267611
2024-25,new,BKN,LAL,0.0
2024-25,new,BKN,MEM,0.06899201723388833
2024-25,new,BKN,MIA,0.07113585583656142
2024-25,new,BKN,MIL,0.0
2024-25,new,BKN,MIN,0.026088886419802917
2024-25,new,BKN,NOP,0.0014266102273588078
2024-25,new,BKN,NYK,0.0020362069401468536
2024-25,new,BKN,OKC,0.14959927275594206
2024-25,new,BKN,ORL,0.06331241001162119
2024-25,new,BKN,PHI,0.02141450692084242
2024-25,new,BKN,PHX,0.013448275902934759
2024-25,new,BKN,POR,0.0031849114984002194
2024-25,new,BKN,SAC,0.030527051389888826
2024-25,new,BKN,SAS,0.08438563097137108
2024-25,new,BKN,TOR,0.007227474325360978
2024-25,new,BKN,UTA,0.24428889780260166
2024-25,new,BKN,WAS,0.020477550297499834
2024-25,new,BOS,ATL,0.05940592529217988
2024-25,new,BOS,BKN,0.04262142683252995
2024-25,new,BOS,CHA,0.0002683198475300868
2024-25,new,BOS,CHI,0.04031238999881993
2024-25,new,BOS,CLE,0.0
2024-25,new,BOS,DAL,0.015816846333014552
2024-25,new,BOS,DEN,0.00012100311307786511
2024-25,new,BOS,DET,0.0008890444739568168
2024-25,new,BOS,GSW,0.011196161949350709
2024-25,new,BOS,HOU,0.025971713522589642
2024-25,new,BOS,IND,0.013465990560497597
2024-25,new,BOS,LAC,0.011525053899867686
2024-25,new,BOS,LAL,0.0
2024-25,new,BOS,MEM,0.0003259196407076349
2024-25,new,BOS,MIA,0.013884985303515644
2024-25,new,BOS,MIL,0.0
2024-25,new,BOS,MIN,0.016333413583809582
2024-25,new,BOS,NOP,0.0022600143777150336
2024-25,new,BOS,NYK,0.0007978481169015264
2024-25,new,BOS,OKC,0.11909005169178782
2024-25,new,BOS,ORL,0.05906240960334636
2024-25,new,BOS,PHI,0.0022411390017040155
2024-25,new,BOS,PHX,0.01572413793170889
2024-25,new,BOS,POR,0.005459058407090635
2024-25,new,BOS,SAC,0.029574586347590043
2024-25,new,BOS,SAS,0.025121099548022482
2024-25,new,BOS,TOR,0.002110490330647904
2024-25,new,BOS,UTA,0.020668314096420577
2024-25,new,BOS,WAS,0.02834695075689305
2024-25,new,CHA,ATL,0.10099316551389385
2024-25,new,CHA,BKN,0.06084543713883864
2024-25,new,CHA,BOS,0.0013480603653969689
2024-25,new,CHA,CHI,0.043686531430279625
2024-25,new,CHA,CLE,0.0
2024-25,new,CHA,DAL,0.04001233220357382
2024-25,new,CHA,DEN,0.008393645546226442
2024-25,new,CHA,DET,0.005057837325405138
2024-25,new,CHA,GSW,0.05604920124352027
2024-25,new,CHA,HOU,0.015165140254679941
2024-25,new,CHA,IND,0.02020952238912287
2024-25,new,CHA,LAC,0.011949892271037117
2024-25,new,CHA,LAL,0.0
2024-25,new,CHA,MEM,0.009026623907765466
2024-25,new,CHA,MIA,0.10567853749449536
2024-25,new,CHA,MIL,0.0
2024-25,new,CHA,MIN,0.01108803806034647
2024-25,new,CHA,NOP,0.04255608429370176
2024-25,new,CHA,NYK,0.010486003886496823
2024-25,new,CHA,OKC,0.17786875864544782
2024-25,new,CHA,ORL,0.09586740323201949
2024-25,new,CHA,PHI,0.0030085279658970676
2024-25,new,CHA,PHX,0.010127155176155138
2024-25,new,CHA,POR,0.007264568838658208
2024-25,new,CHA,SAC,0.11833995961980662
2024-25,new,CHA,SAS,0.06615124163063403
2024-25,new,CHA,TOR,0.0014984487499675105
2024-25,new,CHA,UTA,0.15215695853699845
2024-25,new,CHA,WAS,0.03918342306674684
2024-25,new,CHI,ATL,0.1185052823065564
2024-25,new,CHI,BKN,0.09616220063607628
2024-25,new,CHI,BOS,0.0018318965685842881
2024-25,new,CHI,CHA,0.00010117083355280871
2024-25,new,CHI,CLE,0.0
2024-25,new,CHI,DAL,0.02021283383659042
2024-25,new,CHI,DEN,0.00026309622888471363
2024-25,new,CHI,DET,0.005010416519038511
2024-25,new,CHI,GSW,0.028488671702434028
2024-25,new,CHI,HOU,0.02599649788847932
2024-25,new,CHI,IND,0.016645284702377656
2024-25,new,CHI,LAC,0.014941271585934184
2024-25,new,CHI,LAL,0.0
2024-25,new,CHI,MEM,0.0066654409691661925
2024-25,new,CHI,MIA,0.20255169721304253
2024-25,new,CHI,MIL,0.0
2024-25,new,CHI,MIN,0.012074567873752473
2024-25,new,CHI,NOP,0.001904910310392144
2024-25,new,CHI,NYK,0.00024335907477130792
2024-25,new,CHI,OKC,0.3137495164785272
2024-25,new,CHI,ORL,0.2838945019956297
2024-25,new,CHI,PHI,0.05421423092661482
2024-25,new,CHI,PHX,0.0070592672906109495
2024-25,new,CHI,POR,0.0031330484764281394
2024-25,new,CHI,SAC,0.026936497165875622
2024-25,new,CHI,SAS,0.15575012644264022
2024-25,new,CHI,TOR,0.026193864028167303
2024-25,new,CHI,UTA,0.03610280548997472
2024-25,new,CHI,WAS,0.02632521442226288
2024-25,new,CLE,ATL,0.07009663841494206
2024-25,new,CLE,BKN,0.09987894412462835
2024-25,new,CLE,BOS,0.011336206869093765
2024-25,new,CLE,CHA,5.284368961681671e-05
2024-25,new,CLE,CHI,0.021061306409100373
2024-25,new,CLE,DAL,0.013317691923745812
2024-25,new,CLE,DEN,0.00025064930544838965
2024-25,new,CLE,DET,0.012331115582739022
2024-25,new,CLE,GSW,0.01974037788147629
2024-25,new,CLE,HOU,0.01811233846263976
2024-25,new,CLE,IND,0.028235742127726546
2024-25,new,CLE,LAC,0.07317133617292336
2024-25,new,CLE,LAL,0.0
2024-25,new,CLE,MEM,0.020287065631000585
2024-25,new,CLE,MIA,0.1175325639312232
2024-25,new,CLE,MIL,0.0
2024-25,new,CLE,MIN,0.031735066358182684
2024-25,new,CLE,NOP,0.002414589513612962
2024-25,new,CLE,NYK,0.00011397829738943358
2024-25,new,CLE,OKC,0.20662890208624182
2024-25,new,CLE,ORL,0.07705971168431675
2024-25,new,CLE,PHI,0.010238479911990752
2024-25,new,CLE,PHX,0.09455711217356269
2024-25,new,CLE,POR,0.0039367902089697026
2024-25,new,CLE,SAC,0.018855069858883435
2024-25,new,CLE,SAS,0.04696222002435324
2024-25,new,CLE,TOR,0.003495410580913688
2024-25,new,CLE,UTA,0.05881460205717272
2024-25,new,CLE,WAS,0.058974227696863044
2024-25,new,DAL,ATL,0.206106109530256
2024-25,new,DAL,BKN,0.14314231421394777
2024-25,new,DAL,BOS,7.543103568705508e-05
2024-25,new,DAL,CHA,0.0008202065441887031
2024-25,new,DAL,CHI,0.04135534057278212
2024-25,new,DAL,CLE,0.0
2024-25,new,DAL,DEN,0.0058838663597547075
2024-25,new,DAL,DET,0.001461668586755344
2024-25,new,DAL,GSW,0.10360540597600781
2024-25,new,DAL,HOU,0.07659455857528696
2024-25,new,DAL,IND,0.046413868243466355
2024-25,new,DAL,LAC,0.01149730611082712
2024-25,new,DAL,LAL,0.0
2024-25,new,DAL,MEM,0.06013082956549875
2024-25,new,DAL,MIA,0.13884605365050445
2024-25,new,DAL,MIL,0.0
2024-25,new,DAL,MIN,0.03318755301971044
2024-25,new,DAL,NOP,0.0037094208886148776
2024-25,new,DAL,NYK,0.00024643956366444714
2024-25,new,DAL,OKC,0.25763908754438203
2024-25,new,DAL,ORL,0.07107091641721626
2024-25,new,DAL,PHI,0.00010287195685468129
2024-25,new,DAL,PHX,0.0
2024-25,new,DAL,POR,0.024035516942617456
2024-25,new,DAL,SAC,0.13045923552377062
2024-25,new,DAL,SAS,0.042541802392261234
2024-25,new,DAL,TOR,0.00013730593945889149
2024-25,new,DAL,UTA,0.1000643620735124
2024-25,new,DAL,WAS,0.05527941338162895
2024-25,new,DEN,ATL,0.20745224832053027
2024-25,new,DEN,BKN,0.22417355806999723
2024-25,new,DEN,BOS,0.004467672480366609
2024-25,new,DEN,CHA,0.00019511523604956777
2024-25,new,DEN,CHI,0.00469128697578432
2024-25,new,DEN,CLE,0.0
2024-25,new,DEN,DAL,0.021382329649355637
2024-25,new,DEN,DET,0.001020847902119417
2024-25,new,DEN,GSW,0.0721797684917813
2024-25,new,DEN,HOU,0.0072570043093131455
2024-25,new,DEN,IND,0.06820831477738903
2024-25,new,DEN,LAC,0.017299299682570816
2024-25,new,DEN,LAL,0.0
2024-25,new,DEN,MEM,0.0845388279312214
2024-25,new,DEN,MIA,0.15118098080147416
2024-25,new,DEN,MIL,0.0
2024-25,new,DEN,MIN,0.03205273938710512
2024-25,new,DEN,NOP,0.0058514337461979425
2024-25,new,DEN,NYK,0.00439586588971373
2024-25,new,DEN,OKC,0.1840872008390043
2024-25,new,DEN,ORL,0.998280048340535
2024-25,new,DEN,PHI,5.510997688643641e-05
2024-25,new,DEN,PHX,0.009654094855911259
2024-25,new,DEN,POR,0.0016023179440893226
2024-25,new,DEN,SAC,0.011614439805585507
2024-25,new,DEN,SAS,0.006082995166184916
2024-25,new,DEN,TOR,6.151665445909675e-05
2024-25,new,DEN,UTA,0.2559032671998758
2024-25,new,DEN,WAS,0.06359281836511338
2024-25,new,DET,ATL,0.060422309559520535
2024-25,new,DET,BKN,0.1613367575597325
2024-25,new,DET,BOS,0.0011648706957729982
2024-25,new,DET,CHA,0.0035558848567394203
2024-25,new,DET,CHI,0.010897424332039109
2024-25,new,DET,CLE,0.0
2024-25,new,DET,DAL,0.025488394291058578
2024-25,new,DET,DEN,0.005066059967342378
2024-25,new,DET,GSW,0.045727698705681614
2024-25,new,DET,HOU,0.01337931035431744
2024-25,new,DET,IND,0.05260676888205061
2024-25,new,DET,LAC,0.008962823274677843
2024-25,new,DET,LAL,0.0
2024-25,new,DET,MEM,0.025287130353859724
2024-25,new,DET,MIA,0.127903197835834
2024-25,new,DET,MIL,0.0
2024-25,new,DET,MIN,0.3269497161433361
2024-25,new,DET,NOP,0.005468538979903629
2024-25,new,DET,NYK,0.010606143022164833
2024-25,new,DET,OKC,0.182750373935495
2024-25,new,DET,ORL,0.07541671727475584
2024-25,new,DET,PHI,0.0033120877643538957
2024-25,new,DET,PHX,0.007677801718357307
2024-25,new,DET,POR,0.0059187407543049644
2024-25,new,DET,SAC,0.05995529238270906
2024-25,new,DET,SAS,0.06371775985023596
2024-25,new,DET,TOR,0.0008221712593921466
2024-25,new,DET,UTA,0.14070911568239636
2024-25,new,DET,WAS,0.0513586260237646
2024-25,new,GSW,ATL,0.2120425129162562
2024-25,new,GSW,BKN,0.1561737302834475
2024-25,new,GSW,BOS,0.0016357758735980961
2024-25,new,GSW,CHA,0.0012510861361709528
2024-25,new,GSW,CHI,0.013474162532592628
2024-25,new,GSW,CLE,0.0
2024-25,new,GSW,DAL,0.06533642318363675
2024-25,new,GSW,DEN,0.049796764800083694
2024-25,new,GSW,DET,0.004874119283606353
2024-25,new,GSW,HOU,0.012696120796167162
2024-25,new,GSW,IND,0.08335206936586474
2024-25,new,GSW,LAC,0.010283674680174265
2024-25,new,GSW,LAL,0.0
2024-25,new,GSW,MEM,0.18173127054141014
2024-25,new,GSW,MIA,0.7144521904119886
2024-25,new,GSW,MIL,0.0
2024-25,new,GSW,MIN,0.05644638621220203
2024-25,new,GSW,NOP,0.0032380501627066504
2024-25,new,GSW,NYK,0.0006807893167294017
2024-25,new,GSW,OKC,0.40780817669473945
2024-25,new,GSW,ORL,0.1985062470473547
2024-25,new,GSW,PHI,0.0017518824835371623
2024-25,new,GSW,PHX,0.0
2024-25,new,GSW,POR,0.0034297056561024128
2024-25,new,GSW,SAC,0.13499052578664084
2024-25,new,GSW,SAS,0.024693721370422157
2024-25,new,GSW,TOR,0.0011124717939266452
2024-25,new,GSW,UTA,0.29668832337149387
2024-25,new,GSW,WAS,0.04499589872430863
2024-25,new,HOU,ATL,0.2055667291031803
2024-25,new,HOU,BKN,0.38124335391663344
2024-25,new,HOU,BOS,0.0007155172498736146
2024-25,new,HOU,CHA,0.0013901959434406315
2024-25,new,HOU,CHI,0.020613239096360148
2024-25,new,HOU,CLE,0.0
2024-25,new,HOU,DAL,0.027620103771369007
2024-25,new,HOU,DEN,0.01018431610685968
2024-25,new,HOU,DET,0.005894021851184742
2024-25,new,HOU,GSW,0.05660050384143405
2024-25,new,HOU,IND,0.09920009201006656
2024-25,new,HOU,LAC,0.13523545354345798
2024-25,new,HOU,LAL,0.0
2024-25,new,HOU,MEM,0.06123015001773009
2024-25,new,HOU,MIA,0.16781760960005346
2024-25,new,HOU,MIL,0.0
2024-25,new,HOU,MIN,0.01606650597950773
2024-25,new,HOU,NOP,0.004100823409034689
2024-25,new,HOU,NYK,0.000985758276144444
2024-25,new,HOU,OKC,0.31896854656345414
2024-25,new,HOU,ORL,0.23778364216894263
2024-25,new,HOU,PHI,0.0010598032782882937
2024-25,new,HOU,PHX,0.004848060347541269
2024-25,new,HOU,POR,0.004154079483108481
2024-25,new,HOU,SAC,0.03869969187754675
2024-25,new,HOU,SAS,0.02922078924255851
2024-25,new,HOU,TOR,0.0027655422410815867
2024-25,new,HOU,UTA,0.21241424348879046
2024-25,new,HOU,WAS,0.08060332718343147
2024-25,new,IND,ATL,0.1568753782815042
2024-25,new,IND,BKN,0.20866738735004925
2024-25,new,IND,BOS,0.0012618534805670636
2024-25,new,IND,CHA,0.00010117084869119123
2024-25,new,IND,CHI,0.0046033803902992484
2024-25,new,IND,CLE,0.0
2024-25,new,IND,DAL,0.015390651365618522
2024-25,new,IND,DEN,0.000910809495988611
2024-25,new,IND,DET,0.008096197956670192
2024-25,new,IND,GSW,0.042251497348987845
2024-25,new,IND,HOU,0.012845097045968128
2024-25,new,IND,LAC,0.01139008629519155
2024-25,new,IND,LAL,0.0
2024-25,new,IND,MEM,0.03410023892180168
2024-25,new,IND,MIA,0.11543435293145872
2024-25,new,IND,MIL,0.0
2024-25,new,IND,MIN,0.05017860868030451
2024-25,new,IND,NOP,0.005012873399090149
2024-25,new,IND,NYK,0.0025444885774150265
2024-25,new,IND,OKC,0.2119314069824808
2024-25,new,IND,ORL,0.1921747558222536
2024-25,new,IND,PHI,0.015493830185101806
2024-25,new,IND,PHX,0.0012058189616474353
2024-25,new,IND,POR,0.0025746331822885053
2024-25,new,IND,SAC,0.01413379239641472
2024-25,new,IND,SAS,0.056185871283947114
2024-25,new,IND,TOR,0.0033709278792544485
2024-25,new,IND,UTA,0.2467547807719965
2024-25,new,IND,WAS,0.0955919245258604
2024-25,new,LAC,ATL,0.23844289931582568
2024-25,new,LAC,BKN,0.16758071302380717
2024-25,new,LAC,BOS,0.0029450431311149796
2024-25,new,LAC,CHA,0.0019457322450903277
2024-25,new,LAC,CHI,0.03256842068809141
2024-25,new,LAC,CLE,0.0
2024-25,new,LAC,DAL,0.09452800025209573
2024-25,new,LAC,DEN,0.05208632540851483
2024-25,new,LAC,DET,0.011228198336462684
2024-25,new,LAC,GSW,0.24279473853180852
2024-25,new,LAC,HOU,0.015617726341367634
2024-25,new,LAC,IND,0.08420234490027911
2024-25,new,LAC,LAL,0.0
2024-25,new,LAC,MEM,0.22277912752827123
2024-25,new,LAC,MIA,0.2040453599303993
2024-25,new,LAC,MIL,0.0
2024-25,new,LAC,MIN,0.07097922195366317
2024-25,new,LAC,NOP,0.010039388057917235
2024-25,new,LAC,NYK,0.0039676770830731675
2024-25,new,LAC,OKC,1.553855714430026
2024-25,new,LAC,ORL,0.14975694705372392
2024-25,new,LAC,PHI,0.0051880514985720655
2024-25,new,LAC,PHX,0.011679956908016629
2024-25,new,LAC,POR,0.0050519449347851365
2024-25,new,LAC,SAC,0.20593661191799378
2024-25,new,LAC,SAS,0.03497533173020387
2024-25,new,LAC,TOR,0.0018098123287331714
2024-25,new,LAC,UTA,0.2730141066607959
2024-25,new,LAC,WAS,0.07203143049229987
2024-25,new,LAL,ATL,1.1787934667229427
2024-25,new,LAL,BKN,0.25320815657787876
2024-25,new,LAL,BOS,0.0029536638504440147
2024-25,new,LAL,CHA,0.0009353787547608028
2024-25,new,LAL,CHI,0.025809301700704144
2024-25,new,LAL,CLE,0.0
2024-25,new,LAL,DAL,0.04865406651145037
2024-25,new,LAL,DEN,0.006918447429855501
2024-25,new,LAL,DET,0.00047562231795946614
2024-25,new,LAL,GSW,0.09314329792527577
2024-25,new,LAL,HOU,0.011423222037004147
2024-25,new,LAL,IND,0.1054867097691122
2024-25,new,LAL,LAC,0.007500538828417433
2024-25,new,LAL,MEM,0.05724883420616355
2024-25,new,LAL,MIA,0.11909399060853795
2024-25,new,LAL,MIL,0.0
2024-25,new,LAL,MIN,0.020684103443074548
2024-25,new,LAL,NOP,0.0026953132519300766
2024-25,new,LAL,NYK,0.000224876098780379
2024-25,new,LAL,OKC,0.23457286030836416
2024-25,new,LAL,ORL,0.1984215802187928
2024-25,new,LAL,PHI,0.00040781382771769867
2024-25,new,LAL,PHX,0.0035872844770422265
2024-25,new,LAL,POR,0.0016503321186239115
2024-25,new,LAL,SAC,0.050210141343504364
2024-25,new,LAL,SAS,0.017055530365486026
2024-25,new,LAL,TOR,0.0003389067409995639
2024-25,new,LAL,UTA,0.21533132605597285
2024-25,new,LAL,WAS,0.10975998751019969
2024-25,new,MEM,ATL,0.17870942452644034
2024-25,new,MEM,BKN,0.20111519884954093
2024-25,new,MEM,BOS,0.002520474160796609
2024-25,new,MEM,CHA,0.0006034119492565442
2024-25,new,MEM,CHI,0.020104362737726332
2024-25,new,MEM,CLE,0.0
2024-25,new,MEM,DAL,0.015235763878437017
2024-25,new,MEM,DEN,0.024325429550620448
2024-25,new,MEM,DET,0.015156085302171116
2024-25,new,MEM,GSW,0.11758070110500572
2024-25,new,MEM,HOU,0.018355872695703573
2024-25,new,MEM,IND,0.07823688237047212
2024-25,new,MEM,LAC,0.021727370786669285
2024-25,new,MEM,LAL,0.0
2024-25,new,MEM,MIA,0.1322345172457407
2024-25,new,MEM,MIL,0.0
2024-25,new,MEM,MIN,0.04030259900728384
2024-25,new,MEM,NOP,0.003189936380260782
2024-25,new,MEM,NYK,0.001561810804545028
2024-25,new,MEM,OKC,0.2689686628915017
2024-25,new,MEM,ORL,0.244466322055359
2024-25,new,MEM,PHI,0.0008412743501290167
2024-25,new,MEM,PHX,0.01803556037103308
2024-25,new,MEM,POR,0.004086428004933121
2024-25,new,MEM,SAC,0.03024666313050543
2024-25,new,MEM,SAS,0.061609166490026276
2024-25,new,MEM,TOR,0.000770699413614952
2024-25,new,MEM,UTA,0.2975159101504292
2024-25,new,MEM,WAS,0.5152396694979874
2024-25,new,MIA,ATL,0.04905241275665896
2024-25,new,MIA,BKN,0.1301772129022634
2024-25,new,MIA,BOS,0.0017230603497892878
2024-25,new,MIA,CHA,7.768473556850572e-05
2024-25,new,MIA,CHI,0.07763467081481033
2024-25,new,MIA,CLE,0.0
2024-25,new,MIA,DAL,0.011368223557277941
2024-25,new,MIA,DEN,0.002108393706085767
2024-25,new,MIA,DET,0.061174711679060245
2024-25,new,MIA,GSW,0.03241787532974709
2024-25,new,MIA,HOU,0.0017139009183979243
2024-25,new,MIA,IND,0.024627602762020306
2024-25,new,MIA,LAC,0.010497844918121198
2024-25,new,MIA,LAL,0.0
2024-25,new,MIA,MEM,0.014075109791545023
2024-25,new,MIA,MIL,0.0
2024-25,new,MIA,MIN,0.04448175151959479
2024-25,new,MIA,NOP,0.015219662087473464
2024-25,new,MIA,NYK,0.001675789098913685
2024-25,new,MIA,OKC,0.8329882059432151
2024-25,new,MIA,ORL,0.18273879450413563
2024-25,new,MIA,PHI,0.010141147421674821
2024-25,new,MIA,PHX,0.005608836222311545
2024-25,new,MIA,POR,6.47970109956328e-05
2024-25,new,MIA,SAC,0.04172986824392866
2024-25,new,MIA,SAS,0.3365668201175826
2024-25,new,MIA,TOR,0.007970237843182888
2024-25,new,MIA,UTA,0.10666670384678269
2024-25,new,MIA,WAS,0.04675171521146224
2024-25,new,MIL,ATL,0.11942557407893316
2024-25,new,MIL,BKN,0.614445377050429
2024-25,new,MIL,BOS,0.0009676724360003296
2024-25,new,MIL,CHA,0.0005717960791916369
2024-25,new,MIL,CHI,0.013943450163899257
2024-25,new,MIL,CLE,0.0
2024-25,new,MIL,DAL,0.02946714120779325
2024-25,new,MIL,DEN,0.002430956098840648
2024-25,new,MIL,DET,0.02006417085637245
2024-25,new,MIL,GSW,0.04848449927430701
2024-25,new,MIL,HOU,0.027977909590217988
2024-25,new,MIL,IND,0.061858082981860435
2024-25,new,MIL,LAC,0.019393588405519982
2024-25,new,MIL,LAL,0.0
2024-25,new,MIL,MEM,0.03063128725627111
2024-25,new,MIL,MIA,0.1590196279908964
2024-25,new,MIL,MIN,0.09913601514960114
2024-25,new,MIL,NOP,0.03440773452902563
2024-25,new,MIL,NYK,0.0005883744796176025
2024-25,new,MIL,OKC,0.20749025515482555
2024-25,new,MIL,ORL,0.13033498488408662
2024-25,new,MIL,PHI,0.00040830313516474636
2024-25,new,MIL,PHX,0.009493534475934276
2024-25,new,MIL,POR,0.006577785242693784
2024-25,new,MIL,SAC,0.05620134840957752
2024-25,new,MIL,SAS,0.11771776174084092
2024-25,new,MIL,TOR,0.0008479835839732224
2024-25,new,MIL,UTA,0.17252737575427438
2024-25,new,MIL,WAS,0.06033090890145039
2024-25,new,MIN,ATL,0.11603373202321453
2024-25,new,MIN,BKN,0.1506853233094203
2024-25,new,MIN,BOS,0.0017661637945325468
2024-25,new,MIN,CHA,0.003494008077045223
2024-25,new,MIN,CHI,0.013574538577692448
2024-25,new,MIN,CLE,0.0
2024-25,new,MIN,DAL,0.07644864019425235
2024-25,new,MIN,DEN,0.04053899128918068
2024-25,new,MIN,DET,0.007261904098662664
2024-25,new,MIN,GSW,0.3458247214733976
2024-25,new,MIN,HOU,0.02160802802247605
2024-25,new,MIN,IND,0.08629790638160997
2024-25,new,MIN,LAC,0.030766163998692902
2024-25,new,MIN,LAL,0.0
2024-25,new,MIN,MEM,0.2350540988224816
2024-25,new,MIN,MIA,0.12442290690676945
2024-25,new,MIN,MIL,0.0
2024-25,new,MIN,NOP,0.002419772799652303
2024-25,new,MIN,NYK,0.007809053948771304
2024-25,new,MIN,OKC,0.27590196592941074
2024-25,new,MIN,ORL,0.16386714862740137
2024-25,new,MIN,PHI,0.0002713991401068252
2024-25,new,MIN,PHX,0.008790948339336519
2024-25,new,MIN,POR,0.001113731200493656
2024-25,new,MIN,SAC,0.09268839674911292
2024-25,new,MIN,SAS,0.009610580703972377
2024-25,new,MIN,TOR,0.001129693905919126
2024-25,new,MIN,UTA,1.521652412575742
2024-25,new,MIN,WAS,0.06765242025398413
2024-25,new,NOP,ATL,0.13151561422032626
2024-25,new,NOP,BKN,0.11882874738871042
2024-25,new,NOP,BOS,0.0003609913869375555
2024-25,new,NOP,CHA,0.02051600598190629
2024-25,new,NOP,CHI,0.01728807579668228
2024-25,new,NOP,CLE,0.0
2024-25,new,NOP,DAL,0.007661944149604086
2024-25,new,NOP,DEN,0.0023892937900131207
2024-25,new,NOP,DET,8.120381046770993e-05
2024-25,new,NOP,GSW,0.06900299360657175
2024-25,new,NOP,HOU,0.010078394409060349
2024-25,new,NOP,IND,0.048063084976572
2024-25,new,NOP,LAC,0.02146659495174516
2024-25,new,NOP,LAL,0.0
2024-25,new,NOP,MEM,0.06835253743346238
2024-25,new,NOP,MIA,0.10387542119504259
2024-25,new,NOP,MIL,0.0
2024-25,new,NOP,MIN,0.04113390531719075
2024-25,new,NOP,NYK,0.023202285640702404
2024-25,new,NOP,OKC,0.2509514600845732
2024-25,new,NOP,ORL,0.027474246227226603
2024-25,new,NOP,PHI,0.0009683818649738958
2024-25,new,NOP,PHX,0.0
2024-25,new,NOP,POR,0.0013942047260990936
2024-25,new,NOP,SAC,0.11941046081259195
2024-25,new,NOP,SAS,0.01941602149984055
2024-25,new,NOP,TOR,0.0011420979215905265
2024-25,new,NOP,UTA,0.2561845654584649
2024-25,new,NOP,WAS,0.06472280590505605
2024-25,new,NYK,ATL,0.16940309507130508
2024-25,new,NYK,BKN,0.44056159302447606
2024-25,new,NYK,BOS,0.007890086233342902
2024-25,new,NYK,CHA,0.0001589827507058513
2024-25,new,NYK,CHI,0.024328788308968275
2024-25,new,NYK,CLE,0.0
2024-25,new,NYK,DAL,0.023021528940170323
2024-25,new,NYK,DEN,0.0004840124519050105
2024-25,new,NYK,DET,0.0066296561061163035
2024-25,new,NYK,GSW,0.035525927333863304
2024-25,new,NYK,HOU,0.020716594766488232
2024-25,new,NYK,IND,0.04961480805937629
2024-25,new,NYK,LAC,0.007633890114355319
2024-25,new,NYK,LAL,0.0
2024-25,new,NYK,MEM,0.021279477191826653
2024-25,new,NYK,MIA,0.08822655213369088
2024-25,new,NYK,MIL,0.0
2024-25,new,NYK,MIN,0.01985911133938473
2024-25,new,NYK,NOP,0.0034024863420645166
2024-25,new,NYK,OKC,0.22292791839787
2024-25,new,NYK,ORL,0.1187916367593335
2024-25,new,NYK,PHI,0.007474079423186123
2024-25,new,NYK,PHX,0.008157327588615492
2024-25,new,NYK,POR,0.0037253763099817324
2024-25,new,NYK,SAC,0.07144966627427274
2024-25,new,NYK,SAS,0.055655391943889146
2024-25,new,NYK,TOR,0.0019540418385356724
2024-25,new,NYK,UTA,0.06707877966272463
2024-25,new,NYK,WAS,0.0794013737650061
2024-25,new,OKC,ATL,0.15633150221725875
2024-25,new,OKC,BKN,0.12498287853158313
2024-25,new,OKC,BOS,0.0060366379118781425
2024-25,new,OKC,CHA,0.000776395917035753
2024-25,new,OKC,CHI,0.007776429747355896
2024-25,new,OKC,CLE,0.0
2024-25,new,OKC,DAL,0.03102480370612509
2024-25,new,OKC,DEN,0.0028404669855934053
2024-25,new,OKC,DET,0.0008574216514265072
2024-25,new,OKC,GSW,0.052961986134317574
2024-25,new,OKC,HOU,0.006299030227337738
2024-25,new,OKC,IND,0.05090641705853691
2024-25,new,OKC,LAC,0.0847292565902422
2024-25,new,OKC,LAL,0.0
2024-25,new,OKC,MEM,0.02221224735474575
2024-25,new,OKC,MIA,0.07742592235257185
2024-25,new,OKC,MIL,0.0
2024-25,new,OKC,MIN,0.0445242107661786
2024-25,new,OKC,NOP,0.0053955946622239745
2024-25,new,OKC,NYK,0.001093575604127495
2024-25,new,OKC,ORL,0.10580380563137246
2024-25,new,OKC,PHI,0.0027001398565410237
2024-25,new,OKC,PHX,0.0874202587874606
2024-25,new,OKC,POR,0.0020667909077251513
2024-25,new,OKC,SAC,0.02471875197486016
2024-25,new,OKC,SAS,0.03356189547025427
2024-25,new,OKC,TOR,0.0008045125286768998
2024-25,new,OKC,UTA,0.16589708575497406
2024-25,new,OKC,WAS,0.07951187365919019
2024-25,new,ORL,ATL,0.09791805767293085
2024-25,new,ORL,BKN,0.09541978765933942
2024-25,new,ORL,BOS,0.0012090517257757742
2024-25,new,ORL,CHA,0.0010193866333112719
2024-25,new,ORL,CHI,0.25596098658466504
2024-25,new,ORL,CLE,0.0
2024-25,new,ORL,DAL,0.014728971244261754
2024-25,new,ORL,DEN,0.0005256747620246486
2024-25,new,ORL,DET,0.04077280570225726
2024-25,new,ORL,GSW,0.029060766857474257
2024-25,new,ORL,HOU,0.012835129414612812
2024-25,new,ORL,IND,0.026781003973276176
2024-25,new,ORL,LAC,0.030664062539701636
2024-25,new,ORL,LAL,0.0
2024-25,new,ORL,MEM,0.029086338255976507
2024-25,new,ORL,MIA,0.459898035264258
2024-25,new,ORL,MIL,0.0
2024-25,new,ORL,MIN,0.023964348150229534
2024-25,new,ORL,NOP,0.008410855982655417
2024-25,new,ORL,NYK,0.004599178573277234
2024-25,new,ORL,OKC,0.3474112354418376
2024-25,new,ORL,PHI,0.00974366825229257
2024-25,new,ORL,PHX,0.010321120683842437
2024-25,new,ORL,POR,0.0021550745966783906
2024-25,new,ORL,SAC,0.03186811147254958
2024-25,new,ORL,SAS,0.26306183162753183
2024-25,new,ORL,TOR,0.00676170632415544
2024-25,new,ORL,UTA,0.1098925013793783
2024-25,new,ORL,WAS,0.04212457762796069
2024-25,new,PHI,ATL,0.03612121537448039
2024-25,new,PHI,BKN,0.09117746972147264
2024-25,new,PHI,BOS,0.00033405172887483026
2024-25,new,PHI,CHA,0.0022935078351800837
2024-25,new,PHI,CHI,0.09790017264622958
2024-25,new,PHI,CLE,0.0
2024-25,new,PHI,DAL,0.01769175814547271
2024-25,new,PHI,DEN,0.0029727016581053817
2024-25,new,PHI,DET,0.0053987835626597615
2024-25,new,PHI,GSW,0.025708232251999863
2024-25,new,PHI,HOU,0.005791487108257697
2024-25,new,PHI,IND,0.01966267618717995
2024-25,new,PHI,LAC,0.01470447203216689
2024-25,new,PHI,LAL,0.0
2024-25,new,PHI,MEM,0.023696312171598406
2024-25,new,PHI,MIA,0.04764248300122711
2024-25,new,PHI,MIL,0.0
2024-25,new,PHI,MIN,0.014055055569468972
2024-25,new,PHI,NOP,0.0021496761512794214
2024-25,new,PHI,NYK,0.002652305873464151
2024-25,new,PHI,OKC,0.1483730375831351
2024-25,new,PHI,ORL,0.05106172880054567
2024-25,new,PHI,PHX,0.007084051688635271
2024-25,new,PHI,POR,0.0014712175670991527
2024-25,new,PHI,SAC,0.0334999907578544
2024-25,new,PHI,SAS,0.11657423953195124
2024-25,new,PHI,TOR,0.005415450477182181
2024-25,new,PHI,UTA,0.16783019027996304
2024-25,new,PHI,WAS,0.01906641189083844
2024-25,new,PHX,ATL,0.16879960313444048
2024-25,new,PHX,BKN,0.14387096688831194
2024-25,new,PHX,BOS,0.0007467672535507332
2024-25,new,PHX,CHA,0.0013513535563771295
2024-25,new,PHX,CHI,0.010623866543110285
2024-25,new,PHX,CLE,0.0
2024-25,new,PHX,DAL,0.10146669863085989
2024-25,new,PHX,DEN,0.006809193571303883
2024-25,new,PHX,DET,0.00030161415303531425
2024-25,new,PHX,GSW,0.07310291367913208
2024-25,new,PHX,HOU,0.1748224672923619
2024-25,new,PHX,IND,0.03466056059331408
2024-25,new,PHX,LAC,0.01737015098811063
2024-25,new,PHX,LAL,0.0
2024-25,new,PHX,MEM,0.03330943304045894
2024-25,new,PHX,MIA,0.09643849247203722
2024-25,new,PHX,MIL,0.0
2024-25,new,PHX,MIN,0.015106439404129373
2024-25,new,PHX,NOP,0.001872003631958156
2024-25,new,PHX,NYK,0.000231037093808168
2024-25,new,PHX,OKC,0.1509108056419745
2024-25,new,PHX,ORL,0.06955108238798857
2024-25,new,PHX,PHI,0.01060804827894854
2024-25,new,PHX,POR,0.019997004072866736
2024-25,new,PHX,SAC,0.15732837249986303
2024-25,new,PHX,SAS,0.008791986898243577
2024-25,new,PHX,TOR,0.0017067793954052396
2024-25,new,PHX,UTA,0.1925597804229612
2024-25,new,PHX,WAS,0.06279840374065128
2024-25,new,POR,ATL,0.13705674089547976
2024-25,new,POR,BKN,0.10080976797820454
2024-25,new,POR,BOS,0.00163577587375867
2024-25,new,POR,CHA,0.0011052012428981162
2024-25,new,POR,CHI,0.04649393233538486
2024-25,new,POR,CLE,0.0
2024-25,new,POR,DAL,0.022040704592734703
2024-25,new,POR,DEN,0.008361144030458146
2024-25,new,POR,DET,0.0003596168747728746
2024-25,new,POR,GSW,0.011315041064304704
2024-25,new,POR,HOU,0.01711530163862084
2024-25,new,POR,IND,0.024938274575492716
2024-25,new,POR,LAC,0.013672413795379569
2024-25,new,POR,LAL,0.0
2024-25,new,POR,MEM,0.04847611958864599
2024-25,new,POR,MIA,0.10914410736975133
2024-25,new,POR,MIL,0.0
2024-25,new,POR,MIN,0.01848136226918572
2024-25,new,POR,NOP,0.005737189322447285
2024-25,new,POR,NYK,0.010140988385818641
2024-25,new,POR,OKC,0.11881915148922541
2024-25,new,POR,ORL,0.0938270494040726
2024-25,new,POR,PHI,0.0030861586176941834
2024-25,new,POR,PHX,0.012734913848790115
2024-25,new,POR,SAC,0.05230697953648884
2024-25,new,POR,SAS,0.02940504992374996
2024-25,new,POR,TOR,0.0016163014834129517
2024-25,new,POR,UTA,0.05315625762040735
2024-25,new,POR,WAS,0.04440046947433357
2024-25,new,SAC,ATL,0.33297988193265954
2024-25,new,SAC,BKN,0.11314899998126403
2024-25,new,SAC,BOS,0.0007618534618763831
2024-25,new,SAC,CHA,0.00040378016816593415
2024-25,new,SAC,CHI,0.044846719351461894
2024-25,new,SAC,CLE,0.0
2024-25,new,SAC,DAL,0.05516112395581848
2024-25,new,SAC,DEN,0.00788041771714955
2024-25,new,SAC,DET,9.473167076568393e-05
2024-25,new,SAC,GSW,0.0863139436936171
2024-25,new,SAC,HOU,0.04720177819631224
2024-25,new,SAC,IND,0.031199353434916196
2024-25,new,SAC,LAC,0.018835668242998132
2024-25,new,SAC,LAL,0.0
2024-25,new,SAC,MEM,0.043571073583635274
2024-25,new,SAC,MIA,0.11100780977950823
2024-25,new,SAC,MIL,0.0
2024-25,new,SAC,MIN,0.02008262309152432
2024-25,new,SAC,NOP,0.004920798245776212
2024-25,new,SAC,NYK,0.00025568104815741616
2024-25,new,SAC,OKC,0.27811695040724016
2024-25,new,SAC,ORL,0.15213183842260433
2024-25,new,SAC,PHI,0.0012160934735120149
2024-25,new,SAC,PHX,0.010098060355040019
2024-25,new,SAC,POR,0.02632487741571766
2024-25,new,SAC,SAS,0.009803557059411903
2024-25,new,SAC,TOR,0.001222076193822933
2024-25,new,SAC,UTA,0.1166588878651858
2024-25,new,SAC,WAS,0.05613348887991065
2024-25,new,SAS,ATL,0.11620829735939218
2024-25,new,SAS,BKN,0.09267291946532608
2024-25,new,SAS,BOS,0.0019558189756333313
2024-25,new,SAS,CHA,0.002772713895003798
2024-25,new,SAS,CHI,0.029474832819396703
2024-25,new,SAS,CLE,0.0
2024-25,new,SAS,DAL,0.015660045578603916
2024-25,new,SAS,DEN,0.011944218180493595
2024-25,new,SAS,DET,1.1600544347512088e-05
2024-25,new,SAS,GSW,0.04785962124269561
2024-25,new,SAS,HOU,0.023176993448146745
2024-25,new,SAS,IND,0.03863796655765327
2024-25,new,SAS,LAC,0.015383890177853854
2024-25,new,SAS,LAL,0.0
2024-25,new,SAS,MEM,0.07047993038030903
2024-25,new,SAS,MIA,0.1640195906790462
2024-25,new,SAS,MIL,0.0
2024-25,new,SAS,MIN,0.02871409114351866
2024-25,new,SAS,NOP,0.002946170904507543
2024-25,new,SAS,NYK,0.003074333681815288
2024-25,new,SAS,OKC,0.1999326758331631
2024-25,new,SAS,ORL,0.09347071510453918
2024-25,new,SAS,PHI,0.0021185632483900862
2024-25,new,SAS,PHX,0.00836530173229503
2024-25,new,SAS,POR,0.005914103242075728
2024-25,new,SAS,SAC,0.03940241812405996
2024-25,new,SAS,TOR,0.0005993163028904682
2024-25,new,SAS,UTA,0.14939466159472617
2024-25,new,SAS,WAS,0.04472640432260552
2024-25,new,TOR,ATL,0.01122599928989075
2024-25,new,TOR,BKN,0.025419810323936493
2024-25,new,TOR,BOS,3.2327586688615144e-06
2024-25,new,TOR,CHA,0.0005226018751304294
2024-25,new,TOR,CHI,0.02323000106392871
2024-25,new,TOR,CLE,0.0
2024-25,new,TOR,DAL,0.00852599358620681
2024-25,new,TOR,DEN,0.00020311236828876708
2024-25,new,TOR,DET,0.015727091451776844
2024-25,new,TOR,GSW,0.004410473505954072
2024-25,new,TOR,HOU,0.019422144438079877
2024-25,new,TOR,IND,0.0061375868379325085
2024-25,new,TOR,LAC,0.0013782327702461649
2024-25,new,TOR,LAL,0.0
2024-25,new,TOR,MEM,0.005474049535849437
2024-25,new,TOR,MIA,0.0831399093824986
2024-25,new,TOR,MIL,0.0
2024-25,new,TOR,MIN,0.02249545241014606
2024-25,new,TOR,NOP,0.007939217800243691
2024-25,new,TOR,NYK,0.007205277033981162
2024-25,new,TOR,OKC,0.09355125894700328
2024-25,new,TOR,ORL,0.04046898700220815
2024-25,new,TOR,PHI,0.02139717628891017
2024-25,new,TOR,PHX,0.0005765086208502279
2024-25,new,TOR,POR,0.001871623727116959
2024-25,new,TOR,SAC,0.023101382912473753
2024-25,new,TOR,SAS,0.04213130023402159
2024-25,new,TOR,UTA,0.025078459875288086
2024-25,new,TOR,WAS,0.006750170289689212
2024-25,new,UTA,ATL,0.06343211861754816
2024-25,new,UTA,BKN,0.09514662699319924
2024-25,new,UTA,BOS,0.0019288793032796224
2024-25,new,UTA,CHA,0.004311052560303544
2024-25,new,UTA,CHI,0.0403055175985733
2024-25,new,UTA,CLE,0.0
2024-25,new,UTA,DAL,0.02027539699356017
2024-25,new,UTA,DEN,0.016139915592008537
2024-25,new,UTA,DET,3.4801633042536266e-05
2024-25,new,UTA,GSW,0.08965079895579131
2024-25,new,UTA,HOU,0.004809536607976167
2024-25,new,UTA,IND,0.035518602626215055
2024-25,new,UTA,LAC,0.025354256788529622
2024-25,new,UTA,LAL,0.0
2024-25,new,UTA,MEM,0.02966146808746371
2024-25,new,UTA,MIA,0.08055047646192975
2024-25,new,UTA,MIL,0.0
2024-25,new,UTA,MIN,0.022082224363041643
2024-25,new,UTA,NOP,0.0190630937350554
2024-25,new,UTA,NYK,0.01191535319484658
2024-25,new,UTA,OKC,0.2048471361944851
2024-25,new,UTA,ORL,0.10755657400444243
2024-25,new,UTA,PHI,0.004214076155092636
2024-25,new,UTA,PHX,0.007385775866227802
2024-25,new,UTA,POR,0.0019178595879202473
2024-25,new,UTA,SAC,0.02022353929279536
2024-25,new,UTA,SAS,0.05133449336365858
2024-25,new,UTA,TOR,0.002817398961283916
2024-25,new,UTA,WAS,0.07560356763406947
2024-25,new,WAS,ATL,0.03620847605148998
2024-25,new,WAS,BKN,0.07973835688243588
2024-25,new,WAS,BOS,7.866379435591659e-05
2024-25,new,WAS,CHA,0.0019204395785314338
2024-25,new,WAS,CHI,0.050520418685904095
2024-25,new,WAS,CLE,0.0
2024-25,new,WAS,DAL,0.004564910572884055
2024-25,new,WAS,DEN,0.0
2024-25,new,WAS,DET,0.017814647222152542
2024-25,new,WAS,GSW,0.0005695420995282895
2024-25,new,WAS,HOU,0.006311691869592199
2024-25,new,WAS,IND,0.015149876595445172
2024-25,new,WAS,LAC,0.0005886314726627333
2024-25,new,WAS,LAL,0.0
2024-25,new,WAS,MEM,0.00024033657544852513
2024-25,new,WAS,MIA,0.13145097899196492
2024-25,new,WAS,MIL,0.0
2024-25,new,WAS,MIN,0.04164990076494647
2024-25,new,WAS,NOP,0.015693524195679976
2024-25,new,WAS,NYK,0.04492593400060913
2024-25,new,WAS,OKC,0.14146261119005288
2024-25,new,WAS,ORL,0.058767134754284446
2024-25,new,WAS,PHI,0.008763396046806836
2024-25,new,WAS,PHX,1.293103467544605e-05
2024-25,new,WAS,POR,0.0010777402933753956
2024-25,new,WAS,SAC,0.010204662179656161
2024-25,new,WAS,SAS,0.06515088112561362
2024-25,new,WAS,TOR,0.001334812357997399
2024-25,new,WAS,UTA,0.029746964269451347
2024-25,old,ATL,BKN,0.13167226527843048
2024-25,old,ATL,BOS,0.00092780172030024
2024-25,old,ATL,CHA,0.0002898342432991368
2024-25,old,ATL,CHI,0.11089951622197165
2024-25,old,ATL,CLE,0.0
2024-25,old,ATL,DAL,0.045374001164494415
2024-25,old,ATL,DEN,3.023074755834704e-05
2024-25,old,ATL,DET,0.01521777224434543
2024-25,old,ATL,GSW,0.001279309895890517
2024-25,old,ATL,HOU,0.03434428966002025
2024-25,old,ATL,IND,0.025570473504428967
2024-25,old,ATL,LAC,0.009523168166352694
2024-25,old,ATL,LAL,0.0
2024-25,old,ATL,MEM,0.005235037455007956
2024-25,old,ATL,MIA,0.2890607395320309
2024-25,old,ATL,MIL,0.0
2024-25,old,ATL,MIN,0.029648925275802363
2024-25,old,ATL,NOP,0.004273675685157553
2024-25,old,ATL,NYK,0.0
2024-25,old,ATL,OKC,0.4077976168214934
2024-25,old,ATL,ORL,0.0863349806046807
2024-25,old,ATL,PHI,0.03173944644664255
2024-25,old,ATL,PHX,0.004294181053912075
2024-25,old,ATL,POR,0.025348083575118172
2024-25,old,ATL,SAC,0.21164355260738602
2024-25,old,ATL,SAS,0.6584411048856503
2024-25,old,ATL,TOR,0.009682924777909165
2024-25,old,ATL,UTA,0.03195563275250007
2024-25,old,ATL,WAS,0.04413437972019016
2024-25,old,BKN,ATL,0.10337153580478009
2024-25,old,BKN,BOS,0.003003232747332417
2024-25,old,BKN,CHA,0.002295748093771523
2024-25,old,BKN,CHI,0.05605233624754301
2024-25,old,BKN,CLE,0.0
2024-25,old,BKN,DAL,0.015023899159494977
2024-25,old,BKN,DEN,0.0004720172168110093
2024-25,old,BKN,DET,0.002330178025271017
2024-25,old,BKN,GSW,0.001617252486243006
2024-25,old,BKN,HOU,0.02826643330143397
2024-25,old,BKN,IND,0.02862869408246156
2024-25,old,BKN,LAC,0.013878771649023262
2024-25,old,BKN,LAL,0.0
2024-25,old,BKN,MEM,0.037893915508655784
2024-25,old,BKN,MIA,0.13833246730475088
2024-25,old,BKN,MIL,0.0
2024-25,old,BKN,MIN,0.03438882493386071
2024-25,old,BKN,NOP,0.011535827307646986
2024-25,old,BKN,NYK,0.0
2024-25,old,BKN,OKC,0.4307071053974491
2024-25,old,BKN,ORL,0.0597268885748954
2024-25,old,BKN,PHI,0.4560438994483311
2024-25,old,BKN,PHX,0.013448275902934759
2024-25,old,BKN,POR,0.0217045450085383
2024-25,old,BKN,SAC,0.07767703147312091
2024-25,old,BKN,SAS,0.08691462297696202
2024-25,old,BKN,TOR,0.04141930777854046
2024-25,old,BKN,UTA,0.16178869330936424
2024-25,old,BKN,WAS,0.019147383286667707
2024-25,old,BOS,ATL,0.1826968313630842
2024-25,old,BOS,BKN,0.04888555273335827
2024-25,old,BOS,CHA,0.0030558042215782753
2024-25,old,BOS,CHI,0.05843795926525865
2024-25,old,BOS,CLE,0.0
2024-25,old,BOS,DAL,0.03446638876673332
2024-25,old,BOS,DEN,9.25846972434082e-06
2024-25,old,BOS,DET,0.0009558036464286483
2024-25,old,BOS,GSW,0.0008714344097720101
2024-25,old,BOS,HOU,0.09903744646741465
2024-25,old,BOS,IND,0.014064152757137226
2024-25,old,BOS,LAC,0.011440732796527926
2024-25,old,BOS,LAL,0.0
2024-25,old,BOS,MEM,0.0005613130806662798
2024-25,old,BOS,MIA,0.03270253819412211
2024-25,old,BOS,MIL,0.0
2024-25,old,BOS,MIN,0.02303757896105303
2024-25,old,BOS,NOP,0.0030036412912214845
2024-25,old,BOS,NYK,0.0
2024-25,old,BOS,OKC,0.21903476986008666
2024-25,old,BOS,ORL,0.05842126866576637
2024-25,old,BOS,PHI,0.06172702687659533
2024-25,old,BOS,PHX,0.01572413793170889
2024-25,old,BOS,POR,0.035506039003524045
2024-25,old,BOS,SAC,0.13163625940801696
2024-25,old,BOS,SAS,0.04304623696087586
2024-25,old,BOS,TOR,0.011755785827516942
2024-25,old,BOS,UTA,0.014893288735175416
2024-25,old,BOS,WAS,0.03417706610948745
2024-25,old,CHA,ATL,0.27684397213814615
2024-25,old,CHA,BKN,0.06270695805449097
2024-25,old,CHA,BOS,0.0013480603653969689
2024-25,old,CHA,CHI,0.03733144415134743
2024-25,old,CHA,CLE,0.0
2024-25,old,CHA,DAL,0.03872090048018348
2024-25,old,CHA,DEN,0.0004831998601585424
2024-25,old,CHA,DET,0.0029186527076203858
2024-25,old,CHA,GSW,0.0033289633601974065
2024-25,old,CHA,HOU,0.036144666381938986
2024-25,old,CHA,IND,0.023282752712237797
2024-25,old,CHA,LAC,0.013566541000999964
2024-25,old,CHA,LAL,0.0
2024-25,old,CHA,MEM,0.005038480323599152
2024-25,old,CHA,MIA,0.16262251435421998
2024-25,old,CHA,MIL,0.0
2024-25,old,CHA,MIN,0.015300981669477024
2024-25,old,CHA,NOP,0.02865644311186064
2024-25,old,CHA,NYK,0.0
2024-25,old,CHA,OKC,0.1906391208668434
2024-25,old,CHA,ORL,0.0781671916034479
2024-25,old,CHA,PHI,0.04327282624292249
2024-25,old,CHA,PHX,0.010127155176155138
2024-25,old,CHA,POR,0.030788678170480435
2024-25,old,CHA,SAC,0.06412490976940513
2024-25,old,CHA,SAS,0.07367130935504193
2024-25,old,CHA,TOR,0.007229026396671477
2024-25,old,CHA,UTA,0.078241962438135
2024-25,old,CHA,WAS,0.04911285400520747
2024-25,old,CHI,ATL,0.2500538804256189
2024-25,old,CHI,BKN,0.1001805806260883
2024-25,old,CHI,BOS,0.0018318965685842881
2024-25,old,CHI,CHA,0.0014909672165298068
2024-25,old,CHI,CLE,0.0
2024-25,old,CHI,DAL,0.04924428263201272
2024-25,old,CHI,DEN,1.958439747795642e-05
2024-25,old,CHI,DET,0.002910696815323218
2024-25,old,CHI,GSW,0.002411717825230659
2024-25,old,CHI,HOU,0.11192672532497398
2024-25,old,CHI,IND,0.017397810345424584
2024-25,old,CHI,LAC,0.014855334194987238
2024-25,old,CHI,LAL,0.0
2024-25,old,CHI,MEM,0.0040231556089140395
2024-25,old,CHI,MIA,0.27109958135775214
2024-25,old,CHI,MIL,0.0
2024-25,old,CHI,MIN,0.013114533440365202
2024-25,old,CHI,NOP,0.0029956705088245556
2024-25,old,CHI,NYK,0.0
2024-25,old,CHI,OKC,0.402983778191659
2024-25,old,CHI,ORL,0.15475095529443936
2024-25,old,CHI,PHI,0.09703156013354512
2024-25,old,CHI,PHX,0.0070592672906109495
2024-25,old,CHI,POR,0.06296045571086695
2024-25,old,CHI,SAC,0.2059521697998003
2024-25,old,CHI,SAS,0.12359704533998127
2024-25,old,CHI,TOR,0.03799234717581933
2024-25,old,CHI,UTA,0.029375865270413283
2024-25,old,CHI,WAS,0.028160116837431765
2024-25,old,CLE,ATL,0.22944885262697112
2024-25,old,CLE,BKN,0.1049208027155798
2024-25,old,CLE,BOS,0.011336206869093765
2024-25,old,CLE,CHA,0.0006157204921588129
2024-25,old,CLE,CHI,0.03399510843709301
2024-25,old,CLE,DAL,0.03588413474576717
2024-25,old,CLE,DEN,1.2857547060036473e-05
2024-25,old,CLE,DET,0.004545462035030602
2024-25,old,CLE,GSW,0.0013155600948344317
2024-25,old,CLE,HOU,0.05794369657586153
2024-25,old,CLE,IND,0.030196492637039718
2024-25,old,CLE,LAC,0.07279579751661193
2024-25,old,CLE,LAL,0.0
2024-25,old,CLE,MEM,0.011244719294222381
2024-25,old,CLE,MIA,0.1339443758049685
2024-25,old,CLE,MIL,0.0
2024-25,old,CLE,MIN,0.03772484015567707
2024-25,old,CLE,NOP,0.0014470381903697602
2024-25,old,CLE,NYK,0.0
2024-25,old,CLE,OKC,0.2009765902185527
2024-25,old,CLE,ORL,0.07693143046013963
2024-25,old,CLE,PHI,0.04076895929948272
2024-25,old,CLE,PHX,0.09455711217356269
2024-25,old,CLE,POR,0.027439612129488672
2024-25,old,CLE,SAC,0.0591485496027937
2024-25,old,CLE,SAS,0.05502666181497077
2024-25,old,CLE,TOR,0.010840604650935335
2024-25,old,CLE,UTA,0.05164125906235508
2024-25,old,CLE,WAS,0.06307488399087376
2024-25,old,DAL,ATL,0.351213418500963
2024-25,old,DAL,BKN,0.15252671219696012
2024-25,old,DAL,BOS,7.543103568705508e-05
2024-25,old,DAL,CHA,0.0012494279174330868
2024-25,old,DAL,CHI,0.05615286571824735
2024-25,old,DAL,CLE,0.0
2024-25,old,DAL,DEN,0.0003566673926576863
2024-25,old,DAL,DET,0.003424694994447594
2024-25,old,DAL,GSW,0.005841276960026936
2024-25,old,DAL,HOU,0.08880953578904659
2024-25,old,DAL,IND,0.04871816095212508
2024-25,old,DAL,LAC,0.010864493718113878
2024-25,old,DAL,LAL,0.0
2024-25,old,DAL,MEM,0.03174285685212924
2024-25,old,DAL,MIA,0.1297395732717677
2024-25,old,DAL,MIL,0.0
2024-25,old,DAL,MIN,0.04095322119083207
2024-25,old,DAL,NOP,0.002875313520788954
2024-25,old,DAL,NYK,0.0
2024-25,old,DAL,OKC,0.2871085186014809
2024-25,old,DAL,ORL,0.04929927434565939
2024-25,old,DAL,PHI,0.061635704095879484
2024-25,old,DAL,PHX,0.0
2024-25,old,DAL,POR,0.045304256104125966
2024-25,old,DAL,SAC,0.3871299739754433
2024-25,old,DAL,SAS,0.07498303075656726
2024-25,old,DAL,TOR,0.009394683319688327
2024-25,old,DAL,UTA,0.05692919491457928
2024-25,old,DAL,WAS,0.06523066644468686
2024-25,old,DEN,ATL,0.205229488390123
2024-25,old,DEN,BKN,0.23589599006126316
2024-25,old,DEN,BOS,0.004467672480366609
2024-25,old,DEN,CHA,0.0014676208371899148
2024-25,old,DEN,CHI,0.012749158120319551
2024-25,old,DEN,CLE,0.0
2024-25,old,DEN,DAL,0.030247086195216055
2024-25,old,DEN,DET,0.00044369225508171474
2024-25,old,DEN,GSW,0.0022090118703267554
2024-25,old,DEN,HOU,0.03100269392331469
2024-25,old,DEN,IND,0.07083442870788043
2024-25,old,DEN,LAC,0.01698275872626631
2024-25,old,DEN,LAL,0.0
2024-25,old,DEN,MEM,0.043482687014266594
2024-25,old,DEN,MIA,0.18338918022548611
2024-25,old,DEN,MIL,0.0
2024-25,old,DEN,MIN,0.03953161003596786
2024-25,old,DEN,NOP,0.0024858952323811353
2024-25,old,DEN,NYK,0.0
2024-25,old,DEN,OKC,0.10220398673949266
2024-25,old,DEN,ORL,0.9174949110363555
2024-25,old,DEN,PHI,0.000753291167502376
2024-25,old,DEN,PHX,0.009654094855911259
2024-25,old,DEN,POR,0.014187625634742324
2024-25,old,DEN,SAC,0.01685985860067813
2024-25,old,DEN,SAS,0.0178167420676091
2024-25,old,DEN,TOR,0.003600691163452506
2024-25,old,DEN,UTA,0.16382810161159564
2024-25,old,DEN,WAS,0.0669339679552527
2024-25,old,DET,ATL,0.1272238597376731
2024-25,old,DET,BKN,0.1726865535578261
2024-25,old,DET,BOS,0.0011648706957729982
2024-25,old,DET,CHA,0.005622363604414542
2024-25,old,DET,CHI,0.025789758283180683
2024-25,old,DET,CLE,0.0
2024-25,old,DET,DAL,0.03582402126927893
2024-25,old,DET,DEN,0.00029133103398626533
2024-25,old,DET,GSW,0.004360706482920867
2024-25,old,DET,HOU,0.0289084053904035
2024-25,old,DET,IND,0.054518158628408815
2024-25,old,DET,LAC,0.00955145475436564
2024-25,old,DET,LAL,0.0
2024-25,old,DET,MEM,0.014424555821237191
2024-25,old,DET,MIA,0.1350263588376222
2024-25,old,DET,MIL,0.0
2024-25,old,DET,MIN,0.41800127607054327
2024-25,old,DET,NOP,0.00244096216229683
2024-25,old,DET,NYK,0.0
2024-25,old,DET,OKC,0.165332709566586
2024-25,old,DET,ORL,0.06320165216373684
2024-25,old,DET,PHI,0.024364555238824484
2024-25,old,DET,PHX,0.007677801718357307
2024-25,old,DET,POR,0.025574264963004693
2024-25,old,DET,SAC,0.035237690499657026
2024-25,old,DET,SAS,0.054586886830605835
2024-25,old,DET,TOR,0.0050159850740529215
2024-25,old,DET,UTA,0.11147416610719624
2024-25,old,DET,WAS,0.07165434738204006
2024-25,old,GSW,ATL,0.18005957625103064
2024-25,old,GSW,BKN,0.1588549646432707
2024-25,old,GSW,BOS,0.0016357758735980961
2024-25,old,GSW,CHA,0.001182753971226048
2024-25,old,GSW,CHI,0.029672347429041287
2024-25,old,GSW,CLE,0.0
2024-25,old,GSW,DAL,0.04372936253848388
2024-25,old,GSW,DEN,0.00261664954215769
2024-25,old,GSW,DET,0.0034699532829756056
2024-25,old,GSW,HOU,0.061916217890262984
2024-25,old,GSW,IND,0.09094767720608492
2024-25,old,GSW,LAC,0.010055495850272189
2024-25,old,GSW,LAL,0.0
2024-25,old,GSW,MEM,0.0947809639881996
2024-25,old,GSW,MIA,1.1987141256432334
2024-25,old,GSW,MIL,0.0
2024-25,old,GSW,MIN,0.07296255856610857
2024-25,old,GSW,NOP,0.0031708499057235377
2024-25,old,GSW,NYK,0.0
2024-25,old,GSW,OKC,0.30170794849970467
2024-25,old,GSW,ORL,0.1571972719105725
2024-25,old,GSW,PHI,0.04433966157353005
2024-25,old,GSW,PHX,0.0
2024-25,old,GSW,POR,0.028506606705966338
2024-25,old,GSW,SAC,0.032592843154882915
2024-25,old,GSW,SAS,0.04320654061077752
2024-25,old,GSW,TOR,0.008803027286627062
2024-25,old,GSW,UTA,0.1554670602646051
2024-25,old,GSW,WAS,0.059888840970990044
2024-25,old,HOU,ATL,0.26191810569109847
2024-25,old,HOU,BKN,0.30704659110581456
2024-25,old,HOU,BOS,0.0007155172498736146
2024-25,old,HOU,CHA,0.0025299103783188097
2024-25,old,HOU,CHI,0.031819998432490254
2024-25,old,HOU,CLE,0.0
2024-25,old,HOU,DAL,0.027616647534837675
2024-25,old,HOU,DEN,0.0005677960963188119
2024-25,old,HOU,DET,0.002976250518059607
2024-25,old,HOU,GSW,0.002258964267461749
2024-25,old,HOU,IND,0.1012660213798479
2024-25,old,HOU,LAC,0.1652955304545447
2024-25,old,HOU,LAL,0.0
2024-25,old,HOU,MEM,0.029925252866377094
2024-25,old,HOU,MIA,0.17725886901868693
2024-25,old,HOU,MIL,0.0
2024-25,old,HOU,MIN,0.017491512965671207
2024-25,old,HOU,NOP,0.0018747520309084391
2024-25,old,HOU,NYK,0.0
2024-25,old,HOU,OKC,0.2681953329810199
2024-25,old,HOU,ORL,0.2003476564948693
2024-25,old,HOU,PHI,0.016981551858532916
2024-25,old,HOU,PHX,0.004848060347541269
2024-25,old,HOU,POR,0.03187672725880749
2024-25,old,HOU,SAC,0.0839791666645491
2024-25,old,HOU,SAS,0.04416363073293332
2024-25,old,HOU,TOR,0.009098013353165213
2024-25,old,HOU,UTA,0.13694992695188443
2024-25,old,HOU,WAS,0.08217932594581424
2024-25,old,IND,ATL,0.2336492154447728
2024-25,old,IND,BKN,0.20274748328295306
2024-25,old,IND,BOS,0.0012618534805670636
2024-25,old,IND,CHA,0.002815987855027658
2024-25,old,IND,CHI,0.007368761736799441
2024-25,old,IND,CLE,0.0
2024-25,old,IND,DAL,0.01955747474858011
2024-25,old,IND,DEN,5.258409482869714e-05
2024-25,old,IND,DET,0.003365198945051003
2024-25,old,IND,GSW,0.0016834721589130356
2024-25,old,IND,HOU,0.020392511060826707
2024-25,old,IND,LAC,0.013809536863881134
2024-25,old,IND,LAL,0.0
2024-25,old,IND,MEM,0.01728158468466439
2024-25,old,IND,MIA,0.10759691283555228
2024-25,old,IND,MIL,0.0
2024-25,old,IND,MIN,0.04882674374125505
2024-25,old,IND,NOP,0.003281619794879443
2024-25,old,IND,NYK,0.0
2024-25,old,IND,OKC,0.26382668385413416
2024-25,old,IND,ORL,0.17694676239322737
2024-25,old,IND,PHI,0.07950999871391069
2024-25,old,IND,PHX,0.0012058189616474353
2024-25,old,IND,POR,0.01463658777117107
2024-25,old,IND,SAC,0.027442522607170613
2024-25,old,IND,SAS,0.06150289468172494
2024-25,old,IND,TOR,0.01248767094085373
2024-25,old,IND,UTA,0.2056610546088392
2024-25,old,IND,WAS,0.1020143333126908
2024-25,old,LAC,ATL,0.24598711236339899
2024-25,old,LAC,BKN,0.19236008037793598
2024-25,old,LAC,BOS,0.0029450431311149796
2024-25,old,LAC,CHA,0.0018988004039255555
2024-25,old,LAC,CHI,0.027354701980886725
2024-25,old,LAC,CLE,0.0
2024-25,old,LAC,DAL,0.05976511992413453
2024-25,old,LAC,DEN,0.002825943246121308
2024-25,old,LAC,DET,0.00623798541919966
2024-25,old,LAC,GSW,0.0096338477071893
2024-25,old,LAC,HOU,0.03379067810310516
2024-25,old,LAC,IND,0.0955168541816928
2024-25,old,LAC,LAL,0.0
2024-25,old,LAC,MEM,0.11803767084157102
2024-25,old,LAC,MIA,0.21855382264998652
2024-25,old,LAC,MIL,0.0
2024-25,old,LAC,MIN,0.10406396911728574
2024-25,old,LAC,NOP,0.004701064726162891
2024-25,old,LAC,NYK,0.0
2024-25,old,LAC,OKC,1.0500783153561377
2024-25,old,LAC,ORL,0.09239347493679331
2024-25,old,LAC,PHI,0.06619713011578258
2024-25,old,LAC,PHX,0.011679956908016629
2024-25,old,LAC,POR,0.015243822858218736
2024-25,old,LAC,SAC,0.08875536272612686
2024-25,old,LAC,SAS,0.049877476017840025
2024-25,old,LAC,TOR,0.005016331948252947
2024-25,old,LAC,UTA,0.15170925236264776
2024-25,old,LAC,WAS,0.07456562448052616
2024-25,old,LAL,ATL,1.0254306489328355
2024-25,old,LAL,BKN,0.2582148882636458
2024-25,old,LAL,BOS,0.002954741436666969
2024-25,old,LAL,CHA,0.0009506147625182142
2024-25,old,LAL,CHI,0.028801500792794782
2024-25,old,LAL,CLE,0.0
2024-25,old,LAL,DAL,0.03686135081987581
2024-25,old,LAL,DEN,0.0003869350142098806
2024-25,old,LAL,DET,0.0012262527935373978
2024-25,old,LAL,GSW,0.006173569202839457
2024-25,old,LAL,HOU,0.054037985324173185
2024-25,old,LAL,IND,0.10737352987806921
2024-25,old,LAL,LAC,0.007472252214793116
2024-25,old,LAL,MEM,0.029725943542492982
2024-25,old,LAL,MIA,0.14541014340640754
2024-25,old,LAL,MIL,0.0
2024-25,old,LAL,MIN,0.02386608934750846
2024-25,old,LAL,NOP,0.0021246942692539268
2024-25,old,LAL,NYK,0.0
2024-25,old,LAL,OKC,0.20940359106580483
2024-25,old,LAL,ORL,0.16693790662150718
2024-25,old,LAL,PHI,0.05120056289249535
2024-25,old,LAL,PHX,0.0035872844770422265
2024-25,old,LAL,POR,0.021167001856132163
2024-25,old,LAL,SAC,0.06446015167873564
2024-25,old,LAL,SAS,0.03168434759333455
2024-25,old,LAL,TOR,0.007409332414368343
2024-25,old,LAL,UTA,0.14027024236266533
2024-25,old,LAL,WAS,0.11519922794553719
2024-25,old,MEM,ATL,0.28649414976743326
2024-25,old,MEM,BKN,0.20303779886138004
2024-25,old,MEM,BOS,0.002520474160796609
2024-25,old,MEM,CHA,0.002090524868130674
2024-25,old,MEM,CHI,0.03947728786778007
2024-25,old,MEM,CLE,0.0
2024-25,old,MEM,DAL,0.024634265574276462
2024-25,old,MEM,DEN,0.0013359723075724514
2024-25,old,MEM,DET,0.009422100183607484
2024-25,old,MEM,GSW,0.00429366228456683
2024-25,old,MEM,HOU,0.06789520455434005
2024-25,old,MEM,IND,0.08280405453483809
2024-25,old,MEM,LAC,0.020978987206913664
2024-25,old,MEM,LAL,0.0
2024-25,old,MEM,MIA,0.15252046178070328
2024-25,old,MEM,MIL,0.0
2024-25,old,MEM,MIN,0.05028348429752453
2024-25,old,MEM,NOP,0.0014296427538379095
2024-25,old,MEM,NYK,0.0
2024-25,old,MEM,OKC,0.2250576698182242
2024-25,old,MEM,ORL,0.18152087260174862
2024-25,old,MEM,PHI,0.009919889280050474
2024-25,old,MEM,PHX,0.01803556037103308
2024-25,old,MEM,POR,0.024801220900639465
2024-25,old,MEM,SAC,0.15711340997491735
2024-25,old,MEM,SAS,0.06579745998416466
2024-25,old,MEM,TOR,0.0033802712441898058
2024-25,old,MEM,UTA,0.17583115946472758
2024-25,old,MEM,WAS,0.6215315511865677
2024-25,old,MIA,ATL,0.156710434245697
2024-25,old,MIA,BKN,0.14140386315533274
2024-25,old,MIA,BOS,0.0017230603497892878
2024-25,old,MIA,CHA,0.001901522195821462
2024-25,old,MIA,CHI,0.09968186304706766
2024-25,old,MIA,CLE,0.0
2024-25,old,MIA,DAL,0.03674368730498739
2024-25,old,MIA,DEN,9.963379106504885e-05
2024-25,old,MIA,DET,0.02636946400209912
2024-25,old,MIA,GSW,0.0022582136459401553
2024-25,old,MIA,HOU,0.08043076645173455
2024-25,old,MIA,IND,0.027036235172787127
2024-25,old,MIA,LAC,0.010446929000619123
2024-25,old,MIA,LAL,0.0
2024-25,old,MIA,MEM,0.007517748584860123
2024-25,old,MIA,MIL,0.0
2024-25,old,MIA,MIN,0.046490156813433596
2024-25,old,MIA,NOP,0.006242384749346382
2024-25,old,MIA,NYK,0.0
2024-25,old,MIA,OKC,0.863750211697477
2024-25,old,MIA,ORL,0.10207565812683671
2024-25,old,MIA,PHI,0.02108372060152977
2024-25,old,MIA,PHX,0.005608836222311545
2024-25,old,MIA,POR,0.07844455919746136
2024-25,old,MIA,SAC,0.15020883743318453
2024-25,old,MIA,SAS,0.2372251281701059
2024-25,old,MIA,TOR,0.013085066910844533
2024-25,old,MIA,UTA,0.08110939086527645
2024-25,old,MIA,WAS,0.06134787558104753
2024-25,old,MIL,ATL,0.20713128669309405
2024-25,old,MIL,BKN,0.7308656799541354
2024-25,old,MIL,BOS,0.0009676724360003296
2024-25,old,MIL,CHA,0.0007519531694567982
2024-25,old,MIL,CHI,0.025542594102820962
2024-25,old,MIL,CLE,0.0
2024-25,old,MIL,DAL,0.035274878961430146
2024-25,old,MIL,DEN,0.0001677844027796074
2024-25,old,MIL,DET,0.009127709693696516
2024-25,old,MIL,GSW,0.002628011800889941
2024-25,old,MIL,HOU,0.08481142216715322
2024-25,old,MIL,IND,0.06117829965403734
2024-25,old,MIL,LAC,0.02216837303441998
2024-25,old,MIL,LAL,0.0
2024-25,old,MIL,MEM,0.016768600490313257
2024-25,old,MIL,MIA,0.15037958162052711
2024-25,old,MIL,MIN,0.09754911788520551
2024-25,old,MIL,NOP,0.008264796524907818
2024-25,old,MIL,NYK,0.0
2024-25,old,MIL,OKC,0.24516701945124977
2024-25,old,MIL,ORL,0.11505166500060551
2024-25,old,MIL,PHI,0.024316965086153775
2024-25,old,MIL,PHX,0.009493534475934276
2024-25,old,MIL,POR,0.02853696108894704
2024-25,old,MIL,SAC,0.12363084800849511
2024-25,old,MIL,SAS,0.0829916920173931
2024-25,old,MIL,TOR,0.0017840508444470244
2024-25,old,MIL,UTA,0.14212586046027292
2024-25,old,MIL,WAS,0.07892590743483713
2024-25,old,MIN,ATL,0.1546941444756125
2024-25,old,MIN,BKN,0.13446999075334473
2024-25,old,MIN,BOS,0.0017661637945325468
2024-25,old,MIN,CHA,0.004727230968491594
2024-25,old,MIN,CHI,0.020898676063251784
2024-25,old,MIN,CLE,0.0
2024-25,old,MIN,DAL,0.04848407231615906
2024-25,old,MIN,DEN,0.0021078284203054375
2024-25,old,MIN,DET,0.0034795499912384023
2024-25,old,MIN,GSW,0.010195741926586952
2024-25,old,MIN,HOU,0.06040301698464741
2024-25,old,MIN,IND,0.09781689238735924
2024-25,old,MIN,LAC,0.03559455852399598
2024-25,old,MIN,LAL,0.0
2024-25,old,MIN,MEM,0.12432118872268556
2024-25,old,MIN,MIA,0.19216518797545964
2024-25,old,MIN,MIL,0.0
2024-25,old,MIN,NOP,0.004004701093148523
2024-25,old,MIN,NYK,0.0
2024-25,old,MIN,OKC,0.22529516287481413
2024-25,old,MIN,ORL,0.13166795685500346
2024-25,old,MIN,PHI,0.027540275716043165
2024-25,old,MIN,PHX,0.008790948339336519
2024-25,old,MIN,POR,0.015565611536582952
2024-25,old,MIN,SAC,0.0551787975682833
2024-25,old,MIN,SAS,0.020467432274314024
2024-25,old,MIN,TOR,0.00610215168202619
2024-25,old,MIN,UTA,1.057019241439062
2024-25,old,MIN,WAS,0.06261226853501453
2024-25,old,NOP,ATL,0.13946391177802797
2024-25,old,NOP,BKN,0.11477982405297908
2024-25,old,NOP,BOS,0.0003609913869375555
2024-25,old,NOP,CHA,0.02138221460053364
2024-25,old,NOP,CHI,0.017152095652724283
2024-25,old,NOP,CLE,0.0
2024-25,old,NOP,DAL,0.00918067134365012
2024-25,old,NOP,DEN,0.00010403313395226051
2024-25,old,NOP,DET,0.0009738406181968527
2024-25,old,NOP,GSW,0.004032676322557766
2024-25,old,NOP,HOU,0.05576266153109388
2024-25,old,NOP,IND,0.05397687158607548
2024-25,old,NOP,LAC,0.029730064964106562
2024-25,old,NOP,LAL,0.0
2024-25,old,NOP,MEM,0.035460247146942056
2024-25,old,NOP,MIA,0.14119486194309505
2024-25,old,NOP,MIL,0.0
2024-25,old,NOP,MIN,0.054757103104500264
2024-25,old,NOP,NYK,0.0
2024-25,old,NOP,OKC,0.2544955744755317
2024-25,old,NOP,ORL,0.03125747984710284
2024-25,old,NOP,PHI,0.1384477379289487
2024-25,old,NOP,PHX,0.0
2024-25,old,NOP,POR,0.030542665487762247
2024-25,old,NOP,SAC,0.04085030518645178
2024-25,old,NOP,SAS,0.025398810693787677
2024-25,old,NOP,TOR,0.012531744109372881
2024-25,old,NOP,UTA,0.13136443385243982
2024-25,old,NOP,WAS,0.04708306501147599
2024-25,old,NYK,ATL,0.18305707376467278
2024-25,old,NYK,BKN,0.4530443703838923
2024-25,old,NYK,BOS,0.007890086233342902
2024-25,old,NYK,CHA,0.0008483602608725421
2024-25,old,NYK,CHI,0.039052882755753054
2024-25,old,NYK,CLE,0.0
2024-25,old,NYK,DAL,0.027430489259975252
2024-25,old,NYK,DEN,2.2725080908840253e-05
2024-25,old,NYK,DET,0.0023005121690648305
2024-25,old,NYK,GSW,0.0017213195254050001
2024-25,old,NYK,HOU,0.0691382004883028
2024-25,old,NYK,IND,0.049707757548050624
2024-25,old,NYK,LAC,0.006651131504371857
2024-25,old,NYK,LAL,0.0
2024-25,old,NYK,MEM,0.013289688742559374
2024-25,old,NYK,MIA,0.1395932898433994
2024-25,old,NYK,MIL,0.0
2024-25,old,NYK,MIN,0.023814120460116973
2024-25,old,NYK,NOP,0.003662886734576731
2024-25,old,NYK,OKC,0.2492482477599359
2024-25,old,NYK,ORL,0.09905203406718924
2024-25,old,NYK,PHI,0.014789986045496722
2024-25,old,NYK,PHX,0.008157327588615492
2024-25,old,NYK,POR,0.027762865333546678
2024-25,old,NYK,SAC,0.10744441587028981
2024-25,old,NYK,SAS,0.0666728326193653
2024-25,old,NYK,TOR,0.00945674727774639
2024-25,old,NYK,UTA,0.04369869136295962
2024-25,old,NYK,WAS,0.07712071028545804
2024-25,old,OKC,ATL,0.23217342078437153
2024-25,old,OKC,BKN,0.1260844240355353
2024-25,old,OKC,BOS,0.0060366379118781425
2024-25,old,OKC,CHA,0.0015272993822224236
2024-25,old,OKC,CHI,0.018264119155645013
2024-25,old,OKC,CLE,0.0
2024-25,old,OKC,DAL,0.024372836136916834
2024-25,old,OKC,DEN,0.00012813867407411055
2024-25,old,OKC,DET,0.0009824812867888408
2024-25,old,OKC,GSW,0.002368638993328819
2024-25,old,OKC,HOU,0.050800916677910896
2024-25,old,OKC,IND,0.0528622710569497
2024-25,old,OKC,LAC,0.08725673508659759
2024-25,old,OKC,LAL,0.0
2024-25,old,OKC,MEM,0.011482646188939282
2024-25,old,OKC,MIA,0.09938510464238427
2024-25,old,OKC,MIL,0.0
2024-25,old,OKC,MIN,0.05474513112697841
2024-25,old,OKC,NOP,0.0035347371088652467
2024-25,old,OKC,NYK,0.0
2024-25,old,OKC,ORL,0.09372865709094529
2024-25,old,OKC,PHI,0.018350921892001
2024-25,old,OKC,PHX,0.0874202587874606
2024-25,old,OKC,POR,0.027357933692344336
2024-25,old,OKC,SAC,0.03365617626383556
2024-25,old,OKC,SAS,0.03971973824713468
2024-25,old,OKC,TOR,0.007371754151951848
2024-25,old,OKC,UTA,0.12056968491623551
2024-25,old,OKC,WAS,0.08855522736196075
2024-25,old,ORL,ATL,0.28573339119535407
2024-25,old,ORL,BKN,0.091545698881781
2024-25,old,ORL,BOS,0.0012090517257757742
2024-25,old,ORL,CHA,0.0028477048127942698
2024-25,old,ORL,CHI,0.14705647710055242
2024-25,old,ORL,CLE,0.0
2024-25,old,ORL,DAL,0.04580887031296288
2024-25,old,ORL,DEN,2.0192320617042358e-05
2024-25,old,ORL,DET,0.02183160536753791
2024-25,old,ORL,GSW,0.002603153255580291
2024-25,old,ORL,HOU,0.048216594977882415
2024-25,old,ORL,IND,0.028810036485078586
2024-25,old,ORL,LAC,0.03421928905382158
2024-25,old,ORL,LAL,0.0
2024-25,old,ORL,MEM,0.01584383878185848
2024-25,old,ORL,MIA,0.43504416817565694
2024-25,old,ORL,MIL,0.0
2024-25,old,ORL,MIN,0.020833590059241607
2024-25,old,ORL,NOP,0.0043464795223174795
2024-25,old,ORL,NYK,0.0
2024-25,old,ORL,OKC,0.3225221792128511
2024-25,old,ORL,PHI,0.04495165129989212
2024-25,old,ORL,PHX,0.010321120683842437
2024-25,old,ORL,POR,0.04211605355576774
2024-25,old,ORL,SAC,0.20770579529486038
2024-25,old,ORL,SAS,0.21873240902505484
2024-25,old,ORL,TOR,0.012430732991639834
2024-25,old,ORL,UTA,0.07817693966811691
2024-25,old,ORL,WAS,0.04219515781748355
2024-25,old,PHI,ATL,0.09624257549322729
2024-25,old,PHI,BKN,0.13013575482711298
2024-25,old,PHI,BOS,0.00033405172887483026
2024-25,old,PHI,CHA,0.0049609319231529985
2024-25,old,PHI,CHI,0.07496172995419943
2024-25,old,PHI,CLE,0.0
2024-25,old,PHI,DAL,0.03088776496474513
2024-25,old,PHI,DEN,0.0001380339615398988
2024-25,old,PHI,DET,0.0024939290816257498
2024-25,old,PHI,GSW,0.001606771114437129
2024-25,old,PHI,HOU,0.029346713786964834
2024-25,old,PHI,IND,0.02096615383609125
2024-25,old,PHI,LAC,0.014990571234114305
2024-25,old,PHI,LAL,0.0
2024-25,old,PHI,MEM,0.012462309243302591
2024-25,old,PHI,MIA,0.10051138930876814
2024-25,old,PHI,MIL,0.0
2024-25,old,PHI,MIN,0.015575781667188447
2024-25,old,PHI,NOP,0.012535942625596689
2024-25,old,PHI,NYK,0.0
2024-25,old,PHI,OKC,0.7909342350883519
2024-25,old,PHI,ORL,0.0497562733283258
2024-25,old,PHI,PHX,0.007084051688635271
2024-25,old,PHI,POR,0.027586163783741485
2024-25,old,PHI,SAC,0.10587942144082756
2024-25,old,PHI,SAS,0.11263051151821353
2024-25,old,PHI,TOR,0.044996880728399254
2024-25,old,PHI,UTA,0.11961992665544975
2024-25,old,PHI,WAS,0.018708906782400996
2024-25,old,PHX,ATL,0.5903688583105968
2024-25,old,PHX,BKN,0.14963378751131876
2024-25,old,PHX,BOS,0.0007467672535507332
2024-25,old,PHX,CHA,0.0018565360158252662
2024-25,old,PHX,CHI,0.0671611449890514
2024-25,old,PHX,CLE,0.0
2024-25,old,PHX,DAL,0.1119805684499526
2024-25,old,PHX,DEN,0.00039710294996862436
2024-25,old,PHX,DET,0.0026461150613298103
2024-25,old,PHX,GSW,0.006764428390946874
2024-25,old,PHX,HOU,0.6677079718312298
2024-25,old,PHX,IND,0.03733122835042186
2024-25,old,PHX,LAC,0.01784671360257499
2024-25,old,PHX,LAL,0.0
2024-25,old,PHX,MEM,0.019233607075134752
2024-25,old,PHX,MIA,0.15724397402342857
2024-25,old,PHX,MIL,0.0
2024-25,old,PHX,MIN,0.016967372401208384
2024-25,old,PHX,NOP,0.0005570594817830547
2024-25,old,PHX,NYK,0.0
2024-25,old,PHX,OKC,0.1302964435530373
2024-25,old,PHX,ORL,0.08039394304723531
2024-25,old,PHX,PHI,0.05083309850446827
2024-25,old,PHX,POR,0.157126720313944
2024-25,old,PHX,SAC,0.4499809753887105
2024-25,old,PHX,SAS,0.08941223445085775
2024-25,old,PHX,TOR,0.007916999273620095
2024-25,old,PHX,UTA,0.1276706936217989
2024-25,old,PHX,WAS,0.06880398309027543
2024-25,old,POR,ATL,0.29027116921561374
2024-25,old,POR,BKN,0.10795436764787696
2024-25,old,POR,BOS,0.0016368534599816237
2024-25,old,POR,CHA,0.002779827598275188
2024-25,old,POR,CHI,0.12299749113035496
2024-25,old,POR,CLE,0.0
2024-25,old,POR,DAL,0.03873860394651998
2024-25,old,POR,DEN,0.00043862917696527615
2024-25,old,POR,DET,0.0005390963291211807
2024-25,old,POR,GSW,0.004275524707106453
2024-25,old,POR,HOU,0.15749622889374915
2024-25,old,POR,IND,0.026395392914508205
2024-25,old,POR,LAC,0.013730603492967305
2024-25,old,POR,LAL,0.0
2024-25,old,POR,MEM,0.025573583129039314
2024-25,old,POR,MIA,0.19146049808457066
2024-25,old,POR,MIL,0.0
2024-25,old,POR,MIN,0.026143975097720963
2024-25,old,POR,NOP,0.00490832288499858
2024-25,old,POR,NYK,0.0
2024-25,old,POR,OKC,0.13263609917447833
2024-25,old,POR,ORL,0.09575509586331123
2024-25,old,POR,PHI,0.04045860300788451
2024-25,old,POR,PHX,0.012734913848790115
2024-25,old,POR,SAC,0.13738783930075485
2024-25,old,POR,SAS,0.11464020628293675
2024-25,old,POR,TOR,0.013919457814345695
2024-25,old,POR,UTA,0.03559530637057648
2024-25,old,POR,WAS,0.04298019890518202
2024-25,old,SAC,ATL,1.3108072036179303
2024-25,old,SAC,BKN,0.11336949244883651
2024-25,old,SAC,BOS,0.0007618534618763831
2024-25,old,SAC,CHA,0.0014423594468432196
2024-25,old,SAC,CHI,0.06184497636821174
2024-25,old,SAC,CLE,0.0
2024-25,old,SAC,DAL,0.1311144484189436
2024-25,old,SAC,DEN,0.00043019531460695374
2024-25,old,SAC,DET,0.00395185311628956
2024-25,old,SAC,GSW,0.00536758980113352
2024-25,old,SAC,HOU,0.09770150836131633
2024-25,old,SAC,IND,0.0324579382925445
2024-25,old,SAC,LAC,0.01785317905977818
2024-25,old,SAC,LAL,0.0
2024-25,old,SAC,MEM,0.025754642925939483
2024-25,old,SAC,MIA,0.16127693943886748
2024-25,old,SAC,MIL,0.0
2024-25,old,SAC,MIN,0.02539649907635944
2024-25,old,SAC,NOP,0.0035586879931320163
2024-25,old,SAC,NYK,0.0
2024-25,old,SAC,OKC,0.1990406574887515
2024-25,old,SAC,ORL,0.1554692377876289
2024-25,old,SAC,PHI,0.004527800358777748
2024-25,old,SAC,PHX,0.010098060355040019
2024-25,old,SAC,POR,0.05935203323731284
2024-25,old,SAC,SAS,0.05944545066223332
2024-25,old,SAC,TOR,0.004319969953100596
2024-25,old,SAC,UTA,0.07092417941301339
2024-25,old,SAC,WAS,0.0640880236173989
2024-25,old,SAS,ATL,0.13202813919022688
2024-25,old,SAS,BKN,0.09629963252236548
2024-25,old,SAS,BOS,0.0019558189756333313
2024-25,old,SAS,CHA,0.003661111131279581
2024-25,old,SAS,CHI,0.07843845714129735
2024-25,old,SAS,CLE,0.0
2024-25,old,SAS,DAL,0.02058578318090247
2024-25,old,SAS,DEN,0.0006569324301219369
2024-25,old,SAS,DET,0.0010685265526413686
2024-25,old,SAS,GSW,0.005582463164900763
2024-25,old,SAS,HOU,0.1223585677265936
2024-25,old,SAS,IND,0.04155359899631007
2024-25,old,SAS,LAC,0.01715247865722129
2024-25,old,SAS,LAL,0.0
2024-25,old,SAS,MEM,0.038662480398145904
2024-25,old,SAS,MIA,0.22448464630158163
2024-25,old,SAS,MIL,0.0
2024-25,old,SAS,MIN,0.032106006915278804
2024-25,old,SAS,NOP,0.0025228302653854465
2024-25,old,SAS,NYK,0.0
2024-25,old,SAS,OKC,0.2148327465039538
2024-25,old,SAS,ORL,0.09863029295330805
2024-25,old,SAS,PHI,0.07417645488368822
2024-25,old,SAS,PHX,0.00836530173229503
2024-25,old,SAS,POR,0.10458562311686175
2024-25,old,SAS,SAC,0.0789301550631883
2024-25,old,SAS,TOR,0.037688523921958844
2024-25,old,SAS,UTA,0.0952879072308044
2024-25,old,SAS,WAS,0.04403303313539092
2024-25,old,TOR,ATL,0.087667386118805
2024-25,old,TOR,BKN,0.04776090313913695
2024-25,old,TOR,BOS,3.2327586688615144e-06
2024-25,old,TOR,CHA,0.0052909583997604445
2024-25,old,TOR,CHI,0.051185035953682116
2024-25,old,TOR,CLE,0.0
2024-25,old,TOR,DAL,0.013587739724777094
2024-25,old,TOR,DEN,1.4951632905428232e-05
2024-25,old,TOR,DET,0.01079401379363082
2024-25,old,TOR,GSW,0.0024907631362082305
2024-25,old,TOR,HOU,0.07871740286531537
2024-25,old,TOR,IND,0.006565623890174328
2024-25,old,TOR,LAC,0.0013717672563206143
2024-25,old,TOR,LAL,0.0
2024-25,old,TOR,MEM,0.0028798460062668535
2024-25,old,TOR,MIA,0.10938889347796657
2024-25,old,TOR,MIL,0.0
2024-25,old,TOR,MIN,0.02440481763021805
2024-25,old,TOR,NOP,0.008655255591072723
2024-25,old,TOR,NYK,0.0
2024-25,old,TOR,OKC,0.32772475718108035
2024-25,old,TOR,ORL,0.03299745403433103
2024-25,old,TOR,PHI,0.2459779013587877
2024-25,old,TOR,PHX,0.0005765086208502279
2024-25,old,TOR,POR,0.026625311811697295
2024-25,old,TOR,SAC,0.10230439976368705
2024-25,old,TOR,SAS,0.05971684405395504
2024-25,old,TOR,UTA,0.016542301559999244
2024-25,old,TOR,WAS,0.010757553349203107
2024-25,old,UTA,ATL,0.0915245811300349
2024-25,old,UTA,BKN,0.09920957598602552
2024-25,old,UTA,BOS,0.0019288793032796224
2024-25,old,UTA,CHA,0.016805310746595026
2024-25,old,UTA,CHI,0.03239554250035833
2024-25,old,UTA,CLE,0.0
2024-25,old,UTA,DAL,0.019217702982798252
2024-25,old,UTA,DEN,0.0008312161441276391
2024-25,old,UTA,DET,0.00043267750416076036
2024-25,old,UTA,GSW,0.003466723957620689
2024-25,old,UTA,HOU,0.027658405113074096
2024-25,old,UTA,IND,0.038176572120319024
2024-25,old,UTA,LAC,0.02670608873410825
2024-25,old,UTA,LAL,0.0
2024-25,old,UTA,MEM,0.014803038920806737
2024-25,old,UTA,MIA,0.11678912324427934
2024-25,old,UTA,MIL,0.0
2024-25,old,UTA,MIN,0.0279567067571345
2024-25,old,UTA,NOP,0.01350836534890637
2024-25,old,UTA,NYK,0.0
2024-25,old,UTA,OKC,0.13600508421697347
2024-25,old,UTA,ORL,0.09031329571517788
2024-25,old,UTA,PHI,0.03743775989357331
2024-25,old,UTA,PHX,0.007385775866227802
2024-25,old,UTA,POR,0.011112727286889118
2024-25,old,UTA,SAC,0.03621199593307202
2024-25,old,UTA,SAS,0.061821528557640726
2024-25,old,UTA,TOR,0.00843897209848672
2024-25,old,UTA,WAS,0.0889779024395289
2024-25,old,WAS,ATL,0.20294806437113463
2024-25,old,WAS,BKN,0.09614366242992609
2024-25,old,WAS,BOS,7.866379435591659e-05
2024-25,old,WAS,CHA,0.019939212864809826
2024-25,old,WAS,CHI,0.058520284991465284
2024-25,old,WAS,CLE,0.0
2024-25,old,WAS,DAL,0.027829769492407078
2024-25,old,WAS,DEN,1.508509154448091e-06
2024-25,old,WAS,DET,0.008502180555940113
2024-25,old,WAS,GSW,0.0008701724732799557
2024-25,old,WAS,HOU,0.038664601317301796
2024-25,old,WAS,IND,0.014841885466381361
2024-25,old,WAS,LAC,0.0005959051864719468
2024-25,old,WAS,LAL,0.0
2024-25,old,WAS,MEM,0.0003696318361586522
2024-25,old,WAS,MIA,0.13418940554070163
2024-25,old,WAS,MIL,0.0
2024-25,old,WAS,MIN,0.05116541623075885
2024-25,old,WAS,NOP,0.010514122580526893
2024-25,old,WAS,NYK,0.0
2024-25,old,WAS,OKC,0.260559238964648
2024-25,old,WAS,ORL,0.05798489409037789
2024-25,old,WAS,PHI,0.09587326997459267
2024-25,old,WAS,PHX,1.293103467544605e-05
2024-25,old,WAS,POR,0.017136450109757794
2024-25,old,WAS,SAC,0.07852560794176386
2024-25,old,WAS,SAS,0.0632847568838661
2024-25,old,WAS,TOR,0.007417901976929932
2024-25,old,WAS,UTA,0.04205146710166818
2025-26,new,ATL,BKN,0.0036372536429211443
2025-26,new,ATL,BOS,0.0019946687533153856
2025-26,new,ATL,CHA,0.26932120811821414
2025-26,new,ATL,CHI,0.029139385930073217
2025-26,new,ATL,CLE,0.0027618534309018783
2025-26,new,ATL,DAL,0.0005282920777737108
2025-26,new,ATL,DEN,0.04815689169518009
2025-26,new,ATL,DET,0.021147360046964204
2025-26,new,ATL,GSW,0.012027024546552861
2025-26,new,ATL,HOU,5.1185345590307286e-05
2025-26,new,ATL,IND,0.004069778777868187
2025-26,new,ATL,LAC,0.008117421348176855
2025-26,new,ATL,LAL,0.05306868807184809
2025-26,new,ATL,MEM,0.16599461235334806
2025-26,new,ATL,MIA,0.17391677550339532
2025-26,new,ATL,MIL,0.015437230704360287
2025-26,new,ATL,MIN,0.024522629739327256
2025-26,new,ATL,NOP,0.0
2025-26,new,ATL,NYK,0.07741231443493424
2025-26,new,ATL,OKC,0.12470050366007164
2025-26,new,ATL,ORL,0.0
2025-26,new,ATL,PHI,0.1947750565262617
2025-26,new,ATL,PHX,0.0
2025-26,new,ATL,POR,0.006406130250942276
2025-26,new,ATL,SAC,0.005051046659555452
2025-26,new,ATL,SAS,1.127297682706106
2025-26,new,ATL,TOR,0.19244050249012284
2025-26,new,ATL,UTA,0.022520204950324745
2025-26,new,ATL,WAS,0.018226293250115523
2025-26,new,BKN,ATL,0.06809078683998389
2025-26,new,BKN,BOS,0.021293103743729926
2025-26,new,BKN,CHA,0.07983994824011774
2025-26,new,BKN,CHI,0.04114636018247646
2025-26,new,BKN,CLE,0.025473060350351295
2025-26,new,BKN,DAL,0.021236772744915818
2025-26,new,BKN,DEN,0.017858250204286566
2025-26,new,BKN,DET,0.018494342977104804
2025-26,new,BKN,GSW,0.0050435078029332885
2025-26,new,BKN,HOU,3.6637931580430474e-05
2025-26,new,BKN,IND,0.012520731681311029
2025-26,new,BKN,LAC,0.02574903425206434
2025-26,new,BKN,LAL,0.013607059276227717
2025-26,new,BKN,MEM,0.06520878245140795
2025-26,new,BKN,MIA,0.026696363113762406
2025-26,new,BKN,MIL,0.006880388078500579
2025-26,new,BKN,MIN,0.027646282390783667
2025-26,new,BKN,NOP,0.0
2025-26,new,BKN,NYK,0.07347833882678091
2025-26,new,BKN,OKC,0.16904187247456287
2025-26,new,BKN,ORL,0.0
2025-26,new,BKN,PHI,0.08152495022442807
2025-26,new,BKN,PHX,0.0
2025-26,new,BKN,POR,0.0026122124759557007
2025-26,new,BKN,SAC,0.043524134697586446
2025-26,new,BKN,SAS,0.13672602456799662
2025-26,new,BKN,TOR,0.042937470392131395
2025-26,new,BKN,UTA,0.15271632635383867
2025-26,new,BKN,WAS,0.10229741410836016
2025-26,new,BOS,ATL,0.09273006501786236
2025-26,new,BOS,BKN,0.0012492210421943782
2025-26,new,BOS,CHA,0.156488682698567
2025-26,new,BOS,CHI,0.014081284665307189
2025-26,new,BOS,CLE,0.03257004318493901
2025-26,new,BOS,DAL,0.016821070189704062
2025-26,new,BOS,DEN,0.05096923667182134
2025-26,new,BOS,DET,0.05939224192926837
2025-26,new,BOS,GSW,0.011644413181706552
2025-26,new,BOS,HOU,0.00137500002327905
2025-26,new,BOS,IND,0.0008182845065889054
2025-26,new,BOS,LAC,0.0016321183545134211
2025-26,new,BOS,LAL,0.07860398321972878
2025-26,new,BOS,MEM,0.1687007005297948
2025-26,new,BOS,MIA,0.07005736607643102
2025-26,new,BOS,MIL,0.0033962824175150365
2025-26,new,BOS,MIN,0.06114385852981601
2025-26,new,BOS,NOP,0.0
2025-26,new,BOS,NYK,0.08916470573678138
2025-26,new,BOS,OKC,0.13714998648045906
2025-26,new,BOS,ORL,0.0
2025-26,new,BOS,PHI,0.11473806985505909
2025-26,new,BOS,PHX,0.0
2025-26,new,BOS,POR,0.025493323440918002
2025-26,new,BOS,SAC,0.0012408881827070282
2025-26,new,BOS,SAS,0.16084725201810343
2025-26,new,BOS,TOR,0.0906684098377753
2025-26,new,BOS,UTA,0.006608028108964609
2025-26,new,BOS,WAS,0.005956088396327184
2025-26,new,CHA,ATL,0.04783647629633097
2025-26,new,CHA,BKN,0.0057704422330598065
2025-26,new,CHA,BOS,0.01303663808145914
2025-26,new,CHA,CHI,0.04580708475886074
2025-26,new,CHA,CLE,0.011157327606021585
2025-26,new,CHA,DAL,0.002982551189110194
2025-26,new,CHA,DEN,0.03923136843961997
2025-26,new,CHA,DET,0.021444235097793547
2025-26,new,CHA,GSW,0.02343952051874457
2025-26,new,CHA,HOU,0.00030468750506205944
2025-26,new,CHA,IND,0.002103675234998107
2025-26,new,CHA,LAC,0.017698457318781568
2025-26,new,CHA,LAL,0.04735289013224121
2025-26,new,CHA,MEM,0.32597440691869545
2025-26,new,CHA,MIA,0.1656618682482376
2025-26,new,CHA,MIL,0.02743803918082668
2025-26,new,CHA,MIN,0.021158136064066253
2025-26,new,CHA,NOP,0.0
2025-26,new,CHA,NYK,0.04794495402901545
2025-26,new,CHA,OKC,0.1183607515848258
2025-26,new,CHA,ORL,0.0
2025-26,new,CHA,PHI,0.18338793136611548
2025-26,new,CHA,PHX,0.0
2025-26,new,CHA,POR,0.005774034770650396
2025-26,new,CHA,SAC,0.00578224681074626
2025-26,new,CHA,SAS,0.15217106738428846
2025-26,new,CHA,TOR,0.09598285288419423
2025-26,new,CHA,UTA,0.022245959260336384
2025-26,new,CHA,WAS,0.02044854546889085
2025-26,new,CHI,ATL,0.06316891167495513
2025-26,new,CHI,BKN,0.0013700460353567024
2025-26,new,CHI,BOS,0.010490679989133838
2025-26,new,CHI,CHA,0.11825432601877062
2025-26,new,CHI,CLE,0.017964439669078028
2025-26,new,CHI,DAL,0.022095278317846002
2025-26,new,CHI,DEN,0.04105592734610833
2025-26,new,CHI,DET,0.02561961207522786
2025-26,new,CHI,GSW,0.01870651263341203
2025-26,new,CHI,HOU,0.00047602371398985775
2025-26,new,CHI,IND,0.0004098404823387932
2025-26,new,CHI,LAC,0.0052960290890069735
2025-26,new,CHI,LAL,0.02923140310510274
2025-26,new,CHI,MEM,0.12740705893662002
2025-26,new,CHI,MIA,0.038429634328119376
2025-26,new,CHI,MIL,0.006402478415001151
2025-26,new,CHI,MIN,0.03825242491027516
2025-26,new,CHI,NOP,0.0
2025-26,new,CHI,NYK,0.017833030835541212
2025-26,new,CHI,OKC,0.09692403335120216
2025-26,new,CHI,ORL,0.0
2025-26,new,CHI,PHI,0.07483144313102144
2025-26,new,CHI,PHX,0.0
2025-26,new,CHI,POR,0.024719013293857853
2025-26,new,CHI,SAC,0.0011533942500287155
2025-26,new,CHI,SAS,0.044351024148375565
2025-26,new,CHI,TOR,0.024997816513330946
2025-26,new,CHI,UTA,0.004292564679174041
2025-26,new,CHI,WAS,0.00774218761526723
2025-26,new,CLE,ATL,0.686788793394667
2025-26,new,CLE,BKN,0.0005367692105276015
2025-26,new,CLE,BOS,0.05122198350117382
2025-26,new,CLE,CHA,0.1058134969669886
2025-26,new,CLE,CHI,0.0022558127822933254
2025-26,new,CLE,DAL,0.01864635277167978
2025-26,new,CLE,DEN,0.1355366388689084
2025-26,new,CLE,DET,0.0810237072992283
2025-26,new,CLE,GSW,0.0007553879387580374
2025-26,new,CLE,HOU,7.273707004938403e-06
2025-26,new,CLE,IND,0.0014463178606343593
2025-26,new,CLE,LAC,0.007412769599550929
2025-26,new,CLE,LAL,0.10889224222532058
2025-26,new,CLE,MEM,0.12337661675902098
2025-26,new,CLE,MIA,0.0439709874358061
2025-26,new,CLE,MIL,0.0035977910146727386
2025-26,new,CLE,MIN,0.030121498040810768
2025-26,new,CLE,NOP,0.0
2025-26,new,CLE,NYK,0.11553274928604942
2025-26,new,CLE,OKC,0.06123752637597432
2025-26,new,CLE,ORL,0.0
2025-26,new,CLE,PHI,0.15435644726488196
2025-26,new,CLE,PHX,0.0
2025-26,new,CLE,POR,0.0008530493027837082
2025-26,new,CLE,SAC,0.0022352652365131283
2025-26,new,CLE,SAS,0.12897602561861274
2025-26,new,CLE,TOR,0.07724664881468296
2025-26,new,CLE,UTA,0.014490571267389018
2025-26,new,CLE,WAS,0.01256627160268996
2025-26,new,DAL,ATL,0.08833028022318293
2025-26,new,DAL,BKN,0.0013825452844992406
2025-26,new,DAL,BOS,0.011968750215922322
2025-26,new,DAL,CHA,0.05253539595072212
2025-26,new,DAL,CHI,0.09930583963761551
2025-26,new,DAL,CLE,0.004685344842005649
2025-26,new,DAL,DEN,0.03249260455233212
2025-26,new,DAL,DET,0.04198222018981048
2025-26,new,DAL,GSW,0.008525155362115051
2025-26,new,DAL,HOU,8.755388061499929e-05
2025-26,new,DAL,IND,0.0014431691976592293
2025-26,new,DAL,LAC,0.009519761929569572
2025-26,new,DAL,LAL,0.024083607523684023
2025-26,new,DAL,MEM,0.1152583514860879
2025-26,new,DAL,MIA,0.07263798206469928
2025-26,new,DAL,MIL,0.007053071149074923
2025-26,new,DAL,MIN,0.008796336272619021
2025-26,new,DAL,NOP,0.0
2025-26,new,DAL,NYK,0.0394872295859863
2025-26,new,DAL,OKC,0.11681149228966019
2025-26,new,DAL,ORL,0.0
2025-26,new,DAL,PHI,0.07213436432153182
2025-26,new,DAL,PHX,0.0
2025-26,new,DAL,POR,0.12034142661552324
2025-26,new,DAL,SAC,0.0007471717282921951
2025-26,new,DAL,SAS,0.12121848135319503
2025-26,new,DAL,TOR,0.033125477578258476
2025-26,new,DAL,UTA,0.011116110076003804
2025-26,new,DAL,WAS,0.013713362160006315
2025-26,new,DEN,ATL,0.12651050640918426
2025-26,new,DEN,BKN,0.001206168263172066
2025-26,new,DEN,BOS,0.02382004350528185
2025-26,new,DEN,CHA,0.060160171064403425
2025-26,new,DEN,CHI,0.09936995617273761
2025-26,new,DEN,CLE,0.02397198281861071
2025-26,new,DEN,DAL,0.022769842798087945
2025-26,new,DEN,DET,0.08628421336671353
2025-26,new,DEN,GSW,0.021341772359739872
2025-26,new,DEN,HOU,0.0017133620966643353
2025-26,new,DEN,IND,0.0006835329055044487
2025-26,new,DEN,LAC,0.0013633480047030447
2025-26,new,DEN,LAL,0.12595558180887187
2025-26,new,DEN,MEM,0.04413335205431113
2025-26,new,DEN,MIA,0.025229049203513442
2025-26,new,DEN,MIL,0.0005977910318299487
2025-26,new,DEN,MIN,0.03284967731826954
2025-26,new,DEN,NOP,0.0
2025-26,new,DEN,NYK,0.11011988201961403
2025-26,new,DEN,OKC,0.1668683392071749
2025-26,new,DEN,ORL,0.0
2025-26,new,DEN,PHI,0.14613579204882063
2025-26,new,DEN,PHX,0.0
2025-26,new,DEN,POR,0.02904699367797861
2025-26,new,DEN,SAC,0.0011749204317433833
2025-26,new,DEN,SAS,0.024752694403046168
2025-26,new,DEN,TOR,0.033872284549253326
2025-26,new,DEN,UTA,0.0006901939365017263
2025-26,new,DEN,WAS,0.006935344923243474
2025-26,new,DET,ATL,0.07257219894381706
2025-26,new,DET,BKN,0.0010068762425196147
2025-26,new,DET,BOS,0.040432490587441736
2025-26,new,DET,CHA,0.07776013251898735
2025-26,new,DET,CHI,0.0068909602836842625
2025-26,new,DET,CLE,0.0788890085466495
2025-26,new,DET,DAL,0.05273277562823405
2025-26,new,DET,DEN,0.02913698681903419
2025-26,new,DET,GSW,0.0015362312658177464
2025-26,new,DET,HOU,1.4547414009876806e-05
2025-26,new,DET,IND,0.0018495185870741463
2025-26,new,DET,LAC,0.00368897738274772
2025-26,new,DET,LAL,0.015524784670259546
2025-26,new,DET,MEM,0.15743884717604015
2025-26,new,DET,MIA,0.06954394500650309
2025-26,new,DET,MIL,0.003416756493749964
2025-26,new,DET,MIN,0.1625630394456073
2025-26,new,DET,NOP,0.0
2025-26,new,DET,NYK,0.054748351663511136
2025-26,new,DET,OKC,0.11173212152562728
2025-26,new,DET,ORL,0.0
2025-26,new,DET,PHI,0.09354648713983146
2025-26,new,DET,PHX,0.0
2025-26,new,DET,POR,0.010669530623731433
2025-26,new,DET,SAC,0.003404630574134993
2025-26,new,DET,SAS,0.12092456878622557
2025-26,new,DET,TOR,0.08305758299048617
2025-26,new,DET,UTA,0.00943103466478
2025-26,new,DET,WAS,0.012678340554963958
2025-26,new,GSW,ATL,0.0926042568296443
2025-26,new,GSW,BKN,0.0064585902089722095
2025-26,new,GSW,BOS,0.014363146796099971
2025-26,new,GSW,CHA,0.04148248855521191
2025-26,new,GSW,CHI,0.14397500881196845
2025-26,new,GSW,CLE,0.013854525879764094
2025-26,new,GSW,DAL,0.011709097878394524
2025-26,new,GSW,DEN,0.05218453747118286
2025-26,new,GSW,DET,0.043668373008218506
2025-26,new,GSW,HOU,0.0011505926907030416
2025-26,new,GSW,IND,0.0022635482432790395
2025-26,new,GSW,LAC,0.004514784708198619
2025-26,new,GSW,LAL,0.038761404710725825
2025-26,new,GSW,MEM,0.04502209090364792
2025-26,new,GSW,MIA,0.021420923876837056
2025-26,new,GSW,MIL,0.0013203125251336665
2025-26,new,GSW,MIN,0.03246928913964376
2025-26,new,GSW,NOP,0.0
2025-26,new,GSW,NYK,0.08188227403635993
2025-26,new,GSW,OKC,0.2545470581914817
2025-26,new,GSW,ORL,0.0
2025-26,new,GSW,PHI,0.11184610872600954
2025-26,new,GSW,PHX,0.0
2025-26,new,GSW,POR,0.2594981086375106
2025-26,new,GSW,SAC,0.005976678238643967
2025-26,new,GSW,SAS,0.06580360977476915
2025-26,new,GSW,TOR,0.016554713218637485
2025-26,new,GSW,UTA,0.02344477380334865
2025-26,new,GSW,WAS,0.011009159610418064
2025-26,new,HOU,ATL,0.14801185492721208
2025-26,new,HOU,BKN,0.0024415012501864614
2025-26,new,HOU,BOS,0.04257650925119504
2025-26,new,HOU,CHA,0.10414461458011068
2025-26,new,HOU,CHI,0.029160762594965722
2025-26,new,HOU,CLE,0.014294181162619901
2025-26,new,HOU,DAL,0.0033869720012020925
2025-26,new,HOU,DEN,0.12445154882973683
2025-26,new,HOU,DET,0.11348976347155888
2025-26,new,HOU,GSW,0.010440248866654721
2025-26,new,HOU,IND,0.0021605713714159033
2025-26,new,HOU,LAC,0.004310073610950926
2025-26,new,HOU,LAL,0.09138773994039089
2025-26,new,HOU,MEM,0.09391002275455132
2025-26,new,HOU,MIA,0.050365298323838244
2025-26,new,HOU,MIL,0.009850754479291558
2025-26,new,HOU,MIN,0.02894585173263953
2025-26,new,HOU,NOP,0.0
2025-26,new,HOU,NYK,0.11679923459800191
2025-26,new,HOU,OKC,0.12761884769705956
2025-26,new,HOU,ORL,0.0
2025-26,new,HOU,PHI,0.8341358313230939
2025-26,new,HOU,PHX,0.0
2025-26,new,HOU,POR,0.013462823743607421
2025-26,new,HOU,SAC,0.00151586957204331
2025-26,new,HOU,SAS,0.11715382598816207
2025-26,new,HOU,TOR,0.08231056972180498
2025-26,new,HOU,UTA,0.0064663254575009045
2025-26,new,HOU,WAS,0.006449353580467467
2025-26,new,IND,ATL,0.05637257580717639
2025-26,new,IND,BKN,0.010621502752914364
2025-26,new,IND,BOS,0.01413469849563814
2025-26,new,IND,CHA,0.10811721376929927
2025-26,new,IND,CHI,0.07117329304415503
2025-26,new,IND,CLE,0.006373922451768585
2025-26,new,IND,DAL,0.0026059949577488784
2025-26,new,IND,DEN,0.03325228168225388
2025-26,new,IND,DET,0.025675646671483393
2025-26,new,IND,GSW,0.025750487957038982
2025-26,new,IND,HOU,0.0010565732916062377
2025-26,new,IND,LAC,0.09340813797232464
2025-26,new,IND,LAL,0.021308556794824185
2025-26,new,IND,MEM,0.14698033428315374
2025-26,new,IND,MIA,0.04993487584629763
2025-26,new,IND,MIL,0.006516163927775904
2025-26,new,IND,MIN,0.02851158435906059
2025-26,new,IND,NOP,0.0
2025-26,new,IND,NYK,0.09184538603704603
2025-26,new,IND,OKC,0.18415363166860232
2025-26,new,IND,ORL,0.0
2025-26,new,IND,PHI,0.053254291201331495
2025-26,new,IND,PHX,0.0
2025-26,new,IND,POR,0.07473318851357802
2025-26,new,IND,SAC,0.016311394839840742
2025-26,new,IND,SAS,0.04452128290606196
2025-26,new,IND,TOR,0.0397978397289231
2025-26,new,IND,UTA,0.08079337368755407
2025-26,new,IND,WAS,0.05623195061235335
2025-26,new,LAC,ATL,0.01984590556053044
2025-26,new,LAC,BKN,0.0037462741192255886
2025-26,new,LAC,BOS,0.011258620852765083
2025-26,new,LAC,CHA,0.06180392071151941
2025-26,new,LAC,CHI,0.7607204862000291
2025-26,new,LAC,CLE,0.021230603498487
2025-26,new,LAC,DAL,0.009140375297030975
2025-26,new,LAC,DEN,0.017474896389402257
2025-26,new,LAC,DET,0.02562931073102939
2025-26,new,LAC,GSW,0.14515325124333348
2025-26,new,LAC,HOU,0.0016538254578461356
2025-26,new,LAC,IND,0.0007261228378900278
2025-26,new,LAC,LAL,0.024264594099053467
2025-26,new,LAC,MEM,0.10982785611020016
2025-26,new,LAC,MIA,0.023609152512455753
2025-26,new,LAC,MIL,0.005852370730797952
2025-26,new,LAC,MIN,0.02377451537664706
2025-26,new,LAC,NOP,0.0
2025-26,new,LAC,NYK,0.024697902393918725
2025-26,new,LAC,OKC,0.9944342616275427
2025-26,new,LAC,ORL,0.0
2025-26,new,LAC,PHI,0.033862858887910866
2025-26,new,LAC,PHX,0.0
2025-26,new,LAC,POR,0.8890293449038384
2025-26,new,LAC,SAC,0.0013443533173054234
2025-26,new,LAC,SAS,0.020156249946870458
2025-26,new,LAC,TOR,0.015296700870295074
2025-26,new,LAC,UTA,0.010426454901602924
2025-26,new,LAC,WAS,0.016113416102196992
2025-26,new,LAL,ATL,0.15571147748815087
2025-26,new,LAL,BKN,0.002947022708561643
2025-26,new,LAL,BOS,0.050025862332449524
2025-26,new,LAL,CHA,0.1123372799821068
2025-26,new,LAL,CHI,0.023502103002021064
2025-26,new,LAL,CLE,0.012098060381068879
2025-26,new,LAL,DAL,0.007725738472646015
2025-26,new,LAL,DEN,0.117832356704922
2025-26,new,LAL,DET,0.05819558175918968
2025-26,new,LAL,GSW,0.025802385144074045
2025-26,new,LAL,HOU,0.0012817888127254515
2025-26,new,LAL,IND,0.0013531020191219103
2025-26,new,LAL,LAC,0.011551554298637651
2025-26,new,LAL,MEM,0.16688900895753936
2025-26,new,LAL,MIA,0.02879890445951003
2025-26,new,LAL,MIL,0.0026699892234394395
2025-26,new,LAL,MIN,0.045276401465947365
2025-26,new,LAL,NOP,0.0
2025-26,new,LAL,NYK,0.12489423054508295
2025-26,new,LAL,OKC,0.09690661730698277
2025-26,new,LAL,ORL,0.0
2025-26,new,LAL,PHI,0.17479929646399328
2025-26,new,LAL,PHX,0.0
2025-26,new,LAL,POR,0.042234553464067806
2025-26,new,LAL,SAC,0.005435742650473407
2025-26,new,LAL,SAS,0.036068696411073624
2025-26,new,LAL,TOR,0.038130755981719014
2025-26,new,LAL,UTA,0.015093480796043376
2025-26,new,LAL,WAS,0.019102909682631692
2025-26,new,MEM,ATL,0.09404983850964746
2025-26,new,MEM,BKN,0.004146941176502186
2025-26,new,MEM,BOS,0.005301724200955881
2025-26,new,MEM,CHA,0.07282805559196306
2025-26,new,MEM,CHI,0.033195410773697274
2025-26,new,MEM,CLE,0.010770474099232975
2025-26,new,MEM,DAL,0.003367068608385407
2025-26,new,MEM,DEN,0.030238656691591162
2025-26,new,MEM,DET,0.03311961196997235
2025-26,new,MEM,GSW,0.02031356083743331
2025-26,new,MEM,HOU,0.0002502694002810287
2025-26,new,MEM,IND,0.0017559605356981252
2025-26,new,MEM,LAC,0.010086547051831325
2025-26,new,MEM,LAL,0.04533399978486755
2025-26,new,MEM,MIA,0.037562988309543695
2025-26,new,MEM,MIL,0.007252694123890248
2025-26,new,MEM,MIN,0.020658944109916397
2025-26,new,MEM,NOP,0.0
2025-26,new,MEM,NYK,0.04494834643885984
2025-26,new,MEM,OKC,0.13943143176060088
2025-26,new,MEM,ORL,0.0
2025-26,new,MEM,PHI,0.11222980032709468
2025-26,new,MEM,PHX,0.0
2025-26,new,MEM,POR,0.030741771676870765
2025-26,new,MEM,SAC,0.003064376032381665
2025-26,new,MEM,SAS,0.10959051715370653
2025-26,new,MEM,TOR,0.03355304931354679
2025-26,new,MEM,UTA,0.014646282514340471
2025-26,new,MEM,WAS,0.016828664013160525
2025-26,new,MIA,ATL,0.08437823271800378
2025-26,new,MIA,BKN,0.0013429647301877435
2025-26,new,MIA,BOS,0.014836207138743765
2025-26,new,MIA,CHA,0.27415963274368627
2025-26,new,MIA,CHI,0.0029020416196572194
2025-26,new,MIA,CLE,0.01083189662353232
2025-26,new,MIA,DAL,0.00484216012439086
2025-26,new,MIA,DEN,0.03288116250437552
2025-26,new,MIA,DET,0.03896551728346947
2025-26,new,MIA,GSW,0.004085368004378889
2025-26,new,MIA,HOU,7.543103560676863e-06
2025-26,new,MIA,IND,0.0017336183252763448
2025-26,new,MIA,LAC,0.004932562414011234
2025-26,new,MIA,LAL,0.02920878594488825
2025-26,new,MIA,MEM,0.21263550676810872
2025-26,new,MIA,MIL,0.010943696370211845
2025-26,new,MIA,MIN,0.0369339983405722
2025-26,new,MIA,NOP,0.0
2025-26,new,MIA,NYK,0.055021518302796876
2025-26,new,MIA,OKC,0.16753637653947787
2025-26,new,MIA,ORL,0.0
2025-26,new,MIA,PHI,0.1572687489398203
2025-26,new,MIA,PHX,0.0
2025-26,new,MIA,POR,0.0009219570519492445
2025-26,new,MIA,SAC,0.002698428324837205
2025-26,new,MIA,SAS,0.2158197761728059
2025-26,new,MIA,TOR,0.13785674183241062
2025-26,new,MIA,UTA,0.014705819217207166
2025-26,new,MIA,WAS,0.012838092626670605
2025-26,new,MIL,ATL,0.10690732777144776
2025-26,new,MIL,BKN,0.0022033228858972195
2025-26,new,MIL,BOS,0.00897521568317737
2025-26,new,MIL,CHA,0.11594009218185575
2025-26,new,MIL,CHI,0.08390428357432247
2025-26,new,MIL,CLE,0.008078663798273891
2025-26,new,MIL,DAL,0.004220850145809827
2025-26,new,MIL,DEN,0.037859665904831884
2025-26,new,MIL,DET,0.0328801187649289
2025-26,new,MIL,GSW,0.014366531724602416
2025-26,new,MIL,HOU,0.0011710668315685446
2025-26,new,MIL,IND,0.0013803315286149255
2025-26,new,MIL,LAC,0.004390843969926335
2025-26,new,MIL,LAL,0.029205880471535835
2025-26,new,MIL,MEM,0.12056627256723507
2025-26,new,MIL,MIA,0.04556310485436835
2025-26,new,MIL,MIN,0.0365414875548068
2025-26,new,MIL,NOP,0.0
2025-26,new,MIL,NYK,0.031098567177905358
2025-26,new,MIL,OKC,0.17795630803616838
2025-26,new,MIL,ORL,0.0
2025-26,new,MIL,PHI,0.0793596192140558
2025-26,new,MIL,PHX,0.0
2025-26,new,MIL,POR,0.08983589786874485
2025-26,new,MIL,SAC,0.008084174868980533
2025-26,new,MIL,SAS,0.13415463351018345
2025-26,new,MIL,TOR,0.05834406053890169
2025-26,new,MIL,UTA,0.04537769399992801
2025-26,new,MIL,WAS,0.013071120882141888
2025-26,new,MIN,ATL,0.08301347011246654
2025-26,new,MIN,BKN,0.0007027302474758975
2025-26,new,MIN,BOS,0.019589439903723138
2025-26,new,MIN,CHA,0.12097521844461447
2025-26,new,MIN,CHI,0.07474037486742706
2025-26,new,MIN,CLE,0.00603771553439056
2025-26,new,MIN,DAL,0.004986406406409327
2025-26,new,MIN,DEN,0.10390219191722033
2025-26,new,MIN,DET,0.23141864255891617
2025-26,new,MIN,GSW,0.03261161487050357
2025-26,new,MIN,HOU,0.002009159515447241
2025-26,new,MIN,IND,9.495450848872086e-05
2025-26,new,MIN,LAC,0.0031820737138837257
2025-26,new,MIN,LAL,0.08518644956422682
2025-26,new,MIN,MEM,0.21467052841815965
2025-26,new,MIN,MIA,0.055505974642565216
2025-26,new,MIN,MIL,0.004026400840034356
2025-26,new,MIN,NOP,0.0
2025-26,new,MIN,NYK,0.06383426474944481
2025-26,new,MIN,OKC,0.17427182952987083
2025-26,new,MIN,ORL,0.0
2025-26,new,MIN,PHI,0.1614349159364717
2025-26,new,MIN,PHX,0.0
2025-26,new,MIN,POR,0.03392788384135249
2025-26,new,MIN,SAC,0.0011158966000108066
2025-26,new,MIN,SAS,0.038339439881263024
2025-26,new,MIN,TOR,0.07450601600413768
2025-26,new,MIN,UTA,0.008248922573522955
2025-26,new,MIN,WAS,0.004355872968484744
2025-26,new,NOP,ATL,0.06312607783306357
2025-26,new,NOP,BKN,0.008958421170849258
2025-26,new,NOP,BOS,0.011673491452419167
2025-26,new,NOP,CHA,0.07929996976659445
2025-26,new,NOP,CHI,0.09958419819571976
2025-26,new,NOP,CLE,0.0011163793044196891
2025-26,new,NOP,DAL,0.00043889839013962944
2025-26,new,NOP,DEN,0.03168442397286369
2025-26,new,NOP,DET,0.02124245743094623
2025-26,new,NOP,GSW,0.032230418966622536
2025-26,new,NOP,HOU,0.000915140100425623
2025-26,new,NOP,IND,0.006131548704935746
2025-26,new,NOP,LAC,0.011934517221771192
2025-26,new,NOP,LAL,0.032626803550541
2025-26,new,NOP,MEM,0.1111153015306075
2025-26,new,NOP,MIA,0.06276958638689738
2025-26,new,NOP,MIL,0.008437499758297705
2025-26,new,NOP,MIN,0.025477640476792348
2025-26,new,NOP,NYK,0.05378471545114358
2025-26,new,NOP,OKC,0.20531638712074368
2025-26,new,NOP,ORL,0.0
2025-26,new,NOP,PHI,0.08968415720339899
2025-26,new,NOP,PHX,0.0
2025-26,new,NOP,POR,0.10494429322789514
2025-26,new,NOP,SAC,0.002625516637830327
2025-26,new,NOP,SAS,0.03185371792236953
2025-26,new,NOP,TOR,0.018378069575110203
2025-26,new,NOP,UTA,0.025073006566381086
2025-26,new,NOP,WAS,0.029358567208220283
2025-26,new,NYK,ATL,0.1571128779742064
2025-26,new,NYK,BKN,0.0015533670452149914
2025-26,new,NYK,BOS,0.06998599194873384
2025-26,new,NYK,CHA,0.04179629825231852
2025-26,new,NYK,CHI,0.011545929867585578
2025-26,new,NYK,CLE,0.022671336259146965
2025-26,new,NYK,DAL,0.022589987966858984
2025-26,new,NYK,DEN,0.12122096286353021
2025-26,new,NYK,DET,0.06379094863555329
2025-26,new,NYK,GSW,0.01522198707649107
2025-26,new,NYK,HOU,0.0002974137975352592
2025-26,new,NYK,IND,0.00022202598432064915
2025-26,new,NYK,LAC,0.004401984701132498
2025-26,new,NYK,LAL,0.1341979364647137
2025-26,new,NYK,MEM,0.031815463610109875
2025-26,new,NYK,MIA,0.026927890650769486
2025-26,new,NYK,MIL,0.0014302263199151015
2025-26,new,NYK,MIN,0.027830010990166625
2025-26,new,NYK,NOP,0.0
2025-26,new,NYK,OKC,0.0658856974912756
2025-26,new,NYK,ORL,0.0
2025-26,new,NYK,PHI,0.16360839060644577
2025-26,new,NYK,PHX,0.0
2025-26,new,NYK,POR,0.02003459063001268
2025-26,new,NYK,SAC,0.004821895470070965
2025-26,new,NYK,SAS,0.05359536720453839
2025-26,new,NYK,TOR,0.029100521590926916
2025-26,new,NYK,UTA,0.003954741447895026
2025-26,new,NYK,WAS,0.006382273712620975
2025-26,new,OKC,ATL,0.07911988171764874
2025-26,new,OKC,BKN,0.0015616998044807305
2025-26,new,OKC,BOS,0.0255075433130922
2025-26,new,OKC,CHA,0.061542855228504334
2025-26,new,OKC,CHI,0.06896968280421852
2025-26,new,OKC,CLE,0.07619288793596408
2025-26,new,OKC,DAL,0.13402773581962937
2025-26,new,OKC,DEN,0.039317890612338834
2025-26,new,OKC,DET,0.030091864660378255
2025-26,new,OKC,GSW,0.0023994782498501636
2025-26,new,OKC,HOU,0.00042079742060540694
2025-26,new,OKC,IND,0.00137893516921081
2025-26,new,OKC,LAC,0.0027503700809863624
2025-26,new,OKC,LAL,0.055444313113424376
2025-26,new,OKC,MEM,0.06178313622730863
2025-26,new,OKC,MIA,0.02813813566009701
2025-26,new,OKC,MIL,0.0005789331108299567
2025-26,new,OKC,MIN,0.05017564666642132
2025-26,new,OKC,NOP,0.0
2025-26,new,OKC,NYK,0.06619450431044117
2025-26,new,OKC,ORL,0.0
2025-26,new,OKC,PHI,0.058930387600284406
2025-26,new,OKC,PHX,0.0
2025-26,new,OKC,POR,0.1201354507448437
2025-26,new,OKC,SAC,0.003908763078406363
2025-26,new,OKC,SAS,0.026609644759366093
2025-26,new,OKC,TOR,0.028748014914362387
2025-26,new,OKC,UTA,0.007969827705368015
2025-26,new,OKC,WAS,0.008169450490546796
2025-26,new,ORL,ATL,0.0804733296578493
2025-26,new,ORL,BKN,0.004078890488884506
2025-26,new,ORL,BOS,0.01909596192589028
2025-26,new,ORL,CHA,0.32316575654046154
2025-26,new,ORL,CHI,0.012839673980991265
2025-26,new,ORL,CLE,0.00895258622789948
2025-26,new,ORL,DAL,0.008442519343912424
2025-26,new,ORL,DEN,0.03389128795868256
2025-26,new,ORL,DET,0.05532058188155823
2025-26,new,ORL,GSW,0.021896128947627373
2025-26,new,ORL,HOU,0.0008399784613344496
2025-26,new,ORL,IND,0.0016107359651831412
2025-26,new,ORL,LAC,0.0038714069903584593
2025-26,new,ORL,LAL,0.025795658136405174
2025-26,new,ORL,MEM,1.097504307809005
2025-26,new,ORL,MIA,0.3069858134622811
2025-26,new,ORL,MIL,0.01852020502897332
2025-26,new,ORL,MIN,0.06112203743981182
2025-26,new,ORL,NOP,0.0
2025-26,new,ORL,NYK,0.06556798874331307
2025-26,new,ORL,OKC,0.14343157216269703
2025-26,new,ORL,PHI,0.19552743929924526
2025-26,new,ORL,PHX,0.0
2025-26,new,ORL,POR,0.016053579432043632
2025-26,new,ORL,SAC,0.001788073374432785
2025-26,new,ORL,SAS,0.26050835195964933
2025-26,new,ORL,TOR,0.16234653939303095
2025-26,new,ORL,UTA,0.009567349168435865
2025-26,new,ORL,WAS,0.009482758755550784
2025-26,new,PHI,ATL,0.05633243547700314
2025-26,new,PHI,BKN,0.005685726048375663
2025-26,new,PHI,BOS,0.010133299391585252
2025-26,new,PHI,CHA,0.2934640877950137
2025-26,new,PHI,CHI,0.01823121444650511
2025-26,new,PHI,CLE,0.021709051795046903
2025-26,new,PHI,DAL,0.008968548940321288
2025-26,new,PHI,DEN,0.028264854494389445
2025-26,new,PHI,DET,0.0466885781644418
2025-26,new,PHI,GSW,0.008011550416459646
2025-26,new,PHI,HOU,0.000291217677295208
2025-26,new,PHI,IND,0.0021308911689065387
2025-26,new,PHI,LAC,0.013849331820029277
2025-26,new,PHI,LAL,0.03153554494594825
2025-26,new,PHI,MEM,0.18868642389023643
2025-26,new,PHI,MIA,0.2113651741375455
2025-26,new,PHI,MIL,0.012899784378281891
2025-26,new,PHI,MIN,0.028842942210572677
2025-26,new,PHI,NOP,0.0
2025-26,new,PHI,NYK,0.06045258176667819
2025-26,new,PHI,OKC,0.6686463177447276
2025-26,new,PHI,ORL,0.0
2025-26,new,PHI,PHX,0.0
2025-26,new,PHI,POR,0.0010381975220034607
2025-26,new,PHI,SAC,0.004977440412667734
2025-26,new,PHI,SAS,0.3034714454386367
2025-26,new,PHI,TOR,0.3253235640972859
2025-26,new,PHI,UTA,0.015875539034283882
2025-26,new,PHI,WAS,0.023777748092904626
2025-26,new,PHX,ATL,0.05348356700373877
2025-26,new,PHX,BKN,0.0016964127949114331
2025-26,new,PHX,BOS,0.006226293172703349
2025-26,new,PHX,CHA,0.4122776583957148
2025-26,new,PHX,CHI,0.04389590681093585
2025-26,new,PHX,CLE,0.017792025892593863
2025-26,new,PHX,DAL,0.004951151750989272
2025-26,new,PHX,DEN,0.09898927236960373
2025-26,new,PHX,DET,0.08892941797093956
2025-26,new,PHX,GSW,0.05924018760224712
2025-26,new,PHX,HOU,0.00990867473718967
2025-26,new,PHX,IND,0.0006891185342527903
2025-26,new,PHX,LAC,0.004321214327425157
2025-26,new,PHX,LAL,0.09335761415785562
2025-26,new,PHX,MEM,0.42817268409882675
2025-26,new,PHX,MIA,0.08129329215370455
2025-26,new,PHX,MIL,0.005456088475866949
2025-26,new,PHX,MIN,0.17885264240462206
2025-26,new,PHX,NOP,0.0
2025-26,new,PHX,NYK,0.04013608341038795
2025-26,new,PHX,OKC,0.13226942925984
2025-26,new,PHX,ORL,0.0
2025-26,new,PHX,PHI,0.11124797164798583
2025-26,new,PHX,POR,0.059048793786733535
2025-26,new,PHX,SAC,0.0006680102713170495
2025-26,new,PHX,SAS,0.04945447233102108
2025-26,new,PHX,TOR,0.04962551482899627
2025-26,new,PHX,UTA,0.007448275946743049
2025-26,new,PHX,WAS,0.017046605727880207
2025-26,new,POR,ATL,0.03228151952530707
2025-26,new,POR,BKN,0.0019734775672033467
2025-26,new,POR,BOS,0.007225593733744281
2025-26,new,POR,CHA,0.06622194448349013
2025-26,new,POR,CHI,0.9039160559100906
2025-26,new,POR,CLE,0.0008825431174823436
2025-26,new,POR,DAL,0.0004011957460513792
2025-26,new,POR,DEN,0.0209890541599945
2025-26,new,POR,DET,0.045959859863385265
2025-26,new,POR,GSW,0.08603798794507593
2025-26,new,POR,HOU,0.0008682651002289216
2025-26,new,POR,IND,0.0003637595777575465
2025-26,new,POR,LAC,0.007343139953556351
2025-26,new,POR,LAL,0.03645781861855382
2025-26,new,POR,MEM,0.061053610768125016
2025-26,new,POR,MIA,0.028485322534438185
2025-26,new,POR,MIL,0.00902559278687414
2025-26,new,POR,MIN,0.02074353475958623
2025-26,new,POR,NOP,0.0
2025-26,new,POR,NYK,0.05055794931433097
2025-26,new,POR,OKC,0.6032034621309221
2025-26,new,POR,ORL,0.0
2025-26,new,POR,PHI,0.06686910908917869
2025-26,new,POR,PHX,0.0
2025-26,new,POR,SAC,0.0075446277954261875
2025-26,new,POR,SAS,0.06263981693424285
2025-26,new,POR,TOR,0.028784780452700054
2025-26,new,POR,UTA,0.017417026085273266
2025-26,new,POR,WAS,0.014179418164803167
2025-26,new,SAC,ATL,0.014744612116202037
2025-26,new,SAC,BKN,0.030131986287867438
2025-26,new,SAC,BOS,0.006218428667198168
2025-26,new,SAC,CHA,0.08165563618671233
2025-26,new,SAC,CHI,0.20950720984192295
2025-26,new,SAC,CLE,0.015920258697347138
2025-26,new,SAC,DAL,0.005097531196571284
2025-26,new,SAC,DEN,0.015084068178362817
2025-26,new,SAC,DET,0.010136045356409561
2025-26,new,SAC,GSW,0.011569953924872917
2025-26,new,SAC,HOU,0.0004975754384489345
2025-26,new,SAC,IND,0.009667906632169215
2025-26,new,SAC,LAC,0.02256974574342919
2025-26,new,SAC,LAL,0.014349336969801162
2025-26,new,SAC,MEM,0.13639897556959427
2025-26,new,SAC,MIA,0.07420876594791793
2025-26,new,SAC,MIL,0.00488415952922439
2025-26,new,SAC,MIN,0.023054149089228555
2025-26,new,SAC,NOP,0.0
2025-26,new,SAC,NYK,0.061318984762286255
2025-26,new,SAC,OKC,0.2613410291200039
2025-26,new,SAC,ORL,0.0
2025-26,new,SAC,PHI,0.07051903528454642
2025-26,new,SAC,PHX,0.0
2025-26,new,SAC,POR,0.08125896356777018
2025-26,new,SAC,SAS,0.12221309255467377
2025-26,new,SAC,TOR,0.046908141264745525
2025-26,new,SAC,UTA,0.06108593758641228
2025-26,new,SAC,WAS,0.07985533494709045
2025-26,new,SAS,ATL,0.0383130391815613
2025-26,new,SAS,BKN,0.0024901092100534346
2025-26,new,SAS,BOS,0.022346983045773126
2025-26,new,SAS,CHA,0.10435733901677506
2025-26,new,SAS,CHI,0.0920551089029009
2025-26,new,SAS,CLE,0.18873168124696885
2025-26,new,SAS,DAL,0.0662717401810974
2025-26,new,SAS,DEN,0.022424817349142517
2025-26,new,SAS,DET,0.02861260808478431
2025-26,new,SAS,GSW,0.0259845853524873
2025-26,new,SAS,HOU,0.002547413839151729
2025-26,new,SAS,IND,0.0013237777356146676
2025-26,new,SAS,LAC,0.0036430218375570456
2025-26,new,SAS,LAL,0.04692965644087836
2025-26,new,SAS,MEM,0.07995339517989435
2025-26,new,SAS,MIA,0.03239170388193874
2025-26,new,SAS,MIL,0.0013149245344262952
2025-26,new,SAS,MIN,0.08422009744245863
2025-26,new,SAS,NOP,0.0
2025-26,new,SAS,NYK,0.04821880699497405
2025-26,new,SAS,OKC,0.2133915313578272
2025-26,new,SAS,ORL,0.0
2025-26,new,SAS,PHI,0.07024104205146584
2025-26,new,SAS,PHX,0.0
2025-26,new,SAS,POR,0.10620991454922377
2025-26,new,SAS,SAC,0.0005937097851826897
2025-26,new,SAS,TOR,0.06529311397564767
2025-26,new,SAS,UTA,0.007670797472518613
2025-26,new,SAS,WAS,0.012733028123520541
2025-26,new,TOR,ATL,0.04201643320015262
2025-26,new,TOR,BKN,0.004297625148470489
2025-26,new,TOR,BOS,0.013888309279374943
2025-26,new,TOR,CHA,0.2519358629034854
2025-26,new,TOR,CHI,0.034766064444327796
2025-26,new,TOR,CLE,0.019279094852651633
2025-26,new,TOR,DAL,0.012368938873078777
2025-26,new,TOR,DEN,0.04230466348859471
2025-26,new,TOR,DET,0.05296120731679901
2025-26,new,TOR,GSW,0.008676228781134755
2025-26,new,TOR,HOU,0.001174299588611606
2025-26,new,TOR,IND,0.001996139509268185
2025-26,new,TOR,LAC,0.003981421804668384
2025-26,new,TOR,LAL,0.04907692945552519
2025-26,new,TOR,MEM,0.23074299665099682
2025-26,new,TOR,MIA,0.14746158753342675
2025-26,new,TOR,MIL,0.0014851832109230479
2025-26,new,TOR,MIN,0.07069962363585765
2025-26,new,TOR,NOP,0.0
2025-26,new,TOR,NYK,0.04257915544690934
2025-26,new,TOR,OKC,0.24149030866917848
2025-26,new,TOR,ORL,0.0
2025-26,new,TOR,PHI,0.189813786846254
2025-26,new,TOR,PHX,0.0
2025-26,new,TOR,POR,0.05735714935012266
2025-26,new,TOR,SAC,0.0010395129241721312
2025-26,new,TOR,SAS,0.16425377374922387
2025-26,new,TOR,UTA,0.011035829829313023
2025-26,new,TOR,WAS,0.009014278095705307
2025-26,new,UTA,ATL,0.09344019386668463
2025-26,new,UTA,BKN,0.014926071831801137
2025-26,new,UTA,BOS,0.008976293263539414
2025-26,new,UTA,CHA,0.06372787897657348
2025-26,new,UTA,CHI,0.014937728513132553
2025-26,new,UTA,CLE,0.0038620689806753193
2025-26,new,UTA,DAL,0.003278245529996827
2025-26,new,UTA,DEN,0.04171928543006914
2025-26,new,UTA,DET,0.043856411980934734
2025-26,new,UTA,GSW,0.004957733039256143
2025-26,new,UTA,HOU,0.0004824892313275808
2025-26,new,UTA,IND,0.0053237368349650285
2025-26,new,UTA,LAC,0.010618517423599459
2025-26,new,UTA,LAL,0.030474237688519586
2025-26,new,UTA,MEM,0.042967942041116126
2025-26,new,UTA,MIA,0.03598571970616439
2025-26,new,UTA,MIL,0.00208028009795616
2025-26,new,UTA,MIN,0.008580819133223548
2025-26,new,UTA,NOP,0.0
2025-26,new,UTA,NYK,0.07621794164905343
2025-26,new,UTA,OKC,0.24277375336126722
2025-26,new,UTA,ORL,0.0
2025-26,new,UTA,PHI,0.11159726930003798
2025-26,new,UTA,PHX,0.0
2025-26,new,UTA,POR,0.01469390009636425
2025-26,new,UTA,SAC,0.008884120631099245
2025-26,new,UTA,SAS,0.0384585131095634
2025-26,new,UTA,TOR,0.025716569555877183
2025-26,new,UTA,WAS,0.03277505449187975
2025-26,new,WAS,ATL,0.04732381432008094
2025-26,new,WAS,BKN,0.016042663794028314
2025-26,new,WAS,BOS,0.013506465582417903
2025-26,new,WAS,CHA,0.08210459372187416
2025-26,new,WAS,CHI,0.021375441693484428
2025-26,new,WAS,CLE,0.009390086152847726
2025-26,new,WAS,DAL,0.005613616654170605
2025-26,new,WAS,DEN,0.020724306817812312
2025-26,new,WAS,DET,0.013442888097889752
2025-26,new,WAS,GSW,0.004897609882196023
2025-26,new,WAS,HOU,7.354525971659941e-05
2025-26,new,WAS,IND,0.008373452879629973
2025-26,new,WAS,LAC,0.02941990795703971
2025-26,new,WAS,LAL,0.020978277210991204
2025-26,new,WAS,MEM,0.11075107744499513
2025-26,new,WAS,MIA,0.05479026259251511
2025-26,new,WAS,MIL,0.011809267308261918
2025-26,new,WAS,MIN,0.022456358010631762
2025-26,new,WAS,NOP,0.0
2025-26,new,WAS,NYK,0.3404862410320995
2025-26,new,WAS,OKC,0.09727703615941369
2025-26,new,WAS,ORL,0.0
2025-26,new,WAS,PHI,0.09295637969424142
2025-26,new,WAS,PHX,0.0
2025-26,new,WAS,POR,0.0025746982448000104
2025-26,new,WAS,SAC,0.018501524177563938
2025-26,new,WAS,SAS,0.09529687511835024
2025-26,new,WAS,TOR,0.04157919448901379
2025-26,new,WAS,UTA,0.0633537185699719
2025-26,old,ATL,BKN,0.005174196641222156
2025-26,old,ATL,BOS,0.001974137965268616
2025-26,old,ATL,CHA,0.19008953344182397
2025-26,old,ATL,CHI,0.04674628469732404
2025-26,old,ATL,CLE,0.0027618534309018783
2025-26,old,ATL,DAL,0.0066479655151895
2025-26,old,ATL,DEN,0.04827723303835288
2025-26,old,ATL,DET,0.023039601348252198
2025-26,old,ATL,GSW,0.01814908383819312
2025-26,old,ATL,HOU,2.2359914126292132e-05
2025-26,old,ATL,IND,0.01368975954597891
2025-26,old,ATL,LAC,0.00798268538285999
2025-26,old,ATL,LAL,0.053569587494203506
2025-26,old,ATL,MEM,0.09088442864137346
2025-26,old,ATL,MIA,0.08335722988332268
2025-26,old,ATL,MIL,0.025911637701070068
2025-26,old,ATL,MIN,0.0276101836441727
2025-26,old,ATL,NOP,0.0
2025-26,old,ATL,NYK,0.04013407755059778
2025-26,old,ATL,OKC,0.19793333429319607
2025-26,old,ATL,ORL,0.0
2025-26,old,ATL,PHI,0.09036134330777189
2025-26,old,ATL,PHX,0.0
2025-26,old,ATL,POR,0.03137825916691133
2025-26,old,ATL,SAC,0.006390168752303194
2025-26,old,ATL,SAS,0.8308116947652586
2025-26,old,ATL,TOR,0.13108908422331414
2025-26,old,ATL,UTA,0.03348706894463875
2025-26,old,ATL,WAS,0.005366648543136321
2025-26,old,BKN,ATL,0.07745501139393911
2025-26,old,BKN,BOS,0.0212931037438905
2025-26,old,BKN,CHA,0.06417299357571174
2025-26,old,BKN,CHI,0.0779711238528228
2025-26,old,BKN,CLE,0.025473060350351295
2025-26,old,BKN,DAL,0.026329869229890418
2025-26,old,BKN,DEN,0.018087803031490143
2025-26,old,BKN,DET,0.01857623953199624
2025-26,old,BKN,GSW,0.020571853441573917
2025-26,old,BKN,HOU,0.0
2025-26,old,BKN,IND,0.03441410808236117
2025-26,old,BKN,LAC,0.02358901513203692
2025-26,old,BKN,LAL,0.014096399022683838
2025-26,old,BKN,MEM,0.03798302804976943
2025-26,old,BKN,MIA,0.01771122293517637
2025-26,old,BKN,MIL,0.01021309238844471
2025-26,old,BKN,MIN,0.0286945044312321
2025-26,old,BKN,NOP,0.0
2025-26,old,BKN,NYK,0.02326241835643309
2025-26,old,BKN,OKC,0.10886856969861379
2025-26,old,BKN,ORL,0.0
2025-26,old,BKN,PHI,0.028867168073466794
2025-26,old,BKN,PHX,0.0
2025-26,old,BKN,POR,0.018461808025195266
2025-26,old,BKN,SAC,0.04241219690369294
2025-26,old,BKN,SAS,0.10314897617509844
2025-26,old,BKN,TOR,0.026537005921201003
2025-26,old,BKN,UTA,0.06376885834457112
2025-26,old,BKN,WAS,0.028808458681190214
2025-26,old,BOS,ATL,0.09788793140514515
2025-26,old,BOS,BKN,0.0014209384874682104
2025-26,old,BOS,CHA,0.13790964110744475
2025-26,old,BOS,CHI,0.03383172941596111
2025-26,old,BOS,CLE,0.03257004318493901
2025-26,old,BOS,DAL,0.02584849316978555
2025-26,old,BOS,DEN,0.04635208249634054
2025-26,old,BOS,DET,0.05823383671839738
2025-26,old,BOS,GSW,0.012913613082385917
2025-26,old,BOS,HOU,0.00011745689882383008
2025-26,old,BOS,IND,0.0026734563855041926
2025-26,old,BOS,LAC,0.00164844353531672
2025-26,old,BOS,LAL,0.07587382367690086
2025-26,old,BOS,MEM,0.0923863146139975
2025-26,old,BOS,MIA,0.046751426927508624
2025-26,old,BOS,MIL,0.008319504433452021
2025-26,old,BOS,MIN,0.044902209476306895
2025-26,old,BOS,NOP,0.0
2025-26,old,BOS,NYK,0.07898947951946184
2025-26,old,BOS,OKC,0.13872835884515627
2025-26,old,BOS,ORL,0.0
2025-26,old,BOS,PHI,0.054054025699930286
2025-26,old,BOS,PHX,0.0
2025-26,old,BOS,POR,0.04291520058364253
2025-26,old,BOS,SAC,0.0025312416777781396
2025-26,old,BOS,SAS,0.11194369743648386
2025-26,old,BOS,TOR,0.07019382459643102
2025-26,old,BOS,UTA,0.010961476365096286
2025-26,old,BOS,WAS,0.002325969766403935
2025-26,old,CHA,ATL,0.04548572210679313
2025-26,old,CHA,BKN,0.00742705513793486
2025-26,old,CHA,BOS,0.013053879462712416
2025-26,old,CHA,CHI,0.06296293360997013
2025-26,old,CHA,CLE,0.011157327606021585
2025-26,old,CHA,DAL,0.010901998892032489
2025-26,old,CHA,DEN,0.036420804860414116
2025-26,old,CHA,DET,0.02163281260112478
2025-26,old,CHA,GSW,0.03367501118122516
2025-26,old,CHA,HOU,8.02801736100609e-05
2025-26,old,CHA,IND,0.0073361951625123805
2025-26,old,CHA,LAC,0.014241917486151223
2025-26,old,CHA,LAL,0.040860932619469804
2025-26,old,CHA,MEM,0.16288523726984214
2025-26,old,CHA,MIA,0.10424796606797164
2025-26,old,CHA,MIL,0.04053475219320811
2025-26,old,CHA,MIN,0.018715248061946174
2025-26,old,CHA,NOP,0.0
2025-26,old,CHA,NYK,0.02609068563954435
2025-26,old,CHA,OKC,0.17823870149431983
2025-26,old,CHA,ORL,0.0
2025-26,old,CHA,PHI,0.05946933120834733
2025-26,old,CHA,PHX,0.0
2025-26,old,CHA,POR,0.04509926209911983
2025-26,old,CHA,SAC,0.005900640915412056
2025-26,old,CHA,SAS,0.09236880309976123
2025-26,old,CHA,TOR,0.057034714580287166
2025-26,old,CHA,UTA,0.024424030189783758
2025-26,old,CHA,WAS,0.008356681316970552
2025-26,old,CHI,ATL,0.08513658444549696
2025-26,old,CHI,BKN,0.003361674273814273
2025-26,old,CHI,BOS,0.010497845009948803
2025-26,old,CHI,CHA,0.08290020205587363
2025-26,old,CHI,CLE,0.017964439669078028
2025-26,old,CHI,DAL,0.041650865996032425
2025-26,old,CHI,DEN,0.03676015759238704
2025-26,old,CHI,DET,0.02714116391207991
2025-26,old,CHI,GSW,0.01446848085817887
2025-26,old,CHI,HOU,8.135775983301473e-05
2025-26,old,CHI,IND,0.0011201097559811266
2025-26,old,CHI,LAC,0.0036782880625889232
2025-26,old,CHI,LAL,0.02441961687221613
2025-26,old,CHI,MEM,0.08290301830869103
2025-26,old,CHI,MIA,0.032998910912034336
2025-26,old,CHI,MIL,0.11889251260307679
2025-26,old,CHI,MIN,0.03493372879199813
2025-26,old,CHI,NOP,0.0
2025-26,old,CHI,NYK,0.013601393749194545
2025-26,old,CHI,OKC,0.11806402488185753
2025-26,old,CHI,ORL,0.0
2025-26,old,CHI,PHI,0.05617980330855942
2025-26,old,CHI,PHX,0.0
2025-26,old,CHI,POR,0.03642055805388911
2025-26,old,CHI,SAC,0.0017386687903160692
2025-26,old,CHI,SAS,0.04497306066605359
2025-26,old,CHI,TOR,0.026638825285981743
2025-26,old,CHI,UTA,0.014507812765740053
2025-26,old,CHI,WAS,0.005177263055309841
2025-26,old,CLE,ATL,0.699375539248757
2025-26,old,CLE,BKN,0.0040248341704252726
2025-26,old,CLE,BOS,0.05122198350197669
2025-26,old,CLE,CHA,0.08039552249083012
2025-26,old,CLE,CHI,0.015634852018993492
2025-26,old,CLE,DAL,0.030499716962320907
2025-26,old,CLE,DEN,0.13527398308887165
2025-26,old,CLE,DET,0.08147629349333925
2025-26,old,CLE,GSW,0.008341530180246515
2025-26,old,CLE,HOU,0.0
2025-26,old,CLE,IND,0.006663910914462364
2025-26,old,CLE,LAC,0.004335480719014554
2025-26,old,CLE,LAL,0.10884093943841551
2025-26,old,CLE,MEM,0.09025592675775784
2025-26,old,CLE,MIA,0.026826014335581506
2025-26,old,CLE,MIL,0.015269665633516926
2025-26,old,CLE,MIN,0.031428340744319494
2025-26,old,CLE,NOP,0.0
2025-26,old,CLE,NYK,0.12402970188505028
2025-26,old,CLE,OKC,0.0858384472955976
2025-26,old,CLE,ORL,0.0
2025-26,old,CLE,PHI,0.14990365740390946
2025-26,old,CLE,PHX,0.0
2025-26,old,CLE,POR,0.012846172775643885
2025-26,old,CLE,SAC,0.005064189351991433
2025-26,old,CLE,SAS,0.09356492630226118
2025-26,old,CLE,TOR,0.05862912065021869
2025-26,old,CLE,UTA,0.021979526015026653
2025-26,old,CLE,WAS,0.005088631180094971
2025-26,old,DAL,ATL,0.14660560460351735
2025-26,old,DAL,BKN,0.00655839444454828
2025-26,old,DAL,BOS,0.011977370906829963
2025-26,old,DAL,CHA,0.04550408781029685
2025-26,old,DAL,CHI,0.13126621089429735
2025-26,old,DAL,CLE,0.004685344842005649
2025-26,old,DAL,DEN,0.03166692568956601
2025-26,old,DAL,DET,0.043981950847303546
2025-26,old,DAL,GSW,0.019557613762040345
2025-26,old,DAL,HOU,2.2359914126292132e-05
2025-26,old,DAL,IND,0.008006662887439894
2025-26,old,DAL,LAC,0.016037189111285828
2025-26,old,DAL,LAL,0.022833198581353274
2025-26,old,DAL,MEM,0.16377801760204208
2025-26,old,DAL,MIA,0.04849525323542688
2025-26,old,DAL,MIL,0.02894989241504688
2025-26,old,DAL,MIN,0.00897817893260849
2025-26,old,DAL,NOP,0.0
2025-26,old,DAL,NYK,0.03702076936468228
2025-26,old,DAL,OKC,0.15816395056375235
2025-26,old,DAL,ORL,0.0
2025-26,old,DAL,PHI,0.04223940172673617
2025-26,old,DAL,PHX,0.0
2025-26,old,DAL,POR,0.11000443864908176
2025-26,old,DAL,SAC,0.005614439542407178
2025-26,old,DAL,SAS,0.0857642774653404
2025-26,old,DAL,TOR,0.0242750720215159
2025-26,old,DAL,UTA,0.09399272681402587
2025-26,old,DAL,WAS,0.0076891165329665305
2025-26,old,DEN,ATL,0.10917753233038419
2025-26,old,DEN,BKN,0.0030307727520303917
2025-26,old,DEN,BOS,0.023818965917774312
2025-26,old,DEN,CHA,0.05651796003600319
2025-26,old,DEN,CHI,0.10821062620440645
2025-26,old,DEN,CLE,0.02397198281861071
2025-26,old,DEN,DAL,0.039746575694484
2025-26,old,DEN,DET,0.09041756473030044
2025-26,old,DEN,GSW,0.01534723574316087
2025-26,old,DEN,HOU,0.0002036637961382753
2025-26,old,DEN,IND,0.003375863277716729
2025-26,old,DEN,LAC,0.0021417694747640384
2025-26,old,DEN,LAL,0.1167472775235956
2025-26,old,DEN,MEM,0.038526670596249216
2025-26,old,DEN,MIA,0.029991082122663843
2025-26,old,DEN,MIL,0.006956896691739656
2025-26,old,DEN,MIN,0.019751886027656363
2025-26,old,DEN,NOP,0.0
2025-26,old,DEN,NYK,0.11407181438777159
2025-26,old,DEN,OKC,0.12244109541433447
2025-26,old,DEN,ORL,0.0
2025-26,old,DEN,PHI,0.14537402302664376
2025-26,old,DEN,PHX,0.0
2025-26,old,DEN,POR,0.04321351645339752
2025-26,old,DEN,SAC,0.006666024651228118
2025-26,old,DEN,SAS,0.022942618672105744
2025-26,old,DEN,TOR,0.02990519610075964
2025-26,old,DEN,UTA,0.008193965634463582
2025-26,old,DEN,WAS,0.0034434267424914094
2025-26,old,DET,ATL,0.0813830825461452
2025-26,old,DET,BKN,0.0052455612779464455
2025-26,old,DET,BOS,0.040425646992898065
2025-26,old,DET,CHA,0.05790074834198943
2025-26,old,DET,CHI,0.02302859823094138
2025-26,old,DET,CLE,0.0788890085466495
2025-26,old,DET,DAL,0.05318121755398626
2025-26,old,DET,DEN,0.029542555142419817
2025-26,old,DET,GSW,0.006657616596991521
2025-26,old,DET,HOU,2.1282327903338292e-05
2025-26,old,DET,IND,0.0038335683511885855
2025-26,old,DET,LAC,0.006211713354212238
2025-26,old,DET,LAL,0.016279652217764444
2025-26,old,DET,MEM,0.09667456834123406
2025-26,old,DET,MIA,0.0415039272892175
2025-26,old,DET,MIL,0.00731492459348499
2025-26,old,DET,MIN,0.1658739230287229
2025-26,old,DET,NOP,0.0
2025-26,old,DET,NYK,0.029056486641725783
2025-26,old,DET,OKC,0.12645876734857184
2025-26,old,DET,ORL,0.0
2025-26,old,DET,PHI,0.040667263339283
2025-26,old,DET,PHX,0.0
2025-26,old,DET,POR,0.019957959897693427
2025-26,old,DET,SAC,0.004106850875384465
2025-26,old,DET,SAS,0.07700457887784254
2025-26,old,DET,TOR,0.048420706038468354
2025-26,old,DET,UTA,0.013445581930553027
2025-26,old,DET,WAS,0.002751616307771122
2025-26,old,GSW,ATL,0.10133674590904587
2025-26,old,GSW,BKN,0.010011234082685542
2025-26,old,GSW,BOS,0.014390086446535486
2025-26,old,GSW,CHA,0.04923099419527478
2025-26,old,GSW,CHI,0.20237339878281774
2025-26,old,GSW,CLE,0.013854525879764094
2025-26,old,GSW,DAL,0.01832459754898174
2025-26,old,GSW,DEN,0.04891160737494473
2025-26,old,GSW,DET,0.047486260985786996
2025-26,old,GSW,HOU,0.00017941810612181393
2025-26,old,GSW,IND,0.008638883515040248
2025-26,old,GSW,LAC,0.007294275789479441
2025-26,old,GSW,LAL,0.03264410057559109
2025-26,old,GSW,MEM,0.03547952588914557
2025-26,old,GSW,MIA,0.035671385615964495
2025-26,old,GSW,MIL,0.01189466583387975
2025-26,old,GSW,MIN,0.026229795362571542
2025-26,old,GSW,NOP,0.0
2025-26,old,GSW,NYK,0.051761152934807264
2025-26,old,GSW,OKC,0.15874691414656997
2025-26,old,GSW,ORL,0.0
2025-26,old,GSW,PHI,0.10408716784828212
2025-26,old,GSW,PHX,0.0
2025-26,old,GSW,POR,0.31859642648040254
2025-26,old,GSW,SAC,0.006678262008556978
2025-26,old,GSW,SAS,0.06323383657645096
2025-26,old,GSW,TOR,0.01579404291747517
2025-26,old,GSW,UTA,0.03345770494986309
2025-26,old,GSW,WAS,0.005409213207754433
2025-26,old,HOU,ATL,0.15079714566487257
2025-26,old,HOU,BKN,0.004775230913987351
2025-26,old,HOU,BOS,0.04259482821698526
2025-26,old,HOU,CHA,0.0902538059712893
2025-26,old,HOU,CHI,0.047818953939127065
2025-26,old,HOU,CLE,0.014294181162619901
2025-26,old,HOU,DAL,0.028913649292549862
2025-26,old,HOU,DEN,0.12129257591736431
2025-26,old,HOU,DET,0.11559348161432671
2025-26,old,HOU,GSW,0.01324201141459002
2025-26,old,HOU,IND,0.009021930499676275
2025-26,old,HOU,LAC,0.004881038302726845
2025-26,old,HOU,LAL,0.08679913854212266
2025-26,old,HOU,MEM,0.07837607815725216
2025-26,old,HOU,MIA,0.03452006864846749
2025-26,old,HOU,MIL,0.022271282315005324
2025-26,old,HOU,MIN,0.024033944328548388
2025-26,old,HOU,NOP,0.0
2025-26,old,HOU,NYK,0.1011892917894516
2025-26,old,HOU,OKC,0.1418086657673993
2025-26,old,HOU,ORL,0.0
2025-26,old,HOU,PHI,0.8024187850588651
2025-26,old,HOU,PHX,0.0
2025-26,old,HOU,POR,0.02181710541634908
2025-26,old,HOU,SAC,0.0059254131305155906
2025-26,old,HOU,SAS,0.08492133614928302
2025-26,old,HOU,TOR,0.05324661940458599
2025-26,old,HOU,UTA,0.01138631468405947
2025-26,old,HOU,WAS,0.004414870831994983
2025-26,old,IND,ATL,0.05911395511957254
2025-26,old,IND,BKN,0.028439571406082644
2025-26,old,IND,BOS,0.014142241600563685
2025-26,old,IND,CHA,0.08735232620896557
2025-26,old,IND,CHI,0.0977396781259231
2025-26,old,IND,CLE,0.006373922451768585
2025-26,old,IND,DAL,0.00805148075487321
2025-26,old,IND,DEN,0.02990264671193374
2025-26,old,IND,DET,0.023354795543408698
2025-26,old,IND,GSW,0.024936979685637455
2025-26,old,IND,HOU,5.30711214804765e-05
2025-26,old,IND,LAC,0.09054482761461165
2025-26,old,IND,LAL,0.01787447302703324
2025-26,old,IND,MEM,0.08870474143021996
2025-26,old,IND,MIA,0.03896465321809885
2025-26,old,IND,MIL,0.016035560027310814
2025-26,old,IND,MIN,0.01966783424235222
2025-26,old,IND,NOP,0.0
2025-26,old,IND,NYK,0.026413468975050352
2025-26,old,IND,OKC,0.16069805852734823
2025-26,old,IND,ORL,0.0
2025-26,old,IND,PHI,0.03303754359656017
2025-26,old,IND,PHX,0.0
2025-26,old,IND,POR,0.06802544825675447
2025-26,old,IND,SAC,0.022519059777437275
2025-26,old,IND,SAS,0.03721093782209711
2025-26,old,IND,TOR,0.028139162949927576
2025-26,old,IND,UTA,0.030906788854004708
2025-26,old,IND,WAS,0.029997306504078048
2025-26,old,LAC,ATL,0.05850134720235005
2025-26,old,LAC,BKN,0.005473848936742122
2025-26,old,LAC,BOS,0.011239224306050817
2025-26,old,LAC,CHA,0.08902597099458928
2025-26,old,LAC,CHI,0.8238323246316972
2025-26,old,LAC,CLE,0.021230603498487
2025-26,old,LAC,DAL,0.022387972640806893
2025-26,old,LAC,DEN,0.014981263005050512
2025-26,old,LAC,DET,0.029375808285870424
2025-26,old,LAC,GSW,0.07637063671603442
2025-26,old,LAC,HOU,0.00020016164091367535
2025-26,old,LAC,IND,0.0031336652374826463
2025-26,old,LAC,LAL,0.018062178523136754
2025-26,old,LAC,MEM,0.0909278024607017
2025-26,old,LAC,MIA,0.06541537701121655
2025-26,old,LAC,MIL,0.02019234961201838
2025-26,old,LAC,MIN,0.01875242468977251
2025-26,old,LAC,NOP,0.0
2025-26,old,LAC,NYK,0.01522371016679863
2025-26,old,LAC,OKC,0.7050714834660227
2025-26,old,LAC,ORL,0.0
2025-26,old,LAC,PHI,0.023982273045893832
2025-26,old,LAC,PHX,0.0
2025-26,old,LAC,POR,0.7099165127988046
2025-26,old,LAC,SAC,0.002880012293860397
2025-26,old,LAC,SAS,0.040107488417817326
2025-26,old,LAC,TOR,0.028508705622609123
2025-26,old,LAC,UTA,0.027105334129441393
2025-26,old,LAC,WAS,0.006047683440084597
2025-26,old,LAL,ATL,0.15606815828247284
2025-26,old,LAL,BKN,0.005604931536278516
2025-26,old,LAL,BOS,0.05003556060974069
2025-26,old,LAL,CHA,0.08963709887797001
2025-26,old,LAL,CHI,0.02778868614722554
2025-26,old,LAL,CLE,0.012098060381068879
2025-26,old,LAL,DAL,0.011037850143246998
2025-26,old,LAL,DEN,0.11635792855425717
2025-26,old,LAL,DET,0.06216163801695703
2025-26,old,LAL,GSW,0.01327185064223777
2025-26,old,LAL,HOU,0.00013281250197906048
2025-26,old,LAL,IND,0.004177364477730826
2025-26,old,LAL,LAC,0.009678164940616966
2025-26,old,LAL,MEM,0.10016029153954531
2025-26,old,LAL,MIA,0.02464205822540855
2025-26,old,LAL,MIL,0.009577316747163424
2025-26,old,LAL,MIN,0.030715248212679926
2025-26,old,LAL,NOP,0.0
2025-26,old,LAL,NYK,0.11145622246943036
2025-26,old,LAL,OKC,0.08391605164163281
2025-26,old,LAL,ORL,0.0
2025-26,old,LAL,PHI,0.16362875024270548
2025-26,old,LAL,PHX,0.0
2025-26,old,LAL,POR,0.03714768678262116
2025-26,old,LAL,SAC,0.015340638100365213
2025-26,old,LAL,SAS,0.02552235985253054
2025-26,old,LAL,TOR,0.03525356237986373
2025-26,old,LAL,UTA,0.009913523907468105
2025-26,old,LAL,WAS,0.008000808121568262
2025-26,old,MEM,ATL,0.11541945024688555
2025-26,old,MEM,BKN,0.00735993260063907
2025-26,old,MEM,BOS,0.0053028017871788345
2025-26,old,MEM,CHA,0.06978943445440278
2025-26,old,MEM,CHI,0.07393280944476796
2025-26,old,MEM,CLE,0.010770474099232975
2025-26,old,MEM,DAL,0.10559855567057447
2025-26,old,MEM,DEN,0.029075192146529663
2025-26,old,MEM,DET,0.03374703665111407
2025-26,old,MEM,GSW,0.017785247247300594
2025-26,old,MEM,HOU,5.1724138701784204e-05
2025-26,old,MEM,IND,0.008438119857917278
2025-26,old,MEM,LAC,0.010738485782507808
2025-26,old,MEM,LAL,0.04184381707303552
2025-26,old,MEM,MIA,0.02865619035784817
2025-26,old,MEM,MIL,0.03412446215831079
2025-26,old,MEM,MIN,0.018785291021260246
2025-26,old,MEM,NOP,0.0
2025-26,old,MEM,NYK,0.034813039625334434
2025-26,old,MEM,OKC,0.159102358527586
2025-26,old,MEM,ORL,0.0
2025-26,old,MEM,PHI,0.08734558707904685
2025-26,old,MEM,PHX,0.0
2025-26,old,MEM,POR,0.03641783895388887
2025-26,old,MEM,SAC,0.01171165456298393
2025-26,old,MEM,SAS,0.07675107710430767
2025-26,old,MEM,TOR,0.02622474298452684
2025-26,old,MEM,UTA,0.05116702635933099
2025-26,old,MEM,WAS,0.006481411452726299
2025-26,old,MIA,ATL,0.08071578661288971
2025-26,old,MIA,BKN,0.0037888260263320723
2025-26,old,MIA,BOS,0.014837284725769584
2025-26,old,MIA,CHA,0.18021778593186585
2025-26,old,MIA,CHI,0.021108377587937443
2025-26,old,MIA,CLE,0.01083189662353232
2025-26,old,MIA,DAL,0.007705459585016673
2025-26,old,MIA,DEN,0.033638553794909695
2025-26,old,MIA,DET,0.04172898727989001
2025-26,old,MIA,GSW,0.02118110372107573
2025-26,old,MIA,HOU,4.364224202963042e-05
2025-26,old,MIA,IND,0.004396906219889892
2025-26,old,MIA,LAC,0.004855170347473423
2025-26,old,MIA,LAL,0.030163662598727773
2025-26,old,MIA,MEM,0.13032569971429347
2025-26,old,MIA,MIL,0.00938900828656564
2025-26,old,MIA,MIN,0.042472791472441866
2025-26,old,MIA,NOP,0.0
2025-26,old,MIA,NYK,0.028910032239232285
2025-26,old,MIA,OKC,0.2235109135622146
2025-26,old,MIA,ORL,0.0
2025-26,old,MIA,PHI,0.07050527019304384
2025-26,old,MIA,PHX,0.0
2025-26,old,MIA,POR,0.036131706925275404
2025-26,old,MIA,SAC,0.004472777534301156
2025-26,old,MIA,SAS,0.14547413852172178
2025-26,old,MIA,TOR,0.08883979727912589
2025-26,old,MIA,UTA,0.009022090570611778
2025-26,old,MIA,WAS,0.005543103632978803
2025-26,old,MIL,ATL,0.13383001089270694
2025-26,old,MIL,BKN,0.004454966045388181
2025-26,old,MIL,BOS,0.008979526024376011
2025-26,old,MIL,CHA,0.116624395377462
2025-26,old,MIL,CHI,0.22778370665920739
2025-26,old,MIL,CLE,0.008078663798273891
2025-26,old,MIL,DAL,0.015979506523911616
2025-26,old,MIL,DEN,0.03350852328632121
2025-26,old,MIL,DET,0.033467672693619416
2025-26,old,MIL,GSW,0.02230498735889979
2025-26,old,MIL,HOU,5.9536638818199525e-05
2025-26,old,MIL,IND,0.006929096518138932
2025-26,old,MIL,LAC,0.007373725175343854
2025-26,old,MIL,LAL,0.026475987288211444
2025-26,old,MIL,MEM,0.10132111973462403
2025-26,old,MIL,MIA,0.04029072602350408
2025-26,old,MIL,MIN,0.03204067927572459
2025-26,old,MIL,NOP,0.0
2025-26,old,MIL,NYK,0.022464522109692305
2025-26,old,MIL,OKC,0.15282701134835494
2025-26,old,MIL,ORL,0.0
2025-26,old,MIL,PHI,0.05546901290334521
2025-26,old,MIL,PHX,0.0
2025-26,old,MIL,POR,0.08902023031317607
2025-26,old,MIL,SAC,0.010100183949000833
2025-26,old,MIL,SAS,0.11397737045959042
2025-26,old,MIL,TOR,0.03934769521981602
2025-26,old,MIL,UTA,0.010928610104421184
2025-26,old,MIL,WAS,0.0057068965307252185
2025-26,old,MIN,ATL,0.08581384753667878
2025-26,old,MIN,BKN,0.0033724715750517386
2025-26,old,MIN,BOS,0.019627155422891392
2025-26,old,MIN,CHA,0.06967676465391263
2025-26,old,MIN,CHI,0.0962790025392232
2025-26,old,MIN,CLE,0.00603771553439056
2025-26,old,MIN,DAL,0.015754047976831387
2025-26,old,MIN,DEN,0.09711118063732915
2025-26,old,MIN,DET,0.24349245786753182
2025-26,old,MIN,GSW,0.02195702331987863
2025-26,old,MIN,HOU,0.00012823276053150666
2025-26,old,MIN,IND,0.0024791292051346754
2025-26,old,MIN,LAC,0.0017834909517534764
2025-26,old,MIN,LAL,0.07299654619813233
2025-26,old,MIN,MEM,0.10855630487605028
2025-26,old,MIN,MIA,0.04142771222488196
2025-26,old,MIN,MIL,0.01062742467770947
2025-26,old,MIN,NOP,0.0
2025-26,old,MIN,NYK,0.06625977302713273
2025-26,old,MIN,OKC,0.18465625324962812
2025-26,old,MIN,ORL,0.0
2025-26,old,MIN,PHI,0.149601438110898
2025-26,old,MIN,PHX,0.0
2025-26,old,MIN,POR,0.045059586243962245
2025-26,old,MIN,SAC,0.002652117363332814
2025-26,old,MIN,SAS,0.036987338099841456
2025-26,old,MIN,TOR,0.054969862513261386
2025-26,old,MIN,UTA,0.011491918118754888
2025-26,old,MIN,WAS,0.003640085908981713
2025-26,old,NOP,ATL,0.24540139938857225
2025-26,old,NOP,BKN,0.012334978779088769
2025-26,old,NOP,BOS,0.011684267315933288
2025-26,old,NOP,CHA,0.07498679019454563
2025-26,old,NOP,CHI,0.12019113617914562
2025-26,old,NOP,CLE,0.0011163793044196891
2025-26,old,NOP,DAL,0.07597394283721168
2025-26,old,NOP,DEN,0.028784447659122372
2025-26,old,NOP,DET,0.023367188071996652
2025-26,old,NOP,GSW,0.022104957512827036
2025-26,old,NOP,HOU,0.00012230603630526056
2025-26,old,NOP,IND,0.02218509047022677
2025-26,old,NOP,LAC,0.01268576568248436
2025-26,old,NOP,LAL,0.025435465477221048
2025-26,old,NOP,MEM,0.12020447192819998
2025-26,old,NOP,MIA,0.05020161918692227
2025-26,old,NOP,MIL,0.043815732884244854
2025-26,old,NOP,MIN,0.019705549786650126
2025-26,old,NOP,NYK,0.02266506040589318
2025-26,old,NOP,OKC,0.19850274432789886
2025-26,old,NOP,ORL,0.0
2025-26,old,NOP,PHI,0.07337512838685169
2025-26,old,NOP,PHX,0.0
2025-26,old,NOP,POR,0.09931513787471798
2025-26,old,NOP,SAC,0.011771029734526765
2025-26,old,NOP,SAS,0.0303725756261024
2025-26,old,NOP,TOR,0.019048770827791436
2025-26,old,NOP,UTA,0.06186772672401276
2025-26,old,NOP,WAS,0.012101832116203352
2025-26,old,NYK,ATL,0.1466233843942534
2025-26,old,NYK,BKN,0.004088812985435204
2025-26,old,NYK,BOS,0.06998922470483353
2025-26,old,NYK,CHA,0.04037548398590993
2025-26,old,NYK,CHI,0.020576559842154077
2025-26,old,NYK,CLE,0.022671336259146965
2025-26,old,NYK,DAL,0.032035836805119976
2025-26,old,NYK,DEN,0.12180340824269195
2025-26,old,NYK,DET,0.06374515107947257
2025-26,old,NYK,GSW,0.009074434627854474
2025-26,old,NYK,HOU,4.337284547389196e-05
2025-26,old,NYK,IND,0.0006991187446459781
2025-26,old,NYK,LAC,0.0027579885483416814
2025-26,old,NYK,LAL,0.1347741820595884
2025-26,old,NYK,MEM,0.03244288817373232
2025-26,old,NYK,MIA,0.02798258668192076
2025-26,old,NYK,MIL,0.01195070078963783
2025-26,old,NYK,MIN,0.027856681235455743
2025-26,old,NYK,NOP,0.0
2025-26,old,NYK,OKC,0.08259606839542022
2025-26,old,NYK,ORL,0.0
2025-26,old,NYK,PHI,0.1587514167210286
2025-26,old,NYK,PHX,0.0
2025-26,old,NYK,POR,0.03282786437066662
2025-26,old,NYK,SAC,0.005343956994505613
2025-26,old,NYK,SAS,0.049495419940513805
2025-26,old,NYK,TOR,0.02587094410415373
2025-26,old,NYK,UTA,0.00535856690709399
2025-26,old,NYK,WAS,0.004264278218475296
2025-26,old,OKC,ATL,0.08388496806853098
2025-26,old,OKC,BKN,0.0021321680988116475
2025-26,old,OKC,BOS,0.02551077607111877
2025-26,old,OKC,CHA,0.05647559354544827
2025-26,old,OKC,CHI,0.07623298700264171
2025-26,old,OKC,CLE,0.07619288793596408
2025-26,old,OKC,DAL,0.13659395748012573
2025-26,old,OKC,DEN,0.03814179226104499
2025-26,old,OKC,DET,0.03242106728669223
2025-26,old,OKC,GSW,0.003213679192593837
2025-26,old,OKC,HOU,2.9364224575492072e-05
2025-26,old,OKC,IND,0.005856762302160327
2025-26,old,OKC,LAC,0.004504338678678477
2025-26,old,OKC,LAL,0.052207868401962745
2025-26,old,OKC,MEM,0.05469073357189009
2025-26,old,OKC,MIA,0.024540397327307655
2025-26,old,OKC,MIL,0.008151669799880093
2025-26,old,OKC,MIN,0.05274434272918433
2025-26,old,OKC,NOP,0.0
2025-26,old,OKC,NYK,0.052637615047556055
2025-26,old,OKC,ORL,0.0
2025-26,old,OKC,PHI,0.05438225212023861
2025-26,old,OKC,PHX,0.0
2025-26,old,OKC,POR,0.0962483946775286
2025-26,old,OKC,SAC,0.009063185478304423
2025-26,old,OKC,SAS,0.01660560352745835
2025-26,old,OKC,TOR,0.02351696738537617
2025-26,old,OKC,UTA,0.008734375091634917
2025-26,old,OKC,WAS,0.003928609960632205
2025-26,old,ORL,ATL,0.09918238063019716
2025-26,old,ORL,BKN,0.0053506457563990304
2025-26,old,ORL,BOS,0.01910560355288908
2025-26,old,ORL,CHA,0.24064068653798795
2025-26,old,ORL,CHI,0.027553966037966757
2025-26,old,ORL,CLE,0.00895258622789948
2025-26,old,ORL,DAL,0.014789081645246706
2025-26,old,ORL,DEN,0.03131793672097433
2025-26,old,ORL,DET,0.05921309266883703
2025-26,old,ORL,GSW,0.02686933697115864
2025-26,old,ORL,HOU,0.00016298491622176797
2025-26,old,ORL,IND,0.00469336155517225
2025-26,old,ORL,LAC,0.004265538996426455
2025-26,old,ORL,LAL,0.02282305802817898
2025-26,old,ORL,MEM,0.6940207425374455
2025-26,old,ORL,MIA,0.15836581169407155
2025-26,old,ORL,MIL,0.027237339250558722
2025-26,old,ORL,MIN,0.05708620763114846
2025-26,old,ORL,NOP,0.0
2025-26,old,ORL,NYK,0.032751655705173535
2025-26,old,ORL,OKC,0.20100263491335138
2025-26,old,ORL,PHI,0.06148670068862665
2025-26,old,ORL,PHX,0.0
2025-26,old,ORL,POR,0.03885019587311761
2025-26,old,ORL,SAC,0.0032070199726628988
2025-26,old,ORL,SAS,0.15948626059573143
2025-26,old,ORL,TOR,0.11514393040097806
2025-26,old,ORL,UTA,0.012552801662221036
2025-26,old,ORL,WAS,0.004632004329067621
2025-26,old,PHI,ATL,0.07145447203403757
2025-26,old,PHI,BKN,0.010501623146392991
2025-26,old,PHI,BOS,0.01013038806167656
2025-26,old,PHI,CHA,0.20695650224739467
2025-26,old,PHI,CHI,0.03960305633283554
2025-26,old,PHI,CLE,0.021709051795046903
2025-26,old,PHI,DAL,0.017119955087590993
2025-26,old,PHI,DEN,0.028115310335574586
2025-26,old,PHI,DET,0.049760776505331866
2025-26,old,PHI,GSW,0.02766838601409239
2025-26,old,PHI,HOU,5.926724226246106e-05
2025-26,old,PHI,IND,0.007988374374634856
2025-26,old,PHI,LAC,0.015488009455325559
2025-26,old,PHI,LAL,0.031024971450222413
2025-26,old,PHI,MEM,0.11883432016113839
2025-26,old,PHI,MIA,0.11350495297296401
2025-26,old,PHI,MIL,0.01986153020569653
2025-26,old,PHI,MIN,0.0304601297331452
2025-26,old,PHI,NOP,0.0
2025-26,old,PHI,NYK,0.02907038469667262
2025-26,old,PHI,OKC,0.825754073268238
2025-26,old,PHI,ORL,0.0
2025-26,old,PHI,PHX,0.0
2025-26,old,PHI,POR,0.02306458934116951
2025-26,old,PHI,SAC,0.007345637068666982
2025-26,old,PHI,SAS,0.1862419172102216
2025-26,old,PHI,TOR,0.1653532673321979
2025-26,old,PHI,UTA,0.017006735139815456
2025-26,old,PHI,WAS,0.008391702598089286
2025-26,old,PHX,ATL,0.07722602331687713
2025-26,old,PHX,BKN,0.002924889573110454
2025-26,old,PHX,BOS,0.006280172472209509
2025-26,old,PHX,CHA,0.4301483213225186
2025-26,old,PHX,CHI,0.06525410566834215
2025-26,old,PHX,CLE,0.017792025892593863
2025-26,old,PHX,DAL,0.014800373446834362
2025-26,old,PHX,DEN,0.0699372345970843
2025-26,old,PHX,DET,0.06829714511525176
2025-26,old,PHX,GSW,0.028075033458865035
2025-26,old,PHX,HOU,0.0007271013044599637
2025-26,old,PHX,IND,0.0025788997641225616
2025-26,old,PHX,LAC,0.0012298607339940538
2025-26,old,PHX,LAL,0.05674725844369145
2025-26,old,PHX,MEM,0.31826508750063215
2025-26,old,PHX,MIA,0.06991872271848344
2025-26,old,PHX,MIL,0.019116110227909742
2025-26,old,PHX,MIN,0.0984135246455091
2025-26,old,PHX,NOP,0.0
2025-26,old,PHX,NYK,0.03677123137901333
2025-26,old,PHX,OKC,0.122272912315846
2025-26,old,PHX,ORL,0.0
2025-26,old,PHX,PHI,0.08129972141931006
2025-26,old,PHX,POR,0.05782652350659658
2025-26,old,PHX,SAC,0.004164471409727458
2025-26,old,PHX,SAS,0.058047144775668254
2025-26,old,PHX,TOR,0.0786350281146076
2025-26,old,PHX,UTA,0.008619612108470455
2025-26,old,PHX,WAS,0.008000539066410494
2025-26,old,POR,ATL,0.04315140084732838
2025-26,old,POR,BKN,0.005015482569743391
2025-26,old,POR,BOS,0.007248922544451237
2025-26,old,POR,CHA,0.07766185078053722
2025-26,old,POR,CHI,0.9606546299748109
2025-26,old,POR,CLE,0.0008825431174823436
2025-26,old,POR,DAL,0.011209170556934675
2025-26,old,POR,DEN,0.017820974056416927
2025-26,old,POR,DET,0.0491530172420457
2025-26,old,POR,GSW,0.09202736878508053
2025-26,old,POR,HOU,8.728448405926085e-05
2025-26,old,POR,IND,0.0010364284718162565
2025-26,old,POR,LAC,0.0069741183520664425
2025-26,old,POR,LAL,0.029432771225803685
2025-26,old,POR,MEM,0.035603717318916664
2025-26,old,POR,MIA,0.047418252583276754
2025-26,old,POR,MIL,0.02157650863077364
2025-26,old,POR,MIN,0.01382031261222437
2025-26,old,POR,NOP,0.0
2025-26,old,POR,NYK,0.026850687510302562
2025-26,old,POR,OKC,0.3028307354615932
2025-26,old,POR,ORL,0.0
2025-26,old,POR,PHI,0.05860551987095546
2025-26,old,POR,PHX,0.0
2025-26,old,POR,SAC,0.007802283201337086
2025-26,old,POR,SAS,0.06985802813457195
2025-26,old,POR,TOR,0.022708818144363346
2025-26,old,POR,UTA,0.02365517204932483
2025-26,old,POR,WAS,0.005261045290891817
2025-26,old,SAC,ATL,0.029985990906957187
2025-26,old,SAC,BKN,0.028860323891952214
2025-26,old,SAC,BOS,0.006204741475702232
2025-26,old,SAC,CHA,0.07017012789932243
2025-26,old,SAC,CHI,0.22100217519225218
2025-26,old,SAC,CLE,0.015920258697347138
2025-26,old,SAC,DAL,0.020940998048229992
2025-26,old,SAC,DEN,0.01210354784872182
2025-26,old,SAC,DET,0.009491379442584606
2025-26,old,SAC,GSW,0.015205583459433769
2025-26,old,SAC,HOU,2.2629310682030588e-05
2025-26,old,SAC,IND,0.021499189785134674
2025-26,old,SAC,LAC,0.010464235645854685
2025-26,old,SAC,LAL,0.00883898239375971
2025-26,old,SAC,MEM,0.10206492451473205
2025-26,old,SAC,MIA,0.05285054329487875
2025-26,old,SAC,MIL,0.010559536608393656
2025-26,old,SAC,MIN,0.01727182141284394
2025-26,old,SAC,NOP,0.0
2025-26,old,SAC,NYK,0.010418865718721526
2025-26,old,SAC,OKC,0.2026095696290473
2025-26,old,SAC,ORL,0.0
2025-26,old,SAC,PHI,0.03739807983929853
2025-26,old,SAC,PHX,0.0
2025-26,old,SAC,POR,0.07065442590930048
2025-26,old,SAC,SAS,0.07852774727920968
2025-26,old,SAC,TOR,0.03430582930495629
2025-26,old,SAC,UTA,0.09025107714074568
2025-26,old,SAC,WAS,0.015981411372957707
2025-26,old,SAS,ATL,0.05770581966978578
2025-26,old,SAS,BKN,0.0030279790800151174
2025-26,old,SAS,BOS,0.022315733040731138
2025-26,old,SAS,CHA,0.10204770040589228
2025-26,old,SAS,CHI,0.10489061961886545
2025-26,old,SAS,CLE,0.18873168124696885
2025-26,old,SAS,DAL,0.06390729212795526
2025-26,old,SAS,DEN,0.01838905508342024
2025-26,old,SAS,DET,0.027919450740647053
2025-26,old,SAS,GSW,0.017807049110043487
2025-26,old,SAS,HOU,0.000242187503608875
2025-26,old,SAS,IND,0.003589474637221778
2025-26,old,SAS,LAC,0.0027867318556553024
2025-26,old,SAS,LAL,0.04182914124279639
2025-26,old,SAS,MEM,0.060780441747147376
2025-26,old,SAS,MIA,0.03574062275586801
2025-26,old,SAS,MIL,0.010287716234933809
2025-26,old,SAS,MIN,0.07528071141179553
2025-26,old,SAS,NOP,0.0
2025-26,old,SAS,NYK,0.04168804023411003
2025-26,old,SAS,OKC,0.18876249412453183
2025-26,old,SAS,ORL,0.0
2025-26,old,SAS,PHI,0.056166141174457285
2025-26,old,SAS,PHX,0.0
2025-26,old,SAS,POR,0.09312825149361184
2025-26,old,SAS,SAC,0.001380497817019007
2025-26,old,SAS,TOR,0.04587772838892247
2025-26,old,SAS,UTA,0.007744612277079983
2025-26,old,SAS,WAS,0.004437769318726071
2025-26,old,TOR,ATL,0.05850484927694699
2025-26,old,TOR,BKN,0.005717097672255773
2025-26,old,TOR,BOS,0.013894396712040081
2025-26,old,TOR,CHA,0.21272231158351365
2025-26,old,TOR,CHI,0.04041040470368189
2025-26,old,TOR,CLE,0.019279094852651633
2025-26,old,TOR,DAL,0.026200600010158556
2025-26,old,TOR,DEN,0.040387174955982395
2025-26,old,TOR,DET,0.05597737111552651
2025-26,old,TOR,GSW,0.014411140087730638
2025-26,old,TOR,HOU,8.054957016579936e-05
2025-26,old,TOR,IND,0.005376073557647714
2025-26,old,TOR,LAC,0.003469638867934873
2025-26,old,TOR,LAL,0.04654159798390325
2025-26,old,TOR,MEM,0.12223814655767738
2025-26,old,TOR,MIA,0.07909374789431071
2025-26,old,TOR,MIL,0.012884698428900044
2025-26,old,TOR,MIN,0.06707381541603888
2025-26,old,TOR,NOP,0.0
2025-26,old,TOR,NYK,0.022738634414886147
2025-26,old,TOR,OKC,0.20532887786801352
2025-26,old,TOR,ORL,0.0
2025-26,old,TOR,PHI,0.07754116316204387
2025-26,old,TOR,PHX,0.0
2025-26,old,TOR,POR,0.05440347808195586
2025-26,old,TOR,SAC,0.003924747586146475
2025-26,old,TOR,SAS,0.12437850231662034
2025-26,old,TOR,UTA,0.023912715631364517
2025-26,old,TOR,WAS,0.0023483297568826196
2025-26,old,UTA,ATL,0.1379938042153211
2025-26,old,UTA,BKN,0.025624650638699453
2025-26,old,UTA,BOS,0.008977370849762368
2025-26,old,UTA,CHA,0.06010417616718618
2025-26,old,UTA,CHI,0.03760683924666003
2025-26,old,UTA,CLE,0.0038620689806753193
2025-26,old,UTA,DAL,0.056176212888948626
2025-26,old,UTA,DEN,0.041121477066763876
2025-26,old,UTA,DET,0.04466083016330858
2025-26,old,UTA,GSW,0.010516071680429118
2025-26,old,UTA,HOU,5.1185345590307286e-05
2025-26,old,UTA,IND,0.02583534397889889
2025-26,old,UTA,LAC,0.018370315708454116
2025-26,old,UTA,LAL,0.028414017166983285
2025-26,old,UTA,MEM,0.042895204877051334
2025-26,old,UTA,MIA,0.025352133459291562
2025-26,old,UTA,MIL,0.010693426810542183
2025-26,old,UTA,MIN,0.007149245821878892
2025-26,old,UTA,NOP,0.0
2025-26,old,UTA,NYK,0.04454229644641651
2025-26,old,UTA,OKC,0.29084901052144974
2025-26,old,UTA,ORL,0.0
2025-26,old,UTA,PHI,0.10731271140304008
2025-26,old,UTA,PHX,0.0
2025-26,old,UTA,POR,0.023161746231815734
2025-26,old,UTA,SAC,0.05805193371307173
2025-26,old,UTA,SAS,0.030684536759649276
2025-26,old,UTA,TOR,0.02261080111836965
2025-26,old,UTA,WAS,0.01514520476953576
2025-26,old,WAS,ATL,0.05549164834006786
2025-26,old,WAS,BKN,0.026307029754922603
2025-26,old,WAS,BOS,0.013507543169363433
2025-26,old,WAS,CHA,0.06815740969551781
2025-26,old,WAS,CHI,0.038244036742842935
2025-26,old,WAS,CLE,0.009390086152847726
2025-26,old,WAS,DAL,0.01680528046425266
2025-26,old,WAS,DEN,0.02089312223681773
2025-26,old,WAS,DET,0.014941541139269252
2025-26,old,WAS,GSW,0.016898928009495284
2025-26,old,WAS,HOU,2.182112101481521e-05
2025-26,old,WAS,IND,0.024755845754322048
2025-26,old,WAS,LAC,0.055911200254213894
2025-26,old,WAS,LAL,0.021804051679902132
2025-26,old,WAS,MEM,0.08235210148643718
2025-26,old,WAS,MIA,0.031090934996819388
2025-26,old,WAS,MIL,0.031223060742486267
2025-26,old,WAS,MIN,0.024672144702133914
2025-26,old,WAS,NOP,0.0
2025-26,old,WAS,NYK,0.05190983040169644
2025-26,old,WAS,OKC,0.12187151465506611
2025-26,old,WAS,ORL,0.0
2025-26,old,WAS,PHI,0.0633197096272789
2025-26,old,WAS,PHX,0.0
2025-26,old,WAS,POR,0.03073644798238568
2025-26,old,WAS,SAC,0.025859435078388
2025-26,old,WAS,SAS,0.07998976298866811
2025-26,old,WAS,TOR,0.02464223786907955
2025-26,old,WAS,UTA,0.037698814908869505
