season,rule,game_team,holder,weight
2020-21,new,ATL,BKN,0.006610991377865191
2020-21,new,ATL,BOS,0.029655204526017984
2020-21,new,ATL,CHA,0.047943033666613094
2020-21,new,ATL,CHI,0.0012417414808776907
2020-21,new,ATL,CLE,5.0308489545104426e-05
2020-21,new,ATL,DAL,0.0
2020-21,new,ATL,DEN,0.00704418108637991
2020-21,new,ATL,DET,2.4245690016461342e-06
2020-21,new,ATL,GSW,0.007659063381043985
2020-21,new,ATL,HOU,0.037559267134196925
2020-21,new,ATL,IND,0.04717798194339193
2020-21,new,ATL,LAC,0.007327855646024167
2020-21,new,ATL,LAL,0.022341915916594193
2020-21,new,ATL,MEM,0.01740860069458471
2020-21,new,ATL,MIA,0.0
2020-21,new,ATL,MIL,0.0
2020-21,new,ATL,MIN,0.004703584838633906
2020-21,new,ATL,NOP,2.5151462466667348e-05
2020-21,new,ATL,NYK,0.07327726390095297
2020-21,new,ATL,OKC,0.01328394418678664
2020-21,new,ATL,ORL,0.0021573359551174728
2020-21,new,ATL,PHI,9.913793379633595e-05
2020-21,new,ATL,PHX,0.0026002155487618306
2020-21,new,ATL,POR,0.00038362068957087164
2020-21,new,ATL,SAC,0.004609417812866653
2020-21,new,ATL,SAS,0.005446179164672927
2020-21,new,ATL,TOR,0.0005229336680586198
2020-21,new,ATL,UTA,0.0008900862199190105
2020-21,new,ATL,WAS,0.0010722878205853238
2020-21,new,BKN,ATL,0.010474540584260618
2020-21,new,BKN,BOS,0.006473451405769326
2020-21,new,BKN,CHA,0.013577657896196069
2020-21,new,BKN,CHI,0.0001302732394310281
2020-21,new,BKN,CLE,4.417427234047548e-05
2020-21,new,BKN,DAL,0.0
2020-21,new,BKN,DEN,0.04960546963574011
2020-21,new,BKN,DET,5.953664367552848e-05
2020-21,new,BKN,GSW,0.0050207469603038655
2020-21,new,BKN,HOU,0.08139789903969985
2020-21,new,BKN,IND,0.016243254195445544
2020-21,new,BKN,LAC,0.052436152926690335
2020-21,new,BKN,LAL,0.010041194038654397
2020-21,new,BKN,MEM,0.015216994310083201
2020-21,new,BKN,MIA,0.0
2020-21,new,BKN,MIL,0.0
2020-21,new,BKN,MIN,8.743926854455418e-05
2020-21,new,BKN,NOP,0.015332086732240903
2020-21,new,BKN,NYK,0.032487881782620985
2020-21,new,BKN,OKC,0.024347252123146156
2020-21,new,BKN,ORL,0.00031606241714688744
2020-21,new,BKN,PHI,0.025540948394798386
2020-21,new,BKN,PHX,0.017294181114191128
2020-21,new,BKN,POR,0.009258890256972116
2020-21,new,BKN,SAC,0.0006356684265500051
2020-21,new,BKN,SAS,0.004982017891056797
2020-21,new,BKN,TOR,1.0292597244384085e-05
2020-21,new,BKN,UTA,0.004436422461675929
2020-21,new,BKN,WAS,0.000512505813425911
2020-21,new,BOS,ATL,0.05726430572551455
2020-21,new,BOS,BKN,0.005711745721296053
2020-21,new,BOS,CHA,0.024835206506921958
2020-21,new,BOS,CHI,0.0063445816931285304
2020-21,new,BOS,CLE,0.000206819226487698
2020-21,new,BOS,DAL,0.0
2020-21,new,BOS,DEN,0.005859792760683815
2020-21,new,BOS,DET,0.0010121228930877583
2020-21,new,BOS,GSW,0.006527903609687986
2020-21,new,BOS,HOU,0.04895697597873894
2020-21,new,BOS,IND,0.026751678300133645
2020-21,new,BOS,LAC,0.008918642290197473
2020-21,new,BOS,LAL,0.009660950904170185
2020-21,new,BOS,MEM,0.007980415529575962
2020-21,new,BOS,MIA,0.0
2020-21,new,BOS,MIL,2.4452025368348056e-05
2020-21,new,BOS,MIN,0.0019149371480494703
2020-21,new,BOS,NOP,0.002353465897788611
2020-21,new,BOS,NYK,0.04611296332689644
2020-21,new,BOS,OKC,0.01965032322135561
2020-21,new,BOS,ORL,0.007384659822534607
2020-21,new,BOS,PHI,0.003717672413150812
2020-21,new,BOS,PHX,0.0038308190093536325
2020-21,new,BOS,POR,0.01710075444702444
2020-21,new,BOS,SAC,0.0031395046107705734
2020-21,new,BOS,SAS,0.0027155175916037536
2020-21,new,BOS,TOR,0.0017825942477317602
2020-21,new,BOS,UTA,0.0036174568882340503
2020-21,new,BOS,WAS,0.0008038066712469109
2020-21,new,CHA,ATL,0.01304655382809658
2020-21,new,CHA,BKN,7.139008727069175e-05
2020-21,new,CHA,BOS,0.03550953820146049
2020-21,new,CHA,CHI,0.004128278421622166
2020-21,new,CHA,CLE,0.0007418522120194431
2020-21,new,CHA,DAL,0.0
2020-21,new,CHA,DEN,0.001103306745993128
2020-21,new,CHA,DET,0.0004197198620611995
2020-21,new,CHA,GSW,0.004774813383703534
2020-21,new,CHA,HOU,0.021723599259406413
2020-21,new,CHA,IND,0.054085408037322105
2020-21,new,CHA,LAC,0.00012095905250291626
2020-21,new,CHA,LAL,0.004122003578357355
2020-21,new,CHA,MEM,0.010288467345264616
2020-21,new,CHA,MIA,0.0
2020-21,new,CHA,MIL,1.630135024556537e-05
2020-21,new,CHA,MIN,0.003567048192520407
2020-21,new,CHA,NOP,0.0019842549492916773
2020-21,new,CHA,NYK,0.028673778751043173
2020-21,new,CHA,OKC,0.016935075834686543
2020-21,new,CHA,ORL,0.005548360460356253
2020-21,new,CHA,PHI,1.6163793344307567e-05
2020-21,new,CHA,PHX,3.2327586688615133e-05
2020-21,new,CHA,POR,6.169181608129288e-05
2020-21,new,CHA,SAC,0.00016916672930170914
2020-21,new,CHA,SAS,0.0011665837203741842
2020-21,new,CHA,TOR,0.0027311459353663477
2020-21,new,CHA,UTA,0.0
2020-21,new,CHA,WAS,0.016969244088214448
2020-21,new,CHI,ATL,0.014821817042938248
2020-21,new,CHI,BKN,0.003913793078591597
2020-21,new,CHI,BOS,0.023409980690275677
2020-21,new,CHI,CHA,0.016437824970154696
2020-21,new,CHI,CLE,0.0028163023439649274
2020-21,new,CHI,DAL,0.0
2020-21,new,CHI,DEN,0.010120842249610277
2020-21,new,CHI,DET,0.0022289869673790996
2020-21,new,CHI,GSW,0.0022797611458412652
2020-21,new,CHI,HOU,0.061521092575226095
2020-21,new,CHI,IND,0.028239568097587424
2020-21,new,CHI,LAC,0.003703663878580394
2020-21,new,CHI,LAL,0.0038605387413440644
2020-21,new,CHI,MEM,0.008112764989907298
2020-21,new,CHI,MIA,0.0
2020-21,new,CHI,MIL,8.150675122782685e-06
2020-21,new,CHI,MIN,0.0007231228132051345
2020-21,new,CHI,NOP,0.0023433388830069245
2020-21,new,CHI,NYK,0.03421095469798584
2020-21,new,CHI,OKC,0.029816002137878723
2020-21,new,CHI,ORL,0.02525161315417407
2020-21,new,CHI,PHI,0.0023545258566897743
2020-21,new,CHI,PHX,0.0012144663231652953
2020-21,new,CHI,POR,0.00047413793986598996
2020-21,new,CHI,SAC,0.0031243362869820294
2020-21,new,CHI,SAS,0.005281700408448283
2020-21,new,CHI,TOR,0.01635629918169876
2020-21,new,CHI,UTA,1.0775862229538362e-06
2020-21,new,CHI,WAS,0.013894340823430563
2020-21,new,CLE,ATL,0.004852660522368733
2020-21,new,CLE,BKN,0.0018903556337042165
2020-21,new,CLE,BOS,0.006875044604026398
2020-21,new,CLE,CHA,0.006768906387912318
2020-21,new,CLE,CHI,0.016817393879248615
2020-21,new,CLE,DAL,0.0
2020-21,new,CLE,DEN,0.01821854648499476
2020-21,new,CLE,DET,0.004411099444721535
2020-21,new,CLE,GSW,0.007541973753152329
2020-21,new,CLE,HOU,0.021073465993354936
2020-21,new,CLE,IND,0.014017029945700449
2020-21,new,CLE,LAC,0.019328933318390452
2020-21,new,CLE,LAL,0.0005354342956842778
2020-21,new,CLE,MEM,0.0017943960731347322
2020-21,new,CLE,MIA,0.0
2020-21,new,CLE,MIL,8.150675122782685e-06
2020-21,new,CLE,MIN,0.010720784586603882
2020-21,new,CLE,NOP,0.0015329156137932377
2020-21,new,CLE,NYK,0.012071642058249558
2020-21,new,CLE,OKC,0.0086223060570874
2020-21,new,CLE,ORL,0.013070194916386904
2020-21,new,CLE,PHI,0.008702586226984218
2020-21,new,CLE,PHX,0.0011282564365959538
2020-21,new,CLE,POR,0.00025754311617768905
2020-21,new,CLE,SAC,0.00121974726095745
2020-21,new,CLE,SAS,0.0008732977992065832
2020-21,new,CLE,TOR,0.004969484025130912
2020-21,new,CLE,UTA,0.00702155173467151
2020-21,new,CLE,WAS,0.004866261308458569
2020-21,new,DAL,ATL,0.027202922507657146
2020-21,new,DAL,BKN,0.004625000005391234
2020-21,new,DAL,BOS,0.035839335132401354
2020-21,new,DAL,CHA,0.008315614584732166
2020-21,new,DAL,CHI,0.0007765564060870856
2020-21,new,DAL,CLE,7.971607174081795e-05
2020-21,new,DAL,DEN,0.008888277135182338
2020-21,new,DAL,DET,2.1282321078991825e-05
2020-21,new,DAL,GSW,0.02349731733625125
2020-21,new,DAL,HOU,0.06504714518813576
2020-21,new,DAL,IND,0.013517125521251842
2020-21,new,DAL,LAC,0.0029574353591105417
2020-21,new,DAL,LAL,0.04274238620330416
2020-21,new,DAL,MEM,0.039827100667818215
2020-21,new,DAL,MIA,0.0
2020-21,new,DAL,MIL,0.0
2020-21,new,DAL,MIN,2.464212365778402e-06
2020-21,new,DAL,NOP,0.019252376519021095
2020-21,new,DAL,NYK,0.3806612877378337
2020-21,new,DAL,OKC,0.021758890636004346
2020-21,new,DAL,ORL,0.0001032060579058102
2020-21,new,DAL,PHI,0.0011799569264182757
2020-21,new,DAL,PHX,0.0012202570238868844
2020-21,new,DAL,POR,0.08179094945492046
2020-21,new,DAL,SAC,0.002417301503674972
2020-21,new,DAL,SAS,0.014508743464084633
2020-21,new,DAL,TOR,0.000863253464105073
2020-21,new,DAL,UTA,8.081896672153783e-05
2020-21,new,DAL,WAS,0.00016673582175396714
2020-21,new,DEN,ATL,0.01927877557900886
2020-21,new,DEN,BKN,0.028708512689215773
2020-21,new,DEN,BOS,0.010268020952041284
2020-21,new,DEN,CHA,0.010052127459634642
2020-21,new,DEN,CHI,0.0007057981863080981
2020-21,new,DEN,CLE,0.00034873118994412295
2020-21,new,DEN,DAL,0.0
2020-21,new,DEN,DET,0.0
2020-21,new,DEN,GSW,0.011903488958863256
2020-21,new,DEN,HOU,0.07663103687578957
2020-21,new,DEN,IND,0.00834801674383689
2020-21,new,DEN,LAC,0.028265355735463252
2020-21,new,DEN,LAL,0.059770281142382364
2020-21,new,DEN,MEM,0.003268012284742922
2020-21,new,DEN,MIA,0.0
2020-21,new,DEN,MIL,1.630135024556537e-05
2020-21,new,DEN,MIN,0.0001986905554313439
2020-21,new,DEN,NOP,0.053379796078885405
2020-21,new,DEN,NYK,0.034448023440689146
2020-21,new,DEN,OKC,0.016799299600192923
2020-21,new,DEN,ORL,0.000489725246345564
2020-21,new,DEN,PHI,0.013901939761648276
2020-21,new,DEN,PHX,0.005231923325296396
2020-21,new,DEN,POR,0.010404364370162887
2020-21,new,DEN,SAC,3.1371312297073125e-05
2020-21,new,DEN,SAS,0.0012482466642595603
2020-21,new,DEN,TOR,3.878657332001207e-05
2020-21,new,DEN,UTA,0.00029956897046288546
2020-21,new,DEN,WAS,0.0011922345524111857
2020-21,new,DET,ATL,0.005429848781711143
2020-21,new,DET,BKN,0.009503502254615187
2020-21,new,DET,BOS,0.008301323237622341
2020-21,new,DET,CHA,0.006019165216280629
2020-21,new,DET,CHI,0.010762628529348641
2020-21,new,DET,CLE,0.00347617909416401
2020-21,new,DET,DAL,0.0
2020-21,new,DET,DEN,0.006797892046540988
2020-21,new,DET,GSW,0.009970421881330136
2020-21,new,DET,HOU,0.034646281796278725
2020-21,new,DET,IND,0.01954084405738396
2020-21,new,DET,LAC,0.013266971907738977
2020-21,new,DET,LAL,0.014925693389667186
2020-21,new,DET,MEM,0.014791529564292518
2020-21,new,DET,MIA,0.0
2020-21,new,DET,MIL,0.0
2020-21,new,DET,MIN,0.014865979573247104
2020-21,new,DET,NOP,0.010986128071301164
2020-21,new,DET,NYK,0.0346307788680946
2020-21,new,DET,OKC,0.0077691276098906595
2020-21,new,DET,ORL,0.01616524294461088
2020-21,new,DET,PHI,0.008716594841700561
2020-21,new,DET,PHX,0.01008904870413895
2020-21,new,DET,POR,0.006143049668211587
2020-21,new,DET,SAC,0.0012560027024403329
2020-21,new,DET,SAS,0.0007827047888587567
2020-21,new,DET,TOR,0.0009099778801353567
2020-21,new,DET,UTA,0.0015818965746539418
2020-21,new,DET,WAS,0.017885176580299703
2020-21,new,GSW,ATL,0.002856825598649631
2020-21,new,GSW,BKN,0.004337553926683352
2020-21,new,GSW,BOS,0.003497420428125517
2020-21,new,GSW,CHA,0.0018560234428997523
2020-21,new,GSW,CHI,0.006475985037775284
2020-21,new,GSW,CLE,0.002323395850338987
2020-21,new,GSW,DAL,0.0
2020-21,new,GSW,DEN,0.005287282959704785
2020-21,new,GSW,DET,0.0025137392965000893
2020-21,new,GSW,HOU,0.033068426778893274
2020-21,new,GSW,IND,0.0018302832929580138
2020-21,new,GSW,LAC,0.004486530193364536
2020-21,new,GSW,LAL,0.005111976786424458
2020-21,new,GSW,MEM,0.08634167565601755
2020-21,new,GSW,MIA,0.0
2020-21,new,GSW,MIL,0.0
2020-21,new,GSW,MIN,0.004628500265518033
2020-21,new,GSW,NOP,0.02050819610827874
2020-21,new,GSW,NYK,0.007593078640572649
2020-21,new,GSW,OKC,0.018415678969568344
2020-21,new,GSW,ORL,0.006612439727878607
2020-21,new,GSW,PHI,0.004077586234097593
2020-21,new,GSW,PHX,0.0033688432569634248
2020-21,new,GSW,POR,0.017297414096839048
2020-21,new,GSW,SAC,0.013515167925237687
2020-21,new,GSW,SAS,0.029875448616138372
2020-21,new,GSW,TOR,0.004328852710062816
2020-21,new,GSW,UTA,0.00032435345487540643
2020-21,new,GSW,WAS,0.002646162823025901
2020-21,new,HOU,ATL,0.020485834805329572
2020-21,new,HOU,BKN,3.5021552245999732e-06
2020-21,new,HOU,BOS,0.0041020854263746015
2020-21,new,HOU,CHA,0.014881983636444851
2020-21,new,HOU,CHI,0.0019030725050236147
2020-21,new,HOU,CLE,0.00045766399144769887
2020-21,new,HOU,DAL,0.0
2020-21,new,HOU,DEN,0.0005722133270827614
2020-21,new,HOU,DET,0.003464170289426592
2020-21,new,HOU,GSW,0.006906847737040159
2020-21,new,HOU,IND,0.010141115568911441
2020-21,new,HOU,LAC,0.0002712823336558609
2020-21,new,HOU,LAL,0.004803310922269953
2020-21,new,HOU,MEM,0.004681079870484002
2020-21,new,HOU,MIA,0.0
2020-21,new,HOU,MIL,8.150675122782685e-06
2020-21,new,HOU,MIN,0.0011920353214590065
2020-21,new,HOU,NOP,0.02815471568146692
2020-21,new,HOU,NYK,0.06717681240624496
2020-21,new,HOU,OKC,0.016954741452997232
2020-21,new,HOU,ORL,0.0012881047019272396
2020-21,new,HOU,PHI,0.0018749999943799501
2020-21,new,HOU,PHX,0.007844827584681455
2020-21,new,HOU,POR,0.03918157348698326
2020-21,new,HOU,SAC,0.006109841031540839
2020-21,new,HOU,SAS,0.013700252683803742
2020-21,new,HOU,TOR,0.0006277249202990194
2020-21,new,HOU,UTA,0.0
2020-21,new,HOU,WAS,0.0007268486787467152
2020-21,new,IND,ATL,0.01581809445696277
2020-21,new,IND,BKN,3.0172414242707453e-05
2020-21,new,IND,BOS,0.02691493924474273
2020-21,new,IND,CHA,0.032756236502173124
2020-21,new,IND,CHI,0.0027970894350831223
2020-21,new,IND,CLE,0.0009765285414379814
2020-21,new,IND,DAL,0.0
2020-21,new,IND,DEN,0.0004857248389353978
2020-21,new,IND,DET,0.00028798495441402207
2020-21,new,IND,GSW,0.0009880274622149324
2020-21,new,IND,HOU,0.009282486506111532
2020-21,new,IND,LAC,0.00012553879397054167
2020-21,new,IND,LAL,0.002153823323891335
2020-21,new,IND,MEM,0.0036402204504221458
2020-21,new,IND,MIA,0.0
2020-21,new,IND,MIL,2.4452025368348056e-05
2020-21,new,IND,MIN,0.00011278496610877409
2020-21,new,IND,NOP,0.00017118419262929476
2020-21,new,IND,NYK,0.04467918617277785
2020-21,new,IND,OKC,0.015675377387368798
2020-21,new,IND,ORL,0.006206528615090906
2020-21,new,IND,PHI,9.69827600658454e-06
2020-21,new,IND,PHX,2.8017241796799776e-05
2020-21,new,IND,POR,1.9396552896319787e-05
2020-21,new,IND,SAC,0.00019874790785791212
2020-21,new,IND,SAS,0.0008339465851028764
2020-21,new,IND,TOR,0.004121347187048301
2020-21,new,IND,UTA,0.0
2020-21,new,IND,WAS,0.0015841946230022595
2020-21,new,LAC,ATL,0.0018080571059432356
2020-21,new,LAC,BKN,0.04942322216173313
2020-21,new,LAC,BOS,0.0012456501385047732
2020-21,new,LAC,CHA,0.0021415040789230454
2020-21,new,LAC,CHI,0.0008913967251798788
2020-21,new,LAC,CLE,0.000629955407652358
2020-21,new,LAC,DAL,0.0
2020-21,new,LAC,DEN,0.03641239229640249
2020-21,new,LAC,DET,0.0020533406408302923
2020-21,new,LAC,GSW,0.010590242481478924
2020-21,new,LAC,HOU,0.07036815489740171
2020-21,new,LAC,IND,0.0029434561205859064
2020-21,new,LAC,LAL,0.009826501934867345
2020-21,new,LAC,MEM,0.012919094719513986
2020-21,new,LAC,MIA,0.0
2020-21,new,LAC,MIL,0.0
2020-21,new,LAC,MIN,0.0019338580663466485
2020-21,new,LAC,NOP,0.007083841132388756
2020-21,new,LAC,NYK,0.011096849820970974
2020-21,new,LAC,OKC,0.002035290969531694
2020-21,new,LAC,ORL,0.013812546830356884
2020-21,new,LAC,PHI,0.026096982939795045
2020-21,new,LAC,PHX,0.021529374084102097
2020-21,new,LAC,POR,0.013292295424837678
2020-21,new,LAC,SAC,0.0015916312463837097
2020-21,new,LAC,SAS,0.0018099404079060743
2020-21,new,LAC,TOR,0.00016323456055468752
2020-21,new,LAC,UTA,0.005440732817213725
2020-21,new,LAC,WAS,0.0037425162773530285
2020-21,new,LAL,ATL,0.03530537538714694
2020-21,new,LAL,BKN,0.00449084046878852
2020-21,new,LAL,BOS,0.007645938753098267
2020-21,new,LAL,CHA,0.0035784526992343056
2020-21,new,LAL,CHI,0.007650635550475879
2020-21,new,LAL,CLE,0.0010319828746020612
2020-21,new,LAL,DAL,0.0
2020-21,new,LAL,DEN,0.014180272148089784
2020-21,new,LAL,DET,0.002633890122584677
2020-21,new,LAL,GSW,0.012239590872229821
2020-21,new,LAL,HOU,0.032606411615872334
2020-21,new,LAL,IND,0.001980256093508857
2020-21,new,LAL,LAC,0.009886045323319508
2020-21,new,LAL,MEM,0.03524661420425423
2020-21,new,LAL,MIA,0.0
2020-21,new,LAL,MIL,0.0
2020-21,new,LAL,MIN,0.003747806802748529
2020-21,new,LAL,NOP,0.07549335476500256
2020-21,new,LAL,NYK,0.13335558914429615
2020-21,new,LAL,OKC,0.003569504470897613
2020-21,new,LAL,ORL,0.0024455512311773236
2020-21,new,LAL,PHI,0.005588362079097666
2020-21,new,LAL,PHX,0.005492714421805053
2020-21,new,LAL,POR,0.18389924632401428
2020-21,new,LAL,SAC,4.9829503166196134e-05
2020-21,new,LAL,SAS,0.006588886840252755
2020-21,new,LAL,TOR,2.4828048864691244e-05
2020-21,new,LAL,UTA,0.002907327605925244
2020-21,new,LAL,WAS,0.0004977022813368871
2020-21,new,MEM,ATL,0.014646212939670462
2020-21,new,MEM,BKN,0.005051185325839847
2020-21,new,MEM,BOS,0.015015833947459511
2020-21,new,MEM,CHA,0.00848582820293066
2020-21,new,MEM,CHI,0.0012636972187841926
2020-21,new,MEM,CLE,0.0006896214930865903
2020-21,new,MEM,DAL,0.0
2020-21,new,MEM,DEN,0.0021183518285924625
2020-21,new,MEM,DET,0.0016376617708211314
2020-21,new,MEM,GSW,0.06862029388358772
2020-21,new,MEM,HOU,0.04105738160898909
2020-21,new,MEM,IND,0.00824346934239146
2020-21,new,MEM,LAC,0.001772359924146039
2020-21,new,MEM,LAL,0.011907512771518037
2020-21,new,MEM,MIA,0.0
2020-21,new,MEM,MIL,0.0
2020-21,new,MEM,MIN,0.004078637135431124
2020-21,new,MEM,NOP,0.03205318289186061
2020-21,new,MEM,NYK,0.08383156371780245
2020-21,new,MEM,OKC,0.021787715649718
2020-21,new,MEM,ORL,0.0009348646313305526
2020-21,new,MEM,PHI,0.005476293179832785
2020-21,new,MEM,PHX,0.0021045258664526053
2020-21,new,MEM,POR,0.04938227424119069
2020-21,new,MEM,SAC,0.011159317792666636
2020-21,new,MEM,SAS,0.032460701529199235
2020-21,new,MEM,TOR,0.00023785752639218606
2020-21,new,MEM,UTA,0.0001314655195215139
2020-21,new,MEM,WAS,0.0003863856293712147
2020-21,new,MIA,ATL,0.03204530383563146
2020-21,new,MIA,BKN,0.0032699353462847854
2020-21,new,MIA,BOS,0.048468352847870176
2020-21,new,MIA,CHA,0.04151219987397354
2020-21,new,MIA,CHI,0.0016805694562066077
2020-21,new,MIA,CLE,0.00020310812079028911
2020-21,new,MIA,DAL,0.0
2020-21,new,MIA,DEN,0.008971155409945981
2020-21,new,MIA,DET,1.2661631496077198e-05
2020-21,new,MIA,GSW,0.014609198713747197
2020-21,new,MIA,HOU,0.20908281496924688
2020-21,new,MIA,IND,0.0501854880805721
2020-21,new,MIA,LAC,0.008067349228598497
2020-21,new,MIA,LAL,0.012786580507258435
2020-21,new,MIA,MEM,0.015731263597525736
2020-21,new,MIA,MIL,1.630135024556537e-05
2020-21,new,MIA,MIN,1.4793212068004076e-06
2020-21,new,MIA,NOP,0.01124162441288099
2020-21,new,MIA,NYK,0.08465959151177166
2020-21,new,MIA,OKC,0.14037365333723095
2020-21,new,MIA,ORL,0.006198945285731977
2020-21,new,MIA,PHI,0.004745689682614317
2020-21,new,MIA,PHX,0.005646875503729902
2020-21,new,MIA,POR,0.02057112107274187
2020-21,new,MIA,SAC,0.001686557570309699
2020-21,new,MIA,SAS,0.011343930218242409
2020-21,new,MIA,TOR,0.00325346442205246
2020-21,new,MIA,UTA,0.0006734913913533092
2020-21,new,MIA,WAS,0.0028982512073362308
2020-21,new,MIL,ATL,0.0030689047750240917
2020-21,new,MIL,BKN,0.014161099067463637
2020-21,new,MIL,BOS,0.0017856475398344272
2020-21,new,MIL,CHA,0.0018254921116974297
2020-21,new,MIL,CHI,6.210712120554458e-05
2020-21,new,MIL,CLE,7.580038790051889e-05
2020-21,new,MIL,DAL,0.0
2020-21,new,MIL,DEN,0.02642595393966246
2020-21,new,MIL,DET,0.0002505388246560148
2020-21,new,MIL,GSW,0.0014696884363808813
2020-21,new,MIL,HOU,0.13714070942518572
2020-21,new,MIL,IND,0.0018574212333123802
2020-21,new,MIL,LAC,0.021172683181738934
2020-21,new,MIL,LAL,0.016429831653709384
2020-21,new,MIL,MEM,0.007059194743706458
2020-21,new,MIL,MIA,0.0
2020-21,new,MIL,MIN,0.0
2020-21,new,MIL,NOP,0.004499041868168553
2020-21,new,MIL,NYK,0.016908358946322168
2020-21,new,MIL,OKC,0.0020463362134639815
2020-21,new,MIL,ORL,0.004743487311264698
2020-21,new,MIL,PHI,0.013738146684421545
2020-21,new,MIL,PHX,0.01064248359258335
2020-21,new,MIL,POR,0.0006872306142307431
2020-21,new,MIL,SAC,0.0022467532023036432
2020-21,new,MIL,SAS,0.003980968775560745
2020-21,new,MIL,TOR,0.0008824598953883806
2020-21,new,MIL,UTA,0.0015172414068967616
2020-21,new,MIL,WAS,0.003608790485069684
2020-21,new,MIN,ATL,0.0017354751831343018
2020-21,new,MIN,BKN,0.008388469938052303
2020-21,new,MIN,BOS,0.0010102503732553171
2020-21,new,MIN,CHA,0.000897537301204518
2020-21,new,MIN,CHI,0.000783945154355572
2020-21,new,MIN,CLE,0.0007152902814836128
2020-21,new,MIN,DAL,0.0
2020-21,new,MIN,DEN,0.011341931944647627
2020-21,new,MIN,DET,0.0025886315287187173
2020-21,new,MIN,GSW,0.01806089917876212
2020-21,new,MIN,HOU,0.03186256397322346
2020-21,new,MIN,IND,0.0004173786283280661
2020-21,new,MIN,LAC,0.009301993586303632
2020-21,new,MIN,LAL,0.015904045057704205
2020-21,new,MIN,MEM,0.00033461485919264423
2020-21,new,MIN,MIA,0.0
2020-21,new,MIN,MIL,0.0
2020-21,new,MIN,NOP,0.004354134608356236
2020-21,new,MIN,NYK,0.02123515197861063
2020-21,new,MIN,OKC,0.0043849676558025295
2020-21,new,MIN,ORL,0.0031843238254134158
2020-21,new,MIN,PHI,0.009257543212814448
2020-21,new,MIN,PHX,0.012267241439910544
2020-21,new,MIN,POR,0.002402209113131213
2020-21,new,MIN,SAC,0.005206243933616251
2020-21,new,MIN,SAS,0.008980349353027913
2020-21,new,MIN,TOR,3.534012825091513e-05
2020-21,new,MIN,UTA,0.0015484914042312524
2020-21,new,MIN,WAS,0.00012974034483175857
2020-21,new,NOP,ATL,0.03508878528277443
2020-21,new,NOP,BKN,0.004348060355987402
2020-21,new,NOP,BOS,0.021123295972955612
2020-21,new,NOP,CHA,0.03607965798436967
2020-21,new,NOP,CHI,0.0013481708282230115
2020-21,new,NOP,CLE,0.00019167754168800707
2020-21,new,NOP,DAL,0.0
2020-21,new,NOP,DEN,0.0027003070047876146
2020-21,new,NOP,DET,0.002620150842824308
2020-21,new,NOP,GSW,0.014580078203963485
2020-21,new,NOP,HOU,0.046062548908400974
2020-21,new,NOP,IND,0.04288707327046385
2020-21,new,NOP,LAC,0.00017187500368514712
2020-21,new,NOP,LAL,0.012440371305971917
2020-21,new,NOP,MEM,0.04672520996479081
2020-21,new,NOP,MIA,0.0
2020-21,new,NOP,MIL,3.260270049113074e-05
2020-21,new,NOP,MIN,0.0013931512213252969
2020-21,new,NOP,NYK,0.06840741978594662
2020-21,new,NOP,OKC,0.016394396719105284
2020-21,new,NOP,ORL,0.00012659172159212357
2020-21,new,NOP,PHI,0.0038114224602307737
2020-21,new,NOP,PHX,0.00609806038278701
2020-21,new,NOP,POR,0.10610587283997026
2020-21,new,NOP,SAC,0.010475700552385055
2020-21,new,NOP,SAS,0.029470915772326092
2020-21,new,NOP,TOR,0.0008001095554546015
2020-21,new,NOP,UTA,0.0024127155248525327
2020-21,new,NOP,WAS,0.00039477584755450015
2020-21,new,NYK,ATL,0.05001795345611243
2020-21,new,NYK,BKN,0.0048146552154954905
2020-21,new,NYK,BOS,0.03161589680659977
2020-21,new,NYK,CHA,0.03238340434046646
2020-21,new,NYK,CHI,0.002833761852989601
2020-21,new,NYK,CLE,0.00017648361174498609
2020-21,new,NYK,DAL,0.0
2020-21,new,NYK,DEN,0.004356383263697976
2020-21,new,NYK,DET,0.0002332974486614995
2020-21,new,NYK,GSW,0.008567048631475636
2020-21,new,NYK,HOU,0.07248264815620194
2020-21,new,NYK,IND,0.04434891576576888
2020-21,new,NYK,LAC,0.007787715556774415
2020-21,new,NYK,LAL,0.013740756750650472
2020-21,new,NYK,MEM,0.01235311986362005
2020-21,new,NYK,MIA,0.0
2020-21,new,NYK,MIL,1.630135024556537e-05
2020-21,new,NYK,MIN,5.5772472108176975e-05
2020-21,new,NYK,NOP,0.004071334689321553
2020-21,new,NYK,OKC,0.05202343771687773
2020-21,new,NYK,ORL,0.000584186362095003
2020-21,new,NYK,PHI,0.004215517224952707
2020-21,new,NYK,PHX,0.00029407515234571014
2020-21,new,NYK,POR,0.008863416105380344
2020-21,new,NYK,SAC,0.0019989136837097327
2020-21,new,NYK,SAS,0.012584813530040682
2020-21,new,NYK,TOR,0.0045443281360740715
2020-21,new,NYK,UTA,0.002456896560395072
2020-21,new,NYK,WAS,0.0005615523180289605
2020-21,new,OKC,ATL,0.0016975931783548546
2020-21,new,OKC,BKN,0.032092672489455035
2020-21,new,OKC,BOS,0.0032206807060091163
2020-21,new,OKC,CHA,0.002112209217064311
2020-21,new,OKC,CHI,0.005395811694247457
2020-21,new,OKC,CLE,0.0021815305155982495
2020-21,new,OKC,DAL,0.0
2020-21,new,OKC,DEN,0.033789520110906746
2020-21,new,OKC,DET,0.0066282330531072945
2020-21,new,OKC,GSW,0.007461168105089129
2020-21,new,OKC,HOU,0.029244073264096095
2020-21,new,OKC,IND,0.0019525100472376658
2020-21,new,OKC,LAC,0.010754849232496404
2020-21,new,OKC,LAL,0.004949264082685897
2020-21,new,OKC,MEM,0.04209913257041044
2020-21,new,OKC,MIA,0.0
2020-21,new,OKC,MIL,0.0
2020-21,new,OKC,MIN,0.011641663461129517
2020-21,new,OKC,NOP,0.00818568096053918
2020-21,new,OKC,NYK,0.044580375683197865
2020-21,new,OKC,ORL,0.013849765980978127
2020-21,new,OKC,PHI,0.006139008667047039
2020-21,new,OKC,PHX,0.007112002244353663
2020-21,new,OKC,POR,0.009893049768067833
2020-21,new,OKC,SAC,0.0037323897850697813
2020-21,new,OKC,SAS,0.01752648527328393
2020-21,new,OKC,TOR,0.0002588789826371753
2020-21,new,OKC,UTA,0.001480603468732844
2020-21,new,OKC,WAS,0.004709685266187176
2020-21,new,ORL,ATL,0.007775563954432399
2020-21,new,ORL,BKN,0.01544612071252075
2020-21,new,ORL,BOS,0.005284935548816672
2020-21,new,ORL,CHA,0.0008880357082667507
2020-21,new,ORL,CHI,0.0022835455523925892
2020-21,new,ORL,CLE,0.002152584233776749
2020-21,new,ORL,DAL,0.0
2020-21,new,ORL,DEN,0.010274805053387195
2020-21,new,ORL,DET,0.012817349087262267
2020-21,new,ORL,GSW,0.015004983664530958
2020-21,new,ORL,HOU,0.009293642413264525
2020-21,new,ORL,IND,0.0006425936334912797
2020-21,new,ORL,LAC,0.014244612038199754
2020-21,new,ORL,LAL,0.001329909709237799
2020-21,new,ORL,MEM,0.009034206407730241
2020-21,new,ORL,MIA,0.0
2020-21,new,ORL,MIL,0.0
2020-21,new,ORL,MIN,0.012826353829576843
2020-21,new,ORL,NOP,0.010999818364632007
2020-21,new,ORL,NYK,0.016592513301826456
2020-21,new,ORL,OKC,0.014429957148065017
2020-21,new,ORL,PHI,0.000157327586624386
2020-21,new,ORL,PHX,1.0775862229538372e-05
2020-21,new,ORL,POR,0.026230603562595708
2020-21,new,ORL,SAC,0.0007816460241892409
2020-21,new,ORL,SAS,0.009578607510008639
2020-21,new,ORL,TOR,0.003425645822238482
2020-21,new,ORL,UTA,0.0
2020-21,new,ORL,WAS,0.004423001554666753
2020-21,new,PHI,ATL,0.007939987589838505
2020-21,new,PHI,BKN,0.039208782159056974
2020-21,new,PHI,BOS,0.007119982957927928
2020-21,new,PHI,CHA,0.009336351662083972
2020-21,new,PHI,CHI,0.0023978064417306297
2020-21,new,PHI,CLE,0.0015059568427024462
2020-21,new,PHI,DAL,0.0
2020-21,new,PHI,DEN,0.04047493108866862
2020-21,new,PHI,DET,0.0024251078204492677
2020-21,new,PHI,GSW,0.006639309654485291
2020-21,new,PHI,HOU,0.03341807259107962
2020-21,new,PHI,IND,0.008723576522171957
2020-21,new,PHI,LAC,0.04744342674850485
2020-21,new,PHI,LAL,0.010856167099308285
2020-21,new,PHI,MEM,0.004916717467855263
2020-21,new,PHI,MIA,0.0
2020-21,new,PHI,MIL,0.0
2020-21,new,PHI,MIN,0.007931610701704951
2020-21,new,PHI,NOP,0.004695454275632666
2020-21,new,PHI,NYK,0.02633470663560752
2020-21,new,PHI,OKC,0.017227909651841834
2020-21,new,PHI,ORL,0.0015748291848882193
2020-21,new,PHI,PHX,0.021710211485531483
2020-21,new,PHI,POR,0.0028863146921804432
2020-21,new,PHI,SAC,0.00048729313336708715
2020-21,new,PHI,SAS,0.0018596126496445977
2020-21,new,PHI,TOR,0.000649604172215942
2020-21,new,PHI,UTA,0.005885775925768218
2020-21,new,PHI,WAS,0.00025890414167372447
2020-21,new,PHX,ATL,0.015073372094889247
2020-21,new,PHX,BKN,0.017452316972274527
2020-21,new,PHX,BOS,0.007991779528911171
2020-21,new,PHX,CHA,0.008388803193456045
2020-21,new,PHX,CHI,0.0059471048360209625
2020-21,new,PHX,CLE,0.00044131841149245356
2020-21,new,PHX,DAL,0.0
2020-21,new,PHX,DEN,0.012976378720804198
2020-21,new,PHX,DET,0.0011352371936262549
2020-21,new,PHX,GSW,0.008082610678661777
2020-21,new,PHX,HOU,0.02223779780547343
2020-21,new,PHX,IND,0.0033256581289936317
2020-21,new,PHX,LAC,0.02217753246834036
2020-21,new,PHX,LAL,0.0066054897421044196
2020-21,new,PHX,MEM,0.00786102492606396
2020-21,new,PHX,MIA,0.0
2020-21,new,PHX,MIL,8.150675122782685e-06
2020-21,new,PHX,MIN,0.0046550505464812075
2020-21,new,PHX,NOP,0.0031659574377973995
2020-21,new,PHX,NYK,0.012469503874442527
2020-21,new,PHX,OKC,0.006166487300933082
2020-21,new,PHX,ORL,0.0048758011852247755
2020-21,new,PHX,PHI,0.022386853550159336
2020-21,new,PHX,POR,0.000269396558769272
2020-21,new,PHX,SAC,0.0019972620199352874
2020-21,new,PHX,SAS,0.0035552642924903274
2020-21,new,PHX,TOR,0.0007763634067529338
2020-21,new,PHX,UTA,0.020211206937353288
2020-21,new,PHX,WAS,0.00026683697555949365
2020-21,new,POR,ATL,0.04242870025953914
2020-21,new,POR,BKN,0.028574083860670535
2020-21,new,POR,BOS,0.014254805357596639
2020-21,new,POR,CHA,0.008952643624970644
2020-21,new,POR,CHI,0.0012342497078855264
2020-21,new,POR,CLE,0.0003155544762628402
2020-21,new,POR,DAL,0.0
2020-21,new,POR,DEN,0.01619365296687219
2020-21,new,POR,DET,2.4245690016461266e-06
2020-21,new,POR,GSW,0.018591857268180256
2020-21,new,POR,HOU,0.1526352372429944
2020-21,new,POR,IND,0.021213237635526946
2020-21,new,POR,LAC,0.028200161733789017
2020-21,new,POR,LAL,0.1128685285295162
2020-21,new,POR,MEM,0.04101792337532719
2020-21,new,POR,MIA,0.0
2020-21,new,POR,MIL,0.0
2020-21,new,POR,MIN,0.00014059740345436173
2020-21,new,POR,NOP,0.10389421495468393
2020-21,new,POR,NYK,0.1420054688886049
2020-21,new,POR,OKC,0.028164332159333217
2020-21,new,POR,ORL,0.002460774566279969
2020-21,new,POR,PHI,0.015593750048669633
2020-21,new,POR,PHX,0.012102057749175244
2020-21,new,POR,SAC,0.001872559914602221
2020-21,new,POR,SAS,0.017289520525920192
2020-21,new,POR,TOR,0.0024164148897212246
2020-21,new,POR,UTA,0.0018943965637349875
2020-21,new,POR,WAS,0.0013074004346479557
2020-21,new,SAC,ATL,0.01376958925544288
2020-21,new,SAC,BKN,0.0018232758918070586
2020-21,new,SAC,BOS,0.009947424952955463
2020-21,new,SAC,CHA,0.0025765807809894703
2020-21,new,SAC,CHI,0.00876910124578404
2020-21,new,SAC,CLE,0.0012041226164956247
2020-21,new,SAC,DAL,0.0
2020-21,new,SAC,DEN,0.005931402429618968
2020-21,new,SAC,DET,0.0015145474573364478
2020-21,new,SAC,GSW,0.01880339288608679
2020-21,new,SAC,HOU,0.011632543319579346
2020-21,new,SAC,IND,0.0014718680375969005
2020-21,new,SAC,LAC,0.0034757543499139933
2020-21,new,SAC,LAL,0.0098953388317751
2020-21,new,SAC,MEM,0.04185742585872543
2020-21,new,SAC,MIA,0.0
2020-21,new,SAC,MIL,0.0
2020-21,new,SAC,MIN,0.004027059234278631
2020-21,new,SAC,NOP,0.0266379880018891
2020-21,new,SAC,NYK,0.10943876217333987
2020-21,new,SAC,OKC,0.012409213499571517
2020-21,new,SAC,ORL,0.004028861107807773
2020-21,new,SAC,PHI,0.00127370691970633
2020-21,new,SAC,PHX,0.01502350456369296
2020-21,new,SAC,POR,0.04893345977199777
2020-21,new,SAC,SAS,0.017705471166277263
2020-21,new,SAC,TOR,0.0015623885959547552
2020-21,new,SAC,UTA,6.4655173377230255e-06
2020-21,new,SAC,WAS,2.9240437786866303e-05
2020-21,new,SAS,ATL,0.016971642631185776
2020-21,new,SAS,BKN,0.0037642780613507433
2020-21,new,SAS,BOS,0.002847535955689479
2020-21,new,SAS,CHA,0.007090712457455961
2020-21,new,SAS,CHI,0.009250997706527288
2020-21,new,SAS,CLE,0.0006212027190062583
2020-21,new,SAS,DAL,0.0
2020-21,new,SAS,DEN,0.01382320583691371
2020-21,new,SAS,DET,2.1012933595619898e-05
2020-21,new,SAS,GSW,0.020201705583494906
2020-21,new,SAS,HOU,0.06798679980965218
2020-21,new,SAS,IND,0.004333259229117684
2020-21,new,SAS,LAC,0.006596713237171384
2020-21,new,SAS,LAL,0.02043056352654607
2020-21,new,SAS,MEM,0.024798207134404435
2020-21,new,SAS,MIA,0.0
2020-21,new,SAS,MIL,0.0
2020-21,new,SAS,MIN,0.0014430308081667701
2020-21,new,SAS,NOP,0.029824867416541206
2020-21,new,SAS,NYK,0.02934867265591519
2020-21,new,SAS,OKC,0.007186153317974271
2020-21,new,SAS,ORL,0.006381029381821391
2020-21,new,SAS,PHI,0.0038178879396733026
2020-21,new,SAS,PHX,0.0040439491079600175
2020-21,new,SAS,POR,0.058602910063386054
2020-21,new,SAS,SAC,0.005254264893307648
2020-21,new,SAS,TOR,0.003789395434308118
2020-21,new,SAS,UTA,0.005960129344964336
2020-21,new,SAS,WAS,0.002197897032557592
2020-21,new,TOR,ATL,0.0018623976809961488
2020-21,new,TOR,BKN,0.008966594768672027
2020-21,new,TOR,BOS,0.00145811991704184
2020-21,new,TOR,CHA,0.0024079923452735175
2020-21,new,TOR,CHI,0.026880870877119965
2020-21,new,TOR,CLE,0.0033334107966936886
2020-21,new,TOR,DAL,0.0
2020-21,new,TOR,DEN,0.010762629263302115
2020-21,new,TOR,DET,0.0014989225077041391
2020-21,new,TOR,GSW,0.03214624793743794
2020-21,new,TOR,HOU,0.012108836187559565
2020-21,new,TOR,IND,0.006593027019414003
2020-21,new,TOR,LAC,0.0023696120949823346
2020-21,new,TOR,LAL,0.0003052440332100395
2020-21,new,TOR,MEM,0.011538382227212313
2020-21,new,TOR,MIA,0.0
2020-21,new,TOR,MIL,0.0
2020-21,new,TOR,MIN,0.000810025879038245
2020-21,new,TOR,NOP,0.01800981826964066
2020-21,new,TOR,NYK,0.010285261772226561
2020-21,new,TOR,OKC,0.003554956962209965
2020-21,new,TOR,ORL,0.007570552626844206
2020-21,new,TOR,PHI,0.0059256466652330905
2020-21,new,TOR,PHX,0.0010101426258419144
2020-21,new,TOR,POR,0.01593292049989345
2020-21,new,TOR,SAC,0.005168145967728696
2020-21,new,TOR,SAS,0.006118484883406894
2020-21,new,TOR,UTA,0.00028448276285981326
2020-21,new,TOR,WAS,0.01754542217686281
2020-21,new,UTA,ATL,0.007697665246337731
2020-21,new,UTA,BKN,0.006326508696335529
2020-21,new,UTA,BOS,0.0008769170612035529
2020-21,new,UTA,CHA,0.00046400215038317524
2020-21,new,UTA,CHI,0.002316467619498326
2020-21,new,UTA,CLE,0.001013001886063993
2020-21,new,UTA,DAL,0.0
2020-21,new,UTA,DEN,0.002032597651725845
2020-21,new,UTA,DET,0.0020689655122636203
2020-21,new,UTA,GSW,0.011228926165062564
2020-21,new,UTA,HOU,0.02208001086307722
2020-21,new,UTA,IND,0.0009343390203045607
2020-21,new,UTA,LAC,0.007790409544912359
2020-21,new,UTA,LAL,0.023416072981043912
2020-21,new,UTA,MEM,0.0014593821512439956
2020-21,new,UTA,MIA,0.0
2020-21,new,UTA,MIL,0.0
2020-21,new,UTA,MIN,8.284167613043853e-05
2020-21,new,UTA,NOP,0.02399435207836696
2020-21,new,UTA,NYK,0.015690578136806355
2020-21,new,UTA,OKC,0.002142510803432429
2020-21,new,UTA,ORL,0.007764480133546431
2020-21,new,UTA,PHI,0.008963362165598263
2020-21,new,UTA,PHX,0.029969851329776177
2020-21,new,UTA,POR,0.0002389547610775857
2020-21,new,UTA,SAC,9.330723936474662e-05
2020-21,new,UTA,SAS,0.0022127107080695124
2020-21,new,UTA,TOR,0.004861484943097981
2020-21,new,UTA,WAS,0.0014653924457274142
2020-21,new,WAS,ATL,0.015297052397577223
2020-21,new,WAS,BKN,0.004381465557802083
2020-21,new,WAS,BOS,0.035662391356305945
2020-21,new,WAS,CHA,0.04478271616458131
2020-21,new,WAS,CHI,0.023960380772682897
2020-21,new,WAS,CLE,0.0013579555249833791
2020-21,new,WAS,DAL,0.0
2020-21,new,WAS,DEN,0.004047227424900704
2020-21,new,WAS,DET,0.0018453665302689021
2020-21,new,WAS,GSW,0.0073060499976357485
2020-21,new,WAS,HOU,0.03477925394077641
2020-21,new,WAS,IND,0.045569558005291944
2020-21,new,WAS,LAC,0.004210668099413884
2020-21,new,WAS,LAL,0.007552143823555954
2020-21,new,WAS,MEM,0.002944498027580059
2020-21,new,WAS,MIA,0.0
2020-21,new,WAS,MIL,1.630135024556537e-05
2020-21,new,WAS,MIN,0.003586464873573001
2020-21,new,WAS,NOP,0.001900374535330839
2020-21,new,WAS,NYK,0.024004987664279557
2020-21,new,WAS,OKC,0.009163523784794458
2020-21,new,WAS,ORL,0.008634202442940503
2020-21,new,WAS,PHI,0.003997844860583929
2020-21,new,WAS,PHX,2.046169911971075e-05
2020-21,new,WAS,POR,0.01382812509867202
2020-21,new,WAS,SAC,0.0006275255862712385
2020-21,new,WAS,SAS,0.0016914422843287615
2020-21,new,WAS,TOR,0.012101771203912627
2020-21,new,WAS,UTA,0.0013663793171370593
2020-21,old,ATL,BKN,0.006610991377865191
2020-21,old,ATL,BOS,0.021290063284085007
2020-21,old,ATL,CHA,0.0277689493632019
2020-21,old,ATL,CHI,0.005794485201447555
2020-21,old,ATL,CLE,0.002602330938838225
2020-21,old,ATL,DAL,0.0
2020-21,old,ATL,DEN,0.00706034505841358
2020-21,old,ATL,DET,2.774784853280492e-05
2020-21,old,ATL,GSW,0.01594722428478258
2020-21,old,ATL,HOU,0.03276804937553543
2020-21,old,ATL,IND,0.019532937107643505
2020-21,old,ATL,LAC,0.00731250004154421
2020-21,old,ATL,LAL,0.02720983814939742
2020-21,old,ATL,MEM,0.014086091874794905
2020-21,old,ATL,MIA,0.0
2020-21,old,ATL,MIL,0.0
2020-21,old,ATL,MIN,0.0032759236088728276
2020-21,old,ATL,NOP,0.0041505100778837754
2020-21,old,ATL,NYK,0.06360331142312012
2020-21,old,ATL,OKC,0.020952855885542666
2020-21,old,ATL,ORL,0.0025511239087946595
2020-21,old,ATL,PHI,0.0001002155200192898
2020-21,old,ATL,PHX,0.002600215774127782
2020-21,old,ATL,POR,0.00033108836369075134
2020-21,old,ATL,SAC,0.011254623066141941
2020-21,old,ATL,SAS,0.016214343970798586
2020-21,old,ATL,TOR,0.004579605013547656
2020-21,old,ATL,UTA,0.0008900862199190105
2020-21,old,ATL,WAS,0.002595691931313392
2020-21,old,BKN,ATL,0.010193924113700892
2020-21,old,BKN,BOS,0.008263131187739985
2020-21,old,BKN,CHA,0.01450184441592216
2020-21,old,BKN,CHI,0.00011234394465285327
2020-21,old,BKN,CLE,4.0146132760524584e-05
2020-21,old,BKN,DAL,0.0
2020-21,old,BKN,DEN,0.04969739235833555
2020-21,old,BKN,DET,0.0006934267593194435
2020-21,old,BKN,GSW,0.01520897160635686
2020-21,old,BKN,HOU,0.06420366412026662
2020-21,old,BKN,IND,0.013576959813347516
2020-21,old,BKN,LAC,0.052478717581292716
2020-21,old,BKN,LAL,0.00922733171984323
2020-21,old,BKN,MEM,0.011385474053457635
2020-21,old,BKN,MIA,0.0
2020-21,old,BKN,MIL,0.0
2020-21,old,BKN,MIN,0.01953167080943723
2020-21,old,BKN,NOP,0.003406633216826131
2020-21,old,BKN,NYK,0.021899587752457355
2020-21,old,BKN,OKC,0.022631465621605704
2020-21,old,BKN,ORL,0.0012234402285902037
2020-21,old,BKN,PHI,0.025534482875774648
2020-21,old,BKN,PHX,0.017293103527968173
2020-21,old,BKN,POR,0.003732219828585774
2020-21,old,BKN,SAC,0.0018462096746835429
2020-21,old,BKN,SAS,0.00351089381148151
2020-21,old,BKN,TOR,1.560533872683749e-05
2020-21,old,BKN,UTA,0.004436422461675929
2020-21,old,BKN,WAS,0.006104867713018133
2020-21,old,BOS,ATL,0.04205695720889041
2020-21,old,BOS,BKN,0.005711476324599814
2020-21,old,BOS,CHA,0.015366520973453944
2020-21,old,BOS,CHI,0.004210559528421912
2020-21,old,BOS,CLE,0.0007012366292352837
2020-21,old,BOS,DAL,0.0
2020-21,old,BOS,DEN,0.0058777643366638
2020-21,old,BOS,DET,0.002621497806113468
2020-21,old,BOS,GSW,0.0176362465283679
2020-21,old,BOS,HOU,0.044078271965403905
2020-21,old,BOS,IND,0.017612663155451028
2020-21,old,BOS,LAC,0.008940732808671248
2020-21,old,BOS,LAL,0.011562649726876695
2020-21,old,BOS,MEM,0.015384860671696005
2020-21,old,BOS,MIA,0.0
2020-21,old,BOS,MIL,7.101752076966383e-07
2020-21,old,BOS,MIN,0.009062595868966978
2020-21,old,BOS,NOP,0.004750109066092152
2020-21,old,BOS,NYK,0.03247481999878804
2020-21,old,BOS,OKC,0.02787499979551849
2020-21,old,BOS,ORL,0.0074926857378861626
2020-21,old,BOS,PHI,0.003717672413150812
2020-21,old,BOS,PHX,0.0038329739943654896
2020-21,old,BOS,POR,0.013780441891526446
2020-21,old,BOS,SAC,0.0061417246154256405
2020-21,old,BOS,SAS,0.0046042676246911066
2020-21,old,BOS,TOR,0.003170712710889597
2020-21,old,BOS,UTA,0.0036174568882340503
2020-21,old,BOS,WAS,0.004178828357467659
2020-21,old,CHA,ATL,0.007339380382161256
2020-21,old,CHA,BKN,7.327586316086095e-05
2020-21,old,CHA,BOS,0.014713888120391302
2020-21,old,CHA,CHI,0.005660590407103295
2020-21,old,CHA,CLE,0.004011577786332282
2020-21,old,CHA,DAL,0.0
2020-21,old,CHA,DEN,0.0008922640273851801
2020-21,old,CHA,DET,0.0011390086455302763
2020-21,old,CHA,GSW,0.009666313363558976
2020-21,old,CHA,HOU,0.02467092123938371
2020-21,old,CHA,IND,0.027601153435316012
2020-21,old,CHA,LAC,0.00011637931071414515
2020-21,old,CHA,LAL,0.003965707794878556
2020-21,old,CHA,MEM,0.010768883817777252
2020-21,old,CHA,MIA,0.0
2020-21,old,CHA,MIL,7.088832790002014e-07
2020-21,old,CHA,MIN,0.0035125731834858382
2020-21,old,CHA,NOP,0.007657631112766585
2020-21,old,CHA,NYK,0.01582500540813677
2020-21,old,CHA,OKC,0.006266972040336031
2020-21,old,CHA,ORL,0.016020666505619598
2020-21,old,CHA,PHI,1.6163793344307567e-05
2020-21,old,CHA,PHX,3.232753512147611e-05
2020-21,old,CHA,POR,0.00041460130911657664
2020-21,old,CHA,SAC,0.008615887261873933
2020-21,old,CHA,SAS,0.009072825094913563
2020-21,old,CHA,TOR,0.00975518368328459
2020-21,old,CHA,UTA,0.0
2020-21,old,CHA,WAS,0.012003603064296514
2020-21,old,CHI,ATL,0.008990806718229575
2020-21,old,CHI,BKN,0.003913793078591597
2020-21,old,CHI,BOS,0.01386283021967159
2020-21,old,CHI,CHA,0.009266284262217922
2020-21,old,CHI,CLE,0.00979154641899486
2020-21,old,CHI,DAL,0.0
2020-21,old,CHI,DEN,0.010075898825548643
2020-21,old,CHI,DET,0.0022852909692225904
2020-21,old,CHI,GSW,0.008947718207468897
2020-21,old,CHI,HOU,0.04512242990370859
2020-21,old,CHI,IND,0.01337080780766843
2020-21,old,CHI,LAC,0.003693965602312879
2020-21,old,CHI,LAL,0.0041190529992413795
2020-21,old,CHI,MEM,0.01198705241267256
2020-21,old,CHI,MIA,0.0
2020-21,old,CHI,MIL,7.091161927298837e-07
2020-21,old,CHI,MIN,0.0004837826360101617
2020-21,old,CHI,NOP,0.028137985502729966
2020-21,old,CHI,NYK,0.022566877185614054
2020-21,old,CHI,OKC,0.03169234906638379
2020-21,old,CHI,ORL,0.09079236288594414
2020-21,old,CHI,PHI,0.0023545258566897743
2020-21,old,CHI,PHX,0.0012144398487611164
2020-21,old,CHI,POR,0.0010695043752162623
2020-21,old,CHI,SAC,0.03836324370260187
2020-21,old,CHI,SAS,0.008061127344397187
2020-21,old,CHI,TOR,0.0339515288554198
2020-21,old,CHI,UTA,1.0775862229538362e-06
2020-21,old,CHI,WAS,0.021201343516064872
2020-21,old,CLE,ATL,0.003392308917219291
2020-21,old,CLE,BKN,0.001891163823371432
2020-21,old,CLE,BOS,0.004354569577968502
2020-21,old,CLE,CHA,0.0052611722039768395
2020-21,old,CLE,CHI,0.02180758274580051
2020-21,old,CLE,DAL,0.0
2020-21,old,CLE,DEN,0.01822102522727155
2020-21,old,CLE,DET,0.008750538669349946
2020-21,old,CLE,GSW,0.029868348590831255
2020-21,old,CLE,HOU,0.017930226440718074
2020-21,old,CLE,IND,0.012663977743366915
2020-21,old,CLE,LAC,0.019328663921834712
2020-21,old,CLE,LAL,0.0003748359051601817
2020-21,old,CLE,MEM,0.006064061309534488
2020-21,old,CLE,MIA,0.0
2020-21,old,CLE,MIL,0.0
2020-21,old,CLE,MIN,0.045720876404181515
2020-21,old,CLE,NOP,0.012659444390729946
2020-21,old,CLE,NYK,0.007589375997700964
2020-21,old,CLE,OKC,0.019967133546998753
2020-21,old,CLE,ORL,0.017957747874653117
2020-21,old,CLE,PHI,0.008702586226984218
2020-21,old,CLE,PHX,0.0011282326226990651
2020-21,old,CLE,POR,0.000127963359539943
2020-21,old,CLE,SAC,0.008053099292203929
2020-21,old,CLE,SAS,0.005472907478848132
2020-21,old,CLE,TOR,0.009247159983369007
2020-21,old,CLE,UTA,0.00702155173467151
2020-21,old,CLE,WAS,0.010093669611611593
2020-21,old,DAL,ATL,0.023597630302061263
2020-21,old,DAL,BKN,0.0046414331934647645
2020-21,old,DAL,BOS,0.025107039398777686
2020-21,old,DAL,CHA,0.012354929241860229
2020-21,old,DAL,CHI,0.026434676808808493
2020-21,old,DAL,CLE,0.013802462395739935
2020-21,old,DAL,DEN,0.007469735344493803
2020-21,old,DAL,DET,0.0002745150573399111
2020-21,old,DAL,GSW,0.03064070349014016
2020-21,old,DAL,HOU,0.05388227346834952
2020-21,old,DAL,IND,0.012595954126439397
2020-21,old,DAL,LAC,0.00266540951139679
2020-21,old,DAL,LAL,0.04155469748144952
2020-21,old,DAL,MEM,0.020835137782869512
2020-21,old,DAL,MIA,0.0
2020-21,old,DAL,MIL,0.0
2020-21,old,DAL,MIN,3.6952462026069463e-05
2020-21,old,DAL,NOP,0.014390550504986848
2020-21,old,DAL,NYK,0.28322537373208845
2020-21,old,DAL,OKC,0.03226535563248788
2020-21,old,DAL,ORL,0.011414737046264585
2020-21,old,DAL,PHI,0.0011799569205573665
2020-21,old,DAL,PHX,0.0013536078171844438
2020-21,old,DAL,POR,0.039804687787284916
2020-21,old,DAL,SAC,0.016592865402474597
2020-21,old,DAL,SAS,0.011766560808011948
2020-21,old,DAL,TOR,0.01413806886181865
2020-21,old,DAL,UTA,7.866379427563016e-05
2020-21,old,DAL,WAS,0.011119289064230615
2020-21,old,DEN,ATL,0.021402244920414863
2020-21,old,DEN,BKN,0.028700161382660332
2020-21,old,DEN,BOS,0.009600734123243611
2020-21,old,DEN,CHA,0.006737851443390454
2020-21,old,DEN,CHI,0.0006922945053062156
2020-21,old,DEN,CLE,0.0008911765776275797
2020-21,old,DEN,DAL,0.0
2020-21,old,DEN,DET,4.040948336076893e-06
2020-21,old,DEN,GSW,0.007315294456039325
2020-21,old,DEN,HOU,0.06354842243704076
2020-21,old,DEN,IND,0.004469859730383698
2020-21,old,DEN,LAC,0.028214439782314003
2020-21,old,DEN,LAL,0.04977489279890625
2020-21,old,DEN,MEM,0.0039349767874744205
2020-21,old,DEN,MIA,0.0
2020-21,old,DEN,MIL,1.1311022479213566e-06
2020-21,old,DEN,MIN,0.000124019392627149
2020-21,old,DEN,NOP,0.0028712697251630595
2020-21,old,DEN,NYK,0.03169769956250337
2020-21,old,DEN,OKC,0.020339170088389376
2020-21,old,DEN,ORL,0.0006752736368393074
2020-21,old,DEN,PHI,0.01390301734787123
2020-21,old,DEN,PHX,0.005254310401686437
2020-21,old,DEN,POR,0.005051454755834882
2020-21,old,DEN,SAC,8.449075540586563e-05
2020-21,old,DEN,SAS,0.0016084904215643825
2020-21,old,DEN,TOR,0.00021454250838464975
2020-21,old,DEN,UTA,0.00029956897046288546
2020-21,old,DEN,WAS,0.0011874243015843114
2020-21,old,DET,ATL,0.006702816397369889
2020-21,old,DET,BKN,0.009505926823797478
2020-21,old,DET,BOS,0.008467684560353864
2020-21,old,DET,CHA,0.007421219745998534
2020-21,old,DET,CHI,0.009034765639301442
2020-21,old,DET,CLE,0.013733954992503777
2020-21,old,DET,DAL,0.0
2020-21,old,DET,DEN,0.006581214956646331
2020-21,old,DET,GSW,0.023968626576706557
2020-21,old,DET,HOU,0.0404867998773604
2020-21,old,DET,IND,0.01417842337437436
2020-21,old,DET,LAC,0.013188577504860681
2020-21,old,DET,LAL,0.013829824072469913
2020-21,old,DET,MEM,0.01877259479635068
2020-21,old,DET,MIA,0.0
2020-21,old,DET,MIL,1.04948782170458e-09
2020-21,old,DET,MIN,0.014606444531309534
2020-21,old,DET,NOP,0.009990150099951802
2020-21,old,DET,NYK,0.02725473297339639
2020-21,old,DET,OKC,0.031515894018992754
2020-21,old,DET,ORL,0.020446359330282667
2020-21,old,DET,PHI,0.008724137945823243
2020-21,old,DET,PHX,0.010101293193113271
2020-21,old,DET,POR,0.0058962823678177356
2020-21,old,DET,SAC,0.004722434076147275
2020-21,old,DET,SAS,0.004422287772233784
2020-21,old,DET,TOR,0.0038071360538974334
2020-21,old,DET,UTA,0.0015818965746539418
2020-21,old,DET,WAS,0.01521101093493287
2020-21,old,GSW,ATL,0.004333626845093119
2020-21,old,GSW,BKN,0.004336476340520612
2020-21,old,GSW,BOS,0.010502406402337024
2020-21,old,GSW,CHA,0.008058704460680495
2020-21,old,GSW,CHI,0.021519059486502422
2020-21,old,GSW,CLE,0.014129233250367757
2020-21,old,GSW,DAL,0.0
2020-21,old,GSW,DEN,0.004807885117211378
2020-21,old,GSW,DET,0.00480899775531223
2020-21,old,GSW,HOU,0.029864762993107932
2020-21,old,GSW,IND,0.01179300007908777
2020-21,old,GSW,LAC,0.004471443984798027
2020-21,old,GSW,LAL,0.0031397245033456672
2020-21,old,GSW,MEM,0.03546054778799634
2020-21,old,GSW,MIA,0.0
2020-21,old,GSW,MIL,3.337807898847247e-12
2020-21,old,GSW,MIN,0.008918425921202865
2020-21,old,GSW,NOP,0.020932696488843217
2020-21,old,GSW,NYK,0.010971107667045779
2020-21,old,GSW,OKC,0.022806034116776952
2020-21,old,GSW,ORL,0.02167713690936104
2020-21,old,GSW,PHI,0.004081896578989408
2020-21,old,GSW,PHX,0.0033676496816755124
2020-21,old,GSW,POR,0.01011934277928707
2020-21,old,GSW,SAC,0.02552733087043555
2020-21,old,GSW,SAS,0.03578616562684381
2020-21,old,GSW,TOR,0.016880958762698642
2020-21,old,GSW,UTA,0.00032435345487540643
2020-21,old,GSW,WAS,0.014305630838487775
2020-21,old,HOU,ATL,0.018915893279520056
2020-21,old,HOU,BKN,4.0409483561484995e-06
2020-21,old,HOU,BOS,0.0044555701527189615
2020-21,old,HOU,CHA,0.009780455749983997
2020-21,old,HOU,CHI,0.006322032125055402
2020-21,old,HOU,CLE,0.0031153813329384775
2020-21,old,HOU,DAL,0.0
2020-21,old,HOU,DEN,0.0003219987886400482
2020-21,old,HOU,DET,0.004269665939580839
2020-21,old,HOU,GSW,0.008791530539934094
2020-21,old,HOU,IND,0.008727979340230061
2020-21,old,HOU,LAC,0.00026293104096990205
2020-21,old,HOU,LAL,0.006829599261896373
2020-21,old,HOU,MEM,0.005648977582953212
2020-21,old,HOU,MIA,0.0
2020-21,old,HOU,MIL,2.470046129318383e-10
2020-21,old,HOU,MIN,0.0007180328228026076
2020-21,old,HOU,NOP,0.013470819690731132
2020-21,old,HOU,NYK,0.052461051005764536
2020-21,old,HOU,OKC,0.027029903309042397
2020-21,old,HOU,ORL,0.0013968498379268572
2020-21,old,HOU,PHI,0.001876077580602904
2020-21,old,HOU,PHX,0.007844827597784012
2020-21,old,HOU,POR,0.019300646608301983
2020-21,old,HOU,SAC,0.010820577940631286
2020-21,old,HOU,SAS,0.015923965765374803
2020-21,old,HOU,TOR,0.003273904877860587
2020-21,old,HOU,UTA,0.0
2020-21,old,HOU,WAS,0.0018306217087326185
2020-21,old,IND,ATL,0.008513707892275823
2020-21,old,IND,BKN,3.0172414242707453e-05
2020-21,old,IND,BOS,0.015877251809990243
2020-21,old,IND,CHA,0.029347452575722827
2020-21,old,IND,CHI,0.006477012674003289
2020-21,old,IND,CLE,0.004770687258145505
2020-21,old,IND,DAL,0.0
2020-21,old,IND,DEN,0.0005227452370697766
2020-21,old,IND,DET,0.0007731681220747269
2020-21,old,IND,GSW,0.005186795573409999
2020-21,old,IND,HOU,0.008359374859438535
2020-21,old,IND,LAC,0.00011206896582232981
2020-21,old,IND,LAL,0.00242582469947502
2020-21,old,IND,MEM,0.007810620983205018
2020-21,old,IND,MIA,0.0
2020-21,old,IND,MIL,2.470046129318383e-10
2020-21,old,IND,MIN,7.729663376544789e-05
2020-21,old,IND,NOP,0.0056677307142289305
2020-21,old,IND,NYK,0.02387517229989876
2020-21,old,IND,OKC,0.007179957092077276
2020-21,old,IND,ORL,0.015286563734276616
2020-21,old,IND,PHI,9.69827600658454e-06
2020-21,old,IND,PHX,3.017222714065854e-05
2020-21,old,IND,POR,0.00017295258822208593
2020-21,old,IND,SAC,0.003878693059228665
2020-21,old,IND,SAS,0.020221870319998312
2020-21,old,IND,TOR,0.008681929475150847
2020-21,old,IND,UTA,0.0
2020-21,old,IND,WAS,0.012165611685289623
2020-21,old,LAC,ATL,0.003462719991583002
2020-21,old,LAC,BKN,0.049418911811622696
2020-21,old,LAC,BOS,0.002664693145254688
2020-21,old,LAC,CHA,0.00359650764745681
2020-21,old,LAC,CHI,0.015518465249967965
2020-21,old,LAC,CLE,0.009777235139330893
2020-21,old,LAC,DAL,0.0
2020-21,old,LAC,DEN,0.038123910838908065
2020-21,old,LAC,DET,0.001861260690332935
2020-21,old,LAC,GSW,0.016739657500010274
2020-21,old,LAC,HOU,0.0722025863341124
2020-21,old,LAC,IND,0.005191448236115239
2020-21,old,LAC,LAL,0.008836267190129568
2020-21,old,LAC,MEM,0.007984138567197159
2020-21,old,LAC,MIA,0.0
2020-21,old,LAC,MIL,9.247822905923063e-11
2020-21,old,LAC,MIN,0.016995516254533542
2020-21,old,LAC,NOP,0.008366197900008615
2020-21,old,LAC,NYK,0.006192351158449263
2020-21,old,LAC,OKC,0.006284213198212391
2020-21,old,LAC,ORL,0.014619963616964798
2020-21,old,LAC,PHI,0.02608620707587949
2020-21,old,LAC,PHX,0.021606386819112894
2020-21,old,LAC,POR,0.007827586240982157
2020-21,old,LAC,SAC,0.012528891537019592
2020-21,old,LAC,SAS,0.003712105286692166
2020-21,old,LAC,TOR,0.006701834429626293
2020-21,old,LAC,UTA,0.005440732817213725
2020-21,old,LAC,WAS,0.00921590588146199
2020-21,old,LAL,ATL,0.04040522011152701
2020-21,old,LAL,BKN,0.00450835125354231
2020-21,old,LAL,BOS,0.010275386293869074
2020-21,old,LAL,CHA,0.004209949189871629
2020-21,old,LAL,CHI,0.0273180180210168
2020-21,old,LAL,CLE,0.003726966068643036
2020-21,old,LAL,DAL,0.0
2020-21,old,LAL,DEN,0.012951422174545885
2020-21,old,LAL,DET,0.002275862049769032
2020-21,old,LAL,GSW,0.015412391593042966
2020-21,old,LAL,HOU,0.03233539880767207
2020-21,old,LAL,IND,0.004790455401158611
2020-21,old,LAL,LAC,0.009391972065606187
2020-21,old,LAL,MEM,0.020747161608833543
2020-21,old,LAL,MIA,0.0
2020-21,old,LAL,MIL,0.0
2020-21,old,LAL,MIN,0.002589036522144991
2020-21,old,LAL,NOP,0.013551349162043366
2020-21,old,LAL,NYK,0.1019810337341421
2020-21,old,LAL,OKC,0.015417025995537128
2020-21,old,LAL,ORL,0.007877721911048595
2020-21,old,LAL,PHI,0.005598060360804587
2020-21,old,LAL,PHX,0.005418205311966353
2020-21,old,LAL,POR,0.08878394403248015
2020-21,old,LAL,SAC,0.023648307427895494
2020-21,old,LAL,SAS,0.009617947341657598
2020-21,old,LAL,TOR,0.0070913694751798175
2020-21,old,LAL,UTA,0.002907327605925244
2020-21,old,LAL,WAS,0.003297702944895571
2020-21,old,MEM,ATL,0.015585467038878885
2020-21,old,MEM,BKN,0.005043911620340279
2020-21,old,MEM,BOS,0.018245599547935032
2020-21,old,MEM,CHA,0.01336223429973475
2020-21,old,MEM,CHI,0.012010208852232633
2020-21,old,MEM,CLE,0.002205634814820856
2020-21,old,MEM,DAL,0.0
2020-21,old,MEM,DEN,0.0016314699243009816
2020-21,old,MEM,DET,0.003484644502489664
2020-21,old,MEM,GSW,0.03781241333517003
2020-21,old,MEM,HOU,0.022099946272451078
2020-21,old,MEM,IND,0.010020691086514117
2020-21,old,MEM,LAC,0.001727640092039706
2020-21,old,MEM,LAL,0.010381024697197032
2020-21,old,MEM,MIA,0.0
2020-21,old,MEM,MIL,0.0
2020-21,old,MEM,MIN,0.004211565552398559
2020-21,old,MEM,NOP,0.01297658639826051
2020-21,old,MEM,NYK,0.06229767794109118
2020-21,old,MEM,OKC,0.025490571402298323
2020-21,old,MEM,ORL,0.005813449687377535
2020-21,old,MEM,PHI,0.005473060421163924
2020-21,old,MEM,PHX,0.002104525886458335
2020-21,old,MEM,POR,0.023265625133544427
2020-21,old,MEM,SAC,0.011276493515870721
2020-21,old,MEM,SAS,0.021238897432506957
2020-21,old,MEM,TOR,0.0014522924802009341
2020-21,old,MEM,UTA,0.0001314655195215139
2020-21,old,MEM,WAS,0.0016627892841667546
2020-21,old,MIA,ATL,0.01957715518954617
2020-21,old,MIA,BKN,0.0032543103338082743
2020-21,old,MIA,BOS,0.024900786913364583
2020-21,old,MIA,CHA,0.020223502435981488
2020-21,old,MIA,CHI,0.0013967119154342457
2020-21,old,MIA,CLE,0.001055267091751113
2020-21,old,MIA,DAL,0.0
2020-21,old,MIA,DEN,0.006839165869539453
2020-21,old,MIA,DET,5.334051849786195e-05
2020-21,old,MIA,GSW,0.01962666228303173
2020-21,old,MIA,HOU,0.12450747315563132
2020-21,old,MIA,IND,0.019667789432210588
2020-21,old,MIA,LAC,0.007972252232881647
2020-21,old,MIA,LAL,0.01183917991754879
2020-21,old,MIA,MEM,0.020537257633229746
2020-21,old,MIA,MIL,1.1311022479213566e-06
2020-21,old,MIA,MIN,1.2951677420463318e-05
2020-21,old,MIA,NOP,0.009271008320907331
2020-21,old,MIA,NYK,0.06266064120868692
2020-21,old,MIA,OKC,0.15774784440646383
2020-21,old,MIA,ORL,0.015995757489300388
2020-21,old,MIA,PHI,0.004741379337722501
2020-21,old,MIA,PHX,0.005457882559427184
2020-21,old,MIA,POR,0.01043022645747787
2020-21,old,MIA,SAC,0.00726661228713616
2020-21,old,MIA,SAS,0.006906490938632248
2020-21,old,MIA,TOR,0.008364594956616424
2020-21,old,MIA,UTA,0.0006734913913533092
2020-21,old,MIA,WAS,0.003768942917136817
2020-21,old,MIL,ATL,0.0034427402202817786
2020-21,old,MIL,BKN,0.014161368454706147
2020-21,old,MIL,BOS,0.0025221714852460384
2020-21,old,MIL,CHA,0.0020249045363930985
2020-21,old,MIL,CHI,0.0025128964889470796
2020-21,old,MIL,CLE,0.0007298706609900477
2020-21,old,MIL,DAL,0.0
2020-21,old,MIL,DEN,0.026666234368641437
2020-21,old,MIL,DET,0.0005902478400746292
2020-21,old,MIL,GSW,0.0011034525845254421
2020-21,old,MIL,HOU,0.1357045132230068
2020-21,old,MIL,IND,0.003577939193818403
2020-21,old,MIL,LAC,0.021419181031604492
2020-21,old,MIL,LAL,0.016001943891767845
2020-21,old,MIL,MEM,0.0033800563168737315
2020-21,old,MIL,MIA,0.0
2020-21,old,MIL,MIN,9.070376320150884e-05
2020-21,old,MIL,NOP,0.019255049609108697
2020-21,old,MIL,NYK,0.011547484392530876
2020-21,old,MIL,OKC,0.005841594818650326
2020-21,old,MIL,ORL,0.024970368571461503
2020-21,old,MIL,PHI,0.0137392242706445
2020-21,old,MIL,PHX,0.010647039559192719
2020-21,old,MIL,POR,0.00035721983515721713
2020-21,old,MIL,SAC,0.02256906073891281
2020-21,old,MIL,SAS,0.005773828139442964
2020-21,old,MIL,TOR,0.008398235339417588
2020-21,old,MIL,UTA,0.0015172414068967616
2020-21,old,MIL,WAS,0.004739531031014716
2020-21,old,MIN,ATL,0.003110722094989845
2020-21,old,MIN,BKN,0.0083900863168448
2020-21,old,MIN,BOS,0.002640702290523628
2020-21,old,MIN,CHA,0.0020782871127707943
2020-21,old,MIN,CHI,0.0006937090028496107
2020-21,old,MIN,CLE,0.010737236760575117
2020-21,old,MIN,DAL,0.0
2020-21,old,MIN,DEN,0.011268319326876433
2020-21,old,MIN,DET,0.004457435128339243
2020-21,old,MIN,GSW,0.02728961612785631
2020-21,old,MIN,HOU,0.03239727891329275
2020-21,old,MIN,IND,0.0020819211456137563
2020-21,old,MIN,LAC,0.009220097032556277
2020-21,old,MIN,LAL,0.017127136898322924
2020-21,old,MIN,MEM,0.00032054669950451226
2020-21,old,MIN,MIA,0.0
2020-21,old,MIN,MIL,0.0
2020-21,old,MIN,NOP,0.003944186383175633
2020-21,old,MIN,NYK,0.022623162964860593
2020-21,old,MIN,OKC,0.008636584275317825
2020-21,old,MIN,ORL,0.003946325171043583
2020-21,old,MIN,PHI,0.009258620799037401
2020-21,old,MIN,PHX,0.012267241446813716
2020-21,old,MIN,POR,0.0010414870886999218
2020-21,old,MIN,SAC,0.004900219747062293
2020-21,old,MIN,SAS,0.006106098671273361
2020-21,old,MIN,TOR,0.0004636013198720247
2020-21,old,MIN,UTA,0.0015484914042312524
2020-21,old,MIN,WAS,0.00010423089221104155
2020-21,old,NOP,ATL,0.02891204867276595
2020-21,old,NOP,BKN,0.004346982769764448
2020-21,old,NOP,BOS,0.015107081301463671
2020-21,old,NOP,CHA,0.023927958660572398
2020-21,old,NOP,CHI,0.03878538010474836
2020-21,old,NOP,CLE,0.0030043423595039376
2020-21,old,NOP,DAL,0.0
2020-21,old,NOP,DEN,0.0027313290108969992
2020-21,old,NOP,DET,0.0024070582098472083
2020-21,old,NOP,GSW,0.018080344580469726
2020-21,old,NOP,HOU,0.03541197701403017
2020-21,old,NOP,IND,0.020095834820312703
2020-21,old,NOP,LAC,0.00016271552024810617
2020-21,old,NOP,LAL,0.013167433771125824
2020-21,old,NOP,MEM,0.016566542486636148
2020-21,old,NOP,MIA,0.0
2020-21,old,NOP,MIL,1.1311842799849696e-06
2020-21,old,NOP,MIN,0.0008733786881148029
2020-21,old,NOP,NYK,0.051191982377992475
2020-21,old,NOP,OKC,0.016981411802939717
2020-21,old,NOP,ORL,0.010491099454589058
2020-21,old,NOP,PHI,0.0038125000464537275
2020-21,old,NOP,PHX,0.006100215593164819
2020-21,old,NOP,POR,0.05476104529277455
2020-21,old,NOP,SAC,0.06525343690216494
2020-21,old,NOP,SAS,0.03651078835792246
2020-21,old,NOP,TOR,0.024464912015839283
2020-21,old,NOP,UTA,0.0024127155248525327
2020-21,old,NOP,WAS,0.024254547568799908
2020-21,old,NYK,ATL,0.03683542181251052
2020-21,old,NYK,BKN,0.004814116422384013
2020-21,old,NYK,BOS,0.020196550528781537
2020-21,old,NYK,CHA,0.015129214118352528
2020-21,old,NYK,CHI,0.008424365005486054
2020-21,old,NYK,CLE,0.0025713362997797076
2020-21,old,NYK,DAL,0.0
2020-21,old,NYK,DEN,0.003972553401451485
2020-21,old,NYK,DET,0.00038065733486417156
2020-21,old,NYK,GSW,0.011268094148043785
2020-21,old,NYK,HOU,0.052479327081257056
2020-21,old,NYK,IND,0.017974597139574222
2020-21,old,NYK,LAC,0.0072693965746820416
2020-21,old,NYK,LAL,0.015147915366054018
2020-21,old,NYK,MEM,0.010425232755925367
2020-21,old,NYK,MIA,0.0
2020-21,old,NYK,MIL,1.1311022479213566e-06
2020-21,old,NYK,MIN,5.3576944747129496e-05
2020-21,old,NYK,NOP,0.0026324276761131686
2020-21,old,NYK,OKC,0.04505226300619864
2020-21,old,NYK,ORL,0.002257753949470218
2020-21,old,NYK,PHI,0.00421659481117566
2020-21,old,NYK,PHX,0.00025352914351686203
2020-21,old,NYK,POR,0.005089709101473623
2020-21,old,NYK,SAC,0.006558370635752934
2020-21,old,NYK,SAS,0.013055884540786942
2020-21,old,NYK,TOR,0.006586600324575691
2020-21,old,NYK,UTA,0.002456896560395072
2020-21,old,NYK,WAS,0.005709802154641566
2020-21,old,OKC,ATL,0.0023985014149808448
2020-21,old,OKC,BKN,0.032092672489455035
2020-21,old,OKC,BOS,0.00702610336399728
2020-21,old,OKC,CHA,0.007306778561854933
2020-21,old,OKC,CHI,0.02602181858994433
2020-21,old,OKC,CLE,0.02869707962515183
2020-21,old,OKC,DAL,0.0
2020-21,old,OKC,DEN,0.032594147114509635
2020-21,old,OKC,DET,0.010543372773922624
2020-21,old,OKC,GSW,0.024452645939189478
2020-21,old,OKC,HOU,0.02979229520645057
2020-21,old,OKC,IND,0.010245220746430042
2020-21,old,OKC,LAC,0.010716594922163621
2020-21,old,OKC,LAL,0.004684453768057768
2020-21,old,OKC,MEM,0.016967642446371535
2020-21,old,OKC,MIA,0.0
2020-21,old,OKC,MIL,3.337807898847247e-12
2020-21,old,OKC,MIN,0.036695797429601176
2020-21,old,OKC,NOP,0.02526570310248919
2020-21,old,OKC,NYK,0.037675992294960776
2020-21,old,OKC,ORL,0.0251087449123825
2020-21,old,OKC,PHI,0.0061411638394929455
2020-21,old,OKC,PHX,0.007101394359461136
2020-21,old,OKC,POR,0.006012122898025374
2020-21,old,OKC,SAC,0.014848995702320966
2020-21,old,OKC,SAS,0.020818912638268516
2020-21,old,OKC,TOR,0.018093357652680237
2020-21,old,OKC,UTA,0.001480603468732844
2020-21,old,OKC,WAS,0.01665325395220638
2020-21,old,ORL,ATL,0.009518187631431078
2020-21,old,ORL,BKN,0.01544612071252075
2020-21,old,ORL,BOS,0.007551572389957074
2020-21,old,ORL,CHA,0.0029626523671023807
2020-21,old,ORL,CHI,0.006790194392966139
2020-21,old,ORL,CLE,0.01428131023833501
2020-21,old,ORL,DAL,0.0
2020-21,old,ORL,DEN,0.010274786935807753
2020-21,old,ORL,DET,0.01053717668202368
2020-21,old,ORL,GSW,0.024597233468725464
2020-21,old,ORL,HOU,0.004087823138599431
2020-21,old,ORL,IND,0.0034396301177222256
2020-21,old,ORL,LAC,0.014244612038199754
2020-21,old,ORL,LAL,0.0016046094259183688
2020-21,old,ORL,MEM,0.00513179605155019
2020-21,old,ORL,MIA,0.0
2020-21,old,ORL,MIL,3.149457932955149e-10
2020-21,old,ORL,MIN,0.024934494175380174
2020-21,old,ORL,NOP,0.00223490373366545
2020-21,old,ORL,NYK,0.016166224933612208
2020-21,old,ORL,OKC,0.015993265204717687
2020-21,old,ORL,PHI,0.000157327586624386
2020-21,old,ORL,PHX,1.0775862229538372e-05
2020-21,old,ORL,POR,0.01419746769937397
2020-21,old,ORL,SAC,0.009180722435599545
2020-21,old,ORL,SAS,0.008869653864708105
2020-21,old,ORL,TOR,0.009902416978676089
2020-21,old,ORL,UTA,0.0
2020-21,old,ORL,WAS,0.010867796633364419
2020-21,old,PHI,ATL,0.005599998246255455
2020-21,old,PHI,BKN,0.039216055851028275
2020-21,old,PHI,BOS,0.006608007565218526
2020-21,old,PHI,CHA,0.006210696075664853
2020-21,old,PHI,CHI,0.005420349932539003
2020-21,old,PHI,CLE,0.01854278782637356
2020-21,old,PHI,DAL,0.0
2020-21,old,PHI,DEN,0.04004545079360286
2020-21,old,PHI,DET,0.0034434267568225355
2020-21,old,PHI,GSW,0.018474312264996965
2020-21,old,PHI,HOU,0.034631049032122344
2020-21,old,PHI,IND,0.004852185678528471
2020-21,old,PHI,LAC,0.04748491382515378
2020-21,old,PHI,LAL,0.010923124486801671
2020-21,old,PHI,MEM,0.00788142058003515
2020-21,old,PHI,MIA,0.0
2020-21,old,PHI,MIL,0.0
2020-21,old,PHI,MIN,0.025673099661228244
2020-21,old,PHI,NOP,0.0030056966981981824
2020-21,old,PHI,NYK,0.020057944267452915
2020-21,old,PHI,OKC,0.015677263011959184
2020-21,old,PHI,ORL,0.005950347014892511
2020-21,old,PHI,PHX,0.02165605713783062
2020-21,old,PHI,POR,0.0014345366658104963
2020-21,old,PHI,SAC,0.004518802337824125
2020-21,old,PHI,SAS,0.003820752727935061
2020-21,old,PHI,TOR,0.0038137556673454092
2020-21,old,PHI,UTA,0.005885775925768218
2020-21,old,PHI,WAS,0.0032274813081561893
2020-21,old,PHX,ATL,0.012341336683026031
2020-21,old,PHX,BKN,0.017460668266586286
2020-21,old,PHX,BOS,0.0071566980185917605
2020-21,old,PHX,CHA,0.017207634728126656
2020-21,old,PHX,CHI,0.008495002186107348
2020-21,old,PHX,CLE,0.0037765020224411823
2020-21,old,PHX,DAL,0.0
2020-21,old,PHX,DEN,0.012946516864110226
2020-21,old,PHX,DET,0.00230738134773705
2020-21,old,PHX,GSW,0.014901246484215003
2020-21,old,PHX,HOU,0.01750014618986511
2020-21,old,PHX,IND,0.017446370723072605
2020-21,old,PHX,LAC,0.02211745704514183
2020-21,old,PHX,LAL,0.006865598769140516
2020-21,old,PHX,MEM,0.011151909731520093
2020-21,old,PHX,MIA,0.0
2020-21,old,PHX,MIL,7.101752076966383e-07
2020-21,old,PHX,MIN,0.008047890739018739
2020-21,old,PHX,NOP,0.006087551513334361
2020-21,old,PHX,NYK,0.011904524502291467
2020-21,old,PHX,OKC,0.012358297485424654
2020-21,old,PHX,ORL,0.004472406921348494
2020-21,old,PHX,PHI,0.022389008722605245
2020-21,old,PHX,POR,0.0003168103534623917
2020-21,old,PHX,SAC,0.007072249796959503
2020-21,old,PHX,SAS,0.0060955981075443534
2020-21,old,PHX,TOR,0.005796596751050558
2020-21,old,PHX,UTA,0.020211206937353288
2020-21,old,PHX,WAS,0.008689570852588004
2020-21,old,POR,ATL,0.04666184406227534
2020-21,old,POR,BKN,0.028592672208404356
2020-21,old,POR,BOS,0.01653451470252443
2020-21,old,POR,CHA,0.013108985467824762
2020-21,old,POR,CHI,0.0012763349609364093
2020-21,old,POR,CLE,0.0009819138528956877
2020-21,old,POR,DAL,0.0
2020-21,old,POR,DEN,0.014854222784740405
2020-21,old,POR,DET,2.0743535414081206e-05
2020-21,old,POR,GSW,0.011653420759168783
2020-21,old,POR,HOU,0.1612087821268581
2020-21,old,POR,IND,0.0160929359081588
2020-21,old,POR,LAC,0.02847952598129833
2020-21,old,POR,LAL,0.0961731996677253
2020-21,old,POR,MEM,0.02256760559976892
2020-21,old,POR,MIA,0.0
2020-21,old,POR,MIL,0.0
2020-21,old,POR,MIN,8.021782803402619e-05
2020-21,old,POR,NOP,0.009822192637979154
2020-21,old,POR,NYK,0.10430531980093044
2020-21,old,POR,OKC,0.03150484912739745
2020-21,old,POR,ORL,0.001934548389473679
2020-21,old,POR,PHI,0.015585129352463088
2020-21,old,POR,PHX,0.012112228679195935
2020-21,old,POR,SAC,0.0037058403661993458
2020-21,old,POR,SAS,0.008347091310034527
2020-21,old,POR,TOR,0.0024775835517757624
2020-21,old,POR,UTA,0.00189224139128908
2020-21,old,POR,WAS,0.007944452662295787
2020-21,old,SAC,ATL,0.01565921091255119
2020-21,old,SAC,BKN,0.0018254310648149713
2020-21,old,SAC,BOS,0.013462073379693613
2020-21,old,SAC,CHA,0.00364309556882473
2020-21,old,SAC,CHI,0.054526682919549554
2020-21,old,SAC,CLE,0.011617785691302486
2020-21,old,SAC,DAL,0.0
2020-21,old,SAC,DEN,0.00481181152683146
2020-21,old,SAC,DET,0.002242726262955894
2020-21,old,SAC,GSW,0.019824284863591845
2020-21,old,SAC,HOU,0.011730064719624698
2020-21,old,SAC,IND,0.007211683869469143
2020-21,old,SAC,LAC,0.003209051744900002
2020-21,old,SAC,LAL,0.009885804382672014
2020-21,old,SAC,MEM,0.02362784932305021
2020-21,old,SAC,MIA,0.0
2020-21,old,SAC,MIL,2.6927811643319945e-10
2020-21,old,SAC,MIN,0.008393195997165434
2020-21,old,SAC,NOP,0.05031110400364883
2020-21,old,SAC,NYK,0.08006433376398533
2020-21,old,SAC,OKC,0.019495958784426535
2020-21,old,SAC,ORL,0.024284108628794578
2020-21,old,SAC,PHI,0.0012758620921522379
2020-21,old,SAC,PHX,0.014998627408814394
2020-21,old,SAC,POR,0.02528717686917938
2020-21,old,SAC,SAS,0.021425345626933552
2020-21,old,SAC,TOR,0.030125311354287577
2020-21,old,SAC,UTA,6.4655173377230255e-06
2020-21,old,SAC,WAS,0.013208092551895765
2020-21,old,SAS,ATL,0.018020290764466804
2020-21,old,SAS,BKN,0.0037615841004299
2020-21,old,SAS,BOS,0.006243422665381681
2020-21,old,SAS,CHA,0.02779053318143994
2020-21,old,SAS,CHI,0.011942481137081329
2020-21,old,SAS,CLE,0.00485962677465368
2020-21,old,SAS,DAL,0.0
2020-21,old,SAS,DEN,0.014721461483293823
2020-21,old,SAS,DET,0.0003890086053308613
2020-21,old,SAS,GSW,0.025248411333622812
2020-21,old,SAS,HOU,0.07376212306999953
2020-21,old,SAS,IND,0.03752720317252327
2020-21,old,SAS,LAC,0.0065862067714975835
2020-21,old,SAS,LAL,0.019561975399641593
2020-21,old,SAS,MEM,0.01836258469143425
2020-21,old,SAS,MIA,0.0
2020-21,old,SAS,MIL,9.570095926453495e-10
2020-21,old,SAS,MIN,0.0008888260125965693
2020-21,old,SAS,NOP,0.02776531584079541
2020-21,old,SAS,NYK,0.027572960124441277
2020-21,old,SAS,OKC,0.015426454359388523
2020-21,old,SAS,ORL,0.0049215206492785575
2020-21,old,SAS,PHI,0.003816810352888344
2020-21,old,SAS,PHX,0.004090518112829495
2020-21,old,SAS,POR,0.048140625256005314
2020-21,old,SAS,SAC,0.010849143586055522
2020-21,old,SAS,TOR,0.008385496644217852
2020-21,old,SAS,UTA,0.005960129344964336
2020-21,old,SAS,WAS,0.0298197853514943
2020-21,old,TOR,ATL,0.003720954234139059
2020-21,old,TOR,BKN,0.008967133566901764
2020-21,old,TOR,BOS,0.0052650868952736915
2020-21,old,TOR,CHA,0.019675239962523267
2020-21,old,TOR,CHI,0.05557226601061302
2020-21,old,TOR,CLE,0.010061465329486112
2020-21,old,TOR,DAL,0.0
2020-21,old,TOR,DEN,0.01013421876556248
2020-21,old,TOR,DET,0.003002155217932184
2020-21,old,TOR,GSW,0.020554518208013604
2020-21,old,TOR,HOU,0.011798760711881816
2020-21,old,TOR,IND,0.010552060194676265
2020-21,old,TOR,LAC,0.002086745736807392
2020-21,old,TOR,LAL,0.0006790536368509196
2020-21,old,TOR,MEM,0.007863225767335906
2020-21,old,TOR,MIA,0.0
2020-21,old,TOR,MIL,0.0
2020-21,old,TOR,MIN,0.0015269047608135154
2020-21,old,TOR,NOP,0.027189425943779648
2020-21,old,TOR,NYK,0.008323644714444316
2020-21,old,TOR,OKC,0.017732758513282477
2020-21,old,TOR,ORL,0.019757315710504722
2020-21,old,TOR,PHI,0.005939655293517842
2020-21,old,TOR,PHX,0.0010032328014328634
2020-21,old,TOR,POR,0.008254040997467356
2020-21,old,TOR,SAC,0.026653202885276128
2020-21,old,TOR,SAS,0.026436475355041695
2020-21,old,TOR,UTA,0.00028448276285981326
2020-21,old,TOR,WAS,0.03384553576957953
2020-21,old,UTA,ATL,0.008772363293521414
2020-21,old,UTA,BKN,0.006326508696335529
2020-21,old,UTA,BOS,0.001159064188619115
2020-21,old,UTA,CHA,0.0003210812297758963
2020-21,old,UTA,CHI,0.018513288536520834
2020-21,old,UTA,CLE,0.005155903537032427
2020-21,old,UTA,DAL,0.0
2020-21,old,UTA,DEN,0.002053102492254773
2020-21,old,UTA,DET,0.0024199891448269816
2020-21,old,UTA,GSW,0.012103376433370094
2020-21,old,UTA,HOU,0.024884967501997823
2020-21,old,UTA,IND,0.001986151581018625
2020-21,old,UTA,LAC,0.007790948337762906
2020-21,old,UTA,LAL,0.021025866577409468
2020-21,old,UTA,MEM,0.0011402944858860571
2020-21,old,UTA,MIA,0.0
2020-21,old,UTA,MIL,0.0
2020-21,old,UTA,MIN,9.14223771843355e-05
2020-21,old,UTA,NOP,0.028386828887865704
2020-21,old,UTA,NYK,0.017563334532652367
2020-21,old,UTA,OKC,0.010662446314998872
2020-21,old,UTA,ORL,0.02241633771426826
2020-21,old,UTA,PHI,0.008963362165598263
2020-21,old,UTA,PHX,0.029969827515879288
2020-21,old,UTA,POR,0.0002206357787885093
2020-21,old,UTA,SAC,0.00175501527427091
2020-21,old,UTA,SAS,0.005948796101606277
2020-21,old,UTA,TOR,0.010683685672049078
2020-21,old,UTA,WAS,0.007642333545758284
2020-21,old,WAS,ATL,0.009141075334070919
2020-21,old,WAS,BKN,0.004381465557802083
2020-21,old,WAS,BOS,0.01283715066245736
2020-21,old,WAS,CHA,0.02762311264372848
2020-21,old,WAS,CHI,0.020961769228241115
2020-21,old,WAS,CLE,0.007906362452935564
2020-21,old,WAS,DAL,0.0
2020-21,old,WAS,DEN,0.004121447894609895
2020-21,old,WAS,DET,0.003883351239010466
2020-21,old,WAS,GSW,0.014719301266152129
2020-21,old,WAS,HOU,0.03181438558694242
2020-21,old,WAS,IND,0.03009473442537898
2020-21,old,WAS,LAC,0.004157058184259926
2020-21,old,WAS,LAL,0.009951356447919078
2020-21,old,WAS,MEM,0.005608623868534582
2020-21,old,WAS,MIA,0.0
2020-21,old,WAS,MIL,2.6927811643319945e-10
2020-21,old,WAS,MIN,0.007887650634859803
2020-21,old,WAS,NOP,0.014019732410084638
2020-21,old,WAS,NYK,0.022245713986445904
2020-21,old,WAS,OKC,0.016705818915225826
2020-21,old,WAS,ORL,0.00474720261449044
2020-21,old,WAS,PHI,0.003997844860583929
2020-21,old,WAS,PHX,2.370824560190318e-05
2020-21,old,WAS,POR,0.015084590590037084
2020-21,old,WAS,SAC,0.008126081332317403
2020-21,old,WAS,SAS,0.016931298198729138
2020-21,old,WAS,TOR,0.016058091416034804
2020-21,old,WAS,UTA,0.0013663793171370593
2021-22,new,ATL,BKN,0.004128635166956617
2021-22,new,ATL,BOS,0.0018948901288679816
2021-22,new,ATL,CHA,0.13954019766501677
2021-22,new,ATL,CHI,0.0048547135714670925
2021-22,new,ATL,CLE,0.19063846720777344
2021-22,new,ATL,DAL,0.003841369178088748
2021-22,new,ATL,DEN,0.003622914123033666
2021-22,new,ATL,DET,0.00020112453174062187
2021-22,new,ATL,GSW,0.0010064655389829444
2021-22,new,ATL,HOU,0.07341648734802911
2021-22,new,ATL,IND,0.10586957866981428
2021-22,new,ATL,LAC,0.0
2021-22,new,ATL,LAL,0.0
2021-22,new,ATL,MEM,0.006749753771698182
2021-22,new,ATL,MIA,0.0028760776262939116
2021-22,new,ATL,MIL,0.00287708191137839
2021-22,new,ATL,MIN,0.000836300059080601
2021-22,new,ATL,NOP,0.005744019698666724
2021-22,new,ATL,NYK,0.002866555012852466
2021-22,new,ATL,OKC,0.004338277058106464
2021-22,new,ATL,ORL,0.00031941294689627996
2021-22,new,ATL,PHI,0.0
2021-22,new,ATL,PHX,0.0
2021-22,new,ATL,POR,0.004594188064451405
2021-22,new,ATL,SAC,0.0008971883529524808
2021-22,new,ATL,SAS,0.019522867310443618
2021-22,new,ATL,TOR,0.02885825989877759
2021-22,new,ATL,UTA,6.209577442589385e-06
2021-22,new,ATL,WAS,0.004312605141883281
2021-22,new,BKN,ATL,0.08838770034301173
2021-22,new,BKN,BOS,0.0021411769980406643
2021-22,new,BKN,CHA,0.08143690924384293
2021-22,new,BKN,CHI,0.005690267141198549
2021-22,new,BKN,CLE,0.06276117826997629
2021-22,new,BKN,DAL,0.004059214271794608
2021-22,new,BKN,DEN,0.009195289784453792
2021-22,new,BKN,DET,8.619422514211702e-05
2021-22,new,BKN,GSW,0.0018049576062861756
2021-22,new,BKN,HOU,0.31708485883411724
2021-22,new,BKN,IND,0.029055811126247007
2021-22,new,BKN,LAC,0.0
2021-22,new,BKN,LAL,0.0
2021-22,new,BKN,MEM,0.009361409765282842
2021-22,new,BKN,MIA,0.0036255388445991642
2021-22,new,BKN,MIL,0.013862932534967154
2021-22,new,BKN,MIN,0.003826605081944211
2021-22,new,BKN,NOP,0.004401598679877075
2021-22,new,BKN,NYK,0.0016915166609459684
2021-22,new,BKN,OKC,0.001375410866450368
2021-22,new,BKN,ORL,0.00012550948597347765
2021-22,new,BKN,PHI,0.0
2021-22,new,BKN,PHX,0.0
2021-22,new,BKN,POR,0.003427283143761942
2021-22,new,BKN,SAC,0.0002190230116598024
2021-22,new,BKN,SAS,0.06393314730206279
2021-22,new,BKN,TOR,0.01605810081195049
2021-22,new,BKN,UTA,0.00010405943298630699
2021-22,new,BKN,WAS,0.0067984097012437975
2021-22,new,BOS,ATL,0.01033008263437164
2021-22,new,BOS,BKN,0.04647428770463789
2021-22,new,BOS,CHA,0.004755249947678
2021-22,new,BOS,CHI,0.01878805346380834
2021-22,new,BOS,CLE,0.028175513046657337
2021-22,new,BOS,DAL,0.0284326238988625
2021-22,new,BOS,DEN,0.0201813243572549
2021-22,new,BOS,DET,6.081771630778466e-05
2021-22,new,BOS,GSW,0.01990982373393246
2021-22,new,BOS,HOU,0.04118669159465534
2021-22,new,BOS,IND,0.01526809979903623
2021-22,new,BOS,LAC,0.0
2021-22,new,BOS,LAL,0.0
2021-22,new,BOS,MEM,0.015884526169198887
2021-22,new,BOS,MIA,0.015428071125563042
2021-22,new,BOS,MIL,0.030408947652522098
2021-22,new,BOS,MIN,0.029238862133219884
2021-22,new,BOS,NOP,0.0004510587757009126
2021-22,new,BOS,NYK,0.0002493883157850104
2021-22,new,BOS,OKC,0.00021608264325269548
2021-22,new,BOS,ORL,6.69168324398167e-05
2021-22,new,BOS,PHI,0.0
2021-22,new,BOS,PHX,0.0
2021-22,new,BOS,POR,0.0007443215250854233
2021-22,new,BOS,SAC,4.585590408682849e-05
2021-22,new,BOS,SAS,0.26115771164233775
2021-22,new,BOS,TOR,0.00549909853761276
2021-22,new,BOS,UTA,0.0005826321559366883
2021-22,new,BOS,WAS,0.003016378781141258
2021-22,new,CHA,ATL,0.01434762468510471
2021-22,new,CHA,BKN,0.0030434284489019615
2021-22,new,CHA,BOS,0.0009062616765009153
2021-22,new,CHA,CHI,0.007774215919581608
2021-22,new,CHA,CLE,0.08269085822423464
2021-22,new,CHA,DAL,0.005445425508534801
2021-22,new,CHA,DEN,0.0025229116656795684
2021-22,new,CHA,DET,8.634519932495713e-05
2021-22,new,CHA,GSW,0.0017192570816153576
2021-22,new,CHA,HOU,0.10219935371624786
2021-22,new,CHA,IND,0.049045306985039464
2021-22,new,CHA,LAC,0.0
2021-22,new,CHA,LAL,0.0
2021-22,new,CHA,MEM,0.009259454723821533
2021-22,new,CHA,MIA,0.002797413826277801
2021-22,new,CHA,MIL,0.003532020004589731
2021-22,new,CHA,MIN,0.020458619782851042
2021-22,new,CHA,NOP,0.0025989941128020623
2021-22,new,CHA,NYK,0.0015312984014209216
2021-22,new,CHA,OKC,0.0014265612011496068
2021-22,new,CHA,ORL,0.00013579161161576906
2021-22,new,CHA,PHI,0.0
2021-22,new,CHA,PHX,0.0
2021-22,new,CHA,POR,0.0019394501635488228
2021-22,new,CHA,SAC,0.00039068143876737815
2021-22,new,CHA,SAS,0.016797599484985295
2021-22,new,CHA,TOR,0.017498282275565456
2021-22,new,CHA,UTA,0.0008202426464980744
2021-22,new,CHA,WAS,0.005273371940934931
2021-22,new,CHI,ATL,0.005790182428502038
2021-22,new,CHI,BKN,0.022799518384426322
2021-22,new,CHI,BOS,0.0026748681838910907
2021-22,new,CHI,CHA,0.018473880531182672
2021-22,new,CHI,CLE,0.02500172227971344
2021-22,new,CHI,DAL,0.024232845572511666
2021-22,new,CHI,DEN,0.02475068219617031
2021-22,new,CHI,DET,0.00010680623466306272
2021-22,new,CHI,GSW,0.011170236658555679
2021-22,new,CHI,HOU,0.018398437707259418
2021-22,new,CHI,IND,0.0205822538608135
2021-22,new,CHI,LAC,0.0
2021-22,new,CHI,LAL,0.0
2021-22,new,CHI,MEM,0.0714676330948311
2021-22,new,CHI,MIA,0.007540948365951473
2021-22,new,CHI,MIL,0.022802383877857303
2021-22,new,CHI,MIN,0.020564860327552566
2021-22,new,CHI,NOP,0.00817027448800352
2021-22,new,CHI,NYK,0.0005610999404987538
2021-22,new,CHI,OKC,0.005667215415857698
2021-22,new,CHI,ORL,0.00014316908482485773
2021-22,new,CHI,PHI,0.0
2021-22,new,CHI,PHX,0.0
2021-22,new,CHI,POR,0.009811581765861452
2021-22,new,CHI,SAC,0.0008210564117409756
2021-22,new,CHI,SAS,0.061478071054026695
2021-22,new,CHI,TOR,0.03537583021534235
2021-22,new,CHI,UTA,7.248933659254897e-06
2021-22,new,CHI,WAS,0.002969850900168959
2021-22,new,CLE,ATL,0.1699497394301395
2021-22,new,CLE,BKN,0.09339136544497606
2021-22,new,CLE,BOS,0.0034785105952809072
2021-22,new,CLE,CHA,0.017593146872450355
2021-22,new,CLE,CHI,0.02622141308785697
2021-22,new,CLE,DAL,0.032388167670149806
2021-22,new,CLE,DEN,0.012815669887300747
2021-22,new,CLE,DET,0.0018674609666111982
2021-22,new,CLE,GSW,0.013434209041807945
2021-22,new,CLE,HOU,0.04674326561303039
2021-22,new,CLE,IND,0.31828344122530244
2021-22,new,CLE,LAC,0.0
2021-22,new,CLE,LAL,0.0
2021-22,new,CLE,MEM,0.019382754046711293
2021-22,new,CLE,MIA,0.007027478578544607
2021-22,new,CLE,MIL,0.01971628271057722
2021-22,new,CLE,MIN,0.010407799379008103
2021-22,new,CLE,NOP,0.01956145212125162
2021-22,new,CLE,NYK,0.002563282806548107
2021-22,new,CLE,OKC,0.008581053210981635
2021-22,new,CLE,ORL,0.0010579767708453318
2021-22,new,CLE,PHI,0.0
2021-22,new,CLE,PHX,0.0
2021-22,new,CLE,POR,0.017206568566444088
2021-22,new,CLE,SAC,0.0025416920360556393
2021-22,new,CLE,SAS,0.03701651928859185
2021-22,new,CLE,TOR,0.055188304408140314
2021-22,new,CLE,UTA,0.00017127950886345835
2021-22,new,CLE,WAS,0.0026344048330795614
2021-22,new,DAL,ATL,0.02807175750218323
2021-22,new,DAL,BKN,0.03413146565034021
2021-22,new,DAL,BOS,0.00023667227846152817
2021-22,new,DAL,CHA,0.004487696744756626
2021-22,new,DAL,CHI,0.0011542543325531761
2021-22,new,DAL,CLE,0.010429480431213395
2021-22,new,DAL,DEN,0.008485979530170946
2021-22,new,DAL,DET,1.4304656964264745e-05
2021-22,new,DAL,GSW,0.028676724219694742
2021-22,new,DAL,HOU,0.035807920027592456
2021-22,new,DAL,IND,0.007413802770542708
2021-22,new,DAL,LAC,0.0
2021-22,new,DAL,LAL,0.0
2021-22,new,DAL,MEM,0.008008339364463785
2021-22,new,DAL,MIA,0.0123060345331785
2021-22,new,DAL,MIL,0.04206563011263417
2021-22,new,DAL,MIN,0.002328679865991348
2021-22,new,DAL,NOP,0.0006554603682935249
2021-22,new,DAL,NYK,0.00015894930969540756
2021-22,new,DAL,OKC,0.004352525411043347
2021-22,new,DAL,ORL,0.00031548468490965985
2021-22,new,DAL,PHI,0.0
2021-22,new,DAL,PHX,0.0
2021-22,new,DAL,POR,0.0014920430649727361
2021-22,new,DAL,SAC,0.00014831501724319796
2021-22,new,DAL,SAS,0.02407088453449485
2021-22,new,DAL,TOR,0.008177124572061338
2021-22,new,DAL,UTA,0.00010392676918253928
2021-22,new,DAL,WAS,0.0001735835588558683
2021-22,new,DEN,ATL,0.01351829341451376
2021-22,new,DEN,BKN,0.029314985872986494
2021-22,new,DEN,BOS,0.0002264487723768863
2021-22,new,DEN,CHA,0.0038454192705599335
2021-22,new,DEN,CHI,0.025344336005598787
2021-22,new,DEN,CLE,0.03106857430947465
2021-22,new,DEN,DAL,0.03384332274941116
2021-22,new,DEN,DET,0.000106975335756254
2021-22,new,DEN,GSW,0.009988238815085738
2021-22,new,DEN,HOU,0.03451643356441214
2021-22,new,DEN,IND,0.032712378534211876
2021-22,new,DEN,LAC,0.0
2021-22,new,DEN,LAL,0.0
2021-22,new,DEN,MEM,0.05663714652669449
2021-22,new,DEN,MIA,0.00906250016121515
2021-22,new,DEN,MIL,0.028907700942936942
2021-22,new,DEN,MIN,0.08953805490016561
2021-22,new,DEN,NOP,0.0018050069479476688
2021-22,new,DEN,NYK,0.0003000978863075425
2021-22,new,DEN,OKC,0.005642060989267568
2021-22,new,DEN,ORL,8.835387234404577e-05
2021-22,new,DEN,PHI,0.0
2021-22,new,DEN,PHX,0.0
2021-22,new,DEN,POR,0.0013681259486175007
2021-22,new,DEN,SAC,0.0001218243979497743
2021-22,new,DEN,SAS,0.11597988490821046
2021-22,new,DEN,TOR,0.0025744611586945984
2021-22,new,DEN,UTA,0.004669809137493568
2021-22,new,DEN,WAS,0.0001284344355034922
2021-22,new,DET,ATL,0.044654165847686056
2021-22,new,DET,BKN,0.043781427230349196
2021-22,new,DET,BOS,0.001182105301086968
2021-22,new,DET,CHA,0.004030935567214001
2021-22,new,DET,CHI,0.004434753005290176
2021-22,new,DET,CLE,0.0007282001861363853
2021-22,new,DET,DAL,0.008129097502467507
2021-22,new,DET,DEN,0.004289210658689966
2021-22,new,DET,GSW,0.010362087281846837
2021-22,new,DET,HOU,0.0059051725010042366
2021-22,new,DET,IND,0.026317332691213793
2021-22,new,DET,LAC,0.0
2021-22,new,DET,LAL,0.0
2021-22,new,DET,MEM,0.006484925132440827
2021-22,new,DET,MIA,0.0023852371233154153
2021-22,new,DET,MIL,0.022886729569757923
2021-22,new,DET,MIN,0.0009291951757498017
2021-22,new,DET,NOP,0.001666558864378453
2021-22,new,DET,NYK,0.0017119734098724846
2021-22,new,DET,OKC,0.010549318640604087
2021-22,new,DET,ORL,0.0015694771914438546
2021-22,new,DET,PHI,0.0
2021-22,new,DET,PHX,0.0
2021-22,new,DET,POR,0.004963854669112837
2021-22,new,DET,SAC,0.0004208758596479065
2021-22,new,DET,SAS,0.034759398207002884
2021-22,new,DET,TOR,0.0026325883094841626
2021-22,new,DET,UTA,1.4181325531455514e-06
2021-22,new,DET,WAS,0.000529646345697835
2021-22,new,GSW,ATL,0.000577834120902604
2021-22,new,GSW,BKN,0.022744780660653087
2021-22,new,GSW,BOS,3.430816251583847e-06
2021-22,new,GSW,CHA,0.008187969156739937
2021-22,new,GSW,CHI,0.02231886973896639
2021-22,new,GSW,CLE,0.0023704209416835764
2021-22,new,GSW,DAL,0.03132974285620293
2021-22,new,GSW,DEN,0.014277056572059032
2021-22,new,GSW,DET,4.496414054362329e-06
2021-22,new,GSW,HOU,0.0007753232730440159
2021-22,new,GSW,IND,0.004367356896992388
2021-22,new,GSW,LAC,0.0
2021-22,new,GSW,LAL,0.0
2021-22,new,GSW,MEM,0.04073637952729391
2021-22,new,GSW,MIA,0.0321767242741771
2021-22,new,GSW,MIL,0.025461369817456784
2021-22,new,GSW,MIN,0.010023739642015066
2021-22,new,GSW,NOP,0.0372741327020243
2021-22,new,GSW,NYK,1.1273980187799445e-05
2021-22,new,GSW,OKC,0.029413776721542356
2021-22,new,GSW,ORL,5.546335932633844e-06
2021-22,new,GSW,PHI,0.0
2021-22,new,GSW,PHX,0.0
2021-22,new,GSW,POR,0.012076820039705406
2021-22,new,GSW,SAC,0.0003952323798672759
2021-22,new,GSW,SAS,0.051069485869593104
2021-22,new,GSW,TOR,0.004074826091897118
2021-22,new,GSW,UTA,0.00025649191597967955
2021-22,new,GSW,WAS,3.555777325273326e-05
2021-22,new,HOU,ATL,0.008923301351032628
2021-22,new,HOU,BKN,0.008371804073983823
2021-22,new,HOU,BOS,2.953394127204992e-08
2021-22,new,HOU,CHA,0.08476415069083444
2021-22,new,HOU,CHI,0.008389697029762127
2021-22,new,HOU,CLE,0.07417529031578655
2021-22,new,HOU,DAL,0.007797312680541009
2021-22,new,HOU,DEN,0.0032382228389120837
2021-22,new,HOU,DET,0.0018490064665565864
2021-22,new,HOU,GSW,0.006787489122218904
2021-22,new,HOU,IND,0.050850969458603956
2021-22,new,HOU,LAC,0.0
2021-22,new,HOU,LAL,0.0
2021-22,new,HOU,MEM,0.048426274393232764
2021-22,new,HOU,MIA,0.009021012963494286
2021-22,new,HOU,MIL,0.009230568374856842
2021-22,new,HOU,MIN,0.011081654664245266
2021-22,new,HOU,NOP,0.0322311098534091
2021-22,new,HOU,NYK,0.00041582041124102817
2021-22,new,HOU,OKC,0.0058987651502864415
2021-22,new,HOU,ORL,0.001677601315421619
2021-22,new,HOU,PHI,0.0
2021-22,new,HOU,PHX,0.0
2021-22,new,HOU,POR,0.0023791946405818344
2021-22,new,HOU,SAC,0.0006004027701933364
2021-22,new,HOU,SAS,0.012242827655557318
2021-22,new,HOU,TOR,1.367847348375952e-05
2021-22,new,HOU,UTA,9.47274800618036e-05
2021-22,new,HOU,WAS,0.0004159252484550822
2021-22,new,IND,ATL,0.005872646383623618
2021-22,new,IND,BKN,0.01053240118021791
2021-22,new,IND,BOS,0.00015107812166164085
2021-22,new,IND,CHA,0.06529219109860146
2021-22,new,IND,CHI,0.017460941152762196
2021-22,new,IND,CLE,0.03129979999981569
2021-22,new,IND,DAL,0.00548116355081118
2021-22,new,IND,DEN,0.010885681007481284
2021-22,new,IND,DET,0.0013265529688039697
2021-22,new,IND,GSW,0.010568969550675659
2021-22,new,IND,HOU,0.06065624995795401
2021-22,new,IND,LAC,0.0
2021-22,new,IND,LAL,0.0
2021-22,new,IND,MEM,0.01989505359881964
2021-22,new,IND,MIA,0.006098060367452302
2021-22,new,IND,MIL,0.006741918072025397
2021-22,new,IND,MIN,0.003563608196981038
2021-22,new,IND,NOP,0.028299189578246557
2021-22,new,IND,NYK,0.000797132956784239
2021-22,new,IND,OKC,0.0015629010991727167
2021-22,new,IND,ORL,0.0007062464430230215
2021-22,new,IND,PHI,0.0
2021-22,new,IND,PHX,0.0
2021-22,new,IND,POR,0.006441116484181303
2021-22,new,IND,SAC,0.00041163983092066945
2021-22,new,IND,SAS,0.04973007308377313
2021-22,new,IND,TOR,0.008672937425238067
2021-22,new,IND,UTA,1.534781775933002e-06
2021-22,new,IND,WAS,0.00018461933071603593
2021-22,new,LAC,ATL,0.005578195980415783
2021-22,new,LAC,BKN,0.012706257926999162
2021-22,new,LAC,BOS,0.0006244681589355581
2021-22,new,LAC,CHA,0.014806772431875366
2021-22,new,LAC,CHI,0.010525315425454429
2021-22,new,LAC,CLE,0.017843496631502257
2021-22,new,LAC,DAL,0.014004508540251483
2021-22,new,LAC,DEN,0.009175332485679442
2021-22,new,LAC,DET,0.0021135428153949884
2021-22,new,LAC,GSW,0.007466594887062392
2021-22,new,LAC,HOU,0.004262661702834585
2021-22,new,LAC,IND,0.005420491871090849
2021-22,new,LAC,LAL,0.0
2021-22,new,LAC,MEM,0.022190655506615083
2021-22,new,LAC,MIA,0.013362069018345711
2021-22,new,LAC,MIL,0.00472911036380564
2021-22,new,LAC,MIN,0.007765145822640613
2021-22,new,LAC,NOP,0.02363239355882812
2021-22,new,LAC,NYK,5.6006208894814375e-05
2021-22,new,LAC,OKC,0.0351025910579044
2021-22,new,LAC,ORL,0.00012230616596565274
2021-22,new,LAC,PHI,0.0
2021-22,new,LAC,PHX,0.0
2021-22,new,LAC,POR,0.01977633925370806
2021-22,new,LAC,SAC,0.00013395484866766217
2021-22,new,LAC,SAS,0.008875481545031908
2021-22,new,LAC,TOR,0.0
2021-22,new,LAC,UTA,0.00033911324547285075
2021-22,new,LAC,WAS,8.543942734349762e-05
2021-22,new,LAL,ATL,0.00027909483664251625
2021-22,new,LAL,BKN,0.0014342672625106986
2021-22,new,LAL,BOS,0.0
2021-22,new,LAL,CHA,0.01440395720839974
2021-22,new,LAL,CHI,0.006769749651962075
2021-22,new,LAL,CLE,0.0
2021-22,new,LAL,DAL,0.002169971675920634
2021-22,new,LAL,DEN,0.010956284594689475
2021-22,new,LAL,DET,0.0
2021-22,new,LAL,GSW,1.0775862229538379e-05
2021-22,new,LAL,HOU,0.0005668102924968922
2021-22,new,LAL,IND,0.0033825431458234527
2021-22,new,LAL,LAC,0.0
2021-22,new,LAL,MEM,0.044723840074263915
2021-22,new,LAL,MIA,2.3706896904984428e-05
2021-22,new,LAL,MIL,0.0011012931142387722
2021-22,new,LAL,MIN,5.6903547306789963e-05
2021-22,new,LAL,NOP,0.018403462555945917
2021-22,new,LAL,NYK,0.0
2021-22,new,LAL,OKC,0.008418849301882836
2021-22,new,LAL,ORL,0.0
2021-22,new,LAL,PHI,0.0
2021-22,new,LAL,PHX,0.0
2021-22,new,LAL,POR,0.01939901013508618
2021-22,new,LAL,SAC,0.0005370224086519117
2021-22,new,LAL,SAS,0.03186479025635294
2021-22,new,LAL,TOR,0.0
2021-22,new,LAL,UTA,0.0022344691325420648
2021-22,new,LAL,WAS,0.0
2021-22,new,MEM,ATL,0.0008855732114324391
2021-22,new,MEM,BKN,0.032781249821539335
2021-22,new,MEM,BOS,0.0
2021-22,new,MEM,CHA,0.011015850373497775
2021-22,new,MEM,CHI,0.006856099338735206
2021-22,new,MEM,CLE,7.797737125342951e-07
2021-22,new,MEM,DAL,0.017588469464544093
2021-22,new,MEM,DEN,0.0075187156397323145
2021-22,new,MEM,DET,0.0002919979893696061
2021-22,new,MEM,GSW,0.021706535666496073
2021-22,new,MEM,HOU,0.0007464978671110849
2021-22,new,MEM,IND,0.0006015350409130789
2021-22,new,MEM,LAC,0.0
2021-22,new,MEM,LAL,0.0
2021-22,new,MEM,MIA,0.028046336257348543
2021-22,new,MEM,MIL,0.015890465602165806
2021-22,new,MEM,MIN,0.0006906736361775827
2021-22,new,MEM,NOP,0.013592810887938761
2021-22,new,MEM,NYK,6.416887345417195e-06
2021-22,new,MEM,OKC,0.009287090626192018
2021-22,new,MEM,ORL,0.00017564941953960672
2021-22,new,MEM,PHI,0.0
2021-22,new,MEM,PHX,0.0
2021-22,new,MEM,POR,0.011280947376506555
2021-22,new,MEM,SAC,0.00011988438098451436
2021-22,new,MEM,SAS,0.038919813348783125
2021-22,new,MEM,TOR,4.287654086589168e-06
2021-22,new,MEM,UTA,0.0005018017224592101
2021-22,new,MEM,WAS,4.6558490935166675e-05
2021-22,new,MIA,ATL,0.0003538671424455871
2021-22,new,MIA,BKN,0.008957336371441386
2021-22,new,MIA,BOS,5.489306002534155e-05
2021-22,new,MIA,CHA,0.00015917072920721133
2021-22,new,MIA,CHI,0.0033360670471763018
2021-22,new,MIA,CLE,0.0002914215707729956
2021-22,new,MIA,DAL,0.011556149099982073
2021-22,new,MIA,DEN,0.011983604837803105
2021-22,new,MIA,DET,6.706419752480665e-07
2021-22,new,MIA,GSW,0.02389364891201569
2021-22,new,MIA,HOU,0.0007357219208015838
2021-22,new,MIA,IND,0.005185872401213429
2021-22,new,MIA,LAC,0.0
2021-22,new,MIA,LAL,0.0
2021-22,new,MIA,MEM,0.012481375927171143
2021-22,new,MIA,MIL,0.010913948841962867
2021-22,new,MIA,MIN,0.0006744920074450927
2021-22,new,MIA,NOP,0.0004992559294669264
2021-22,new,MIA,NYK,4.489556799226519e-07
2021-22,new,MIA,OKC,0.002101431526396399
2021-22,new,MIA,ORL,6.957324134073762e-07
2021-22,new,MIA,PHI,0.0
2021-22,new,MIA,PHX,0.0
2021-22,new,MIA,POR,3.791404941259888e-05
2021-22,new,MIA,SAC,4.0619799612049457e-07
2021-22,new,MIA,SAS,0.012994398812240635
2021-22,new,MIA,TOR,0.0005539359492637416
2021-22,new,MIA,UTA,0.0008754497608506112
2021-22,new,MIA,WAS,3.758304084275843e-07
2021-22,new,MIL,ATL,0.1457851498148907
2021-22,new,MIL,BKN,0.042609086339943036
2021-22,new,MIL,BOS,0.0014870958061463622
2021-22,new,MIL,CHA,0.013084571722044986
2021-22,new,MIL,CHI,0.01817060104910912
2021-22,new,MIL,CLE,0.006527036873537703
2021-22,new,MIL,DAL,0.049613092239022785
2021-22,new,MIL,DEN,0.025757073325424578
2021-22,new,MIL,DET,0.0023472387763132548
2021-22,new,MIL,GSW,0.023601098806886368
2021-22,new,MIL,HOU,0.014259429082760167
2021-22,new,MIL,IND,0.20724046151756578
2021-22,new,MIL,LAC,0.0
2021-22,new,MIL,LAL,0.0
2021-22,new,MIL,MEM,0.029649025267920872
2021-22,new,MIL,MIA,0.020990571288375892
2021-22,new,MIL,MIN,0.00695958251218147
2021-22,new,MIL,NOP,0.026949534874449566
2021-22,new,MIL,NYK,0.002192267640662577
2021-22,new,MIL,OKC,0.010454104966464496
2021-22,new,MIL,ORL,0.0010143985688059647
2021-22,new,MIL,PHI,0.0
2021-22,new,MIL,PHX,0.0
2021-22,new,MIL,POR,0.017627816263627097
2021-22,new,MIL,SAC,0.0026000628090066076
2021-22,new,MIL,SAS,0.04038211745947401
2021-22,new,MIL,TOR,0.017404613734601407
2021-22,new,MIL,UTA,1.5121928253055954e-07
2021-22,new,MIL,WAS,0.006006483784827847
2021-22,new,MIN,ATL,0.0034505810596956676
2021-22,new,MIN,BKN,0.012711809522621353
2021-22,new,MIN,BOS,0.0007821659593135658
2021-22,new,MIN,CHA,0.0042204065057031385
2021-22,new,MIN,CHI,0.016219039353138984
2021-22,new,MIN,CLE,3.7044107902429757e-06
2021-22,new,MIN,DAL,0.010678483186402082
2021-22,new,MIN,DEN,0.030992688980542624
2021-22,new,MIN,DET,0.0009265267755291627
2021-22,new,MIN,GSW,0.014199325270955309
2021-22,new,MIN,HOU,0.0043006465801013775
2021-22,new,MIN,IND,0.030221500334123453
2021-22,new,MIN,LAC,0.0
2021-22,new,MIN,LAL,0.0
2021-22,new,MIN,MEM,0.024129666891219117
2021-22,new,MIN,MIA,0.004872844866958671
2021-22,new,MIN,MIL,0.010721766860099697
2021-22,new,MIN,NOP,0.023989475579588027
2021-22,new,MIN,NYK,5.298981739818683e-05
2021-22,new,MIN,OKC,0.011016665046302459
2021-22,new,MIN,ORL,0.00034427697882273177
2021-22,new,MIN,PHI,0.0
2021-22,new,MIN,PHX,0.0
2021-22,new,MIN,POR,0.012285791781505101
2021-22,new,MIN,SAC,0.0003872760032986672
2021-22,new,MIN,SAS,0.027131387016268
2021-22,new,MIN,TOR,0.003607853682051372
2021-22,new,MIN,UTA,0.005743269374690432
2021-22,new,MIN,WAS,5.2507292490251424e-05
2021-22,new,NOP,ATL,0.0007105636485938711
2021-22,new,NOP,BKN,0.011648442631598427
2021-22,new,NOP,BOS,0.0018595790820911827
2021-22,new,NOP,CHA,0.04455705276479341
2021-22,new,NOP,CHI,0.016305119006971517
2021-22,new,NOP,CLE,0.015045032879178553
2021-22,new,NOP,DAL,0.024275471249111977
2021-22,new,NOP,DEN,0.011756129590485814
2021-22,new,NOP,DET,2.447820757753098e-05
2021-22,new,NOP,GSW,0.007128949423663316
2021-22,new,NOP,HOU,0.018991109923929266
2021-22,new,NOP,IND,0.00562494662589072
2021-22,new,NOP,LAC,0.0
2021-22,new,NOP,LAL,0.0
2021-22,new,NOP,MEM,0.05247938419748392
2021-22,new,NOP,MIA,0.012655441901638526
2021-22,new,NOP,MIL,0.02083616426737442
2021-22,new,NOP,MIN,0.006930786297504364
2021-22,new,NOP,NYK,0.0005128722176913032
2021-22,new,NOP,OKC,0.021179905503943167
2021-22,new,NOP,ORL,3.524831764354839e-05
2021-22,new,NOP,PHI,0.0
2021-22,new,NOP,PHX,0.0
2021-22,new,NOP,POR,0.019054694830261273
2021-22,new,NOP,SAC,0.0012437676534620308
2021-22,new,NOP,SAS,0.02650259980991383
2021-22,new,NOP,TOR,0.01619830489050416
2021-22,new,NOP,UTA,1.567717605369047e-05
2021-22,new,NOP,WAS,0.000300003115669416
2021-22,new,NYK,ATL,0.04524475591995051
2021-22,new,NYK,BKN,0.005728882722838561
2021-22,new,NYK,BOS,4.239674112560697e-06
2021-22,new,NYK,CHA,0.020802516521147382
2021-22,new,NYK,CHI,0.009253212668751383
2021-22,new,NYK,CLE,0.039270138595499146
2021-22,new,NYK,DAL,0.0067515061709469545
2021-22,new,NYK,DEN,0.028463321181477434
2021-22,new,NYK,DET,0.00018900531796207004
2021-22,new,NYK,GSW,0.002376438629904317
2021-22,new,NYK,HOU,0.07465813534005125
2021-22,new,NYK,IND,0.021538598335170082
2021-22,new,NYK,LAC,0.0
2021-22,new,NYK,LAL,0.0
2021-22,new,NYK,MEM,0.0660584274286176
2021-22,new,NYK,MIA,0.002747575469567955
2021-22,new,NYK,MIL,0.007469796903217778
2021-22,new,NYK,MIN,0.00904866194695328
2021-22,new,NYK,NOP,0.01582863883746286
2021-22,new,NYK,OKC,0.0004253230633765109
2021-22,new,NYK,ORL,0.0006277577159499527
2021-22,new,NYK,PHI,0.0
2021-22,new,NYK,PHX,0.0
2021-22,new,NYK,POR,0.0009795974672164344
2021-22,new,NYK,SAC,0.0004966683692398694
2021-22,new,NYK,SAS,0.048111534290232016
2021-22,new,NYK,TOR,0.00386003312509339
2021-22,new,NYK,UTA,5.6604639511815865e-06
2021-22,new,NYK,WAS,0.0017995848329667493
2021-22,new,OKC,ATL,0.05967349471203849
2021-22,new,OKC,BKN,0.0045607609084876355
2021-22,new,OKC,BOS,1.5086742926405554e-05
2021-22,new,OKC,CHA,0.0035426044587649405
2021-22,new,OKC,CHI,0.009298705871886866
2021-22,new,OKC,CLE,0.000487982824015254
2021-22,new,OKC,DAL,0.006255183352233449
2021-22,new,OKC,DEN,0.025271632988250015
2021-22,new,OKC,DET,0.014824599924456791
2021-22,new,OKC,GSW,0.0032453636601263106
2021-22,new,OKC,HOU,0.008199353682716248
2021-22,new,OKC,IND,0.005736214771117828
2021-22,new,OKC,LAC,0.0
2021-22,new,OKC,LAL,0.0
2021-22,new,OKC,MEM,0.04276127145011487
2021-22,new,OKC,MIA,0.0007209051866887201
2021-22,new,OKC,MIL,0.003252314122680164
2021-22,new,OKC,MIN,0.002710641363367289
2021-22,new,OKC,NOP,0.010820697050161114
2021-22,new,OKC,NYK,0.0003713420182435496
2021-22,new,OKC,ORL,0.006730357429409829
2021-22,new,OKC,PHI,0.0
2021-22,new,OKC,PHX,0.0
2021-22,new,OKC,POR,0.006267352776830984
2021-22,new,OKC,SAC,0.0004046229914569884
2021-22,new,OKC,SAS,0.022533666337702443
2021-22,new,OKC,TOR,0.0009272185602158979
2021-22,new,OKC,UTA,0.00020081691623799269
2021-22,new,OKC,WAS,0.001655664798752328
2021-22,new,ORL,ATL,0.029571156083620313
2021-22,new,ORL,BKN,0.005974740543336017
2021-22,new,ORL,BOS,0.000581832069922198
2021-22,new,ORL,CHA,0.01313488474410823
2021-22,new,ORL,CHI,0.020374537848033926
2021-22,new,ORL,CLE,0.02096178644425459
2021-22,new,ORL,DAL,0.006102601961335759
2021-22,new,ORL,DEN,0.007409621496486116
2021-22,new,ORL,DET,0.003837541965755127
2021-22,new,ORL,GSW,0.01041811309515122
2021-22,new,ORL,HOU,0.01908647649259114
2021-22,new,ORL,IND,0.05631281141283109
2021-22,new,ORL,LAC,0.0
2021-22,new,ORL,LAL,0.0
2021-22,new,ORL,MEM,0.01017145625817158
2021-22,new,ORL,MIA,0.0008750000129582296
2021-22,new,ORL,MIL,0.0077723930416135276
2021-22,new,ORL,MIN,0.015418690464706238
2021-22,new,ORL,NOP,0.003042607946154508
2021-22,new,ORL,NYK,0.0004206874449575916
2021-22,new,ORL,OKC,0.004063253228635423
2021-22,new,ORL,PHI,0.0
2021-22,new,ORL,PHX,0.0
2021-22,new,ORL,POR,0.003205306879463584
2021-22,new,ORL,SAC,0.00048163946903931456
2021-22,new,ORL,SAS,0.048266203073956696
2021-22,new,ORL,TOR,0.01636743141531416
2021-22,new,ORL,UTA,0.00011004516416710457
2021-22,new,ORL,WAS,0.000724304556230142
2021-22,new,PHI,ATL,0.026312721861786233
2021-22,new,PHI,BKN,0.13405557627432707
2021-22,new,PHI,BOS,0.0015807355207377036
2021-22,new,PHI,CHA,0.003078746247873498
2021-22,new,PHI,CHI,0.01648708419773451
2021-22,new,PHI,CLE,0.01570757095904716
2021-22,new,PHI,DAL,0.015599166740625206
2021-22,new,PHI,DEN,0.004310433325515305
2021-22,new,PHI,DET,0.00016709926147153304
2021-22,new,PHI,GSW,0.00669506659439513
2021-22,new,PHI,HOU,0.011069773866610346
2021-22,new,PHI,IND,0.014092336981706246
2021-22,new,PHI,LAC,0.0
2021-22,new,PHI,LAL,0.0
2021-22,new,PHI,MEM,0.015895656361753302
2021-22,new,PHI,MIA,0.007370689742122615
2021-22,new,PHI,MIL,0.016581933627978402
2021-22,new,PHI,MIN,0.005180590168590579
2021-22,new,PHI,NOP,0.0022611358185860874
2021-22,new,PHI,NYK,0.0003236750391518523
2021-22,new,PHI,OKC,0.007408903885223919
2021-22,new,PHI,ORL,0.0006151543012608561
2021-22,new,PHI,PHX,0.0
2021-22,new,PHI,POR,0.0044023518661241165
2021-22,new,PHI,SAC,0.00032309225677382446
2021-22,new,PHI,SAS,0.021665813120786723
2021-22,new,PHI,TOR,0.02064857515658991
2021-22,new,PHI,UTA,5.176722561970862e-06
2021-22,new,PHI,WAS,0.00036408910300400724
2021-22,new,PHX,ATL,0.004713611417277172
2021-22,new,PHX,BKN,0.0027975605224169944
2021-22,new,PHX,BOS,1.2424728880503218e-07
2021-22,new,PHX,CHA,0.0003842425244824041
2021-22,new,PHX,CHI,0.004167668542658692
2021-22,new,PHX,CLE,2.410393323441833e-06
2021-22,new,PHX,DAL,0.0038933513466100408
2021-22,new,PHX,DEN,8.689331320742145e-07
2021-22,new,PHX,DET,0.0009321427054965562
2021-22,new,PHX,GSW,0.0007852781164526773
2021-22,new,PHX,HOU,0.0011179957994468634
2021-22,new,PHX,IND,0.0023770740296678297
2021-22,new,PHX,LAC,0.0
2021-22,new,PHX,LAL,0.0
2021-22,new,PHX,MEM,0.006564318644168027
2021-22,new,PHX,MIA,0.0009075970005380503
2021-22,new,PHX,MIL,0.003999311980940524
2021-22,new,PHX,MIN,0.01622111006674577
2021-22,new,PHX,NOP,0.0007666586474912558
2021-22,new,PHX,NYK,1.71470169935274e-05
2021-22,new,PHX,OKC,0.0012475436812831946
2021-22,new,PHX,ORL,0.0006706677193910692
2021-22,new,PHX,PHI,0.0
2021-22,new,PHX,POR,0.0003193675804400133
2021-22,new,PHX,SAC,3.536407287448393e-05
2021-22,new,PHX,SAS,0.006559991898597436
2021-22,new,PHX,TOR,2.9860267436721913e-05
2021-22,new,PHX,UTA,0.0002676066657168588
2021-22,new,PHX,WAS,0.00024145885394493005
2021-22,new,POR,ATL,0.009806574709965168
2021-22,new,POR,BKN,0.004887017708483498
2021-22,new,POR,BOS,0.0005817580953188211
2021-22,new,POR,CHA,0.013800824701286267
2021-22,new,POR,CHI,0.03702080807077386
2021-22,new,POR,CLE,0.0009273897771429893
2021-22,new,POR,DAL,0.0037771405962018644
2021-22,new,POR,DEN,0.02072907702222178
2021-22,new,POR,DET,0.0017376703384302178
2021-22,new,POR,GSW,0.0001961572132599087
2021-22,new,POR,HOU,0.003028825391344886
2021-22,new,POR,IND,0.003998161112777756
2021-22,new,POR,LAC,0.0
2021-22,new,POR,LAL,0.0
2021-22,new,POR,MEM,0.08260690134131142
2021-22,new,POR,MIA,0.005161907400149081
2021-22,new,POR,MIL,0.00024570800180210575
2021-22,new,POR,MIN,0.0017114228618030868
2021-22,new,POR,NOP,0.08745637399002093
2021-22,new,POR,NYK,0.00031225500697078793
2021-22,new,POR,OKC,0.004491913004765148
2021-22,new,POR,ORL,0.0018615959329800443
2021-22,new,POR,PHI,0.0
2021-22,new,POR,PHX,0.0
2021-22,new,POR,SAC,0.0019459736653789838
2021-22,new,POR,SAS,0.028779560186576937
2021-22,new,POR,TOR,0.0036118124138163413
2021-22,new,POR,UTA,1.0809199330106421e-05
2021-22,new,POR,WAS,0.00012421073949936545
2021-22,new,SAC,ATL,0.011059316226836325
2021-22,new,SAC,BKN,0.020232458215162705
2021-22,new,SAC,BOS,0.0012948055048628581
2021-22,new,SAC,CHA,0.010315533459248244
2021-22,new,SAC,CHI,0.012805696764709351
2021-22,new,SAC,CLE,0.0015730362003979154
2021-22,new,SAC,DAL,0.022634728633245733
2021-22,new,SAC,DEN,0.014128037301728262
2021-22,new,SAC,DET,0.0010097316439594212
2021-22,new,SAC,GSW,0.010205819064847611
2021-22,new,SAC,HOU,0.02933189656619577
2021-22,new,SAC,IND,0.007576186651508898
2021-22,new,SAC,LAC,0.0
2021-22,new,SAC,LAL,0.0
2021-22,new,SAC,MEM,0.052234123861618555
2021-22,new,SAC,MIA,0.0042882544006791045
2021-22,new,SAC,MIL,0.0165733384295001
2021-22,new,SAC,MIN,0.009520458141844762
2021-22,new,SAC,NOP,0.007268016402431286
2021-22,new,SAC,NYK,0.001359200712774063
2021-22,new,SAC,OKC,0.0010991118566150721
2021-22,new,SAC,ORL,0.0005144933174640626
2021-22,new,SAC,PHI,0.0
2021-22,new,SAC,PHX,0.0
2021-22,new,SAC,POR,0.003420772668748199
2021-22,new,SAC,SAS,0.02528142587180258
2021-22,new,SAC,TOR,0.005993795619622904
2021-22,new,SAC,UTA,9.963303959654599e-05
2021-22,new,SAC,WAS,0.002540204438660039
2021-22,new,SAS,ATL,0.010567289000428597
2021-22,new,SAS,BKN,0.023607266513511388
2021-22,new,SAS,BOS,0.0005798358350327837
2021-22,new,SAS,CHA,0.01113928094961033
2021-22,new,SAS,CHI,0.007558218690372472
2021-22,new,SAS,CLE,0.0007843032679727064
2021-22,new,SAS,DAL,0.0056314262745199226
2021-22,new,SAS,DEN,0.004434717807487877
2021-22,new,SAS,DET,0.0030060786146434426
2021-22,new,SAS,GSW,0.012726331302387357
2021-22,new,SAS,HOU,0.0013453664885962318
2021-22,new,SAS,IND,0.003886355807454524
2021-22,new,SAS,LAC,0.0
2021-22,new,SAS,LAL,0.0
2021-22,new,SAS,MEM,0.059719253750154674
2021-22,new,SAS,MIA,0.011401939697178275
2021-22,new,SAS,MIL,0.023797102418547194
2021-22,new,SAS,MIN,0.0010595399534866737
2021-22,new,SAS,NOP,0.10945943013824214
2021-22,new,SAS,NYK,7.59858192484366e-05
2021-22,new,SAS,OKC,0.0032263217683692683
2021-22,new,SAS,ORL,0.002945459909722416
2021-22,new,SAS,PHI,0.0
2021-22,new,SAS,PHX,0.0
2021-22,new,SAS,POR,0.02172213173028389
2021-22,new,SAS,SAC,0.001449744815139819
2021-22,new,SAS,TOR,0.003072831656991939
2021-22,new,SAS,UTA,1.0941583473204025e-05
2021-22,new,SAS,WAS,5.525656162624638e-05
2021-22,new,TOR,ATL,0.023657854245551616
2021-22,new,TOR,BKN,0.05649645367287581
2021-22,new,TOR,BOS,0.00413185532583094
2021-22,new,TOR,CHA,0.01608634693368981
2021-22,new,TOR,CHI,0.050285161836702535
2021-22,new,TOR,CLE,0.09716992106703728
2021-22,new,TOR,DAL,0.022955419340312776
2021-22,new,TOR,DEN,0.03460567251025352
2021-22,new,TOR,DET,0.0008848528795416628
2021-22,new,TOR,GSW,0.012495700732767774
2021-22,new,TOR,HOU,0.06925134748840657
2021-22,new,TOR,IND,0.05135255821376576
2021-22,new,TOR,LAC,0.0
2021-22,new,TOR,LAL,0.0
2021-22,new,TOR,MEM,0.043180243007230196
2021-22,new,TOR,MIA,0.010776939678732467
2021-22,new,TOR,MIL,0.027870385527647937
2021-22,new,TOR,MIN,0.022443814401738864
2021-22,new,TOR,NOP,0.002763118172230591
2021-22,new,TOR,NYK,0.0003967250573845333
2021-22,new,TOR,OKC,0.006781170002609552
2021-22,new,TOR,ORL,0.00035715023281669825
2021-22,new,TOR,PHI,0.0
2021-22,new,TOR,PHX,0.0
2021-22,new,TOR,POR,0.005448982391285438
2021-22,new,TOR,SAC,0.0009471280114383495
2021-22,new,TOR,SAS,0.13923276051419592
2021-22,new,TOR,UTA,0.0002684273394212192
2021-22,new,TOR,WAS,0.0017967185226669502
2021-22,new,UTA,ATL,0.009503513398681046
2021-22,new,UTA,BKN,0.020857956529184984
2021-22,new,UTA,BOS,0.00024045868997522407
2021-22,new,UTA,CHA,0.007733424650033558
2021-22,new,UTA,CHI,0.016255807079890834
2021-22,new,UTA,CLE,0.005303878423275962
2021-22,new,UTA,DAL,0.021334077979644123
2021-22,new,UTA,DEN,0.05120936768168459
2021-22,new,UTA,DET,0.0034988590539058962
2021-22,new,UTA,GSW,0.008305318011254462
2021-22,new,UTA,HOU,0.0012500000108587393
2021-22,new,UTA,IND,0.009890832107980165
2021-22,new,UTA,LAC,0.0
2021-22,new,UTA,LAL,0.0
2021-22,new,UTA,MEM,0.23913297463978483
2021-22,new,UTA,MIA,0.009266702749340893
2021-22,new,UTA,MIL,0.02056079628441286
2021-22,new,UTA,MIN,0.011260378298138723
2021-22,new,UTA,NOP,0.0008196733995227991
2021-22,new,UTA,NYK,6.772174889756175e-05
2021-22,new,UTA,OKC,0.0024144463009981576
2021-22,new,UTA,ORL,0.0004590214326904886
2021-22,new,UTA,PHI,0.0
2021-22,new,UTA,PHX,0.0
2021-22,new,UTA,POR,0.0016406946058436366
2021-22,new,UTA,SAC,0.0003971530301078362
2021-22,new,UTA,SAS,0.04882646994373019
2021-22,new,UTA,TOR,0.005909693779845223
2021-22,new,UTA,WAS,8.890908538099043e-05
2021-22,new,WAS,ATL,0.004163687541000253
2021-22,new,WAS,BKN,0.0173251258216599
2021-22,new,WAS,BOS,0.0003494905759421253
2021-22,new,WAS,CHA,0.04578987959268782
2021-22,new,WAS,CHI,0.01382209514490515
2021-22,new,WAS,CLE,0.1430637716616815
2021-22,new,WAS,DAL,0.010651111987242744
2021-22,new,WAS,DEN,0.007750722808520414
2021-22,new,WAS,DET,0.00014455390591878368
2021-22,new,WAS,GSW,0.012565721794421883
2021-22,new,WAS,HOU,0.054892780410410874
2021-22,new,WAS,IND,0.08632649436501671
2021-22,new,WAS,LAC,0.0
2021-22,new,WAS,LAL,0.0
2021-22,new,WAS,MEM,0.018827226478154154
2021-22,new,WAS,MIA,0.013242456945590677
2021-22,new,WAS,MIL,0.013231345245706912
2021-22,new,WAS,MIN,0.014794408425367818
2021-22,new,WAS,NOP,0.015618038481737628
2021-22,new,WAS,NYK,0.002307500317836073
2021-22,new,WAS,OKC,0.001774952402414776
2021-22,new,WAS,ORL,0.0002403828397064063
2021-22,new,WAS,PHI,0.0
2021-22,new,WAS,PHX,0.0
2021-22,new,WAS,POR,0.003376328126941869
2021-22,new,WAS,SAC,0.0007730245490669538
2021-22,new,WAS,SAS,0.028380176281400753
2021-22,new,WAS,TOR,0.010688154069529093
2021-22,new,WAS,UTA,0.0007445160216995082
2021-22,old,ATL,BKN,0.003990527062492883
2021-22,old,ATL,BOS,0.00016817625703906608
2021-22,old,ATL,CHA,0.06924467409500676
2021-22,old,ATL,CHI,0.005213512598783995
2021-22,old,ATL,CLE,0.15586979978477367
2021-22,old,ATL,DAL,0.00379004976350819
2021-22,old,ATL,DEN,0.0036283996587946395
2021-22,old,ATL,DET,4.265551382139064e-05
2021-22,old,ATL,GSW,0.0010064661794283722
2021-22,old,ATL,HOU,0.030386853894371332
2021-22,old,ATL,IND,0.11068326348134638
2021-22,old,ATL,LAC,0.0
2021-22,old,ATL,LAL,0.0
2021-22,old,ATL,MEM,0.04217848672844479
2021-22,old,ATL,MIA,0.0028534483180606175
2021-22,old,ATL,MIL,0.00294378374887403
2021-22,old,ATL,MIN,0.0033093892963311717
2021-22,old,ATL,NOP,0.033450114426532424
2021-22,old,ATL,NYK,0.017775633014765424
2021-22,old,ATL,OKC,0.013659280784931317
2021-22,old,ATL,ORL,0.002813285134582111
2021-22,old,ATL,PHI,0.0
2021-22,old,ATL,PHX,0.0
2021-22,old,ATL,POR,0.01070287905046677
2021-22,old,ATL,SAC,0.0021716159545893785
2021-22,old,ATL,SAS,0.02117239663151689
2021-22,old,ATL,TOR,0.015532299961226514
2021-22,old,ATL,UTA,3.6623177344340072e-06
2021-22,old,ATL,WAS,0.00939432355840055
2021-22,old,BKN,ATL,0.03733375244189315
2021-22,old,BKN,BOS,0.00016801883253785628
2021-22,old,BKN,CHA,0.043599089293998534
2021-22,old,BKN,CHI,0.005553248431896657
2021-22,old,BKN,CLE,0.04962418121073893
2021-22,old,BKN,DAL,0.0044612975584495595
2021-22,old,BKN,DEN,0.009030615999449067
2021-22,old,BKN,DET,7.571932116559148e-06
2021-22,old,BKN,GSW,0.0018060346016326404
2021-22,old,BKN,HOU,0.1997944511390283
2021-22,old,BKN,IND,0.03095352731753
2021-22,old,BKN,LAC,0.0
2021-22,old,BKN,LAL,0.0
2021-22,old,BKN,MEM,0.011334561575222312
2021-22,old,BKN,MIA,0.003616379361101909
2021-22,old,BKN,MIL,0.011297032014891666
2021-22,old,BKN,MIN,0.0030505852383032705
2021-22,old,BKN,NOP,0.01907337151073821
2021-22,old,BKN,NYK,0.0012276472487192257
2021-22,old,BKN,OKC,0.008494284101243308
2021-22,old,BKN,ORL,2.093760365382035e-05
2021-22,old,BKN,PHI,0.0
2021-22,old,BKN,PHX,0.0
2021-22,old,BKN,POR,0.004049329318757799
2021-22,old,BKN,SAC,8.314834351115699e-06
2021-22,old,BKN,SAS,0.05797365507986257
2021-22,old,BKN,TOR,0.00986932636164672
2021-22,old,BKN,UTA,5.1095482860356575e-06
2021-22,old,BKN,WAS,0.015326816163339998
2021-22,old,BOS,ATL,0.005009726173295792
2021-22,old,BOS,BKN,0.04634600647029496
2021-22,old,BOS,CHA,0.0035089309624349364
2021-22,old,BOS,CHI,0.017453686035526793
2021-22,old,BOS,CLE,0.016318058900702113
2021-22,old,BOS,DAL,0.02663169467843807
2021-22,old,BOS,DEN,0.02108864824295665
2021-22,old,BOS,DET,9.741649815484575e-05
2021-22,old,BOS,GSW,0.019916436137166878
2021-22,old,BOS,HOU,0.02889682119826642
2021-22,old,BOS,IND,0.01449313153869299
2021-22,old,BOS,LAC,0.0
2021-22,old,BOS,LAL,0.0
2021-22,old,BOS,MEM,0.016708884131144255
2021-22,old,BOS,MIA,0.015420258627915436
2021-22,old,BOS,MIL,0.029194990119571045
2021-22,old,BOS,MIN,0.023290878310026738
2021-22,old,BOS,NOP,0.0015496247075757741
2021-22,old,BOS,NYK,0.00030462655532122
2021-22,old,BOS,OKC,0.0022753994760120024
2021-22,old,BOS,ORL,1.265669627732472e-06
2021-22,old,BOS,PHI,0.0
2021-22,old,BOS,PHX,0.0
2021-22,old,BOS,POR,0.002644103647116629
2021-22,old,BOS,SAC,0.0006043484514628936
2021-22,old,BOS,SAS,0.2547860431160272
2021-22,old,BOS,TOR,0.002927197780358988
2021-22,old,BOS,UTA,1.9463708937608166e-05
2021-22,old,BOS,WAS,0.0024384499506472646
2021-22,old,CHA,ATL,0.019716646002517782
2021-22,old,CHA,BKN,0.0029187933893426816
2021-22,old,CHA,BOS,5.4279119436404194e-05
2021-22,old,CHA,CHI,0.007715129360039864
2021-22,old,CHA,CLE,0.08080244462357812
2021-22,old,CHA,DAL,0.005498120923756928
2021-22,old,CHA,DEN,0.0026111252383250283
2021-22,old,CHA,DET,6.270137565573574e-06
2021-22,old,CHA,GSW,0.0016787873737091521
2021-22,old,CHA,HOU,0.05195339443573551
2021-22,old,CHA,IND,0.060235034658641655
2021-22,old,CHA,LAC,0.0
2021-22,old,CHA,LAL,0.0
2021-22,old,CHA,MEM,0.014807124723086212
2021-22,old,CHA,MIA,0.002811422444125317
2021-22,old,CHA,MIL,0.003490905970487855
2021-22,old,CHA,MIN,0.009925773990488959
2021-22,old,CHA,NOP,0.018399535597187194
2021-22,old,CHA,NYK,0.014159962342145553
2021-22,old,CHA,OKC,0.007496090192529337
2021-22,old,CHA,ORL,4.249444823940748e-06
2021-22,old,CHA,PHI,0.0
2021-22,old,CHA,PHX,0.0
2021-22,old,CHA,POR,0.003050682234804337
2021-22,old,CHA,SAC,2.685626338250652e-05
2021-22,old,CHA,SAS,0.019586453936056153
2021-22,old,CHA,TOR,0.008878758475245866
2021-22,old,CHA,UTA,3.8629423530642746e-05
2021-22,old,CHA,WAS,0.005299668582956862
2021-22,old,CHI,ATL,0.0039447166153308245
2021-22,old,CHI,BKN,0.022612307841950383
2021-22,old,CHI,BOS,0.0002240591400335852
2021-22,old,CHI,CHA,0.02808630723861737
2021-22,old,CHI,CLE,0.013436926639870679
2021-22,old,CHI,DAL,0.02395621337567167
2021-22,old,CHI,DEN,0.023797355957074478
2021-22,old,CHI,DET,3.7220211643307945e-06
2021-22,old,CHI,GSW,0.01117241385090098
2021-22,old,CHI,HOU,0.00969396569850405
2021-22,old,CHI,IND,0.02634408944873173
2021-22,old,CHI,LAC,0.0
2021-22,old,CHI,LAL,0.0
2021-22,old,CHI,MEM,0.11459008806201879
2021-22,old,CHI,MIA,0.007523706986424354
2021-22,old,CHI,MIL,0.0232206736841893
2021-22,old,CHI,MIN,0.02581170455187006
2021-22,old,CHI,NOP,0.04016428757766442
2021-22,old,CHI,NYK,0.008944995713157832
2021-22,old,CHI,OKC,0.0064848723632894905
2021-22,old,CHI,ORL,4.637338499857418e-06
2021-22,old,CHI,PHI,0.0
2021-22,old,CHI,PHX,0.0
2021-22,old,CHI,POR,0.02346887534261671
2021-22,old,CHI,SAC,0.0028551042255766847
2021-22,old,CHI,SAS,0.060043199927665575
2021-22,old,CHI,TOR,0.01711375414777591
2021-22,old,CHI,UTA,3.7991657877559867e-06
2021-22,old,CHI,WAS,0.014796899118873467
2021-22,old,CLE,ATL,0.05907127818847659
2021-22,old,CLE,BKN,0.09211766312068934
2021-22,old,CLE,BOS,0.000216422861471307
2021-22,old,CLE,CHA,0.01725491833824134
2021-22,old,CLE,CHI,0.01880075274613631
2021-22,old,CLE,DAL,0.033466490352761544
2021-22,old,CLE,DEN,0.014326420744166835
2021-22,old,CLE,DET,0.0026310793558181147
2021-22,old,CLE,GSW,0.013442888115346758
2021-22,old,CLE,HOU,0.029280980566359964
2021-22,old,CLE,IND,0.35169911652778024
2021-22,old,CLE,LAC,0.0
2021-22,old,CLE,LAL,0.0
2021-22,old,CLE,MEM,0.018255130434989227
2021-22,old,CLE,MIA,0.0070075432329181715
2021-22,old,CLE,MIL,0.015753047439915725
2021-22,old,CLE,MIN,0.01565753659393893
2021-22,old,CLE,NOP,0.00034069926498082355
2021-22,old,CLE,NYK,0.00016972755318552063
2021-22,old,CLE,OKC,0.008563021843998398
2021-22,old,CLE,ORL,0.0010761657842784586
2021-22,old,CLE,PHI,0.0
2021-22,old,CLE,PHX,0.0
2021-22,old,CLE,POR,0.0023625277343122704
2021-22,old,CLE,SAC,0.002551922182414178
2021-22,old,CLE,SAS,0.03208169419511921
2021-22,old,CLE,TOR,0.025267792709601417
2021-22,old,CLE,UTA,1.0477116620971989e-05
2021-22,old,CLE,WAS,0.00030489884955634824
2021-22,old,DAL,ATL,0.0061788033834429094
2021-22,old,DAL,BKN,0.03413146565034021
2021-22,old,DAL,BOS,2.1555965867077964e-05
2021-22,old,DAL,CHA,0.0029799678397822165
2021-22,old,DAL,CHI,0.0013104653811013586
2021-22,old,DAL,CLE,0.006150769798042276
2021-22,old,DAL,DEN,0.007857151610564678
2021-22,old,DAL,DET,1.2027435901772887e-05
2021-22,old,DAL,GSW,0.028676724425472505
2021-22,old,DAL,HOU,0.019475215709455113
2021-22,old,DAL,IND,0.006532744052125364
2021-22,old,DAL,LAC,0.0
2021-22,old,DAL,LAL,0.0
2021-22,old,DAL,MEM,0.020310299973461222
2021-22,old,DAL,MIA,0.012308189705624408
2021-22,old,DAL,MIL,0.042111265383560935
2021-22,old,DAL,MIN,0.00047417949682325975
2021-22,old,DAL,NOP,0.02267295889107569
2021-22,old,DAL,NYK,0.005932932913814527
2021-22,old,DAL,OKC,0.006247081037966109
2021-22,old,DAL,ORL,0.00010880481736738639
2021-22,old,DAL,PHI,0.0
2021-22,old,DAL,PHX,0.0
2021-22,old,DAL,POR,0.0006212015445520697
2021-22,old,DAL,SAC,3.8774074674634726e-05
2021-22,old,DAL,SAS,0.017133007312753905
2021-22,old,DAL,TOR,0.00517424177886475
2021-22,old,DAL,UTA,4.412240542270989e-06
2021-22,old,DAL,WAS,0.011916991494892675
2021-22,old,DEN,ATL,0.011103446800719093
2021-22,old,DEN,BKN,0.029531497590310034
2021-22,old,DEN,BOS,1.6700231514373705e-05
2021-22,old,DEN,CHA,0.0038614301803010427
2021-22,old,DEN,CHI,0.02905763345698234
2021-22,old,DEN,CLE,0.020194719424839542
2021-22,old,DEN,DAL,0.028961741773523363
2021-22,old,DEN,DET,0.0014893752089737637
2021-22,old,DEN,GSW,0.010091492516193254
2021-22,old,DEN,HOU,0.014758620795027095
2021-22,old,DEN,IND,0.029274642481688658
2021-22,old,DEN,LAC,0.0
2021-22,old,DEN,LAL,0.0
2021-22,old,DEN,MEM,0.07801424995168789
2021-22,old,DEN,MIA,0.009086207056594691
2021-22,old,DEN,MIL,0.02963813619625308
2021-22,old,DEN,MIN,0.03459389755806934
2021-22,old,DEN,NOP,0.037222714977762625
2021-22,old,DEN,NYK,0.007021871319406562
2021-22,old,DEN,OKC,0.004855057008943008
2021-22,old,DEN,ORL,0.001005758187288134
2021-22,old,DEN,PHI,0.0
2021-22,old,DEN,PHX,0.0
2021-22,old,DEN,POR,0.0063862023742067555
2021-22,old,DEN,SAC,0.00036284890648149147
2021-22,old,DEN,SAS,0.12092158187866867
2021-22,old,DEN,TOR,0.0018479183398950863
2021-22,old,DEN,UTA,0.00020036637830780148
2021-22,old,DEN,WAS,0.00029090433062203255
2021-22,old,DET,ATL,0.0043029918498347225
2021-22,old,DET,BKN,0.043495523982863334
2021-22,old,DET,BOS,0.00010069251051124603
2021-22,old,DET,CHA,0.0032621760103054027
2021-22,old,DET,CHI,0.0034322218926989886
2021-22,old,DET,CLE,5.373909622830539e-05
2021-22,old,DET,DAL,0.008209235112585707
2021-22,old,DET,DEN,0.0044060894074841855
2021-22,old,DET,GSW,0.010363146874036049
2021-22,old,DET,HOU,0.0033262391431971663
2021-22,old,DET,IND,0.031668094925442335
2021-22,old,DET,LAC,0.0
2021-22,old,DET,LAL,0.0
2021-22,old,DET,MEM,0.018892670051439815
2021-22,old,DET,MIA,0.002367456950134887
2021-22,old,DET,MIL,0.022026868052329784
2021-22,old,DET,MIN,0.0012499464347539538
2021-22,old,DET,NOP,0.019717866639716943
2021-22,old,DET,NYK,0.005530330805856598
2021-22,old,DET,OKC,0.011290967858262321
2021-22,old,DET,ORL,0.00341655779980418
2021-22,old,DET,PHI,0.0
2021-22,old,DET,PHX,0.0
2021-22,old,DET,POR,0.002121353133734113
2021-22,old,DET,SAC,0.003115132680211539
2021-22,old,DET,SAS,0.03738668997835208
2021-22,old,DET,TOR,0.0009343664003349511
2021-22,old,DET,UTA,2.7846844263918783e-07
2021-22,old,DET,WAS,0.00015018555708165728
2021-22,old,GSW,ATL,0.005326381123125145
2021-22,old,GSW,BKN,0.022649590171456194
2021-22,old,GSW,BOS,1.2174396301047989e-05
2021-22,old,GSW,CHA,0.0056028661941055595
2021-22,old,GSW,CHI,0.027763879261364872
2021-22,old,GSW,CLE,0.0011352323722461305
2021-22,old,GSW,DAL,0.031018354347570082
2021-22,old,GSW,DEN,0.013898977479941592
2021-22,old,GSW,DET,4.689830319180159e-06
2021-22,old,GSW,HOU,0.0045950969312829795
2021-22,old,GSW,IND,0.006358526690283473
2021-22,old,GSW,LAC,0.0
2021-22,old,GSW,LAL,0.0
2021-22,old,GSW,MEM,0.052195845041098116
2021-22,old,GSW,MIA,0.032177801860400056
2021-22,old,GSW,MIL,0.025354519537063726
2021-22,old,GSW,MIN,0.009286560241059862
2021-22,old,GSW,NOP,0.04882623339289606
2021-22,old,GSW,NYK,0.01921407053712636
2021-22,old,GSW,OKC,0.034633177728728225
2021-22,old,GSW,ORL,4.073756419980988e-06
2021-22,old,GSW,PHI,0.0
2021-22,old,GSW,PHX,0.0
2021-22,old,GSW,POR,0.021419695836903625
2021-22,old,GSW,SAC,0.0025205882849028906
2021-22,old,GSW,SAS,0.053117078014613614
2021-22,old,GSW,TOR,0.002239487143451585
2021-22,old,GSW,UTA,1.4618950167791243e-05
2021-22,old,GSW,WAS,0.011603025582025896
2021-22,old,HOU,ATL,0.000334434518048545
2021-22,old,HOU,BKN,0.008420258667173742
2021-22,old,HOU,BOS,1.1338865464158809e-06
2021-22,old,HOU,CHA,0.04119601192873492
2021-22,old,HOU,CHI,0.008849243100664888
2021-22,old,HOU,CLE,0.0731702196182905
2021-22,old,HOU,DAL,0.007240516608964855
2021-22,old,HOU,DEN,0.0031085539397846577
2021-22,old,HOU,DET,0.006499641605722359
2021-22,old,HOU,GSW,0.006752745205416313
2021-22,old,HOU,IND,0.061748071800197785
2021-22,old,HOU,LAC,0.0
2021-22,old,HOU,LAL,0.0
2021-22,old,HOU,MEM,0.056398267489789995
2021-22,old,HOU,MIA,0.009024784515274624
2021-22,old,HOU,MIL,0.009444200695107482
2021-22,old,HOU,MIN,0.005105136778134991
2021-22,old,HOU,NOP,0.04402421212458353
2021-22,old,HOU,NYK,0.0017029444431670333
2021-22,old,HOU,OKC,0.011529863076534058
2021-22,old,HOU,ORL,0.010497485730271447
2021-22,old,HOU,PHI,0.0
2021-22,old,HOU,PHX,0.0
2021-22,old,HOU,POR,0.01394262983022368
2021-22,old,HOU,SAC,0.0009608304437705887
2021-22,old,HOU,SAS,0.012806504557882204
2021-22,old,HOU,TOR,2.2610283252469255e-05
2021-22,old,HOU,UTA,4.971787669558703e-06
2021-22,old,HOU,WAS,0.005570108691217506
2021-22,old,IND,ATL,0.006394277012059798
2021-22,old,IND,BKN,0.010534484540614217
2021-22,old,IND,BOS,1.0626312360556785e-05
2021-22,old,IND,CHA,0.0369222939123124
2021-22,old,IND,CHI,0.020813186174477423
2021-22,old,IND,CLE,0.024806391756402063
2021-22,old,IND,DAL,0.005502155331152727
2021-22,old,IND,DEN,0.011060938872585064
2021-22,old,IND,DET,0.002992392446226141
2021-22,old,IND,GSW,0.010578664991604581
2021-22,old,IND,HOU,0.038903556174000486
2021-22,old,IND,LAC,0.0
2021-22,old,IND,LAL,0.0
2021-22,old,IND,MEM,0.038062056946505024
2021-22,old,IND,MIA,0.006098060367452302
2021-22,old,IND,MIL,0.0066528295334519795
2021-22,old,IND,MIN,0.0049299637464302135
2021-22,old,IND,NOP,0.05836593345596839
2021-22,old,IND,NYK,0.008721098195273582
2021-22,old,IND,OKC,0.01042350666653328
2021-22,old,IND,ORL,0.0021530059363949255
2021-22,old,IND,PHI,0.0
2021-22,old,IND,PHX,0.0
2021-22,old,IND,POR,0.015533620972168934
2021-22,old,IND,SAC,0.017152070346168564
2021-22,old,IND,SAS,0.05424047053688278
2021-22,old,IND,TOR,0.003669775460984722
2021-22,old,IND,UTA,2.902156746093373e-07
2021-22,old,IND,WAS,0.007148636159328672
2021-22,old,LAC,ATL,0.009113015731672733
2021-22,old,LAC,BKN,0.012538802997935257
2021-22,old,LAC,BOS,4.558477828892733e-05
2021-22,old,LAC,CHA,0.019666093252477795
2021-22,old,LAC,CHI,0.007687159351230407
2021-22,old,LAC,CLE,0.009384235622436744
2021-22,old,LAC,DAL,0.013698012004630982
2021-22,old,LAC,DEN,0.008978712671633544
2021-22,old,LAC,DET,0.0010409447495940314
2021-22,old,LAC,GSW,0.007466594887062392
2021-22,old,LAC,HOU,0.005720905188294451
2021-22,old,LAC,IND,0.010739542760227257
2021-22,old,LAC,LAL,0.0
2021-22,old,LAC,MEM,0.016275176994993337
2021-22,old,LAC,MIA,0.013362069018345711
2021-22,old,LAC,MIL,0.004437781247588475
2021-22,old,LAC,MIN,0.007919096143852996
2021-22,old,LAC,NOP,0.007035325090253707
2021-22,old,LAC,NYK,0.0012262733348125479
2021-22,old,LAC,OKC,0.05290058412838365
2021-22,old,LAC,ORL,1.2801519176492274e-05
2021-22,old,LAC,PHI,0.0
2021-22,old,LAC,PHX,0.0
2021-22,old,LAC,POR,0.02283811783629802
2021-22,old,LAC,SAC,0.00010112997409484484
2021-22,old,LAC,SAS,0.018666818396268586
2021-22,old,LAC,TOR,0.0002753405338921744
2021-22,old,LAC,UTA,1.674639984015123e-05
2021-22,old,LAC,WAS,0.0015020975840187361
2021-22,old,LAL,ATL,0.0006292250193963264
2021-22,old,LAL,BKN,0.0017048762619455194
2021-22,old,LAL,BOS,5.558349634295893e-07
2021-22,old,LAL,CHA,0.021958622783361678
2021-22,old,LAL,CHI,0.010365259444502457
2021-22,old,LAL,CLE,5.062245489802706e-05
2021-22,old,LAL,DAL,0.0012531597904898715
2021-22,old,LAL,DEN,0.004552650728425744
2021-22,old,LAL,DET,5.5826247914850614e-06
2021-22,old,LAL,GSW,1.0775929375502595e-05
2021-22,old,LAL,HOU,0.0012704741617199035
2021-22,old,LAL,IND,0.004753926318117298
2021-22,old,LAL,LAC,0.0
2021-22,old,LAL,MEM,0.16058901885671983
2021-22,old,LAL,MIA,2.5862069350892105e-05
2021-22,old,LAL,MIL,0.0012891411904410676
2021-22,old,LAL,MIN,0.00020562133892222466
2021-22,old,LAL,NOP,0.11798862768653921
2021-22,old,LAL,NYK,0.011005634247240045
2021-22,old,LAL,OKC,0.0045382609384773676
2021-22,old,LAL,ORL,4.222809203662959e-06
2021-22,old,LAL,PHI,0.0
2021-22,old,LAL,PHX,0.0
2021-22,old,LAL,POR,0.03554646908364423
2021-22,old,LAL,SAC,0.0015623758525927839
2021-22,old,LAL,SAS,0.032837222972213774
2021-22,old,LAL,TOR,3.334274971579841e-05
2021-22,old,LAL,UTA,0.00010030350674148779
2021-22,old,LAL,WAS,0.005334429823579668
2021-22,old,MEM,ATL,0.0027501236553304858
2021-22,old,MEM,BKN,0.03267044526492948
2021-22,old,MEM,BOS,2.7820405320727944e-05
2021-22,old,MEM,CHA,0.021775289862880166
2021-22,old,MEM,CHI,0.00972803954057699
2021-22,old,MEM,CLE,1.49909550479661e-05
2021-22,old,MEM,DAL,0.016610811421078606
2021-22,old,MEM,DEN,0.005188999338533298
2021-22,old,MEM,DET,0.0010765087145500534
2021-22,old,MEM,GSW,0.02171551736818581
2021-22,old,MEM,HOU,0.004154903140814238
2021-22,old,MEM,IND,0.0013912931932044985
2021-22,old,MEM,LAC,0.0
2021-22,old,MEM,LAL,0.0
2021-22,old,MEM,MIA,0.02804525867112559
2021-22,old,MEM,MIL,0.01633019065903486
2021-22,old,MEM,MIN,0.00034901800821176914
2021-22,old,MEM,NOP,0.026574574053537345
2021-22,old,MEM,NYK,0.0071666062339316135
2021-22,old,MEM,OKC,0.006217730750832506
2021-22,old,MEM,ORL,0.0012199759403603604
2021-22,old,MEM,PHI,0.0
2021-22,old,MEM,PHX,0.0
2021-22,old,MEM,POR,0.026061086808453853
2021-22,old,MEM,SAC,0.004563562999992777
2021-22,old,MEM,SAS,0.041273132044592487
2021-22,old,MEM,TOR,0.0002090271825302589
2021-22,old,MEM,UTA,2.408804896676903e-05
2021-22,old,MEM,WAS,0.007540691281981758
2021-22,old,MIA,ATL,0.0008385557309043655
2021-22,old,MIA,BKN,0.008813008626797266
2021-22,old,MIA,BOS,3.1209909764181473e-06
2021-22,old,MIA,CHA,0.00016677890208512204
2021-22,old,MIA,CHI,0.0042432476815306725
2021-22,old,MIA,CLE,0.00014046687396203664
2021-22,old,MIA,DAL,0.010616037265917578
2021-22,old,MIA,DEN,0.007993506701494821
2021-22,old,MIA,DET,4.78505045516904e-07
2021-22,old,MIA,GSW,0.023912715461300936
2021-22,old,MIA,HOU,0.002283405171795587
2021-22,old,MIA,IND,0.007754207645502117
2021-22,old,MIA,LAC,0.0
2021-22,old,MIA,LAL,0.0
2021-22,old,MIA,MEM,0.01270790105895572
2021-22,old,MIA,MIL,0.010525095403523416
2021-22,old,MIA,MIN,0.000794717236439486
2021-22,old,MIA,NOP,0.0011526180578745851
2021-22,old,MIA,NYK,1.410626743082681e-05
2021-22,old,MIA,OKC,0.0014335619767611974
2021-22,old,MIA,ORL,5.225432339154978e-07
2021-22,old,MIA,PHI,0.0
2021-22,old,MIA,PHX,0.0
2021-22,old,MIA,POR,0.005249728006440018
2021-22,old,MIA,SAC,3.6919319403207335e-09
2021-22,old,MIA,SAS,0.014475675162267235
2021-22,old,MIA,TOR,0.00016447073965762982
2021-22,old,MIA,UTA,2.983678365252888e-05
2021-22,old,MIA,WAS,9.994367796912996e-05
2021-22,old,MIL,ATL,0.05192316721082656
2021-22,old,MIL,BKN,0.04231484702422458
2021-22,old,MIL,BOS,8.201069668620885e-05
2021-22,old,MIL,CHA,0.021982546624365547
2021-22,old,MIL,CHI,0.02304314648350738
2021-22,old,MIL,CLE,0.0026210016313212665
2021-22,old,MIL,DAL,0.04984759261642821
2021-22,old,MIL,DEN,0.026235786277737816
2021-22,old,MIL,DET,0.0013946786074194395
2021-22,old,MIL,GSW,0.02361853318001693
2021-22,old,MIL,HOU,0.017254040879257634
2021-22,old,MIL,IND,0.2249007228987398
2021-22,old,MIL,LAC,0.0
2021-22,old,MIL,LAL,0.0
2021-22,old,MIL,MEM,0.07123021379301771
2021-22,old,MIL,MIA,0.020987069132930504
2021-22,old,MIL,MIN,0.00827026052155042
2021-22,old,MIL,NOP,0.0769333824530622
2021-22,old,MIL,NYK,0.01077878164560261
2021-22,old,MIL,OKC,0.006700101185214966
2021-22,old,MIL,ORL,0.0005244274453232295
2021-22,old,MIL,PHI,0.0
2021-22,old,MIL,PHX,0.0
2021-22,old,MIL,POR,0.017708628452584956
2021-22,old,MIL,SAC,0.003860827992590548
2021-22,old,MIL,SAS,0.028623306719786027
2021-22,old,MIL,TOR,0.007734364834837788
2021-22,old,MIL,UTA,8.148997087959041e-09
2021-22,old,MIL,WAS,0.0071808712176941
2021-22,old,MIN,ATL,0.0057014666797455225
2021-22,old,MIN,BKN,0.012593310165775834
2021-22,old,MIN,BOS,6.052781599207071e-05
2021-22,old,MIN,CHA,0.007797432983836851
2021-22,old,MIN,CHI,0.022899569627625002
2021-22,old,MIN,CLE,0.00021103840208107718
2021-22,old,MIN,DAL,0.0082032066714086
2021-22,old,MIN,DEN,0.014442967897017454
2021-22,old,MIN,DET,0.0005009035740350964
2021-22,old,MIN,GSW,0.014377540757867445
2021-22,old,MIN,HOU,0.007421875138835309
2021-22,old,MIN,IND,0.03762314484224
2021-22,old,MIN,LAC,0.0
2021-22,old,MIN,LAL,0.0
2021-22,old,MIN,MEM,0.10707620769642849
2021-22,old,MIN,MIA,0.004872844866958671
2021-22,old,MIN,MIL,0.010021535649179835
2021-22,old,MIN,NOP,0.11898196697454289
2021-22,old,MIN,NYK,0.005572985624948375
2021-22,old,MIN,OKC,0.008498820083686255
2021-22,old,MIN,ORL,0.00019563795312940057
2021-22,old,MIN,PHI,0.0
2021-22,old,MIN,PHX,0.0
2021-22,old,MIN,POR,0.024658801175394734
2021-22,old,MIN,SAC,0.0022135521916975204
2021-22,old,MIN,SAS,0.029923497456920786
2021-22,old,MIN,TOR,0.0015617427925538334
2021-22,old,MIN,UTA,0.00024944057925739674
2021-22,old,MIN,WAS,0.005538310646887009
2021-22,old,NOP,ATL,0.0026358048215069938
2021-22,old,NOP,BKN,0.01092021094578107
2021-22,old,NOP,BOS,0.00012777942561468446
2021-22,old,NOP,CHA,0.09094056626811414
2021-22,old,NOP,CHI,0.0213123095672371
2021-22,old,NOP,CLE,0.008384820966251089
2021-22,old,NOP,DAL,0.024517423809320555
2021-22,old,NOP,DEN,0.012201715671103383
2021-22,old,NOP,DET,1.3799581837940635e-05
2021-22,old,NOP,GSW,0.007137931197994271
2021-22,old,NOP,HOU,0.011778556279846114
2021-22,old,NOP,IND,0.005980605261936776
2021-22,old,NOP,LAC,0.0
2021-22,old,NOP,LAL,0.0
2021-22,old,NOP,MEM,0.1214522084170047
2021-22,old,NOP,MIA,0.01260021560881608
2021-22,old,NOP,MIL,0.019582821156481904
2021-22,old,NOP,MIN,0.008304849114004444
2021-22,old,NOP,NYK,0.0389789854244593
2021-22,old,NOP,OKC,0.00907325850229458
2021-22,old,NOP,ORL,1.099344049380179e-05
2021-22,old,NOP,PHI,0.0
2021-22,old,NOP,PHX,0.0
2021-22,old,NOP,POR,0.05477102508078372
2021-22,old,NOP,SAC,0.0043791581791990985
2021-22,old,NOP,SAS,0.03758671723444651
2021-22,old,NOP,TOR,0.007944461293462296
2021-22,old,NOP,UTA,4.264489902198346e-06
2021-22,old,NOP,WAS,0.02484936468607668
2021-22,old,NYK,ATL,0.020358755960195894
2021-22,old,NYK,BKN,0.0057327629325587375
2021-22,old,NYK,BOS,2.12954846855277e-06
2021-22,old,NYK,CHA,0.02191199384181929
2021-22,old,NYK,CHI,0.015669486381897926
2021-22,old,NYK,CLE,0.03332029165871597
2021-22,old,NYK,DAL,0.006528444666117048
2021-22,old,NYK,DEN,0.027653017474850813
2021-22,old,NYK,DET,0.0001526388688625766
2021-22,old,NYK,GSW,0.0023685338153052672
2021-22,old,NYK,HOU,0.037140894445393965
2021-22,old,NYK,IND,0.02401608192722414
2021-22,old,NYK,LAC,0.0
2021-22,old,NYK,LAL,0.0
2021-22,old,NYK,MEM,0.07505344267996608
2021-22,old,NYK,MIA,0.0027435345181007075
2021-22,old,NYK,MIL,0.00746943996054046
2021-22,old,NYK,MIN,0.009455171458221326
2021-22,old,NYK,NOP,0.11031366435319911
2021-22,old,NYK,OKC,0.0024555325740300057
2021-22,old,NYK,ORL,0.0004932677953290015
2021-22,old,NYK,PHI,0.0
2021-22,old,NYK,PHX,0.0
2021-22,old,NYK,POR,0.012539141832553943
2021-22,old,NYK,SAC,0.003151431592936053
2021-22,old,NYK,SAS,0.05812679529511847
2021-22,old,NYK,TOR,0.00204880358259022
2021-22,old,NYK,UTA,2.3929143357432125e-06
2021-22,old,NYK,WAS,0.033698534476297136
2021-22,old,OKC,ATL,0.006300183919130825
2021-22,old,OKC,BKN,0.0046056099247992754
2021-22,old,OKC,BOS,4.1694710560364975e-06
2021-22,old,OKC,CHA,0.00808034983953352
2021-22,old,OKC,CHI,0.009628859324201088
2021-22,old,OKC,CLE,0.00012957927337170838
2021-22,old,OKC,DAL,0.005556782390802018
2021-22,old,OKC,DEN,0.02044810296490797
2021-22,old,OKC,DET,0.008599324487674783
2021-22,old,OKC,GSW,0.003226687713942773
2021-22,old,OKC,HOU,0.005698545071224132
2021-22,old,OKC,IND,0.022017650450697892
2021-22,old,OKC,LAC,0.0
2021-22,old,OKC,LAL,0.0
2021-22,old,OKC,MEM,0.06180052984285474
2021-22,old,OKC,MIA,0.0007176724280198586
2021-22,old,OKC,MIL,0.003916584285429768
2021-22,old,OKC,MIN,0.0034715313569992734
2021-22,old,OKC,NOP,0.04270447016388267
2021-22,old,OKC,NYK,0.0034311257666335363
2021-22,old,OKC,ORL,0.0054013005362100065
2021-22,old,OKC,PHI,0.0
2021-22,old,OKC,PHX,0.0
2021-22,old,OKC,POR,0.011957057434369863
2021-22,old,OKC,SAC,0.01242571710007488
2021-22,old,OKC,SAS,0.028717325835062518
2021-22,old,OKC,TOR,0.00045747262984730273
2021-22,old,OKC,UTA,7.821670524383828e-06
2021-22,old,OKC,WAS,0.006230957469252745
2021-22,old,ORL,ATL,0.006939167698727125
2021-22,old,ORL,BKN,0.005984054818577802
2021-22,old,ORL,BOS,4.805171364384953e-05
2021-22,old,ORL,CHA,0.00768137651610961
2021-22,old,ORL,CHI,0.017258080196681312
2021-22,old,ORL,CLE,0.011878065805088985
2021-22,old,ORL,DAL,0.0051344078294658065
2021-22,old,ORL,DEN,0.008046090543613087
2021-22,old,ORL,DET,0.0071333414080925655
2021-22,old,ORL,GSW,0.010419181416915979
2021-22,old,ORL,HOU,0.010945312008060966
2021-22,old,ORL,IND,0.04803907631949391
2021-22,old,ORL,LAC,0.0
2021-22,old,ORL,LAL,0.0
2021-22,old,ORL,MEM,0.010454197945157395
2021-22,old,ORL,MIA,0.0008814655310185306
2021-22,old,ORL,MIL,0.006064656873177581
2021-22,old,ORL,MIN,0.015397384832154339
2021-22,old,ORL,NOP,0.0010946413567165829
2021-22,old,ORL,NYK,0.001154622609266037
2021-22,old,ORL,OKC,0.007880407985821875
2021-22,old,ORL,PHI,0.0
2021-22,old,ORL,PHX,0.0
2021-22,old,ORL,POR,0.00039848126868930324
2021-22,old,ORL,SAC,0.0029532887401668277
2021-22,old,ORL,SAS,0.041637291953767225
2021-22,old,ORL,TOR,0.00821263264335384
2021-22,old,ORL,UTA,5.538787354741031e-06
2021-22,old,ORL,WAS,0.000370117003653764
2021-22,old,PHI,ATL,0.00472419074736194
2021-22,old,PHI,BKN,0.13323066572914286
2021-22,old,PHI,BOS,0.00010547605469425305
2021-22,old,PHI,CHA,0.001905953582861837
2021-22,old,PHI,CHI,0.008487165420737493
2021-22,old,PHI,CLE,0.008147463998907142
2021-22,old,PHI,DAL,0.01546412767756899
2021-22,old,PHI,DEN,0.0038887574219223075
2021-22,old,PHI,DET,1.2051714029647525e-08
2021-22,old,PHI,GSW,0.006693965615945515
2021-22,old,PHI,HOU,0.005619342594953446
2021-22,old,PHI,IND,0.027249169310955966
2021-22,old,PHI,LAC,0.0
2021-22,old,PHI,LAL,0.0
2021-22,old,PHI,MEM,0.014725288570461775
2021-22,old,PHI,MIA,0.007370689742122615
2021-22,old,PHI,MIL,0.015527737052404959
2021-22,old,PHI,MIN,0.00838579638726287
2021-22,old,PHI,NOP,2.014430500195985e-05
2021-22,old,PHI,NYK,1.103012790440325e-05
2021-22,old,PHI,OKC,0.0077806143105324296
2021-22,old,PHI,ORL,7.734856233532797e-06
2021-22,old,PHI,PHX,0.0
2021-22,old,PHI,POR,1.2265440608310276e-05
2021-22,old,PHI,SAC,4.0713065495145634e-06
2021-22,old,PHI,SAS,0.028801679422627957
2021-22,old,PHI,TOR,0.009257536251115271
2021-22,old,PHI,UTA,1.817142987937555e-06
2021-22,old,PHI,WAS,0.00011880197556091653
2021-22,old,PHX,ATL,0.0016736867278217286
2021-22,old,PHX,BKN,0.0028135779296124836
2021-22,old,PHX,BOS,2.5297247290679828e-08
2021-22,old,PHX,CHA,0.004601444795553115
2021-22,old,PHX,CHI,0.004462647171516797
2021-22,old,PHX,CLE,6.718144481611668e-06
2021-22,old,PHX,DAL,0.00377871035856124
2021-22,old,PHX,DEN,7.840795792126131e-06
2021-22,old,PHX,DET,0.002316082759776863
2021-22,old,PHX,GSW,0.000764008190939904
2021-22,old,PHX,HOU,0.003341325395579995
2021-22,old,PHX,IND,0.008334594500746976
2021-22,old,PHX,LAC,0.0
2021-22,old,PHX,LAL,0.0
2021-22,old,PHX,MEM,0.015475940973708255
2021-22,old,PHX,MIA,0.0009084051910081299
2021-22,old,PHX,MIL,0.004030474692693966
2021-22,old,PHX,MIN,0.0064853086321303675
2021-22,old,PHX,NOP,0.018711237930750184
2021-22,old,PHX,NYK,0.0001732341853892782
2021-22,old,PHX,OKC,0.008622817684634515
2021-22,old,PHX,ORL,0.0013829547889558722
2021-22,old,PHX,PHI,0.0
2021-22,old,PHX,POR,0.004087685936941059
2021-22,old,PHX,SAC,0.003554745665971883
2021-22,old,PHX,SAS,0.01354259568565521
2021-22,old,PHX,TOR,5.568830237711577e-06
2021-22,old,PHX,UTA,1.4213404084495842e-05
2021-22,old,PHX,WAS,0.00242491339426155
2021-22,old,POR,ATL,0.003331086696742964
2021-22,old,POR,BKN,0.0047479338754666915
2021-22,old,POR,BOS,4.0001476230541674e-05
2021-22,old,POR,CHA,0.02788622348414544
2021-22,old,POR,CHI,0.062081929802327955
2021-22,old,POR,CLE,0.000516174924749088
2021-22,old,POR,DAL,0.003875626404567524
2021-22,old,POR,DEN,0.020884498874136074
2021-22,old,POR,DET,0.0016758927639145208
2021-22,old,POR,GSW,0.00019612130442990793
2021-22,old,POR,HOU,0.0025891702241216106
2021-22,old,POR,IND,0.005295039045829357
2021-22,old,POR,LAC,0.0
2021-22,old,POR,LAL,0.0
2021-22,old,POR,MEM,0.1137572141132498
2021-22,old,POR,MIA,0.005160560417149601
2021-22,old,POR,MIL,0.00025176011263361203
2021-22,old,POR,MIN,0.0017007903575013005
2021-22,old,POR,NOP,0.12401048873144037
2021-22,old,POR,NYK,0.01152438297240048
2021-22,old,POR,OKC,0.003952067493396142
2021-22,old,POR,ORL,0.0016324589615732102
2021-22,old,POR,PHI,0.0
2021-22,old,POR,PHX,0.0
2021-22,old,POR,SAC,0.016077197272014166
2021-22,old,POR,SAS,0.030620070982662312
2021-22,old,POR,TOR,0.0018869597546439466
2021-22,old,POR,UTA,5.390219436320782e-06
2021-22,old,POR,WAS,0.0171896285199918
2021-22,old,SAC,ATL,0.0043455625988768065
2021-22,old,SAC,BKN,0.020271670474815887
2021-22,old,SAC,BOS,0.00011986657135990369
2021-22,old,SAC,CHA,0.007323158562931598
2021-22,old,SAC,CHI,0.013806157721030108
2021-22,old,SAC,CLE,0.0008195258011729203
2021-22,old,SAC,DAL,0.022684604250537196
2021-22,old,SAC,DEN,0.014187747856684599
2021-22,old,SAC,DET,0.0020834952721981532
2021-22,old,SAC,GSW,0.010205819064743004
2021-22,old,SAC,HOU,0.0244857222767314
2021-22,old,SAC,IND,0.009901252102748273
2021-22,old,SAC,LAC,0.0
2021-22,old,SAC,LAL,0.0
2021-22,old,SAC,MEM,0.05361203327590953
2021-22,old,SAC,MIA,0.004292025952439371
2021-22,old,SAC,MIL,0.016486200624826936
2021-22,old,SAC,MIN,0.007813226610050539
2021-22,old,SAC,NOP,0.0219808929542642
2021-22,old,SAC,NYK,0.003982785906829319
2021-22,old,SAC,OKC,0.0034381648937193473
2021-22,old,SAC,ORL,0.002637174368869653
2021-22,old,SAC,PHI,0.0
2021-22,old,SAC,PHX,0.0
2021-22,old,SAC,POR,0.016126008313797534
2021-22,old,SAC,SAS,0.024012231367570067
2021-22,old,SAC,TOR,0.0032848744766515417
2021-22,old,SAC,UTA,7.0965946058792335e-06
2021-22,old,SAC,WAS,0.002986841733834726
2021-22,old,SAS,ATL,0.0011332002994228632
2021-22,old,SAS,BKN,0.023205049366784032
2021-22,old,SAS,BOS,4.4343383419386314e-05
2021-22,old,SAS,CHA,0.030549009423583025
2021-22,old,SAS,CHI,0.010709932424999345
2021-22,old,SAS,CLE,0.00033222802582330774
2021-22,old,SAS,DAL,0.005688310729327674
2021-22,old,SAS,DEN,0.00449214910120323
2021-22,old,SAS,DET,0.003728879627796438
2021-22,old,SAS,GSW,0.012726293881340979
2021-22,old,SAS,HOU,0.0012324891388737435
2021-22,old,SAS,IND,0.006377405967067629
2021-22,old,SAS,LAC,0.0
2021-22,old,SAS,LAL,0.0
2021-22,old,SAS,MEM,0.09042932894549903
2021-22,old,SAS,MIA,0.011406250042792668
2021-22,old,SAS,MIL,0.023451254318139974
2021-22,old,SAS,MIN,0.0014025843518673316
2021-22,old,SAS,NOP,0.1852346178058107
2021-22,old,SAS,NYK,0.015571981173702273
2021-22,old,SAS,OKC,0.005114708427523246
2021-22,old,SAS,ORL,0.0040162792286502266
2021-22,old,SAS,PHI,0.0
2021-22,old,SAS,PHX,0.0
2021-22,old,SAS,POR,0.055415500952209436
2021-22,old,SAS,SAC,0.015196343519585298
2021-22,old,SAS,TOR,0.0011868520318928319
2021-22,old,SAS,UTA,3.839338190986703e-06
2021-22,old,SAS,WAS,0.03475293477376007
2021-22,old,TOR,ATL,0.011996989754188902
2021-22,old,TOR,BKN,0.055778375676066784
2021-22,old,TOR,BOS,0.00025861853960109515
2021-22,old,TOR,CHA,0.019725404374689854
2021-22,old,TOR,CHI,0.03794655995859881
2021-22,old,TOR,CLE,0.05317178473523468
2021-22,old,TOR,DAL,0.022852486958056174
2021-22,old,TOR,DEN,0.036004377089765324
2021-22,old,TOR,DET,0.0026450580128009864
2021-22,old,TOR,GSW,0.012496767390435627
2021-22,old,TOR,HOU,0.04039735939919724
2021-22,old,TOR,IND,0.026898087019071728
2021-22,old,TOR,LAC,0.0
2021-22,old,TOR,LAL,0.0
2021-22,old,TOR,MEM,0.05220393364636883
2021-22,old,TOR,MIA,0.010713362095733014
2021-22,old,TOR,MIL,0.023830452040821334
2021-22,old,TOR,MIN,0.025138106888344676
2021-22,old,TOR,NOP,0.011069057243809424
2021-22,old,TOR,NYK,0.002849925779273014
2021-22,old,TOR,OKC,0.015380314402687337
2021-22,old,TOR,ORL,3.3548824791324187e-06
2021-22,old,TOR,PHI,0.0
2021-22,old,TOR,PHX,0.0
2021-22,old,TOR,POR,0.008505440937409669
2021-22,old,TOR,SAC,0.0025562716416117205
2021-22,old,TOR,SAS,0.15031342340040502
2021-22,old,TOR,UTA,7.957702992649102e-06
2021-22,old,TOR,WAS,0.00906977519845268
2021-22,old,UTA,ATL,0.0016362129920767113
2021-22,old,UTA,BKN,0.02123930595483713
2021-22,old,UTA,BOS,2.3569580684315374e-05
2021-22,old,UTA,CHA,0.016255803587448048
2021-22,old,UTA,CHI,0.01899046818110589
2021-22,old,UTA,CLE,0.003007332165136802
2021-22,old,UTA,DAL,0.02061325729721521
2021-22,old,UTA,DEN,0.04730078341328848
2021-22,old,UTA,DET,0.002566130984952352
2021-22,old,UTA,GSW,0.00829525861905603
2021-22,old,UTA,HOU,0.0018141164401634438
2021-22,old,UTA,IND,0.012931172522408545
2021-22,old,UTA,LAC,0.0
2021-22,old,UTA,LAL,0.0
2021-22,old,UTA,MEM,0.2033506269532524
2021-22,old,UTA,MIA,0.009273707059790092
2021-22,old,UTA,MIL,0.020792820893018767
2021-22,old,UTA,MIN,0.007712158440354712
2021-22,old,UTA,NOP,0.031359752687093255
2021-22,old,UTA,NYK,0.0025330417728346875
2021-22,old,UTA,OKC,0.0026184886480966583
2021-22,old,UTA,ORL,0.0010269911044329923
2021-22,old,UTA,PHI,0.0
2021-22,old,UTA,PHX,0.0
2021-22,old,UTA,POR,0.006425997688679659
2021-22,old,UTA,SAC,0.0009590164536012513
2021-22,old,UTA,SAS,0.04649123378723891
2021-22,old,UTA,TOR,0.002722060281605471
2021-22,old,UTA,WAS,0.00935871373449633
2021-22,old,WAS,ATL,0.01287503333438011
2021-22,old,WAS,BKN,0.017399509104725753
2021-22,old,WAS,BOS,4.1631347543095724e-05
2021-22,old,WAS,CHA,0.02475924801053258
2021-22,old,WAS,CHI,0.01784340738357061
2021-22,old,WAS,CLE,0.12584558017637656
2021-22,old,WAS,DAL,0.01005985673107498
2021-22,old,WAS,DEN,0.007934483608140547
2021-22,old,WAS,DET,1.566338773321317e-05
2021-22,old,WAS,GSW,0.0125657331445457
2021-22,old,WAS,HOU,0.021277748315217736
2021-22,old,WAS,IND,0.09548833881855734
2021-22,old,WAS,LAC,0.0
2021-22,old,WAS,LAL,0.0
2021-22,old,WAS,MEM,0.10562528564899608
2021-22,old,WAS,MIA,0.013242456945590677
2021-22,old,WAS,MIL,0.012516408472659578
2021-22,old,WAS,MIN,0.008254975238487646
2021-22,old,WAS,NOP,0.15163524541349963
2021-22,old,WAS,NYK,0.046058449566779826
2021-22,old,WAS,OKC,0.010071027010679627
2021-22,old,WAS,ORL,0.0007623352857482285
2021-22,old,WAS,PHI,0.0
2021-22,old,WAS,PHX,0.0
2021-22,old,WAS,POR,0.012482225478927056
2021-22,old,WAS,SAC,0.002062457909012003
2021-22,old,WAS,SAS,0.027152586941857126
2021-22,old,WAS,TOR,0.0063445053509229524
2021-22,old,WAS,UTA,2.811499946699557e-05
2022-23,new,ATL,BKN,0.014951328120788844
2022-23,new,ATL,BOS,0.0
2022-23,new,ATL,CHA,0.001263241464112579
2022-23,new,ATL,CHI,0.03636809020394793
2022-23,new,ATL,CLE,0.001835153241554998
2022-23,new,ATL,DAL,0.023477440876115127
2022-23,new,ATL,DEN,0.0
2022-23,new,ATL,DET,1.1286866616150503e-05
2022-23,new,ATL,GSW,0.013803563509824928
2022-23,new,ATL,HOU,0.009610452592264507
2022-23,new,ATL,IND,0.01282750593274523
2022-23,new,ATL,LAC,0.002310614261178075
2022-23,new,ATL,LAL,0.012018049579406768
2022-23,new,ATL,MEM,0.002365301769339191
2022-23,new,ATL,MIA,0.01074928296816587
2022-23,new,ATL,MIL,0.0
2022-23,new,ATL,MIN,0.0
2022-23,new,ATL,NOP,0.0068469826581060945
2022-23,new,ATL,NYK,0.0651842750240042
2022-23,new,ATL,OKC,0.019029633720919238
2022-23,new,ATL,ORL,0.009055517181301861
2022-23,new,ATL,PHI,0.0
2022-23,new,ATL,PHX,0.0
2022-23,new,ATL,POR,0.004872402340328446
2022-23,new,ATL,SAC,0.01014842731529705
2022-23,new,ATL,SAS,2.0739646417323772e-06
2022-23,new,ATL,TOR,0.09940288640878424
2022-23,new,ATL,UTA,0.0776443841371224
2022-23,new,ATL,WAS,0.029402765823727573
2022-23,new,BKN,ATL,0.004031231257374686
2022-23,new,BKN,BOS,0.0
2022-23,new,BKN,CHA,0.00020522322928846342
2022-23,new,BKN,CHI,0.008625317703971543
2022-23,new,BKN,CLE,0.00020185339379184662
2022-23,new,BKN,DAL,0.03489171292052423
2022-23,new,BKN,DEN,0.0
2022-23,new,BKN,DET,1.55200762965388e-05
2022-23,new,BKN,GSW,0.026870825192474822
2022-23,new,BKN,HOU,0.017891164148077853
2022-23,new,BKN,IND,0.006141505010200544
2022-23,new,BKN,LAC,0.012778556154145665
2022-23,new,BKN,LAL,0.025625269651204218
2022-23,new,BKN,MEM,0.006210234841283669
2022-23,new,BKN,MIA,0.04299362783012713
2022-23,new,BKN,MIL,0.0
2022-23,new,BKN,MIN,0.0
2022-23,new,BKN,NOP,0.05117753228965488
2022-23,new,BKN,NYK,0.031612516435494294
2022-23,new,BKN,OKC,0.011763200435169235
2022-23,new,BKN,ORL,0.001571401895028892
2022-23,new,BKN,PHI,0.0
2022-23,new,BKN,PHX,0.0
2022-23,new,BKN,POR,0.014642327362768656
2022-23,new,BKN,SAC,0.010931825885206449
2022-23,new,BKN,SAS,3.0816120124654846e-06
2022-23,new,BKN,TOR,0.009490826739392251
2022-23,new,BKN,UTA,0.1544977977684769
2022-23,new,BKN,WAS,0.015537605625210232
2022-23,new,BOS,ATL,0.00040233795605679515
2022-23,new,BOS,BKN,0.005787585906058637
2022-23,new,BOS,CHA,0.026298664186476875
2022-23,new,BOS,CHI,0.0004169333834441456
2022-23,new,BOS,CLE,0.0
2022-23,new,BOS,DAL,0.006017724764851977
2022-23,new,BOS,DEN,0.0
2022-23,new,BOS,DET,0.0
2022-23,new,BOS,GSW,0.003589354254504071
2022-23,new,BOS,HOU,0.0006346982441328723
2022-23,new,BOS,IND,0.06109147648479597
2022-23,new,BOS,LAC,0.014002155194336001
2022-23,new,BOS,LAL,0.007385506499518546
2022-23,new,BOS,MEM,0.00866918098181486
2022-23,new,BOS,MIA,0.0024079785323782086
2022-23,new,BOS,MIL,0.0
2022-23,new,BOS,MIN,0.0
2022-23,new,BOS,NOP,0.005244342637878585
2022-23,new,BOS,NYK,0.002967759013165358
2022-23,new,BOS,OKC,0.005578933168535826
2022-23,new,BOS,ORL,1.4008620898399908e-05
2022-23,new,BOS,PHI,0.0
2022-23,new,BOS,PHX,0.0
2022-23,new,BOS,POR,0.005612910962273979
2022-23,new,BOS,SAC,0.003995689727317799
2022-23,new,BOS,SAS,0.0
2022-23,new,BOS,TOR,0.00010778109912405796
2022-23,new,BOS,UTA,0.02168857747785233
2022-23,new,BOS,WAS,6.7073708255363776e-06
2022-23,new,CHA,ATL,0.013032738484009248
2022-23,new,CHA,BKN,0.005646281853268538
2022-23,new,CHA,BOS,0.0
2022-23,new,CHA,CHI,0.03419041870304297
2022-23,new,CHA,CLE,0.0
2022-23,new,CHA,DAL,2.1984724926055582e-08
2022-23,new,CHA,DEN,0.0
2022-23,new,CHA,DET,1.9214169116884455e-06
2022-23,new,CHA,GSW,0.002520439062663425
2022-23,new,CHA,HOU,0.0020342133395927792
2022-23,new,CHA,IND,0.019345406743638723
2022-23,new,CHA,LAC,0.0037968750412832823
2022-23,new,CHA,LAL,0.010835668044927497
2022-23,new,CHA,MEM,0.005494611995969099
2022-23,new,CHA,MIA,0.003676405612430966
2022-23,new,CHA,MIL,0.0
2022-23,new,CHA,MIN,0.0
2022-23,new,CHA,NOP,0.012156788672396817
2022-23,new,CHA,NYK,0.04604025559589405
2022-23,new,CHA,OKC,0.009192079686888911
2022-23,new,CHA,ORL,0.001655095121127028
2022-23,new,CHA,PHI,0.0
2022-23,new,CHA,PHX,0.0
2022-23,new,CHA,POR,0.0031794026316553326
2022-23,new,CHA,SAC,0.004584051786986148
2022-23,new,CHA,SAS,0.0001848941029429389
2022-23,new,CHA,TOR,9.466844074883989e-05
2022-23,new,CHA,UTA,0.014277621700292214
2022-23,new,CHA,WAS,2.3022346990023043e-06
2022-23,new,CHI,ATL,0.0547914961619088
2022-23,new,CHI,BKN,0.025598683102139887
2022-23,new,CHI,BOS,0.0
2022-23,new,CHI,CHA,0.009667535489018421
2022-23,new,CHI,CLE,0.00042358716289597927
2022-23,new,CHI,DAL,0.023088514177987535
2022-23,new,CHI,DEN,0.0
2022-23,new,CHI,DET,2.9892219986626566e-05
2022-23,new,CHI,GSW,0.014463795068461455
2022-23,new,CHI,HOU,0.013392780367987522
2022-23,new,CHI,IND,0.015323799359260282
2022-23,new,CHI,LAC,0.01691837293069793
2022-23,new,CHI,LAL,0.0019345366852638987
2022-23,new,CHI,MEM,0.002441810356726036
2022-23,new,CHI,MIA,0.01100569612894468
2022-23,new,CHI,MIL,0.0
2022-23,new,CHI,MIN,0.0
2022-23,new,CHI,NOP,0.03400538758697903
2022-23,new,CHI,NYK,0.05949933668349734
2022-23,new,CHI,OKC,0.01482731678460901
2022-23,new,CHI,ORL,0.03565158944281237
2022-23,new,CHI,PHI,0.0
2022-23,new,CHI,PHX,0.0
2022-23,new,CHI,POR,0.0019959776723198065
2022-23,new,CHI,SAC,0.0006568079671293987
2022-23,new,CHI,SAS,4.955833964333886e-06
2022-23,new,CHI,TOR,0.05974185245250319
2022-23,new,CHI,UTA,0.039667708825096175
2022-23,new,CHI,WAS,0.024769443942267287
2022-23,new,CLE,ATL,0.015042196867579008
2022-23,new,CLE,BKN,0.020920978058338476
2022-23,new,CLE,BOS,0.0
2022-23,new,CLE,CHA,0.00648290788932223
2022-23,new,CLE,CHI,0.0067789981221586144
2022-23,new,CLE,DAL,5.296452213426935e-06
2022-23,new,CLE,DEN,0.0
2022-23,new,CLE,DET,9.712870956495238e-06
2022-23,new,CLE,GSW,0.0020775560810623673
2022-23,new,CLE,HOU,0.004516702715331561
2022-23,new,CLE,IND,0.1004204001274328
2022-23,new,CLE,LAC,0.003224676739954358
2022-23,new,CLE,LAL,0.001967133596932901
2022-23,new,CLE,MEM,0.035515085628561295
2022-23,new,CLE,MIA,0.007131154487575348
2022-23,new,CLE,MIL,0.0
2022-23,new,CLE,MIN,0.0
2022-23,new,CLE,NOP,0.000212553915314794
2022-23,new,CLE,NYK,0.00816295432310408
2022-23,new,CLE,OKC,0.00019234910617373752
2022-23,new,CLE,ORL,0.001619635836213791
2022-23,new,CLE,PHI,0.0
2022-23,new,CLE,PHX,0.0
2022-23,new,CLE,POR,0.014269405066826715
2022-23,new,CLE,SAC,0.023539563329046394
2022-23,new,CLE,SAS,0.00017356218336256628
2022-23,new,CLE,TOR,0.005288047684991735
2022-23,new,CLE,UTA,0.008169578658741537
2022-23,new,CLE,WAS,0.02008399234343321
2022-23,new,DAL,ATL,0.0019510588482467815
2022-23,new,DAL,BKN,0.014225702030687348
2022-23,new,DAL,BOS,0.0
2022-23,new,DAL,CHA,0.0018782327498373546
2022-23,new,DAL,CHI,0.002597882362540688
2022-23,new,DAL,CLE,0.0
2022-23,new,DAL,DEN,0.0
2022-23,new,DAL,DET,7.094285655480684e-08
2022-23,new,DAL,GSW,0.011426992994747942
2022-23,new,DAL,HOU,0.01154391157216039
2022-23,new,DAL,IND,0.0037092310268244575
2022-23,new,DAL,LAC,0.007395743641677185
2022-23,new,DAL,LAL,0.019882543117414102
2022-23,new,DAL,MEM,0.004426033430107933
2022-23,new,DAL,MIA,0.004349732529081486
2022-23,new,DAL,MIL,0.0
2022-23,new,DAL,MIN,0.0
2022-23,new,DAL,NOP,0.037977370460947235
2022-23,new,DAL,NYK,0.1232730220575104
2022-23,new,DAL,OKC,0.017151670206723542
2022-23,new,DAL,ORL,0.000314792345539931
2022-23,new,DAL,PHI,0.0
2022-23,new,DAL,PHX,0.0
2022-23,new,DAL,POR,0.0032464949753120576
2022-23,new,DAL,SAC,0.0033890708355904186
2022-23,new,DAL,SAS,1.3164603864158279e-05
2022-23,new,DAL,TOR,0.0009262510642334466
2022-23,new,DAL,UTA,0.048869957820541716
2022-23,new,DAL,WAS,1.3573580476643515e-05
2022-23,new,DEN,ATL,0.025833092049355605
2022-23,new,DEN,BKN,0.017858348898146584
2022-23,new,DEN,BOS,0.0
2022-23,new,DEN,CHA,0.13196132068075758
2022-23,new,DEN,CHI,0.014720123147789803
2022-23,new,DEN,CLE,0.0002823456725726581
2022-23,new,DEN,DAL,0.02850199145732085
2022-23,new,DEN,DET,9.987292646371777e-06
2022-23,new,DEN,GSW,0.015633193797071405
2022-23,new,DEN,HOU,0.04006249991486427
2022-23,new,DEN,IND,0.04193518664030166
2022-23,new,DEN,LAC,0.010217133695400194
2022-23,new,DEN,LAL,0.03195554959995206
2022-23,new,DEN,MEM,0.012926287817264955
2022-23,new,DEN,MIA,0.019465576597611202
2022-23,new,DEN,MIL,0.0
2022-23,new,DEN,MIN,0.0
2022-23,new,DEN,NOP,0.0023855065253306318
2022-23,new,DEN,NYK,0.03502955737581851
2022-23,new,DEN,OKC,0.02215409477153022
2022-23,new,DEN,ORL,0.0038686603509433463
2022-23,new,DEN,PHI,0.0
2022-23,new,DEN,PHX,0.0
2022-23,new,DEN,POR,0.02417598416287845
2022-23,new,DEN,SAC,0.00823512300547182
2022-23,new,DEN,SAS,1.7616931992749632e-06
2022-23,new,DEN,TOR,0.0028115779682071538
2022-23,new,DEN,UTA,0.044615400821071516
2022-23,new,DEN,WAS,0.026162293644527518
2022-23,new,DET,ATL,0.009612264851381563
2022-23,new,DET,BKN,0.005345956415661729
2022-23,new,DET,BOS,0.0
2022-23,new,DET,CHA,0.0029721960108759294
2022-23,new,DET,CHI,0.029165602572421796
2022-23,new,DET,CLE,4.755726492225349e-07
2022-23,new,DET,DAL,0.00310543018201366
2022-23,new,DET,DEN,0.0
2022-23,new,DET,GSW,0.005806869499591879
2022-23,new,DET,HOU,0.0058763469547507
2022-23,new,DET,IND,0.003608823849386026
2022-23,new,DET,LAC,0.0010975215714304418
2022-23,new,DET,LAL,0.007520743318540364
2022-23,new,DET,MEM,1.3583052831218721e-05
2022-23,new,DET,MIA,0.0006724830372833522
2022-23,new,DET,MIL,0.0
2022-23,new,DET,MIN,0.0
2022-23,new,DET,NOP,0.003949622764605388
2022-23,new,DET,NYK,0.02458123179200892
2022-23,new,DET,OKC,0.0014644396870300684
2022-23,new,DET,ORL,0.004234025390185696
2022-23,new,DET,PHI,0.0
2022-23,new,DET,PHX,0.0
2022-23,new,DET,POR,0.00454418648933974
2022-23,new,DET,SAC,0.00011298044432368802
2022-23,new,DET,SAS,0.0006086675325018365
2022-23,new,DET,TOR,0.0075750213531755786
2022-23,new,DET,UTA,0.004693443529958511
2022-23,new,DET,WAS,0.0076370823494287116
2022-23,new,GSW,ATL,0.002684267159101778
2022-23,new,GSW,BKN,0.014258982795656388
2022-23,new,GSW,BOS,0.0
2022-23,new,GSW,CHA,0.0016842672698488782
2022-23,new,GSW,CHI,0.0007480011599997443
2022-23,new,GSW,CLE,0.0
2022-23,new,GSW,DAL,0.05508100515391115
2022-23,new,GSW,DEN,0.0
2022-23,new,GSW,DET,0.0
2022-23,new,GSW,HOU,0.057923760720697264
2022-23,new,GSW,IND,0.006359913824286698
2022-23,new,GSW,LAC,0.007821928993297003
2022-23,new,GSW,LAL,0.028456357329991515
2022-23,new,GSW,MEM,8.117636658175013e-05
2022-23,new,GSW,MIA,0.0099965888491364
2022-23,new,GSW,MIL,0.0
2022-23,new,GSW,MIN,0.0
2022-23,new,GSW,NOP,0.03960425633047948
2022-23,new,GSW,NYK,0.0789855566418593
2022-23,new,GSW,OKC,0.03726373918505048
2022-23,new,GSW,ORL,0.0006336206507644266
2022-23,new,GSW,PHI,0.0
2022-23,new,GSW,PHX,0.0
2022-23,new,GSW,POR,0.004616698329714578
2022-23,new,GSW,SAC,0.006019470301276309
2022-23,new,GSW,SAS,0.0
2022-23,new,GSW,TOR,0.0013924196354516965
2022-23,new,GSW,UTA,0.19743254204832214
2022-23,new,GSW,WAS,0.0
2022-23,new,HOU,ATL,5.727486877278006e-05
2022-23,new,HOU,BKN,0.0011086695927131054
2022-23,new,HOU,BOS,0.0
2022-23,new,HOU,CHA,0.01576920756721812
2022-23,new,HOU,CHI,0.018570412281208072
2022-23,new,HOU,CLE,0.0
2022-23,new,HOU,DAL,0.001564398123175326
2022-23,new,HOU,DEN,0.0
2022-23,new,HOU,DET,1.3910748245491712e-05
2022-23,new,HOU,GSW,0.0027873741865962116
2022-23,new,HOU,IND,0.02697795796727135
2022-23,new,HOU,LAC,0.0005689655319418244
2022-23,new,HOU,LAL,0.0030204741459275634
2022-23,new,HOU,MEM,0.008097495119677505
2022-23,new,HOU,MIA,0.00012989074770061393
2022-23,new,HOU,MIL,0.0
2022-23,new,HOU,MIN,0.0
2022-23,new,HOU,NOP,0.0027952586319337698
2022-23,new,HOU,NYK,0.0005844417325298016
2022-23,new,HOU,OKC,0.0015215516963909407
2022-23,new,HOU,ORL,0.00011790097115107203
2022-23,new,HOU,PHI,0.0
2022-23,new,HOU,PHX,0.0
2022-23,new,HOU,POR,0.0024348563744360343
2022-23,new,HOU,SAC,0.010675145297454593
2022-23,new,HOU,SAS,3.1708340951934533e-06
2022-23,new,HOU,TOR,4.729629255235495e-05
2022-23,new,HOU,UTA,0.019078571538332017
2022-23,new,HOU,WAS,1.217224038593509e-05
2022-23,new,IND,ATL,0.018281029101472262
2022-23,new,IND,BKN,0.00123620932900205
2022-23,new,IND,BOS,0.0
2022-23,new,IND,CHA,0.006584731436025367
2022-23,new,IND,CHI,0.026353698130997617
2022-23,new,IND,CLE,1.3565560368161203e-05
2022-23,new,IND,DAL,1.4247891119429616e-05
2022-23,new,IND,DEN,0.0
2022-23,new,IND,DET,9.180450505387386e-06
2022-23,new,IND,GSW,0.0004605172391304659
2022-23,new,IND,HOU,0.0009189116371723278
2022-23,new,IND,LAC,0.0027373383684557513
2022-23,new,IND,LAL,0.0002968750044639255
2022-23,new,IND,MEM,0.003540948320758239
2022-23,new,IND,MIA,0.003855677733407777
2022-23,new,IND,MIL,0.0
2022-23,new,IND,MIN,0.0
2022-23,new,IND,NOP,7.866379299104729e-05
2022-23,new,IND,NYK,0.00865162202105672
2022-23,new,IND,OKC,0.0003033405083938149
2022-23,new,IND,ORL,0.008060862818569903
2022-23,new,IND,PHI,0.0
2022-23,new,IND,PHX,0.0
2022-23,new,IND,POR,0.00240565850575343
2022-23,new,IND,SAC,0.0014203638522855633
2022-23,new,IND,SAS,1.6223162854516733e-06
2022-23,new,IND,TOR,0.007462131306696546
2022-23,new,IND,UTA,0.027941449084707574
2022-23,new,IND,WAS,0.019371154352078604
2022-23,new,LAC,ATL,0.0029430761609917804
2022-23,new,LAC,BKN,0.07058781139092278
2022-23,new,LAC,BOS,0.0
2022-23,new,LAC,CHA,0.01115451943569064
2022-23,new,LAC,CHI,0.0018172010666965294
2022-23,new,LAC,CLE,0.0
2022-23,new,LAC,DAL,0.014101030645124881
2022-23,new,LAC,DEN,0.0
2022-23,new,LAC,DET,5.027138173035982e-06
2022-23,new,LAC,GSW,0.03381582577788028
2022-23,new,LAC,HOU,0.20196201530572205
2022-23,new,LAC,IND,0.00278921110178646
2022-23,new,LAC,LAL,0.032456896929792936
2022-23,new,LAC,MEM,0.0008819241838110244
2022-23,new,LAC,MIA,0.012007031215172617
2022-23,new,LAC,MIL,0.0
2022-23,new,LAC,MIN,0.0
2022-23,new,LAC,NOP,0.06990678864976808
2022-23,new,LAC,NYK,0.0043686123121504696
2022-23,new,LAC,OKC,0.08346497821021455
2022-23,new,LAC,ORL,5.43491079102312e-05
2022-23,new,LAC,PHI,0.0
2022-23,new,LAC,PHX,0.0
2022-23,new,LAC,POR,0.006478113284021248
2022-23,new,LAC,SAC,0.006287895863411622
2022-23,new,LAC,SAS,1.0634116848325056e-06
2022-23,new,LAC,TOR,0.000815733639576576
2022-23,new,LAC,UTA,0.03482921411821674
2022-23,new,LAC,WAS,1.460311737976679e-06
2022-23,new,LAL,ATL,0.03274608695113094
2022-23,new,LAL,BKN,0.05856969111910366
2022-23,new,LAL,BOS,0.0
2022-23,new,LAL,CHA,1.4734103906007557e-05
2022-23,new,LAL,CHI,0.009445938686023574
2022-23,new,LAL,CLE,0.0
2022-23,new,LAL,DAL,0.04936092233448225
2022-23,new,LAL,DEN,0.0
2022-23,new,LAL,DET,7.457829917006298e-06
2022-23,new,LAL,GSW,0.057799070345392584
2022-23,new,LAL,HOU,0.02525862056894453
2022-23,new,LAL,IND,0.005488045132547496
2022-23,new,LAL,LAC,0.011218750143226977
2022-23,new,LAL,MEM,0.0006783141729478115
2022-23,new,LAL,MIA,0.013225210753287914
2022-23,new,LAL,MIL,0.0
2022-23,new,LAL,MIN,0.0
2022-23,new,LAL,NOP,0.13494854467674078
2022-23,new,LAL,NYK,0.02171000660065025
2022-23,new,LAL,OKC,0.027950969902609854
2022-23,new,LAL,ORL,0.004485261044698575
2022-23,new,LAL,PHI,0.0
2022-23,new,LAL,PHX,0.0
2022-23,new,LAL,POR,0.0075090469339025
2022-23,new,LAL,SAC,0.003916539065352998
2022-23,new,LAL,SAS,1.5777889126999573e-06
2022-23,new,LAL,TOR,0.008022099700721246
2022-23,new,LAL,UTA,0.047360992828385726
2022-23,new,LAL,WAS,0.014746128492526331
2022-23,new,MEM,ATL,0.001191374494275261
2022-23,new,MEM,BKN,0.00574668151090448
2022-23,new,MEM,BOS,0.0
2022-23,new,MEM,CHA,0.005522819315056609
2022-23,new,MEM,CHI,0.01638413324480004
2022-23,new,MEM,CLE,0.0
2022-23,new,MEM,DAL,0.01612002767120802
2022-23,new,MEM,DEN,0.0
2022-23,new,MEM,DET,5.171949891017235e-06
2022-23,new,MEM,GSW,0.0008127469517213296
2022-23,new,MEM,HOU,0.005730064740175668
2022-23,new,MEM,IND,0.030613690365950144
2022-23,new,MEM,LAC,0.0007567349275582117
2022-23,new,MEM,LAL,0.010278017199939472
2022-23,new,MEM,MIA,0.0020393428065302354
2022-23,new,MEM,MIL,0.0
2022-23,new,MEM,MIN,0.0
2022-23,new,MEM,NOP,0.005358297386816863
2022-23,new,MEM,NYK,0.0041821847528756536
2022-23,new,MEM,OKC,0.009062769439127615
2022-23,new,MEM,ORL,0.0011055558981405123
2022-23,new,MEM,PHI,0.0
2022-23,new,MEM,PHX,0.0
2022-23,new,MEM,POR,0.005593265646623609
2022-23,new,MEM,SAC,0.020062499906755335
2022-23,new,MEM,SAS,2.2797806492893987e-06
2022-23,new,MEM,TOR,0.019715465343438016
2022-23,new,MEM,UTA,0.018354512047403328
2022-23,new,MEM,WAS,0.0026077937501049493
2022-23,new,MIA,ATL,0.013711518711410959
2022-23,new,MIA,BKN,0.060653096502681025
2022-23,new,MIA,BOS,0.0
2022-23,new,MIA,CHA,0.0004549188629830693
2022-23,new,MIA,CHI,0.006681918241801477
2022-23,new,MIA,CLE,0.0018752352942578126
2022-23,new,MIA,DAL,3.1956027171674135e-06
2022-23,new,MIA,DEN,0.0
2022-23,new,MIA,DET,4.239652173725582e-06
2022-23,new,MIA,GSW,0.011281079819277309
2022-23,new,MIA,HOU,0.023552532645809497
2022-23,new,MIA,IND,0.023189338759277787
2022-23,new,MIA,LAC,4.067887991650737e-05
2022-23,new,MIA,LAL,0.008265624794615272
2022-23,new,MIA,MEM,0.006641163738877994
2022-23,new,MIA,MIL,0.0
2022-23,new,MIA,MIN,0.0
2022-23,new,MIA,NOP,0.0015404094459191941
2022-23,new,MIA,NYK,0.01600170256378227
2022-23,new,MIA,OKC,0.0010800107931397086
2022-23,new,MIA,ORL,0.011242334688134134
2022-23,new,MIA,PHI,0.0
2022-23,new,MIA,PHX,0.0
2022-23,new,MIA,POR,0.017628375440735762
2022-23,new,MIA,SAC,0.009206830355644229
2022-23,new,MIA,SAS,7.848147850083857e-07
2022-23,new,MIA,TOR,0.019043769717441053
2022-23,new,MIA,UTA,0.004432401647370017
2022-23,new,MIA,WAS,0.024346785788007128
2022-23,new,MIL,ATL,0.006347561330805689
2022-23,new,MIL,BKN,0.07288907267286232
2022-23,new,MIL,BOS,0.0
2022-23,new,MIL,CHA,0.01727693121628223
2022-23,new,MIL,CHI,0.0007427854209092776
2022-23,new,MIL,CLE,2.676712503920232e-05
2022-23,new,MIL,DAL,0.004875900663004465
2022-23,new,MIL,DEN,0.0
2022-23,new,MIL,DET,1.3367495396010024e-05
2022-23,new,MIL,GSW,0.008244267415586622
2022-23,new,MIL,HOU,0.009702586445812905
2022-23,new,MIL,IND,0.02891025641668435
2022-23,new,MIL,LAC,0.03917456902838553
2022-23,new,MIL,LAL,0.005923760893838962
2022-23,new,MIL,MEM,0.0021914861677070244
2022-23,new,MIL,MIA,0.006337157127129127
2022-23,new,MIL,MIN,0.0
2022-23,new,MIL,NOP,0.002341594838533261
2022-23,new,MIL,NYK,0.007429119559645825
2022-23,new,MIL,OKC,0.003893857828546154
2022-23,new,MIL,ORL,0.00757317796175147
2022-23,new,MIL,PHI,0.0
2022-23,new,MIL,PHX,0.0
2022-23,new,MIL,POR,0.008351587672738333
2022-23,new,MIL,SAC,0.006162098328450044
2022-23,new,MIL,SAS,1.6344412204546676e-06
2022-23,new,MIL,TOR,0.0045321812354820095
2022-23,new,MIL,UTA,0.016097622140302373
2022-23,new,MIL,WAS,0.009417407449621199
2022-23,new,MIN,ATL,0.0261451470898796
2022-23,new,MIN,BKN,0.015077257773937498
2022-23,new,MIN,BOS,0.0
2022-23,new,MIN,CHA,2.4424641729184317e-05
2022-23,new,MIN,CHI,0.02721871483051523
2022-23,new,MIN,CLE,0.00016804237385917203
2022-23,new,MIN,DAL,0.08377203800959526
2022-23,new,MIN,DEN,0.0
2022-23,new,MIN,DET,1.6825218673987815e-05
2022-23,new,MIN,GSW,0.047780945268232726
2022-23,new,MIN,HOU,0.024151939819185547
2022-23,new,MIN,IND,0.005665790193450853
2022-23,new,MIN,LAC,0.022408674861633636
2022-23,new,MIN,LAL,0.06758081880679098
2022-23,new,MIN,MEM,0.0022894266913944788
2022-23,new,MIN,MIA,0.02398711112969867
2022-23,new,MIN,MIL,0.0
2022-23,new,MIN,NOP,0.13387311396427887
2022-23,new,MIN,NYK,0.05532274658150687
2022-23,new,MIN,OKC,0.0650137392250251
2022-23,new,MIN,ORL,0.003616816378747673
2022-23,new,MIN,PHI,0.0
2022-23,new,MIN,PHX,0.0
2022-23,new,MIN,POR,0.01502769275132858
2022-23,new,MIN,SAC,0.009524601929140397
2022-23,new,MIN,SAS,1.998910927233251e-06
2022-23,new,MIN,TOR,0.0283373456300167
2022-23,new,MIN,UTA,0.6071937539391792
2022-23,new,MIN,WAS,0.01004235968476623
2022-23,new,NOP,ATL,0.0015107757880769932
2022-23,new,NOP,BKN,0.010235597596823996
2022-23,new,NOP,BOS,0.0
2022-23,new,NOP,CHA,0.014446120757834404
2022-23,new,NOP,CHI,0.002171937077287895
2022-23,new,NOP,CLE,0.0
2022-23,new,NOP,DAL,0.03762563990051242
2022-23,new,NOP,DEN,0.0
2022-23,new,NOP,DET,0.0
2022-23,new,NOP,GSW,0.03727796683882072
2022-23,new,NOP,HOU,0.01773706905146387
2022-23,new,NOP,IND,0.015769396787107887
2022-23,new,NOP,LAC,0.013379310528037203
2022-23,new,NOP,LAL,0.07203071097921628
2022-23,new,NOP,MEM,0.006380387932656269
2022-23,new,NOP,MIA,0.004657327566167404
2022-23,new,NOP,MIL,0.0
2022-23,new,NOP,MIN,0.0
2022-23,new,NOP,NYK,0.01890314905326571
2022-23,new,NOP,OKC,0.02530603449099199
2022-23,new,NOP,ORL,0.0004892241480310675
2022-23,new,NOP,PHI,0.0
2022-23,new,NOP,PHX,0.0
2022-23,new,NOP,POR,0.008650614094891464
2022-23,new,NOP,SAC,5.852378785330706e-05
2022-23,new,NOP,SAS,0.0
2022-23,new,NOP,TOR,0.001039870659226617
2022-23,new,NOP,UTA,0.04546874120969576
2022-23,new,NOP,WAS,0.0
2022-23,new,NYK,ATL,0.002376843490551584
2022-23,new,NYK,BKN,0.03600559292402632
2022-23,new,NYK,BOS,0.0
2022-23,new,NYK,CHA,0.015615301642502688
2022-23,new,NYK,CHI,0.007971898572705898
2022-23,new,NYK,CLE,5.3776913876484695e-05
2022-23,new,NYK,DAL,0.0023193739467496765
2022-23,new,NYK,DEN,0.0
2022-23,new,NYK,DET,0.0
2022-23,new,NYK,GSW,0.0024393109398066553
2022-23,new,NYK,HOU,0.009216864436848795
2022-23,new,NYK,IND,0.007192835130303261
2022-23,new,NYK,LAC,0.0010810883780780793
2022-23,new,NYK,LAL,0.001288254306960754
2022-23,new,NYK,MEM,0.0057122845075831844
2022-23,new,NYK,MIA,0.013178829782439701
2022-23,new,NYK,MIL,0.0
2022-23,new,NYK,MIN,0.0
2022-23,new,NYK,NOP,0.0008523706972783688
2022-23,new,NYK,OKC,0.001264008627782961
2022-23,new,NYK,ORL,0.000322479961023105
2022-23,new,NYK,PHI,0.0
2022-23,new,NYK,PHX,0.0
2022-23,new,NYK,POR,0.03319660762371093
2022-23,new,NYK,SAC,0.01180603453311427
2022-23,new,NYK,SAS,0.0
2022-23,new,NYK,TOR,0.003589199373434206
2022-23,new,NYK,UTA,0.007533650461666403
2022-23,new,NYK,WAS,0.00017808442737846076
2022-23,new,OKC,ATL,0.0017362142241924225
2022-23,new,OKC,BKN,0.011291747364708456
2022-23,new,OKC,BOS,0.0
2022-23,new,OKC,CHA,0.00016379310653127474
2022-23,new,OKC,CHI,0.004032428638456623
2022-23,new,OKC,CLE,4.033268540736352e-05
2022-23,new,OKC,DAL,0.06731361576870769
2022-23,new,OKC,DEN,0.0
2022-23,new,OKC,DET,0.0
2022-23,new,OKC,GSW,0.009322642790059413
2022-23,new,OKC,HOU,0.02935263996335662
2022-23,new,OKC,IND,0.005531247811550516
2022-23,new,OKC,LAC,0.014341325605617322
2022-23,new,OKC,LAL,0.03515813544611366
2022-23,new,OKC,MEM,0.004175148222688975
2022-23,new,OKC,MIA,0.011886004375405247
2022-23,new,OKC,MIL,0.0
2022-23,new,OKC,MIN,0.0
2022-23,new,OKC,NOP,0.050082165718094665
2022-23,new,OKC,NYK,0.03849732809015333
2022-23,new,OKC,ORL,0.0006040541605667892
2022-23,new,OKC,PHI,0.0
2022-23,new,OKC,PHX,0.0
2022-23,new,OKC,POR,0.00415359844132832
2022-23,new,OKC,SAC,0.004440554491769128
2022-23,new,OKC,SAS,0.0
2022-23,new,OKC,TOR,0.0011881884012479443
2022-23,new,OKC,UTA,0.04230853362873828
2022-23,new,OKC,WAS,0.0
2022-23,new,ORL,ATL,0.0026236527616524718
2022-23,new,ORL,BKN,0.008729752776181442
2022-23,new,ORL,BOS,0.0
2022-23,new,ORL,CHA,0.00030310754848485513
2022-23,new,ORL,CHI,0.0017042723120050205
2022-23,new,ORL,CLE,6.06659495200143e-08
2022-23,new,ORL,DAL,0.006707065796998934
2022-23,new,ORL,DEN,0.0
2022-23,new,ORL,DET,4.492011948464626e-05
2022-23,new,ORL,GSW,0.010193483492923672
2022-23,new,ORL,HOU,0.02810533409625099
2022-23,new,ORL,IND,0.016902075280846206
2022-23,new,ORL,LAC,0.00012823275778169648
2022-23,new,ORL,LAL,0.003528286689342448
2022-23,new,ORL,MEM,0.010343749564349781
2022-23,new,ORL,MIA,0.024829083794502733
2022-23,new,ORL,MIL,0.0
2022-23,new,ORL,MIN,0.0
2022-23,new,ORL,NOP,0.0013445581830355568
2022-23,new,ORL,NYK,0.00631465505108642
2022-23,new,ORL,OKC,0.00898087280579634
2022-23,new,ORL,PHI,0.0
2022-23,new,ORL,PHX,0.0
2022-23,new,ORL,POR,0.005862886845875262
2022-23,new,ORL,SAC,0.004834051652538493
2022-23,new,ORL,SAS,4.211616399296528e-06
2022-23,new,ORL,TOR,0.0005519688003634809
2022-23,new,ORL,UTA,0.009028600140123796
2022-23,new,ORL,WAS,0.00018738765580600508
2022-23,new,PHI,ATL,0.022575883263680166
2022-23,new,PHI,BKN,0.006646391057449585
2022-23,new,PHI,BOS,0.0
2022-23,new,PHI,CHA,0.0204547702993379
2022-23,new,PHI,CHI,0.03475299276914602
2022-23,new,PHI,CLE,1.338356251960116e-05
2022-23,new,PHI,DAL,0.004817949811287537
2022-23,new,PHI,DEN,0.0
2022-23,new,PHI,DET,1.1379962766363671e-05
2022-23,new,PHI,GSW,0.01129828935858035
2022-23,new,PHI,HOU,0.005641163843121895
2022-23,new,PHI,IND,0.023597706719648587
2022-23,new,PHI,LAC,0.009592672480141808
2022-23,new,PHI,LAL,0.01168642238051438
2022-23,new,PHI,MEM,0.013974703101718253
2022-23,new,PHI,MIA,0.0037360354993714595
2022-23,new,PHI,MIL,0.0
2022-23,new,PHI,MIN,0.0
2022-23,new,PHI,NOP,0.011972521524555208
2022-23,new,PHI,NYK,0.027127231563646156
2022-23,new,PHI,OKC,0.005424568932443247
2022-23,new,PHI,ORL,0.007797661482060498
2022-23,new,PHI,PHX,0.0
2022-23,new,PHI,POR,0.004896623944625614
2022-23,new,PHI,SAC,0.0026235059169755666
2022-23,new,PHI,SAS,2.2637538644050505e-06
2022-23,new,PHI,TOR,0.013548955178144181
2022-23,new,PHI,UTA,0.10323467485706758
2022-23,new,PHI,WAS,0.015757886537181402
2022-23,new,PHX,ATL,0.0016936505180045309
2022-23,new,PHX,BKN,0.1788052951703616
2022-23,new,PHX,BOS,0.0
2022-23,new,PHX,CHA,0.004910560382112603
2022-23,new,PHX,CHI,0.0013151739169282744
2022-23,new,PHX,CLE,0.0
2022-23,new,PHX,DAL,0.016071579450810378
2022-23,new,PHX,DEN,0.0
2022-23,new,PHX,DET,0.0
2022-23,new,PHX,GSW,0.02177638996014739
2022-23,new,PHX,HOU,0.05205711215495631
2022-23,new,PHX,IND,0.004354525827080139
2022-23,new,PHX,LAC,0.015282866414937446
2022-23,new,PHX,LAL,0.009765355873527809
2022-23,new,PHX,MEM,0.0019779416181767598
2022-23,new,PHX,MIA,0.012339439676303802
2022-23,new,PHX,MIL,0.0
2022-23,new,PHX,MIN,0.0
2022-23,new,PHX,NOP,0.023509428901457352
2022-23,new,PHX,NYK,0.009803538017803759
2022-23,new,PHX,OKC,0.02791567896352278
2022-23,new,PHX,ORL,0.00014055601136658816
2022-23,new,PHX,PHI,0.0
2022-23,new,PHX,POR,0.01057765956140196
2022-23,new,PHX,SAC,0.008065639629423992
2022-23,new,PHX,SAS,0.0
2022-23,new,PHX,TOR,0.0005872844859700776
2022-23,new,PHX,UTA,0.02053706149496381
2022-23,new,PHX,WAS,0.0
2022-23,new,POR,ATL,0.0015557132185072449
2022-23,new,POR,BKN,0.015806226187119292
2022-23,new,POR,BOS,0.0
2022-23,new,POR,CHA,0.003763227066971827
2022-23,new,POR,CHI,0.05944959115956848
2022-23,new,POR,CLE,2.6926294746443028e-05
2022-23,new,POR,DAL,0.04594321201237898
2022-23,new,POR,DEN,0.0
2022-23,new,POR,DET,8.346125654309695e-06
2022-23,new,POR,GSW,0.03725085927436504
2022-23,new,POR,HOU,0.07483970957812212
2022-23,new,POR,IND,0.019639186508174852
2022-23,new,POR,LAC,0.009036368665261321
2022-23,new,POR,LAL,0.050095635950204054
2022-23,new,POR,MEM,0.004082587326958109
2022-23,new,POR,MIA,0.0136344647248677
2022-23,new,POR,MIL,0.0
2022-23,new,POR,MIN,0.0
2022-23,new,POR,NOP,0.09102370657141176
2022-23,new,POR,NYK,0.02011562979642056
2022-23,new,POR,OKC,0.04864978443401673
2022-23,new,POR,ORL,0.0005900777885828503
2022-23,new,POR,PHI,0.0
2022-23,new,POR,PHX,0.0
2022-23,new,POR,SAC,0.010131842210366383
2022-23,new,POR,SAS,1.7915994217297505e-06
2022-23,new,POR,TOR,0.00044775248265056767
2022-23,new,POR,UTA,0.062249365181714415
2022-23,new,POR,WAS,0.00010168360705764284
2022-23,new,SAC,ATL,0.005590516076612843
2022-23,new,SAC,BKN,0.01595029722372163
2022-23,new,SAC,BOS,0.0
2022-23,new,SAC,CHA,0.0016930084094436708
2022-23,new,SAC,CHI,0.013615090033218813
2022-23,new,SAC,CLE,0.0
2022-23,new,SAC,DAL,0.015778153326458703
2022-23,new,SAC,DEN,0.0
2022-23,new,SAC,DET,1.1500393719839416e-06
2022-23,new,SAC,GSW,0.025569910441633793
2022-23,new,SAC,HOU,0.020111530306809268
2022-23,new,SAC,IND,0.012619440759596003
2022-23,new,SAC,LAC,0.01311233851898076
2022-23,new,SAC,LAL,0.04700484897395403
2022-23,new,SAC,MEM,0.013191877151936971
2022-23,new,SAC,MIA,0.005548850071742327
2022-23,new,SAC,MIL,0.0
2022-23,new,SAC,MIN,0.0
2022-23,new,SAC,NOP,0.0025021551761992976
2022-23,new,SAC,NYK,0.02510360853975629
2022-23,new,SAC,OKC,0.012085129308919744
2022-23,new,SAC,ORL,0.004303398241561433
2022-23,new,SAC,PHI,0.0
2022-23,new,SAC,PHX,0.0
2022-23,new,SAC,POR,0.01359029408735986
2022-23,new,SAC,SAS,1.7211557422142666e-07
2022-23,new,SAC,TOR,0.0033770600973059184
2022-23,new,SAC,UTA,0.03787095880108845
2022-23,new,SAC,WAS,0.0
2022-23,new,SAS,ATL,0.0010625749243403908
2022-23,new,SAS,BKN,0.010158027596468817
2022-23,new,SAS,BOS,0.0
2022-23,new,SAS,CHA,0.02071369580910459
2022-23,new,SAS,CHI,0.0037043257219212685
2022-23,new,SAS,CLE,2.426637980800572e-07
2022-23,new,SAS,DAL,4.323233387998666e-05
2022-23,new,SAS,DEN,0.0
2022-23,new,SAS,DET,2.605741061868054e-05
2022-23,new,SAS,GSW,0.001860529015755291
2022-23,new,SAS,HOU,0.00622602378700635
2022-23,new,SAS,IND,0.023232692907794193
2022-23,new,SAS,LAC,0.015721713490643666
2022-23,new,SAS,LAL,0.026841863942882533
2022-23,new,SAS,MEM,0.0008556034572518848
2022-23,new,SAS,MIA,0.0027050809463404725
2022-23,new,SAS,MIL,0.0
2022-23,new,SAS,MIN,0.0
2022-23,new,SAS,NOP,0.07109536623495938
2022-23,new,SAS,NYK,0.0020676889420347204
2022-23,new,SAS,OKC,0.004864224134141516
2022-23,new,SAS,ORL,0.0009847403046932689
2022-23,new,SAS,PHI,0.0
2022-23,new,SAS,PHX,0.0
2022-23,new,SAS,POR,0.0010876150846800478
2022-23,new,SAS,SAC,0.0003105163284671898
2022-23,new,SAS,TOR,0.0023963282726763404
2022-23,new,SAS,UTA,0.11693622894938996
2022-23,new,SAS,WAS,0.004248685768841155
2022-23,new,TOR,ATL,0.09007825152473126
2022-23,new,TOR,BKN,0.011820945474965218
2022-23,new,TOR,BOS,0.0
2022-23,new,TOR,CHA,0.029604670942660193
2022-23,new,TOR,CHI,0.09170347116302438
2022-23,new,TOR,CLE,0.00035022864737366743
2022-23,new,TOR,DAL,0.036850272385087576
2022-23,new,TOR,DEN,0.0
2022-23,new,TOR,DET,2.415994595965828e-05
2022-23,new,TOR,GSW,0.02259800415045226
2022-23,new,TOR,HOU,0.008661099170246322
2022-23,new,TOR,IND,0.035640964538251926
2022-23,new,TOR,LAC,0.009283944020742261
2022-23,new,TOR,LAL,0.01173195047444535
2022-23,new,TOR,MEM,0.006077160707841202
2022-23,new,TOR,MIA,0.031084033477935803
2022-23,new,TOR,MIL,0.0
2022-23,new,TOR,MIN,0.0
2022-23,new,TOR,NOP,0.03065490291285296
2022-23,new,TOR,NYK,0.08210920708774937
2022-23,new,TOR,OKC,0.019867456753894782
2022-23,new,TOR,ORL,0.01190487945174442
2022-23,new,TOR,PHI,0.0
2022-23,new,TOR,PHX,0.0
2022-23,new,TOR,POR,0.015886146440917466
2022-23,new,TOR,SAC,0.003531917320631643
2022-23,new,TOR,SAS,0.0006092313573270266
2022-23,new,TOR,UTA,0.08381814956059859
2022-23,new,TOR,WAS,0.0693014920201061
2022-23,new,UTA,ATL,0.001351293050844608
2022-23,new,UTA,BKN,0.0049270412337902815
2022-23,new,UTA,BOS,0.0
2022-23,new,UTA,CHA,0.027009698173818018
2022-23,new,UTA,CHI,0.0013972261571312816
2022-23,new,UTA,CLE,0.0
2022-23,new,UTA,DAL,0.019693190563267404
2022-23,new,UTA,DEN,0.0
2022-23,new,UTA,DET,0.0
2022-23,new,UTA,GSW,0.03271252210576395
2022-23,new,UTA,HOU,0.0106169179922315
2022-23,new,UTA,IND,0.018795258485519422
2022-23,new,UTA,LAC,0.0064172952955363904
2022-23,new,UTA,LAL,0.016103717669451224
2022-23,new,UTA,MEM,0.004482758656417116
2022-23,new,UTA,MIA,0.003636853474930956
2022-23,new,UTA,MIL,0.0
2022-23,new,UTA,MIN,0.0
2022-23,new,UTA,NOP,0.05197144381153992
2022-23,new,UTA,NYK,0.00869353662595419
2022-23,new,UTA,OKC,0.017970366315727505
2022-23,new,UTA,ORL,0.0006174568929870069
2022-23,new,UTA,PHI,0.0
2022-23,new,UTA,PHX,0.0
2022-23,new,UTA,POR,0.000896297695723155
2022-23,new,UTA,SAC,0.00027909483262819466
2022-23,new,UTA,SAS,0.0
2022-23,new,UTA,TOR,0.0010172413396327916
2022-23,new,UTA,WAS,0.0
2022-23,new,WAS,ATL,0.03391272272958577
2022-23,new,WAS,BKN,0.013214949517583648
2022-23,new,WAS,BOS,0.0
2022-23,new,WAS,CHA,0.018697777721835535
2022-23,new,WAS,CHI,0.04918046910882355
2022-23,new,WAS,CLE,0.0004575933475268812
2022-23,new,WAS,DAL,0.009029616631686992
2022-23,new,WAS,DEN,0.0
2022-23,new,WAS,DET,3.503385660290166e-05
2022-23,new,WAS,GSW,0.009169011684140168
2022-23,new,WAS,HOU,0.006702047516371059
2022-23,new,WAS,IND,0.019889957832026198
2022-23,new,WAS,LAC,0.005956896577744971
2022-23,new,WAS,LAL,0.007941810377965808
2022-23,new,WAS,MEM,0.009061593168857584
2022-23,new,WAS,MIA,0.011706911966918504
2022-23,new,WAS,MIL,0.0
2022-23,new,WAS,MIN,0.0
2022-23,new,WAS,NOP,0.003851831939456792
2022-23,new,WAS,NYK,0.19842602302094695
2022-23,new,WAS,OKC,0.007435614261033561
2022-23,new,WAS,ORL,0.026673033328168946
2022-23,new,WAS,PHI,0.0
2022-23,new,WAS,PHX,0.0
2022-23,new,WAS,POR,0.013606514637428917
2022-23,new,WAS,SAC,0.007274785442723565
2022-23,new,WAS,SAS,7.883157705629958e-06
2022-23,new,WAS,TOR,0.021172549754858206
2022-23,new,WAS,UTA,0.06701306573777854
2022-23,old,ATL,BKN,0.010952335728103967
2022-23,old,ATL,BOS,0.0
2022-23,old,ATL,CHA,0.0012503450492183316
2022-23,old,ATL,CHI,0.01619661674334252
2022-23,old,ATL,CLE,0.0010518956316381205
2022-23,old,ATL,DAL,0.03650842173893099
2022-23,old,ATL,DEN,0.0
2022-23,old,ATL,DET,2.7141673359152987e-06
2022-23,old,ATL,GSW,0.010457915335281549
2022-23,old,ATL,HOU,0.009827855415582044
2022-23,old,ATL,IND,0.013717172613172282
2022-23,old,ATL,LAC,0.00020501077937861453
2022-23,old,ATL,LAL,0.012903017266392548
2022-23,old,ATL,MEM,0.002398707218992811
2022-23,old,ATL,MIA,0.0039036822409445372
2022-23,old,ATL,MIL,0.0
2022-23,old,ATL,MIN,0.0
2022-23,old,ATL,NOP,0.013952316818979633
2022-23,old,ATL,NYK,0.10074435370773335
2022-23,old,ATL,OKC,0.018595096987495528
2022-23,old,ATL,ORL,0.03943646791498827
2022-23,old,ATL,PHI,0.0
2022-23,old,ATL,PHX,0.0
2022-23,old,ATL,POR,0.005895502141673556
2022-23,old,ATL,SAC,0.010107411205983803
2022-23,old,ATL,SAS,3.560157663310166e-06
2022-23,old,ATL,TOR,0.03513078495696361
2022-23,old,ATL,UTA,0.07723248715145793
2022-23,old,ATL,WAS,0.03291701498996216
2022-23,old,BKN,ATL,0.011171846067596997
2022-23,old,BKN,BOS,0.0
2022-23,old,BKN,CHA,0.0001862278306516889
2022-23,old,BKN,CHI,0.009880385339676244
2022-23,old,BKN,CLE,0.00019262621788912872
2022-23,old,BKN,DAL,0.020432871369358552
2022-23,old,BKN,DEN,0.0
2022-23,old,BKN,DET,5.658477011030979e-06
2022-23,old,BKN,GSW,0.015768027340331628
2022-23,old,BKN,HOU,0.018417026033576832
2022-23,old,BKN,IND,0.00786558353806581
2022-23,old,BKN,LAC,0.00016056034822370217
2022-23,old,BKN,LAL,0.017200969820681578
2022-23,old,BKN,MEM,0.006243141443521081
2022-23,old,BKN,MIA,0.01849617137868195
2022-23,old,BKN,MIL,0.0
2022-23,old,BKN,MIN,0.0
2022-23,old,BKN,NOP,0.027039062593890956
2022-23,old,BKN,NYK,0.02633560070289058
2022-23,old,BKN,OKC,0.009967941797462871
2022-23,old,BKN,ORL,0.0046972722118606425
2022-23,old,BKN,PHI,0.0
2022-23,old,BKN,PHX,0.0
2022-23,old,BKN,POR,0.005911768906939693
2022-23,old,BKN,SAC,0.010749725335665442
2022-23,old,BKN,SAS,8.873156547751282e-06
2022-23,old,BKN,TOR,0.016583453552886672
2022-23,old,BKN,UTA,0.12020183748980208
2022-23,old,BKN,WAS,0.02285302031315796
2022-23,old,BOS,ATL,0.0023059874195363412
2022-23,old,BOS,BKN,0.0054191370661501904
2022-23,old,BOS,CHA,0.026233277669948873
2022-23,old,BOS,CHI,0.0052944422520514725
2022-23,old,BOS,CLE,4.858388548747121e-10
2022-23,old,BOS,DAL,0.0037200249169589646
2022-23,old,BOS,DEN,0.0
2022-23,old,BOS,DET,0.0001845135701391877
2022-23,old,BOS,GSW,0.0029021486539003204
2022-23,old,BOS,HOU,0.0018265084468293918
2022-23,old,BOS,IND,0.06470389762748222
2022-23,old,BOS,LAC,0.014796066822841411
2022-23,old,BOS,LAL,0.006516433071088175
2022-23,old,BOS,MEM,0.008671336157713086
2022-23,old,BOS,MIA,0.0013549091677606524
2022-23,old,BOS,MIL,0.0
2022-23,old,BOS,MIN,0.0
2022-23,old,BOS,NOP,0.007487877200975822
2022-23,old,BOS,NYK,0.001119648233787316
2022-23,old,BOS,OKC,0.0063620688613897575
2022-23,old,BOS,ORL,0.0010320451424044987
2022-23,old,BOS,PHI,0.0
2022-23,old,BOS,PHX,0.0
2022-23,old,BOS,POR,0.008010803941892422
2022-23,old,BOS,SAC,0.004002155249793854
2022-23,old,BOS,SAS,1.2067480844045992e-06
2022-23,old,BOS,TOR,0.0037120449322217363
2022-23,old,BOS,UTA,0.02167551773770983
2022-23,old,BOS,WAS,0.004448458104396648
2022-23,old,CHA,ATL,0.012833951412879373
2022-23,old,CHA,BKN,0.004840109379310345
2022-23,old,CHA,BOS,0.0
2022-23,old,CHA,CHI,0.010194149974198095
2022-23,old,CHA,CLE,0.0
2022-23,old,CHA,DAL,0.013449943310956112
2022-23,old,CHA,DEN,0.0
2022-23,old,CHA,DET,5.975499954220625e-06
2022-23,old,CHA,GSW,0.003207482840013931
2022-23,old,CHA,HOU,0.004605603386459326
2022-23,old,CHA,IND,0.02044634151510197
2022-23,old,CHA,LAC,6.061422504115336e-05
2022-23,old,CHA,LAL,0.007634698168579328
2022-23,old,CHA,MEM,0.005494611995969099
2022-23,old,CHA,MIA,0.001788534159831754
2022-23,old,CHA,MIL,0.0
2022-23,old,CHA,MIN,0.0
2022-23,old,CHA,NOP,0.014877155288664533
2022-23,old,CHA,NYK,0.10331828393459297
2022-23,old,CHA,OKC,0.014155711379094882
2022-23,old,CHA,ORL,0.009354473685227245
2022-23,old,CHA,PHI,0.0
2022-23,old,CHA,PHX,0.0
2022-23,old,CHA,POR,0.0037343065959558252
2022-23,old,CHA,SAC,0.004585129376420558
2022-23,old,CHA,SAS,7.25718535757543e-05
2022-23,old,CHA,TOR,0.0051569078394718545
2022-23,old,CHA,UTA,0.02166780007425189
2022-23,old,CHA,WAS,0.0014599682500457398
2022-23,old,CHI,ATL,0.025611398966202445
2022-23,old,CHI,BKN,0.019228507476243138
2022-23,old,CHI,BOS,0.0
2022-23,old,CHI,CHA,0.009681849995199278
2022-23,old,CHI,CLE,0.0002830043594190021
2022-23,old,CHI,DAL,0.03948968069406653
2022-23,old,CHI,DEN,0.0
2022-23,old,CHI,DET,5.270230834766683e-06
2022-23,old,CHI,GSW,0.01323785978617186
2022-23,old,CHI,HOU,0.013792295320027764
2022-23,old,CHI,IND,0.016845142003951246
2022-23,old,CHI,LAC,0.013272359898345994
2022-23,old,CHI,LAL,0.008967941725277345
2022-23,old,CHI,MEM,0.002451393685584945
2022-23,old,CHI,MIA,0.004658161633591211
2022-23,old,CHI,MIL,0.0
2022-23,old,CHI,MIN,0.0
2022-23,old,CHI,NOP,0.043755118666810845
2022-23,old,CHI,NYK,0.09985254089772119
2022-23,old,CHI,OKC,0.014159482594555376
2022-23,old,CHI,ORL,0.08994752291716987
2022-23,old,CHI,PHI,0.0
2022-23,old,CHI,PHX,0.0
2022-23,old,CHI,POR,0.007035916438855896
2022-23,old,CHI,SAC,0.001127644230271231
2022-23,old,CHI,SAS,5.218859213299258e-06
2022-23,old,CHI,TOR,0.032199311568636126
2022-23,old,CHI,UTA,0.036767271730533485
2022-23,old,CHI,WAS,0.034304370822118055
2022-23,old,CLE,ATL,0.009770292469273694
2022-23,old,CLE,BKN,0.017118692639105763
2022-23,old,CLE,BOS,0.0
2022-23,old,CLE,CHA,0.006465798862252613
2022-23,old,CLE,CHI,0.004693671608906373
2022-23,old,CLE,DAL,0.003661610838479239
2022-23,old,CLE,DEN,0.0
2022-23,old,CLE,DET,0.0005547974502361907
2022-23,old,CLE,GSW,0.005645995142133215
2022-23,old,CLE,HOU,0.00430118547746478
2022-23,old,CLE,IND,0.10827662416383611
2022-23,old,CLE,LAC,0.0032912176843844987
2022-23,old,CLE,LAL,0.0056223061743015754
2022-23,old,CLE,MEM,0.03548187555171669
2022-23,old,CLE,MIA,0.003247616084033056
2022-23,old,CLE,MIL,0.0
2022-23,old,CLE,MIN,0.0
2022-23,old,CLE,NOP,0.0038612607911084626
2022-23,old,CLE,NYK,0.01197986700385944
2022-23,old,CLE,OKC,0.0035134699045287062
2022-23,old,CLE,ORL,0.0012382274737668482
2022-23,old,CLE,PHI,0.0
2022-23,old,CLE,PHX,0.0
2022-23,old,CLE,POR,0.014328440338164217
2022-23,old,CLE,SAC,0.023168541745095132
2022-23,old,CLE,SAS,0.0016078725953064213
2022-23,old,CLE,TOR,0.0024060182964816567
2022-23,old,CLE,UTA,0.012101762881695314
2022-23,old,CLE,WAS,0.027504352262105083
2022-23,old,DAL,ATL,0.007049545188763103
2022-23,old,DAL,BKN,0.013115108234103416
2022-23,old,DAL,BOS,0.0
2022-23,old,DAL,CHA,0.0018781426971675196
2022-23,old,DAL,CHI,0.007363356108775218
2022-23,old,DAL,CLE,1.0584590550271679e-06
2022-23,old,DAL,DEN,0.0
2022-23,old,DAL,DET,2.5090683054906777e-06
2022-23,old,DAL,GSW,0.007323815147729644
2022-23,old,DAL,HOU,0.012840247558197005
2022-23,old,DAL,IND,0.003914930373347352
2022-23,old,DAL,LAC,0.0005738146626791947
2022-23,old,DAL,LAL,0.01170743511921469
2022-23,old,DAL,MEM,0.004434088485320268
2022-23,old,DAL,MIA,0.0060335758051959015
2022-23,old,DAL,MIL,0.0
2022-23,old,DAL,MIN,0.0
2022-23,old,DAL,NOP,0.04621955807714177
2022-23,old,DAL,NYK,0.13038240090502598
2022-23,old,DAL,OKC,0.015429418040700416
2022-23,old,DAL,ORL,0.0019865403592241567
2022-23,old,DAL,PHI,0.0
2022-23,old,DAL,PHX,0.0
2022-23,old,DAL,POR,0.006504011043105507
2022-23,old,DAL,SAC,0.0032092717227771425
2022-23,old,DAL,SAS,5.4828334646741574e-06
2022-23,old,DAL,TOR,0.009831898152724193
2022-23,old,DAL,UTA,0.041073378257094714
2022-23,old,DAL,WAS,0.005389081499563616
2022-23,old,DEN,ATL,0.02195244257667151
2022-23,old,DEN,BKN,0.016756851526084755
2022-23,old,DEN,BOS,0.0
2022-23,old,DEN,CHA,0.13206353210059227
2022-23,old,DEN,CHI,0.017797125202680644
2022-23,old,DEN,CLE,0.00012275348780172132
2022-23,old,DEN,DAL,0.04314997539189282
2022-23,old,DEN,DET,0.000956963705096543
2022-23,old,DEN,GSW,0.011239683434384203
2022-23,old,DEN,HOU,0.04693345907778512
2022-23,old,DEN,IND,0.035976253278837966
2022-23,old,DEN,LAC,0.009064655212689477
2022-23,old,DEN,LAL,0.027999191790947627
2022-23,old,DEN,MEM,0.01296012928365221
2022-23,old,DEN,MIA,0.013346507049887055
2022-23,old,DEN,MIL,0.0
2022-23,old,DEN,MIN,0.0
2022-23,old,DEN,NOP,0.012887661964793145
2022-23,old,DEN,NYK,0.056795961918221435
2022-23,old,DEN,OKC,0.021053879335783583
2022-23,old,DEN,ORL,0.004250790514665222
2022-23,old,DEN,PHI,0.0
2022-23,old,DEN,PHX,0.0
2022-23,old,DEN,POR,0.03319873791374585
2022-23,old,DEN,SAC,0.007451711127817068
2022-23,old,DEN,SAS,0.0015063270773862704
2022-23,old,DEN,TOR,0.00887684392895858
2022-23,old,DEN,UTA,0.03178155109199812
2022-23,old,DEN,WAS,0.04174325410238162
2022-23,old,DET,ATL,0.009047684104418642
2022-23,old,DET,BKN,0.004984470400237534
2022-23,old,DET,BOS,0.0
2022-23,old,DET,CHA,0.0014395706739288954
2022-23,old,DET,CHI,0.038624153696121946
2022-23,old,DET,CLE,2.0202205459404036e-09
2022-23,old,DET,DAL,0.011465946420901207
2022-23,old,DET,DEN,0.0
2022-23,old,DET,GSW,0.010781048334377305
2022-23,old,DET,HOU,0.00881223039870182
2022-23,old,DET,IND,0.010686484106300123
2022-23,old,DET,LAC,0.00036799569670432095
2022-23,old,DET,LAL,0.012318157351391131
2022-23,old,DET,MEM,1.1398942665807331e-05
2022-23,old,DET,MIA,0.0006443894520664812
2022-23,old,DET,MIL,0.0
2022-23,old,DET,MIN,0.0
2022-23,old,DET,NOP,0.015988416168437308
2022-23,old,DET,NYK,0.02398391764658845
2022-23,old,DET,OKC,0.010223868748871608
2022-23,old,DET,ORL,0.003885311710026048
2022-23,old,DET,PHI,0.0
2022-23,old,DET,PHX,0.0
2022-23,old,DET,POR,0.005645651171069523
2022-23,old,DET,SAC,0.0002990665616747249
2022-23,old,DET,SAS,0.0028900376386000477
2022-23,old,DET,TOR,0.010657341303887352
2022-23,old,DET,UTA,0.017619009309498543
2022-23,old,DET,WAS,0.015277518824362535
2022-23,old,GSW,ATL,0.008007441305516609
2022-23,old,GSW,BKN,0.01336347415167141
2022-23,old,GSW,BOS,0.0
2022-23,old,GSW,CHA,0.0016875273216062133
2022-23,old,GSW,CHI,0.006328033726911223
2022-23,old,GSW,CLE,9.49943127130017e-07
2022-23,old,GSW,DAL,0.09304580697491763
2022-23,old,GSW,DEN,0.0
2022-23,old,GSW,DET,1.6136400033051958e-06
2022-23,old,GSW,HOU,0.0689897628209618
2022-23,old,GSW,IND,0.006507290207003765
2022-23,old,GSW,LAC,0.0001729525887840909
2022-23,old,GSW,LAL,0.018857219992968223
2022-23,old,GSW,MEM,8.65377633123177e-05
2022-23,old,GSW,MIA,0.014386874178123113
2022-23,old,GSW,MIL,0.0
2022-23,old,GSW,MIN,0.0
2022-23,old,GSW,NOP,0.017962284772757214
2022-23,old,GSW,NYK,0.08519402419959506
2022-23,old,GSW,OKC,0.01729929954518066
2022-23,old,GSW,ORL,0.002434249698121613
2022-23,old,GSW,PHI,0.0
2022-23,old,GSW,PHX,0.0
2022-23,old,GSW,POR,0.005605315544979678
2022-23,old,GSW,SAC,0.005950624359293962
2022-23,old,GSW,SAS,3.362680416998509e-06
2022-23,old,GSW,TOR,0.008225696826032278
2022-23,old,GSW,UTA,0.14658282211663073
2022-23,old,GSW,WAS,0.0017643866056912725
2022-23,old,HOU,ATL,0.0016940535152900785
2022-23,old,HOU,BKN,0.000761145496239929
2022-23,old,HOU,BOS,0.0
2022-23,old,HOU,CHA,0.015501414054763688
2022-23,old,HOU,CHI,0.029449844699905955
2022-23,old,HOU,CLE,1.0704511917582485e-06
2022-23,old,HOU,DAL,0.0012901586883625684
2022-23,old,HOU,DEN,0.0
2022-23,old,HOU,DET,0.0018024465628606301
2022-23,old,HOU,GSW,0.002862545312717297
2022-23,old,HOU,IND,0.029347222071762626
2022-23,old,HOU,LAC,0.00017564655430133232
2022-23,old,HOU,LAL,0.002897090474424628
2022-23,old,HOU,MEM,0.00809051695972993
2022-23,old,HOU,MIA,0.0006111074179802163
2022-23,old,HOU,MIL,0.0
2022-23,old,HOU,MIN,0.0
2022-23,old,HOU,NOP,0.0049776400468344315
2022-23,old,HOU,NYK,0.0003326114701117866
2022-23,old,HOU,OKC,0.004090247824145803
2022-23,old,HOU,ORL,0.0003585745802838084
2022-23,old,HOU,PHI,0.0
2022-23,old,HOU,PHX,0.0
2022-23,old,HOU,POR,0.0024461433371055856
2022-23,old,HOU,SAC,0.010496909064755786
2022-23,old,HOU,SAS,0.005347549553114078
2022-23,old,HOU,TOR,0.002490730943943825
2022-23,old,HOU,UTA,0.02036670913218819
2022-23,old,HOU,WAS,0.0028803713445507027
2022-23,old,IND,ATL,0.012379045351031378
2022-23,old,IND,BKN,0.001687609043790034
2022-23,old,IND,BOS,0.0
2022-23,old,IND,CHA,0.006402976184540594
2022-23,old,IND,CHI,0.025642827888639832
2022-23,old,IND,CLE,0.00010521751341601922
2022-23,old,IND,DAL,0.011449935625474106
2022-23,old,IND,DEN,0.0
2022-23,old,IND,DET,0.0010222758325678387
2022-23,old,IND,GSW,0.003570894055911199
2022-23,old,IND,HOU,0.0018623384573207842
2022-23,old,IND,LAC,0.002838362087234694
2022-23,old,IND,LAL,0.0059814116559272395
2022-23,old,IND,MEM,0.0035398705601090716
2022-23,old,IND,MIA,0.002027175548806181
2022-23,old,IND,MIL,0.0
2022-23,old,IND,MIN,0.0
2022-23,old,IND,NOP,0.011875808303172157
2022-23,old,IND,NYK,0.020268282338119642
2022-23,old,IND,OKC,0.012326508783012759
2022-23,old,IND,ORL,0.0036878694751851125
2022-23,old,IND,PHI,0.0
2022-23,old,IND,PHX,0.0
2022-23,old,IND,POR,0.012863457623462311
2022-23,old,IND,SAC,0.0014202894840033642
2022-23,old,IND,SAS,9.025319109801433e-06
2022-23,old,IND,TOR,0.009692335616140989
2022-23,old,IND,UTA,0.04632134753265965
2022-23,old,IND,WAS,0.025933954009301933
2022-23,old,LAC,ATL,0.006780825756666654
2022-23,old,LAC,BKN,0.06074537505570094
2022-23,old,LAC,BOS,0.0
2022-23,old,LAC,CHA,0.011189329577530775
2022-23,old,LAC,CHI,0.0029733372456866233
2022-23,old,LAC,CLE,1.1774806918165492e-06
2022-23,old,LAC,DAL,0.0013722784134522373
2022-23,old,LAC,DEN,0.0
2022-23,old,LAC,DET,9.065744003666457e-06
2022-23,old,LAC,GSW,0.021442966211452648
2022-23,old,LAC,HOU,0.22263739178814235
2022-23,old,LAC,IND,0.012672558369646304
2022-23,old,LAC,LAL,0.023259428403007095
2022-23,old,LAC,MEM,0.0008703153756265821
2022-23,old,LAC,MIA,0.016994583631807267
2022-23,old,LAC,MIL,0.0
2022-23,old,LAC,MIN,0.0
2022-23,old,LAC,NOP,0.026428340707227174
2022-23,old,LAC,NYK,0.010541402524045406
2022-23,old,LAC,OKC,0.028458243618911964
2022-23,old,LAC,ORL,0.008472693901744568
2022-23,old,LAC,PHI,0.0
2022-23,old,LAC,PHX,0.0
2022-23,old,LAC,POR,0.006945459848890616
2022-23,old,LAC,SAC,0.004526977593180871
2022-23,old,LAC,SAS,1.71346614176132e-05
2022-23,old,LAC,TOR,0.002595184679728237
2022-23,old,LAC,UTA,0.015171718710399927
2022-23,old,LAC,WAS,0.0027292951238039225
2022-23,old,LAL,ATL,0.015083985513428334
2022-23,old,LAL,BKN,0.048945164909361884
2022-23,old,LAL,BOS,0.0
2022-23,old,LAL,CHA,8.460156461511812e-06
2022-23,old,LAL,CHI,0.015104200203786606
2022-23,old,LAL,CLE,1.0584221339496246e-06
2022-23,old,LAL,DAL,0.07161087501001043
2022-23,old,LAL,DEN,0.0
2022-23,old,LAL,DET,2.9473817545396693e-06
2022-23,old,LAL,GSW,0.027836586610309445
2022-23,old,LAL,HOU,0.024862877164529798
2022-23,old,LAL,IND,0.008175540727656177
2022-23,old,LAL,LAC,0.00024299569327609034
2022-23,old,LAL,MEM,0.0006581280978220395
2022-23,old,LAL,MIA,0.01469065849233156
2022-23,old,LAL,MIL,0.0
2022-23,old,LAL,MIN,0.0
2022-23,old,LAL,NOP,0.12398518268623117
2022-23,old,LAL,NYK,0.10996833998438535
2022-23,old,LAL,OKC,0.019061422274480093
2022-23,old,LAL,ORL,0.020420634202765485
2022-23,old,LAL,PHI,0.0
2022-23,old,LAL,PHX,0.0
2022-23,old,LAL,POR,0.008442392924802384
2022-23,old,LAL,SAC,0.0035033256418548564
2022-23,old,LAL,SAS,5.099229937068328e-06
2022-23,old,LAL,TOR,0.013366822870473534
2022-23,old,LAL,UTA,0.020911708196052776
2022-23,old,LAL,WAS,0.028293140301859955
2022-23,old,MEM,ATL,0.003475258400774615
2022-23,old,MEM,BKN,0.0053168534302023415
2022-23,old,MEM,BOS,0.0
2022-23,old,MEM,CHA,0.005338275205631659
2022-23,old,MEM,CHI,0.004884756747494707
2022-23,old,MEM,CLE,3.121283277817477e-11
2022-23,old,MEM,DAL,0.011527921072550231
2022-23,old,MEM,DEN,0.0
2022-23,old,MEM,DET,0.0005143807504331759
2022-23,old,MEM,GSW,0.001990558357210492
2022-23,old,MEM,HOU,0.006708243573686622
2022-23,old,MEM,IND,0.024133635348919616
2022-23,old,MEM,LAC,2.3706896904984425e-05
2022-23,old,MEM,LAL,0.009282058156115519
2022-23,old,MEM,MIA,0.0036911090424830537
2022-23,old,MEM,MIL,0.0
2022-23,old,MEM,MIN,0.0
2022-23,old,MEM,NOP,0.00659617457334113
2022-23,old,MEM,NYK,0.013849037725473457
2022-23,old,MEM,OKC,0.008779364203239378
2022-23,old,MEM,ORL,0.009757536245495456
2022-23,old,MEM,PHI,0.0
2022-23,old,MEM,PHX,0.0
2022-23,old,MEM,POR,0.0053705460203805925
2022-23,old,MEM,SAC,0.020062499906755335
2022-23,old,MEM,SAS,0.0014282490761897636
2022-23,old,MEM,TOR,0.012158304636249307
2022-23,old,MEM,UTA,0.012898463119374728
2022-23,old,MEM,WAS,0.008347655511940267
2022-23,old,MIA,ATL,0.008660963306213097
2022-23,old,MIA,BKN,0.041299196109112285
2022-23,old,MIA,BOS,0.0
2022-23,old,MIA,CHA,0.0004487208423269458
2022-23,old,MIA,CHI,0.0024397278325452515
2022-23,old,MIA,CLE,0.00092941353073247
2022-23,old,MIA,DAL,0.004203608254084117
2022-23,old,MIA,DEN,0.0
2022-23,old,MIA,DET,1.1727212051407635e-06
2022-23,old,MIA,GSW,0.0164928995850709
2022-23,old,MIA,HOU,0.022509967728421603
2022-23,old,MIA,IND,0.025704946825747015
2022-23,old,MIA,LAC,0.0001856142274457319
2022-23,old,MIA,LAL,0.014574623101366811
2022-23,old,MIA,MEM,0.006653212158458182
2022-23,old,MIA,MIL,0.0
2022-23,old,MIA,MIN,0.0
2022-23,old,MIA,NOP,0.012139816992586993
2022-23,old,MIA,NYK,0.02205496590634971
2022-23,old,MIA,OKC,0.006564116449183627
2022-23,old,MIA,ORL,0.008013854300828155
2022-23,old,MIA,PHI,0.0
2022-23,old,MIA,PHX,0.0
2022-23,old,MIA,POR,0.018570186212126777
2022-23,old,MIA,SAC,0.009269869793523178
2022-23,old,MIA,SAS,7.552356004438985e-06
2022-23,old,MIA,TOR,0.012345488793291408
2022-23,old,MIA,UTA,0.01114888189517398
2022-23,old,MIA,WAS,0.0301647200583225
2022-23,old,MIL,ATL,0.006731231636073395
2022-23,old,MIL,BKN,0.06436257446500591
2022-23,old,MIL,BOS,0.0
2022-23,old,MIL,CHA,0.016751694941893044
2022-23,old,MIL,CHI,0.0006117228060568446
2022-23,old,MIL,CLE,1.1763442839521352e-06
2022-23,old,MIL,DAL,0.005696755723075675
2022-23,old,MIL,DEN,0.0
2022-23,old,MIL,DET,0.00018849162502997826
2022-23,old,MIL,GSW,0.007733375209776134
2022-23,old,MIL,HOU,0.0103335131129555
2022-23,old,MIL,IND,0.02736199500401235
2022-23,old,MIL,LAC,0.039210398731279544
2022-23,old,MIL,LAL,0.005410829779856581
2022-23,old,MIL,MEM,0.0021860329570907995
2022-23,old,MIL,MIA,0.00800449782978982
2022-23,old,MIL,MIN,0.0
2022-23,old,MIL,NOP,0.003924030256778773
2022-23,old,MIL,NYK,0.015603293770813535
2022-23,old,MIL,OKC,0.004504579823977988
2022-23,old,MIL,ORL,0.01773745107227389
2022-23,old,MIL,PHI,0.0
2022-23,old,MIL,PHX,0.0
2022-23,old,MIL,POR,0.014329748864208803
2022-23,old,MIL,SAC,0.006156496445606675
2022-23,old,MIL,SAS,3.772020371672145e-06
2022-23,old,MIL,TOR,0.00667140271614917
2022-23,old,MIL,UTA,0.015628075590999803
2022-23,old,MIL,WAS,0.01225252259697801
2022-23,old,MIN,ATL,0.023157502811641518
2022-23,old,MIN,BKN,0.01210778331610391
2022-23,old,MIN,BOS,0.0
2022-23,old,MIN,CHA,5.8834149876415255e-06
2022-23,old,MIN,CHI,0.02125294451927967
2022-23,old,MIN,CLE,3.7197301391235967e-05
2022-23,old,MIN,DAL,0.02005959138685029
2022-23,old,MIN,DEN,0.0
2022-23,old,MIN,DET,2.644257294087772e-06
2022-23,old,MIN,GSW,0.01778546778052587
2022-23,old,MIN,HOU,0.016855334375567476
2022-23,old,MIN,IND,0.005284860005583408
2022-23,old,MIN,LAC,0.0002650862108065008
2022-23,old,MIN,LAL,0.02377101284768914
2022-23,old,MIN,MEM,0.002238725992061359
2022-23,old,MIN,MIA,0.011806015931459787
2022-23,old,MIN,MIL,0.0
2022-23,old,MIN,NOP,0.048015085875522334
2022-23,old,MIN,NYK,0.05272769021029774
2022-23,old,MIN,OKC,0.0261858833012982
2022-23,old,MIN,ORL,0.010568824863749198
2022-23,old,MIN,PHI,0.0
2022-23,old,MIN,PHX,0.0
2022-23,old,MIN,POR,0.013058201258162266
2022-23,old,MIN,SAC,0.006545140578371601
2022-23,old,MIN,SAS,3.4688442843700364e-06
2022-23,old,MIN,TOR,0.028264021447113652
2022-23,old,MIN,UTA,0.4645549651699455
2022-23,old,MIN,WAS,0.01338840356122473
2022-23,old,NOP,ATL,0.011678923488431466
2022-23,old,NOP,BKN,0.009893293437104307
2022-23,old,NOP,BOS,0.0
2022-23,old,NOP,CHA,0.01444721044963776
2022-23,old,NOP,CHI,0.0054782556925532955
2022-23,old,NOP,CLE,7.45458003949932e-10
2022-23,old,NOP,DAL,0.03200191692335545
2022-23,old,NOP,DEN,0.0
2022-23,old,NOP,DET,2.9084567874849173e-06
2022-23,old,NOP,GSW,0.019443863775223336
2022-23,old,NOP,HOU,0.018140624821294454
2022-23,old,NOP,IND,0.014845551136151592
2022-23,old,NOP,LAC,0.0010067349242985828
2022-23,old,NOP,LAL,0.058316810232494826
2022-23,old,NOP,MEM,0.006383046292819094
2022-23,old,NOP,MIA,0.007508506495321313
2022-23,old,NOP,MIL,0.0
2022-23,old,NOP,MIN,0.0
2022-23,old,NOP,NYK,0.01723961899554945
2022-23,old,NOP,OKC,0.01833243518290993
2022-23,old,NOP,ORL,0.003663828779847788
2022-23,old,NOP,PHI,0.0
2022-23,old,NOP,PHX,0.0
2022-23,old,NOP,POR,0.011852456999153518
2022-23,old,NOP,SAC,7.288600710559848e-05
2022-23,old,NOP,SAS,4.250267589392991e-06
2022-23,old,NOP,TOR,0.012878754282492202
2022-23,old,NOP,UTA,0.02222274444007908
2022-23,old,NOP,WAS,0.004765912495562225
2022-23,old,NYK,ATL,0.0025186123869509903
2022-23,old,NYK,BKN,0.02868496456843389
2022-23,old,NYK,BOS,0.0
2022-23,old,NYK,CHA,0.015618783982601761
2022-23,old,NYK,CHI,0.0141698710127631
2022-23,old,NYK,CLE,1.0713626920488016e-11
2022-23,old,NYK,DAL,0.007211800833266154
2022-23,old,NYK,DEN,0.0
2022-23,old,NYK,DET,1.718180876866002e-06
2022-23,old,NYK,GSW,0.003571052393341932
2022-23,old,NYK,HOU,0.0073803880906278445
2022-23,old,NYK,IND,0.005946890607822262
2022-23,old,NYK,LAC,0.000921605619911008
2022-23,old,NYK,LAL,0.001870150833214023
2022-23,old,NYK,MEM,0.00571659486010221
2022-23,old,NYK,MIA,0.0063730974683866085
2022-23,old,NYK,MIL,0.0
2022-23,old,NYK,MIN,0.0
2022-23,old,NYK,NOP,0.003921875022933818
2022-23,old,NYK,OKC,0.004729795326611254
2022-23,old,NYK,ORL,0.0011452376561123133
2022-23,old,NYK,PHI,0.0
2022-23,old,NYK,PHX,0.0
2022-23,old,NYK,POR,0.033640251958166965
2022-23,old,NYK,SAC,0.011825430879034298
2022-23,old,NYK,SAS,2.468376102726047e-06
2022-23,old,NYK,TOR,0.0050404743057884975
2022-23,old,NYK,UTA,0.011983121823279316
2022-23,old,NYK,WAS,0.004540426418225577
2022-23,old,OKC,ATL,0.0104842378974798
2022-23,old,OKC,BKN,0.010562935153983233
2022-23,old,OKC,BOS,0.0
2022-23,old,OKC,CHA,0.00016521876881657444
2022-23,old,OKC,CHI,0.0073918827341674775
2022-23,old,OKC,CLE,1.172274647433995e-06
2022-23,old,OKC,DAL,0.11128170034631368
2022-23,old,OKC,DEN,0.0
2022-23,old,OKC,DET,4.657953440992385e-06
2022-23,old,OKC,GSW,0.006529025038249781
2022-23,old,OKC,HOU,0.03394504332118106
2022-23,old,OKC,IND,0.0072225571349413585
2022-23,old,OKC,LAC,0.0007071659603790411
2022-23,old,OKC,LAL,0.02610075421777859
2022-23,old,OKC,MEM,0.004180164009247268
2022-23,old,OKC,MIA,0.011334544351548594
2022-23,old,OKC,MIL,0.0
2022-23,old,OKC,MIN,0.0
2022-23,old,OKC,NOP,0.031652478650292575
2022-23,old,OKC,NYK,0.0840923817586087
2022-23,old,OKC,ORL,0.0035927493501292838
2022-23,old,OKC,PHI,0.0
2022-23,old,OKC,PHX,0.0
2022-23,old,OKC,POR,0.005147544162040261
2022-23,old,OKC,SAC,0.004462284886509966
2022-23,old,OKC,SAS,8.684858210624394e-06
2022-23,old,OKC,TOR,0.012496057418594603
2022-23,old,OKC,UTA,0.03332835000775849
2022-23,old,OKC,WAS,0.009772606232196964
2022-23,old,ORL,ATL,0.0033271330980292604
2022-23,old,ORL,BKN,0.008773011420610169
2022-23,old,ORL,BOS,0.0
2022-23,old,ORL,CHA,0.0001714466909607833
2022-23,old,ORL,CHI,0.004566398064430805
2022-23,old,ORL,CLE,5.594678344163935e-10
2022-23,old,ORL,DAL,0.003393301330127596
2022-23,old,ORL,DEN,0.0
2022-23,old,ORL,DET,0.0008947680674219777
2022-23,old,ORL,GSW,0.008647259473235818
2022-23,old,ORL,HOU,0.03325296332347127
2022-23,old,ORL,IND,0.0317551050247866
2022-23,old,ORL,LAC,4.2834052362415046e-05
2022-23,old,ORL,LAL,0.0030686961870905463
2022-23,old,ORL,MEM,0.010343749564349781
2022-23,old,ORL,MIA,0.01553617482857717
2022-23,old,ORL,MIL,0.0
2022-23,old,ORL,MIN,0.0
2022-23,old,ORL,NOP,0.0004911099321706669
2022-23,old,ORL,NYK,0.009166805290471744
2022-23,old,ORL,OKC,0.00459752150572403
2022-23,old,ORL,PHI,0.0
2022-23,old,ORL,PHX,0.0
2022-23,old,ORL,POR,0.006277830848821877
2022-23,old,ORL,SAC,0.004834051651815914
2022-23,old,ORL,SAS,6.916983122617328e-06
2022-23,old,ORL,TOR,0.0017767850555359835
2022-23,old,ORL,UTA,0.006470856348771042
2022-23,old,ORL,WAS,0.01325648883852509
2022-23,old,PHI,ATL,0.017826748358528877
2022-23,old,PHI,BKN,0.006348466111459673
2022-23,old,PHI,BOS,0.0
2022-23,old,PHI,CHA,0.02047540180546003
2022-23,old,PHI,CHI,0.04941648542589972
2022-23,old,PHI,CLE,0.00010521617562452301
2022-23,old,PHI,DAL,0.01521184674493193
2022-23,old,PHI,DEN,0.0
2022-23,old,PHI,DET,5.910361433966618e-06
2022-23,old,PHI,GSW,0.010490858393729919
2022-23,old,PHI,HOU,0.007610183070987816
2022-23,old,PHI,IND,0.019573985797817856
2022-23,old,PHI,LAC,0.007153286683124265
2022-23,old,PHI,LAL,0.013820851074455404
2022-23,old,PHI,MEM,0.013978448470830115
2022-23,old,PHI,MIA,0.004155352263802218
2022-23,old,PHI,MIL,0.0
2022-23,old,PHI,MIN,0.0
2022-23,old,PHI,NOP,0.023015894567581893
2022-23,old,PHI,NYK,0.02115366232343737
2022-23,old,PHI,OKC,0.01583081921580617
2022-23,old,PHI,ORL,0.018693128232746763
2022-23,old,PHI,PHX,0.0
2022-23,old,PHI,POR,0.009563984364380195
2022-23,old,PHI,SAC,0.002866551605701397
2022-23,old,PHI,SAS,7.71041746754441e-06
2022-23,old,PHI,TOR,0.020260944146838687
2022-23,old,PHI,UTA,0.11633156484252993
2022-23,old,PHI,WAS,0.029857536581546072
2022-23,old,PHX,ATL,0.005788062254841239
2022-23,old,PHX,BKN,0.15495788956968726
2022-23,old,PHX,BOS,0.0
2022-23,old,PHX,CHA,0.004911488565032743
2022-23,old,PHX,CHI,0.003694611728472497
2022-23,old,PHX,CLE,2.351986331313127e-06
2022-23,old,PHX,DAL,0.009725210948179281
2022-23,old,PHX,DEN,0.0
2022-23,old,PHX,DET,2.016003822615487e-06
2022-23,old,PHX,GSW,0.013255728438698952
2022-23,old,PHX,HOU,0.0540743534726187
2022-23,old,PHX,IND,0.004925173902990461
2022-23,old,PHX,LAC,0.014107219859865365
2022-23,old,PHX,LAL,0.007536099307913461
2022-23,old,PHX,MEM,0.0019228428978629094
2022-23,old,PHX,MIA,0.01578754416947371
2022-23,old,PHX,MIL,0.0
2022-23,old,PHX,MIN,0.0
2022-23,old,PHX,NOP,0.0203372843471428
2022-23,old,PHX,NYK,0.012202289072372204
2022-23,old,PHX,OKC,0.016479795213150468
2022-23,old,PHX,ORL,0.0005306559934117666
2022-23,old,PHX,PHI,0.0
2022-23,old,PHX,POR,0.010265510068164797
2022-23,old,PHX,SAC,0.00699682200722754
2022-23,old,PHX,SAS,1.105873581033325e-06
2022-23,old,PHX,TOR,0.004630603499811857
2022-23,old,PHX,UTA,0.016093307927226203
2022-23,old,PHX,WAS,0.0016497939196524181
2022-23,old,POR,ATL,0.015688814263029472
2022-23,old,POR,BKN,0.013952628076655203
2022-23,old,POR,BOS,0.0
2022-23,old,POR,CHA,0.0035571732751472503
2022-23,old,POR,CHI,0.09908188600499067
2022-23,old,POR,CLE,1.0710619282785878e-06
2022-23,old,POR,DAL,0.04143614057421957
2022-23,old,POR,DEN,0.0
2022-23,old,POR,DET,0.0007061836933428502
2022-23,old,POR,GSW,0.02683448919170845
2022-23,old,POR,HOU,0.07701077606777884
2022-23,old,POR,IND,0.03198011362535356
2022-23,old,POR,LAC,0.001107489244855844
2022-23,old,POR,LAL,0.039254039899417975
2022-23,old,POR,MEM,0.0040700430566763595
2022-23,old,POR,MIA,0.014282369742714109
2022-23,old,POR,MIL,0.0
2022-23,old,POR,MIN,0.0
2022-23,old,POR,NOP,0.058212823347742526
2022-23,old,POR,NYK,0.014553602551046981
2022-23,old,POR,OKC,0.02952586224555552
2022-23,old,POR,ORL,0.020104148671683378
2022-23,old,POR,PHI,0.0
2022-23,old,POR,PHX,0.0
2022-23,old,POR,SAC,0.009960179960660676
2022-23,old,POR,SAS,0.0020137204232572588
2022-23,old,POR,TOR,0.019237258082545707
2022-23,old,POR,UTA,0.058620258589186146
2022-23,old,POR,WAS,0.027391502565261395
2022-23,old,SAC,ATL,0.01057894388568498
2022-23,old,SAC,BKN,0.016343618105114126
2022-23,old,SAC,BOS,0.0
2022-23,old,SAC,CHA,0.0016888926410484181
2022-23,old,SAC,CHI,0.010823928853160709
2022-23,old,SAC,CLE,1.1730510246480874e-06
2022-23,old,SAC,DAL,0.008895570084081032
2022-23,old,SAC,DEN,0.0
2022-23,old,SAC,DET,2.133000382280574e-06
2022-23,old,SAC,GSW,0.015378033489659708
2022-23,old,SAC,HOU,0.0213372844447992
2022-23,old,SAC,IND,0.007801540887150835
2022-23,old,SAC,LAC,0.0006223060437558411
2022-23,old,SAC,LAL,0.04342160555373492
2022-23,old,SAC,MEM,0.013206529238407516
2022-23,old,SAC,MIA,0.006539601465361476
2022-23,old,SAC,MIL,0.0
2022-23,old,SAC,MIN,0.0
2022-23,old,SAC,NOP,0.011062769339187074
2022-23,old,SAC,NYK,0.02226412928819159
2022-23,old,SAC,OKC,0.010230603434952329
2022-23,old,SAC,ORL,0.0035917830603757507
2022-23,old,SAC,PHI,0.0
2022-23,old,SAC,PHX,0.0
2022-23,old,SAC,POR,0.015256711420298948
2022-23,old,SAC,SAS,2.7795059048692947e-06
2022-23,old,SAC,TOR,0.01355838026273719
2022-23,old,SAC,UTA,0.029557819396780344
2022-23,old,SAC,WAS,0.0056523014982186115
2022-23,old,SAS,ATL,0.008037131758065655
2022-23,old,SAS,BKN,0.011110231751487523
2022-23,old,SAS,BOS,0.0
2022-23,old,SAS,CHA,0.0198947269948956
2022-23,old,SAS,CHI,0.011234411039296573
2022-23,old,SAS,CLE,2.7756678916773388e-09
2022-23,old,SAS,DAL,0.002788164591193831
2022-23,old,SAS,DEN,0.0
2022-23,old,SAS,DET,0.003172704275605698
2022-23,old,SAS,GSW,0.002127605943471309
2022-23,old,SAS,HOU,0.007195851428630951
2022-23,old,SAS,IND,0.02576560228241933
2022-23,old,SAS,LAC,0.011147090563056832
2022-23,old,SAS,LAL,0.007813577858494306
2022-23,old,SAS,MEM,0.0008556034572518848
2022-23,old,SAS,MIA,0.0035381927181070416
2022-23,old,SAS,MIL,0.0
2022-23,old,SAS,MIN,0.0
2022-23,old,SAS,NOP,0.026499191524444847
2022-23,old,SAS,NYK,0.005087332748539161
2022-23,old,SAS,OKC,0.006111260772570326
2022-23,old,SAS,ORL,0.003180459024193057
2022-23,old,SAS,PHI,0.0
2022-23,old,SAS,PHX,0.0
2022-23,old,SAS,POR,0.006451096316666691
2022-23,old,SAS,SAC,0.00031468363634297783
2022-23,old,SAS,TOR,0.011337401036470473
2022-23,old,SAS,UTA,0.06770410703903273
2022-23,old,SAS,WAS,0.007474751639231653
2022-23,old,TOR,ATL,0.05014266806612945
2022-23,old,TOR,BKN,0.01110493835951057
2022-23,old,TOR,BOS,0.0
2022-23,old,TOR,CHA,0.028291276368366036
2022-23,old,TOR,CHI,0.04221730238456664
2022-23,old,TOR,CLE,0.00012287140578194378
2022-23,old,TOR,DAL,0.049790496062257675
2022-23,old,TOR,DEN,0.0
2022-23,old,TOR,DET,7.822851099017025e-06
2022-23,old,TOR,GSW,0.019294298767073215
2022-23,old,TOR,HOU,0.011564116398241885
2022-23,old,TOR,IND,0.03857186579280758
2022-23,old,TOR,LAC,0.004870959056264334
2022-23,old,TOR,LAL,0.01830307100351563
2022-23,old,TOR,MEM,0.006059792272849608
2022-23,old,TOR,MIA,0.012563119408890724
2022-23,old,TOR,MIL,0.0
2022-23,old,TOR,MIN,0.0
2022-23,old,TOR,NOP,0.05347548533210949
2022-23,old,TOR,NYK,0.16149754765162846
2022-23,old,TOR,OKC,0.02920528060768667
2022-23,old,TOR,ORL,0.017022439070378537
2022-23,old,TOR,PHI,0.0
2022-23,old,TOR,PHX,0.0
2022-23,old,TOR,POR,0.020254114627732134
2022-23,old,TOR,SAC,0.00356190910275337
2022-23,old,TOR,SAS,0.0008202717588111234
2022-23,old,TOR,UTA,0.09108260019762347
2022-23,old,TOR,WAS,0.0846646609854079
2022-23,old,UTA,ATL,0.008242263473049061
2022-23,old,UTA,BKN,0.003950079483537361
2022-23,old,UTA,BOS,0.0
2022-23,old,UTA,CHA,0.027023624631943306
2022-23,old,UTA,CHI,0.0073467717017089455
2022-23,old,UTA,CLE,4.858388548747121e-10
2022-23,old,UTA,DAL,0.0674830784455865
2022-23,old,UTA,DEN,0.0
2022-23,old,UTA,DET,6.2546177720066025e-06
2022-23,old,UTA,GSW,0.01990876497989179
2022-23,old,UTA,HOU,0.010971982934580444
2022-23,old,UTA,IND,0.027666216499087244
2022-23,old,UTA,LAC,0.0029789870822850358
2022-23,old,UTA,LAL,0.01400269377727768
2022-23,old,UTA,MEM,0.004482758656417116
2022-23,old,UTA,MIA,0.006274755232220933
2022-23,old,UTA,MIL,0.0
2022-23,old,UTA,MIN,0.0
2022-23,old,UTA,NOP,0.03448733837516369
2022-23,old,UTA,NYK,0.04761486732070806
2022-23,old,UTA,OKC,0.021034751928889133
2022-23,old,UTA,ORL,0.0038189535374765094
2022-23,old,UTA,PHI,0.0
2022-23,old,UTA,PHX,0.0
2022-23,old,UTA,POR,0.0037236026960561826
2022-23,old,UTA,SAC,0.00027909483262819466
2022-23,old,UTA,SAS,1.3197685951363948e-05
2022-23,old,UTA,TOR,0.009640431795520626
2022-23,old,UTA,WAS,0.01878183253123958
2022-23,old,WAS,ATL,0.020369882043257168
2022-23,old,WAS,BKN,0.010512190633301893
2022-23,old,WAS,BOS,0.0
2022-23,old,WAS,CHA,0.01863812094144072
2022-23,old,WAS,CHI,0.04082593265762645
2022-23,old,WAS,CLE,0.0002492267671606621
2022-23,old,WAS,DAL,0.03600640649223071
2022-23,old,WAS,DEN,0.0
2022-23,old,WAS,DET,7.267243974070449e-06
2022-23,old,WAS,GSW,0.007008897104550328
2022-23,old,WAS,HOU,0.008604795306375056
2022-23,old,WAS,IND,0.021157920069386646
2022-23,old,WAS,LAC,0.004420797420778022
2022-23,old,WAS,LAL,0.011814116194667617
2022-23,old,WAS,MEM,0.008976935410312725
2022-23,old,WAS,MIA,0.007789570349214667
2022-23,old,WAS,MIL,0.0
2022-23,old,WAS,MIN,0.0
2022-23,old,WAS,NOP,0.021119881729527123
2022-23,old,WAS,NYK,0.257405260611294
2022-23,old,WAS,OKC,0.01498652998803601
2022-23,old,WAS,ORL,0.022689151949945602
2022-23,old,WAS,PHI,0.0
2022-23,old,WAS,PHX,0.0
2022-23,old,WAS,POR,0.026722028205814156
2022-23,old,WAS,SAC,0.004487453135051106
2022-23,old,WAS,SAS,0.001007331069309684
2022-23,old,WAS,TOR,0.018798582727148298
2022-23,old,WAS,UTA,0.07898025558495544
2023-24,new,ATL,BKN,0.0
2023-24,new,ATL,BOS,0.0
2023-24,new,ATL,CHA,5.9331713407579456e-05
2023-24,new,ATL,CHI,0.0011626823964523345
2023-24,new,ATL,CLE,0.007181664263502923
2023-24,new,ATL,DAL,0.012723554033448829
2023-24,new,ATL,DEN,0.0007521551760748544
2023-24,new,ATL,DET,7.154877481388331e-06
2023-24,new,ATL,GSW,0.007078827452823958
2023-24,new,ATL,HOU,0.01516391252256465
2023-24,new,ATL,IND,0.0012882940559652447
2023-24,new,ATL,LAC,0.0
2023-24,new,ATL,LAL,0.0
2023-24,new,ATL,MEM,0.004999730732223693
2023-24,new,ATL,MIA,0.007852553697895281
2023-24,new,ATL,MIL,0.006755387954542348
2023-24,new,ATL,MIN,0.01038362076225016
2023-24,new,ATL,NOP,0.02868241231471592
2023-24,new,ATL,NYK,0.0030480891727948747
2023-24,new,ATL,OKC,0.0007957974234435323
2023-24,new,ATL,ORL,0.011656215121488034
2023-24,new,ATL,PHI,0.008248706480854628
2023-24,new,ATL,PHX,0.002612069009116786
2023-24,new,ATL,POR,0.0023784136598555125
2023-24,new,ATL,SAC,0.0173811404916989
2023-24,new,ATL,SAS,0.0031213860235423203
2023-24,new,ATL,TOR,0.004856292834354089
2023-24,new,ATL,UTA,0.00874326514308983
2023-24,new,ATL,WAS,0.034090786850348845
2023-24,new,BKN,ATL,0.018431085475352355
2023-24,new,BKN,BOS,0.0
2023-24,new,BKN,CHA,0.0009815665288087478
2023-24,new,BKN,CHI,0.004017965929488396
2023-24,new,BKN,CLE,0.008180322173186342
2023-24,new,BKN,DAL,0.00021727981343768328
2023-24,new,BKN,DEN,0.0003415948346032408
2023-24,new,BKN,DET,0.00017758477170109324
2023-24,new,BKN,GSW,0.0008040509283218539
2023-24,new,BKN,HOU,0.030218964410045103
2023-24,new,BKN,IND,0.004430067448015624
2023-24,new,BKN,LAC,0.0
2023-24,new,BKN,LAL,0.0
2023-24,new,BKN,MEM,0.00029849136627584306
2023-24,new,BKN,MIA,0.01608808661133864
2023-24,new,BKN,MIL,0.0012672413908073614
2023-24,new,BKN,MIN,0.0020344957840657198
2023-24,new,BKN,NOP,0.016410349847925235
2023-24,new,BKN,NYK,0.02288457096284946
2023-24,new,BKN,OKC,0.00034590512160854065
2023-24,new,BKN,ORL,0.009880593760514748
2023-24,new,BKN,PHI,0.011522819547235141
2023-24,new,BKN,PHX,0.00467941821153388
2023-24,new,BKN,POR,0.0030622847907869313
2023-24,new,BKN,SAC,7.050327043200291e-05
2023-24,new,BKN,SAS,0.006800940611361857
2023-24,new,BKN,TOR,0.008879552535416278
2023-24,new,BKN,UTA,0.0012403017451488897
2023-24,new,BKN,WAS,0.008098060462728209
2023-24,new,BOS,ATL,0.012068729975458777
2023-24,new,BOS,BKN,0.0
2023-24,new,BOS,CHA,7.455233309032942e-05
2023-24,new,BOS,CHI,0.0002858413316440471
2023-24,new,BOS,CLE,0.012686127762787915
2023-24,new,BOS,DAL,0.01683089051793649
2023-24,new,BOS,DEN,0.0022834008746802532
2023-24,new,BOS,DET,4.655102784635657e-06
2023-24,new,BOS,GSW,0.012997911268497662
2023-24,new,BOS,HOU,0.0010176995572525249
2023-24,new,BOS,IND,0.003670080743354879
2023-24,new,BOS,LAC,0.0
2023-24,new,BOS,LAL,0.0
2023-24,new,BOS,MEM,0.005769127285818507
2023-24,new,BOS,MIA,0.010262321537163966
2023-24,new,BOS,MIL,0.01571901968182546
2023-24,new,BOS,MIN,0.0039879246118508845
2023-24,new,BOS,NOP,0.046104564068505306
2023-24,new,BOS,NYK,0.011567701923482214
2023-24,new,BOS,OKC,0.00012230603032392165
2023-24,new,BOS,ORL,0.012250163229803091
2023-24,new,BOS,PHI,0.006205974084577278
2023-24,new,BOS,PHX,0.014375000075027667
2023-24,new,BOS,POR,0.005981094585450066
2023-24,new,BOS,SAC,0.03223361184864208
2023-24,new,BOS,SAS,0.00042450841997486097
2023-24,new,BOS,TOR,0.007649309083281576
2023-24,new,BOS,UTA,0.003137661673144662
2023-24,new,BOS,WAS,0.01727909483585571
2023-24,new,CHA,ATL,0.012551505310707048
2023-24,new,CHA,BKN,0.0
2023-24,new,CHA,BOS,0.0
2023-24,new,CHA,CHI,0.010226722259397589
2023-24,new,CHA,CLE,0.001727664226208674
2023-24,new,CHA,DAL,0.002304448606498289
2023-24,new,CHA,DEN,9.700325089985704e-05
2023-24,new,CHA,DET,0.000405515219389254
2023-24,new,CHA,GSW,0.0044080165593058575
2023-24,new,CHA,HOU,0.0027041630052281112
2023-24,new,CHA,IND,0.005509922965120761
2023-24,new,CHA,LAC,0.0
2023-24,new,CHA,LAL,0.0
2023-24,new,CHA,MEM,0.0010835129179357522
2023-24,new,CHA,MIA,0.015538687753237253
2023-24,new,CHA,MIL,0.0027308729156883885
2023-24,new,CHA,MIN,0.00020690521001040838
2023-24,new,CHA,NOP,0.018663763197991113
2023-24,new,CHA,NYK,0.035047247823633026
2023-24,new,CHA,OKC,0.008574622846007797
2023-24,new,CHA,ORL,0.011492426184219936
2023-24,new,CHA,PHI,0.011829844849517506
2023-24,new,CHA,PHX,0.006860991507017952
2023-24,new,CHA,POR,0.006958025824469274
2023-24,new,CHA,SAC,0.004371769365095723
2023-24,new,CHA,SAS,0.01930578329507312
2023-24,new,CHA,TOR,0.014351902314052162
2023-24,new,CHA,UTA,0.0003717672693992743
2023-24,new,CHA,WAS,0.007584321114338999
2023-24,new,CHI,ATL,0.003998456317076329
2023-24,new,CHI,BKN,0.0
2023-24,new,CHI,BOS,1.8318965790215234e-05
2023-24,new,CHI,CHA,0.00040640410208579443
2023-24,new,CHI,CLE,0.009682766262927677
2023-24,new,CHI,DAL,0.00031626456049915747
2023-24,new,CHI,DEN,0.004953663854233535
2023-24,new,CHI,DET,7.321756864624653e-05
2023-24,new,CHI,GSW,0.0023508858493500526
2023-24,new,CHI,HOU,0.0012203945572476311
2023-24,new,CHI,IND,0.0211784794336179
2023-24,new,CHI,LAC,0.0
2023-24,new,CHI,LAL,0.0
2023-24,new,CHI,MEM,0.00046632542220699004
2023-24,new,CHI,MIA,0.015386429018139058
2023-24,new,CHI,MIL,0.0043531789152545805
2023-24,new,CHI,MIN,0.005773063736173912
2023-24,new,CHI,NOP,0.009426386680536634
2023-24,new,CHI,NYK,0.017641099755382732
2023-24,new,CHI,OKC,0.0026169180736579966
2023-24,new,CHI,ORL,0.010506461363601208
2023-24,new,CHI,PHI,0.03809494491717828
2023-24,new,CHI,PHX,0.003994612167489009
2023-24,new,CHI,POR,0.0020632764554178126
2023-24,new,CHI,SAC,0.0002345478595944134
2023-24,new,CHI,SAS,0.002000794346590659
2023-24,new,CHI,TOR,0.04364890981541889
2023-24,new,CHI,UTA,0.005050107795235316
2023-24,new,CHI,WAS,0.0231056034924053
2023-24,new,CLE,ATL,0.04911739959013676
2023-24,new,CLE,BKN,0.0
2023-24,new,CLE,BOS,0.0002737069012725661
2023-24,new,CLE,CHA,6.0507595253565624e-05
2023-24,new,CLE,CHI,0.005514533949285774
2023-24,new,CLE,DAL,0.0050416589510622455
2023-24,new,CLE,DEN,0.008242456921344175
2023-24,new,CLE,DET,7.315942226613043e-06
2023-24,new,CLE,GSW,0.009159865111051182
2023-24,new,CLE,HOU,0.00010438311828172845
2023-24,new,CLE,IND,0.006219998812690421
2023-24,new,CLE,LAC,0.0
2023-24,new,CLE,LAL,0.0
2023-24,new,CLE,MEM,0.0021554418994467065
2023-24,new,CLE,MIA,0.022272865704785306
2023-24,new,CLE,MIL,0.03119369635264117
2023-24,new,CLE,MIN,0.00945319964286243
2023-24,new,CLE,NOP,0.1109226434591675
2023-24,new,CLE,NYK,0.055699249531104514
2023-24,new,CLE,OKC,0.00012311425228635296
2023-24,new,CLE,ORL,0.019564741924774455
2023-24,new,CLE,PHI,0.010975591001280502
2023-24,new,CLE,PHX,0.025013739420482406
2023-24,new,CLE,POR,0.002870879861576391
2023-24,new,CLE,SAC,0.07131480588217512
2023-24,new,CLE,SAS,0.0029850152723800995
2023-24,new,CLE,TOR,0.01522887246805704
2023-24,new,CLE,UTA,0.009509159473678225
2023-24,new,CLE,WAS,0.022852101461773196
2023-24,new,DAL,ATL,0.06985212216654521
2023-24,new,DAL,BKN,0.0
2023-24,new,DAL,BOS,5.0646552880262517e-05
2023-24,new,DAL,CHA,0.00022688392573458804
2023-24,new,DAL,CHI,0.009807213414379744
2023-24,new,DAL,CLE,0.016655372109066497
2023-24,new,DAL,DEN,0.000616887800420986
2023-24,new,DAL,DET,8.609679746009657e-05
2023-24,new,DAL,GSW,0.03987294374487278
2023-24,new,DAL,HOU,0.00019350420908350094
2023-24,new,DAL,IND,0.00010773919598957471
2023-24,new,DAL,LAC,0.0
2023-24,new,DAL,LAL,0.0
2023-24,new,DAL,MEM,0.013190463720620127
2023-24,new,DAL,MIA,0.013434679915853728
2023-24,new,DAL,MIL,0.009731411712468954
2023-24,new,DAL,MIN,0.004279102185254504
2023-24,new,DAL,NOP,0.10139642349938555
2023-24,new,DAL,NYK,0.12302573349189118
2023-24,new,DAL,OKC,0.004577586156886135
2023-24,new,DAL,ORL,0.021335991375799567
2023-24,new,DAL,PHI,0.011059807050313949
2023-24,new,DAL,PHX,0.06792887923711155
2023-24,new,DAL,POR,0.019801875879550353
2023-24,new,DAL,SAC,0.12064865706541958
2023-24,new,DAL,SAS,0.001268037770973516
2023-24,new,DAL,TOR,0.02709353051328366
2023-24,new,DAL,UTA,0.0066462823204648
2023-24,new,DAL,WAS,0.03549515136523606
2023-24,new,DEN,ATL,0.0187769236540734
2023-24,new,DEN,BKN,0.0
2023-24,new,DEN,BOS,0.0002952586259725023
2023-24,new,DEN,CHA,0.0018806262546178978
2023-24,new,DEN,CHI,0.004968365374783397
2023-24,new,DEN,CLE,0.01375416081769529
2023-24,new,DEN,DAL,0.019093860078809293
2023-24,new,DEN,DET,9.005214163797526e-05
2023-24,new,DEN,GSW,0.018479759309857298
2023-24,new,DEN,HOU,0.00016642758292259734
2023-24,new,DEN,IND,0.003035612202370764
2023-24,new,DEN,LAC,0.0
2023-24,new,DEN,LAL,0.0
2023-24,new,DEN,MEM,0.006907597161379869
2023-24,new,DEN,MIA,0.006168897819143762
2023-24,new,DEN,MIL,0.011341864334816789
2023-24,new,DEN,MIN,0.04152170529709487
2023-24,new,DEN,NOP,0.03889338106988506
2023-24,new,DEN,NYK,0.01756082577137293
2023-24,new,DEN,OKC,0.0012904095266150824
2023-24,new,DEN,ORL,0.017373085242461173
2023-24,new,DEN,PHI,0.011353536668203061
2023-24,new,DEN,PHX,0.01600484921476515
2023-24,new,DEN,POR,0.005540918425981975
2023-24,new,DEN,SAC,0.03545434946631729
2023-24,new,DEN,SAS,0.001444363805700559
2023-24,new,DEN,TOR,0.012327443873619967
2023-24,new,DEN,UTA,0.044673491325470265
2023-24,new,DEN,WAS,0.02328825447218622
2023-24,new,DET,ATL,0.0179610573257458
2023-24,new,DET,BKN,0.0
2023-24,new,DET,BOS,4.31034489181535e-06
2023-24,new,DET,CHA,0.0007590845705182828
2023-24,new,DET,CHI,0.011763443160747615
2023-24,new,DET,CLE,0.009301798198545786
2023-24,new,DET,DAL,1.9023745536838405e-05
2023-24,new,DET,DEN,0.003851675851832418
2023-24,new,DET,GSW,0.009352149085753096
2023-24,new,DET,HOU,0.0002514654000912265
2023-24,new,DET,IND,0.007268659064938697
2023-24,new,DET,LAC,0.0
2023-24,new,DET,LAL,0.0
2023-24,new,DET,MEM,0.0017225215706275772
2023-24,new,DET,MIA,0.01655367473549167
2023-24,new,DET,MIL,0.009967672432981555
2023-24,new,DET,MIN,0.0025032219074271733
2023-24,new,DET,NOP,0.033270220563294046
2023-24,new,DET,NYK,0.03747284965145396
2023-24,new,DET,OKC,0.0003785021382921921
2023-24,new,DET,ORL,0.03255546773468686
2023-24,new,DET,PHI,0.02854332860579425
2023-24,new,DET,PHX,0.01876023711993937
2023-24,new,DET,POR,0.005650018406080995
2023-24,new,DET,SAC,0.010379232208059525
2023-24,new,DET,SAS,0.004879569284281027
2023-24,new,DET,TOR,0.041957034471616014
2023-24,new,DET,UTA,0.002954741419325101
2023-24,new,DET,WAS,0.013703125290681031
2023-24,new,GSW,ATL,0.04899332321862523
2023-24,new,GSW,BKN,0.0
2023-24,new,GSW,BOS,0.0
2023-24,new,GSW,CHA,0.0013388913482279279
2023-24,new,GSW,CHI,0.003908685837318813
2023-24,new,GSW,CLE,0.007023685147922216
2023-24,new,GSW,DAL,0.031130868359274897
2023-24,new,GSW,DEN,0.0001336235837297981
2023-24,new,GSW,DET,0.00033145139425798213
2023-24,new,GSW,HOU,0.0012783208440786727
2023-24,new,GSW,IND,0.0003036169836273144
2023-24,new,GSW,LAC,0.0
2023-24,new,GSW,LAL,0.0
2023-24,new,GSW,MEM,0.003805226370961213
2023-24,new,GSW,MIA,0.004357170361460143
2023-24,new,GSW,MIL,0.005231681072418095
2023-24,new,GSW,MIN,6.789658839591477e-05
2023-24,new,GSW,NOP,0.11981739092215951
2023-24,new,GSW,NYK,0.04949128503002075
2023-24,new,GSW,OKC,0.008167295218144289
2023-24,new,GSW,ORL,0.007130970876083044
2023-24,new,GSW,PHI,0.0030735429936201257
2023-24,new,GSW,PHX,0.0258310882003721
2023-24,new,GSW,POR,0.05204554359124417
2023-24,new,GSW,SAC,0.09338458248510209
2023-24,new,GSW,SAS,0.009644180281936938
2023-24,new,GSW,TOR,0.003818421404515297
2023-24,new,GSW,UTA,0.0037020474889291584
2023-24,new,GSW,WAS,0.012689924685802342
2023-24,new,HOU,ATL,0.0029525507282771573
2023-24,new,HOU,BKN,0.0
2023-24,new,HOU,BOS,1.0775862229538386e-06
2023-24,new,HOU,CHA,0.0015917728994575542
2023-24,new,HOU,CHI,0.0014559972005739668
2023-24,new,HOU,CLE,0.0007427204032674304
2023-24,new,HOU,DAL,0.013798869767701788
2023-24,new,HOU,DEN,0.00790642324595722
2023-24,new,HOU,DET,0.0005010023369601313
2023-24,new,HOU,GSW,0.027529878495238025
2023-24,new,HOU,IND,0.004846811626728845
2023-24,new,HOU,LAC,0.0
2023-24,new,HOU,LAL,0.0
2023-24,new,HOU,MEM,0.0010132004447875478
2023-24,new,HOU,MIA,0.0041733190887533024
2023-24,new,HOU,MIL,0.0133534483493362
2023-24,new,HOU,MIN,0.000277254764080461
2023-24,new,HOU,NOP,0.004265417215615578
2023-24,new,HOU,NYK,0.004342702413450169
2023-24,new,HOU,OKC,0.017587014932390142
2023-24,new,HOU,ORL,0.002035927263948961
2023-24,new,HOU,PHI,0.012640210174913041
2023-24,new,HOU,PHX,0.0075393319837066585
2023-24,new,HOU,POR,0.008538531496251106
2023-24,new,HOU,SAC,0.008176495738483542
2023-24,new,HOU,SAS,0.002239453731650924
2023-24,new,HOU,TOR,0.005652597218490035
2023-24,new,HOU,UTA,0.008153286729638208
2023-24,new,HOU,WAS,0.003713092701890956
2023-24,new,IND,ATL,0.03693075151002937
2023-24,new,IND,BKN,0.0
2023-24,new,IND,BOS,0.0
2023-24,new,IND,CHA,0.00011876845141886869
2023-24,new,IND,CHI,0.02571785940134022
2023-24,new,IND,CLE,0.006197503099855516
2023-24,new,IND,DAL,0.02232162939686775
2023-24,new,IND,DEN,0.0004577435126997374
2023-24,new,IND,DET,2.1698928768701898e-05
2023-24,new,IND,GSW,0.015740971175804714
2023-24,new,IND,HOU,0.0008950583513897475
2023-24,new,IND,LAC,0.0
2023-24,new,IND,LAL,0.0
2023-24,new,IND,MEM,0.004400053969724907
2023-24,new,IND,MIA,0.04606625702307613
2023-24,new,IND,MIL,0.00994100243481406
2023-24,new,IND,MIN,0.0005193783512923991
2023-24,new,IND,NOP,0.0995975674528139
2023-24,new,IND,NYK,0.0366091393619441
2023-24,new,IND,OKC,0.0035026940242547924
2023-24,new,IND,ORL,0.03126023027841811
2023-24,new,IND,PHI,0.04358275165005632
2023-24,new,IND,PHX,0.034336745539049876
2023-24,new,IND,POR,0.0054953435016153376
2023-24,new,IND,SAC,0.07035562007820446
2023-24,new,IND,SAS,0.004343900317588291
2023-24,new,IND,TOR,0.1673276208710891
2023-24,new,IND,UTA,0.0007311422656017261
2023-24,new,IND,WAS,0.04838281291274049
2023-24,new,LAC,ATL,0.034074280645843946
2023-24,new,LAC,BKN,0.0
2023-24,new,LAC,BOS,4.202586213319466e-05
2023-24,new,LAC,CHA,6.353041139932284e-05
2023-24,new,LAC,CHI,0.0022790684378966967
2023-24,new,LAC,CLE,0.017570576267423334
2023-24,new,LAC,DAL,0.006318112906880374
2023-24,new,LAC,DEN,0.0066179211833439
2023-24,new,LAC,DET,6.31507247736008e-06
2023-24,new,LAC,GSW,0.005947729841665014
2023-24,new,LAC,HOU,0.004560356753284085
2023-24,new,LAC,IND,0.008626182362145601
2023-24,new,LAC,LAL,0.0
2023-24,new,LAC,MEM,0.0021031789233755516
2023-24,new,LAC,MIA,0.022865674047190074
2023-24,new,LAC,MIL,0.030802801882543057
2023-24,new,LAC,MIN,0.009210563772061945
2023-24,new,LAC,NOP,0.0472880991420615
2023-24,new,LAC,NYK,0.008874471641580855
2023-24,new,LAC,OKC,0.006325969950994476
2023-24,new,LAC,ORL,0.007575893277233181
2023-24,new,LAC,PHI,0.031069420371745378
2023-24,new,LAC,PHX,0.015708782284235556
2023-24,new,LAC,POR,0.0016583455683638702
2023-24,new,LAC,SAC,0.008906678821594433
2023-24,new,LAC,SAS,0.0005004032447946974
2023-24,new,LAC,TOR,0.038493368877820525
2023-24,new,LAC,UTA,0.0060684267666134654
2023-24,new,LAC,WAS,0.14341729573738873
2023-24,new,LAL,ATL,0.09071123741847692
2023-24,new,LAL,BKN,0.0
2023-24,new,LAL,BOS,0.0
2023-24,new,LAL,CHA,6.515093479691201e-05
2023-24,new,LAL,CHI,0.0004174633641701242
2023-24,new,LAL,CLE,0.003788365742267289
2023-24,new,LAL,DAL,0.017817992316193593
2023-24,new,LAL,DEN,0.00012500289394616737
2023-24,new,LAL,DET,4.8968903067659595e-05
2023-24,new,LAL,GSW,0.014267749433514807
2023-24,new,LAL,HOU,8.659612278161377e-05
2023-24,new,LAL,IND,0.000310171082010756
2023-24,new,LAL,LAC,0.0
2023-24,new,LAL,MEM,0.007547144578561061
2023-24,new,LAL,MIA,0.013898682047331643
2023-24,new,LAL,MIL,0.008542834082096495
2023-24,new,LAL,MIN,0.00010883620763518689
2023-24,new,LAL,NOP,0.31764859726298356
2023-24,new,LAL,NYK,0.0211155723133672
2023-24,new,LAL,OKC,0.004257273755642456
2023-24,new,LAL,ORL,0.01067622229308147
2023-24,new,LAL,PHI,0.008023009503225693
2023-24,new,LAL,PHX,0.04231600211927234
2023-24,new,LAL,POR,0.008674963733226702
2023-24,new,LAL,SAC,0.15534494638869178
2023-24,new,LAL,SAS,0.00022681192834169136
2023-24,new,LAL,TOR,0.030104577615215934
2023-24,new,LAL,UTA,0.002575969867376161
2023-24,new,LAL,WAS,0.016369073334398906
2023-24,new,MEM,ATL,0.0036830761841960343
2023-24,new,MEM,BKN,0.0
2023-24,new,MEM,BOS,2.155172445907675e-06
2023-24,new,MEM,CHA,6.417279736876847e-05
2023-24,new,MEM,CHI,0.0023397286919966216
2023-24,new,MEM,CLE,0.0009546468341937755
2023-24,new,MEM,DAL,0.0001222739726778721
2023-24,new,MEM,DEN,0.0
2023-24,new,MEM,DET,9.601454807886276e-05
2023-24,new,MEM,GSW,0.0006522038997183565
2023-24,new,MEM,HOU,0.003815002437284984
2023-24,new,MEM,IND,0.0034363958753598524
2023-24,new,MEM,LAC,0.0
2023-24,new,MEM,LAL,0.0
2023-24,new,MEM,MIA,0.009153314776586523
2023-24,new,MEM,MIL,0.0005379849207659798
2023-24,new,MEM,MIN,0.004735991396009923
2023-24,new,MEM,NOP,0.0009201179096451015
2023-24,new,MEM,NYK,0.006070348121231498
2023-24,new,MEM,OKC,0.0014213361557380388
2023-24,new,MEM,ORL,0.008841321244858888
2023-24,new,MEM,PHI,1.593923900733491e-05
2023-24,new,MEM,PHX,0.0003149245837342058
2023-24,new,MEM,POR,0.0007930940923819549
2023-24,new,MEM,SAC,5.7785799427347016e-05
2023-24,new,MEM,SAS,0.004712373680453436
2023-24,new,MEM,TOR,0.008317269105250567
2023-24,new,MEM,UTA,0.006720096991810915
2023-24,new,MEM,WAS,0.001806842671699244
2023-24,new,MIA,ATL,0.020826213551555426
2023-24,new,MIA,BKN,0.0
2023-24,new,MIA,BOS,4.0948276472245835e-05
2023-24,new,MIA,CHA,0.0005036811095392583
2023-24,new,MIA,CHI,0.01081438198112573
2023-24,new,MIA,CLE,0.009107422051721357
2023-24,new,MIA,DAL,0.0061303419797943395
2023-24,new,MIA,DEN,0.0005571289266864086
2023-24,new,MIA,DET,1.6280490398470655e-05
2023-24,new,MIA,GSW,0.0029839571696780253
2023-24,new,MIA,HOU,9.010670920358556e-05
2023-24,new,MIA,IND,0.016793872540998206
2023-24,new,MIA,LAC,0.0
2023-24,new,MIA,LAL,0.0
2023-24,new,MIA,MEM,0.0006182651203286286
2023-24,new,MIA,MIL,0.0037906789487621205
2023-24,new,MIA,MIN,0.004495536211460573
2023-24,new,MIA,NOP,0.023220987815668774
2023-24,new,MIA,NYK,0.026672962213851265
2023-24,new,MIA,OKC,5.8728473818989406e-05
2023-24,new,MIA,ORL,0.02787450638926312
2023-24,new,MIA,PHI,0.03774639976292672
2023-24,new,MIA,PHX,0.011802532304287084
2023-24,new,MIA,POR,0.00356325753857056
2023-24,new,MIA,SAC,3.47660388172489e-05
2023-24,new,MIA,SAS,0.003353614898642011
2023-24,new,MIA,TOR,0.03024719521839682
2023-24,new,MIA,UTA,0.005182650882814979
2023-24,new,MIA,WAS,0.0049539332541813745
2023-24,new,MIL,ATL,0.007728174575064592
2023-24,new,MIL,BKN,0.0
2023-24,new,MIL,BOS,2.155172445907675e-06
2023-24,new,MIL,CHA,1.3965853569406734e-05
2023-24,new,MIL,CHI,6.0837020027199016e-05
2023-24,new,MIL,CLE,0.015170723001609642
2023-24,new,MIL,DAL,0.016086586193562038
2023-24,new,MIL,DEN,0.0027144396891175164
2023-24,new,MIL,DET,2.3932585426972074e-06
2023-24,new,MIL,GSW,0.006633810439027047
2023-24,new,MIL,HOU,0.002298300687755681
2023-24,new,MIL,IND,0.003187732405601411
2023-24,new,MIL,LAC,0.0
2023-24,new,MIL,LAL,0.0
2023-24,new,MIL,MEM,0.0046161100654140245
2023-24,new,MIL,MIA,0.0031616243875343822
2023-24,new,MIL,MIN,0.00533836216111828
2023-24,new,MIL,NOP,0.03496456451123665
2023-24,new,MIL,NYK,0.013323490030412763
2023-24,new,MIL,OKC,0.00022198275843603085
2023-24,new,MIL,ORL,0.006055641954772867
2023-24,new,MIL,PHI,0.005419251172019951
2023-24,new,MIL,PHX,0.002362338444418756
2023-24,new,MIL,POR,0.0022046572920564485
2023-24,new,MIL,SAC,0.01934989841578919
2023-24,new,MIL,SAS,0.0002588257203776546
2023-24,new,MIL,TOR,0.0026290248162819
2023-24,new,MIL,UTA,0.0038685344872747326
2023-24,new,MIL,WAS,0.02326104519649907
2023-24,new,MIN,ATL,0.01183659895570971
2023-24,new,MIN,BKN,0.0
2023-24,new,MIN,BOS,0.00015517241658707115
2023-24,new,MIN,CHA,9.701940393862506e-05
2023-24,new,MIN,CHI,0.00013138728876944044
2023-24,new,MIN,CLE,0.0016651539977713444
2023-24,new,MIN,DAL,0.009734164431025889
2023-24,new,MIN,DEN,0.009864224096246323
2023-24,new,MIN,DET,9.975528858970896e-05
2023-24,new,MIN,GSW,0.011871737017826149
2023-24,new,MIN,HOU,3.4774245565045177e-07
2023-24,new,MIN,IND,3.268884230229905e-05
2023-24,new,MIN,LAC,0.0
2023-24,new,MIN,LAL,0.0
2023-24,new,MIN,MEM,0.0011546336706920427
2023-24,new,MIN,MIA,0.0026491607303472946
2023-24,new,MIN,MIL,0.0012599677243470698
2023-24,new,MIN,NOP,0.017724129020932577
2023-24,new,MIN,NYK,0.0022590981690992044
2023-24,new,MIN,OKC,0.003784213284961879
2023-24,new,MIN,ORL,0.0025867211892655895
2023-24,new,MIN,PHI,0.0016220277258977062
2023-24,new,MIN,PHX,0.008207165952611327
2023-24,new,MIN,POR,0.005170699522090342
2023-24,new,MIN,SAC,0.0013188240103993551
2023-24,new,MIN,SAS,0.00045431067980979193
2023-24,new,MIN,TOR,0.002194322946180503
2023-24,new,MIN,UTA,0.01169639011459618
2023-24,new,MIN,WAS,0.00224515094909544
2023-24,new,NOP,ATL,0.05799835253690341
2023-24,new,NOP,BKN,0.0
2023-24,new,NOP,BOS,1.0775862229538386e-06
2023-24,new,NOP,CHA,2.4486689490673095e-05
2023-24,new,NOP,CHI,0.004104844586818593
2023-24,new,NOP,CLE,0.012790879864508591
2023-24,new,NOP,DAL,0.04198592944176073
2023-24,new,NOP,DEN,0.002494172014881782
2023-24,new,NOP,DET,1.4386037087955952e-05
2023-24,new,NOP,GSW,0.024931614166109145
2023-24,new,NOP,HOU,0.001120048124181205
2023-24,new,NOP,IND,0.00018655432669098792
2023-24,new,NOP,LAC,0.0
2023-24,new,NOP,LAL,0.0
2023-24,new,NOP,MEM,0.0030875539913540707
2023-24,new,NOP,MIA,0.013762775686378927
2023-24,new,NOP,MIL,0.03664978470679389
2023-24,new,NOP,MIN,0.002015401338252685
2023-24,new,NOP,NYK,0.024597448845948874
2023-24,new,NOP,OKC,0.0013335129264982993
2023-24,new,NOP,ORL,0.009138547715980456
2023-24,new,NOP,PHI,0.017677374004120814
2023-24,new,NOP,PHX,0.043047144694498676
2023-24,new,NOP,POR,0.00783408961842254
2023-24,new,NOP,SAC,0.026582444028551318
2023-24,new,NOP,SAS,0.004494664166570046
2023-24,new,NOP,TOR,0.0357729142345704
2023-24,new,NOP,UTA,0.0013588362521941549
2023-24,new,NOP,WAS,0.01199137939782492
2023-24,new,NYK,ATL,0.016735852391861053
2023-24,new,NYK,BKN,0.0
2023-24,new,NYK,BOS,6.465517337723025e-06
2023-24,new,NYK,CHA,0.0015776926174662597
2023-24,new,NYK,CHI,0.006562297712562861
2023-24,new,NYK,CLE,0.035476017617874944
2023-24,new,NYK,DAL,7.246769322103649e-05
2023-24,new,NYK,DEN,0.0019213362186665426
2023-24,new,NYK,DET,7.403419116724707e-05
2023-24,new,NYK,GSW,0.0012080022649978012
2023-24,new,NYK,HOU,0.005236491092799144
2023-24,new,NYK,IND,0.008540015441893378
2023-24,new,NYK,LAC,0.0
2023-24,new,NYK,LAL,0.0
2023-24,new,NYK,MEM,0.00017133621300233462
2023-24,new,NYK,MIA,0.01993253057501165
2023-24,new,NYK,MIL,0.02142995715524664
2023-24,new,NYK,MIN,0.0044073275630844054
2023-24,new,NYK,NOP,0.04128392725963214
2023-24,new,NYK,OKC,0.0001357758099992021
2023-24,new,NYK,ORL,0.0354232932149893
2023-24,new,NYK,PHI,0.01917512964805925
2023-24,new,NYK,PHX,0.021718211307447274
2023-24,new,NYK,POR,0.0028876499841551063
2023-24,new,NYK,SAC,0.000150425322280213
2023-24,new,NYK,SAS,0.003286833599147642
2023-24,new,NYK,TOR,0.020953568350098074
2023-24,new,NYK,UTA,0.005995689600260509
2023-24,new,NYK,WAS,0.01423275898445542
2023-24,new,OKC,ATL,0.008764131466674471
2023-24,new,OKC,BKN,0.0
2023-24,new,OKC,BOS,3.0172413680702454e-05
2023-24,new,OKC,CHA,6.423623627208876e-06
2023-24,new,OKC,CHI,0.0009567808082534779
2023-24,new,OKC,CLE,0.00339424244593872
2023-24,new,OKC,DAL,0.010953822076189406
2023-24,new,OKC,DEN,0.013352834926107757
2023-24,new,OKC,DET,4.375380244420838e-06
2023-24,new,OKC,GSW,0.00244161649681136
2023-24,new,OKC,HOU,8.446599062659976e-06
2023-24,new,OKC,IND,0.0011757820495816714
2023-24,new,OKC,LAC,0.0
2023-24,new,OKC,LAL,0.0
2023-24,new,OKC,MEM,0.005951778173731672
2023-24,new,OKC,MIA,0.0063787598691236345
2023-24,new,OKC,MIL,0.0006691810129017667
2023-24,new,OKC,MIN,0.013349137887165977
2023-24,new,OKC,NOP,0.03601159002378122
2023-24,new,OKC,NYK,0.004519466856051606
2023-24,new,OKC,ORL,0.008102093621621396
2023-24,new,OKC,PHI,0.00034035361383490895
2023-24,new,OKC,PHX,0.00018776939425151794
2023-24,new,OKC,POR,0.0004032451465871413
2023-24,new,OKC,SAC,0.0235029185985753
2023-24,new,OKC,SAS,2.3371825677232335e-05
2023-24,new,OKC,TOR,0.003717249289274357
2023-24,new,OKC,UTA,0.027997036715327148
2023-24,new,OKC,WAS,0.00962365302361612
2023-24,new,ORL,ATL,0.013987737286546148
2023-24,new,ORL,BKN,0.0
2023-24,new,ORL,BOS,0.00026939655638075075
2023-24,new,ORL,CHA,0.0
2023-24,new,ORL,CHI,0.0031994806564971732
2023-24,new,ORL,CLE,0.009080792050034266
2023-24,new,ORL,DAL,0.005154057451116971
2023-24,new,ORL,DEN,0.003198275852964485
2023-24,new,ORL,DET,3.359372605136095e-06
2023-24,new,ORL,GSW,0.0010013008135752773
2023-24,new,ORL,HOU,0.0043969286704391205
2023-24,new,ORL,IND,0.005725071310155811
2023-24,new,ORL,LAC,0.0
2023-24,new,ORL,LAL,0.0
2023-24,new,ORL,MEM,0.0007052801968931253
2023-24,new,ORL,MIA,0.04105397449509273
2023-24,new,ORL,MIL,0.015469019460564093
2023-24,new,ORL,MIN,0.004431034533852905
2023-24,new,ORL,NOP,0.02220418277122892
2023-24,new,ORL,NYK,0.03182435705299616
2023-24,new,ORL,OKC,0.0023930496403722665
2023-24,new,ORL,PHI,0.04048081806174161
2023-24,new,ORL,PHX,0.010931842838903761
2023-24,new,ORL,POR,0.0032363325950656623
2023-24,new,ORL,SAC,0.005434834477480901
2023-24,new,ORL,SAS,0.002481805613246377
2023-24,new,ORL,TOR,0.01804248843866217
2023-24,new,ORL,UTA,0.004336206877206709
2023-24,new,ORL,WAS,0.04941702591289429
2023-24,new,PHI,ATL,0.011480080010929943
2023-24,new,PHI,BKN,0.0
2023-24,new,PHI,BOS,0.0
2023-24,new,PHI,CHA,3.7695399132321102e-06
2023-24,new,PHI,CHI,0.017702384154566077
2023-24,new,PHI,CLE,0.004367360668089955
2023-24,new,PHI,DAL,0.014377647610801238
2023-24,new,PHI,DEN,0.009119612052233826
2023-24,new,PHI,DET,2.7596872234596485e-05
2023-24,new,PHI,GSW,0.0011890854812567936
2023-24,new,PHI,HOU,0.006797492276300573
2023-24,new,PHI,IND,0.019098780598616374
2023-24,new,PHI,LAC,0.0
2023-24,new,PHI,LAL,0.0
2023-24,new,PHI,MEM,0.0013281250291239017
2023-24,new,PHI,MIA,0.04405001333209258
2023-24,new,PHI,MIL,0.005143049540327349
2023-24,new,PHI,MIN,0.007080818966255876
2023-24,new,PHI,NOP,0.029158248883345415
2023-24,new,PHI,NYK,0.0367625026989649
2023-24,new,PHI,OKC,0.0017079741377704614
2023-24,new,PHI,ORL,0.030495167037696697
2023-24,new,PHI,PHX,0.01610937488118813
2023-24,new,PHI,POR,0.002628925208932584
2023-24,new,PHI,SAC,1.6927242947059943e-05
2023-24,new,PHI,SAS,0.00269243058190505
2023-24,new,PHI,TOR,0.024387158429713902
2023-24,new,PHI,UTA,0.016750808248460966
2023-24,new,PHI,WAS,0.010505657490194326
2023-24,new,PHX,ATL,0.03295604697097604
2023-24,new,PHX,BKN,0.0
2023-24,new,PHX,BOS,4.418103522139378e-05
2023-24,new,PHX,CHA,0.0011875145111174437
2023-24,new,PHX,CHI,0.0006998859659317939
2023-24,new,PHX,CLE,0.012614824508213572
2023-24,new,PHX,DAL,0.08847357292085534
2023-24,new,PHX,DEN,0.00639628523075191
2023-24,new,PHX,DET,6.5201681192338e-05
2023-24,new,PHX,GSW,0.03507751035555225
2023-24,new,PHX,HOU,0.0014551867488722635
2023-24,new,PHX,IND,0.00011582058159029688
2023-24,new,PHX,LAC,0.0
2023-24,new,PHX,LAL,0.0
2023-24,new,PHX,MEM,0.0358246237729628
2023-24,new,PHX,MIA,0.011062777630303463
2023-24,new,PHX,MIL,0.0044943426988601435
2023-24,new,PHX,MIN,0.012365697439700885
2023-24,new,PHX,NOP,0.13937142424925097
2023-24,new,PHX,NYK,0.01898363506671348
2023-24,new,PHX,OKC,0.0018329741286539371
2023-24,new,PHX,ORL,0.014896427449304396
2023-24,new,PHX,PHI,0.0063220430243566056
2023-24,new,PHX,POR,0.009671300417011338
2023-24,new,PHX,SAC,0.11448604854876412
2023-24,new,PHX,SAS,4.435502257167149e-05
2023-24,new,PHX,TOR,0.007106486438373043
2023-24,new,PHX,UTA,0.019754040964120388
2023-24,new,PHX,WAS,0.07406438542742699
2023-24,new,POR,ATL,0.026125008955809777
2023-24,new,POR,BKN,0.0
2023-24,new,POR,BOS,0.0
2023-24,new,POR,CHA,0.0009472679957455968
2023-24,new,POR,CHI,0.007687738401388572
2023-24,new,POR,CLE,0.0016251514467112255
2023-24,new,POR,DAL,0.0004872473471231513
2023-24,new,POR,DEN,0.0
2023-24,new,POR,DET,0.0001756239160651577
2023-24,new,POR,GSW,0.008998235991016151
2023-24,new,POR,HOU,0.0038353651404667605
2023-24,new,POR,IND,0.004872556182515255
2023-24,new,POR,LAC,0.0
2023-24,new,POR,LAL,0.0
2023-24,new,POR,MEM,0.00046497844348276213
2023-24,new,POR,MIA,0.000477785023894126
2023-24,new,POR,MIL,4.579741447553809e-06
2023-24,new,POR,MIN,0.0
2023-24,new,POR,NOP,0.03487605173908793
2023-24,new,POR,NYK,0.0026231433741895336
2023-24,new,POR,OKC,0.0049488146257474375
2023-24,new,POR,ORL,0.005075430800893958
2023-24,new,POR,PHI,0.007394886249232537
2023-24,new,POR,PHX,0.00160344834883039
2023-24,new,POR,SAC,0.045872031990027984
2023-24,new,POR,SAS,0.006262364848719968
2023-24,new,POR,TOR,0.011148457698913287
2023-24,new,POR,UTA,0.0005457973967964666
2023-24,new,POR,WAS,0.0016179957247242842
2023-24,new,SAC,ATL,0.1529870048805425
2023-24,new,SAC,BKN,0.0
2023-24,new,SAC,BOS,0.0001540948303641173
2023-24,new,SAC,CHA,0.000659058215984875
2023-24,new,SAC,CHI,0.0050546291655543495
2023-24,new,SAC,CLE,0.018210806637365635
2023-24,new,SAC,DAL,0.06454644021203736
2023-24,new,SAC,DEN,0.005795659466460142
2023-24,new,SAC,DET,7.541067356798734e-05
2023-24,new,SAC,GSW,0.03713878814773007
2023-24,new,SAC,HOU,8.747891828406296e-05
2023-24,new,SAC,IND,0.006547492176530047
2023-24,new,SAC,LAC,0.0
2023-24,new,SAC,LAL,0.0
2023-24,new,SAC,MEM,0.008718750252858093
2023-24,new,SAC,MIA,0.0170237493782688
2023-24,new,SAC,MIL,0.016681034522962056
2023-24,new,SAC,MIN,0.0010594288893781628
2023-24,new,SAC,NOP,0.1623698453338712
2023-24,new,SAC,NYK,0.06527107829706938
2023-24,new,SAC,OKC,0.003078394447521563
2023-24,new,SAC,ORL,0.01874323715573356
2023-24,new,SAC,PHI,0.01160019150963534
2023-24,new,SAC,PHX,0.07299245692863819
2023-24,new,SAC,POR,0.007689706690906862
2023-24,new,SAC,SAS,0.00025701486839303214
2023-24,new,SAC,TOR,0.01687299533358236
2023-24,new,SAC,UTA,0.005088631478198483
2023-24,new,SAC,WAS,0.03830387969814435
2023-24,new,SAS,ATL,0.028883363191393945
2023-24,new,SAS,BKN,0.0
2023-24,new,SAS,BOS,0.0
2023-24,new,SAS,CHA,0.007810870941180405
2023-24,new,SAS,CHI,0.007501698249357092
2023-24,new,SAS,CLE,0.009291857205577196
2023-24,new,SAS,DAL,0.042364815182133655
2023-24,new,SAS,DEN,0.0012417632892578272
2023-24,new,SAS,DET,0.0005027963680641312
2023-24,new,SAS,GSW,0.008084067759177591
2023-24,new,SAS,HOU,0.005459980192248887
2023-24,new,SAS,IND,0.0007606530709277055
2023-24,new,SAS,LAC,0.0
2023-24,new,SAS,LAL,0.0
2023-24,new,SAS,MEM,0.007719288968224209
2023-24,new,SAS,MIA,0.005968301768865509
2023-24,new,SAS,MIL,0.005957166019481896
2023-24,new,SAS,MIN,0.0069729242084201415
2023-24,new,SAS,NOP,0.06137762316294771
2023-24,new,SAS,NYK,0.011152603512056632
2023-24,new,SAS,OKC,0.0016112607592869356
2023-24,new,SAS,ORL,0.010902096390685153
2023-24,new,SAS,PHI,0.004180320697701999
2023-24,new,SAS,PHX,0.017517780108329165
2023-24,new,SAS,POR,0.01776898123442955
2023-24,new,SAS,SAC,0.03057352276757744
2023-24,new,SAS,TOR,0.004742394701839224
2023-24,new,SAS,UTA,0.010130387913949532
2023-24,new,SAS,WAS,0.016581896651166907
2023-24,new,TOR,ATL,0.04369204764771374
2023-24,new,TOR,BKN,0.0
2023-24,new,TOR,BOS,0.0
2023-24,new,TOR,CHA,0.00022825145179191424
2023-24,new,TOR,CHI,0.005843673779450289
2023-24,new,TOR,CLE,0.00560049407080564
2023-24,new,TOR,DAL,0.02236039000322493
2023-24,new,TOR,DEN,0.00021659483121515353
2023-24,new,TOR,DET,2.9701529784749062e-05
2023-24,new,TOR,GSW,0.007346425605569962
2023-24,new,TOR,HOU,0.008948953476460915
2023-24,new,TOR,IND,0.0007488242559059473
2023-24,new,TOR,LAC,0.0
2023-24,new,TOR,LAL,0.0
2023-24,new,TOR,MEM,0.0042101293904425845
2023-24,new,TOR,MIA,0.01883175832145331
2023-24,new,TOR,MIL,0.0038437500660476304
2023-24,new,TOR,MIN,0.00035822285731887084
2023-24,new,TOR,NOP,0.07884459961053497
2023-24,new,TOR,NYK,0.021189460968619466
2023-24,new,TOR,OKC,0.0010969827799046218
2023-24,new,TOR,ORL,0.014030254437275454
2023-24,new,TOR,PHI,0.018812519777529808
2023-24,new,TOR,PHX,0.03194746762752966
2023-24,new,TOR,POR,0.022150290503300557
2023-24,new,TOR,SAC,0.066017549006814
2023-24,new,TOR,SAS,0.015749490352511646
2023-24,new,TOR,UTA,0.0005479526150056386
2023-24,new,TOR,WAS,0.012420528065413237
2023-24,new,UTA,ATL,0.013160861731691688
2023-24,new,UTA,BKN,0.0
2023-24,new,UTA,BOS,0.0001185344849263543
2023-24,new,UTA,CHA,0.00021298449803030807
2023-24,new,UTA,CHI,0.00041107566689630733
2023-24,new,UTA,CLE,0.008191112522851715
2023-24,new,UTA,DAL,0.0010144487543577096
2023-24,new,UTA,DEN,2.1756632799193074e-06
2023-24,new,UTA,DET,0.00018163138616623614
2023-24,new,UTA,GSW,0.017850131791580272
2023-24,new,UTA,HOU,5.44497849596206e-05
2023-24,new,UTA,IND,0.0004336683079509383
2023-24,new,UTA,LAC,0.0
2023-24,new,UTA,LAL,0.0
2023-24,new,UTA,MEM,0.002532058240934115
2023-24,new,UTA,MIA,0.006952947645664506
2023-24,new,UTA,MIL,0.003683459069760485
2023-24,new,UTA,MIN,0.004281250009200825
2023-24,new,UTA,NOP,0.03565995816246764
2023-24,new,UTA,NYK,0.03633735479750161
2023-24,new,UTA,OKC,0.01070096985196117
2023-24,new,UTA,ORL,0.01379394348961872
2023-24,new,UTA,PHI,0.0023657415191185947
2023-24,new,UTA,PHX,0.026735452544104688
2023-24,new,UTA,POR,0.00607166474606333
2023-24,new,UTA,SAC,0.042094109679021004
2023-24,new,UTA,SAS,0.0030714329200921065
2023-24,new,UTA,TOR,0.007828664864750888
2023-24,new,UTA,WAS,0.017342672631955415
2023-24,new,WAS,ATL,0.002043133460070746
2023-24,new,WAS,BKN,0.0
2023-24,new,WAS,BOS,3.5560345357476644e-05
2023-24,new,WAS,CHA,0.000806366463564891
2023-24,new,WAS,CHI,0.0008101735783680529
2023-24,new,WAS,CLE,0.011669190728097233
2023-24,new,WAS,DAL,0.014252926619329621
2023-24,new,WAS,DEN,0.0027403017386376607
2023-24,new,WAS,DET,1.532748576802441e-05
2023-24,new,WAS,GSW,0.004014729166818511
2023-24,new,WAS,HOU,3.300711579091523e-05
2023-24,new,WAS,IND,0.001214381563583849
2023-24,new,WAS,LAC,0.0
2023-24,new,WAS,LAL,0.0
2023-24,new,WAS,MEM,0.002090786669608045
2023-24,new,WAS,MIA,0.004319505421907917
2023-24,new,WAS,MIL,0.008239493618121143
2023-24,new,WAS,MIN,0.004414870759215334
2023-24,new,WAS,NOP,0.016562312664934874
2023-24,new,WAS,NYK,0.02331603071980469
2023-24,new,WAS,OKC,0.0011729525893340526
2023-24,new,WAS,ORL,0.006596204906514481
2023-24,new,WAS,PHI,0.004865649327830403
2023-24,new,WAS,PHX,0.013047952635900181
2023-24,new,WAS,POR,0.0013780503667214423
2023-24,new,WAS,SAC,0.0020118328885539217
2023-24,new,WAS,SAS,0.004167183717604538
2023-24,new,WAS,TOR,0.0028355011105178603
2023-24,new,WAS,UTA,0.005167025911946907
2023-24,old,ATL,BKN,0.0
2023-24,old,ATL,BOS,0.0
2023-24,old,ATL,CHA,0.0013945834693193549
2023-24,old,ATL,CHI,0.012615463514278242
2023-24,old,ATL,CLE,0.007308117562860895
2023-24,old,ATL,DAL,0.0006029368366328742
2023-24,old,ATL,DEN,0.0007521551760748544
2023-24,old,ATL,DET,2.2603537978206766e-05
2023-24,old,ATL,GSW,0.0012785037481024433
2023-24,old,ATL,HOU,0.03494780731901005
2023-24,old,ATL,IND,0.00017739329870408818
2023-24,old,ATL,LAC,0.0
2023-24,old,ATL,LAL,0.0
2023-24,old,ATL,MEM,0.0010848599038857578
2023-24,old,ATL,MIA,0.008544791392859345
2023-24,old,ATL,MIL,0.006759698299434163
2023-24,old,ATL,MIN,0.01038362083111916
2023-24,old,ATL,NOP,0.01873103700587019
2023-24,old,ATL,NYK,0.010972871392827984
2023-24,old,ATL,OKC,0.06773868567848192
2023-24,old,ATL,ORL,0.010046835688748064
2023-24,old,ATL,PHI,0.007727612361187797
2023-24,old,ATL,PHX,0.0031142241996512257
2023-24,old,ATL,POR,0.005204235055083641
2023-24,old,ATL,SAC,0.009978137857084643
2023-24,old,ATL,SAS,0.001896849003962626
2023-24,old,ATL,TOR,0.006235346483269991
2023-24,old,ATL,UTA,0.09097898764110268
2023-24,old,ATL,WAS,0.024435614626694076
2023-24,old,BKN,ATL,0.0217612697178217
2023-24,old,BKN,BOS,0.0
2023-24,old,BKN,CHA,0.0015401871347092428
2023-24,old,BKN,CHI,0.0023188066424606425
2023-24,old,BKN,CLE,0.007972323057267007
2023-24,old,BKN,DAL,0.0001756307280514023
2023-24,old,BKN,DEN,0.0003426723260146151
2023-24,old,BKN,DET,0.0009878996698901967
2023-24,old,BKN,GSW,0.0006548201151028423
2023-24,old,BKN,HOU,0.10551665887887247
2023-24,old,BKN,IND,0.0004966504343483148
2023-24,old,BKN,LAC,0.0
2023-24,old,BKN,LAL,0.0
2023-24,old,BKN,MEM,0.010485991477115273
2023-24,old,BKN,MIA,0.010752526738276641
2023-24,old,BKN,MIL,0.001267241392252517
2023-24,old,BKN,MIN,0.002034482803705272
2023-24,old,BKN,NOP,0.019456558157437843
2023-24,old,BKN,NYK,0.02056112450449463
2023-24,old,BKN,OKC,0.03964035585133262
2023-24,old,BKN,ORL,0.007299750572515232
2023-24,old,BKN,PHI,0.006701121148021084
2023-24,old,BKN,PHX,0.006770204813018893
2023-24,old,BKN,POR,0.006921121146379543
2023-24,old,BKN,SAC,0.00017655042344906038
2023-24,old,BKN,SAS,0.056664554637792956
2023-24,old,BKN,TOR,0.01916268956161954
2023-24,old,BKN,UTA,0.06684671360334973
2023-24,old,BKN,WAS,0.008692888094349123
2023-24,old,BOS,ATL,0.013396287604497983
2023-24,old,BOS,BKN,0.0
2023-24,old,BOS,CHA,0.00017174842186888149
2023-24,old,BOS,CHI,0.0026292808399897287
2023-24,old,BOS,CLE,0.012615961643830522
2023-24,old,BOS,DAL,0.0013299049613796003
2023-24,old,BOS,DEN,0.0022834052179416093
2023-24,old,BOS,DET,0.0011006934430707067
2023-24,old,BOS,GSW,0.002551168499218584
2023-24,old,BOS,HOU,0.004024426163986657
2023-24,old,BOS,IND,0.0008802658660999584
2023-24,old,BOS,LAC,0.0
2023-24,old,BOS,LAL,0.0
2023-24,old,BOS,MEM,0.0008297413919755289
2023-24,old,BOS,MIA,0.010187108019587937
2023-24,old,BOS,MIL,0.015748922382160253
2023-24,old,BOS,MIN,0.003987556811645909
2023-24,old,BOS,NOP,0.032516074719975585
2023-24,old,BOS,NYK,0.04843340274940644
2023-24,old,BOS,OKC,0.015545528228394686
2023-24,old,BOS,ORL,0.012428682014821934
2023-24,old,BOS,PHI,0.007122510584613582
2023-24,old,BOS,PHX,0.013294180957299402
2023-24,old,BOS,POR,0.009685478995978995
2023-24,old,BOS,SAC,0.020183943070858194
2023-24,old,BOS,SAS,0.0006418048514638727
2023-24,old,BOS,TOR,0.009726072657200519
2023-24,old,BOS,UTA,0.022105603556144694
2023-24,old,BOS,WAS,0.005918372889623401
2023-24,old,CHA,ATL,0.01839731662137353
2023-24,old,CHA,BKN,0.0
2023-24,old,CHA,BOS,0.0
2023-24,old,CHA,CHI,0.006383624100888707
2023-24,old,CHA,CLE,0.0016473335466470433
2023-24,old,CHA,DAL,0.0005181598175867766
2023-24,old,CHA,DEN,9.698399610462767e-05
2023-24,old,CHA,DET,0.0007774397275183252
2023-24,old,CHA,GSW,0.0012993032911325659
2023-24,old,CHA,HOU,0.020706690014046923
2023-24,old,CHA,IND,0.0008526071505159613
2023-24,old,CHA,LAC,0.0
2023-24,old,CHA,LAL,0.0
2023-24,old,CHA,MEM,0.003348329789025291
2023-24,old,CHA,MIA,0.012384362251504582
2023-24,old,CHA,MIL,0.0027222522239176692
2023-24,old,CHA,MIN,0.00020689679960712837
2023-24,old,CHA,NOP,0.02231818860069787
2023-24,old,CHA,NYK,0.025191953797533632
2023-24,old,CHA,OKC,0.07172413795885374
2023-24,old,CHA,ORL,0.009941497432801335
2023-24,old,CHA,PHI,0.00947834652643909
2023-24,old,CHA,PHX,0.009853179082495226
2023-24,old,CHA,POR,0.023276954887709356
2023-24,old,CHA,SAC,0.004740526454957346
2023-24,old,CHA,SAS,0.02475555105454052
2023-24,old,CHA,TOR,0.0321159742709575
2023-24,old,CHA,UTA,0.008527747935250173
2023-24,old,CHA,WAS,0.005891702652583702
2023-24,old,CHI,ATL,0.013941368353116138
2023-24,old,CHI,BKN,0.0
2023-24,old,CHI,BOS,1.8318965790215234e-05
2023-24,old,CHI,CHA,0.000602745945991299
2023-24,old,CHI,CLE,0.009550137853476926
2023-24,old,CHI,DAL,0.0009738433357147015
2023-24,old,CHI,DEN,0.004955819041714474
2023-24,old,CHI,DET,0.0008788713008263876
2023-24,old,CHI,GSW,0.003994675906193198
2023-24,old,CHI,HOU,0.020024049340467087
2023-24,old,CHI,IND,0.003513584442465738
2023-24,old,CHI,LAC,0.0
2023-24,old,CHI,LAL,0.0
2023-24,old,CHI,MEM,0.0008892780387822284
2023-24,old,CHI,MIA,0.009935019682388945
2023-24,old,CHI,MIL,0.004349137961800244
2023-24,old,CHI,MIN,0.0057607759168371376
2023-24,old,CHI,NOP,0.01049882158893595
2023-24,old,CHI,NYK,0.011303166648062794
2023-24,old,CHI,OKC,0.03293049554611509
2023-24,old,CHI,ORL,0.007455499951773058
2023-24,old,CHI,PHI,0.016763244236721143
2023-24,old,CHI,PHX,0.004696659509068484
2023-24,old,CHI,POR,0.003492517285751627
2023-24,old,CHI,SAC,0.0004607283551596291
2023-24,old,CHI,SAS,0.0013645715744108318
2023-24,old,CHI,TOR,0.04772360967312766
2023-24,old,CHI,UTA,0.03936072194567432
2023-24,old,CHI,WAS,0.023505926685616504
2023-24,old,CLE,ATL,0.05293615180155421
2023-24,old,CLE,BKN,0.0
2023-24,old,CLE,BOS,0.0002737069012725661
2023-24,old,CLE,CHA,0.00010972735705771483
2023-24,old,CLE,CHI,0.0031293900276084434
2023-24,old,CLE,DAL,0.0003015649288379855
2023-24,old,CLE,DEN,0.008221951294841021
2023-24,old,CLE,DET,5.5630599164709114e-05
2023-24,old,CLE,GSW,0.003009685283731813
2023-24,old,CLE,HOU,0.00772675834897439
2023-24,old,CLE,IND,0.0008027432041169136
2023-24,old,CLE,LAC,0.0
2023-24,old,CLE,LAL,0.0
2023-24,old,CLE,MEM,0.0012882542972260257
2023-24,old,CLE,MIA,0.018754453533233437
2023-24,old,CLE,MIL,0.030863146732625517
2023-24,old,CLE,MIN,0.00945552420134469
2023-24,old,CLE,NOP,0.09656215273665097
2023-24,old,CLE,NYK,0.05351948214557189
2023-24,old,CLE,OKC,0.004294181030528652
2023-24,old,CLE,ORL,0.018346366227042384
2023-24,old,CLE,PHI,0.009933974790230424
2023-24,old,CLE,PHX,0.018433189805344165
2023-24,old,CLE,POR,0.010130160990759328
2023-24,old,CLE,SAC,0.0533000157982877
2023-24,old,CLE,SAS,0.0015857773906725057
2023-24,old,CLE,TOR,0.015547100914443859
2023-24,old,CLE,UTA,0.00944746765944352
2023-24,old,CLE,WAS,0.023994612268469266
2023-24,old,DAL,ATL,0.06721514165594206
2023-24,old,DAL,BKN,0.0
2023-24,old,DAL,BOS,5.0646552880262517e-05
2023-24,old,DAL,CHA,0.000321486248755237
2023-24,old,DAL,CHI,0.006422748051524529
2023-24,old,DAL,CLE,0.017357404398057934
2023-24,old,DAL,DEN,0.0006246921092243574
2023-24,old,DAL,DET,3.992097332481722e-07
2023-24,old,DAL,GSW,0.006284875158172358
2023-24,old,DAL,HOU,0.009784880136041618
2023-24,old,DAL,IND,0.0007815812858470749
2023-24,old,DAL,LAC,0.0
2023-24,old,DAL,LAL,0.0
2023-24,old,DAL,MEM,0.00137365305876552
2023-24,old,DAL,MIA,0.018817084193474217
2023-24,old,DAL,MIL,0.009904094909815569
2023-24,old,DAL,MIN,0.004269101765530648
2023-24,old,DAL,NOP,0.05396784224137606
2023-24,old,DAL,NYK,0.40581490971338613
2023-24,old,DAL,OKC,0.02950215530397114
2023-24,old,DAL,ORL,0.02281925695637306
2023-24,old,DAL,PHI,0.016080139881690603
2023-24,old,DAL,PHX,0.04586584042207788
2023-24,old,DAL,POR,0.06527048470308719
2023-24,old,DAL,SAC,0.08115099206545347
2023-24,old,DAL,SAS,0.0008051586536213228
2023-24,old,DAL,TOR,0.041636841189223416
2023-24,old,DAL,UTA,0.0057281788688851535
2023-24,old,DAL,WAS,0.01452720911507013
2023-24,old,DEN,ATL,0.021521176742022842
2023-24,old,DEN,BKN,0.0
2023-24,old,DEN,BOS,0.0002952586259725023
2023-24,old,DEN,CHA,0.003881934045280765
2023-24,old,DEN,CHI,0.008050092909078136
2023-24,old,DEN,CLE,0.013731027598583898
2023-24,old,DEN,DAL,0.0015861315275111669
2023-24,old,DEN,DET,0.0006678145272019925
2023-24,old,DEN,GSW,0.0027373879268489383
2023-24,old,DEN,HOU,0.017844667655328522
2023-24,old,DEN,IND,0.000682650357523133
2023-24,old,DEN,LAC,0.0
2023-24,old,DEN,LAL,0.0
2023-24,old,DEN,MEM,0.0012246767495526002
2023-24,old,DEN,MIA,0.008070645817329598
2023-24,old,DEN,MIL,0.011321120777424297
2023-24,old,DEN,MIN,0.04154094839420427
2023-24,old,DEN,NOP,0.02829910186640491
2023-24,old,DEN,NYK,0.05559671663390248
2023-24,old,DEN,OKC,0.04578178883522171
2023-24,old,DEN,ORL,0.017082220584864447
2023-24,old,DEN,PHI,0.011513663732718848
2023-24,old,DEN,PHX,0.014859374975705327
2023-24,old,DEN,POR,0.01501391328614795
2023-24,old,DEN,SAC,0.023610172954824125
2023-24,old,DEN,SAS,0.013005627679408951
2023-24,old,DEN,TOR,0.029123588138864554
2023-24,old,DEN,UTA,0.04350296329538306
2023-24,old,DEN,WAS,0.010658674742986351
2023-24,old,DET,ATL,0.022714064038298835
2023-24,old,DET,BKN,0.0
2023-24,old,DET,BOS,4.31034489181535e-06
2023-24,old,DET,CHA,0.0016611720767408258
2023-24,old,DET,CHI,0.0064448482950467435
2023-24,old,DET,CLE,0.008902426653242758
2023-24,old,DET,DAL,0.0003241515788054637
2023-24,old,DET,DEN,0.00386314662093686
2023-24,old,DET,GSW,0.0023111583435031645
2023-24,old,DET,HOU,0.008464056141770612
2023-24,old,DET,IND,0.0009766595681507148
2023-24,old,DET,LAC,0.0
2023-24,old,DET,LAL,0.0
2023-24,old,DET,MEM,0.004507273564893946
2023-24,old,DET,MIA,0.014095091904592039
2023-24,old,DET,MIL,0.009837284524170362
2023-24,old,DET,MIN,0.0025043105886627176
2023-24,old,DET,NOP,0.033312965990320235
2023-24,old,DET,NYK,0.04700401437923005
2023-24,old,DET,OKC,0.0037718210385205083
2023-24,old,DET,ORL,0.025226979418068902
2023-24,old,DET,PHI,0.02164571625329466
2023-24,old,DET,PHX,0.021112607913071707
2023-24,old,DET,POR,0.011559381437057387
2023-24,old,DET,SAC,0.007672694168815145
2023-24,old,DET,SAS,0.022851776914690165
2023-24,old,DET,TOR,0.04498827896517852
2023-24,old,DET,UTA,0.011324083903134025
2023-24,old,DET,WAS,0.011593750274503312
2023-24,old,GSW,ATL,0.05263492686738229
2023-24,old,GSW,BKN,0.0
2023-24,old,GSW,BOS,0.0
2023-24,old,GSW,CHA,0.002876730049476337
2023-24,old,GSW,CHI,0.004124754160772067
2023-24,old,GSW,CLE,0.007602263396762021
2023-24,old,GSW,DAL,0.002519325760408984
2023-24,old,GSW,DEN,0.00015729839050559105
2023-24,old,GSW,DET,0.0004735433966010737
2023-24,old,GSW,HOU,0.013907048741378164
2023-24,old,GSW,IND,0.0009353010424433385
2023-24,old,GSW,LAC,0.0
2023-24,old,GSW,LAL,0.0
2023-24,old,GSW,MEM,0.003045527989482347
2023-24,old,GSW,MIA,0.013665257576289617
2023-24,old,GSW,MIL,0.005277209149388564
2023-24,old,GSW,MIN,6.906352763812151e-05
2023-24,old,GSW,NOP,0.08380047328030094
2023-24,old,GSW,NYK,0.0937320780949529
2023-24,old,GSW,OKC,0.011887122926378536
2023-24,old,GSW,ORL,0.011722043940878665
2023-24,old,GSW,PHI,0.014755296108648537
2023-24,old,GSW,PHX,0.017563577455424317
2023-24,old,GSW,POR,0.14363673466533713
2023-24,old,GSW,SAC,0.07467037351566044
2023-24,old,GSW,SAS,0.023087405965708522
2023-24,old,GSW,TOR,0.0065778556153409905
2023-24,old,GSW,UTA,0.007668911686793355
2023-24,old,GSW,WAS,0.006264816865280817
2023-24,old,HOU,ATL,0.009812932062002564
2023-24,old,HOU,BKN,0.0
2023-24,old,HOU,BOS,1.0775862229538386e-06
2023-24,old,HOU,CHA,0.0032841225468185943
2023-24,old,HOU,CHI,0.015376822147407078
2023-24,old,HOU,CLE,0.0007774760364628228
2023-24,old,HOU,DAL,0.0006263480319941995
2023-24,old,HOU,DEN,0.007781766721731514
2023-24,old,HOU,DET,0.00024758144465008045
2023-24,old,HOU,GSW,0.009324039204712507
2023-24,old,HOU,IND,0.0008094482411606669
2023-24,old,HOU,LAC,0.0
2023-24,old,HOU,LAL,0.0
2023-24,old,HOU,MEM,0.004378502248296643
2023-24,old,HOU,MIA,0.004272269735715307
2023-24,old,HOU,MIL,0.01315517255932029
2023-24,old,HOU,MIN,0.0002624426646154038
2023-24,old,HOU,NOP,0.00263030691160438
2023-24,old,HOU,NYK,0.009381545479597221
2023-24,old,HOU,OKC,0.06708647618034116
2023-24,old,HOU,ORL,0.002575677816986645
2023-24,old,HOU,PHI,0.009618631372507647
2023-24,old,HOU,PHX,0.0051799569259285295
2023-24,old,HOU,POR,0.007479387057042168
2023-24,old,HOU,SAC,0.0054760947136589565
2023-24,old,HOU,SAS,0.004008341517107329
2023-24,old,HOU,TOR,0.008581736918285562
2023-24,old,HOU,UTA,0.06879660560422303
2023-24,old,HOU,WAS,0.0025175107986433434
2023-24,old,IND,ATL,0.03994072640478535
2023-24,old,IND,BKN,0.0
2023-24,old,IND,BOS,0.0
2023-24,old,IND,CHA,0.00024024125813692417
2023-24,old,IND,CHI,0.009828217542330247
2023-24,old,IND,CLE,0.005933134384047323
2023-24,old,IND,DAL,0.0012271103376185633
2023-24,old,IND,DEN,0.00045043115226820797
2023-24,old,IND,DET,8.372122302557718e-07
2023-24,old,IND,GSW,0.0036673376878958025
2023-24,old,IND,HOU,0.009499650017148654
2023-24,old,IND,LAC,0.0
2023-24,old,IND,LAL,0.0
2023-24,old,IND,MEM,0.0034789869677002445
2023-24,old,IND,MIA,0.025241144725516272
2023-24,old,IND,MIL,0.009730603703827567
2023-24,old,IND,MIN,0.0005193966331577107
2023-24,old,IND,NOP,0.07262043212291502
2023-24,old,IND,NYK,0.06106256360967452
2023-24,old,IND,OKC,0.0061368532295756305
2023-24,old,IND,ORL,0.015036602637452675
2023-24,old,IND,PHI,0.024181346570141184
2023-24,old,IND,PHX,0.023464709152266824
2023-24,old,IND,POR,0.009845565050448124
2023-24,old,IND,SAC,0.05007159604669295
2023-24,old,IND,SAS,0.018849760261947273
2023-24,old,IND,TOR,0.19705755332312866
2023-24,old,IND,UTA,0.006102101356011879
2023-24,old,IND,WAS,0.03599137952131749
2023-24,old,LAC,ATL,0.03047963866060931
2023-24,old,LAC,BKN,0.0
2023-24,old,LAC,BOS,4.202586213319466e-05
2023-24,old,LAC,CHA,0.00014715618488362256
2023-24,old,LAC,CHI,0.0017907109644709903
2023-24,old,LAC,CLE,0.01861252731652517
2023-24,old,LAC,DAL,0.0007169619799418921
2023-24,old,LAC,DEN,0.0066077586782068536
2023-24,old,LAC,DET,0.0008918089117416888
2023-24,old,LAC,GSW,0.002136568103595816
2023-24,old,LAC,HOU,0.007516343764842177
2023-24,old,LAC,IND,0.0015152401068970038
2023-24,old,LAC,LAL,0.0
2023-24,old,LAC,MEM,0.00018669181136045084
2023-24,old,LAC,MIA,0.016123992542077952
2023-24,old,LAC,MIL,0.030808189835014016
2023-24,old,LAC,MIN,0.009198275959633035
2023-24,old,LAC,NOP,0.025039040894256463
2023-24,old,LAC,NYK,0.010713413618183133
2023-24,old,LAC,OKC,0.015880387968660717
2023-24,old,LAC,ORL,0.007502328283750172
2023-24,old,LAC,PHI,0.017034089209279672
2023-24,old,LAC,PHX,0.01429014028429359
2023-24,old,LAC,POR,0.005472367766281857
2023-24,old,LAC,SAC,0.004505152089324355
2023-24,old,LAC,SAS,0.0007525002365460659
2023-24,old,LAC,TOR,0.04504915237457989
2023-24,old,LAC,UTA,0.02593965525178897
2023-24,old,LAC,WAS,0.13196039919133284
2023-24,old,LAL,ATL,0.089053803072379
2023-24,old,LAL,BKN,0.0
2023-24,old,LAL,BOS,0.0
2023-24,old,LAL,CHA,7.27333114376854e-06
2023-24,old,LAL,CHI,0.0009299275406850175
2023-24,old,LAL,CLE,0.003652558081399339
2023-24,old,LAL,DAL,0.0012834689929775084
2023-24,old,LAL,DEN,0.00014867770072196033
2023-24,old,LAL,DET,6.80742824157225e-07
2023-24,old,LAL,GSW,0.006180324586121373
2023-24,old,LAL,HOU,0.0011139992777247894
2023-24,old,LAL,IND,0.0002923169351095161
2023-24,old,LAL,LAC,0.0
2023-24,old,LAL,MEM,0.0022042026280240834
2023-24,old,LAL,MIA,0.011793566069510944
2023-24,old,LAL,MIL,0.008347252066074548
2023-24,old,LAL,MIN,0.00010668102145439558
2023-24,old,LAL,NOP,0.24358212857047026
2023-24,old,LAL,NYK,0.015682572227447875
2023-24,old,LAL,OKC,0.0014509697270716122
2023-24,old,LAL,ORL,0.006542884826331828
2023-24,old,LAL,PHI,0.008811967378862673
2023-24,old,LAL,PHX,0.021823814463207553
2023-24,old,LAL,POR,0.030910121233611913
2023-24,old,LAL,SAC,0.11712963564126402
2023-24,old,LAL,SAS,0.010258751578064095
2023-24,old,LAL,TOR,0.03744782639251529
2023-24,old,LAL,UTA,0.0012863685460841475
2023-24,old,LAL,WAS,0.003810075492485715
2023-24,old,MEM,ATL,0.004917022650696268
2023-24,old,MEM,BKN,0.0
2023-24,old,MEM,BOS,2.155172445907675e-06
2023-24,old,MEM,CHA,0.0022006648583461456
2023-24,old,MEM,CHI,0.00030741991382474305
2023-24,old,MEM,CLE,0.0005045213324889128
2023-24,old,MEM,DAL,3.635881515731652e-06
2023-24,old,MEM,DEN,1.3899968532504362e-10
2023-24,old,MEM,DET,0.00027230948250745574
2023-24,old,MEM,GSW,0.0008475868136897948
2023-24,old,MEM,HOU,0.026464268078685613
2023-24,old,MEM,IND,0.0004832993914009399
2023-24,old,MEM,LAC,0.0
2023-24,old,MEM,LAL,0.0
2023-24,old,MEM,MIA,0.007865836338313425
2023-24,old,MEM,MIL,0.0005495689726627336
2023-24,old,MEM,MIN,0.004735991593488091
2023-24,old,MEM,NOP,0.0038203884642788372
2023-24,old,MEM,NYK,0.003113402937492639
2023-24,old,MEM,OKC,0.003136045209529552
2023-24,old,MEM,ORL,0.005053037021643029
2023-24,old,MEM,PHI,1.2623151229930504e-05
2023-24,old,MEM,PHX,0.0008068426923448991
2023-24,old,MEM,POR,0.004087978589863535
2023-24,old,MEM,SAC,0.0005770004570576614
2023-24,old,MEM,SAS,0.03783370268727151
2023-24,old,MEM,TOR,0.04743920726850091
2023-24,old,MEM,UTA,0.013939385707991938
2023-24,old,MEM,WAS,0.0004892241302676947
2023-24,old,MIA,ATL,0.029778097796586418
2023-24,old,MIA,BKN,0.0
2023-24,old,MIA,BOS,4.0948276472245835e-05
2023-24,old,MIA,CHA,0.0033632408684480804
2023-24,old,MIA,CHI,0.003961541233329674
2023-24,old,MIA,CLE,0.009053628976502422
2023-24,old,MIA,DAL,0.0004999822384818174
2023-24,old,MIA,DEN,0.00048628619670690294
2023-24,old,MIA,DET,2.2019556885378693e-06
2023-24,old,MIA,GSW,0.0016014562369596674
2023-24,old,MIA,HOU,0.0007101291298795789
2023-24,old,MIA,IND,0.0018814983229025264
2023-24,old,MIA,LAC,0.0
2023-24,old,MIA,LAL,0.0
2023-24,old,MIA,MEM,0.00010991379078718483
2023-24,old,MIA,MIL,0.003794181078816925
2023-24,old,MIA,MIN,0.00448089831166538
2023-24,old,MIA,NOP,0.022047450325502933
2023-24,old,MIA,NYK,0.02298188338602287
2023-24,old,MIA,OKC,0.0009690193791576692
2023-24,old,MIA,ORL,0.019827541096349575
2023-24,old,MIA,PHI,0.02673999735783982
2023-24,old,MIA,PHX,0.013697467722151236
2023-24,old,MIA,POR,0.007151466553228947
2023-24,old,MIA,SAC,0.0006340307731036612
2023-24,old,MIA,SAS,0.002206840335777883
2023-24,old,MIA,TOR,0.021039075449842886
2023-24,old,MIA,UTA,0.00538577590386608
2023-24,old,MIA,WAS,0.003780172636355114
2023-24,old,MIL,ATL,0.005417873740429763
2023-24,old,MIL,BKN,0.0
2023-24,old,MIL,BOS,2.155172445907675e-06
2023-24,old,MIL,CHA,0.00013094330372255897
2023-24,old,MIL,CHI,0.00035056921832493567
2023-24,old,MIL,CLE,0.015049927028871958
2023-24,old,MIL,DAL,0.0008998945977774278
2023-24,old,MIL,DEN,0.0027155172753404702
2023-24,old,MIL,DET,0.0011465449439121364
2023-24,old,MIL,GSW,0.0011967098884843926
2023-24,old,MIL,HOU,0.009930081281044549
2023-24,old,MIL,IND,0.0005978354711882845
2023-24,old,MIL,LAC,0.0
2023-24,old,MIL,LAL,0.0
2023-24,old,MIL,MEM,0.0018577586975679252
2023-24,old,MIL,MIA,0.004726766790018232
2023-24,old,MIL,MIN,0.005338362154210416
2023-24,old,MIL,NOP,0.029786596030068252
2023-24,old,MIL,NYK,0.020007992083992746
2023-24,old,MIL,OKC,0.008661907342551598
2023-24,old,MIL,ORL,0.007177301620059507
2023-24,old,MIL,PHI,0.003699453388602698
2023-24,old,MIL,PHX,0.0023415949079007357
2023-24,old,MIL,POR,0.0036211106680064504
2023-24,old,MIL,SAC,0.010338908035451856
2023-24,old,MIL,SAS,0.0021363132099668784
2023-24,old,MIL,TOR,0.007300687714269524
2023-24,old,MIL,UTA,0.01288308218753784
2023-24,old,MIL,WAS,0.014256196116932254
2023-24,old,MIN,ATL,0.005280500020127217
2023-24,old,MIN,BKN,0.0
2023-24,old,MIN,BOS,0.00015517241658707115
2023-24,old,MIN,CHA,1.119586207166956e-07
2023-24,old,MIN,CHI,0.0020144470205872905
2023-24,old,MIN,CLE,0.001646344274828895
2023-24,old,MIN,DAL,0.00047424927093677843
2023-24,old,MIN,DEN,0.009867456854915184
2023-24,old,MIN,DET,4.5829098629029766e-08
2023-24,old,MIN,GSW,0.003257975063509015
2023-24,old,MIN,HOU,7.507692640222573e-06
2023-24,old,MIN,IND,0.00010049901546024314
2023-24,old,MIN,LAC,0.0
2023-24,old,MIN,LAL,0.0
2023-24,old,MIN,MEM,5.792026100921093e-05
2023-24,old,MIN,MIA,0.003810803695062815
2023-24,old,MIN,MIL,0.0012780172938224059
2023-24,old,MIN,NOP,0.010128612305190665
2023-24,old,MIN,NYK,0.007847696699049243
2023-24,old,MIN,OKC,0.004705010453933563
2023-24,old,MIN,ORL,0.003295043494308698
2023-24,old,MIN,PHI,0.003928347253475899
2023-24,old,MIN,PHX,0.00561745683196932
2023-24,old,MIN,POR,0.006230411591493797
2023-24,old,MIN,SAC,0.0009951071072102809
2023-24,old,MIN,SAS,7.623344723034593e-07
2023-24,old,MIN,TOR,0.0027044513989283106
2023-24,old,MIN,UTA,0.011406788819043995
2023-24,old,MIN,WAS,0.0016193426541325734
2023-24,old,NOP,ATL,0.04845586143155338
2023-24,old,NOP,BKN,0.0
2023-24,old,NOP,BOS,1.0775862229538386e-06
2023-24,old,NOP,CHA,4.384464091842112e-06
2023-24,old,NOP,CHI,0.003212477456890575
2023-24,old,NOP,CLE,0.01268468140467677
2023-24,old,NOP,DAL,0.0017124657709238595
2023-24,old,NOP,DEN,0.0023561202262078742
2023-24,old,NOP,DET,1.038557671659224e-06
2023-24,old,NOP,GSW,0.0029886680569476227
2023-24,old,NOP,HOU,0.006398100096288968
2023-24,old,NOP,IND,0.00010782680019133449
2023-24,old,NOP,LAC,0.0
2023-24,old,NOP,LAL,0.0
2023-24,old,NOP,MEM,0.004639008702381097
2023-24,old,NOP,MIA,0.012389461971508564
2023-24,old,NOP,MIL,0.03645689695712243
2023-24,old,NOP,MIN,0.0020016668315274103
2023-24,old,NOP,NYK,0.031483471107537096
2023-24,old,NOP,OKC,0.017588362036602054
2023-24,old,NOP,ORL,0.010060025920054238
2023-24,old,NOP,PHI,0.015679267564561065
2023-24,old,NOP,PHX,0.022673221949833157
2023-24,old,NOP,POR,0.011853158746900004
2023-24,old,NOP,SAC,0.016755758866793865
2023-24,old,NOP,SAS,0.016666172830186315
2023-24,old,NOP,TOR,0.040822090095580146
2023-24,old,NOP,UTA,0.029181034498896193
2023-24,old,NOP,WAS,0.007182920281594651
2023-24,old,NYK,ATL,0.019343742326525255
2023-24,old,NYK,BKN,0.0
2023-24,old,NYK,BOS,6.465517337723025e-06
2023-24,old,NYK,CHA,0.0028944255364941494
2023-24,old,NYK,CHI,0.002606611718542733
2023-24,old,NYK,CLE,0.03600311421253458
2023-24,old,NYK,DAL,0.00010170550477074897
2023-24,old,NYK,DEN,0.001923393307188235
2023-24,old,NYK,DET,3.606500633118205e-05
2023-24,old,NYK,GSW,0.0006013504996012324
2023-24,old,NYK,HOU,0.011796345535005033
2023-24,old,NYK,IND,0.0008777986837898114
2023-24,old,NYK,LAC,0.0
2023-24,old,NYK,LAL,0.0
2023-24,old,NYK,MEM,0.0006045258666412775
2023-24,old,NYK,MIA,0.015932953547558252
2023-24,old,NYK,MIL,0.021412715527534102
2023-24,old,NYK,MIN,0.0044073275626026875
2023-24,old,NYK,NOP,0.045488120510396066
2023-24,old,NYK,OKC,0.027211207112574402
2023-24,old,NYK,ORL,0.03092552787803026
2023-24,old,NYK,PHI,0.016004859815898633
2023-24,old,NYK,PHX,0.026058189776075748
2023-24,old,NYK,POR,0.0075770024474747025
2023-24,old,NYK,SAC,0.0003223891452690697
2023-24,old,NYK,SAS,0.0025026307265643764
2023-24,old,NYK,TOR,0.018635839639098078
2023-24,old,NYK,UTA,0.03574326518794586
2023-24,old,NYK,WAS,0.013034752549579497
2023-24,old,OKC,ATL,0.008441795098493436
2023-24,old,OKC,BKN,0.0
2023-24,old,OKC,BOS,3.0172413680702454e-05
2023-24,old,OKC,CHA,1.111858089201909e-07
2023-24,old,OKC,CHI,0.0006830738240136138
2023-24,old,OKC,CLE,0.0042488856204485285
2023-24,old,OKC,DAL,0.00046425907700272214
2023-24,old,OKC,DEN,0.01334267242097071
2023-24,old,OKC,DET,3.7334778032669424e-08
2023-24,old,OKC,GSW,0.0014385535966424997
2023-24,old,OKC,HOU,0.0011143031237618296
2023-24,old,OKC,IND,0.0002214247387142865
2023-24,old,OKC,LAC,0.0
2023-24,old,OKC,LAL,0.0
2023-24,old,OKC,MEM,0.000501885803512715
2023-24,old,OKC,MIA,0.006705230833501439
2023-24,old,OKC,MIL,0.0006810344684194647
2023-24,old,OKC,MIN,0.013349137887165977
2023-24,old,OKC,NOP,0.018808910754435654
2023-24,old,OKC,NYK,0.0104212329236734
2023-24,old,OKC,ORL,0.0071551185371067855
2023-24,old,OKC,PHI,0.0010106503512261637
2023-24,old,OKC,PHX,0.0007163254281401571
2023-24,old,OKC,POR,0.003138664691344095
2023-24,old,OKC,SAC,0.016183606776480473
2023-24,old,OKC,SAS,1.485622807198588e-07
2023-24,old,OKC,TOR,0.005735349894657215
2023-24,old,OKC,UTA,0.027994612146747002
2023-24,old,OKC,WAS,0.0025670797600820332
2023-24,old,ORL,ATL,0.017163850723921063
2023-24,old,ORL,BKN,0.0
2023-24,old,ORL,BOS,0.00026939655638075075
2023-24,old,ORL,CHA,9.539645051131575e-06
2023-24,old,ORL,CHI,0.0014253490262544724
2023-24,old,ORL,CLE,0.008713545738971852
2023-24,old,ORL,DAL,0.00040455025929487273
2023-24,old,ORL,DEN,0.003177770226461332
2023-24,old,ORL,DET,6.282548428073578e-05
2023-24,old,ORL,GSW,0.0004922091519565774
2023-24,old,ORL,HOU,0.013054234301988996
2023-24,old,ORL,IND,0.0005757579013165282
2023-24,old,ORL,LAC,0.0
2023-24,old,ORL,LAL,0.0
2023-24,old,ORL,MEM,0.0054668642635706125
2023-24,old,ORL,MIA,0.026007115488778126
2023-24,old,ORL,MIL,0.015393319021316309
2023-24,old,ORL,MIN,0.004431034533852905
2023-24,old,ORL,NOP,0.022408774986100194
2023-24,old,ORL,NYK,0.031248461487093582
2023-24,old,ORL,OKC,0.005152478459640408
2023-24,old,ORL,PHI,0.023559197675314402
2023-24,old,ORL,PHX,0.01524757555495257
2023-24,old,ORL,POR,0.004897281868609433
2023-24,old,ORL,SAC,0.003542407053863773
2023-24,old,ORL,SAS,0.023053990680212823
2023-24,old,ORL,TOR,0.012641380456313613
2023-24,old,ORL,UTA,0.012567079912345246
2023-24,old,ORL,WAS,0.04583378231809234
2023-24,old,PHI,ATL,0.018850971330499552
2023-24,old,PHI,BKN,0.0
2023-24,old,PHI,BOS,0.0
2023-24,old,PHI,CHA,2.473865474182158e-06
2023-24,old,PHI,CHI,0.008836648381809122
2023-24,old,PHI,CLE,0.00468756735346244
2023-24,old,PHI,DAL,0.0006844530103139925
2023-24,old,PHI,DEN,0.009116281209640748
2023-24,old,PHI,DET,6.933526763183657e-05
2023-24,old,PHI,GSW,0.0028897792241820326
2023-24,old,PHI,HOU,0.015533293684468511
2023-24,old,PHI,IND,0.0022601925504084743
2023-24,old,PHI,LAC,0.0
2023-24,old,PHI,LAL,0.0
2023-24,old,PHI,MEM,0.001509698336855669
2023-24,old,PHI,MIA,0.029593428512283325
2023-24,old,PHI,MIL,0.005154094860070096
2023-24,old,PHI,MIN,0.007080818898632119
2023-24,old,PHI,NOP,0.02814164940670237
2023-24,old,PHI,NYK,0.038160923351614265
2023-24,old,PHI,OKC,0.011002694078468201
2023-24,old,PHI,ORL,0.021717018779609853
2023-24,old,PHI,PHX,0.014437499828797216
2023-24,old,PHI,POR,0.00903800794098962
2023-24,old,PHI,SAC,0.0013723393717982525
2023-24,old,PHI,SAS,0.00573335880624271
2023-24,old,PHI,TOR,0.024266105877778464
2023-24,old,PHI,UTA,0.03234455819089159
2023-24,old,PHI,WAS,0.00782112075383213
2023-24,old,PHX,ATL,0.027422321024526315
2023-24,old,PHX,BKN,0.0
2023-24,old,PHX,BOS,4.418103522139378e-05
2023-24,old,PHX,CHA,0.0016632297320982817
2023-24,old,PHX,CHI,0.0024882154011853968
2023-24,old,PHX,CLE,0.014193097514085729
2023-24,old,PHX,DAL,0.00475375522230236
2023-24,old,PHX,DEN,0.006439347303331542
2023-24,old,PHX,DET,0.00042024684780349786
2023-24,old,PHX,GSW,0.005204311645658013
2023-24,old,PHX,HOU,0.004143354591477042
2023-24,old,PHX,IND,0.0006187403024438582
2023-24,old,PHX,LAC,0.0
2023-24,old,PHX,LAL,0.0
2023-24,old,PHX,MEM,0.0033588362766574296
2023-24,old,PHX,MIA,0.018184207816785314
2023-24,old,PHX,MIL,0.004671336195174732
2023-24,old,PHX,MIN,0.012374115318871816
2023-24,old,PHX,NOP,0.07226977037591036
2023-24,old,PHX,NYK,0.09670910226653409
2023-24,old,PHX,OKC,0.010385237117599023
2023-24,old,PHX,ORL,0.020726179399722683
2023-24,old,PHX,PHI,0.013382203605194905
2023-24,old,PHX,POR,0.018551766347202833
2023-24,old,PHX,SAC,0.07063892930447341
2023-24,old,PHX,SAS,5.5145408915776744e-06
2023-24,old,PHX,TOR,0.01575767769922075
2023-24,old,PHX,UTA,0.03201751098424148
2023-24,old,PHX,WAS,0.011211206886379435
2023-24,old,POR,ATL,0.03135311423794345
2023-24,old,POR,BKN,0.0
2023-24,old,POR,BOS,0.0
2023-24,old,POR,CHA,0.011232113281747695
2023-24,old,POR,CHI,0.007485504746778443
2023-24,old,POR,CLE,0.001379302200118746
2023-24,old,POR,DAL,4.754582891343711e-05
2023-24,old,POR,DEN,0.0
2023-24,old,POR,DET,0.00013149421638628455
2023-24,old,POR,GSW,0.003898708770600201
2023-24,old,POR,HOU,0.016581479532916405
2023-24,old,POR,IND,0.0007623607829311187
2023-24,old,POR,LAC,0.0
2023-24,old,POR,LAL,0.0
2023-24,old,POR,MEM,0.0032556572879046406
2023-24,old,POR,MIA,0.00517730863174775
2023-24,old,POR,MIL,3.232758668861513e-06
2023-24,old,POR,MIN,1.4002550567324997e-10
2023-24,old,POR,NOP,0.026230973440147957
2023-24,old,POR,NYK,0.0015273147897434522
2023-24,old,POR,OKC,0.02025700458010321
2023-24,old,POR,ORL,0.0065733373013416585
2023-24,old,POR,PHI,0.010936355807721612
2023-24,old,POR,PHX,0.001800107710798079
2023-24,old,POR,SAC,0.03859185688880951
2023-24,old,POR,SAS,0.033950227169022726
2023-24,old,POR,TOR,0.021794681530441035
2023-24,old,POR,UTA,0.017933728628117464
2023-24,old,POR,WAS,0.00025026939536348496
2023-24,old,SAC,ATL,0.12575323408603875
2023-24,old,SAC,BKN,0.0
2023-24,old,SAC,BOS,0.0001540948303641173
2023-24,old,SAC,CHA,0.0010750137027441134
2023-24,old,SAC,CHI,0.003302299620979467
2023-24,old,SAC,CLE,0.019503531637303985
2023-24,old,SAC,DAL,0.0030871850360853345
2023-24,old,SAC,DEN,0.005392627296350255
2023-24,old,SAC,DET,0.0016774185740213233
2023-24,old,SAC,GSW,0.007007334950972305
2023-24,old,SAC,HOU,0.001013665700108597
2023-24,old,SAC,IND,0.000947303795847611
2023-24,old,SAC,LAC,0.0
2023-24,old,SAC,LAL,0.0
2023-24,old,SAC,MEM,0.0004948814795954667
2023-24,old,SAC,MIA,0.019256834002216387
2023-24,old,SAC,MIL,0.016601293215544193
2023-24,old,SAC,MIN,0.0010267466185226448
2023-24,old,SAC,NOP,0.09496127588920018
2023-24,old,SAC,NYK,0.10734591510425973
2023-24,old,SAC,OKC,0.0010770473940546847
2023-24,old,SAC,ORL,0.02209451077914547
2023-24,old,SAC,PHI,0.015812813342933413
2023-24,old,SAC,PHX,0.04454741371594819
2023-24,old,SAC,POR,0.017010819385756167
2023-24,old,SAC,SAS,0.00032968991280422173
2023-24,old,SAC,TOR,0.020408365446427445
2023-24,old,SAC,UTA,0.004956357774509376
2023-24,old,SAC,WAS,0.029458513128599314
2023-24,old,SAS,ATL,0.024387370156990672
2023-24,old,SAS,BKN,0.0
2023-24,old,SAS,BOS,0.0
2023-24,old,SAS,CHA,0.01315438907603339
2023-24,old,SAS,CHI,0.003378659732111323
2023-24,old,SAS,CLE,0.009790088575247248
2023-24,old,SAS,DAL,0.0027180192933600007
2023-24,old,SAS,DEN,0.0009063410904585833
2023-24,old,SAS,DET,0.00235973904911099
2023-24,old,SAS,GSW,0.0011448497529460498
2023-24,old,SAS,HOU,0.011455921246617713
2023-24,old,SAS,IND,0.0005319112058099432
2023-24,old,SAS,LAC,0.0
2023-24,old,SAS,LAL,0.0
2023-24,old,SAS,MEM,0.0022289870570590398
2023-24,old,SAS,MIA,0.009615875137452433
2023-24,old,SAS,MIL,0.005852370746754881
2023-24,old,SAS,MIN,0.006967184606811517
2023-24,old,SAS,NOP,0.035732389480580974
2023-24,old,SAS,NYK,0.024407262194273256
2023-24,old,SAS,OKC,0.02882785541182063
2023-24,old,SAS,ORL,0.013642112701996771
2023-24,old,SAS,PHI,0.008385974700313383
2023-24,old,SAS,PHX,0.01349649778426753
2023-24,old,SAS,POR,0.03880086911777583
2023-24,old,SAS,SAC,0.018203454409518725
2023-24,old,SAS,TOR,0.015838103955153483
2023-24,old,SAS,UTA,0.050164601311272254
2023-24,old,SAS,WAS,0.006682920605124874
2023-24,old,TOR,ATL,0.04811289325505585
2023-24,old,TOR,BKN,0.0
2023-24,old,TOR,BOS,0.0
2023-24,old,TOR,CHA,0.0020803045144358353
2023-24,old,TOR,CHI,0.0030084209646010955
2023-24,old,TOR,CLE,0.00611889313072064
2023-24,old,TOR,DAL,0.0015243245442499423
2023-24,old,TOR,DEN,0.00021982742209974827
2023-24,old,TOR,DET,4.219709673457973e-05
2023-24,old,TOR,GSW,0.0027865765592433762
2023-24,old,TOR,HOU,0.052265023909561316
2023-24,old,TOR,IND,0.0003919706862922763
2023-24,old,TOR,LAC,0.0
2023-24,old,TOR,LAL,0.0
2023-24,old,TOR,MEM,0.02162311412086952
2023-24,old,TOR,MIA,0.017833075946303355
2023-24,old,TOR,MIL,0.003772629373787164
2023-24,old,TOR,MIN,0.00035815167901152487
2023-24,old,TOR,NOP,0.06246447375898004
2023-24,old,TOR,NYK,0.03238035861366953
2023-24,old,TOR,OKC,0.02470985988004471
2023-24,old,TOR,ORL,0.013696378149806204
2023-24,old,TOR,PHI,0.016502016476498727
2023-24,old,TOR,PHX,0.026100215352349104
2023-24,old,TOR,POR,0.040268292997194644
2023-24,old,TOR,SAC,0.051770840226316575
2023-24,old,TOR,SAS,0.1583690599792781
2023-24,old,TOR,UTA,0.02944719848210987
2023-24,old,TOR,WAS,0.0043130387330090544
2023-24,old,UTA,ATL,0.024399282410784963
2023-24,old,UTA,BKN,0.0
2023-24,old,UTA,BOS,0.0001185344849263543
2023-24,old,UTA,CHA,2.235400349432485e-06
2023-24,old,UTA,CHI,0.009518839666593096
2023-24,old,UTA,CLE,0.00891809383204448
2023-24,old,UTA,DAL,0.00032632397245084164
2023-24,old,UTA,DEN,2.156408484689947e-06
2023-24,old,UTA,DET,0.00012045327204584793
2023-24,old,UTA,GSW,0.0052570280760379185
2023-24,old,UTA,HOU,0.030970014601821368
2023-24,old,UTA,IND,0.0003202640996173136
2023-24,old,UTA,LAC,0.0
2023-24,old,UTA,LAL,0.0
2023-24,old,UTA,MEM,0.004575431142744993
2023-24,old,UTA,MIA,0.009205897926537622
2023-24,old,UTA,MIL,0.0036759159611417635
2023-24,old,UTA,MIN,0.004281250128722879
2023-24,old,UTA,NOP,0.026568889442193575
2023-24,old,UTA,NYK,0.09543806510639982
2023-24,old,UTA,OKC,0.14962446173651003
2023-24,old,UTA,ORL,0.015616568079333816
2023-24,old,UTA,PHI,0.005637503814145938
2023-24,old,UTA,PHX,0.020248653140593452
2023-24,old,UTA,POR,0.006838041372497861
2023-24,old,UTA,SAC,0.02561275305640061
2023-24,old,UTA,SAS,0.0016204170927486565
2023-24,old,UTA,TOR,0.010750725673440598
2023-24,old,UTA,WAS,0.00996390104376117
2023-24,old,WAS,ATL,0.010055844616044347
2023-24,old,WAS,BKN,0.0
2023-24,old,WAS,BOS,3.5560345357476644e-05
2023-24,old,WAS,CHA,0.0019449039624440665
2023-24,old,WAS,CHI,9.096229730757076e-05
2023-24,old,WAS,CLE,0.01181166941427568
2023-24,old,WAS,DAL,0.0005669948375494715
2023-24,old,WAS,DEN,0.0027403017386376607
2023-24,old,WAS,DET,0.00589049784835785
2023-24,old,WAS,GSW,0.0017243289186052119
2023-24,old,WAS,HOU,0.002537868288992787
2023-24,old,WAS,IND,0.00025584192554474326
2023-24,old,WAS,LAC,0.0
2023-24,old,WAS,LAL,0.0
2023-24,old,WAS,MEM,0.00022898707199632995
2023-24,old,WAS,MIA,0.005260728377414794
2023-24,old,WAS,MIL,0.008235991432508132
2023-24,old,WAS,MIN,0.004414870759215334
2023-24,old,WAS,NOP,0.012506946007815045
2023-24,old,WAS,NYK,0.023618643177567726
2023-24,old,WAS,OKC,0.0015767781712026506
2023-24,old,WAS,ORL,0.007323675213330869
2023-24,old,WAS,PHI,0.004298749009871884
2023-24,old,WAS,PHX,0.009929687588371273
2023-24,old,WAS,POR,0.0028559021738719906
2023-24,old,WAS,SAC,0.001154146083213413
2023-24,old,WAS,SAS,0.0043363811950747014
2023-24,old,WAS,TOR,0.0035599988183544528
2023-24,old,WAS,UTA,0.005257812553137573
2024-25,new,ATL,BKN,0.011631604145547344
2024-25,new,ATL,BOS,8.836207060336039e-05
2024-25,new,ATL,CHA,0.0004302139167140841
2024-25,new,ATL,CHI,0.024606804439385364
2024-25,new,ATL,CLE,0.0
2024-25,new,ATL,DAL,0.002657835061930162
2024-25,new,ATL,DEN,8.999579222927995e-05
2024-25,new,ATL,DET,0.005768638408120077
2024-25,new,ATL,GSW,0.0014060942062355188
2024-25,new,ATL,HOU,0.00040140084918299367
2024-25,new,ATL,IND,0.004575010854254884
2024-25,new,ATL,LAC,0.000276131472582447
2024-25,new,ATL,LAL,0.0
2024-25,new,ATL,MEM,0.0001862723690149296
2024-25,new,ATL,MIA,0.04746286077686121
2024-25,new,ATL,MIL,0.0
2024-25,new,ATL,MIN,0.014741265839407349
2024-25,new,ATL,NOP,0.0008682865566688613
2024-25,new,ATL,NYK,0.0032635020049744893
2024-25,new,ATL,OKC,0.04284234751071786
2024-25,new,ATL,ORL,0.02517770958578945
2024-25,new,ATL,PHI,0.002548228611444521
2024-25,new,ATL,PHX,0.0
2024-25,new,ATL,POR,0.0005549730126571817
2024-25,new,ATL,SAC,0.001953477394493773
2024-25,new,ATL,SAS,0.15402259965248644
2024-25,new,ATL,TOR,0.000481182821014816
2024-25,new,ATL,UTA,0.0066891605282784795
2024-25,new,ATL,WAS,0.02318260308599989
2024-25,new,BKN,ATL,0.019453937740659764
2024-25,new,BKN,BOS,6.89655182690456e-05
2024-25,new,BKN,CHA,0.0004195657908060569
2024-25,new,BKN,CHI,0.000733200471266507
2024-25,new,BKN,CLE,0.0
2024-25,new,BKN,DAL,3.270473755903896e-08
2024-25,new,BKN,DEN,0.0
2024-25,new,BKN,DET,0.0
2024-25,new,BKN,GSW,3.4359772847885746e-05
2024-25,new,BKN,HOU,0.004496228489844161
2024-25,new,BKN,IND,0.0057920258859943214
2024-25,new,BKN,LAC,0.004090517276721398
2024-25,new,BKN,LAL,0.0
2024-25,new,BKN,MEM,1.9968322946471657e-05
2024-25,new,BKN,MIA,0.00010018547515297505
2024-25,new,BKN,MIL,0.0
2024-25,new,BKN,MIN,2.1551724459076704e-06
2024-25,new,BKN,NOP,3.542152770380664e-05
2024-25,new,BKN,NYK,9.365686025313182e-05
2024-25,new,BKN,OKC,0.008471518417325416
2024-25,new,BKN,ORL,0.007437832355549693
2024-25,new,BKN,PHI,0.0001513377493090855
2024-25,new,BKN,PHX,0.004365301757071426
2024-25,new,BKN,POR,0.00014375418787347695
2024-25,new,BKN,SAC,0.004964068623360549
2024-25,new,BKN,SAS,4.538554573210557e-06
2024-25,new,BKN,TOR,4.839401225846347e-05
2024-25,new,BKN,UTA,1.6056511586721797e-05
2024-25,new,BKN,WAS,0.00013462954478321644
2024-25,new,BOS,ATL,0.025640670862335492
2024-25,new,BOS,BKN,0.022013342551446238
2024-25,new,BOS,CHA,2.290100334564882e-05
2024-25,new,BOS,CHI,0.005950564593558596
2024-25,new,BOS,CLE,0.0
2024-25,new,BOS,DAL,0.004778329339857438
2024-25,new,BOS,DEN,0.0001359856269316697
2024-25,new,BOS,DET,1.6085137084356285e-08
2024-25,new,BOS,GSW,0.00925350775337212
2024-25,new,BOS,HOU,0.013495420238689586
2024-25,new,BOS,IND,0.008878232907295098
2024-25,new,BOS,LAC,0.00043480604128301914
2024-25,new,BOS,LAL,0.0
2024-25,new,BOS,MEM,1.3865021335159953e-06
2024-25,new,BOS,MIA,0.005322642608626202
2024-25,new,BOS,MIL,0.0
2024-25,new,BOS,MIN,0.0019525861557059235
2024-25,new,BOS,NOP,2.6683814405401653e-05
2024-25,new,BOS,NYK,3.2881112086677185e-05
2024-25,new,BOS,OKC,0.017685661140920694
2024-25,new,BOS,ORL,0.0057809880417253635
2024-25,new,BOS,PHI,2.5883241773526515e-05
2024-25,new,BOS,PHX,0.001993534487656093
2024-25,new,BOS,POR,0.0018658051297859891
2024-25,new,BOS,SAC,0.02094847452444216
2024-25,new,BOS,SAS,8.919666064467288e-05
2024-25,new,BOS,TOR,2.3083388830504943e-05
2024-25,new,BOS,UTA,0.016796834965277313
2024-25,new,BOS,WAS,0.02146743253092158
2024-25,new,CHA,ATL,0.06144916308379533
2024-25,new,CHA,BKN,0.015953450406312266
2024-25,new,CHA,BOS,0.00028125000378951946
2024-25,new,CHA,CHI,0.004590103146471524
2024-25,new,CHA,CLE,0.0
2024-25,new,CHA,DAL,0.01618895589733762
2024-25,new,CHA,DEN,0.00915285034312502
2024-25,new,CHA,DET,3.672513662203183e-05
2024-25,new,CHA,GSW,0.030828263630159364
2024-25,new,CHA,HOU,0.008530441863012725
2024-25,new,CHA,IND,0.010536638041315922
2024-25,new,CHA,LAC,0.005369073263899391
2024-25,new,CHA,LAL,0.0
2024-25,new,CHA,MEM,0.0018937616429129378
2024-25,new,CHA,MIA,0.0225961142180416
2024-25,new,CHA,MIL,0.0
2024-25,new,CHA,MIN,0.0036895162999682147
2024-25,new,CHA,NOP,0.011356242489782745
2024-25,new,CHA,NYK,0.0006421581109727946
2024-25,new,CHA,OKC,0.04636349958250293
2024-25,new,CHA,ORL,0.019256549827750255
2024-25,new,CHA,PHI,0.001400810104148565
2024-25,new,CHA,PHX,0.004854525853237457
2024-25,new,CHA,POR,0.005766107832313774
2024-25,new,CHA,SAC,0.03790435024281576
2024-25,new,CHA,SAS,0.0010018705298614349
2024-25,new,CHA,TOR,0.0009679814295668916
2024-25,new,CHA,UTA,0.04300939847910604
2024-25,new,CHA,WAS,0.015096207287395313
2024-25,new,CHI,ATL,0.05207376619025884
2024-25,new,CHI,BKN,0.029167833982556495
2024-25,new,CHI,BOS,0.0004148706939103532
2024-25,new,CHI,CHA,0.00017512692231883188
2024-25,new,CHI,CLE,0.0
2024-25,new,CHI,DAL,0.007159979935031007
2024-25,new,CHI,DEN,0.00010513502574029267
2024-25,new,CHI,DET,8.565093158722448e-05
2024-25,new,CHI,GSW,0.004859106079105916
2024-25,new,CHI,HOU,0.010645743519657868
2024-25,new,CHI,IND,0.007723722811580079
2024-25,new,CHI,LAC,0.00926508623500483
2024-25,new,CHI,LAL,0.0
2024-25,new,CHI,MEM,0.003297797684829072
2024-25,new,CHI,MIA,0.08443805016161429
2024-25,new,CHI,MIL,0.0
2024-25,new,CHI,MIN,0.0012424923790365875
2024-25,new,CHI,NOP,5.082965363152293e-05
2024-25,new,CHI,NYK,0.001313385376138525
2024-25,new,CHI,OKC,0.05301807625009568
2024-25,new,CHI,ORL,0.10284392947724834
2024-25,new,CHI,PHI,0.0016197275914004384
2024-25,new,CHI,PHX,0.0021842672633296204
2024-25,new,CHI,POR,0.001400877417724834
2024-25,new,CHI,SAC,0.003950771357613497
2024-25,new,CHI,SAS,0.04788351187487404
2024-25,new,CHI,TOR,0.002902612503665502
2024-25,new,CHI,UTA,0.013481935757763377
2024-25,new,CHI,WAS,0.01095221636527607
2024-25,new,CLE,ATL,0.015747355915724175
2024-25,new,CLE,BKN,0.011174189157167131
2024-25,new,CLE,BOS,0.003001077562923832
2024-25,new,CLE,CHA,0.0001506453637541987
2024-25,new,CLE,CHI,0.0010264276453375346
2024-25,new,CLE,DAL,0.0013483777497003448
2024-25,new,CLE,DEN,4.1424306562530856e-05
2024-25,new,CLE,DET,6.434054833742514e-08
2024-25,new,CLE,GSW,0.002219783772307358
2024-25,new,CLE,HOU,0.0018426724919720133
2024-25,new,CLE,IND,0.00218318966691029
2024-25,new,CLE,LAC,0.022677532369170562
2024-25,new,CLE,LAL,0.0
2024-25,new,CLE,MEM,0.00015757950840406703
2024-25,new,CLE,MIA,0.04222408381820204
2024-25,new,CLE,MIL,0.0
2024-25,new,CLE,MIN,0.00021982759181088924
2024-25,new,CLE,NOP,0.000920789451740139
2024-25,new,CLE,NYK,0.0008426625739897788
2024-25,new,CLE,OKC,0.04104844811097144
2024-25,new,CLE,ORL,0.04356950309259153
2024-25,new,CLE,PHI,0.0005511465549314944
2024-25,new,CLE,PHX,0.027553879311870276
2024-25,new,CLE,POR,0.0009213584095840886
2024-25,new,CLE,SAC,0.002501002535969116
2024-25,new,CLE,SAS,0.026846385145093098
2024-25,new,CLE,TOR,7.253839240956359e-05
2024-25,new,CLE,UTA,0.018033213704803683
2024-25,new,CLE,WAS,0.019053419216958373
2024-25,new,DAL,ATL,0.06169170256305002
2024-25,new,DAL,BKN,0.028416750996850357
2024-25,new,DAL,BOS,8.6206897836307e-06
2024-25,new,DAL,CHA,1.774788725939269e-05
2024-25,new,DAL,CHI,0.02762306636546523
2024-25,new,DAL,CLE,0.0
2024-25,new,DAL,DEN,0.001837187894793455
2024-25,new,DAL,DET,0.0006369701102637986
2024-25,new,DAL,GSW,0.03132286740197339
2024-25,new,DAL,HOU,0.022275323348986947
2024-25,new,DAL,IND,0.011227370689719402
2024-25,new,DAL,LAC,0.0015786638225083528
2024-25,new,DAL,LAL,0.0
2024-25,new,DAL,MEM,0.025908153462144503
2024-25,new,DAL,MIA,0.048590501471668504
2024-25,new,DAL,MIL,0.0
2024-25,new,DAL,MIN,0.008895593904602497
2024-25,new,DAL,NOP,0.0013958574031813374
2024-25,new,DAL,NYK,0.00021502327675103512
2024-25,new,DAL,OKC,0.09269482047415957
2024-25,new,DAL,ORL,0.007755902152772645
2024-25,new,DAL,PHI,0.0001808364132587727
2024-25,new,DAL,PHX,0.0
2024-25,new,DAL,POR,0.007475282791533304
2024-25,new,DAL,SAC,0.031626680355923135
2024-25,new,DAL,SAS,0.004110211608871567
2024-25,new,DAL,TOR,9.518628202245543e-05
2024-25,new,DAL,UTA,0.03250433875961483
2024-25,new,DAL,WAS,0.02756153621439757
2024-25,new,DEN,ATL,0.05978188269440543
2024-25,new,DEN,BKN,0.07725722252778873
2024-25,new,DEN,BOS,0.0010603448531815204
2024-25,new,DEN,CHA,0.00018645688439443672
2024-25,new,DEN,CHI,0.00016272265778430892
2024-25,new,DEN,CLE,0.0
2024-25,new,DEN,DAL,0.0028393753700747186
2024-25,new,DEN,DET,0.0007947167510267382
2024-25,new,DEN,GSW,0.001603590227646431
2024-25,new,DEN,HOU,0.0031813038731644187
2024-25,new,DEN,IND,0.02486753657652808
2024-25,new,DEN,LAC,0.0032381466083461425
2024-25,new,DEN,LAL,0.0
2024-25,new,DEN,MEM,0.014882035553729966
2024-25,new,DEN,MIA,0.07326468634781434
2024-25,new,DEN,MIL,0.0
2024-25,new,DEN,MIN,0.004080951567749282
2024-25,new,DEN,NOP,0.004428265147971799
2024-25,new,DEN,NYK,0.003786361564381355
2024-25,new,DEN,OKC,0.08388967095011705
2024-25,new,DEN,ORL,0.2827074463897908
2024-25,new,DEN,PHI,8.8718319675482e-05
2024-25,new,DEN,PHX,1.0775862229538375e-06
2024-25,new,DEN,POR,0.0003636309914473973
2024-25,new,DEN,SAC,0.0018569444286666676
2024-25,new,DEN,SAS,0.0018607075337519015
2024-25,new,DEN,TOR,1.960629917933915e-06
2024-25,new,DEN,UTA,0.028521424890943115
2024-25,new,DEN,WAS,0.012132405233715296
2024-25,new,DET,ATL,0.0037106775300181603
2024-25,new,DET,BKN,0.04355438698418982
2024-25,new,DET,BOS,7.327586364257954e-05
2024-25,new,DET,CHA,0.002141377625974524
2024-25,new,DET,CHI,0.004003259567602741
2024-25,new,DET,CLE,0.0
2024-25,new,DET,DAL,0.0025080860469126184
2024-25,new,DET,DEN,3.1833930993559143e-06
2024-25,new,DET,GSW,0.0001685363878541251
2024-25,new,DET,HOU,0.00044585127740745165
2024-25,new,DET,IND,0.016324123993595112
2024-25,new,DET,LAC,0.004291487066075204
2024-25,new,DET,LAL,0.0
2024-25,new,DET,MEM,7.2050946235625615e-06
2024-25,new,DET,MIA,0.02829163575163047
2024-25,new,DET,MIL,0.0
2024-25,new,DET,MIN,0.0869402367651366
2024-25,new,DET,NOP,0.0027580461373786897
2024-25,new,DET,NYK,0.0036787274991368743
2024-25,new,DET,OKC,0.041439658467886005
2024-25,new,DET,ORL,0.01463048284770208
2024-25,new,DET,PHI,0.0022817428230387034
2024-25,new,DET,PHX,0.0038857758661796304
2024-25,new,DET,POR,0.0002485479017475
2024-25,new,DET,SAC,0.0060266617536137235
2024-25,new,DET,SAS,0.0500752523410909
2024-25,new,DET,TOR,0.0008160455134798246
2024-25,new,DET,UTA,0.009192864746133428
2024-25,new,DET,WAS,0.01056352189399004
2024-25,new,GSW,ATL,0.03079762004134704
2024-25,new,GSW,BKN,0.03580199350106677
2024-25,new,GSW,BOS,0.00019719827952313006
2024-25,new,GSW,CHA,4.051363679061223e-05
2024-25,new,GSW,CHI,0.0008769246299540601
2024-25,new,GSW,CLE,0.0
2024-25,new,GSW,DAL,0.025519587928145925
2024-25,new,GSW,DEN,0.03532734731711131
2024-25,new,GSW,DET,0.0029468502145496888
2024-25,new,GSW,HOU,0.0072971444928833975
2024-25,new,GSW,IND,0.024785182460266536
2024-25,new,GSW,LAC,0.0023413254651803005
2024-25,new,GSW,LAL,0.0
2024-25,new,GSW,MEM,0.027079931062733813
2024-25,new,GSW,MIA,0.23515114263571826
2024-25,new,GSW,MIL,0.0
2024-25,new,GSW,MIN,0.007046422012628517
2024-25,new,GSW,NOP,0.001959723207226279
2024-25,new,GSW,NYK,0.00036436960292043354
2024-25,new,GSW,OKC,0.18810658986096182
2024-25,new,GSW,ORL,0.1057387050830377
2024-25,new,GSW,PHI,0.00026871016481259133
2024-25,new,GSW,PHX,0.0
2024-25,new,GSW,POR,0.0012720898322995397
2024-25,new,GSW,SAC,0.032715066546011494
2024-25,new,GSW,SAS,0.010642412250840113
2024-25,new,GSW,TOR,6.000493854958461e-05
2024-25,new,GSW,UTA,0.05847963981103185
2024-25,new,GSW,WAS,0.00468292702476543
2024-25,new,HOU,ATL,0.07345650773484998
2024-25,new,HOU,BKN,0.10693791612444174
2024-25,new,HOU,BOS,0.0002887931043795984
2024-25,new,HOU,CHA,1.9427431812722032e-05
2024-25,new,HOU,CHI,0.010819939378641969
2024-25,new,HOU,CLE,0.0
2024-25,new,HOU,DAL,0.001231351775857935
2024-25,new,HOU,DEN,0.00014605886713235948
2024-25,new,HOU,DET,0.001285180498752558
2024-25,new,HOU,GSW,0.008443909862143228
2024-25,new,HOU,IND,0.03451127063736906
2024-25,new,HOU,LAC,0.0222605066856265
2024-25,new,HOU,LAL,0.0
2024-25,new,HOU,MEM,0.017225793759855203
2024-25,new,HOU,MIA,0.04618856889230024
2024-25,new,HOU,MIL,0.0
2024-25,new,HOU,MIN,0.0034563651791942344
2024-25,new,HOU,NOP,0.00011096840559641047
2024-25,new,HOU,NYK,0.0002503372136030523
2024-25,new,HOU,OKC,0.09465579455209502
2024-25,new,HOU,ORL,0.16065692461338496
2024-25,new,HOU,PHI,0.00042528205319619986
2024-25,new,HOU,PHX,0.0048469827613183145
2024-25,new,HOU,POR,5.4962276604471614e-05
2024-25,new,HOU,SAC,0.001742541598764205
2024-25,new,HOU,SAS,0.006186746343513781
2024-25,new,HOU,TOR,0.0020903625044284635
2024-25,new,HOU,UTA,0.04210133398635343
2024-25,new,HOU,WAS,0.02486287471453969
2024-25,new,IND,ATL,0.035320062868865125
2024-25,new,IND,BKN,0.10304490577054509
2024-25,new,IND,BOS,1.9396552093455502e-05
2024-25,new,IND,CHA,8.56085755009713e-05
2024-25,new,IND,CHI,0.0011879182088277331
2024-25,new,IND,CLE,0.0
2024-25,new,IND,DAL,0.009826156574414217
2024-25,new,IND,DEN,0.00014677797339319028
2024-25,new,IND,DET,0.0005571112411786481
2024-25,new,IND,GSW,0.013608138010696885
2024-25,new,IND,HOU,0.012743534585119802
2024-25,new,IND,LAC,0.0003216594818313123
2024-25,new,IND,LAL,0.0
2024-25,new,IND,MEM,0.0005269341311102556
2024-25,new,IND,MIA,0.04574395967842441
2024-25,new,IND,MIL,0.0
2024-25,new,IND,MIN,0.012790466095202983
2024-25,new,IND,NOP,0.0019321068943603506
2024-25,new,IND,NYK,0.00222385324214168
2024-25,new,IND,OKC,0.09243316701589525
2024-25,new,IND,ORL,0.03522528732661214
2024-25,new,IND,PHI,4.767841548487789e-05
2024-25,new,IND,PHX,0.0
2024-25,new,IND,POR,0.0026516341167838464
2024-25,new,IND,SAC,0.007856411375917824
2024-25,new,IND,SAS,0.001841960114450669
2024-25,new,IND,TOR,1.3579796289772323e-05
2024-25,new,IND,UTA,0.04956489240474588
2024-25,new,IND,WAS,0.01602204509110302
2024-25,new,LAC,ATL,0.05863030127043424
2024-25,new,LAC,BKN,0.04308057296187501
2024-25,new,LAC,BOS,0.000349137937682199
2024-25,new,LAC,CHA,0.0012228045624205705
2024-25,new,LAC,CHI,0.0235878593331061
2024-25,new,LAC,CLE,0.0
2024-25,new,LAC,DAL,0.01954132665322582
2024-25,new,LAC,DEN,0.038290115522455724
2024-25,new,LAC,DET,0.00015320122326762883
2024-25,new,LAC,GSW,0.06913891970866816
2024-25,new,LAC,HOU,0.0038952047661035168
2024-25,new,LAC,IND,0.03126398205273507
2024-25,new,LAC,LAL,0.0
2024-25,new,LAC,MEM,0.08899065770206048
2024-25,new,LAC,MIA,0.10637751134216672
2024-25,new,LAC,MIL,0.0
2024-25,new,LAC,MIN,0.010350356108023798
2024-25,new,LAC,NOP,6.196382369477259e-05
2024-25,new,LAC,NYK,0.0009884017046535856
2024-25,new,LAC,OKC,0.4550914468666335
2024-25,new,LAC,ORL,0.054355450340382826
2024-25,new,LAC,PHI,6.00267591870438e-05
2024-25,new,LAC,PHX,0.0031056034359438667
2024-25,new,LAC,POR,0.0008889580234869877
2024-25,new,LAC,SAC,0.05347994718705968
2024-25,new,LAC,SAS,0.005228241081578275
2024-25,new,LAC,TOR,1.4981076629242617e-05
2024-25,new,LAC,UTA,0.07895280611223725
2024-25,new,LAC,WAS,0.012308574772761347
2024-25,new,LAL,ATL,0.3428246027659402
2024-25,new,LAL,BKN,0.05724594618332327
2024-25,new,LAL,BOS,0.0003415948328369393
2024-25,new,LAL,CHA,0.0007396258689975019
2024-25,new,LAL,CHI,3.201947537213077e-05
2024-25,new,LAL,CLE,0.0
2024-25,new,LAL,DAL,0.01037235718048926
2024-25,new,LAL,DEN,0.0021474167293623185
2024-25,new,LAL,DET,4.8946321897284214e-05
2024-25,new,LAL,GSW,0.02191364502662976
2024-25,new,LAL,HOU,0.0007728987244752654
2024-25,new,LAL,IND,0.03911206918327009
2024-25,new,LAL,LAC,0.002369073288463024
2024-25,new,LAL,MEM,0.021613471685074995
2024-25,new,LAL,MIA,0.021901414180561622
2024-25,new,LAL,MIL,0.0
2024-25,new,LAL,MIN,0.0034268983579963316
2024-25,new,LAL,NOP,0.0010656069369033576
2024-25,new,LAL,NYK,0.00024460587494535624
2024-25,new,LAL,OKC,0.046892860592835525
2024-25,new,LAL,ORL,0.07063394601792011
2024-25,new,LAL,PHI,0.00016186168676932567
2024-25,new,LAL,PHX,0.001420258622744988
2024-25,new,LAL,POR,6.447625657945268e-05
2024-25,new,LAL,SAC,0.008940696845494507
2024-25,new,LAL,SAS,0.006062917494423542
2024-25,new,LAL,TOR,3.458641196942344e-05
2024-25,new,LAL,UTA,0.09786524052051584
2024-25,new,LAL,WAS,0.019979047874427055
2024-25,new,MEM,ATL,0.04157411249945195
2024-25,new,MEM,BKN,0.06458367711363636
2024-25,new,MEM,BOS,0.0002564654980208083
2024-25,new,MEM,CHA,8.775342810084848e-05
2024-25,new,MEM,CHI,0.010499186175012682
2024-25,new,MEM,CLE,0.0
2024-25,new,MEM,DAL,0.0037332324041688945
2024-25,new,MEM,DEN,0.009598582363291752
2024-25,new,MEM,DET,0.0017652313460269184
2024-25,new,MEM,GSW,0.039797903602123944
2024-25,new,MEM,HOU,0.0023033405366706954
2024-25,new,MEM,IND,0.03212305266455867
2024-25,new,MEM,LAC,0.008730872866561122
2024-25,new,MEM,LAL,0.0
2024-25,new,MEM,MIA,0.04047493312556926
2024-25,new,MEM,MIL,0.0
2024-25,new,MEM,MIN,0.0073684545934645865
2024-25,new,MEM,NOP,0.0013284345099190996
2024-25,new,MEM,NYK,0.000721533531054
2024-25,new,MEM,OKC,0.08830092296564152
2024-25,new,MEM,ORL,0.050630206535172195
2024-25,new,MEM,PHI,0.0003827419726040455
2024-25,new,MEM,PHX,0.008649784471229492
2024-25,new,MEM,POR,0.0013856321272465914
2024-25,new,MEM,SAC,0.011126129006317317
2024-25,new,MEM,SAS,0.02783516233091074
2024-25,new,MEM,TOR,0.0007667956647350401
2024-25,new,MEM,UTA,0.05817304572195836
2024-25,new,MEM,WAS,0.1642920908146773
2024-25,new,MIA,ATL,0.009154607938087013
2024-25,new,MIA,BKN,0.04673620767900739
2024-25,new,MIA,BOS,4.31034489181535e-06
2024-25,new,MIA,CHA,0.0002357597703280986
2024-25,new,MIA,CHI,0.020418144883562337
2024-25,new,MIA,CLE,0.0
2024-25,new,MIA,DAL,0.0041040196716477986
2024-25,new,MIA,DEN,0.0001604756509656859
2024-25,new,MIA,DET,0.021671085218564288
2024-25,new,MIA,GSW,0.014109897481520053
2024-25,new,MIA,HOU,0.0007896013249410317
2024-25,new,MIA,IND,0.010617384704416404
2024-25,new,MIA,LAC,0.0017578125141103392
2024-25,new,MIA,LAL,0.0
2024-25,new,MIA,MEM,0.006738676306253141
2024-25,new,MIA,MIL,0.0
2024-25,new,MIA,MIN,0.019186753627496913
2024-25,new,MIA,NOP,0.011559135544281118
2024-25,new,MIA,NYK,0.0022696213024698273
2024-25,new,MIA,OKC,0.1489086898737978
2024-25,new,MIA,ORL,0.05439377489145984
2024-25,new,MIA,PHI,0.0031066605373727095
2024-25,new,MIA,PHX,0.0
2024-25,new,MIA,POR,0.0003067548630425794
2024-25,new,MIA,SAC,0.01424414146005452
2024-25,new,MIA,SAS,0.054499783651005496
2024-25,new,MIA,TOR,0.002230607713372641
2024-25,new,MIA,UTA,0.06260701517054691
2024-25,new,MIA,WAS,0.025663691295023026
2024-25,new,MIL,ATL,0.011255191795351064
2024-25,new,MIL,BKN,0.13577990839034193
2024-25,new,MIL,BOS,0.0007618534673358601
2024-25,new,MIL,CHA,5.064539000206662e-05
2024-25,new,MIL,CHI,0.00023258706647469096
2024-25,new,MIL,CLE,0.0
2024-25,new,MIL,DAL,0.0024373700427431015
2024-25,new,MIL,DEN,0.002364126242480521
2024-25,new,MIL,DET,0.0099848171435783
2024-25,new,MIL,GSW,0.011714074429683316
2024-25,new,MIL,HOU,4.01400902573469e-05
2024-25,new,MIL,IND,0.010785134153487688
2024-25,new,MIL,LAC,0.00042887930075862787
2024-25,new,MIL,LAL,0.0
2024-25,new,MIL,MEM,0.019627346011044405
2024-25,new,MIL,MIA,0.02197511718937182
2024-25,new,MIL,MIN,0.010485841134745738
2024-25,new,MIL,NOP,0.012092994874328196
2024-25,new,MIL,NYK,0.00048733754338232515
2024-25,new,MIL,OKC,0.033820518855032136
2024-25,new,MIL,ORL,0.03827790570208642
2024-25,new,MIL,PHI,0.0005073598349991092
2024-25,new,MIL,PHX,1.0775862229538375e-06
2024-25,new,MIL,POR,5.443414033407356e-05
2024-25,new,MIL,SAC,0.00018854199446471654
2024-25,new,MIL,SAS,0.009731126546131385
2024-25,new,MIL,TOR,3.617748289439871e-05
2024-25,new,MIL,UTA,0.09184307989994696
2024-25,new,MIL,WAS,0.012028679812690412
2024-25,new,MIN,ATL,0.04535702503265338
2024-25,new,MIN,BKN,0.046682362763332215
2024-25,new,MIN,BOS,0.0007931034469270504
2024-25,new,MIN,CHA,0.0014146325165127133
2024-25,new,MIN,CHI,0.0008752557298001404
2024-25,new,MIN,CLE,0.0
2024-25,new,MIN,DAL,0.01977987895773287
2024-25,new,MIN,DEN,0.019975381602805622
2024-25,new,MIN,DET,0.006358100958554223
2024-25,new,MIN,GSW,0.10332867866829598
2024-25,new,MIN,HOU,0.0020059267623582858
2024-25,new,MIN,IND,0.02782323718666358
2024-25,new,MIN,LAC,0.0057753232799887914
2024-25,new,MIN,LAL,0.0
2024-25,new,MIN,MEM,0.059647415294564826
2024-25,new,MIN,MIA,0.03107523599730624
2024-25,new,MIN,MIL,0.0
2024-25,new,MIN,NOP,0.0001408630989539765
2024-25,new,MIN,NYK,0.005442808343772621
2024-25,new,MIN,OKC,0.06739411949579727
2024-25,new,MIN,ORL,0.050049589788715085
2024-25,new,MIN,PHI,0.00027431080493787985
2024-25,new,MIN,PHX,0.0042693965748787435
2024-25,new,MIN,POR,0.00020272829529744982
2024-25,new,MIN,SAC,0.02059143538405716
2024-25,new,MIN,SAS,0.00531691324732596
2024-25,new,MIN,TOR,3.3336114134981144e-05
2024-25,new,MIN,UTA,0.2974408733376969
2024-25,new,MIN,WAS,0.018930510997937508
2024-25,new,NOP,ATL,0.08824440244356226
2024-25,new,NOP,BKN,0.015406298179809751
2024-25,new,NOP,BOS,0.0
2024-25,new,NOP,CHA,0.008273473442267433
2024-25,new,NOP,CHI,0.0005160362204799177
2024-25,new,NOP,CLE,0.0
2024-25,new,NOP,DAL,0.004632865894713274
2024-25,new,NOP,DEN,0.0018285538113699431
2024-25,new,NOP,DET,3.2392950555005063e-06
2024-25,new,NOP,GSW,0.025218646563321793
2024-25,new,NOP,HOU,0.005100484918381473
2024-25,new,NOP,IND,0.015015973614868984
2024-25,new,NOP,LAC,0.000640355616462706
2024-25,new,NOP,LAL,0.0
2024-25,new,NOP,MEM,0.023700736769844317
2024-25,new,NOP,MIA,0.015167747673304303
2024-25,new,NOP,MIL,0.0
2024-25,new,NOP,MIN,0.010553639447068872
2024-25,new,NOP,NYK,0.00877297668134076
2024-25,new,NOP,OKC,0.07937302320232983
2024-25,new,NOP,ORL,0.009896632844813198
2024-25,new,NOP,PHI,0.0003952225336358448
2024-25,new,NOP,PHX,0.0
2024-25,new,NOP,POR,0.0007240014259716471
2024-25,new,NOP,SAC,0.048597079103328486
2024-25,new,NOP,SAS,0.004180637573817676
2024-25,new,NOP,TOR,0.00010835421359258168
2024-25,new,NOP,UTA,0.09288283462106972
2024-25,new,NOP,WAS,0.01414856297240208
2024-25,new,NYK,ATL,0.04297315430685299
2024-25,new,NYK,BKN,0.06247279081822597
2024-25,new,NYK,BOS,0.0005484913896512367
2024-25,new,NYK,CHA,1.610826211899444e-06
2024-25,new,NYK,CHI,0.0003168650643961062
2024-25,new,NYK,CLE,0.0
2024-25,new,NYK,DAL,0.006819085280111299
2024-25,new,NYK,DEN,0.00019811458852300664
2024-25,new,NYK,DET,9.86552054994576e-08
2024-25,new,NYK,GSW,0.011980841081954942
2024-25,new,NYK,HOU,0.001241648749283772
2024-25,new,NYK,IND,0.012191783830680973
2024-25,new,NYK,LAC,0.0019463901052548514
2024-25,new,NYK,LAL,0.0
2024-25,new,NYK,MEM,0.00949057286977496
2024-25,new,NYK,MIA,0.028996014793150927
2024-25,new,NYK,MIL,0.0
2024-25,new,NYK,MIN,0.0026519395940102115
2024-25,new,NYK,NOP,8.4797799086618e-06
2024-25,new,NYK,OKC,0.05690987064747456
2024-25,new,NYK,ORL,0.02521301451607892
2024-25,new,NYK,PHI,2.6477870962690394e-05
2024-25,new,NYK,PHX,0.0007834051737304904
2024-25,new,NYK,POR,0.0006571933332267833
2024-25,new,NYK,SAC,0.024040206752529682
2024-25,new,NYK,SAS,0.000197294890394209
2024-25,new,NYK,TOR,1.2527786669608873e-05
2024-25,new,NYK,UTA,0.01970363499758627
2024-25,new,NYK,WAS,0.010346880002125376
2024-25,new,OKC,ATL,0.056875265451999384
2024-25,new,OKC,BKN,0.05150777204673845
2024-25,new,OKC,BOS,0.001275862071117194
2024-25,new,OKC,CHA,2.6355789147622243e-05
2024-25,new,OKC,CHI,0.0030733120609138546
2024-25,new,OKC,CLE,0.0
2024-25,new,OKC,DAL,0.013724889164258276
2024-25,new,OKC,DEN,0.0009760583852981791
2024-25,new,OKC,DET,4.331355437104225e-08
2024-25,new,OKC,GSW,0.03159463640412313
2024-25,new,OKC,HOU,0.0017068965608005185
2024-25,new,OKC,IND,0.028041037252345438
2024-25,new,OKC,LAC,0.024825431019236368
2024-25,new,OKC,LAL,0.0
2024-25,new,OKC,MEM,0.013660468802810865
2024-25,new,OKC,MIA,0.02883016770786458
2024-25,new,OKC,MIL,0.0
2024-25,new,OKC,MIN,0.016701732057212964
2024-25,new,OKC,NOP,7.832116035854901e-05
2024-25,new,OKC,NYK,0.00017891635678318865
2024-25,new,OKC,ORL,0.0407779530023841
2024-25,new,OKC,PHI,0.0001547288237509684
2024-25,new,OKC,PHX,0.03211530174128711
2024-25,new,OKC,POR,8.887561565861472e-05
2024-25,new,OKC,SAC,0.008552850068624692
2024-25,new,OKC,SAS,0.008135347777068687
2024-25,new,OKC,TOR,5.174250409233782e-05
2024-25,new,OKC,UTA,0.08412412733396077
2024-25,new,OKC,WAS,0.0374847695693158
2024-25,new,ORL,ATL,0.020256531255961333
2024-25,new,ORL,BKN,0.021972150882221996
2024-25,new,ORL,BOS,6.465517337723025e-06
2024-25,new,ORL,CHA,0.00037334053186263076
2024-25,new,ORL,CHI,0.07712626718886727
2024-25,new,ORL,CLE,0.0
2024-25,new,ORL,DAL,0.011539908488531862
2024-25,new,ORL,DEN,0.0003058278535118201
2024-25,new,ORL,DET,0.014427759477441114
2024-25,new,ORL,GSW,0.011038433601106177
2024-25,new,ORL,HOU,0.008550107775974602
2024-25,new,ORL,IND,0.0074575521932451275
2024-25,new,ORL,LAC,0.00679040953490867
2024-25,new,ORL,LAL,0.0
2024-25,new,ORL,MEM,0.02136590083723604
2024-25,new,ORL,MIA,0.09254223028068592
2024-25,new,ORL,MIL,0.0
2024-25,new,ORL,MIN,0.010863340100271483
2024-25,new,ORL,NOP,0.0026614906073718406
2024-25,new,ORL,NYK,0.002880465740154676
2024-25,new,ORL,OKC,0.11320821203802972
2024-25,new,ORL,PHI,0.001765164185942109
2024-25,new,ORL,PHX,0.0
2024-25,new,ORL,POR,0.002337234523835882
2024-25,new,ORL,SAC,0.02244129889889275
2024-25,new,ORL,SAS,0.09785846014193769
2024-25,new,ORL,TOR,0.00020426801242923049
2024-25,new,ORL,UTA,0.03156691600254818
2024-25,new,ORL,WAS,0.008564807026325037
2024-25,new,PHI,ATL,0.0011252490042724325
2024-25,new,PHI,BKN,0.0012916339528532485
2024-25,new,PHI,BOS,1.72413795672614e-05
2024-25,new,PHI,CHA,1.748973713785883e-05
2024-25,new,PHI,CHI,0.006053400172781163
2024-25,new,PHI,CLE,0.0
2024-25,new,PHI,DAL,0.0003252118631687481
2024-25,new,PHI,DEN,6.15379309453174e-07
2024-25,new,PHI,DET,0.0033542606071990644
2024-25,new,PHI,GSW,0.0008385012664239147
2024-25,new,PHI,HOU,0.00010479524916294809
2024-25,new,PHI,IND,1.2268656751859527e-05
2024-25,new,PHI,LAC,0.00597009696070394
2024-25,new,PHI,LAL,0.0
2024-25,new,PHI,MEM,1.3034521872094778e-05
2024-25,new,PHI,MIA,0.002987977348654054
2024-25,new,PHI,MIL,0.0
2024-25,new,PHI,MIN,0.0007969544279983197
2024-25,new,PHI,NOP,0.0001119122054108834
2024-25,new,PHI,NYK,0.00031470480266702596
2024-25,new,PHI,OKC,0.00757570443124909
2024-25,new,PHI,ORL,0.0056079270833722375
2024-25,new,PHI,PHX,0.006102370660880515
2024-25,new,PHI,POR,7.271570368328053e-05
2024-25,new,PHI,SAC,0.0021798632120692664
2024-25,new,PHI,SAS,0.012741023663656809
2024-25,new,PHI,TOR,0.0008408938029985913
2024-25,new,PHI,UTA,0.0004276609156158833
2024-25,new,PHI,WAS,0.00036796412715153613
2024-25,new,PHX,ATL,0.029397860806142755
2024-25,new,PHX,BKN,0.012016101046041554
2024-25,new,PHX,BOS,0.00020366379814543606
2024-25,new,PHX,CHA,0.0008164125835667411
2024-25,new,PHX,CHI,0.0021076092588878537
2024-25,new,PHX,CLE,0.0
2024-25,new,PHX,DAL,0.016615238311261493
2024-25,new,PHX,DEN,0.006863393676318263
2024-25,new,PHX,DET,5.014146666230468e-05
2024-25,new,PHX,GSW,0.005753225348923942
2024-25,new,PHX,HOU,0.04190301714972834
2024-25,new,PHX,IND,0.008896639061052916
2024-25,new,PHX,LAC,0.00021309267649234368
2024-25,new,PHX,LAL,0.0
2024-25,new,PHX,MEM,0.01639659081524497
2024-25,new,PHX,MIA,0.05695518350554068
2024-25,new,PHX,MIL,0.0
2024-25,new,PHX,MIN,0.00030512298362823286
2024-25,new,PHX,NOP,8.803790918688004e-05
2024-25,new,PHX,NYK,0.00018634191974995035
2024-25,new,PHX,OKC,0.03371200087808402
2024-25,new,PHX,ORL,0.04430129214930286
2024-25,new,PHX,PHI,0.0026070461108297477
2024-25,new,PHX,POR,0.004781535287522421
2024-25,new,PHX,SAC,0.036116198517544766
2024-25,new,PHX,SAS,0.0026777790450463277
2024-25,new,PHX,TOR,0.0008827114550768365
2024-25,new,PHX,UTA,0.02393337699914764
2024-25,new,PHX,WAS,0.00430077498363401
2024-25,new,POR,ATL,0.061703991815876255
2024-25,new,POR,BKN,0.027135659918960837
2024-25,new,POR,BOS,0.00022198276128619916
2024-25,new,POR,CHA,2.443989980646169e-05
2024-25,new,POR,CHI,0.016486141329304718
2024-25,new,POR,CLE,0.0
2024-25,new,POR,DAL,0.007631733013232291
2024-25,new,POR,DEN,0.00018528249770046119
2024-25,new,POR,DET,1.2177098209903159e-05
2024-25,new,POR,GSW,0.005773962920409102
2024-25,new,POR,HOU,0.006584051749909875
2024-25,new,POR,IND,0.0087241379442978
2024-25,new,POR,LAC,0.0051532866392316745
2024-25,new,POR,LAL,0.0
2024-25,new,POR,MEM,3.9380372297740426e-05
2024-25,new,POR,MIA,0.027645960740932094
2024-25,new,POR,MIL,0.0
2024-25,new,POR,MIN,0.0004604422618085034
2024-25,new,POR,NOP,1.4184462587377513e-05
2024-25,new,POR,NYK,0.00016782477995177521
2024-25,new,POR,OKC,0.03532893651103325
2024-25,new,POR,ORL,0.027498223072774077
2024-25,new,POR,PHI,9.097850008326432e-05
2024-25,new,POR,PHX,0.005011853468604385
2024-25,new,POR,SAC,0.009304228799641389
2024-25,new,POR,SAS,0.006301698644539192
2024-25,new,POR,TOR,0.0008253070842518367
2024-25,new,POR,UTA,0.008620824652900533
2024-25,new,POR,WAS,0.02344514151371781
2024-25,new,SAC,ATL,0.08382463398322999
2024-25,new,SAC,BKN,0.006008192031837732
2024-25,new,SAC,BOS,0.00010452586418852724
2024-25,new,SAC,CHA,3.1045363142002317e-06
2024-25,new,SAC,CHI,0.007976741404710464
2024-25,new,SAC,CLE,0.0
2024-25,new,SAC,DAL,0.012517910302950533
2024-25,new,SAC,DEN,4.073325781965994e-05
2024-25,new,SAC,DET,3.210065853885413e-07
2024-25,new,SAC,GSW,0.016370931565609394
2024-25,new,SAC,HOU,0.014323006555305568
2024-25,new,SAC,IND,0.0007974403568510194
2024-25,new,SAC,LAC,0.006066271582164737
2024-25,new,SAC,LAL,0.0
2024-25,new,SAC,MEM,0.004733248899221221
2024-25,new,SAC,MIA,0.010795205722920476
2024-25,new,SAC,MIL,0.0
2024-25,new,SAC,MIN,0.004470904542274597
2024-25,new,SAC,NOP,0.0020732049519830023
2024-25,new,SAC,NYK,4.340110186500822e-05
2024-25,new,SAC,OKC,0.020761418382336867
2024-25,new,SAC,ORL,0.001687187451291959
2024-25,new,SAC,PHI,0.0003360190136496355
2024-25,new,SAC,PHX,0.0058653017221789415
2024-25,new,SAC,POR,0.008060030512643555
2024-25,new,SAC,SAS,0.00031741289996590723
2024-25,new,SAC,TOR,4.195803897857465e-05
2024-25,new,SAC,UTA,0.013151383895711528
2024-25,new,SAC,WAS,0.0075240821284463365
2024-25,new,SAS,ATL,0.03142088104064407
2024-25,new,SAS,BKN,0.021257244546316577
2024-25,new,SAS,BOS,0.0012704741368712534
2024-25,new,SAS,CHA,0.001990150772961485
2024-25,new,SAS,CHI,0.0009621287514510787
2024-25,new,SAS,CLE,0.0
2024-25,new,SAS,DAL,0.008049482001873129
2024-25,new,SAS,DEN,0.007828157500821144
2024-25,new,SAS,DET,3.6435678786179163e-06
2024-25,new,SAS,GSW,0.018674302334958204
2024-25,new,SAS,HOU,0.0030078124537550165
2024-25,new,SAS,IND,0.006664954243588205
2024-25,new,SAS,LAC,0.0022163254420016093
2024-25,new,SAS,LAL,0.0
2024-25,new,SAS,MEM,0.02597353495516098
2024-25,new,SAS,MIA,0.011723233640670596
2024-25,new,SAS,MIL,0.0
2024-25,new,SAS,MIN,0.0010776344859695897
2024-25,new,SAS,NOP,6.490614292464917e-05
2024-25,new,SAS,NYK,0.0019893588976121687
2024-25,new,SAS,OKC,0.10084913726584677
2024-25,new,SAS,ORL,0.019564664241867733
2024-25,new,SAS,PHI,0.00040027330531315863
2024-25,new,SAS,PHX,0.0032262931052788055
2024-25,new,SAS,POR,0.0017909025797262586
2024-25,new,SAS,SAC,0.007830390605160881
2024-25,new,SAS,TOR,9.720638116522875e-05
2024-25,new,SAS,UTA,0.029389585607789585
2024-25,new,SAS,WAS,0.007400081851737152
2024-25,new,TOR,ATL,0.0051033579609162435
2024-25,new,TOR,BKN,0.008060821336969193
2024-25,new,TOR,BOS,0.0
2024-25,new,TOR,CHA,0.00011858639159473332
2024-25,new,TOR,CHI,0.004063737768015844
2024-25,new,TOR,CLE,0.0
2024-25,new,TOR,DAL,0.0013295054562987667
2024-25,new,TOR,DEN,8.467106780550427e-07
2024-25,new,TOR,DET,3.7915992621065664e-05
2024-25,new,TOR,GSW,0.00443264003003661
2024-25,new,TOR,HOU,0.010744342535637833
2024-25,new,TOR,IND,0.0008653625917542997
2024-25,new,TOR,LAC,0.00010721983010720078
2024-25,new,TOR,LAL,0.0
2024-25,new,TOR,MEM,1.5553080008158974e-05
2024-25,new,TOR,MIA,0.003877211289455567
2024-25,new,TOR,MIL,0.0
2024-25,new,TOR,MIN,0.012110182746624974
2024-25,new,TOR,NOP,0.0016826234979236312
2024-25,new,TOR,NYK,0.0001590900178632147
2024-25,new,TOR,OKC,0.010076590407488255
2024-25,new,TOR,ORL,0.0008395081297599524
2024-25,new,TOR,PHI,0.003779088414988497
2024-25,new,TOR,PHX,0.0
2024-25,new,TOR,POR,0.0007838619137603111
2024-25,new,TOR,SAC,0.008694012563516113
2024-25,new,TOR,SAS,0.00041795195003518963
2024-25,new,TOR,UTA,0.001559698055106415
2024-25,new,TOR,WAS,0.0014508374857816059
2024-25,new,UTA,ATL,0.012417192445887754
2024-25,new,UTA,BKN,0.028810418604550615
2024-25,new,UTA,BOS,0.0009612068880734775
2024-25,new,UTA,CHA,0.0005880857285073321
2024-25,new,UTA,CHI,0.0031458790134380986
2024-25,new,UTA,CLE,0.0
2024-25,new,UTA,DAL,0.0013090886518198675
2024-25,new,UTA,DEN,0.017107515065780374
2024-25,new,UTA,DET,0.0
2024-25,new,UTA,GSW,0.04610118563114252
2024-25,new,UTA,HOU,8.970903814770288e-05
2024-25,new,UTA,IND,0.01367304986841818
2024-25,new,UTA,LAC,0.006521282408342311
2024-25,new,UTA,LAL,0.0
2024-25,new,UTA,MEM,0.02423362120693053
2024-25,new,UTA,MIA,0.02880057029148078
2024-25,new,UTA,MIL,0.0
2024-25,new,UTA,MIN,0.018068940678234047
2024-25,new,UTA,NOP,0.006047050647781471
2024-25,new,UTA,NYK,0.00845706076743126
2024-25,new,UTA,OKC,0.05190267701230572
2024-25,new,UTA,ORL,0.04521923146755638
2024-25,new,UTA,PHI,0.002015755525236142
2024-25,new,UTA,PHX,0.003091594804206798
2024-25,new,UTA,POR,1.623948828770655e-05
2024-25,new,UTA,SAC,0.0030030655874834136
2024-25,new,UTA,SAS,0.0005761045997998878
2024-25,new,UTA,TOR,3.9231925642023504e-05
2024-25,new,UTA,WAS,0.014991661419759116
2024-25,new,WAS,ATL,0.017535444179779255
2024-25,new,WAS,BKN,0.02678989912456723
2024-25,new,WAS,BOS,7.758620813296275e-05
2024-25,new,WAS,CHA,0.0008237816278303826
2024-25,new,WAS,CHI,0.004035490537235552
2024-25,new,WAS,CLE,0.0
2024-25,new,WAS,DAL,0.0004842900443874364
2024-25,new,WAS,DEN,4.367677878299993e-07
2024-25,new,WAS,DET,0.014384651119070092
2024-25,new,WAS,GSW,0.0004235339618513125
2024-25,new,WAS,HOU,0.00024703663280073175
2024-25,new,WAS,IND,0.005288443061607426
2024-25,new,WAS,LAC,0.0002680495730400534
2024-25,new,WAS,LAL,0.0
2024-25,new,WAS,MEM,0.00024868627613542727
2024-25,new,WAS,MIA,0.041125508552178704
2024-25,new,WAS,MIL,0.0
2024-25,new,WAS,MIN,0.024188888331951472
2024-25,new,WAS,NOP,0.0046614615148524025
2024-25,new,WAS,NYK,0.017061465040067888
2024-25,new,WAS,OKC,0.07644741947746884
2024-25,new,WAS,ORL,0.047148320639397064
2024-25,new,WAS,PHI,0.0011154078712965053
2024-25,new,WAS,PHX,0.0
2024-25,new,WAS,POR,0.00010516347267044548
2024-25,new,WAS,SAC,0.0023162032331054236
2024-25,new,WAS,SAS,0.031432196028629344
2024-25,new,WAS,TOR,0.00013668111307236447
2024-25,new,WAS,UTA,0.0204736866241614
2024-25,old,ATL,BKN,0.013532556714430991
2024-25,old,ATL,BOS,8.836207060336039e-05
2024-25,old,ATL,CHA,4.204061505085494e-05
2024-25,old,ATL,CHI,0.01472364110473993
2024-25,old,ATL,CLE,0.0
2024-25,old,ATL,DAL,0.010351578427830717
2024-25,old,ATL,DEN,9.959664197790146e-07
2024-25,old,ATL,DET,0.0018663815694757648
2024-25,old,ATL,GSW,0.0005330777633212577
2024-25,old,ATL,HOU,0.006560344914524368
2024-25,old,ATL,IND,0.0046049210653467615
2024-25,old,ATL,LAC,0.0003709590557665596
2024-25,old,ATL,LAL,0.0
2024-25,old,ATL,MEM,1.123822789410036e-06
2024-25,old,ATL,MIA,0.03771048919107188
2024-25,old,ATL,MIL,0.0
2024-25,old,ATL,MIN,0.005956618127651001
2024-25,old,ATL,NOP,0.0003377233851130623
2024-25,old,ATL,NYK,0.0
2024-25,old,ATL,OKC,0.08921995259592233
2024-25,old,ATL,ORL,0.013763392417584668
2024-25,old,ATL,PHI,0.0012905453414933687
2024-25,old,ATL,PHX,0.0
2024-25,old,ATL,POR,0.010087959552810066
2024-25,old,ATL,SAC,0.049516738294766
2024-25,old,ATL,SAS,0.1465918126778171
2024-25,old,ATL,TOR,0.0034391679761512587
2024-25,old,ATL,UTA,0.0036466722530911233
2024-25,old,ATL,WAS,0.020738370175519372
2024-25,old,BKN,ATL,0.03464776737314611
2024-25,old,BKN,BOS,6.89655182690456e-05
2024-25,old,BKN,CHA,0.0005014596286743328
2024-25,old,BKN,CHI,0.0020272986007192693
2024-25,old,BKN,CLE,0.0
2024-25,old,BKN,DAL,1.2125525051285205e-06
2024-25,old,BKN,DEN,1.523971819704325e-07
2024-25,old,BKN,DET,2.9271557331959307e-07
2024-25,old,BKN,GSW,1.4708672289526066e-06
2024-25,old,BKN,HOU,0.004286637939472587
2024-25,old,BKN,IND,0.005792027951381855
2024-25,old,BKN,LAC,0.004110991430051367
2024-25,old,BKN,LAL,0.0
2024-25,old,BKN,MEM,7.022873628024752e-05
2024-25,old,BKN,MIA,0.0012397662974950685
2024-25,old,BKN,MIL,0.0
2024-25,old,BKN,MIN,1.815738798162557e-05
2024-25,old,BKN,NOP,0.0018368095447600145
2024-25,old,BKN,NYK,0.0
2024-25,old,BKN,OKC,0.07194919433156
2024-25,old,BKN,ORL,0.010052245566277093
2024-25,old,BKN,PHI,0.07324973731327558
2024-25,old,BKN,PHX,0.004365301757071426
2024-25,old,BKN,POR,0.0006272326603390247
2024-25,old,BKN,SAC,0.024833886412181944
2024-25,old,BKN,SAS,0.003666529134921882
2024-25,old,BKN,TOR,0.0042138920642430635
2024-25,old,BKN,UTA,1.4171101848012626e-05
2024-25,old,BKN,WAS,5.5732175207554066e-05
2024-25,old,BOS,ATL,0.05474721836113326
2024-25,old,BOS,BKN,0.022712189520973144
2024-25,old,BOS,CHA,0.00010731985334949737
2024-25,old,BOS,CHI,0.016978535648191566
2024-25,old,BOS,CLE,0.0
2024-25,old,BOS,DAL,0.009165975620938854
2024-25,old,BOS,DEN,7.104988523233259e-06
2024-25,old,BOS,DET,2.3273249576803137e-07
2024-25,old,BOS,GSW,0.00023169605298280555
2024-25,old,BOS,HOU,0.047186692171882656
2024-25,old,BOS,IND,0.009565733000849992
2024-25,old,BOS,LAC,0.0004146012981775505
2024-25,old,BOS,LAL,0.0
2024-25,old,BOS,MEM,0.00012278008220724618
2024-25,old,BOS,MIA,0.017621403200231405
2024-25,old,BOS,MIL,0.0
2024-25,old,BOS,MIN,0.0029073293426383467
2024-25,old,BOS,NOP,0.0006516420869468536
2024-25,old,BOS,NYK,0.0
2024-25,old,BOS,OKC,0.0294118309599564
2024-25,old,BOS,ORL,0.010224440230761706
2024-25,old,BOS,PHI,0.023076505189484304
2024-25,old,BOS,PHX,0.001993534487656093
2024-25,old,BOS,POR,0.010316140236163516
2024-25,old,BOS,SAC,0.05553673387831474
2024-25,old,BOS,SAS,0.008241277643854161
2024-25,old,BOS,TOR,0.0014883263313968218
2024-25,old,BOS,UTA,0.009834868463062113
2024-25,old,BOS,WAS,0.025154672818927023
2024-25,old,CHA,ATL,0.16892682884583754
2024-25,old,CHA,BKN,0.016611228504636505
2024-25,old,CHA,BOS,0.00028125000378951946
2024-25,old,CHA,CHI,0.006924125377090787
2024-25,old,CHA,CLE,0.0
2024-25,old,CHA,DAL,0.0149479904859183
2024-25,old,CHA,DEN,0.0004726095053974635
2024-25,old,CHA,DET,0.0002849362522080719
2024-25,old,CHA,GSW,0.0013897688973763512
2024-25,old,CHA,HOU,0.011484105582710293
2024-25,old,CHA,IND,0.011935721711015396
2024-25,old,CHA,LAC,0.006073545272409885
2024-25,old,CHA,LAL,0.0
2024-25,old,CHA,MEM,0.0014026871521463998
2024-25,old,CHA,MIA,0.052082927003163276
2024-25,old,CHA,MIL,0.0
2024-25,old,CHA,MIN,0.005713333222299285
2024-25,old,CHA,NOP,0.0071623279571756925
2024-25,old,CHA,NYK,0.0
2024-25,old,CHA,OKC,0.04168806246981851
2024-25,old,CHA,ORL,0.020479188214854227
2024-25,old,CHA,PHI,0.0014326732810315936
2024-25,old,CHA,PHX,0.004854525853237457
2024-25,old,CHA,POR,0.013920361829771272
2024-25,old,CHA,SAC,0.008619851217026011
2024-25,old,CHA,SAS,0.01051384016425392
2024-25,old,CHA,TOR,0.001595902117350735
2024-25,old,CHA,UTA,0.018889212977981372
2024-25,old,CHA,WAS,0.027706972249109122
2024-25,old,CHI,ATL,0.11628664126491543
2024-25,old,CHI,BKN,0.02538331892890988
2024-25,old,CHI,BOS,0.0004148706939103532
2024-25,old,CHI,CHA,7.533906912897316e-06
2024-25,old,CHI,CLE,0.0
2024-25,old,CHI,DAL,0.022535410338101525
2024-25,old,CHI,DEN,2.178287546477054e-06
2024-25,old,CHI,DET,3.7532530705439744e-05
2024-25,old,CHI,GSW,0.00012079616446314845
2024-25,old,CHI,HOU,0.04598222012202065
2024-25,old,CHI,IND,0.00803663805623414
2024-25,old,CHI,LAC,0.009258351438871487
2024-25,old,CHI,LAL,0.0
2024-25,old,CHI,MEM,0.0016132950488596325
2024-25,old,CHI,MIA,0.11269370782714747
2024-25,old,CHI,MIL,0.0
2024-25,old,CHI,MIN,0.0013724522917248495
2024-25,old,CHI,NOP,1.06054174923857e-05
2024-25,old,CHI,NYK,0.0
2024-25,old,CHI,OKC,0.07227343212707953
2024-25,old,CHI,ORL,0.04484790798411988
2024-25,old,CHI,PHI,0.00108799552960634
2024-25,old,CHI,PHX,0.0021842672633296204
2024-25,old,CHI,POR,0.01581318848265852
2024-25,old,CHI,SAC,0.09972387663759882
2024-25,old,CHI,SAS,0.030000210938325937
2024-25,old,CHI,TOR,0.004144163520865549
2024-25,old,CHI,UTA,0.008781175568798328
2024-25,old,CHI,WAS,0.010101958907634781
2024-25,old,CLE,ATL,0.034041413570866985
2024-25,old,CLE,BKN,0.011173315509671905
2024-25,old,CLE,BOS,0.003001077562923832
2024-25,old,CLE,CHA,0.0005509094518858877
2024-25,old,CLE,CHI,0.0046406834870034285
2024-25,old,CLE,DAL,0.009253296621247922
2024-25,old,CLE,DEN,7.651263549940773e-07
2024-25,old,CLE,DET,0.00017596703677327596
2024-25,old,CLE,GSW,9.407155594861293e-05
2024-25,old,CLE,HOU,0.008528017318819586
2024-25,old,CLE,IND,0.0022749804932951927
2024-25,old,CLE,LAC,0.022486530234414985
2024-25,old,CLE,LAL,0.0
2024-25,old,CLE,MEM,0.00022819757996883955
2024-25,old,CLE,MIA,0.04821528411766381
2024-25,old,CLE,MIL,0.0
2024-25,old,CLE,MIN,0.0006501630491160077
2024-25,old,CLE,NOP,0.001042014364171407
2024-25,old,CLE,NYK,0.0
2024-25,old,CLE,OKC,0.05808991573146581
2024-25,old,CLE,ORL,0.03364963829531589
2024-25,old,CLE,PHI,0.019230180693037894
2024-25,old,CLE,PHX,0.027553879311870276
2024-25,old,CLE,POR,0.01209344678757517
2024-25,old,CLE,SAC,0.011920075833204431
2024-25,old,CLE,SAS,0.01571841572666047
2024-25,old,CLE,TOR,0.0037028774232261198
2024-25,old,CLE,UTA,0.017313265435578176
2024-25,old,CLE,WAS,0.020469249972998003
2024-25,old,DAL,ATL,0.13286350455191517
2024-25,old,DAL,BKN,0.03615596526534162
2024-25,old,DAL,BOS,8.6206897836307e-06
2024-25,old,DAL,CHA,5.74139917065621e-06
2024-25,old,DAL,CHI,0.02301681948709798
2024-25,old,DAL,CLE,0.0
2024-25,old,DAL,DEN,0.00011154481740444025
2024-25,old,DAL,DET,0.0011788427457615905
2024-25,old,DAL,GSW,0.0016367787509558476
2024-25,old,DAL,HOU,0.02182731660765371
2024-25,old,DAL,IND,0.012606335039473107
2024-25,old,DAL,LAC,0.0011667564795713806
2024-25,old,DAL,LAL,0.0
2024-25,old,DAL,MEM,0.012497300114442993
2024-25,old,DAL,MIA,0.06142964870307444
2024-25,old,DAL,MIL,0.0
2024-25,old,DAL,MIN,0.010618847186221324
2024-25,old,DAL,NOP,0.001863914514727918
2024-25,old,DAL,NYK,0.0
2024-25,old,DAL,OKC,0.09544346772270174
2024-25,old,DAL,ORL,0.008243844613129995
2024-25,old,DAL,PHI,0.02693973639823362
2024-25,old,DAL,PHX,0.0
2024-25,old,DAL,POR,0.011748773773253358
2024-25,old,DAL,SAC,0.16445054018598415
2024-25,old,DAL,SAS,0.017920381648235013
2024-25,old,DAL,TOR,0.00037138804431233766
2024-25,old,DAL,UTA,0.020871336112927956
2024-25,old,DAL,WAS,0.03980266028628046
2024-25,old,DEN,ATL,0.05848539582259632
2024-25,old,DEN,BKN,0.08015496489040758
2024-25,old,DEN,BOS,0.0010603448531815204
2024-25,old,DEN,CHA,0.0009541367428951642
2024-25,old,DEN,CHI,0.0013633225792391976
2024-25,old,DEN,CLE,0.0
2024-25,old,DEN,DAL,0.0041963363516982774
2024-25,old,DEN,DET,0.00020370521993083512
2024-25,old,DEN,GSW,9.00500855192021e-05
2024-25,old,DEN,HOU,0.01981492451893905
2024-25,old,DEN,IND,0.025298101521235544
2024-25,old,DEN,LAC,0.0032397629884834372
2024-25,old,DEN,LAL,0.0
2024-25,old,DEN,MEM,0.00822584679366457
2024-25,old,DEN,MIA,0.08077495046701659
2024-25,old,DEN,MIL,0.0
2024-25,old,DEN,MIN,0.004748562296366704
2024-25,old,DEN,NOP,0.0012161786462032494
2024-25,old,DEN,NYK,0.0
2024-25,old,DEN,OKC,0.03802744578283408
2024-25,old,DEN,ORL,0.25986697419994
2024-25,old,DEN,PHI,0.0004194354493644447
2024-25,old,DEN,PHX,1.0775862229538375e-06
2024-25,old,DEN,POR,0.005454901096152
2024-25,old,DEN,SAC,0.007176624055621786
2024-25,old,DEN,SAS,0.006005688400590352
2024-25,old,DEN,TOR,0.00047021199334053396
2024-25,old,DEN,UTA,0.02458693990559873
2024-25,old,DEN,WAS,0.012618029584835305
2024-25,old,DET,ATL,0.007059895815702954
2024-25,old,DET,BKN,0.05097946289621426
2024-25,old,DET,BOS,7.327586364257954e-05
2024-25,old,DET,CHA,0.0033358901116995235
2024-25,old,DET,CHI,0.007721137296127091
2024-25,old,DET,CLE,0.0
2024-25,old,DET,DAL,0.00659326010782205
2024-25,old,DET,DEN,2.7916606040673514e-07
2024-25,old,DET,GSW,0.0005280932654990789
2024-25,old,DET,HOU,0.0058157329891752145
2024-25,old,DET,IND,0.01613320458435494
2024-25,old,DET,LAC,0.004294989238521245
2024-25,old,DET,LAL,0.0
2024-25,old,DET,MEM,1.1234585935353974e-06
2024-25,old,DET,MIA,0.02746985078581614
2024-25,old,DET,MIL,0.0
2024-25,old,DET,MIN,0.1072402213588931
2024-25,old,DET,NOP,0.0016091998836201247
2024-25,old,DET,NYK,0.0
2024-25,old,DET,OKC,0.048768421594424724
2024-25,old,DET,ORL,0.008895462609043104
2024-25,old,DET,PHI,0.004464357729348448
2024-25,old,DET,PHX,0.0038857758661796304
2024-25,old,DET,POR,0.006098759111760857
2024-25,old,DET,SAC,0.007568630669237777
2024-25,old,DET,SAS,0.03809009486904272
2024-25,old,DET,TOR,0.0010331120980855667
2024-25,old,DET,UTA,0.011241799028769916
2024-25,old,DET,WAS,0.01815105911638365
2024-25,old,GSW,ATL,0.033839278380874444
2024-25,old,GSW,BKN,0.038365148875188354
2024-25,old,GSW,BOS,0.00019719827952313006
2024-25,old,GSW,CHA,2.142026068285165e-06
2024-25,old,GSW,CHI,0.005020306954827542
2024-25,old,GSW,CLE,0.0
2024-25,old,GSW,DAL,0.013991625335871874
2024-25,old,GSW,DEN,0.0016676786273785453
2024-25,old,GSW,DET,0.001570267546412273
2024-25,old,GSW,HOU,0.0320043097392672
2024-25,old,GSW,IND,0.024981514488910766
2024-25,old,GSW,LAC,0.001950700461145908
2024-25,old,GSW,LAL,0.0
2024-25,old,GSW,MEM,0.015133740894796398
2024-25,old,GSW,MIA,0.3641887310547822
2024-25,old,GSW,MIL,0.0
2024-25,old,GSW,MIN,0.008864789208760855
2024-25,old,GSW,NOP,0.0006214647178523408
2024-25,old,GSW,NYK,0.0
2024-25,old,GSW,OKC,0.12686440619108527
2024-25,old,GSW,ORL,0.07834094529989873
2024-25,old,GSW,PHI,0.00017143140953151378
2024-25,old,GSW,PHX,0.0
2024-25,old,GSW,POR,0.014405891532576242
2024-25,old,GSW,SAC,0.014105366701791185
2024-25,old,GSW,SAS,0.008943904041558723
2024-25,old,GSW,TOR,5.4859066342489896e-05
2024-25,old,GSW,UTA,0.02935332511345216
2024-25,old,GSW,WAS,0.013885890212581893
2024-25,old,HOU,ATL,0.07192095721618565
2024-25,old,HOU,BKN,0.09464315125175068
2024-25,old,HOU,BOS,0.0002887931043795984
2024-25,old,HOU,CHA,0.0005827560862597897
2024-25,old,HOU,CHI,0.006548298025760977
2024-25,old,HOU,CLE,0.0
2024-25,old,HOU,DAL,0.0035907166021753845
2024-25,old,HOU,DEN,7.81845194525458e-06
2024-25,old,HOU,DET,0.0003306529087202618
2024-25,old,HOU,GSW,0.00021369300682591005
2024-25,old,HOU,IND,0.034901939945070654
2024-25,old,HOU,LAC,0.024574084554554024
2024-25,old,HOU,LAL,0.0
2024-25,old,HOU,MEM,0.009224058502592301
2024-25,old,HOU,MIA,0.05199229367892322
2024-25,old,HOU,MIL,0.0
2024-25,old,HOU,MIN,0.0033648992267049102
2024-25,old,HOU,NOP,5.459358432066634e-05
2024-25,old,HOU,NYK,0.0
2024-25,old,HOU,OKC,0.059777068303864374
2024-25,old,HOU,ORL,0.13681468495431232
2024-25,old,HOU,PHI,0.0004713354656909482
2024-25,old,HOU,PHX,0.0048469827613183145
2024-25,old,HOU,POR,0.005770213043594485
2024-25,old,HOU,SAC,0.006267648718730983
2024-25,old,HOU,SAS,0.00834630631493432
2024-25,old,HOU,TOR,0.0027720648505811523
2024-25,old,HOU,UTA,0.03402962956037574
2024-25,old,HOU,WAS,0.02346432896472055
2024-25,old,IND,ATL,0.11585831063124186
2024-25,old,IND,BKN,0.1111602510639792
2024-25,old,IND,BOS,1.9396552093455502e-05
2024-25,old,IND,CHA,0.0026586233414428537
2024-25,old,IND,CHI,0.0018486831820776909
2024-25,old,IND,CLE,0.0
2024-25,old,IND,DAL,0.011133782778784152
2024-25,old,IND,DEN,8.517434849793697e-06
2024-25,old,IND,DET,0.0006423015881151212
2024-25,old,IND,GSW,0.0007984123476240502
2024-25,old,IND,HOU,0.012301993483922382
2024-25,old,IND,LAC,0.0003461745756092191
2024-25,old,IND,LAL,0.0
2024-25,old,IND,MEM,0.0004022784762117101
2024-25,old,IND,MIA,0.04537966883308948
2024-25,old,IND,MIL,0.0
2024-25,old,IND,MIN,0.012808029954062307
2024-25,old,IND,NOP,0.0004501381875317903
2024-25,old,IND,NYK,0.0
2024-25,old,IND,OKC,0.08298833765156545
2024-25,old,IND,ORL,0.03742784007360163
2024-25,old,IND,PHI,7.535851769106077e-05
2024-25,old,IND,PHX,0.0
2024-25,old,IND,POR,0.00508169404136709
2024-25,old,IND,SAC,0.011725208022855132
2024-25,old,IND,SAS,0.00487769969078471
2024-25,old,IND,TOR,2.3796948519768724e-05
2024-25,old,IND,UTA,0.045989037305432696
2024-25,old,IND,WAS,0.017580692438362466
2024-25,old,LAC,ATL,0.060214852940908004
2024-25,old,LAC,BKN,0.05287932715192516
2024-25,old,LAC,BOS,0.000349137937682199
2024-25,old,LAC,CHA,0.0012033950658858984
2024-25,old,LAC,CHI,0.012792934358376737
2024-25,old,LAC,CLE,0.0
2024-25,old,LAC,DAL,0.013407396200868798
2024-25,old,LAC,DEN,0.00183079775179401
2024-25,old,LAC,DET,0.0009140491579732953
2024-25,old,LAC,GSW,0.0025162863070396857
2024-25,old,LAC,HOU,0.007527478337729477
2024-25,old,LAC,IND,0.0334372617690618
2024-25,old,LAC,LAL,0.0
2024-25,old,LAC,MEM,0.04875266687611605
2024-25,old,LAC,MIA,0.13518145001375292
2024-25,old,LAC,MIL,0.0
2024-25,old,LAC,MIN,0.016203998547078515
2024-25,old,LAC,NOP,2.028497020289781e-05
2024-25,old,LAC,NYK,0.0
2024-25,old,LAC,OKC,0.3104635604758098
2024-25,old,LAC,ORL,0.02767918797089047
2024-25,old,LAC,PHI,0.0018965373557128737
2024-25,old,LAC,PHX,0.0031056034359438667
2024-25,old,LAC,POR,0.0030713138407836293
2024-25,old,LAC,SAC,0.04320296815344294
2024-25,old,LAC,SAS,0.00936596056452652
2024-25,old,LAC,TOR,0.0008956881727582558
2024-25,old,LAC,UTA,0.0427807374723704
2024-25,old,LAC,WAS,0.017125491758152197
2024-25,old,LAL,ATL,0.29534267460736724
2024-25,old,LAL,BKN,0.056947503251748244
2024-25,old,LAL,BOS,0.0003415948328369393
2024-25,old,LAL,CHA,0.0006684432143306513
2024-25,old,LAL,CHI,4.6254684110233775e-05
2024-25,old,LAL,CLE,0.0
2024-25,old,LAL,DAL,0.008772904682273291
2024-25,old,LAL,DEN,0.00011381010165252282
2024-25,old,LAL,DET,3.8132555309247967e-05
2024-25,old,LAL,GSW,0.0007163877666011144
2024-25,old,LAL,HOU,0.01652720932232553
2024-25,old,LAL,IND,0.04020462729151326
2024-25,old,LAL,LAC,0.002814924594452444
2024-25,old,LAL,MEM,0.011049481446003463
2024-25,old,LAL,MIA,0.030838569468435967
2024-25,old,LAL,MIL,0.0
2024-25,old,LAL,MIN,0.004141866490978159
2024-25,old,LAL,NOP,0.0010922476574486023
2024-25,old,LAL,NYK,0.0
2024-25,old,LAL,OKC,0.05934211730277338
2024-25,old,LAL,ORL,0.05750563640313782
2024-25,old,LAL,PHI,0.02345881995019647
2024-25,old,LAL,PHX,0.001420258622744988
2024-25,old,LAL,POR,0.004299246559616243
2024-25,old,LAL,SAC,0.010581219918190209
2024-25,old,LAL,SAS,0.005488868779728081
2024-25,old,LAL,TOR,0.00019623729787540098
2024-25,old,LAL,UTA,0.06836554369335282
2024-25,old,LAL,WAS,0.02167758080148703
2024-25,old,MEM,ATL,0.09591854475972805
2024-25,old,MEM,BKN,0.07248518006547752
2024-25,old,MEM,BOS,0.0002564654980208083
2024-25,old,MEM,CHA,2.378479849439936e-06
2024-25,old,MEM,CHI,0.02446452027251409
2024-25,old,MEM,CLE,0.0
2024-25,old,MEM,DAL,0.006066439442164704
2024-25,old,MEM,DEN,0.0005024293510912126
2024-25,old,MEM,DET,0.001287357257902229
2024-25,old,MEM,GSW,0.0012280931631760883
2024-25,old,MEM,HOU,0.013195850842387485
2024-25,old,MEM,IND,0.03416692234738345
2024-25,old,MEM,LAC,0.00828960131157334
2024-25,old,MEM,LAL,0.0
2024-25,old,MEM,MIA,0.04115503875409662
2024-25,old,MEM,MIL,0.0
2024-25,old,MEM,MIN,0.008730401857886535
2024-25,old,MEM,NOP,0.0006356571658901252
2024-25,old,MEM,NYK,0.0
2024-25,old,MEM,OKC,0.07674514439860261
2024-25,old,MEM,ORL,0.03546501014994028
2024-25,old,MEM,PHI,0.0010706296194073332
2024-25,old,MEM,PHX,0.008649784471229492
2024-25,old,MEM,POR,0.007170345606855223
2024-25,old,MEM,SAC,0.08858276613287304
2024-25,old,MEM,SAS,0.037072363603277175
2024-25,old,MEM,TOR,0.0017042510756901366
2024-25,old,MEM,UTA,0.038196310443648344
2024-25,old,MEM,WAS,0.19926859130888283
2024-25,old,MIA,ATL,0.029268713501810647
2024-25,old,MIA,BKN,0.04865686875334565
2024-25,old,MIA,BOS,4.31034489181535e-06
2024-25,old,MIA,CHA,0.0016614523067543816
2024-25,old,MIA,CHI,0.03214256327010196
2024-25,old,MIA,CLE,0.0
2024-25,old,MIA,DAL,0.007553852175627039
2024-25,old,MIA,DEN,1.0680486003326719e-05
2024-25,old,MIA,DET,0.008603141393982404
2024-25,old,MIA,GSW,0.000741224205158023
2024-25,old,MIA,HOU,0.024974677081516922
2024-25,old,MIA,IND,0.011269396257359501
2024-25,old,MIA,LAC,0.0016780711498697578
2024-25,old,MIA,LAL,0.0
2024-25,old,MIA,MEM,0.003951311615177055
2024-25,old,MIA,MIL,0.0
2024-25,old,MIA,MIN,0.020606629623232415
2024-25,old,MIA,NOP,0.003335392645435401
2024-25,old,MIA,NYK,0.0
2024-25,old,MIA,OKC,0.16925098911553876
2024-25,old,MIA,ORL,0.03409411099966529
2024-25,old,MIA,PHI,0.00114287054660212
2024-25,old,MIA,PHX,0.0
2024-25,old,MIA,POR,0.022249072761851257
2024-25,old,MIA,SAC,0.02783916552103557
2024-25,old,MIA,SAS,0.0546127624943731
2024-25,old,MIA,TOR,0.003496271093678008
2024-25,old,MIA,UTA,0.05130240492553123
2024-25,old,MIA,WAS,0.026802431553044098
2024-25,old,MIL,ATL,0.014933406931699866
2024-25,old,MIL,BKN,0.1633879604437896
2024-25,old,MIL,BOS,0.0007618534673358601
2024-25,old,MIL,CHA,8.577182886202639e-08
2024-25,old,MIL,CHI,0.00029179929434940344
2024-25,old,MIL,CLE,0.0
2024-25,old,MIL,DAL,0.004083496992639324
2024-25,old,MIL,DEN,0.00014284541865796174
2024-25,old,MIL,DET,0.004902047577043187
2024-25,old,MIL,GSW,0.0005102813210545221
2024-25,old,MIL,HOU,0.001077855661880739
2024-25,old,MIL,IND,0.011181634342504146
2024-25,old,MIL,LAC,0.0004935344911967244
2024-25,old,MIL,LAL,0.0
2024-25,old,MIL,MEM,0.010591875855806442
2024-25,old,MIL,MIA,0.023872356978177998
2024-25,old,MIL,MIN,0.008888245417381996
2024-25,old,MIL,NOP,0.001973313998029198
2024-25,old,MIL,NYK,0.0
2024-25,old,MIL,OKC,0.02477407486100408
2024-25,old,MIL,ORL,0.033234347655481986
2024-25,old,MIL,PHI,0.0002166098081557443
2024-25,old,MIL,PHX,1.0775862229538375e-06
2024-25,old,MIL,POR,0.00041547666927212385
2024-25,old,MIL,SAC,0.005395000565055897
2024-25,old,MIL,SAS,0.0056442554521570504
2024-25,old,MIL,TOR,4.9068299224302066e-05
2024-25,old,MIL,UTA,0.07313808724005186
2024-25,old,MIL,WAS,0.02026611585433572
2024-25,old,MIN,ATL,0.04804222048447538
2024-25,old,MIN,BKN,0.051277485520610955
2024-25,old,MIN,BOS,0.0007931034469270504
2024-25,old,MIN,CHA,0.0014736781114975449
2024-25,old,MIN,CHI,0.0006894211614447129
2024-25,old,MIN,CLE,0.0
2024-25,old,MIN,DAL,0.009915930547082875
2024-25,old,MIN,DEN,0.0009509654439376607
2024-25,old,MIN,DET,0.0021191869419761615
2024-25,old,MIN,GSW,0.003023749789610445
2024-25,old,MIN,HOU,0.0011810344936334176
2024-25,old,MIN,IND,0.031358742985005315
2024-25,old,MIN,LAC,0.006454472029661953
2024-25,old,MIN,LAL,0.0
2024-25,old,MIN,MEM,0.03155704710494891
2024-25,old,MIN,MIA,0.05134078034154153
2024-25,old,MIN,MIL,0.0
2024-25,old,MIN,NOP,1.6599728784472113e-05
2024-25,old,MIN,NYK,0.0
2024-25,old,MIN,OKC,0.03720919681125493
2024-25,old,MIN,ORL,0.03373822372036526
2024-25,old,MIN,PHI,0.0010117170278365038
2024-25,old,MIN,PHX,0.0042693965748787435
2024-25,old,MIN,POR,0.0006494311062523674
2024-25,old,MIN,SAC,0.00352031594948572
2024-25,old,MIN,SAS,0.0046243718528266135
2024-25,old,MIN,TOR,2.999151161596535e-05
2024-25,old,MIN,UTA,0.2135443811269963
2024-25,old,MIN,WAS,0.010839129183264996
2024-25,old,NOP,ATL,0.0816323772917168
2024-25,old,NOP,BKN,0.019775764949855074
2024-25,old,NOP,BOS,0.0
2024-25,old,NOP,CHA,0.008876335304497001
2024-25,old,NOP,CHI,0.0052611175760890975
2024-25,old,NOP,CLE,0.0
2024-25,old,NOP,DAL,0.0031583993155993315
2024-25,old,NOP,DEN,8.401751976320149e-05
2024-25,old,NOP,DET,0.0001527224156421278
2024-25,old,NOP,GSW,0.0017642407295883277
2024-25,old,NOP,HOU,0.023546336352813124
2024-25,old,NOP,IND,0.017854278141397256
2024-25,old,NOP,LAC,0.0005730064783309553
2024-25,old,NOP,LAL,0.0
2024-25,old,NOP,MEM,0.0126845225346165
2024-25,old,NOP,MIA,0.025039882930800634
2024-25,old,NOP,MIL,0.0
2024-25,old,NOP,MIN,0.017287199627450886
2024-25,old,NOP,NYK,0.0
2024-25,old,NOP,OKC,0.07713420343313572
2024-25,old,NOP,ORL,0.012449475849268466
2024-25,old,NOP,PHI,0.039822150943298676
2024-25,old,NOP,PHX,0.0
2024-25,old,NOP,POR,0.013332637436715844
2024-25,old,NOP,SAC,0.02182178427386074
2024-25,old,NOP,SAS,0.007803931020263724
2024-25,old,NOP,TOR,0.004525863265326191
2024-25,old,NOP,UTA,0.055175696422338424
2024-25,old,NOP,WAS,0.005567138525876713
2024-25,old,NYK,ATL,0.029075177690133784
2024-25,old,NYK,BKN,0.06200950000552366
2024-25,old,NYK,BOS,0.0005484913896512367
2024-25,old,NYK,CHA,1.0330469118874162e-06
2024-25,old,NYK,CHI,0.0037678062511843223
2024-25,old,NYK,CLE,0.0
2024-25,old,NYK,DAL,0.005960454658076211
2024-25,old,NYK,DEN,9.94787593426922e-06
2024-25,old,NYK,DET,0.0003329100467695582
2024-25,old,NYK,GSW,0.0005380391313285655
2024-25,old,NYK,HOU,0.0025441810433102525
2024-25,old,NYK,IND,0.01294951164548396
2024-25,old,NYK,LAC,0.0012467672587733651
2024-25,old,NYK,LAL,0.0
2024-25,old,NYK,MEM,0.005959803791646807
2024-25,old,NYK,MIA,0.04123016004194616
2024-25,old,NYK,MIL,0.0
2024-25,old,NYK,MIN,0.003969064908951769
2024-25,old,NYK,NOP,3.622086531166918e-06
2024-25,old,NYK,OKC,0.042487345190809656
2024-25,old,NYK,ORL,0.024563471790466994
2024-25,old,NYK,PHI,0.0030881720270483693
2024-25,old,NYK,PHX,0.0007834051737304904
2024-25,old,NYK,POR,0.0047625348622023
2024-25,old,NYK,SAC,0.0024774084193016307
2024-25,old,NYK,SAS,0.0009150901781540436
2024-25,old,NYK,TOR,0.0024306192940930582
2024-25,old,NYK,UTA,0.0102171633491187
2024-25,old,NYK,WAS,0.010553613268122037
2024-25,old,OKC,ATL,0.07366940710324829
2024-25,old,OKC,BKN,0.05003765891735131
2024-25,old,OKC,BOS,0.001275862071117194
2024-25,old,OKC,CHA,6.339296878976264e-06
2024-25,old,OKC,CHI,0.005671329485785049
2024-25,old,OKC,CLE,0.0
2024-25,old,OKC,DAL,0.009615353698730013
2024-25,old,OKC,DEN,3.3397361450366456e-05
2024-25,old,OKC,DET,0.0002026840919349307
2024-25,old,OKC,GSW,0.0011880604852555212
2024-25,old,OKC,HOU,0.01155199431882497
2024-25,old,OKC,IND,0.029405521858878736
2024-25,old,OKC,LAC,0.026917564776296535
2024-25,old,OKC,LAL,0.0
2024-25,old,OKC,MEM,0.007003351955518314
2024-25,old,OKC,MIA,0.04440897932180835
2024-25,old,OKC,MIL,0.0
2024-25,old,OKC,MIN,0.02262909803793453
2024-25,old,OKC,NOP,7.408778039588863e-05
2024-25,old,OKC,NYK,0.0
2024-25,old,OKC,ORL,0.03171639723630496
2024-25,old,OKC,PHI,0.000218281290306579
2024-25,old,OKC,PHX,0.03211530174128711
2024-25,old,OKC,POR,0.003379540377871104
2024-25,old,OKC,SAC,0.022494934895857105
2024-25,old,OKC,SAS,0.011344127676512016
2024-25,old,OKC,TOR,0.00370432978754851
2024-25,old,OKC,UTA,0.0577655311761841
2024-25,old,OKC,WAS,0.040019489033070975
2024-25,old,ORL,ATL,0.06238534591884821
2024-25,old,ORL,BKN,0.020134812963908524
2024-25,old,ORL,BOS,6.465517337723025e-06
2024-25,old,ORL,CHA,0.00022406000788999656
2024-25,old,ORL,CHI,0.03817009654678773
2024-25,old,ORL,CLE,0.0
2024-25,old,ORL,DAL,0.016738448267837523
2024-25,old,ORL,DEN,1.2369320253872502e-05
2024-25,old,ORL,DET,0.006723776082742864
2024-25,old,ORL,GSW,0.0007046563702580572
2024-25,old,ORL,HOU,0.01205926722455529
2024-25,old,ORL,IND,0.00888308665878177
2024-25,old,ORL,LAC,0.007591864345816028
2024-25,old,ORL,LAL,0.0
2024-25,old,ORL,MEM,0.011983332327498281
2024-25,old,ORL,MIA,0.11206038118104977
2024-25,old,ORL,MIL,0.0
2024-25,old,ORL,MIN,0.009629984112997009
2024-25,old,ORL,NOP,0.00021349993002725524
2024-25,old,ORL,NYK,0.0
2024-25,old,ORL,OKC,0.08805496647775755
2024-25,old,ORL,PHI,0.0003148965996618299
2024-25,old,ORL,PHX,0.0
2024-25,old,ORL,POR,0.006910573075583912
2024-25,old,ORL,SAC,0.09194141622194521
2024-25,old,ORL,SAS,0.08784199121547964
2024-25,old,ORL,TOR,0.00011439884647055252
2024-25,old,ORL,UTA,0.017052562818856136
2024-25,old,ORL,WAS,0.0058130030907423405
2024-25,old,PHI,ATL,0.04847909498475559
2024-25,old,PHI,BKN,0.009092973489185205
2024-25,old,PHI,BOS,1.72413795672614e-05
2024-25,old,PHI,CHA,4.7692616858810454e-05
2024-25,old,PHI,CHI,0.004706386234412415
2024-25,old,PHI,CLE,0.0
2024-25,old,PHI,DAL,0.009445228975042842
2024-25,old,PHI,DEN,1.979282606363641e-09
2024-25,old,PHI,DET,0.000982599220116833
2024-25,old,PHI,GSW,0.0002474022535530425
2024-25,old,PHI,HOU,0.005608836320361349
2024-25,old,PHI,IND,1.07762345715998e-05
2024-25,old,PHI,LAC,0.005964978426405839
2024-25,old,PHI,LAL,0.0
2024-25,old,PHI,MEM,6.536513112618598e-09
2024-25,old,PHI,MIA,0.010873425023499346
2024-25,old,PHI,MIL,0.0
2024-25,old,PHI,MIN,0.0005833794059672725
2024-25,old,PHI,NOP,0.0007074054077059974
2024-25,old,PHI,NYK,0.0
2024-25,old,PHI,OKC,0.07228678819237565
2024-25,old,PHI,ORL,0.006417483651730159
2024-25,old,PHI,PHX,0.006102370660880515
2024-25,old,PHI,POR,0.0007033084277763636
2024-25,old,PHI,SAC,0.05902799187872781
2024-25,old,PHI,SAS,0.019636746150319462
2024-25,old,PHI,TOR,0.00915034613827822
2024-25,old,PHI,UTA,6.424103726370591e-05
2024-25,old,PHI,WAS,1.0599958670316972e-05
2024-25,old,PHX,ATL,0.2346746134033891
2024-25,old,PHX,BKN,0.013565561688104785
2024-25,old,PHX,BOS,0.00020366379814543606
2024-25,old,PHX,CHA,0.0011514347489411355
2024-25,old,PHX,CHI,0.021238872239351794
2024-25,old,PHX,CLE,0.0
2024-25,old,PHX,DAL,0.028614604409410365
2024-25,old,PHX,DEN,0.00035815132183257764
2024-25,old,PHX,DET,0.0006909151866643765
2024-25,old,PHX,GSW,0.0018453752192551546
2024-25,old,PHX,HOU,0.17105791981073082
2024-25,old,PHX,IND,0.009401904403589822
2024-25,old,PHX,LAC,0.00022629310663966137
2024-25,old,PHX,LAL,0.0
2024-25,old,PHX,MEM,0.009594984832570904
2024-25,old,PHX,MIA,0.09375197711273922
2024-25,old,PHX,MIL,0.0
2024-25,old,PHX,MIN,0.0003895424531976367
2024-25,old,PHX,NOP,0.00020358607340809355
2024-25,old,PHX,NYK,0.0
2024-25,old,PHX,OKC,0.0346163111107044
2024-25,old,PHX,ORL,0.043027050279804246
2024-25,old,PHX,PHI,0.015471126382637975
2024-25,old,PHX,POR,0.044378253864239055
2024-25,old,PHX,SAC,0.09767012399267437
2024-25,old,PHX,SAS,0.02856525802343801
2024-25,old,PHX,TOR,0.0021318904878475813
2024-25,old,PHX,UTA,0.012880265380712103
2024-25,old,PHX,WAS,0.00632337046553998
2024-25,old,POR,ATL,0.17466923158601214
2024-25,old,POR,BKN,0.02898979797616677
2024-25,old,POR,BOS,0.00022198276128619916
2024-25,old,POR,CHA,1.874382640733695e-05
2024-25,old,POR,CHI,0.03384515441804674
2024-25,old,POR,CLE,0.0
2024-25,old,POR,DAL,0.014412618039574474
2024-25,old,POR,DEN,6.507563763347749e-06
2024-25,old,POR,DET,0.00013023611414716014
2024-25,old,POR,GSW,0.00041302261611287597
2024-25,old,POR,HOU,0.04016460184708382
2024-25,old,POR,IND,0.009044181598018437
2024-25,old,POR,LAC,0.005021821119790448
2024-25,old,POR,LAL,0.0
2024-25,old,POR,MEM,0.0001783536301155712
2024-25,old,POR,MIA,0.03248038940795164
2024-25,old,POR,MIL,0.0
2024-25,old,POR,MIN,0.0007623606577631231
2024-25,old,POR,NOP,0.00046426002223616726
2024-25,old,POR,NYK,0.0
2024-25,old,POR,OKC,0.06576949593873357
2024-25,old,POR,ORL,0.024433228167957767
2024-25,old,POR,PHI,0.0005953472411273231
2024-25,old,POR,PHX,0.005011853468604385
2024-25,old,POR,SAC,0.04048889069657235
2024-25,old,POR,SAS,0.019117255557660546
2024-25,old,POR,TOR,0.004024811809897037
2024-25,old,POR,UTA,0.005392524224617236
2024-25,old,POR,WAS,0.024792506654751013
2024-25,old,SAC,ATL,0.47467285930405734
2024-25,old,SAC,BKN,0.004919822710378564
2024-25,old,SAC,BOS,0.00010452586418852724
2024-25,old,SAC,CHA,5.316243187760664e-06
2024-25,old,SAC,CHI,0.02540463674364328
2024-25,old,SAC,CLE,0.0
2024-25,old,SAC,DAL,0.03945271888489535
2024-25,old,SAC,DEN,9.20844167175346e-06
2024-25,old,SAC,DET,0.0005895883161406955
2024-25,old,SAC,GSW,0.0007381831364373757
2024-25,old,SAC,HOU,0.03161099111625187
2024-25,old,SAC,IND,0.0012534268302947524
2024-25,old,SAC,LAC,0.005841325442105981
2024-25,old,SAC,LAL,0.0
2024-25,old,SAC,MEM,0.004303264230037949
2024-25,old,SAC,MIA,0.024376475897795048
2024-25,old,SAC,MIL,0.0
2024-25,old,SAC,MIN,0.005927195954095715
2024-25,old,SAC,NOP,0.0011295959774401088
2024-25,old,SAC,NYK,0.0
2024-25,old,SAC,OKC,0.016620861815917345
2024-25,old,SAC,ORL,0.00920651067543843
2024-25,old,SAC,PHI,0.0022706438288219973
2024-25,old,SAC,PHX,0.0058653017221789415
2024-25,old,SAC,POR,0.021519703974600707
2024-25,old,SAC,SAS,0.017150094388748684
2024-25,old,SAC,TOR,0.0015434001864662486
2024-25,old,SAC,UTA,0.010923764130177316
2024-25,old,SAC,WAS,0.00932000895639508
2024-25,old,SAS,ATL,0.015087690268993512
2024-25,old,SAS,BKN,0.026200425164703913
2024-25,old,SAS,BOS,0.0012704741368712534
2024-25,old,SAS,CHA,0.0025023956157275763
2024-25,old,SAS,CHI,0.017945943639109896
2024-25,old,SAS,CLE,0.0
2024-25,old,SAS,DAL,0.008193319140869652
2024-25,old,SAS,DEN,0.00041433079078114274
2024-25,old,SAS,DET,0.0003461964226505798
2024-25,old,SAS,GSW,0.0014789513609445657
2024-25,old,SAS,HOU,0.018335668239642163
2024-25,old,SAS,IND,0.007587666474993974
2024-25,old,SAS,LAC,0.002175377171470559
2024-25,old,SAS,LAL,0.0
2024-25,old,SAS,MEM,0.014451487223176282
2024-25,old,SAS,MIA,0.024929174465016003
2024-25,old,SAS,MIL,0.0
2024-25,old,SAS,MIN,0.0018677319857410397
2024-25,old,SAS,NOP,4.953154256971638e-05
2024-25,old,SAS,NYK,0.0
2024-25,old,SAS,OKC,0.084562183939692
2024-25,old,SAS,ORL,0.024858314241464854
2024-25,old,SAS,PHI,0.02458204921966553
2024-25,old,SAS,PHX,0.0032262931052788055
2024-25,old,SAS,POR,0.02687409146926914
2024-25,old,SAS,SAC,0.009448319369620092
2024-25,old,SAS,TOR,0.009782517979760746
2024-25,old,SAS,UTA,0.015421714408988273
2024-25,old,SAS,WAS,0.006313524346660536
2024-25,old,TOR,ATL,0.025498802171823383
2024-25,old,TOR,BKN,0.01223685060896319
2024-25,old,TOR,BOS,0.0
2024-25,old,TOR,CHA,0.001087883538685413
2024-25,old,TOR,CHI,0.009202148571766312
2024-25,old,TOR,CLE,0.0
2024-25,old,TOR,DAL,0.0019664126946331325
2024-25,old,TOR,DEN,5.150235837311944e-09
2024-25,old,TOR,DET,0.0006223604897167384
2024-25,old,TOR,GSW,0.0014629549628287965
2024-25,old,TOR,HOU,0.024656519641726406
2024-25,old,TOR,IND,0.0008804683129187342
2024-25,old,TOR,LAC,0.00010883620817712025
2024-25,old,TOR,LAL,0.0
2024-25,old,TOR,MEM,1.8968412438213274e-05
2024-25,old,TOR,MIA,0.006186921265135193
2024-25,old,TOR,MIL,0.0
2024-25,old,TOR,MIN,0.014792122034515808
2024-25,old,TOR,NOP,0.0009130544880607349
2024-25,old,TOR,NYK,0.0
2024-25,old,TOR,OKC,0.038665887280998054
2024-25,old,TOR,ORL,0.004184146383935883
2024-25,old,TOR,PHI,0.04279729548676798
2024-25,old,TOR,PHX,0.0
2024-25,old,TOR,POR,0.006254232076572874
2024-25,old,TOR,SAC,0.02971399524946014
2024-25,old,TOR,SAS,0.006670241140884593
2024-25,old,TOR,UTA,0.0008759224930081357
2024-25,old,TOR,WAS,0.0031085414508227943
2024-25,old,UTA,ATL,0.013511388264006734
2024-25,old,UTA,BKN,0.031441829992214204
2024-25,old,UTA,BOS,0.0009612068880734775
2024-25,old,UTA,CHA,0.0035204314641272116
2024-25,old,UTA,CHI,0.004642857320655437
2024-25,old,UTA,CLE,0.0
2024-25,old,UTA,DAL,0.0025977128205865044
2024-25,old,UTA,DEN,0.0007889367307448736
2024-25,old,UTA,DET,3.3526728268665854e-09
2024-25,old,UTA,GSW,0.0010833233567914024
2024-25,old,UTA,HOU,0.0005622306495407146
2024-25,old,UTA,IND,0.015027550974817533
2024-25,old,UTA,LAC,0.006634698362121808
2024-25,old,UTA,LAL,0.0
2024-25,old,UTA,MEM,0.01260860533266646
2024-25,old,UTA,MIA,0.039104486523632985
2024-25,old,UTA,MIL,0.0
2024-25,old,UTA,MIN,0.023888926434566308
2024-25,old,UTA,NOP,0.0034662616293874497
2024-25,old,UTA,NYK,0.0
2024-25,old,UTA,OKC,0.035141095194455726
2024-25,old,UTA,ORL,0.03224579130134039
2024-25,old,UTA,PHI,0.01553845424349862
2024-25,old,UTA,PHX,0.003091594804206798
2024-25,old,UTA,POR,0.0005000463549117839
2024-25,old,UTA,SAC,0.000810110810334356
2024-25,old,UTA,SAS,0.0018151787361116258
2024-25,old,UTA,TOR,0.00016552084799378123
2024-25,old,UTA,WAS,0.014239416702961527
2024-25,old,WAS,ATL,0.03271040944409124
2024-25,old,WAS,BKN,0.027126488505918898
2024-25,old,WAS,BOS,7.758620813296275e-05
2024-25,old,WAS,CHA,0.0069274471953069934
2024-25,old,WAS,CHI,0.011008627028071682
2024-25,old,WAS,CLE,0.0
2024-25,old,WAS,DAL,0.0029358086555546976
2024-25,old,WAS,DEN,2.575278848653809e-08
2024-25,old,WAS,DET,0.006875615493161676
2024-25,old,WAS,GSW,0.0005433781982757999
2024-25,old,WAS,HOU,0.01513927802128381
2024-25,old,WAS,IND,0.005033686137299509
2024-25,old,WAS,LAC,0.00017887931347198392
2024-25,old,WAS,LAL,0.0
2024-25,old,WAS,MEM,0.00017662809870399356
2024-25,old,WAS,MIA,0.036596424930581656
2024-25,old,WAS,MIL,0.0
2024-25,old,WAS,MIN,0.027290536570268704
2024-25,old,WAS,NOP,0.0023340659056420073
2024-25,old,WAS,NYK,0.0
2024-25,old,WAS,OKC,0.07837875260047503
2024-25,old,WAS,ORL,0.04171388295337779
2024-25,old,WAS,PHI,0.0006530401955718084
2024-25,old,WAS,PHX,0.0
2024-25,old,WAS,POR,0.006757897779400551
2024-25,old,WAS,SAC,0.01978463771032481
2024-25,old,WAS,SAS,0.019936406051312063
2024-25,old,WAS,TOR,0.00014690262026716188
2024-25,old,WAS,UTA,0.022229807665120952
2025-26,new,ATL,BKN,0.0
2025-26,new,ATL,BOS,0.00016667024329292652
2025-26,new,ATL,CHA,0.04488406459892416
2025-26,new,ATL,CHI,0.0011867084106765347
2025-26,new,ATL,CLE,2.155172445907675e-06
2025-26,new,ATL,DAL,0.0
2025-26,new,ATL,DEN,0.013609913920036288
2025-26,new,ATL,DET,0.004805765219598784
2025-26,new,ATL,GSW,0.0010926724108064481
2025-26,new,ATL,HOU,0.0
2025-26,new,ATL,IND,0.0
2025-26,new,ATL,LAC,0.0
2025-26,new,ATL,LAL,0.018993534633552595
2025-26,new,ATL,MEM,0.005965247837975141
2025-26,new,ATL,MIA,0.030266326898569267
2025-26,new,ATL,MIL,0.0025350215606359315
2025-26,new,ATL,MIN,0.004861530283755013
2025-26,new,ATL,NOP,0.0
2025-26,new,ATL,NYK,0.014059455791474617
2025-26,new,ATL,OKC,0.062471624451016956
2025-26,new,ATL,ORL,0.0
2025-26,new,ATL,PHI,0.023546887511608536
2025-26,new,ATL,PHX,0.0
2025-26,new,ATL,POR,0.0
2025-26,new,ATL,SAC,0.0
2025-26,new,ATL,SAS,0.2315942877989487
2025-26,new,ATL,TOR,0.04501876627303539
2025-26,new,ATL,UTA,2.155181096770312e-06
2025-26,new,ATL,WAS,2.1282327903338292e-05
2025-26,new,BKN,ATL,0.03218130409354263
2025-26,new,BKN,BOS,0.00870797426126705
2025-26,new,BKN,CHA,0.011910905389579573
2025-26,new,BKN,CHI,0.029722154169500324
2025-26,new,BKN,CLE,0.005933189690193354
2025-26,new,BKN,DAL,0.004244491766914256
2025-26,new,BKN,DEN,0.010709302791161035
2025-26,new,BKN,DET,0.008208782434772603
2025-26,new,BKN,GSW,0.003412915244181583
2025-26,new,BKN,HOU,4.283405236241503e-05
2025-26,new,BKN,IND,0.0033784979249090346
2025-26,new,BKN,LAC,0.006832568861055267
2025-26,new,BKN,LAL,0.00402305622774182
2025-26,new,BKN,MEM,0.02119962285140304
2025-26,new,BKN,MIA,0.009433208104275014
2025-26,new,BKN,MIL,0.001220905241990012
2025-26,new,BKN,MIN,0.0108720366323993
2025-26,new,BKN,NOP,0.0
2025-26,new,BKN,NYK,0.02116163780043656
2025-26,new,BKN,OKC,0.031167469316833785
2025-26,new,BKN,ORL,0.0
2025-26,new,BKN,PHI,0.020726609093565537
2025-26,new,BKN,PHX,0.0
2025-26,new,BKN,POR,1.1208589756144104e-05
2025-26,new,BKN,SAC,0.010336998892195234
2025-26,new,BKN,SAS,0.011004849188491414
2025-26,new,BKN,TOR,0.006498210900441602
2025-26,new,BKN,UTA,0.023266702877269285
2025-26,new,BKN,WAS,0.028634967832617333
2025-26,new,BOS,ATL,0.007884698444094252
2025-26,new,BOS,BKN,7.424211130926092e-09
2025-26,new,BOS,CHA,0.018823391111529135
2025-26,new,BOS,CHI,0.006563318206279733
2025-26,new,BOS,CLE,0.0035000000355347727
2025-26,new,BOS,DAL,0.0010298793989135574
2025-26,new,BOS,DEN,0.004873251460902684
2025-26,new,BOS,DET,0.006525054015098781
2025-26,new,BOS,GSW,2.2405706180908058e-05
2025-26,new,BOS,HOU,0.00021659483081372133
2025-26,new,BOS,IND,0.0006003848204773562
2025-26,new,BOS,LAC,0.0012145418101158218
2025-26,new,BOS,LAL,0.006753991176219071
2025-26,new,BOS,MEM,0.007354526013750102
2025-26,new,BOS,MIA,0.011515388349082974
2025-26,new,BOS,MIL,7.273706876480106e-05
2025-26,new,BOS,MIN,0.005404903121304636
2025-26,new,BOS,NOP,0.0
2025-26,new,BOS,NYK,0.01025538784965616
2025-26,new,BOS,OKC,0.019758428631024925
2025-26,new,BOS,ORL,0.0
2025-26,new,BOS,PHI,0.010618722851962456
2025-26,new,BOS,PHX,0.0
2025-26,new,BOS,POR,0.012102264480546927
2025-26,new,BOS,SAC,0.0004956052978982055
2025-26,new,BOS,SAS,0.05355603389624618
2025-26,new,BOS,TOR,0.013156739776343875
2025-26,new,BOS,UTA,0.0026311961731648654
2025-26,new,BOS,WAS,0.007019935373040239
2025-26,new,CHA,ATL,0.005234644454020749
2025-26,new,CHA,BKN,0.0017434349868787182
2025-26,new,CHA,BOS,0.0034547414233233654
2025-26,new,CHA,CHI,0.0016026628103650827
2025-26,new,CHA,CLE,0.0012887931314040108
2025-26,new,CHA,DAL,0.0002393114707045493
2025-26,new,CHA,DEN,0.005924292768063333
2025-26,new,CHA,DET,0.0029622845637716404
2025-26,new,CHA,GSW,0.0007127168487656928
2025-26,new,CHA,HOU,1.4278017454138347e-05
2025-26,new,CHA,IND,0.0008355346479653628
2025-26,new,CHA,LAC,0.0016894356021284662
2025-26,new,CHA,LAL,0.003870725517420592
2025-26,new,CHA,MEM,0.06577505393383287
2025-26,new,CHA,MIA,0.029247434571168095
2025-26,new,CHA,MIL,0.005942079811577748
2025-26,new,CHA,MIN,0.004462015175557663
2025-26,new,CHA,NOP,0.0
2025-26,new,CHA,NYK,0.009851287750458015
2025-26,new,CHA,OKC,0.007916456211326884
2025-26,new,CHA,ORL,0.0
2025-26,new,CHA,PHI,0.05034005357144103
2025-26,new,CHA,PHX,0.0
2025-26,new,CHA,POR,0.00033066127539783626
2025-26,new,CHA,SAC,0.003333687821200433
2025-26,new,CHA,SAS,0.027701239190164727
2025-26,new,CHA,TOR,0.01181177841051647
2025-26,new,CHA,UTA,0.006855334110180687
2025-26,new,CHA,WAS,0.007220905259821628
2025-26,new,CHI,ATL,0.035297952602649556
2025-26,new,CHI,BKN,0.0
2025-26,new,CHI,BOS,0.004672774863150874
2025-26,new,CHI,CHA,0.0055499799465509375
2025-26,new,CHI,CLE,0.00870689655597932
2025-26,new,CHI,DAL,0.014740301738734002
2025-26,new,CHI,DEN,0.013058195001461267
2025-26,new,CHI,DET,0.013300915987266964
2025-26,new,CHI,GSW,0.00100538794713994
2025-26,new,CHI,HOU,0.0
2025-26,new,CHI,IND,0.0
2025-26,new,CHI,LAC,0.0
2025-26,new,CHI,LAL,0.009318965631376568
2025-26,new,CHI,MEM,0.0037327586489344223
2025-26,new,CHI,MIA,0.004571729129904648
2025-26,new,CHI,MIL,0.0007933727988435342
2025-26,new,CHI,MIN,0.00981115305802287
2025-26,new,CHI,NOP,0.0
2025-26,new,CHI,NYK,0.008415145554420725
2025-26,new,CHI,OKC,0.005270614806553693
2025-26,new,CHI,ORL,0.0
2025-26,new,CHI,PHI,0.034115688495969215
2025-26,new,CHI,PHX,0.0
2025-26,new,CHI,POR,3.9878324301941475e-05
2025-26,new,CHI,SAC,0.0
2025-26,new,CHI,SAS,0.0016346982505036003
2025-26,new,CHI,TOR,0.0020480813514404885
2025-26,new,CHI,UTA,1.4008620898399893e-05
2025-26,new,CHI,WAS,4.094827705432244e-05
2025-26,new,CLE,ATL,0.22353798581574288
2025-26,new,CLE,BKN,2.0649521837650882e-05
2025-26,new,CLE,BOS,0.02123275890577071
2025-26,new,CLE,CHA,0.043700130698885
2025-26,new,CLE,CHI,0.00020620689318450117
2025-26,new,CLE,DAL,0.009424492439841524
2025-26,new,CLE,DEN,0.04296869513808988
2025-26,new,CLE,DET,0.027789331996705035
2025-26,new,CLE,GSW,0.00028700123323491836
2025-26,new,CLE,HOU,1.3200431231184507e-05
2025-26,new,CLE,IND,0.0005500851734043905
2025-26,new,CLE,LAC,0.0011087348027582493
2025-26,new,CLE,LAL,0.03510526917951742
2025-26,new,CLE,MEM,0.04818238142665057
2025-26,new,CLE,MIA,0.010359443947121556
2025-26,new,CLE,MIL,0.00023626083839315396
2025-26,new,CLE,MIN,0.020665409623922236
2025-26,new,CLE,NOP,0.0
2025-26,new,CLE,NYK,0.03817842711152103
2025-26,new,CLE,OKC,0.015988139334334007
2025-26,new,CLE,ORL,0.0
2025-26,new,CLE,PHI,0.04547321097779819
2025-26,new,CLE,PHX,0.0
2025-26,new,CLE,POR,1.1603329987923462e-05
2025-26,new,CLE,SAC,0.00028415509856545096
2025-26,new,CLE,SAS,0.044227371289964824
2025-26,new,CLE,TOR,0.035298152088275414
2025-26,new,CLE,UTA,0.003274245706330664
2025-26,new,CLE,WAS,0.003280441855192827
2025-26,new,DAL,ATL,0.03332219848909078
2025-26,new,DAL,BKN,4.51612082416865e-05
2025-26,new,DAL,BOS,0.003095905238216551
2025-26,new,DAL,CHA,0.00810440207836783
2025-26,new,DAL,CHI,0.033192558428298456
2025-26,new,DAL,CLE,0.0
2025-26,new,DAL,DEN,0.004714549741245022
2025-26,new,DAL,DET,0.004026939691353493
2025-26,new,DAL,GSW,0.0028691446403562855
2025-26,new,DAL,HOU,1.5355603677092182e-05
2025-26,new,DAL,IND,1.4284279127937903e-05
2025-26,new,DAL,LAC,2.8958183048468872e-05
2025-26,new,DAL,LAL,0.005180360493678461
2025-26,new,DAL,MEM,0.010180765110316911
2025-26,new,DAL,MIA,0.007206804427976322
2025-26,new,DAL,MIL,0.002908135868131247
2025-26,new,DAL,MIN,0.0005374461300430241
2025-26,new,DAL,NOP,0.0
2025-26,new,DAL,NYK,0.005359105662129626
2025-26,new,DAL,OKC,0.032924440103596325
2025-26,new,DAL,ORL,0.0
2025-26,new,DAL,PHI,0.009545851807118016
2025-26,new,DAL,PHX,0.0
2025-26,new,DAL,POR,0.00570177607198003
2025-26,new,DAL,SAC,4.660468811849594e-05
2025-26,new,DAL,SAS,0.008351023707715472
2025-26,new,DAL,TOR,0.0030784877855931595
2025-26,new,DAL,UTA,0.0026452046289742966
2025-26,new,DAL,WAS,0.0004407327504756315
2025-26,new,DEN,ATL,0.038414870714588115
2025-26,new,DEN,BKN,0.0003057044316093306
2025-26,new,DEN,BOS,0.00776616394808837
2025-26,new,DEN,CHA,0.006800086271043544
2025-26,new,DEN,CHI,0.006707579382589293
2025-26,new,DEN,CLE,0.008544181038721881
2025-26,new,DEN,DAL,0.012494018755617712
2025-26,new,DEN,DET,0.01653475213759771
2025-26,new,DEN,GSW,0.011481344861630162
2025-26,new,DEN,HOU,0.00025511853828432096
2025-26,new,DEN,IND,4.3882319566731026e-05
2025-26,new,DEN,LAC,8.871017342335911e-05
2025-26,new,DEN,LAL,0.026366762264247542
2025-26,new,DEN,MEM,0.00888685360787725
2025-26,new,DEN,MIA,0.0018911124422672696
2025-26,new,DEN,MIL,0.00010748921050529528
2025-26,new,DEN,MIN,0.008533674668307931
2025-26,new,DEN,NOP,0.0
2025-26,new,DEN,NYK,0.030305495676444038
2025-26,new,DEN,OKC,0.042518809616389076
2025-26,new,DEN,ORL,0.0
2025-26,new,DEN,PHI,0.06463146764368395
2025-26,new,DEN,PHX,0.0
2025-26,new,DEN,POR,0.012500088675728806
2025-26,new,DEN,SAC,0.0002865188383856517
2025-26,new,DEN,SAS,0.0006352370899523899
2025-26,new,DEN,TOR,0.004317871627078916
2025-26,new,DEN,UTA,0.0001109913893541771
2025-26,new,DEN,WAS,0.0019792565047050477
2025-26,new,DET,ATL,0.05606115362548735
2025-26,new,DET,BKN,0.0004921248539997199
2025-26,new,DET,BOS,0.02075969854185101
2025-26,new,DET,CHA,0.022139811654635855
2025-26,new,DET,CHI,0.00013647407612345995
2025-26,new,DET,CLE,0.029310344838665736
2025-26,new,DET,DAL,0.019587182400108257
2025-26,new,DET,DEN,0.013628593921174138
2025-26,new,DET,GSW,0.00033033094429813056
2025-26,new,DET,HOU,7.5431035606768615e-06
2025-26,new,DET,IND,0.0009507723826833753
2025-26,new,DET,LAC,0.0019230058472532441
2025-26,new,DET,LAL,0.00824775231798401
2025-26,new,DET,MEM,0.010616918329033068
2025-26,new,DET,MIA,0.02177339261033547
2025-26,new,DET,MIL,5.0646539914004295e-05
2025-26,new,DET,MIN,0.0664841059150961
2025-26,new,DET,NOP,0.0
2025-26,new,DET,NYK,0.030407952854067596
2025-26,new,DET,OKC,0.053829292916293174
2025-26,new,DET,ORL,0.0
2025-26,new,DET,PHI,0.029937211116858976
2025-26,new,DET,PHX,0.0
2025-26,new,DET,POR,1.978208965931867e-06
2025-26,new,DET,SAC,0.0014217167528198021
2025-26,new,DET,SAS,0.026076777795699
2025-26,new,DET,TOR,0.03453033094604448
2025-26,new,DET,UTA,0.004772898780165947
2025-26,new,DET,WAS,0.0066271552063950235
2025-26,new,GSW,ATL,0.00940975225271641
2025-26,new,GSW,BKN,0.0005693339101739928
2025-26,new,GSW,BOS,0.004313577670154387
2025-26,new,GSW,CHA,0.005626821630428727
2025-26,new,GSW,CHI,0.01775790770908129
2025-26,new,GSW,CLE,0.006173491390132955
2025-26,new,GSW,DAL,0.008588425859734659
2025-26,new,GSW,DEN,0.006110507913752035
2025-26,new,GSW,DET,0.007026939755245433
2025-26,new,GSW,HOU,0.0002831357800811208
2025-26,new,GSW,IND,0.0001215676075955867
2025-26,new,GSW,LAC,0.00024534425858757934
2025-26,new,GSW,LAL,0.006839635682552728
2025-26,new,GSW,MEM,0.008586207058778482
2025-26,new,GSW,MIA,0.0014258203469548912
2025-26,new,GSW,MIL,8.18965516599088e-05
2025-26,new,GSW,MIN,0.008401939730533273
2025-26,new,GSW,NOP,0.0
2025-26,new,GSW,NYK,0.01838550653489275
2025-26,new,GSW,OKC,0.02189720949320862
2025-26,new,GSW,ORL,0.0
2025-26,new,GSW,PHI,0.007945009100984302
2025-26,new,GSW,PHX,0.0
2025-26,new,GSW,POR,0.03195310096358485
2025-26,new,GSW,SAC,0.0016350275372087706
2025-26,new,GSW,SAS,0.0005242456891172536
2025-26,new,GSW,TOR,0.0013912005329289605
2025-26,new,GSW,UTA,0.004133890078459256
2025-26,new,GSW,WAS,0.0005121228534824634
2025-26,new,HOU,ATL,0.02093534509117458
2025-26,new,HOU,BKN,0.0002899969467838621
2025-26,new,HOU,BOS,0.013160560519338168
2025-26,new,HOU,CHA,0.008648749110682008
2025-26,new,HOU,CHI,0.0016223497800256367
2025-26,new,HOU,CLE,0.0020581896985270858
2025-26,new,HOU,DAL,9.105618902783045e-05
2025-26,new,HOU,DEN,0.01920042647720226
2025-26,new,HOU,DET,0.01894962270930811
2025-26,new,HOU,GSW,0.0015555181343101334
2025-26,new,HOU,IND,0.0002935402069114201
2025-26,new,HOU,LAC,0.0005955359222990207
2025-26,new,HOU,LAL,0.0181420048733005
2025-26,new,HOU,MEM,0.010984105739304955
2025-26,new,HOU,MIA,0.008117610592261945
2025-26,new,HOU,MIL,0.003168372855349122
2025-26,new,HOU,MIN,0.009234375153499626
2025-26,new,HOU,NOP,0.0
2025-26,new,HOU,NYK,0.012806029173175217
2025-26,new,HOU,OKC,0.010294232509583433
2025-26,new,HOU,ORL,0.0
2025-26,new,HOU,PHI,0.16583025049781708
2025-26,new,HOU,PHX,0.0
2025-26,new,HOU,POR,0.0010211442674020283
2025-26,new,HOU,SAC,7.548451245572228e-05
2025-26,new,HOU,SAS,0.008942618570792298
2025-26,new,HOU,TOR,0.006632520686665961
2025-26,new,HOU,UTA,0.0003054956843121107
2025-26,new,HOU,WAS,0.0020751616804145973
2025-26,new,IND,ATL,0.0004878771779978454
2025-26,new,IND,BKN,0.0006967334966027404
2025-26,new,IND,BOS,2.155172445907677e-06
2025-26,new,IND,CHA,0.007973123302808846
2025-26,new,IND,CHI,0.031923255704171934
2025-26,new,IND,CLE,0.0
2025-26,new,IND,DAL,4.297234744908877e-05
2025-26,new,IND,DEN,0.0001282694491182204
2025-26,new,IND,DET,0.0003526400886315467
2025-26,new,IND,GSW,0.0021464410442350473
2025-26,new,IND,HOU,2.1821121014815207e-05
2025-26,new,IND,LAC,0.007302050424359234
2025-26,new,IND,LAL,9.084455063971378e-08
2025-26,new,IND,MEM,0.045416756477508
2025-26,new,IND,MIA,0.012750912074640484
2025-26,new,IND,MIL,3.3405151013445594e-05
2025-26,new,IND,MIN,0.0006807651010277711
2025-26,new,IND,NOP,0.0
2025-26,new,IND,NYK,0.017436153026506435
2025-26,new,IND,OKC,0.03886092592096902
2025-26,new,IND,ORL,0.0
2025-26,new,IND,PHI,0.008985199741849918
2025-26,new,IND,PHX,0.0
2025-26,new,IND,POR,0.05549599295303477
2025-26,new,IND,SAC,0.0010201306174280203
2025-26,new,IND,SAS,0.013478178907294181
2025-26,new,IND,TOR,0.00882163374449321
2025-26,new,IND,UTA,0.0020975216163988705
2025-26,new,IND,WAS,0.001977101329228327
2025-26,new,LAC,ATL,0.007241648727253177
2025-26,new,LAC,BKN,0.00017525544418558952
2025-26,new,LAC,BOS,0.003924569025603605
2025-26,new,LAC,CHA,0.018816601877580736
2025-26,new,LAC,CHI,0.23570806347930143
2025-26,new,LAC,CLE,0.001252155196290977
2025-26,new,LAC,DAL,0.0006235802784898436
2025-26,new,LAC,DEN,0.0059035610705776035
2025-26,new,LAC,DET,0.010628502317282755
2025-26,new,LAC,GSW,0.04017705683194891
2025-26,new,LAC,HOU,0.0004579741453173859
2025-26,new,LAC,IND,1.65045813301292e-08
2025-26,new,LAC,LAL,0.00932854549880762
2025-26,new,LAC,MEM,0.020711207017884585
2025-26,new,LAC,MIA,0.0025581766069605084
2025-26,new,LAC,MIL,0.0002615840427762155
2025-26,new,LAC,MIN,0.0016037177208987673
2025-26,new,LAC,NOP,0.0
2025-26,new,LAC,NYK,0.007695851419903819
2025-26,new,LAC,OKC,0.2399671253799822
2025-26,new,LAC,ORL,0.0
2025-26,new,LAC,PHI,0.009119610708742995
2025-26,new,LAC,PHX,0.0
2025-26,new,LAC,POR,0.29283158757013833
2025-26,new,LAC,SAC,0.0004979768235733866
2025-26,new,LAC,SAS,0.0018900861971457663
2025-26,new,LAC,TOR,0.0024342700979688194
2025-26,new,LAC,UTA,0.00115840519772409
2025-26,new,LAC,WAS,0.0014369612216250975
2025-26,new,LAL,ATL,0.05531384772153426
2025-26,new,LAL,BKN,0.00012124939675420042
2025-26,new,LAL,BOS,0.016822198266805765
2025-26,new,LAL,CHA,0.017644076659960345
2025-26,new,LAL,CHI,0.0003259821457110014
2025-26,new,LAL,CLE,0.0027693965448195045
2025-26,new,LAL,DAL,0.0003320421711948161
2025-26,new,LAL,DEN,0.01683343852550275
2025-26,new,LAL,DET,0.012964709173980297
2025-26,new,LAL,GSW,0.001093298213489707
2025-26,new,LAL,HOU,0.00015490301954961414
2025-26,new,LAL,IND,0.00025970562146916383
2025-26,new,LAL,LAC,0.0005253311192512321
2025-26,new,LAL,MEM,0.015440193996323147
2025-26,new,LAL,MIA,0.0007219277484215354
2025-26,new,LAL,MIL,0.00011206898753980867
2025-26,new,LAL,MIN,0.008358836273927691
2025-26,new,LAL,NOP,0.0
2025-26,new,LAL,NYK,0.01862823269337994
2025-26,new,LAL,OKC,0.00990528753518745
2025-26,new,LAL,ORL,0.0
2025-26,new,LAL,PHI,0.015639205306801567
2025-26,new,LAL,PHX,0.0
2025-26,new,LAL,POR,0.0004969887443924311
2025-26,new,LAL,SAC,0.0024443970121308606
2025-26,new,LAL,SAS,0.012250269516029972
2025-26,new,LAL,TOR,0.0114121808618275
2025-26,new,LAL,UTA,0.004143857781971997
2025-26,new,LAL,WAS,0.004117726312151402
2025-26,new,MEM,ATL,0.020780711283281055
2025-26,new,MEM,BKN,0.0002080764645308251
2025-26,new,MEM,BOS,0.001446120720035557
2025-26,new,MEM,CHA,0.025847162929989245
2025-26,new,MEM,CHI,0.007996941246704838
2025-26,new,MEM,CLE,0.00011961207227331811
2025-26,new,MEM,DAL,9.843889473155161e-06
2025-26,new,MEM,DEN,0.01020362677688531
2025-26,new,MEM,DET,0.016604256353658173
2025-26,new,MEM,GSW,0.014447506585075544
2025-26,new,MEM,HOU,0.00012446120931317327
2025-26,new,MEM,IND,0.0002282848795327604
2025-26,new,MEM,LAC,0.0004632470942435712
2025-26,new,MEM,LAL,0.01999288948255381
2025-26,new,MEM,MIA,0.01552564700999957
2025-26,new,MEM,MIL,0.0005220905141824663
2025-26,new,MEM,MIN,0.0010072737234516132
2025-26,new,MEM,NOP,0.0
2025-26,new,MEM,NYK,0.01605091598850338
2025-26,new,MEM,OKC,0.03945067999486075
2025-26,new,MEM,ORL,0.0
2025-26,new,MEM,PHI,0.04481015097570609
2025-26,new,MEM,PHX,0.0
2025-26,new,MEM,POR,0.014080760128739978
2025-26,new,MEM,SAC,4.463526152200109e-06
2025-26,new,MEM,SAS,0.06933027975243149
2025-26,new,MEM,TOR,0.015288048759678551
2025-26,new,MEM,UTA,0.0020988684950259935
2025-26,new,MEM,WAS,0.0019935345190480857
2025-26,new,MIA,ATL,0.035005926759893495
2025-26,new,MIA,BKN,4.6109008724293954e-05
2025-26,new,MIA,BOS,0.004880388000145041
2025-26,new,MIA,CHA,0.08814455476155515
2025-26,new,MIA,CHI,0.0004777365450447325
2025-26,new,MIA,CLE,0.005779094841443644
2025-26,new,MIA,DAL,0.002680255395110901
2025-26,new,MIA,DEN,0.009692484777040425
2025-26,new,MIA,DET,0.011613954766573193
2025-26,new,MIA,GSW,0.00039250143684809157
2025-26,new,MIA,HOU,3.71767246919074e-05
2025-26,new,MIA,IND,0.000618748627008433
2025-26,new,MIA,LAC,0.0012510721979343928
2025-26,new,MIA,LAL,0.0045289664462029935
2025-26,new,MIA,MEM,0.03819396560415545
2025-26,new,MIA,MIL,0.0010624999963429532
2025-26,new,MIA,MIN,0.004223329815973432
2025-26,new,MIA,NOP,0.0
2025-26,new,MIA,NYK,0.02204283393333377
2025-26,new,MIA,OKC,0.016792271120654678
2025-26,new,MIA,ORL,0.0
2025-26,new,MIA,PHI,0.02845018263489755
2025-26,new,MIA,PHX,0.0
2025-26,new,MIA,POR,2.3472159682180386e-06
2025-26,new,MIA,SAC,0.0010229327099803972
2025-26,new,MIA,SAS,0.03103987112037179
2025-26,new,MIA,TOR,0.030519820540710077
2025-26,new,MIA,UTA,0.007252155288768901
2025-26,new,MIA,WAS,0.004943157394802005
2025-26,new,MIL,ATL,0.012866648861793154
2025-26,new,MIL,BKN,0.0011980809916812708
2025-26,new,MIL,BOS,0.0031217673122240558
2025-26,new,MIL,CHA,0.008774525336286289
2025-26,new,MIL,CHI,0.030060455440283004
2025-26,new,MIL,CLE,0.00022413793461525754
2025-26,new,MIL,DAL,7.486309965942977e-05
2025-26,new,MIL,DEN,0.004032688611229692
2025-26,new,MIL,DET,0.0037718211492756386
2025-26,new,MIL,GSW,0.001763885342091851
2025-26,new,MIL,HOU,5.387931114769176e-07
2025-26,new,MIL,IND,0.0002622005035653212
2025-26,new,MIL,LAC,0.0020616946524571267
2025-26,new,MIL,LAL,0.0020000000323714888
2025-26,new,MIL,MEM,0.005828933355013101
2025-26,new,MIL,MIA,0.005556082243641676
2025-26,new,MIL,MIN,0.0009647090650356277
2025-26,new,MIL,NOP,0.0
2025-26,new,MIL,NYK,0.0036939655201798636
2025-26,new,MIL,OKC,0.042278281255427035
2025-26,new,MIL,ORL,0.0
2025-26,new,MIL,PHI,0.0021365050684383105
2025-26,new,MIL,PHX,0.0
2025-26,new,MIL,POR,0.05225947559996389
2025-26,new,MIL,SAC,0.0010877109171639268
2025-26,new,MIL,SAS,0.006470635879568048
2025-26,new,MIL,TOR,0.0010811326973761736
2025-26,new,MIL,UTA,0.0007925646765366324
2025-26,new,MIL,WAS,0.004594288868307745
2025-26,new,MIN,ATL,0.015573545366320921
2025-26,new,MIN,BKN,0.0
2025-26,new,MIN,BOS,0.006672413895019042
2025-26,new,MIN,CHA,0.04625693081008524
2025-26,new,MIN,CHI,0.008509468812278318
2025-26,new,MIN,CLE,0.0032575430973143926
2025-26,new,MIN,DAL,0.004697198285400097
2025-26,new,MIN,DEN,0.020740909593147845
2025-26,new,MIN,DET,0.0474461207309224
2025-26,new,MIN,GSW,0.007159678489606016
2025-26,new,MIN,HOU,0.00024622845194495187
2025-26,new,MIN,IND,0.0
2025-26,new,MIN,LAC,0.0
2025-26,new,MIN,LAL,0.0197369232425965
2025-26,new,MIN,MEM,0.10524380400642383
2025-26,new,MIN,MIA,0.012494056186030306
2025-26,new,MIN,MIL,0.0003262392357232626
2025-26,new,MIN,NOP,0.0
2025-26,new,MIN,NYK,0.014062230775056502
2025-26,new,MIN,OKC,0.03765254968065258
2025-26,new,MIN,ORL,0.0
2025-26,new,MIN,PHI,0.025955469224497617
2025-26,new,MIN,PHX,0.0
2025-26,new,MIN,POR,0.014733710743270657
2025-26,new,MIN,SAC,0.0
2025-26,new,MIN,SAS,0.01015436426796629
2025-26,new,MIN,TOR,0.016091709166264102
2025-26,new,MIN,UTA,0.0007341056216331524
2025-26,new,MIN,WAS,0.0002575431085304068
2025-26,new,NOP,ATL,0.0022432650494236695
2025-26,new,NOP,BKN,0.00017389126073401613
2025-26,new,NOP,BOS,0.00038469828303967595
2025-26,new,NOP,CHA,0.03370639026326435
2025-26,new,NOP,CHI,0.023125608557339923
2025-26,new,NOP,CLE,2.1551724459076758e-05
2025-26,new,NOP,DAL,1.1569480478822792e-05
2025-26,new,NOP,DEN,0.0066818391975895786
2025-26,new,NOP,DET,0.0028389009032278026
2025-26,new,NOP,GSW,0.0059922967919178545
2025-26,new,NOP,HOU,0.00019342672702021385
2025-26,new,NOP,IND,0.0001202600099435211
2025-26,new,NOP,LAC,0.00024302254365277893
2025-26,new,NOP,LAL,0.0009841605223136476
2025-26,new,NOP,MEM,0.023000269346300447
2025-26,new,NOP,MIA,0.019407942425819284
2025-26,new,NOP,MIL,0.0007642779953914275
2025-26,new,NOP,MIN,0.005303071215146638
2025-26,new,NOP,NYK,0.0011683728914619585
2025-26,new,NOP,OKC,0.04246183100946386
2025-26,new,NOP,ORL,0.0
2025-26,new,NOP,PHI,0.01892715360493808
2025-26,new,NOP,PHX,0.0
2025-26,new,NOP,POR,0.04001489278804998
2025-26,new,NOP,SAC,0.00018443046617229464
2025-26,new,NOP,SAS,0.01824164883161349
2025-26,new,NOP,TOR,0.003526939706363041
2025-26,new,NOP,UTA,0.000499730637891154
2025-26,new,NOP,WAS,0.001337284523118609
2025-26,new,NYK,ATL,0.031158136099894075
2025-26,new,NYK,BKN,0.00025537571246351523
2025-26,new,NYK,BOS,0.018131465816806105
2025-26,new,NYK,CHA,0.0150247927294631
2025-26,new,NYK,CHI,0.0019193165297859448
2025-26,new,NYK,CLE,0.002635775882558062
2025-26,new,NYK,DAL,0.003804316143402408
2025-26,new,NYK,DEN,0.014903768613231509
2025-26,new,NYK,DET,0.01727424579477821
2025-26,new,NYK,GSW,0.0006126862846137503
2025-26,new,NYK,HOU,1.4816810565615264e-05
2025-26,new,NYK,IND,8.621850911751986e-05
2025-26,new,NYK,LAC,0.000173799911761825
2025-26,new,NYK,LAL,0.02092060136885167
2025-26,new,NYK,MEM,0.007256735109519374
2025-26,new,NYK,MIA,0.00956075316408889
2025-26,new,NYK,MIL,2.93642333869277e-05
2025-26,new,NYK,MIN,0.010091594903296306
2025-26,new,NYK,NOP,0.0
2025-26,new,NYK,OKC,0.015849331308366053
2025-26,new,NYK,ORL,0.0
2025-26,new,NYK,PHI,0.04589784754585752
2025-26,new,NYK,PHX,0.0
2025-26,new,NYK,POR,0.0031373819760937695
2025-26,new,NYK,SAC,0.0003140000128606429
2025-26,new,NYK,SAS,0.0071707975259050726
2025-26,new,NYK,TOR,0.003629693847847907
2025-26,new,NYK,UTA,6.196120781984567e-06
2025-26,new,NYK,WAS,0.001166487090943927
2025-26,new,OKC,ATL,0.008250269484405149
2025-26,new,OKC,BKN,0.0
2025-26,new,OKC,BOS,0.004070043177584765
2025-26,new,OKC,CHA,0.030634854840498462
2025-26,new,OKC,CHI,0.06866766737976675
2025-26,new,OKC,CLE,0.023448275852755746
2025-26,new,OKC,DAL,0.040940732852764554
2025-26,new,OKC,DEN,0.008029154954732732
2025-26,new,OKC,DET,0.01182623924749727
2025-26,new,OKC,GSW,0.0007504463531874755
2025-26,new,OKC,HOU,0.00023545258971541347
2025-26,new,OKC,IND,0.0
2025-26,new,OKC,LAC,0.0
2025-26,new,OKC,LAL,0.011303286437169014
2025-26,new,OKC,MEM,0.02642861035915397
2025-26,new,OKC,MIA,0.014670966009575901
2025-26,new,OKC,MIL,0.0003758081899562465
2025-26,new,OKC,MIN,0.011094827592665939
2025-26,new,OKC,NOP,0.0
2025-26,new,OKC,NYK,0.007218211339505648
2025-26,new,OKC,ORL,0.0
2025-26,new,OKC,PHI,0.00811981307925478
2025-26,new,OKC,PHX,0.0
2025-26,new,OKC,POR,0.11992945237291378
2025-26,new,OKC,SAC,0.0
2025-26,new,OKC,SAS,0.016200161726747892
2025-26,new,OKC,TOR,0.016920868160789186
2025-26,new,OKC,UTA,0.000257812508377889
2025-26,new,OKC,WAS,0.0005862069029385097
2025-26,new,ORL,ATL,0.03322575418194275
2025-26,new,ORL,BKN,0.0011762217205946374
2025-26,new,ORL,BOS,0.006249644461189245
2025-26,new,ORL,CHA,0.05676704213411751
2025-26,new,ORL,CHI,0.0015655474399551795
2025-26,new,ORL,CLE,3.34051729918554e-05
2025-26,new,ORL,DAL,5.752339865592084e-05
2025-26,new,ORL,DEN,0.006405600699803859
2025-26,new,ORL,DET,0.02863281239042911
2025-26,new,ORL,GSW,0.0014558976146734348
2025-26,new,ORL,HOU,0.0001901939683513523
2025-26,new,ORL,IND,0.000990096088187721
2025-26,new,ORL,LAC,0.0026184470185497024
2025-26,new,ORL,LAL,0.006634346336163705
2025-26,new,ORL,MEM,0.31609159421681515
2025-26,new,ORL,MIA,0.08093624763705153
2025-26,new,ORL,MIL,0.004319773758500654
2025-26,new,ORL,MIN,0.008754849309515174
2025-26,new,ORL,NOP,0.0
2025-26,new,ORL,NYK,0.028412618970215936
2025-26,new,ORL,OKC,0.031041358203512247
2025-26,new,ORL,PHI,0.04476033479887422
2025-26,new,ORL,PHX,0.0
2025-26,new,ORL,POR,0.0005243806117116242
2025-26,new,ORL,SAC,0.0010622451403378363
2025-26,new,ORL,SAS,0.049629310695735486
2025-26,new,ORL,TOR,0.04435646755791175
2025-26,new,ORL,UTA,0.005283405241929796
2025-26,new,ORL,WAS,0.0020598060968291844
2025-26,new,PHI,ATL,0.0008092672706798427
2025-26,new,PHI,BKN,0.002247331678206983
2025-26,new,PHI,BOS,0.0033207651107333164
2025-26,new,PHI,CHA,0.05545537864363087
2025-26,new,PHI,CHI,0.015130751174537155
2025-26,new,PHI,CLE,0.013501077623122595
2025-26,new,PHI,DAL,0.006563220819657701
2025-26,new,PHI,DEN,0.0026819435434527945
2025-26,new,PHI,DET,0.0042656250747025075
2025-26,new,PHI,GSW,0.003537611842002645
2025-26,new,PHI,HOU,2.963362113123053e-05
2025-26,new,PHI,IND,0.00011057331649524337
2025-26,new,PHI,LAC,0.00022347477572576068
2025-26,new,PHI,LAL,0.002876099091583204
2025-26,new,PHI,MEM,0.03285183226402672
2025-26,new,PHI,MIA,0.05332516558152986
2025-26,new,PHI,MIL,0.0029321121255835073
2025-26,new,PHI,MIN,0.008138739363920618
2025-26,new,PHI,NOP,0.0
2025-26,new,PHI,NYK,0.004281169116302721
2025-26,new,PHI,OKC,0.1485625215737899
2025-26,new,PHI,ORL,0.0
2025-26,new,PHI,PHX,0.0
2025-26,new,PHI,POR,4.593399562832875e-07
2025-26,new,PHI,SAC,0.0
2025-26,new,PHI,SAS,0.13698464453535492
2025-26,new,PHI,TOR,0.07637778518892824
2025-26,new,PHI,UTA,0.0049994612088153974
2025-26,new,PHI,WAS,0.003573545302477152
2025-26,new,PHX,ATL,0.005401670452436143
2025-26,new,PHX,BKN,0.000619222819160423
2025-26,new,PHX,BOS,0.001781249999807312
2025-26,new,PHX,CHA,0.0793995762901696
2025-26,new,PHX,CHI,0.005941242066191243
2025-26,new,PHX,CLE,0.015452586245434033
2025-26,new,PHX,DAL,0.004206245723322855
2025-26,new,PHX,DEN,0.014973678729960553
2025-26,new,PHX,DET,0.012242726430714385
2025-26,new,PHX,GSW,0.012408068115006237
2025-26,new,PHX,HOU,0.0025686961683998658
2025-26,new,PHX,IND,0.0005806727738814549
2025-26,new,PHX,LAC,0.0011721397062823492
2025-26,new,PHX,LAL,0.015891681314380294
2025-26,new,PHX,MEM,0.08496255384756106
2025-26,new,PHX,MIA,0.028212526254845816
2025-26,new,PHX,MIL,0.0002467672504155481
2025-26,new,PHX,MIN,0.025238146997510518
2025-26,new,PHX,NOP,0.0
2025-26,new,PHX,NYK,0.004841594802103295
2025-26,new,PHX,OKC,0.02607149930374003
2025-26,new,PHX,ORL,0.0
2025-26,new,PHX,PHI,0.013126064500495931
2025-26,new,PHX,POR,0.01107666149526165
2025-26,new,PHX,SAC,2.323405423622122e-07
2025-26,new,PHX,SAS,0.0014878772057247635
2025-26,new,PHX,TOR,0.010155497475161493
2025-26,new,PHX,UTA,0.0041449353748587246
2025-26,new,PHX,WAS,0.0062306034895551286
2025-26,new,POR,ATL,0.0002044719656335253
2025-26,new,POR,BKN,1.0549853373304527e-07
2025-26,new,POR,BOS,0.0
2025-26,new,POR,CHA,0.014312947704604272
2025-26,new,POR,CHI,0.17257134864653317
2025-26,new,POR,CLE,0.0004116379350809187
2025-26,new,POR,DAL,0.00020769017337756693
2025-26,new,POR,DEN,0.00024159005684913577
2025-26,new,POR,DET,0.0005363685456465867
2025-26,new,POR,GSW,0.007967800899974653
2025-26,new,POR,HOU,4.471982825258426e-05
2025-26,new,POR,IND,5.6298055093803084e-05
2025-26,new,POR,LAC,0.00011342100359329052
2025-26,new,POR,LAL,0.00014765075113873214
2025-26,new,POR,MEM,0.01058755409749273
2025-26,new,POR,MIA,0.009517097446290965
2025-26,new,POR,MIL,0.00011422414346678382
2025-26,new,POR,MIN,0.001173491399747255
2025-26,new,POR,NOP,0.0
2025-26,new,POR,NYK,0.0007619450245567418
2025-26,new,POR,OKC,0.14767940079503297
2025-26,new,POR,ORL,0.0
2025-26,new,POR,PHI,6.546176832779142e-05
2025-26,new,POR,PHX,0.0
2025-26,new,POR,SAC,0.0025806340759546203
2025-26,new,POR,SAS,0.014403286719180895
2025-26,new,POR,TOR,0.011762905283520654
2025-26,new,POR,UTA,0.003488685404962121
2025-26,new,POR,WAS,0.0010018857627111517
2025-26,new,SAC,ATL,0.003103178869130025
2025-26,new,SAC,BKN,0.006792173212946713
2025-26,new,SAC,BOS,0.00012787713822286478
2025-26,new,SAC,CHA,0.032744013696254994
2025-26,new,SAC,CHI,0.0025114047580149976
2025-26,new,SAC,CLE,3.2327586688615144e-06
2025-26,new,SAC,DAL,0.0002776674707139794
2025-26,new,SAC,DEN,0.006243163706293868
2025-26,new,SAC,DET,0.00353098065311346
2025-26,new,SAC,GSW,0.005639326616052748
2025-26,new,SAC,HOU,0.00030360991887924877
2025-26,new,SAC,IND,0.0016073389166079185
2025-26,new,SAC,LAC,0.003244234576600012
2025-26,new,SAC,LAL,0.009653572410426369
2025-26,new,SAC,MEM,0.060348060185005395
2025-26,new,SAC,MIA,0.023517255905899388
2025-26,new,SAC,MIL,0.0036554418162217947
2025-26,new,SAC,MIN,0.007745420399848533
2025-26,new,SAC,NOP,0.0
2025-26,new,SAC,NYK,0.015746584265391998
2025-26,new,SAC,OKC,0.0371907120652671
2025-26,new,SAC,ORL,0.0
2025-26,new,SAC,PHI,0.010850522098105997
2025-26,new,SAC,PHX,0.0
2025-26,new,SAC,POR,0.002889197822170234
2025-26,new,SAC,SAS,0.026754040952394555
2025-26,new,SAC,TOR,0.016051723492153204
2025-26,new,SAC,UTA,0.011959321174754536
2025-26,new,SAC,WAS,0.0187117459260706
2025-26,new,SAS,ATL,0.016486530185030802
2025-26,new,SAS,BKN,2.088821412175533e-07
2025-26,new,SAS,BOS,0.0069719827925015625
2025-26,new,SAS,CHA,0.06956240822242846
2025-26,new,SAS,CHI,0.03373705701425794
2025-26,new,SAS,CLE,0.046907327656216656
2025-26,new,SAS,DAL,0.014673510283442768
2025-26,new,SAS,DEN,0.010354541653133969
2025-26,new,SAS,DET,0.012282597070985377
2025-26,new,SAS,GSW,0.007579165050338339
2025-26,new,SAS,HOU,0.0021260776267595723
2025-26,new,SAS,IND,1.8631662593524478e-06
2025-26,new,SAS,LAC,1.7472763897001574e-06
2025-26,new,SAS,LAL,0.012007229498084252
2025-26,new,SAS,MEM,0.04814601315998327
2025-26,new,SAS,MIA,0.012426359533205214
2025-26,new,SAS,MIL,0.00047790949361334583
2025-26,new,SAS,MIN,0.02945635809524964
2025-26,new,SAS,NOP,0.0
2025-26,new,SAS,NYK,0.01071811955022487
2025-26,new,SAS,OKC,0.06341779392869026
2025-26,new,SAS,ORL,0.0
2025-26,new,SAS,PHI,0.022954901715168428
2025-26,new,SAS,PHX,0.0
2025-26,new,SAS,POR,0.004525785154502194
2025-26,new,SAS,SAC,2.7106396608924755e-07
2025-26,new,SAS,TOR,0.01865037733052994
2025-26,new,SAS,UTA,0.0001961206954879816
2025-26,new,SAS,WAS,0.0011341595002811336
2025-26,new,TOR,ATL,0.004705549598900311
2025-26,new,TOR,BKN,0.00032131514124744914
2025-26,new,TOR,BOS,0.005257904149698805
2025-26,new,TOR,CHA,0.05882685375581216
2025-26,new,TOR,CHI,0.00031380759188736907
2025-26,new,TOR,CLE,0.006170258653462575
2025-26,new,TOR,DAL,0.0013143712070895757
2025-26,new,TOR,DEN,0.005530135920655673
2025-26,new,TOR,DET,0.00690921342162945
2025-26,new,TOR,GSW,0.0013962827443588697
2025-26,new,TOR,HOU,5.387931114769188e-07
2025-26,new,TOR,IND,2.829535153496513e-05
2025-26,new,TOR,LAC,5.6905414006153915e-05
2025-26,new,TOR,LAL,0.004874963315572124
2025-26,new,TOR,MEM,0.034380118793763764
2025-26,new,TOR,MIA,0.05103496175879376
2025-26,new,TOR,MIL,0.0007413792638670139
2025-26,new,TOR,MIN,0.0210926726496385
2025-26,new,TOR,NOP,0.0
2025-26,new,TOR,NYK,0.0020806411684391388
2025-26,new,TOR,OKC,0.045664170281627905
2025-26,new,TOR,ORL,0.0
2025-26,new,TOR,PHI,0.041587500125541084
2025-26,new,TOR,PHX,0.0
2025-26,new,TOR,POR,7.11920762248881e-07
2025-26,new,TOR,SAC,0.0002574628756003911
2025-26,new,TOR,SAS,0.04649892244889432
2025-26,new,TOR,UTA,0.0003811961443340086
2025-26,new,TOR,WAS,0.0008216594995184124
2025-26,new,UTA,ATL,0.017525053935041168
2025-26,new,UTA,BKN,0.0037710474757103336
2025-26,new,UTA,BOS,0.006267241478721001
2025-26,new,UTA,CHA,0.01840741971202234
2025-26,new,UTA,CHI,0.0001701085988560334
2025-26,new,UTA,CLE,0.0007607758773394441
2025-26,new,UTA,DAL,9.470375119235538e-05
2025-26,new,UTA,DEN,0.007302866128229654
2025-26,new,UTA,DET,0.012596982973527387
2025-26,new,UTA,GSW,0.0007900194632180836
2025-26,new,UTA,HOU,9.159482895107617e-06
2025-26,new,UTA,IND,0.0008833427095184783
2025-26,new,UTA,LAC,0.0017847143435391814
2025-26,new,UTA,LAL,0.010497163604411552
2025-26,new,UTA,MEM,0.008028286712541213
2025-26,new,UTA,MIA,0.010462381272970634
2025-26,new,UTA,MIL,0.00025457971068982286
2025-26,new,UTA,MIN,0.003313847049099297
2025-26,new,UTA,NOP,0.0
2025-26,new,UTA,NYK,0.011002155181365728
2025-26,new,UTA,OKC,0.048108485330044005
2025-26,new,UTA,ORL,0.0
2025-26,new,UTA,PHI,0.044470395856013964
2025-26,new,UTA,PHX,0.0
2025-26,new,UTA,POR,0.0003294149842290641
2025-26,new,UTA,SAC,0.001648853928369205
2025-26,new,UTA,SAS,0.011225485182106334
2025-26,new,UTA,TOR,0.002805903546107372
2025-26,new,UTA,WAS,0.01230684289740848
2025-26,new,WAS,ATL,0.0010452585972861611
2025-26,new,WAS,BKN,0.002118821778290248
2025-26,new,WAS,BOS,0.0023200431159408437
2025-26,new,WAS,CHA,0.029497218537434117
2025-26,new,WAS,CHI,0.0008917686365322339
2025-26,new,WAS,CLE,0.002381465501585525
2025-26,new,WAS,DAL,0.00026869751846788855
2025-26,new,WAS,DEN,0.0003265453145431584
2025-26,new,WAS,DET,0.00040813578461328977
2025-26,new,WAS,GSW,0.00027935599396890166
2025-26,new,WAS,HOU,2.882543146401515e-05
2025-26,new,WAS,IND,0.0009851529259695577
2025-26,new,WAS,LAC,0.007147219898003679
2025-26,new,WAS,LAL,0.0009483300443668402
2025-26,new,WAS,MEM,0.03720150843599876
2025-26,new,WAS,MIA,0.010725828032691866
2025-26,new,WAS,MIL,0.0012645474258922678
2025-26,new,WAS,MIN,0.006420258694460839
2025-26,new,WAS,NOP,0.0
2025-26,new,WAS,NYK,0.06590436414193267
2025-26,new,WAS,OKC,0.0038293624916103603
2025-26,new,WAS,ORL,0.0
2025-26,new,WAS,PHI,0.009149454175400622
2025-26,new,WAS,PHX,0.0
2025-26,new,WAS,POR,0.0011347639395205018
2025-26,new,WAS,SAC,0.0036294806068828313
2025-26,new,WAS,SAS,0.009398437562671585
2025-26,new,WAS,TOR,0.005317644175800868
2025-26,new,WAS,UTA,0.014552801921783046
2025-26,old,ATL,BKN,9.452776932434739e-06
2025-26,old,ATL,BOS,0.0001530172439003042
2025-26,old,ATL,CHA,0.029229454745150533
2025-26,old,ATL,CHI,0.0020734854534036305
2025-26,old,ATL,CLE,2.155172445907675e-06
2025-26,old,ATL,DAL,0.003411015541504603
2025-26,old,ATL,DEN,0.013799911870262442
2025-26,old,ATL,DET,0.00510721996109451
2025-26,old,ATL,GSW,0.0011278549119902812
2025-26,old,ATL,HOU,0.0
2025-26,old,ATL,IND,6.538422915545433e-06
2025-26,old,ATL,LAC,7.650107773756844e-06
2025-26,old,ATL,LAL,0.01933947672063625
2025-26,old,ATL,MEM,0.0029808730200125734
2025-26,old,ATL,MIA,0.016115326301999553
2025-26,old,ATL,MIL,0.005328394598006433
2025-26,old,ATL,MIN,0.005368534582084977
2025-26,old,ATL,NOP,0.0
2025-26,old,ATL,NYK,0.014008640226217426
2025-26,old,ATL,OKC,0.07915234332284164
2025-26,old,ATL,ORL,0.0
2025-26,old,ATL,PHI,0.014888155407668024
2025-26,old,ATL,PHX,0.0
2025-26,old,ATL,POR,0.003571776741210308
2025-26,old,ATL,SAC,0.00012118341969118562
2025-26,old,ATL,SAS,0.16758162789137085
2025-26,old,ATL,TOR,0.030174140699637926
2025-26,old,ATL,UTA,0.002568426751872878
2025-26,old,ATL,WAS,5.495689389825771e-05
2025-26,old,BKN,ATL,0.03316379346366939
2025-26,old,BKN,BOS,0.008707974261427623
2025-26,old,BKN,CHA,0.010136748535069117
2025-26,old,BKN,CHI,0.03336422459688934
2025-26,old,BKN,CLE,0.005933189690193354
2025-26,old,BKN,DAL,0.004246996349312427
2025-26,old,BKN,DEN,0.010803390939491658
2025-26,old,BKN,DET,0.008190732865136694
2025-26,old,BKN,GSW,0.007810130935424032
2025-26,old,BKN,HOU,0.0
2025-26,old,BKN,IND,0.010968785429592672
2025-26,old,BKN,LAC,0.005413046688257961
2025-26,old,BKN,LAL,0.004253213815561386
2025-26,old,BKN,MEM,0.013414870737389468
2025-26,old,BKN,MIA,0.0076977709525137316
2025-26,old,BKN,MIL,0.0016411637392994985
2025-26,old,BKN,MIN,0.011187769411360555
2025-26,old,BKN,NOP,0.0
2025-26,old,BKN,NYK,0.015223060761884632
2025-26,old,BKN,OKC,0.025397557846333157
2025-26,old,BKN,ORL,0.0
2025-26,old,BKN,PHI,0.011980678872322402
2025-26,old,BKN,PHX,0.0
2025-26,old,BKN,POR,0.004125712843668637
2025-26,old,BKN,SAC,0.010673834031760858
2025-26,old,BKN,SAS,0.006303609864834438
2025-26,old,BKN,TOR,0.004736945936935667
2025-26,old,BKN,UTA,0.013322737345066529
2025-26,old,BKN,WAS,0.009249730275438064
2025-26,old,BOS,ATL,0.006942618651725033
2025-26,old,BOS,BKN,1.7955113163065985e-07
2025-26,old,BOS,CHA,0.014112251123751085
2025-26,old,BOS,CHI,0.008876990206341008
2025-26,old,BOS,CLE,0.0035000000355347727
2025-26,old,BOS,DAL,0.000858983774045965
2025-26,old,BOS,DEN,0.005392030835827871
2025-26,old,BOS,DET,0.00700377165986193
2025-26,old,BOS,GSW,4.3983916635318974e-05
2025-26,old,BOS,HOU,2.289870723776905e-05
2025-26,old,BOS,IND,0.0018282703703650794
2025-26,old,BOS,LAC,0.0006164653066366811
2025-26,old,BOS,LAL,0.006772444725267288
2025-26,old,BOS,MEM,0.004789062517349899
2025-26,old,BOS,MIA,0.007496672933660762
2025-26,old,BOS,MIL,0.0008289332076875045
2025-26,old,BOS,MIN,0.004304148736429915
2025-26,old,BOS,NOP,0.0
2025-26,old,BOS,NYK,0.010962564796980618
2025-26,old,BOS,OKC,0.012965695621479815
2025-26,old,BOS,ORL,0.0
2025-26,old,BOS,PHI,0.008872439007416525
2025-26,old,BOS,PHX,0.0
2025-26,old,BOS,POR,0.013370817462558655
2025-26,old,BOS,SAC,0.0010888882615997272
2025-26,old,BOS,SAS,0.0366662179737689
2025-26,old,BOS,TOR,0.009672742109156925
2025-26,old,BOS,UTA,0.0018235452818595964
2025-26,old,BOS,WAS,0.001515894336405146
2025-26,old,CHA,ATL,0.006506735058561578
2025-26,old,CHA,BKN,0.0017608369217043938
2025-26,old,CHA,BOS,0.0034665948720167174
2025-26,old,CHA,CHI,0.004649675792534165
2025-26,old,CHA,CLE,0.0012887931314040108
2025-26,old,CHA,DAL,0.0007112806110211713
2025-26,old,CHA,DEN,0.005712277623294442
2025-26,old,CHA,DET,0.0033989763335758377
2025-26,old,CHA,GSW,0.009762901184098928
2025-26,old,CHA,HOU,3.690732813616894e-05
2025-26,old,CHA,IND,0.002062400501043466
2025-26,old,CHA,LAC,0.0004401227429665192
2025-26,old,CHA,LAL,0.0035763441817295784
2025-26,old,CHA,MEM,0.0350872844812693
2025-26,old,CHA,MIA,0.017364563551162976
2025-26,old,CHA,MIL,0.008622036682550217
2025-26,old,CHA,MIN,0.0037090518017468066
2025-26,old,CHA,NOP,0.0
2025-26,old,CHA,NYK,0.004517780283768003
2025-26,old,CHA,OKC,0.021814600028765885
2025-26,old,CHA,ORL,0.0
2025-26,old,CHA,PHI,0.03208193295923812
2025-26,old,CHA,PHX,0.0
2025-26,old,CHA,POR,0.012734263759692194
2025-26,old,CHA,SAC,0.0030297402502085157
2025-26,old,CHA,SAS,0.01829822167089803
2025-26,old,CHA,TOR,0.008131790837198711
2025-26,old,CHA,UTA,0.007633351324555655
2025-26,old,CHA,WAS,0.003570043143157942
2025-26,old,CHI,ATL,0.03813038800224854
2025-26,old,CHI,BKN,1.1113888824943754e-05
2025-26,old,CHI,BOS,0.004668103534134169
2025-26,old,CHI,CHA,0.0038714369728090003
2025-26,old,CHI,CLE,0.00870689655597932
2025-26,old,CHI,DAL,0.016822439931646456
2025-26,old,CHI,DEN,0.01316528442741842
2025-26,old,CHI,DET,0.014204741431528637
2025-26,old,CHI,GSW,0.0023664442583789073
2025-26,old,CHI,HOU,7.543103560676863e-06
2025-26,old,CHI,IND,3.534571856476836e-05
2025-26,old,CHI,LAC,0.00013928554655164558
2025-26,old,CHI,LAL,0.00957058414172681
2025-26,old,CHI,MEM,0.005034752486410128
2025-26,old,CHI,MIA,0.002938721693371069
2025-26,old,CHI,MIL,0.019245150063813114
2025-26,old,CHI,MIN,0.01110506471671999
2025-26,old,CHI,NOP,0.0
2025-26,old,CHI,NYK,0.00848023238227424
2025-26,old,CHI,OKC,0.006341996443209525
2025-26,old,CHI,ORL,0.0
2025-26,old,CHI,PHI,0.03279140205107298
2025-26,old,CHI,PHX,0.0
2025-26,old,CHI,POR,0.0009437924502053768
2025-26,old,CHI,SAC,2.8125748863990823e-06
2025-26,old,CHI,SAS,0.0027424569335838386
2025-26,old,CHI,TOR,0.0019467862969926668
2025-26,old,CHI,UTA,0.0013537176970215836
2025-26,old,CHI,WAS,0.00010479526327328822
2025-26,old,CLE,ATL,0.2315708523030706
2025-26,old,CLE,BKN,0.0004060402078318083
2025-26,old,CLE,BOS,0.021232758905931282
2025-26,old,CLE,CHA,0.03299554378847346
2025-26,old,CLE,CHI,0.0009843639187830048
2025-26,old,CLE,DAL,0.009638977685614778
2025-26,old,CLE,DEN,0.04276779345018307
2025-26,old,CLE,DET,0.02806115314557121
2025-26,old,CLE,GSW,0.0013351099165110278
2025-26,old,CLE,HOU,0.0
2025-26,old,CLE,IND,0.0040756653626203175
2025-26,old,CLE,LAC,0.002525466894345619
2025-26,old,CLE,LAL,0.03506850485718167
2025-26,old,CLE,MEM,0.03481842673825228
2025-26,old,CLE,MIA,0.0064695174156156115
2025-26,old,CLE,MIL,0.005720904816206991
2025-26,old,CLE,MIN,0.02175404109670941
2025-26,old,CLE,NOP,0.0
2025-26,old,CLE,NYK,0.04140137597065131
2025-26,old,CLE,OKC,0.025882815555260917
2025-26,old,CLE,ORL,0.0
2025-26,old,CLE,PHI,0.044953899418931346
2025-26,old,CLE,PHX,0.0
2025-26,old,CLE,POR,0.0012986376774892156
2025-26,old,CLE,SAC,0.0010552639625607415
2025-26,old,CLE,SAS,0.03156950472099384
2025-26,old,CLE,TOR,0.02601105993840614
2025-26,old,CLE,UTA,0.009345097079319112
2025-26,old,CLE,WAS,0.001550915907498384
2025-26,old,DAL,ATL,0.055693426706490995
2025-26,old,DAL,BKN,0.0006745589431599923
2025-26,old,DAL,BOS,0.003095905238216551
2025-26,old,DAL,CHA,0.011224788235607946
2025-26,old,DAL,CHI,0.047966180757013234
2025-26,old,DAL,CLE,0.0
2025-26,old,DAL,DEN,0.004741597486031935
2025-26,old,DAL,DET,0.0039022091143676232
2025-26,old,DAL,GSW,0.007157038708806239
2025-26,old,DAL,HOU,0.0
2025-26,old,DAL,IND,0.0004908057170275126
2025-26,old,DAL,LAC,0.0002724799003280337
2025-26,old,DAL,LAL,0.005228463125954316
2025-26,old,DAL,MEM,0.03431923465578464
2025-26,old,DAL,MIA,0.008125351815340078
2025-26,old,DAL,MIL,0.007113954811939038
2025-26,old,DAL,MIN,0.0005312500085183899
2025-26,old,DAL,NOP,0.0
2025-26,old,DAL,NYK,0.0060805494916396415
2025-26,old,DAL,OKC,0.037780369696078564
2025-26,old,DAL,ORL,0.0
2025-26,old,DAL,PHI,0.007047255871104
2025-26,old,DAL,PHX,0.0
2025-26,old,DAL,POR,0.011857077599867025
2025-26,old,DAL,SAC,0.0015800581777745005
2025-26,old,DAL,SAS,0.007124191740194561
2025-26,old,DAL,TOR,0.00411938518548365
2025-26,old,DAL,UTA,0.01821875016180927
2025-26,old,DAL,WAS,0.0014962284486532088
2025-26,old,DEN,ATL,0.02933593749291472
2025-26,old,DEN,BKN,0.0006951778252732597
2025-26,old,DEN,BOS,0.007752155332488875
2025-26,old,DEN,CHA,0.006503576310199133
2025-26,old,DEN,CHI,0.008552250448933202
2025-26,old,DEN,CLE,0.008544181038721881
2025-26,old,DEN,DAL,0.023242825855660794
2025-26,old,DEN,DET,0.016806034564506262
2025-26,old,DEN,GSW,0.0053044050422540266
2025-26,old,DEN,HOU,3.636853502469202e-05
2025-26,old,DEN,IND,0.00024738021037391214
2025-26,old,DEN,LAC,0.0001725882245443422
2025-26,old,DEN,LAL,0.024943793129758543
2025-26,old,DEN,MEM,0.005558459201028796
2025-26,old,DEN,MIA,0.003793449030996996
2025-26,old,DEN,MIL,0.0026107220731250097
2025-26,old,DEN,MIN,0.007200161709293626
2025-26,old,DEN,NOP,0.0
2025-26,old,DEN,NYK,0.0317589355655997
2025-26,old,DEN,OKC,0.035083554410745794
2025-26,old,DEN,ORL,0.0
2025-26,old,DEN,PHI,0.06380312584254058
2025-26,old,DEN,PHX,0.0
2025-26,old,DEN,POR,0.012934425615664085
2025-26,old,DEN,SAC,0.0026340030871817286
2025-26,old,DEN,SAS,0.0018981681454822365
2025-26,old,DEN,TOR,0.0038576820231200726
2025-26,old,DEN,UTA,4.121766768893676e-05
2025-26,old,DEN,WAS,0.0006640625147727027
2025-26,old,DET,ATL,0.05834455883680393
2025-26,old,DET,BKN,0.0011051441526442548
2025-26,old,DET,BOS,0.020759698543055302
2025-26,old,DET,CHA,0.0230612086602968
2025-26,old,DET,CHI,0.009463842655518811
2025-26,old,DET,CLE,0.029310344838665736
2025-26,old,DET,DAL,0.019250281904883485
2025-26,old,DET,DEN,0.013738892681750707
2025-26,old,DET,GSW,0.0006581669558147178
2025-26,old,DET,HOU,0.0
2025-26,old,DET,IND,0.0020835152103031713
2025-26,old,DET,LAC,0.0016158622489313497
2025-26,old,DET,LAL,0.00839665678913014
2025-26,old,DET,MEM,0.007853178967810077
2025-26,old,DET,MIA,0.011883429169525467
2025-26,old,DET,MIL,9.644396575007206e-05
2025-26,old,DET,MIN,0.06797117495652416
2025-26,old,DET,NOP,0.0
2025-26,old,DET,NYK,0.0170145476554673
2025-26,old,DET,OKC,0.04954061425997414
2025-26,old,DET,ORL,0.0
2025-26,old,DET,PHI,0.01905830643464067
2025-26,old,DET,PHX,0.0
2025-26,old,DET,POR,0.0003384090604712934
2025-26,old,DET,SAC,0.002065050179347397
2025-26,old,DET,SAS,0.018831357415002793
2025-26,old,DET,TOR,0.01894994580184734
2025-26,old,DET,UTA,0.0019612069453658725
2025-26,old,DET,WAS,0.001487877094588274
2025-26,old,GSW,ATL,0.011247036809438905
2025-26,old,GSW,BKN,0.0015479371138067263
2025-26,old,GSW,BOS,0.004313577670154387
2025-26,old,GSW,CHA,0.010426016599623214
2025-26,old,GSW,CHI,0.031638964736347225
2025-26,old,GSW,CLE,0.006173491390132955
2025-26,old,GSW,DAL,0.008628036447282926
2025-26,old,GSW,DEN,0.0061711869483713835
2025-26,old,GSW,DET,0.007438308271190057
2025-26,old,GSW,HOU,2.289870723776905e-05
2025-26,old,GSW,IND,0.00020804770485563043
2025-26,old,GSW,LAC,0.0009339891826777394
2025-26,old,GSW,LAL,0.006214531620202083
2025-26,old,GSW,MEM,0.01091998928025815
2025-26,old,GSW,MIA,0.0050102964989121946
2025-26,old,GSW,MIL,0.0018898168736707507
2025-26,old,GSW,MIN,0.007364493537782533
2025-26,old,GSW,NOP,0.0
2025-26,old,GSW,NYK,0.0033127800141970827
2025-26,old,GSW,OKC,0.017998411137826884
2025-26,old,GSW,ORL,0.0
2025-26,old,GSW,PHI,0.007772861644592953
2025-26,old,GSW,PHX,0.0
2025-26,old,GSW,POR,0.052061714873256684
2025-26,old,GSW,SAC,0.0020731338812149534
2025-26,old,GSW,SAS,0.005183189651298595
2025-26,old,GSW,TOR,0.0033874205397606293
2025-26,old,GSW,UTA,0.0058343211974715824
2025-26,old,GSW,WAS,9.159482889086142e-05
2025-26,old,HOU,ATL,0.01441514017554161
2025-26,old,HOU,BKN,0.000986516527755697
2025-26,old,HOU,BOS,0.013172413968031522
2025-26,old,HOU,CHA,0.007358347657821068
2025-26,old,HOU,CHI,0.0034936024150955466
2025-26,old,HOU,CLE,0.0020581896985270858
2025-26,old,HOU,DAL,0.0051267929514899006
2025-26,old,HOU,DEN,0.0186665933838845
2025-26,old,HOU,DET,0.018680765007678745
2025-26,old,HOU,GSW,0.001710214537973461
2025-26,old,HOU,IND,0.0032346057601600965
2025-26,old,HOU,LAC,0.0019804271667471685
2025-26,old,HOU,LAL,0.01630285622272161
2025-26,old,HOU,MEM,0.007276670225807628
2025-26,old,HOU,MIA,0.005777585197668432
2025-26,old,HOU,MIL,0.010377424709771854
2025-26,old,HOU,MIN,0.005766702688054246
2025-26,old,HOU,NOP,0.0
2025-26,old,HOU,NYK,0.015710129496752125
2025-26,old,HOU,OKC,0.02416355417083997
2025-26,old,HOU,ORL,0.0
2025-26,old,HOU,PHI,0.16139113998444984
2025-26,old,HOU,PHX,0.0
2025-26,old,HOU,POR,0.0027540951087458797
2025-26,old,HOU,SAC,0.0002256374406704393
2025-26,old,HOU,SAS,0.008071120688671664
2025-26,old,HOU,TOR,0.007216091959990305
2025-26,old,HOU,UTA,0.001093750003733319
2025-26,old,HOU,WAS,0.002713092670049358
2025-26,old,IND,ATL,0.002177801748561062
2025-26,old,IND,BKN,0.0027258244489821444
2025-26,old,IND,BOS,2.155172445907677e-06
2025-26,old,IND,CHA,0.011519705679130297
2025-26,old,IND,CHI,0.03986430817432976
2025-26,old,IND,CLE,0.0
2025-26,old,IND,DAL,0.0012872728685301201
2025-26,old,IND,DEN,0.00013049058817654895
2025-26,old,IND,DET,0.0003653017262896073
2025-26,old,IND,GSW,0.002936715761772364
2025-26,old,IND,HOU,0.0
2025-26,old,IND,LAC,0.015556433309545557
2025-26,old,IND,LAL,1.7283731022988945e-08
2025-26,old,IND,MEM,0.02877990309632753
2025-26,old,IND,MIA,0.009263187105625102
2025-26,old,IND,MIL,3.663791138839372e-05
2025-26,old,IND,MIN,0.000697198290988032
2025-26,old,IND,NOP,0.0
2025-26,old,IND,NYK,0.0025210130958201018
2025-26,old,IND,OKC,0.03531906786696595
2025-26,old,IND,ORL,0.0
2025-26,old,IND,PHI,0.0018813074937751994
2025-26,old,IND,PHX,0.0
2025-26,old,IND,POR,0.04422870740804678
2025-26,old,IND,SAC,0.0018060607227904162
2025-26,old,IND,SAS,0.00804903024789508
2025-26,old,IND,TOR,0.006484589586866951
2025-26,old,IND,UTA,0.004534752229108186
2025-26,old,IND,WAS,0.0036702588480768744
2025-26,old,LAC,ATL,0.017546336076439135
2025-26,old,LAC,BKN,0.0011818850467894323
2025-26,old,LAC,BOS,0.00391379316867297
2025-26,old,LAC,CHA,0.02673945636305916
2025-26,old,LAC,CHI,0.26017061326895186
2025-26,old,LAC,CLE,0.001252155196290977
2025-26,old,LAC,DAL,0.005525250000578099
2025-26,old,LAC,DEN,0.0046701136224760525
2025-26,old,LAC,DET,0.012129849064332468
2025-26,old,LAC,GSW,0.02531437247875869
2025-26,old,LAC,HOU,8.10883632772763e-05
2025-26,old,LAC,IND,2.3371183641942887e-05
2025-26,old,LAC,LAL,0.008119157211253464
2025-26,old,LAC,MEM,0.016560075552812942
2025-26,old,LAC,MIA,0.01707767091901812
2025-26,old,LAC,MIL,0.0030775863031559645
2025-26,old,LAC,MIN,0.001192079766027244
2025-26,old,LAC,NOP,0.0
2025-26,old,LAC,NYK,0.0072686804144228715
2025-26,old,LAC,OKC,0.17497497502053713
2025-26,old,LAC,ORL,0.0
2025-26,old,LAC,PHI,0.009297623750272219
2025-26,old,LAC,PHX,0.0
2025-26,old,LAC,POR,0.23279809895836656
2025-26,old,LAC,SAC,0.000684587460201933
2025-26,old,LAC,SAS,0.01064062484036248
2025-26,old,LAC,TOR,0.006413099179584367
2025-26,old,LAC,UTA,0.004263200508149599
2025-26,old,LAC,WAS,0.0013240842945303683
2025-26,old,LAL,ATL,0.06278933242940873
2025-26,old,LAL,BKN,0.0004581420213232286
2025-26,old,LAL,BOS,0.016822198266805765
2025-26,old,LAL,CHA,0.012179733649211237
2025-26,old,LAL,CHI,0.0007023601934301768
2025-26,old,LAL,CLE,0.0027693965448195045
2025-26,old,LAL,DAL,0.0030788776025266005
2025-26,old,LAL,DEN,0.016189810896647602
2025-26,old,LAL,DET,0.013453933301979902
2025-26,old,LAL,GSW,0.0008876216017255498
2025-26,old,LAL,HOU,1.4547414009876808e-05
2025-26,old,LAL,IND,0.0014793313616712552
2025-26,old,LAL,LAC,0.0013703174398318843
2025-26,old,LAL,MEM,0.006953663691769933
2025-26,old,LAL,MIA,0.0009619352276782117
2025-26,old,LAL,MIL,0.0011495151141746737
2025-26,old,LAL,MIN,0.007453933245671014
2025-26,old,LAL,NOP,0.0
2025-26,old,LAL,NYK,0.022688577429751788
2025-26,old,LAL,OKC,0.011336482490349593
2025-26,old,LAL,ORL,0.0
2025-26,old,LAL,PHI,0.01105788425446391
2025-26,old,LAL,PHX,0.0
2025-26,old,LAL,POR,0.0006599944931793124
2025-26,old,LAL,SAC,0.002502395611802219
2025-26,old,LAL,SAS,0.006608297464172837
2025-26,old,LAL,TOR,0.008265871918201884
2025-26,old,LAL,UTA,0.00563173495945601
2025-26,old,LAL,WAS,0.0029795257869810812
2025-26,old,MEM,ATL,0.008014008692236906
2025-26,old,MEM,BKN,0.0006766063428484085
2025-26,old,MEM,BOS,0.001446120720035557
2025-26,old,MEM,CHA,0.020505742860323656
2025-26,old,MEM,CHI,0.018968042655767698
2025-26,old,MEM,CLE,0.00011961207227331811
2025-26,old,MEM,DAL,0.021243365679347252
2025-26,old,MEM,DEN,0.009471002239459354
2025-26,old,MEM,DET,0.01747494607401113
2025-26,old,MEM,GSW,0.006638581343161938
2025-26,old,MEM,HOU,2.963362113123053e-05
2025-26,old,MEM,IND,0.0006093540199560813
2025-26,old,MEM,LAC,7.25489974180089e-05
2025-26,old,MEM,LAL,0.017430506414637115
2025-26,old,MEM,MIA,0.010215577890903537
2025-26,old,MEM,MIL,0.006592672665519154
2025-26,old,MEM,MIN,0.0008828125119907781
2025-26,old,MEM,NOP,0.0
2025-26,old,MEM,NYK,0.01555091589478278
2025-26,old,MEM,OKC,0.040709196423299676
2025-26,old,MEM,ORL,0.0
2025-26,old,MEM,PHI,0.03877619760045097
2025-26,old,MEM,PHX,0.0
2025-26,old,MEM,POR,0.014119305328058569
2025-26,old,MEM,SAC,0.0002475983912889804
2025-26,old,MEM,SAS,0.046972251922285574
2025-26,old,MEM,TOR,0.011532770330689944
2025-26,old,MEM,UTA,0.010834590704280661
2025-26,old,MEM,WAS,0.0004027477570544484
2025-26,old,MIA,ATL,0.03479310350444425
2025-26,old,MIA,BKN,0.0014187774876902762
2025-26,old,MIA,BOS,0.004880388000145041
2025-26,old,MIA,CHA,0.05272577420099168
2025-26,old,MIA,CHI,0.0028238667403844746
2025-26,old,MIA,CLE,0.005779094841443644
2025-26,old,MIA,DAL,0.002864031193114169
2025-26,old,MIA,DEN,0.009714977461221673
2025-26,old,MIA,DET,0.011803340547726138
2025-26,old,MIA,GSW,0.0032754294129786997
2025-26,old,MIA,HOU,7.543103560676863e-06
2025-26,old,MIA,IND,0.0017231094121248946
2025-26,old,MIA,LAC,0.002216660454875857
2025-26,old,MIA,LAL,0.004716549315578432
2025-26,old,MIA,MEM,0.029438308046685114
2025-26,old,MIA,MIL,0.0010565732311104141
2025-26,old,MIA,MIN,0.004509428933198596
2025-26,old,MIA,NOP,0.0
2025-26,old,MIA,NYK,0.01107192890107159
2025-26,old,MIA,OKC,0.03658734115775873
2025-26,old,MIA,ORL,0.0
2025-26,old,MIA,PHI,0.0070302862583286755
2025-26,old,MIA,PHX,0.0
2025-26,old,MIA,POR,0.0068545948149547255
2025-26,old,MIA,SAC,0.0015412066672497097
2025-26,old,MIA,SAS,0.016869612084079437
2025-26,old,MIA,TOR,0.01953172917887461
2025-26,old,MIA,UTA,0.002206357766067255
2025-26,old,MIA,WAS,0.001512661647344617
2025-26,old,MIL,ATL,0.024904095004111983
2025-26,old,MIL,BKN,0.0029548717488359685
2025-26,old,MIL,BOS,0.0031217673122240558
2025-26,old,MIL,CHA,0.010631086221227975
2025-26,old,MIL,CHI,0.07108780693975617
2025-26,old,MIL,CLE,0.00022413793461525754
2025-26,old,MIL,DAL,0.003841505126589999
2025-26,old,MIL,DEN,0.004044186463795578
2025-26,old,MIL,DET,0.003660829768632538
2025-26,old,MIL,GSW,0.0036110383181492765
2025-26,old,MIL,HOU,7.273707004938403e-06
2025-26,old,MIL,IND,0.002065683669240507
2025-26,old,MIL,LAC,0.0021644446433997902
2025-26,old,MIL,LAL,0.001976758373360459
2025-26,old,MIL,MEM,0.011096174698844873
2025-26,old,MIL,MIA,0.005557527998320739
2025-26,old,MIL,MIN,0.0008803879429489887
2025-26,old,MIL,NOP,0.0
2025-26,old,MIL,NYK,0.00040678880085108873
2025-26,old,MIL,OKC,0.04230249040483514
2025-26,old,MIL,ORL,0.0
2025-26,old,MIL,PHI,0.0036817882828753313
2025-26,old,MIL,PHX,0.0
2025-26,old,MIL,POR,0.044303287128116764
2025-26,old,MIL,SAC,0.003598404896850835
2025-26,old,MIL,SAS,0.008010506165747791
2025-26,old,MIL,TOR,0.002035023361235511
2025-26,old,MIL,UTA,0.000595635795917619
2025-26,old,MIL,WAS,0.002924568897759509
2025-26,old,MIN,ATL,0.014904364339148242
2025-26,old,MIN,BKN,6.368680624185212e-06
2025-26,old,MIN,BOS,0.006677801826133811
2025-26,old,MIN,CHA,0.01601625461655731
2025-26,old,MIN,CHI,0.013178341434445857
2025-26,old,MIN,CLE,0.0032575430973143926
2025-26,old,MIN,DAL,0.006381610133248282
2025-26,old,MIN,DEN,0.017839177811351022
2025-26,old,MIN,DET,0.050229795110925776
2025-26,old,MIN,GSW,0.0054099312115092535
2025-26,old,MIN,HOU,3.071120735418437e-05
2025-26,old,MIN,IND,1.387930624723285e-05
2025-26,old,MIN,LAC,9.26010282452096e-06
2025-26,old,MIN,LAL,0.016531861963531656
2025-26,old,MIN,MEM,0.052074353559894065
2025-26,old,MIN,MIA,0.010035081596695151
2025-26,old,MIN,MIL,0.001512931062025017
2025-26,old,MIN,NOP,0.0
2025-26,old,MIN,NYK,0.014169181196565
2025-26,old,MIN,OKC,0.04368612272847693
2025-26,old,MIN,ORL,0.0
2025-26,old,MIN,PHI,0.01587541471388178
2025-26,old,MIN,PHX,0.0
2025-26,old,MIN,POR,0.014511994748163287
2025-26,old,MIN,SAC,6.541501359585248e-06
2025-26,old,MIN,SAS,0.007757004231780543
2025-26,old,MIN,TOR,0.01411826192068387
2025-26,old,MIN,UTA,0.0006214978507366675
2025-26,old,MIN,WAS,0.00019127155860869925
2025-26,old,NOP,ATL,0.03187338336208306
2025-26,old,NOP,BKN,0.0013353664401632027
2025-26,old,NOP,BOS,0.00038469828303967595
2025-26,old,NOP,CHA,0.026503527685640564
2025-26,old,NOP,CHI,0.026951028039981666
2025-26,old,NOP,CLE,2.1551724459076758e-05
2025-26,old,NOP,DAL,0.010958752803043276
2025-26,old,NOP,DEN,0.0063782974832500535
2025-26,old,NOP,DET,0.0038332435676972543
2025-26,old,NOP,GSW,0.0047503891141409465
2025-26,old,NOP,HOU,1.4278017454138347e-05
2025-26,old,NOP,IND,0.0013564818727092867
2025-26,old,NOP,LAC,0.0008399649053190239
2025-26,old,NOP,LAL,0.0010897635591363148
2025-26,old,NOP,MEM,0.006384698368050966
2025-26,old,NOP,MIA,0.013680198322742747
2025-26,old,NOP,MIL,0.006062499966677116
2025-26,old,NOP,MIN,0.004922413868580718
2025-26,old,NOP,NYK,0.0028906249894052583
2025-26,old,NOP,OKC,0.047073671472772916
2025-26,old,NOP,ORL,0.0
2025-26,old,NOP,PHI,0.006459567219551421
2025-26,old,NOP,PHX,0.0
2025-26,old,NOP,POR,0.033663958108733495
2025-26,old,NOP,SAC,0.0010468636575402684
2025-26,old,NOP,SAS,0.012686422680392218
2025-26,old,NOP,TOR,0.0042854129827653974
2025-26,old,NOP,UTA,0.01614897638218124
2025-26,old,NOP,WAS,0.0017928340739032642
2025-26,old,NYK,ATL,0.023624192147640163
2025-26,old,NYK,BKN,0.0015146212299950784
2025-26,old,NYK,BOS,0.018131465818010402
2025-26,old,NYK,CHA,0.015811639317960136
2025-26,old,NYK,CHI,0.007155164458076658
2025-26,old,NYK,CLE,0.002635775882558062
2025-26,old,NYK,DAL,0.0068678542736762705
2025-26,old,NYK,DEN,0.015074886059620249
2025-26,old,NYK,DET,0.017635506549288103
2025-26,old,NYK,GSW,0.0020355237992210917
2025-26,old,NYK,HOU,0.0
2025-26,old,NYK,IND,0.00044416990987914155
2025-26,old,NYK,LAC,0.0002789366057483166
2025-26,old,NYK,LAL,0.021247782197246313
2025-26,old,NYK,MEM,0.006405441811938514
2025-26,old,NYK,MIA,0.007140754274647015
2025-26,old,NYK,MIL,0.0009318426755008068
2025-26,old,NYK,MIN,0.010689655261190515
2025-26,old,NYK,NOP,0.0
2025-26,old,NYK,OKC,0.035287348091050136
2025-26,old,NYK,ORL,0.0
2025-26,old,NYK,PHI,0.047930814895583665
2025-26,old,NYK,PHX,0.0
2025-26,old,NYK,POR,0.014116941538739028
2025-26,old,NYK,SAC,0.0008025318100854066
2025-26,old,NYK,SAS,0.008505657112430624
2025-26,old,NYK,TOR,0.004209784378284257
2025-26,old,NYK,UTA,3.636853502469203e-05
2025-26,old,NYK,WAS,0.0005864763028662779
2025-26,old,OKC,ATL,0.01092106696689935
2025-26,old,OKC,BKN,2.015420735040471e-06
2025-26,old,OKC,BOS,0.004073275936253627
2025-26,old,OKC,CHA,0.029715966645883947
2025-26,old,OKC,CHI,0.07359575561141317
2025-26,old,OKC,CLE,0.023448275852755746
2025-26,old,OKC,DAL,0.04198886768716394
2025-26,old,OKC,DEN,0.006667031315776238
2025-26,old,OKC,DET,0.012590517380017914
2025-26,old,OKC,GSW,0.0014064051163820922
2025-26,old,OKC,HOU,2.235991412629213e-05
2025-26,old,OKC,IND,5.377256646720636e-06
2025-26,old,OKC,LAC,5.969190392348775e-06
2025-26,old,OKC,LAL,0.009226071353740557
2025-26,old,OKC,MEM,0.020843211528202836
2025-26,old,OKC,MIA,0.014707049219747534
2025-26,old,OKC,MIL,0.007547143917643175
2025-26,old,OKC,MIN,0.012092133630227684
2025-26,old,OKC,NOP,0.0
2025-26,old,OKC,NYK,0.007305988142475614
2025-26,old,OKC,ORL,0.0
2025-26,old,OKC,PHI,0.008585319905951173
2025-26,old,OKC,PHX,0.0
2025-26,old,OKC,POR,0.09604888474856767
2025-26,old,OKC,SAC,1.8194875092401027e-06
2025-26,old,OKC,SAS,0.01129121766959574
2025-26,old,OKC,TOR,0.012687162020080156
2025-26,old,OKC,UTA,0.00029983836986879214
2025-26,old,OKC,WAS,0.00021497844874955206
2025-26,old,ORL,ATL,0.0323362067525259
2025-26,old,ORL,BKN,0.002674082751161866
2025-26,old,ORL,BOS,0.0062338362901535795
2025-26,old,ORL,CHA,0.04344929291221995
2025-26,old,ORL,CHI,0.003812261668653689
2025-26,old,ORL,CLE,3.34051729918554e-05
2025-26,old,ORL,DAL,0.0005360139997564843
2025-26,old,ORL,DEN,0.00593809584688661
2025-26,old,ORL,DET,0.029529902821422788
2025-26,old,ORL,GSW,0.009892223997903427
2025-26,old,ORL,HOU,6.707974237887639e-05
2025-26,old,ORL,IND,0.003277398880689994
2025-26,old,ORL,LAC,0.003148210447164475
2025-26,old,ORL,LAL,0.006133628603136222
2025-26,old,ORL,MEM,0.19105576527076126
2025-26,old,ORL,MIA,0.04107948023229412
2025-26,old,ORL,MIL,0.003932650812644639
2025-26,old,ORL,MIN,0.008850485081001634
2025-26,old,ORL,NOP,0.0
2025-26,old,ORL,NYK,0.011921802793290918
2025-26,old,ORL,OKC,0.04741814168906108
2025-26,old,ORL,PHI,0.012807955230641554
2025-26,old,ORL,PHX,0.0
2025-26,old,ORL,POR,0.009094918208292018
2025-26,old,ORL,SAC,0.0015972738150985698
2025-26,old,ORL,SAS,0.030776939792638836
2025-26,old,ORL,TOR,0.033111688794721254
2025-26,old,ORL,UTA,0.002931303876403975
2025-26,old,ORL,WAS,0.002165140059037967
2025-26,old,PHI,ATL,0.0007561961265585932
2025-26,old,PHI,BKN,0.001884763986183208
2025-26,old,PHI,BOS,0.003307112111340694
2025-26,old,PHI,CHA,0.038915563963993975
2025-26,old,PHI,CHI,0.02034602146375819
2025-26,old,PHI,CLE,0.013501077623122595
2025-26,old,PHI,DAL,0.007156410199289395
2025-26,old,PHI,DEN,0.0030463865968652862
2025-26,old,PHI,DET,0.004799569065337359
2025-26,old,PHI,GSW,0.0074556306587510975
2025-26,old,PHI,HOU,1.4816810565615267e-05
2025-26,old,PHI,IND,0.00022128567678472195
2025-26,old,PHI,LAC,3.501385806198251e-05
2025-26,old,PHI,LAL,0.0033986996344594774
2025-26,old,PHI,MEM,0.019456627332878396
2025-26,old,PHI,MIA,0.02836950596732314
2025-26,old,PHI,MIL,0.005089439833175458
2025-26,old,PHI,MIN,0.008558459171647978
2025-26,old,PHI,NOP,0.0
2025-26,old,PHI,NYK,0.0012338303679626304
2025-26,old,PHI,OKC,0.16710172109249158
2025-26,old,PHI,ORL,0.0
2025-26,old,PHI,PHX,0.0
2025-26,old,PHI,POR,0.005357391767254605
2025-26,old,PHI,SAC,4.1623671438188345e-07
2025-26,old,PHI,SAS,0.09475835115488233
2025-26,old,PHI,TOR,0.04048484817743508
2025-26,old,PHI,UTA,0.0032871768320910633
2025-26,old,PHI,WAS,0.0007578124468423553
2025-26,old,PHX,ATL,0.013706896394543387
2025-26,old,PHX,BKN,0.0011964087726524142
2025-26,old,PHX,BOS,0.001752155167211232
2025-26,old,PHX,CHA,0.08759653107433339
2025-26,old,PHX,CHI,0.007193644606390808
2025-26,old,PHX,CLE,0.015452586245434033
2025-26,old,PHX,DAL,0.004415052660973729
2025-26,old,PHX,DEN,0.008891278154270911
2025-26,old,PHX,DET,0.009152209184449648
2025-26,old,PHX,GSW,0.0070430773969391335
2025-26,old,PHX,HOU,0.00024892241750233647
2025-26,old,PHX,IND,0.0016912720304907225
2025-26,old,PHX,LAC,0.0005124735173862437
2025-26,old,PHX,LAL,0.008643990307544293
2025-26,old,PHX,MEM,0.06775296290132121
2025-26,old,PHX,MIA,0.01788689126187043
2025-26,old,PHX,MIL,0.002057112091048298
2025-26,old,PHX,MIN,0.012801993785301577
2025-26,old,PHX,NOP,0.0
2025-26,old,PHX,NYK,0.001242187489194924
2025-26,old,PHX,OKC,0.025661405359441846
2025-26,old,PHX,ORL,0.0
2025-26,old,PHX,PHI,0.0055201873713753204
2025-26,old,PHX,POR,0.010852522538000885
2025-26,old,PHX,SAC,1.3613614544568973e-06
2025-26,old,PHX,SAS,0.005692349265024452
2025-26,old,PHX,TOR,0.01705738697077732
2025-26,old,PHX,UTA,0.001827316760539141
2025-26,old,PHX,WAS,0.002293911672052766
2025-26,old,POR,ATL,0.002001885828072334
2025-26,old,POR,BKN,3.280180328924419e-05
2025-26,old,POR,BOS,0.0
2025-26,old,POR,CHA,0.011419070907162163
2025-26,old,POR,CHI,0.18336380057409574
2025-26,old,POR,CLE,0.0004116379350809187
2025-26,old,POR,DAL,0.00030280816793794947
2025-26,old,POR,DEN,0.0002397570875925162
2025-26,old,POR,DET,0.0005533405284573934
2025-26,old,POR,GSW,0.01631130364412366
2025-26,old,POR,HOU,7.004310449199944e-06
2025-26,old,POR,IND,0.00010130883863159208
2025-26,old,POR,LAC,0.0004047683964925207
2025-26,old,POR,LAL,9.56349127653879e-05
2025-26,old,POR,MEM,0.005572198372583129
2025-26,old,POR,MIA,0.013877097061385967
2025-26,old,POR,MIL,0.0008327047279152766
2025-26,old,POR,MIN,0.0009835668299186585
2025-26,old,POR,NOP,0.0
2025-26,old,POR,NYK,7.81250011641532e-06
2025-26,old,POR,OKC,0.08899718703628831
2025-26,old,POR,ORL,0.0
2025-26,old,POR,PHI,0.0008117323911770668
2025-26,old,POR,PHX,0.0
2025-26,old,POR,SAC,0.002196726686846913
2025-26,old,POR,SAS,0.007066271313012512
2025-26,old,POR,TOR,0.006468464876444896
2025-26,old,POR,UTA,0.003939655263856021
2025-26,old,POR,WAS,0.0008151939340489745
2025-26,old,SAC,ATL,0.0021823813404149273
2025-26,old,SAC,BKN,0.006309217859812243
2025-26,old,SAC,BOS,0.00011206896718719909
2025-26,old,SAC,CHA,0.02948364186565772
2025-26,old,SAC,CHI,0.007210805245358118
2025-26,old,SAC,CLE,3.2327586688615144e-06
2025-26,old,SAC,DAL,0.006175281294243997
2025-26,old,SAC,DEN,0.003971136975030887
2025-26,old,SAC,DET,0.0030334052280322175
2025-26,old,SAC,GSW,0.008740143003589742
2025-26,old,SAC,HOU,2.2629310682030588e-05
2025-26,old,SAC,IND,0.00412396869843168
2025-26,old,SAC,LAC,0.001413393458989949
2025-26,old,SAC,LAL,0.005082311986523706
2025-26,old,SAC,MEM,0.04045959050449993
2025-26,old,SAC,MIA,0.014187870385119773
2025-26,old,SAC,MIL,0.004145474069759828
2025-26,old,SAC,MIN,0.005807650980684136
2025-26,old,SAC,NOP,0.0
2025-26,old,SAC,NYK,0.001581041535489729
2025-26,old,SAC,OKC,0.05829429675536292
2025-26,old,SAC,ORL,0.0
2025-26,old,SAC,PHI,0.0033842475512829194
2025-26,old,SAC,PHX,0.0
2025-26,old,SAC,POR,0.008207392156507034
2025-26,old,SAC,SAS,0.01596794160066879
2025-26,old,SAC,TOR,0.011030539431440365
2025-26,old,SAC,UTA,0.011063038882988119
2025-26,old,SAC,WAS,0.005083512806791231
2025-26,old,SAS,ATL,0.016516433197338587
2025-26,old,SAS,BKN,4.4669836613630226e-07
2025-26,old,SAS,BOS,0.0069428879599054815
2025-26,old,SAS,CHA,0.060398450661293755
2025-26,old,SAS,CHI,0.032968168116969426
2025-26,old,SAS,CLE,0.046907327656216656
2025-26,old,SAS,DAL,0.014673744847602092
2025-26,old,SAS,DEN,0.006793405062065135
2025-26,old,SAS,DET,0.010348599231540996
2025-26,old,SAS,GSW,0.006089126997464777
2025-26,old,SAS,HOU,0.0002268318999317828
2025-26,old,SAS,IND,2.577461841417871e-06
2025-26,old,SAS,LAC,2.287039833511691e-06
2025-26,old,SAS,LAL,0.009704719902130912
2025-26,old,SAS,MEM,0.028565193904154327
2025-26,old,SAS,MIA,0.014980375309786232
2025-26,old,SAS,MIL,0.00045554957671717204
2025-26,old,SAS,MIN,0.020551185520839524
2025-26,old,SAS,NOP,0.0
2025-26,old,SAS,NYK,0.010826213777054361
2025-26,old,SAS,OKC,0.05163287332126283
2025-26,old,SAS,ORL,0.0
2025-26,old,SAS,PHI,0.014709805320813932
2025-26,old,SAS,PHX,0.0
2025-26,old,SAS,POR,0.005957964636744972
2025-26,old,SAS,SAC,5.17468508900312e-07
2025-26,old,SAS,TOR,0.015918391794767055
2025-26,old,SAS,UTA,7.219827693790712e-05
2025-26,old,SAS,WAS,0.0002130926808077393
2025-26,old,TOR,ATL,0.019144127365294045
2025-26,old,TOR,BKN,0.0015018501473834352
2025-26,old,TOR,BOS,0.0052532328206821004
2025-26,old,TOR,CHA,0.044906929472511986
2025-26,old,TOR,CHI,0.0006455179077011453
2025-26,old,TOR,CLE,0.006170258653462575
2025-26,old,TOR,DAL,0.00955247920232675
2025-26,old,TOR,DEN,0.006122384770343687
2025-26,old,TOR,DET,0.008850754411622141
2025-26,old,TOR,GSW,0.003108298982551983
2025-26,old,TOR,HOU,7.543103560676863e-06
2025-26,old,TOR,IND,0.00023767939714988497
2025-26,old,TOR,LAC,0.00026952462200913397
2025-26,old,TOR,LAL,0.005560898487626954
2025-26,old,TOR,MEM,0.014000269660649923
2025-26,old,TOR,MIA,0.030456258358417188
2025-26,old,TOR,MIL,0.006184536640989946
2025-26,old,TOR,MIN,0.024532597279738118
2025-26,old,TOR,NOP,0.0
2025-26,old,TOR,NYK,0.0019384758163467797
2025-26,old,TOR,OKC,0.04958378667756313
2025-26,old,TOR,ORL,0.0
2025-26,old,TOR,PHI,0.01260839675843468
2025-26,old,TOR,PHX,0.0
2025-26,old,TOR,POR,0.0016809718037657216
2025-26,old,TOR,SAC,0.0026491038691208394
2025-26,old,TOR,SAS,0.03240517273715873
2025-26,old,TOR,UTA,0.011072467724965274
2025-26,old,TOR,WAS,0.0004113685262413567
2025-26,old,UTA,ATL,0.019657596923683872
2025-26,old,UTA,BKN,0.006410516079377867
2025-26,old,UTA,BOS,0.006268319064943955
2025-26,old,UTA,CHA,0.01488882691380517
2025-26,old,UTA,CHI,0.010856252871479104
2025-26,old,UTA,CLE,0.0007607758773394441
2025-26,old,UTA,DAL,0.015058361324568054
2025-26,old,UTA,DEN,0.007139017252200039
2025-26,old,UTA,DET,0.012619881705372947
2025-26,old,UTA,GSW,0.0014239289739391772
2025-26,old,UTA,HOU,0.0
2025-26,old,UTA,IND,0.006210479734303926
2025-26,old,UTA,LAC,0.00400000756406117
2025-26,old,UTA,LAL,0.010338586344438034
2025-26,old,UTA,MEM,0.009400053935241886
2025-26,old,UTA,MIA,0.006429391819658368
2025-26,old,UTA,MIL,0.001211745729950931
2025-26,old,UTA,MIN,0.0028925108298025063
2025-26,old,UTA,NOP,0.0
2025-26,old,UTA,NYK,0.009568157549159182
2025-26,old,UTA,OKC,0.08414421998646647
2025-26,old,UTA,ORL,0.0
2025-26,old,UTA,PHI,0.03823580946125814
2025-26,old,UTA,PHX,0.0
2025-26,old,UTA,POR,0.0019433823205931957
2025-26,old,UTA,SAC,0.008828779301291466
2025-26,old,UTA,SAS,0.007843480729096538
2025-26,old,UTA,TOR,0.0028392903298331846
2025-26,old,UTA,WAS,0.006140355521206871
2025-26,old,WAS,ATL,0.0011357759689944317
2025-26,old,WAS,BKN,0.005507479861202029
2025-26,old,WAS,BOS,0.0023200431159408437
2025-26,old,WAS,CHA,0.01612049339544055
2025-26,old,WAS,CHI,0.00423947640879525
2025-26,old,WAS,CLE,0.002381465501585525
2025-26,old,WAS,DAL,0.0018889581086865112
2025-26,old,WAS,DEN,0.00038524504111806126
2025-26,old,WAS,DET,0.0004412715596644658
2025-26,old,WAS,GSW,0.002509406966208192
2025-26,old,WAS,HOU,0.0
2025-26,old,WAS,IND,0.0027646884640785694
2025-26,old,WAS,LAC,0.017891768472525736
2025-26,old,WAS,LAL,0.001110613888527624
2025-26,old,WAS,MEM,0.032816271634093994
2025-26,old,WAS,MIA,0.005594969546870318
2025-26,old,WAS,MIL,0.0013650323062581176
2025-26,old,WAS,MIN,0.006516702658926331
2025-26,old,WAS,NOP,0.0
2025-26,old,WAS,NYK,0.006306842917809525
2025-26,old,WAS,OKC,0.01850340477596183
2025-26,old,WAS,ORL,0.0
2025-26,old,WAS,PHI,0.001587147602364473
2025-26,old,WAS,PHX,0.0
2025-26,old,WAS,POR,0.009907335209857608
2025-26,old,WAS,SAC,0.004586198593901351
2025-26,old,WAS,SAS,0.005396012900425281
2025-26,old,WAS,TOR,0.003924666614404548
2025-26,old,WAS,UTA,0.00841675657279195
