season,rule,game_team,holder,weight
2020-21,new,ATL,BKN,0.007078663840215527
2020-21,new,ATL,BOS,0.030220858827203493
2020-21,new,ATL,CHA,0.04863134439032984
2020-21,new,ATL,CHI,0.0006817697959874832
2020-21,new,ATL,CLE,0.00010810119500374963
2020-21,new,ATL,DAL,0.0
2020-21,new,ATL,DEN,0.007124304766512069
2020-21,new,ATL,DET,5.65732767050765e-06
2020-21,new,ATL,GSW,0.007406648207418374
2020-21,new,ATL,HOU,0.03687311444180648
2020-21,new,ATL,IND,0.048213363663084124
2020-21,new,ATL,LAC,0.007578124969049584
2020-21,new,ATL,LAL,0.022252558727225178
2020-21,new,ATL,MEM,0.01830415233442769
2020-21,new,ATL,MIA,0.0
2020-21,new,ATL,MIL,0.0
2020-21,new,ATL,MIN,0.004353837728450218
2020-21,new,ATL,NOP,7.341398319975524e-05
2020-21,new,ATL,NYK,0.07130617540290579
2020-21,new,ATL,OKC,0.015443696349373502
2020-21,new,ATL,ORL,0.002158276750416234
2020-21,new,ATL,PHI,3.8793104026338155e-05
2020-21,new,ATL,PHX,0.002191810370904618
2020-21,new,ATL,POR,0.0003731142265665956
2020-21,new,ATL,SAC,0.004861581355200502
2020-21,new,ATL,SAS,0.005263688746645049
2020-21,new,ATL,TOR,0.00038531432289566923
2020-21,new,ATL,UTA,0.0007834051897074898
2020-21,new,ATL,WAS,0.0008887913825467344
2020-21,new,BKN,ATL,0.010660247129865475
2020-21,new,BKN,BOS,0.0060423730888149
2020-21,new,BKN,CHA,0.013532002157739524
2020-21,new,BKN,CHI,4.380599986532239e-05
2020-21,new,BKN,CLE,1.020307637580917e-05
2020-21,new,BKN,DAL,0.0
2020-21,new,BKN,DEN,0.051033905540709745
2020-21,new,BKN,DET,7.758621208706938e-05
2020-21,new,BKN,GSW,0.004971904513249448
2020-21,new,BKN,HOU,0.08160695098272268
2020-21,new,BKN,IND,0.015618704920093155
2020-21,new,BKN,LAC,0.05312392269253152
2020-21,new,BKN,LAL,0.008971341219789009
2020-21,new,BKN,MEM,0.015280427649775004
2020-21,new,BKN,MIA,0.0
2020-21,new,BKN,MIL,0.0
2020-21,new,BKN,MIN,1.3009672154645348e-05
2020-21,new,BKN,NOP,0.016950076986153632
2020-21,new,BKN,NYK,0.03142175206473149
2020-21,new,BKN,OKC,0.02552532325344208
2020-21,new,BKN,ORL,0.00021707980951807005
2020-21,new,BKN,PHI,0.024440732819815007
2020-21,new,BKN,PHX,0.017070043169620353
2020-21,new,BKN,POR,0.010306573442287807
2020-21,new,BKN,SAC,0.000596244571987159
2020-21,new,BKN,SAS,0.004046980053756108
2020-21,new,BKN,TOR,3.033930953993904e-05
2020-21,new,BKN,UTA,0.0033491379760430553
2020-21,new,BKN,WAS,0.0003185186790756013
2020-21,new,BOS,ATL,0.05668113294905321
2020-21,new,BOS,BKN,0.00562284488696605
2020-21,new,BOS,CHA,0.023249872060487432
2020-21,new,BOS,CHI,0.0036602150085016574
2020-21,new,BOS,CLE,4.108958204236344e-05
2020-21,new,BOS,DAL,0.0
2020-21,new,BOS,DEN,0.005774249342608402
2020-21,new,BOS,DET,0.0007327586717317516
2020-21,new,BOS,GSW,0.004170917775652137
2020-21,new,BOS,HOU,0.04915032270199876
2020-21,new,BOS,IND,0.026024654372496226
2020-21,new,BOS,LAC,0.009113685356830409
2020-21,new,BOS,LAL,0.009073158227037857
2020-21,new,BOS,MEM,0.009155771278644493
2020-21,new,BOS,MIA,0.0
2020-21,new,BOS,MIL,0.0
2020-21,new,BOS,MIN,0.001472145750731215
2020-21,new,BOS,NOP,0.0032557087832790405
2020-21,new,BOS,NYK,0.048355301117417857
2020-21,new,BOS,OKC,0.020627693989522883
2020-21,new,BOS,ORL,0.004736118850817954
2020-21,new,BOS,PHI,0.0037543103646422767
2020-21,new,BOS,PHX,0.0038318965812856017
2020-21,new,BOS,POR,0.015110722120473933
2020-21,new,BOS,SAC,0.003621030996870175
2020-21,new,BOS,SAS,0.003322031793325997
2020-21,new,BOS,TOR,0.0016117745998665922
2020-21,new,BOS,UTA,0.0033318965654852315
2020-21,new,BOS,WAS,0.0011105007822938017
2020-21,new,CHA,ATL,0.011942382275233483
2020-21,new,CHA,BKN,3.9870690811297004e-05
2020-21,new,CHA,BOS,0.03420156320589664
2020-21,new,CHA,CHI,0.003355010797695285
2020-21,new,CHA,CLE,0.000657072776510114
2020-21,new,CHA,DAL,0.0
2020-21,new,CHA,DEN,0.0007152620499736783
2020-21,new,CHA,DET,0.0004490840936015391
2020-21,new,CHA,GSW,0.00434299677737363
2020-21,new,CHA,HOU,0.021140536140000193
2020-21,new,CHA,IND,0.05608212967162876
2020-21,new,CHA,LAC,7.004310499378964e-05
2020-21,new,CHA,LAL,0.0036372494684712604
2020-21,new,CHA,MEM,0.009907669324647933
2020-21,new,CHA,MIA,0.0
2020-21,new,CHA,MIL,2.5423162236432388e-05
2020-21,new,CHA,MIN,0.0031526493290993576
2020-21,new,CHA,NOP,0.0020551598366462783
2020-21,new,CHA,NYK,0.031825651675545005
2020-21,new,CHA,OKC,0.01624164916637177
2020-21,new,CHA,ORL,0.004799466293569518
2020-21,new,CHA,PHI,2.155172445907677e-06
2020-21,new,CHA,PHX,4.310344891815354e-06
2020-21,new,CHA,POR,0.00013065732953315283
2020-21,new,CHA,SAC,0.00026098211359828935
2020-21,new,CHA,SAS,0.000985861133232058
2020-21,new,CHA,TOR,0.0025459130332491937
2020-21,new,CHA,UTA,0.0
2020-21,new,CHA,WAS,0.018628205869625943
2020-21,new,CHI,ATL,0.013225825908192318
2020-21,new,CHI,BKN,0.0029385775766849254
2020-21,new,CHI,BOS,0.021610067756368388
2020-21,new,CHI,CHA,0.016062815679634565
2020-21,new,CHI,CLE,0.001976602262659104
2020-21,new,CHI,DAL,0.0
2020-21,new,CHI,DEN,0.009396146348998153
2020-21,new,CHI,DET,0.0031691809808875523
2020-21,new,CHI,GSW,0.0019487115930334755
2020-21,new,CHI,HOU,0.05641705630963331
2020-21,new,CHI,IND,0.028464037466006686
2020-21,new,CHI,LAC,0.002546874964509383
2020-21,new,CHI,LAL,0.0033324501458693694
2020-21,new,CHI,MEM,0.007897307921263676
2020-21,new,CHI,MIA,0.0
2020-21,new,CHI,MIL,1.6948774824288258e-05
2020-21,new,CHI,MIN,0.0007594593208137542
2020-21,new,CHI,NOP,0.0023060488397345733
2020-21,new,CHI,NYK,0.0357152357533957
2020-21,new,CHI,OKC,0.030198275869238542
2020-21,new,CHI,ORL,0.023507079431807187
2020-21,new,CHI,PHI,0.001877155162169244
2020-21,new,CHI,PHX,0.0009848951394349948
2020-21,new,CHI,POR,8.485991439525168e-05
2020-21,new,CHI,SAC,0.003126666076833493
2020-21,new,CHI,SAS,0.004795453613643447
2020-21,new,CHI,TOR,0.01672991011400554
2020-21,new,CHI,UTA,0.0
2020-21,new,CHI,WAS,0.013656716451872539
2020-21,new,CLE,ATL,0.004742564385913509
2020-21,new,CLE,BKN,0.0014870689859099943
2020-21,new,CLE,BOS,0.0067404551918438015
2020-21,new,CLE,CHA,0.007055389654370353
2020-21,new,CLE,CHI,0.01323893369842409
2020-21,new,CLE,DAL,0.0
2020-21,new,CLE,DEN,0.017926614764708707
2020-21,new,CLE,DET,0.0035886318995095464
2020-21,new,CLE,GSW,0.0047304052377509
2020-21,new,CLE,HOU,0.024260386872940284
2020-21,new,CLE,IND,0.012727262355460869
2020-21,new,CLE,LAC,0.01890732753186904
2020-21,new,CLE,LAL,0.00040426189190050863
2020-21,new,CLE,MEM,0.002691188972432472
2020-21,new,CLE,MIA,0.0
2020-21,new,CLE,MIL,8.474387412144129e-06
2020-21,new,CLE,MIN,0.006570714768179736
2020-21,new,CLE,NOP,0.002782677095682314
2020-21,new,CLE,NYK,0.011802291467264898
2020-21,new,CLE,OKC,0.012104526124091753
2020-21,new,CLE,ORL,0.009298872095081888
2020-21,new,CLE,PHI,0.007529094883658249
2020-21,new,CLE,PHX,0.0009288328522726947
2020-21,new,CLE,POR,0.0009345366551685309
2020-21,new,CLE,SAC,0.0022733598701226987
2020-21,new,CLE,SAS,0.002206104264780288
2020-21,new,CLE,TOR,0.005258600921437439
2020-21,new,CLE,UTA,0.00756896553239946
2020-21,new,CLE,WAS,0.005650014130170104
2020-21,new,DAL,ATL,0.027366657350307674
2020-21,new,DAL,BKN,0.0037087823083656354
2020-21,new,DAL,BOS,0.03802743290525032
2020-21,new,DAL,CHA,0.007991434811647175
2020-21,new,DAL,CHI,0.0004118763930728948
2020-21,new,DAL,CLE,2.1567102435618563e-05
2020-21,new,DAL,DEN,0.008036466523276053
2020-21,new,DAL,DET,2.370689582111763e-05
2020-21,new,DAL,GSW,0.020985127166503918
2020-21,new,DAL,HOU,0.06309051707579659
2020-21,new,DAL,IND,0.01503705285424889
2020-21,new,DAL,LAC,0.0025932111701494533
2020-21,new,DAL,LAL,0.04277379268808594
2020-21,new,DAL,MEM,0.03904470179687292
2020-21,new,DAL,MIA,0.0
2020-21,new,DAL,MIL,0.0
2020-21,new,DAL,MIN,2.9593146852895535e-06
2020-21,new,DAL,NOP,0.018235361108649855
2020-21,new,DAL,NYK,0.36406603136060106
2020-21,new,DAL,OKC,0.021582705104113396
2020-21,new,DAL,ORL,4.656718612065348e-05
2020-21,new,DAL,PHI,0.0008157327768778235
2020-21,new,DAL,PHX,0.001094639866241131
2020-21,new,DAL,POR,0.0782966067572927
2020-21,new,DAL,SAC,0.0017026525729743113
2020-21,new,DAL,SAS,0.013811557295104752
2020-21,new,DAL,TOR,0.0006708502517568016
2020-21,new,DAL,UTA,4.094827647224583e-05
2020-21,new,DAL,WAS,0.0002310002170307943
2020-21,new,DEN,ATL,0.02056027385023921
2020-21,new,DEN,BKN,0.02891864227169145
2020-21,new,DEN,BOS,0.010371115346423883
2020-21,new,DEN,CHA,0.010712455721714077
2020-21,new,DEN,CHI,0.0004212692061157903
2020-21,new,DEN,CLE,0.00025431491635290215
2020-21,new,DEN,DAL,0.0
2020-21,new,DEN,DET,0.0
2020-21,new,DEN,GSW,0.009635595604716258
2020-21,new,DEN,HOU,0.0725730070398703
2020-21,new,DEN,IND,0.0074216474441610785
2020-21,new,DEN,LAC,0.028439116742068532
2020-21,new,DEN,LAL,0.06023051886330701
2020-21,new,DEN,MEM,0.0036559613046882027
2020-21,new,DEN,MIA,0.0
2020-21,new,DEN,MIL,0.0
2020-21,new,DEN,MIN,0.00019115234264283003
2020-21,new,DEN,NOP,0.05941304369169023
2020-21,new,DEN,NYK,0.03256534134518661
2020-21,new,DEN,OKC,0.01620716605941636
2020-21,new,DEN,ORL,0.0007423386121605946
2020-21,new,DEN,PHI,0.012914870810566534
2020-21,new,DEN,PHX,0.0047408441832170675
2020-21,new,DEN,POR,0.007402209162748226
2020-21,new,DEN,SAC,7.000273619817973e-05
2020-21,new,DEN,SAS,0.0004894435077378524
2020-21,new,DEN,TOR,7.510639907405807e-05
2020-21,new,DEN,UTA,0.0001702586235478521
2020-21,new,DEN,WAS,0.0011444170158612342
2020-21,new,DET,ATL,0.004479048024279327
2020-21,new,DET,BKN,0.00963793107284361
2020-21,new,DET,BOS,0.007455621173884631
2020-21,new,DET,CHA,0.0054519074866004975
2020-21,new,DET,CHI,0.009870634749696837
2020-21,new,DET,CLE,0.002957748412083111
2020-21,new,DET,DAL,0.0
2020-21,new,DET,DEN,0.006238692265998137
2020-21,new,DET,GSW,0.01007024518464793
2020-21,new,DET,HOU,0.031285021087688644
2020-21,new,DET,IND,0.01991622738951086
2020-21,new,DET,LAC,0.014178609947075843
2020-21,new,DET,LAL,0.014360911401269808
2020-21,new,DET,MEM,0.01438991338144582
2020-21,new,DET,MIA,0.0
2020-21,new,DET,MIL,0.0
2020-21,new,DET,MIN,0.013865078290558622
2020-21,new,DET,NOP,0.012837584993696397
2020-21,new,DET,NYK,0.032391516738919726
2020-21,new,DET,OKC,0.007892241991257522
2020-21,new,DET,ORL,0.01888492861501914
2020-21,new,DET,PHI,0.008845905232050554
2020-21,new,DET,PHX,0.00935291313251645
2020-21,new,DET,POR,0.004441541034190369
2020-21,new,DET,SAC,0.0016753176584959587
2020-21,new,DET,SAS,0.0010247528247089785
2020-21,new,DET,TOR,0.0012622229554157297
2020-21,new,DET,UTA,0.0010808189819438447
2020-21,new,DET,WAS,0.019622768266751252
2020-21,new,GSW,ATL,0.0021863001212414023
2020-21,new,GSW,BKN,0.004425646574798457
2020-21,new,GSW,BOS,0.0028791390848076064
2020-21,new,GSW,CHA,0.0015468195381330347
2020-21,new,GSW,CHI,0.006315236268984367
2020-21,new,GSW,CLE,0.0019871734465456738
2020-21,new,GSW,DAL,0.0
2020-21,new,GSW,DEN,0.004810434819000284
2020-21,new,GSW,DET,0.00253960135384816
2020-21,new,GSW,HOU,0.03280360981884235
2020-21,new,GSW,IND,0.0014503280101559155
2020-21,new,GSW,LAC,0.004410829751427157
2020-21,new,GSW,LAL,0.004232407992747914
2020-21,new,GSW,MEM,0.08669308459007505
2020-21,new,GSW,MIA,0.0
2020-21,new,GSW,MIL,0.0
2020-21,new,GSW,MIN,0.004612110056921603
2020-21,new,GSW,NOP,0.019439667052178058
2020-21,new,GSW,NYK,0.005906027619196452
2020-21,new,GSW,OKC,0.014563577497931968
2020-21,new,GSW,ORL,0.007253814870353691
2020-21,new,GSW,PHI,0.004317887943109561
2020-21,new,GSW,PHX,0.0034906467388306143
2020-21,new,GSW,POR,0.016261314945516244
2020-21,new,GSW,SAC,0.014045046993811424
2020-21,new,GSW,SAS,0.02920117332034841
2020-21,new,GSW,TOR,0.00474225010700642
2020-21,new,GSW,UTA,0.0002122844868853431
2020-21,new,GSW,WAS,0.0027982460999710136
2020-21,new,HOU,ATL,0.019962487746669078
2020-21,new,HOU,BKN,1.0775862229538386e-06
2020-21,new,HOU,BOS,0.003717459266327625
2020-21,new,HOU,CHA,0.014528006238791823
2020-21,new,HOU,CHI,0.0010525431729362922
2020-21,new,HOU,CLE,0.0002605999254802392
2020-21,new,HOU,DAL,0.0
2020-21,new,HOU,DEN,0.00029922900699904753
2020-21,new,HOU,DET,0.0035242456944000996
2020-21,new,HOU,GSW,0.0062200048230227675
2020-21,new,HOU,IND,0.010906523231724424
2020-21,new,HOU,LAC,0.00018884698493036855
2020-21,new,HOU,LAL,0.004285812765606234
2020-21,new,HOU,MEM,0.003992128411742936
2020-21,new,HOU,MIA,0.0
2020-21,new,HOU,MIL,8.474387412144129e-06
2020-21,new,HOU,MIN,0.0010124721673294295
2020-21,new,HOU,NOP,0.03098685815696795
2020-21,new,HOU,NYK,0.06821046486408922
2020-21,new,HOU,OKC,0.014348599328438688
2020-21,new,HOU,ORL,0.0012832576130037895
2020-21,new,HOU,PHI,0.0015463361880292412
2020-21,new,HOU,PHX,0.008356145872350118
2020-21,new,HOU,POR,0.04459428903634723
2020-21,new,HOU,SAC,0.006417348334648816
2020-21,new,HOU,SAS,0.015869799080133123
2020-21,new,HOU,TOR,0.0003895342975278125
2020-21,new,HOU,UTA,0.0
2020-21,new,HOU,WAS,0.0005092194975775289
2020-21,new,IND,ATL,0.015812018673471175
2020-21,new,IND,BKN,1.616379334430756e-05
2020-21,new,IND,BOS,0.025982907263019956
2020-21,new,IND,CHA,0.03228231747419104
2020-21,new,IND,CHI,0.0029997890856511083
2020-21,new,IND,CLE,0.0008909132703448403
2020-21,new,IND,DAL,0.0
2020-21,new,IND,DEN,0.00032533772008819565
2020-21,new,IND,DET,0.0003278556183494372
2020-21,new,IND,GSW,0.0007124861775727955
2020-21,new,IND,HOU,0.009269007685160716
2020-21,new,IND,LAC,7.596982891896165e-05
2020-21,new,IND,LAL,0.0019529202278298764
2020-21,new,IND,MEM,0.0037637217668737124
2020-21,new,IND,MIA,0.0
2020-21,new,IND,MIL,1.6948774824288258e-05
2020-21,new,IND,MIN,9.056791017157637e-05
2020-21,new,IND,NOP,0.0001149802654492852
2020-21,new,IND,NYK,0.049916960080270925
2020-21,new,IND,OKC,0.01517510795195041
2020-21,new,IND,ORL,0.006522602529911161
2020-21,new,IND,PHI,1.0775862229538386e-06
2020-21,new,IND,PHX,1.1853448452492212e-05
2020-21,new,IND,POR,5.4956897370645715e-05
2020-21,new,IND,SAC,0.00017377298561617897
2020-21,new,IND,SAS,0.0007597625281986743
2020-21,new,IND,TOR,0.004779847838956988
2020-21,new,IND,UTA,0.0
2020-21,new,IND,WAS,0.0011721390470031839
2020-21,new,LAC,ATL,0.0016678348074969796
2020-21,new,LAC,BKN,0.0498494073406167
2020-21,new,LAC,BOS,0.0011274912383431135
2020-21,new,LAC,CHA,0.0021050464377721603
2020-21,new,LAC,CHI,0.0004832339270938221
2020-21,new,LAC,CLE,0.0004077502210475361
2020-21,new,LAC,DAL,0.0
2020-21,new,LAC,DEN,0.038054830077259724
2020-21,new,LAC,DET,0.0018168103688492852
2020-21,new,LAC,GSW,0.009621430824616112
2020-21,new,LAC,HOU,0.06834659368641763
2020-21,new,LAC,IND,0.0028337244454776883
2020-21,new,LAC,LAL,0.010428621024879754
2020-21,new,LAC,MEM,0.013632390666486657
2020-21,new,LAC,MIA,0.0
2020-21,new,LAC,MIL,0.0
2020-21,new,LAC,MIN,0.0014410080226963176
2020-21,new,LAC,NOP,0.007777079314199643
2020-21,new,LAC,NYK,0.008629180332334981
2020-21,new,LAC,OKC,0.0026004849167958156
2020-21,new,LAC,ORL,0.014881372585972207
2020-21,new,LAC,PHI,0.02585991398768564
2020-21,new,LAC,PHX,0.02163375193828211
2020-21,new,LAC,POR,0.012969827749204408
2020-21,new,LAC,SAC,0.0015468225772192216
2020-21,new,LAC,SAS,0.0017573123834119372
2020-21,new,LAC,TOR,0.00018907551105100618
2020-21,new,LAC,UTA,0.0042230603913776575
2020-21,new,LAC,WAS,0.00345716593574968
2020-21,new,LAL,ATL,0.036842653638110665
2020-21,new,LAL,BKN,0.004312230507574236
2020-21,new,LAL,BOS,0.00849873316262448
2020-21,new,LAL,CHA,0.0036423094796508965
2020-21,new,LAL,CHI,0.007992852896263504
2020-21,new,LAL,CLE,0.0009430192420147469
2020-21,new,LAL,DAL,0.0
2020-21,new,LAL,DEN,0.013251645154308801
2020-21,new,LAL,DET,0.0021247306634302665
2020-21,new,LAL,GSW,0.011114507259604669
2020-21,new,LAL,HOU,0.03232354559999859
2020-21,new,LAL,IND,0.0016058731473755604
2020-21,new,LAL,LAC,0.0094746768280085
2020-21,new,LAL,MEM,0.04068756055906409
2020-21,new,LAL,MIA,0.0
2020-21,new,LAL,MIL,0.0
2020-21,new,LAL,MIN,0.0033160156648553876
2020-21,new,LAL,NOP,0.0812232780491593
2020-21,new,LAL,NYK,0.1307752561305806
2020-21,new,LAL,OKC,0.004269127254153537
2020-21,new,LAL,ORL,0.002583336397465559
2020-21,new,LAL,PHI,0.005300646577640599
2020-21,new,LAL,PHX,0.004907884535641643
2020-21,new,LAL,POR,0.19866083075083657
2020-21,new,LAL,SAC,8.508017278002652e-05
2020-21,new,LAL,SAS,0.005822753551627585
2020-21,new,LAL,TOR,6.46822766689399e-05
2020-21,new,LAL,UTA,0.00266594829455275
2020-21,new,LAL,WAS,0.0004633952425238435
2020-21,new,MEM,ATL,0.015316579998685907
2020-21,new,MEM,BKN,0.005034213349351595
2020-21,new,MEM,BOS,0.015450854490480998
2020-21,new,MEM,CHA,0.008621562309211106
2020-21,new,MEM,CHI,0.0007922826155007396
2020-21,new,MEM,CLE,0.0006536202559873116
2020-21,new,MEM,DAL,0.0
2020-21,new,MEM,DEN,0.001888574008256467
2020-21,new,MEM,DET,0.0015075431462449563
2020-21,new,MEM,GSW,0.06548490390218537
2020-21,new,MEM,HOU,0.038644396407802685
2020-21,new,MEM,IND,0.008031871216937774
2020-21,new,MEM,LAC,0.001453125029621678
2020-21,new,MEM,LAL,0.012508772801765738
2020-21,new,MEM,MIA,0.0
2020-21,new,MEM,MIL,0.0
2020-21,new,MEM,MIN,0.0036278433409414257
2020-21,new,MEM,NOP,0.03247247308972695
2020-21,new,MEM,NYK,0.08085880073421652
2020-21,new,MEM,OKC,0.01983162717460173
2020-21,new,MEM,ORL,0.0009863747719541071
2020-21,new,MEM,PHI,0.005330819058842186
2020-21,new,MEM,PHX,0.0019132579367553636
2020-21,new,MEM,POR,0.04524380442519785
2020-21,new,MEM,SAC,0.011871757425954919
2020-21,new,MEM,SAS,0.02941273776297129
2020-21,new,MEM,TOR,0.00032900724690386864
2020-21,new,MEM,UTA,7.219827725905284e-05
2020-21,new,MEM,WAS,0.00038969058932853925
2020-21,new,MIA,ATL,0.03266067297600091
2020-21,new,MIA,BKN,0.0030145474362733037
2020-21,new,MIA,BOS,0.04806036930399124
2020-21,new,MIA,CHA,0.04168015309590219
2020-21,new,MIA,CHI,0.0008115427473685543
2020-21,new,MIA,CLE,6.006463158616403e-05
2020-21,new,MIA,DAL,0.0
2020-21,new,MIA,DEN,0.008798495252874626
2020-21,new,MIA,DET,3.3405173052070215e-05
2020-21,new,MIA,GSW,0.012351104576031651
2020-21,new,MIA,HOU,0.2015635771022162
2020-21,new,MIA,IND,0.04722418730649397
2020-21,new,MIA,LAC,0.007500808276878348
2020-21,new,MIA,LAL,0.011713790001178379
2020-21,new,MIA,MEM,0.0163087439750656
2020-21,new,MIA,MIL,0.0
2020-21,new,MIA,MIN,4.751066581532322e-06
2020-21,new,MIA,NOP,0.0102374568399923
2020-21,new,MIA,NYK,0.0825238116060929
2020-21,new,MIA,OKC,0.1415285565652724
2020-21,new,MIA,ORL,0.0057997082535129535
2020-21,new,MIA,PHI,0.0043728448833531604
2020-21,new,MIA,PHX,0.005235688709142088
2020-21,new,MIA,POR,0.016572737398593492
2020-21,new,MIA,SAC,0.001394666386699179
2020-21,new,MIA,SAS,0.009716703492252444
2020-21,new,MIA,TOR,0.0022730387441529153
2020-21,new,MIA,UTA,0.0004450431108025127
2020-21,new,MIA,WAS,0.002219202892095956
2020-21,new,MIL,ATL,0.002373673665894691
2020-21,new,MIL,BKN,0.013354525879980865
2020-21,new,MIL,BOS,0.0013690506061221125
2020-21,new,MIL,CHA,0.0013364639337031035
2020-21,new,MIL,CHI,2.591290945019864e-05
2020-21,new,MIL,CLE,1.2300735102457874e-05
2020-21,new,MIL,DAL,0.0
2020-21,new,MIL,DEN,0.026807742699691318
2020-21,new,MIL,DET,0.00020501080892402031
2020-21,new,MIL,GSW,0.0009500320150795987
2020-21,new,MIL,HOU,0.13248270025928674
2020-21,new,MIL,IND,0.0013758394482764594
2020-21,new,MIL,LAC,0.021044450365047065
2020-21,new,MIL,LAL,0.016045593349330443
2020-21,new,MIL,MEM,0.005778412880566231
2020-21,new,MIL,MIA,0.0
2020-21,new,MIL,MIN,0.0
2020-21,new,MIL,NOP,0.004687518182598732
2020-21,new,MIL,NYK,0.017384931569339214
2020-21,new,MIL,OKC,0.0015988685350849068
2020-21,new,MIL,ORL,0.0038312648046541727
2020-21,new,MIL,PHI,0.013396551805339623
2020-21,new,MIL,PHX,0.010705269378382141
2020-21,new,MIL,POR,0.0008671875147686887
2020-21,new,MIL,SAC,0.0022003571353718335
2020-21,new,MIL,SAS,0.003048738219350125
2020-21,new,MIL,TOR,0.0005752128852817672
2020-21,new,MIL,UTA,0.0010150862270002735
2020-21,new,MIL,WAS,0.003131295813301269
2020-21,new,MIN,ATL,0.0015708057842001065
2020-21,new,MIN,BKN,0.008494612060061751
2020-21,new,MIN,BOS,0.0009260611758210586
2020-21,new,MIN,CHA,0.0007548095364261952
2020-21,new,MIN,CHI,0.00034264708966334024
2020-21,new,MIN,CLE,0.0001799085706754267
2020-21,new,MIN,DAL,0.0
2020-21,new,MIN,DEN,0.011107649493242383
2020-21,new,MIN,DET,0.0027260238137537733
2020-21,new,MIN,GSW,0.01640193572254643
2020-21,new,MIN,HOU,0.03175422111372584
2020-21,new,MIN,IND,0.00039715977303824985
2020-21,new,MIN,LAC,0.008969827647088095
2020-21,new,MIN,LAL,0.016058576771890685
2020-21,new,MIN,MEM,0.0002442328661807304
2020-21,new,MIN,MIA,0.0
2020-21,new,MIN,MIL,0.0
2020-21,new,MIN,NOP,0.004827929694608314
2020-21,new,MIN,NYK,0.02042615884067375
2020-21,new,MIN,OKC,0.002404633623102262
2020-21,new,MIN,ORL,0.00265933372026773
2020-21,new,MIN,PHI,0.008844827635069217
2020-21,new,MIN,PHX,0.012390086256320876
2020-21,new,MIN,POR,0.0015684267582877637
2020-21,new,MIN,SAC,0.005952713459974082
2020-21,new,MIN,SAS,0.008850847411170364
2020-21,new,MIN,TOR,0.00011041924385796111
2020-21,new,MIN,UTA,0.0011476293311390127
2020-21,new,MIN,WAS,0.00012747946419168542
2020-21,new,NOP,ATL,0.03458049140861252
2020-21,new,NOP,BKN,0.004406250037718564
2020-21,new,NOP,BOS,0.01980029933747172
2020-21,new,NOP,CHA,0.03636648843171871
2020-21,new,NOP,CHI,0.0007362456482533264
2020-21,new,NOP,CLE,0.00012091195235700146
2020-21,new,NOP,DAL,0.0
2020-21,new,NOP,DEN,0.0023963988715783265
2020-21,new,NOP,DET,0.0030654633899644857
2020-21,new,NOP,GSW,0.01363062081577874
2020-21,new,NOP,HOU,0.045924838989920884
2020-21,new,NOP,IND,0.04482200083302272
2020-21,new,NOP,LAC,9.536637960740464e-05
2020-21,new,NOP,LAL,0.011209746026144914
2020-21,new,NOP,MEM,0.048709767692283676
2020-21,new,NOP,MIA,0.0
2020-21,new,NOP,MIL,0.0
2020-21,new,NOP,MIN,0.0010559293554025977
2020-21,new,NOP,NYK,0.06552961045079744
2020-21,new,NOP,OKC,0.01593803897614446
2020-21,new,NOP,ORL,7.636264096731793e-05
2020-21,new,NOP,PHI,0.0039752155270202675
2020-21,new,NOP,PHX,0.006202586251471578
2020-21,new,NOP,POR,0.11178313597787873
2020-21,new,NOP,SAC,0.01084687431802984
2020-21,new,NOP,SAS,0.030692453874443325
2020-21,new,NOP,TOR,0.00044098223297618037
2020-21,new,NOP,UTA,0.00205711207681753
2020-21,new,NOP,WAS,0.00033616645121137213
2020-21,new,NYK,ATL,0.049658108601179904
2020-21,new,NYK,BKN,0.004692887935530524
2020-21,new,NYK,BOS,0.033347880774319834
2020-21,new,NYK,CHA,0.032181042584830066
2020-21,new,NYK,CHI,0.00189963766436994
2020-21,new,NYK,CLE,0.00010967088552564124
2020-21,new,NYK,DAL,0.0
2020-21,new,NYK,DEN,0.0036927692321583414
2020-21,new,NYK,DET,0.00041594830060634626
2020-21,new,NYK,GSW,0.006944034080425237
2020-21,new,NYK,HOU,0.0715972513647686
2020-21,new,NYK,IND,0.0475145615406286
2020-21,new,NYK,LAC,0.007676993541335206
2020-21,new,NYK,LAL,0.01311922827377118
2020-21,new,NYK,MEM,0.011986866246380215
2020-21,new,NYK,MIA,0.0
2020-21,new,NYK,MIL,0.0
2020-21,new,NYK,MIN,3.133905300732577e-05
2020-21,new,NYK,NOP,0.004161453457137143
2020-21,new,NYK,OKC,0.053367726557289955
2020-21,new,NYK,ORL,0.0002778331445726727
2020-21,new,NYK,PHI,0.004328663753474066
2020-21,new,NYK,PHX,0.00019126374921915777
2020-21,new,NYK,POR,0.010541756671536234
2020-21,new,NYK,SAC,0.0014519188321326787
2020-21,new,NYK,SAS,0.012357331200925456
2020-21,new,NYK,TOR,0.0041779035235040745
2020-21,new,NYK,UTA,0.002191810352117595
2020-21,new,NYK,WAS,0.0004269519107249273
2020-21,new,OKC,ATL,0.0014867774699185417
2020-21,new,OKC,BKN,0.03244504316428934
2020-21,new,OKC,BOS,0.0033041310183581788
2020-21,new,OKC,CHA,0.002276269243193493
2020-21,new,OKC,CHI,0.003943718398349559
2020-21,new,OKC,CLE,0.0019495724774595885
2020-21,new,OKC,DAL,0.0
2020-21,new,OKC,DEN,0.03391051557322703
2020-21,new,OKC,DET,0.006281519793897288
2020-21,new,OKC,GSW,0.006582995876780306
2020-21,new,OKC,HOU,0.02999973046553224
2020-21,new,OKC,IND,0.00239819895122629
2020-21,new,OKC,LAC,0.010780711304777752
2020-21,new,OKC,LAL,0.004517467944955775
2020-21,new,OKC,MEM,0.04187753328241314
2020-21,new,OKC,MIA,0.0
2020-21,new,OKC,MIL,0.0
2020-21,new,OKC,MIN,0.0105677922071422
2020-21,new,OKC,NOP,0.008335726225761479
2020-21,new,OKC,NYK,0.04154206924338006
2020-21,new,OKC,ORL,0.01589061415358397
2020-21,new,OKC,PHI,0.005670258655004076
2020-21,new,OKC,PHX,0.007014015897002537
2020-21,new,OKC,POR,0.010908674776718698
2020-21,new,OKC,SAC,0.003759078882528934
2020-21,new,OKC,SAS,0.017049607780052344
2020-21,new,OKC,TOR,0.0006176974200320728
2020-21,new,OKC,UTA,0.0010344827741962566
2020-21,new,OKC,WAS,0.0051363332537915215
2020-21,new,ORL,ATL,0.008132469816548197
2020-21,new,ORL,BKN,0.016044181151765174
2020-21,new,ORL,BOS,0.00580397237877328
2020-21,new,ORL,CHA,0.0010057965582806472
2020-21,new,ORL,CHI,0.0012801230857903349
2020-21,new,ORL,CLE,0.0015621734997257931
2020-21,new,ORL,DAL,0.0
2020-21,new,ORL,DEN,0.010548672980431984
2020-21,new,ORL,DET,0.01301697199855096
2020-21,new,ORL,GSW,0.014439871307939493
2020-21,new,ORL,HOU,0.008879579739055017
2020-21,new,ORL,IND,0.0008683660785877214
2020-21,new,ORL,LAC,0.015226293060816184
2020-21,new,ORL,LAL,0.0014469502128315677
2020-21,new,ORL,MEM,0.01117318770139729
2020-21,new,ORL,MIA,0.0
2020-21,new,ORL,MIL,0.0
2020-21,new,ORL,MIN,0.010798646345501766
2020-21,new,ORL,NOP,0.01165467396050899
2020-21,new,ORL,NYK,0.017412170142361218
2020-21,new,ORL,OKC,0.014809537129757666
2020-21,new,ORL,PHI,0.000102370690136891
2020-21,new,ORL,PHX,5.38793111476919e-06
2020-21,new,ORL,POR,0.02403529114804455
2020-21,new,ORL,SAC,0.0009987623822526068
2020-21,new,ORL,SAS,0.008352589923016638
2020-21,new,ORL,TOR,0.00371084189767028
2020-21,new,ORL,UTA,0.0
2020-21,new,ORL,WAS,0.00521384813963463
2020-21,new,PHI,ATL,0.007853980517475417
2020-21,new,PHI,BKN,0.04102101311890473
2020-21,new,PHI,BOS,0.007102271650224351
2020-21,new,PHI,CHA,0.008962653789648875
2020-21,new,PHI,CHI,0.0014075209939645404
2020-21,new,PHI,CLE,0.0012653521767270186
2020-21,new,PHI,DAL,0.0
2020-21,new,PHI,DEN,0.04227333282053286
2020-21,new,PHI,DET,0.0016821122473378762
2020-21,new,PHI,GSW,0.005698539619753148
2020-21,new,PHI,HOU,0.03349099073356573
2020-21,new,PHI,IND,0.008339377716379987
2020-21,new,PHI,LAC,0.05039655175453438
2020-21,new,PHI,LAL,0.010111560707376956
2020-21,new,PHI,MEM,0.0050760485083975295
2020-21,new,PHI,MIA,0.0
2020-21,new,PHI,MIL,0.0
2020-21,new,PHI,MIN,0.006966294912524596
2020-21,new,PHI,NOP,0.004374647713483333
2020-21,new,PHI,NYK,0.024670656700171486
2020-21,new,PHI,OKC,0.017279364510864852
2020-21,new,PHI,ORL,0.0021528637885622347
2020-21,new,PHI,PHX,0.02089548873508365
2020-21,new,PHI,POR,0.0028453664338328583
2020-21,new,PHI,SAC,0.000703644906753206
2020-21,new,PHI,SAS,0.001794433904808194
2020-21,new,PHI,TOR,0.0006261168473537087
2020-21,new,PHI,UTA,0.004879310396740791
2020-21,new,PHI,WAS,0.0004979888264763539
2020-21,new,PHX,ATL,0.014422445949447419
2020-21,new,PHX,BKN,0.01707974148259884
2020-21,new,PHX,BOS,0.008655039272971513
2020-21,new,PHX,CHA,0.007651190269956801
2020-21,new,PHX,CHI,0.0056467635459507455
2020-21,new,PHX,CLE,0.000401820822603597
2020-21,new,PHX,DAL,0.0
2020-21,new,PHX,DEN,0.01258456177531555
2020-21,new,PHX,DET,0.0011772630955614468
2020-21,new,PHX,GSW,0.006678812297900374
2020-21,new,PHX,HOU,0.02217483857172894
2020-21,new,PHX,IND,0.0030404121040736093
2020-21,new,PHX,LAC,0.022214709081454204
2020-21,new,PHX,LAL,0.006044110057547967
2020-21,new,PHX,MEM,0.008431669540077477
2020-21,new,PHX,MIA,0.0
2020-21,new,PHX,MIL,0.0
2020-21,new,PHX,MIN,0.002697592584915175
2020-21,new,PHX,NOP,0.0034075076743266563
2020-21,new,PHX,NYK,0.012947278253450017
2020-21,new,PHX,OKC,0.008452047839226876
2020-21,new,PHX,ORL,0.003872575805584121
2020-21,new,PHX,PHI,0.02252262939658851
2020-21,new,PHX,POR,0.0006877694070411459
2020-21,new,PHX,SAC,0.002453463987777284
2020-21,new,PHX,SAS,0.00382642680942536
2020-21,new,PHX,TOR,0.0011322648416225971
2020-21,new,PHX,UTA,0.019053879360555963
2020-21,new,PHX,WAS,0.0006098936758832585
2020-21,new,POR,ATL,0.044101959042135125
2020-21,new,POR,BKN,0.0274369613180772
2020-21,new,POR,BOS,0.014784809508672102
2020-21,new,POR,CHA,0.008901301120254999
2020-21,new,POR,CHI,0.0005659157652516531
2020-21,new,POR,CLE,0.00016182567414897023
2020-21,new,POR,DAL,0.0
2020-21,new,POR,DEN,0.01732994416101915
2020-21,new,POR,DET,1.2122845168803527e-05
2020-21,new,POR,GSW,0.017555214608088725
2020-21,new,POR,HOU,0.146428878285324
2020-21,new,POR,IND,0.02153615967183809
2020-21,new,POR,LAC,0.02850000011411513
2020-21,new,POR,LAL,0.11573806798055901
2020-21,new,POR,MEM,0.038770550262254524
2020-21,new,POR,MIA,0.0
2020-21,new,POR,MIL,0.0
2020-21,new,POR,MIN,0.00013337433210741938
2020-21,new,POR,NOP,0.11781816500935303
2020-21,new,POR,NYK,0.13785534611571942
2020-21,new,POR,OKC,0.027823276101804243
2020-21,new,POR,ORL,0.0026965927623627166
2020-21,new,POR,PHI,0.015228448270996712
2020-21,new,POR,PHX,0.011499480708509865
2020-21,new,POR,SAC,0.001790484850846575
2020-21,new,POR,SAS,0.01576765087008076
2020-21,new,POR,TOR,0.0016052094913375221
2020-21,new,POR,UTA,0.0014407327758341002
2020-21,new,POR,WAS,0.0009608270496375409
2020-21,new,SAC,ATL,0.013839681586481413
2020-21,new,SAC,BKN,0.0013771551982339086
2020-21,new,SAC,BOS,0.01050049834859766
2020-21,new,SAC,CHA,0.0022614005472347477
2020-21,new,SAC,CHI,0.009324386473810418
2020-21,new,SAC,CLE,0.0011579733201474273
2020-21,new,SAC,DAL,0.0
2020-21,new,SAC,DEN,0.004104557848876656
2020-21,new,SAC,DET,0.001654095047872096
2020-21,new,SAC,GSW,0.016680951524878522
2020-21,new,SAC,HOU,0.012170797708014765
2020-21,new,SAC,IND,0.0013233778720447827
2020-21,new,SAC,LAC,0.0028213901138575436
2020-21,new,SAC,LAL,0.00999071350590629
2020-21,new,SAC,MEM,0.04557263040724574
2020-21,new,SAC,MIA,0.0
2020-21,new,SAC,MIL,0.0
2020-21,new,SAC,MIN,0.003798007300847844
2020-21,new,SAC,NOP,0.027845546306924384
2020-21,new,SAC,NYK,0.10621936144364015
2020-21,new,SAC,OKC,0.010516163747825918
2020-21,new,SAC,ORL,0.005008663008369819
2020-21,new,SAC,PHI,0.0008297413944041934
2020-21,new,SAC,PHX,0.01557633713623137
2020-21,new,SAC,POR,0.0471961213345238
2020-21,new,SAC,SAS,0.018607869931693246
2020-21,new,SAC,TOR,0.0018569785559348336
2020-21,new,SAC,UTA,0.0
2020-21,new,SAC,WAS,0.00020004063529919171
2020-21,new,SAS,ATL,0.017680325487740213
2020-21,new,SAS,BKN,0.0037262931095179306
2020-21,new,SAS,BOS,0.002916539057868521
2020-21,new,SAS,CHA,0.006204781918502902
2020-21,new,SAS,CHI,0.007810397218822094
2020-21,new,SAS,CLE,0.00047424013786596724
2020-21,new,SAS,DAL,0.0
2020-21,new,SAS,DEN,0.014949124728609618
2020-21,new,SAS,DET,0.00012984914994188434
2020-21,new,SAS,GSW,0.017325023984098513
2020-21,new,SAS,HOU,0.06459967636978978
2020-21,new,SAS,IND,0.0036003351887941362
2020-21,new,SAS,LAC,0.005563577670475532
2020-21,new,SAS,LAL,0.02113424658917577
2020-21,new,SAS,MEM,0.02418428739623121
2020-21,new,SAS,MIA,0.0
2020-21,new,SAS,MIL,0.0
2020-21,new,SAS,MIN,0.0011985790183970148
2020-21,new,SAS,NOP,0.0320278421406247
2020-21,new,SAS,NYK,0.025523057344486677
2020-21,new,SAS,OKC,0.008255388069243554
2020-21,new,SAS,ORL,0.0059616528976032986
2020-21,new,SAS,PHI,0.0032456896852316526
2020-21,new,SAS,PHX,0.003994750485550772
2020-21,new,SAS,POR,0.05191406309285507
2020-21,new,SAS,SAC,0.005116546942034937
2020-21,new,SAS,TOR,0.0035700332350698362
2020-21,new,SAS,UTA,0.004843750010758382
2020-21,new,SAS,WAS,0.002257188405202001
2020-21,new,TOR,ATL,0.0015897742603186427
2020-21,new,TOR,BKN,0.008725754295010121
2020-21,new,TOR,BOS,0.0016773238503897205
2020-21,new,TOR,CHA,0.0021679079463679455
2020-21,new,TOR,CHI,0.027674307548118643
2020-21,new,TOR,CLE,0.002563590131821813
2020-21,new,TOR,DAL,0.0
2020-21,new,TOR,DEN,0.010448742388834375
2020-21,new,TOR,DET,0.001276939771668022
2020-21,new,TOR,GSW,0.03181519748528885
2020-21,new,TOR,HOU,0.01119827570124722
2020-21,new,TOR,IND,0.005214742298952967
2020-21,new,TOR,LAC,0.0018335129336879495
2020-21,new,TOR,LAL,0.0003035982934774202
2020-21,new,TOR,MEM,0.009911040735966157
2020-21,new,TOR,MIA,0.0
2020-21,new,TOR,MIL,0.0
2020-21,new,TOR,MIN,0.0008416890099955521
2020-21,new,TOR,NOP,0.018936266574739104
2020-21,new,TOR,NYK,0.009198102550712189
2020-21,new,TOR,OKC,0.0035228986321378442
2020-21,new,TOR,ORL,0.0076348079871646915
2020-21,new,TOR,PHI,0.005551724266421435
2020-21,new,TOR,PHX,0.000713362083047757
2020-21,new,TOR,POR,0.018071659779204212
2020-21,new,TOR,SAC,0.004868459139118159
2020-21,new,TOR,SAS,0.005221302803670144
2020-21,new,TOR,UTA,0.00019935345124646
2020-21,new,TOR,WAS,0.016828841127489776
2020-21,new,UTA,ATL,0.008147914291082988
2020-21,new,UTA,BKN,0.0054806035264106144
2020-21,new,UTA,BOS,0.00031255058084504137
2020-21,new,UTA,CHA,0.0002420011017809483
2020-21,new,UTA,CHI,0.0019753339291592362
2020-21,new,UTA,CLE,0.0006124185583977467
2020-21,new,UTA,DAL,0.0
2020-21,new,UTA,DEN,0.001557310023485716
2020-21,new,UTA,DET,0.0023556034928508872
2020-21,new,UTA,GSW,0.010742931828545644
2020-21,new,UTA,HOU,0.020436421986669305
2020-21,new,UTA,IND,0.000538542674632169
2020-21,new,UTA,LAC,0.006976293145743167
2020-21,new,UTA,LAL,0.0248719362880062
2020-21,new,UTA,MEM,0.0014028698676433612
2020-21,new,UTA,MIA,0.0
2020-21,new,UTA,MIL,0.0
2020-21,new,UTA,MIN,0.00018495661201807804
2020-21,new,UTA,NOP,0.02822378490997717
2020-21,new,UTA,NYK,0.015224114688682604
2020-21,new,UTA,OKC,0.0020088900887640184
2020-21,new,UTA,ORL,0.007738933950787872
2020-21,new,UTA,PHI,0.007745689694159504
2020-21,new,UTA,PHX,0.03052258292409693
2020-21,new,UTA,POR,0.00019019397188395516
2020-21,new,UTA,SAC,0.00013201939572389886
2020-21,new,UTA,SAS,0.0021662658791422804
2020-21,new,UTA,TOR,0.004901537937732335
2020-21,new,UTA,WAS,0.00150720788114072
2020-21,new,WAS,ATL,0.016547387783397424
2020-21,new,WAS,BKN,0.004462284519144433
2020-21,new,WAS,BOS,0.036154798788797765
2020-21,new,WAS,CHA,0.04389388135933917
2020-21,new,WAS,CHI,0.02316292668954095
2020-21,new,WAS,CLE,0.0011846904903752543
2020-21,new,WAS,DAL,0.0
2020-21,new,WAS,DEN,0.0038598560447985677
2020-21,new,WAS,DET,0.0016481682813148306
2020-21,new,WAS,GSW,0.005470744703121895
2020-21,new,WAS,HOU,0.033736680332804095
2020-21,new,WAS,IND,0.04722076781464005
2020-21,new,WAS,LAC,0.004258081909642427
2020-21,new,WAS,LAL,0.0076495233967330606
2020-21,new,WAS,MEM,0.0023059671967170284
2020-21,new,WAS,MIA,0.0
2020-21,new,WAS,MIL,8.474387412144129e-06
2020-21,new,WAS,MIN,0.0019660969539571508
2020-21,new,WAS,NOP,0.0019476466145424002
2020-21,new,WAS,NYK,0.02471615080833629
2020-21,new,WAS,OKC,0.01033917034923998
2020-21,new,WAS,ORL,0.00843494627753902
2020-21,new,WAS,PHI,0.0040840517544059145
2020-21,new,WAS,PHX,1.0757197818760696e-05
2020-21,new,WAS,POR,0.012828933277773543
2020-21,new,WAS,SAC,0.0008122242269995538
2020-21,new,WAS,SAS,0.0018469079352652856
2020-21,new,WAS,TOR,0.011654443346991701
2020-21,new,WAS,UTA,0.0011497844866444839
2020-21,old,ATL,BKN,0.007079741426438481
2020-21,old,ATL,BOS,0.021913507095109874
2020-21,old,ATL,CHA,0.027120752686486345
2020-21,old,ATL,CHI,0.004804832842475852
2020-21,old,ATL,CLE,0.0023332922952709677
2020-21,old,ATL,DAL,0.0
2020-21,old,ATL,DEN,0.0071163788044124295
2020-21,old,ATL,DET,3.1519398727486366e-05
2020-21,old,ATL,GSW,0.01583179060556427
2020-21,old,ATL,HOU,0.03339789879257421
2020-21,old,ATL,IND,0.019607047041076367
2020-21,old,ATL,LAC,0.007562769365834139
2020-21,old,ATL,LAL,0.026887800107631955
2020-21,old,ATL,MEM,0.015097547280623451
2020-21,old,ATL,MIA,0.0
2020-21,old,ATL,MIL,0.0
2020-21,old,ATL,MIN,0.0034851684607551483
2020-21,old,ATL,NOP,0.003506362087346616
2020-21,old,ATL,NYK,0.06140604853671859
2020-21,old,ATL,OKC,0.02068157334498868
2020-21,old,ATL,ORL,0.002521402698782972
2020-21,old,ATL,PHI,3.8793104026338155e-05
2020-21,old,ATL,PHX,0.002191810370904618
2020-21,old,ATL,POR,0.0003011853526474844
2020-21,old,ATL,SAC,0.010680017818907735
2020-21,old,ATL,SAS,0.017017997564464437
2020-21,old,ATL,TOR,0.00434650695983061
2020-21,old,ATL,UTA,0.0007834051897074898
2020-21,old,ATL,WAS,0.002096438506793735
2020-21,old,BKN,ATL,0.010095619888172324
2020-21,old,BKN,BOS,0.007885523552363556
2020-21,old,BKN,CHA,0.014766087354990486
2020-21,old,BKN,CHI,7.571044395229033e-05
2020-21,old,BKN,CLE,2.1623374729176013e-05
2020-21,old,BKN,DAL,0.0
2020-21,old,BKN,DEN,0.051134108984661905
2020-21,old,BKN,DET,0.0006980064438037762
2020-21,old,BKN,GSW,0.015051836949017051
2020-21,old,BKN,HOU,0.06614655235824417
2020-21,old,BKN,IND,0.013648279243983128
2020-21,old,BKN,LAC,0.053120689933862666
2020-21,old,BKN,LAL,0.00846404296334315
2020-21,old,BKN,MEM,0.011818581811134972
2020-21,old,BKN,MIA,0.0
2020-21,old,BKN,MIL,0.0
2020-21,old,BKN,MIN,0.019432019082798166
2020-21,old,BKN,NOP,0.003279944001433326
2020-21,old,BKN,NYK,0.02104273641445673
2020-21,old,BKN,OKC,0.021950161667954146
2020-21,old,BKN,ORL,0.0008389879681876396
2020-21,old,BKN,PHI,0.024435344888619953
2020-21,old,BKN,PHX,0.017070043169620353
2020-21,old,BKN,POR,0.004131734954004563
2020-21,old,BKN,SAC,0.0017730182915606679
2020-21,old,BKN,SAS,0.002864895006389053
2020-21,old,BKN,TOR,5.1632074518248014e-05
2020-21,old,BKN,UTA,0.0033491379760430553
2020-21,old,BKN,WAS,0.006468266812025931
2020-21,old,BOS,ATL,0.042060706939547665
2020-21,old,BOS,BKN,0.00562284488696605
2020-21,old,BOS,CHA,0.015155520693167574
2020-21,old,BOS,CHI,0.0034510973673256224
2020-21,old,BOS,CLE,0.0005378149884885416
2020-21,old,BOS,DAL,0.0
2020-21,old,BOS,DEN,0.005804763262067611
2020-21,old,BOS,DET,0.002320043053297357
2020-21,old,BOS,GSW,0.01717107565731496
2020-21,old,BOS,HOU,0.04322764010112411
2020-21,old,BOS,IND,0.018106485167828167
2020-21,old,BOS,LAC,0.009108836219469407
2020-21,old,BOS,LAL,0.010863692787828224
2020-21,old,BOS,MEM,0.01707064012684083
2020-21,old,BOS,MIA,0.0
2020-21,old,BOS,MIL,0.0
2020-21,old,BOS,MIN,0.009867341410293877
2020-21,old,BOS,NOP,0.004828908267992248
2020-21,old,BOS,NYK,0.032683270717830046
2020-21,old,BOS,OKC,0.028985183031683594
2020-21,old,BOS,ORL,0.007521527773257015
2020-21,old,BOS,PHI,0.0037543103646422767
2020-21,old,BOS,PHX,0.0038318966484240475
2020-21,old,BOS,POR,0.012118803923909459
2020-21,old,BOS,SAC,0.006273903582678355
2020-21,old,BOS,SAS,0.0041123960384990875
2020-21,old,BOS,TOR,0.0028506891515976433
2020-21,old,BOS,UTA,0.0033318965654852315
2020-21,old,BOS,WAS,0.004386433340845906
2020-21,old,CHA,ATL,0.0076038174982196085
2020-21,old,CHA,BKN,3.9870690811297004e-05
2020-21,old,CHA,BOS,0.013873880258891186
2020-21,old,CHA,CHI,0.005184922545433807
2020-21,old,CHA,CLE,0.0040369128730872745
2020-21,old,CHA,DAL,0.0
2020-21,old,CHA,DEN,0.0005556479944637227
2020-21,old,CHA,DET,0.0010269397105780783
2020-21,old,CHA,GSW,0.009889181272014717
2020-21,old,CHA,HOU,0.024040386772088324
2020-21,old,CHA,IND,0.027885797594299797
2020-21,old,CHA,LAC,8.081896672153785e-05
2020-21,old,CHA,LAL,0.003422993291300675
2020-21,old,CHA,MEM,0.010441053778218086
2020-21,old,CHA,MIA,0.0
2020-21,old,CHA,MIL,1.4203720011832903e-06
2020-21,old,CHA,MIN,0.0034730816777987735
2020-21,old,CHA,NOP,0.0071318203699733285
2020-21,old,CHA,NYK,0.01611166519859967
2020-21,old,CHA,OKC,0.006549030126309311
2020-21,old,CHA,ORL,0.015336495181025742
2020-21,old,CHA,PHI,2.155172445907677e-06
2020-21,old,CHA,PHX,5.387931114769193e-06
2020-21,old,CHA,POR,0.00047790950459251474
2020-21,old,CHA,SAC,0.00839720571066332
2020-21,old,CHA,SAS,0.00888455167875108
2020-21,old,CHA,TOR,0.009030953981842716
2020-21,old,CHA,UTA,0.0
2020-21,old,CHA,WAS,0.012122873453269154
2020-21,old,CHI,ATL,0.008794017963707174
2020-21,old,CHI,BKN,0.0029410021457467865
2020-21,old,CHI,BOS,0.01284299613053756
2020-21,old,CHI,CHA,0.008861458401837614
2020-21,old,CHI,CLE,0.009365917261490489
2020-21,old,CHI,DAL,0.0
2020-21,old,CHI,DEN,0.009368928844172873
2020-21,old,CHI,DET,0.002234913750595798
2020-21,old,CHI,GSW,0.008426177257491995
2020-21,old,CHI,HOU,0.041073130642492316
2020-21,old,CHI,IND,0.013326439400258919
2020-21,old,CHI,LAC,0.002533674533559201
2020-21,old,CHI,LAL,0.00354791813438751
2020-21,old,CHI,MEM,0.011438928149747875
2020-21,old,CHI,MIA,0.0
2020-21,old,CHI,MIL,7.107895010698953e-07
2020-21,old,CHI,MIN,0.00041664441027064426
2020-21,old,CHI,NOP,0.027825843925537448
2020-21,old,CHI,NYK,0.0220018988141672
2020-21,old,CHI,OKC,0.03047306022982129
2020-21,old,CHI,ORL,0.09276408619303601
2020-21,old,CHI,PHI,0.001877155162169244
2020-21,old,CHI,PHX,0.0009838362468719154
2020-21,old,CHI,POR,0.0010708513630329273
2020-21,old,CHI,SAC,0.04016909087695899
2020-21,old,CHI,SAS,0.007733587548658837
2020-21,old,CHI,TOR,0.03528036623001413
2020-21,old,CHI,UTA,0.0
2020-21,old,CHI,WAS,0.02013753290103996
2020-21,old,CLE,ATL,0.0032445557008892937
2020-21,old,CLE,BKN,0.0014870689859099943
2020-21,old,CLE,BOS,0.004277602837051371
2020-21,old,CLE,CHA,0.004903906784023378
2020-21,old,CLE,CHI,0.021289058972246058
2020-21,old,CLE,DAL,0.0
2020-21,old,CLE,DEN,0.017927802001980336
2020-21,old,CLE,DET,0.0077001614973213955
2020-21,old,CLE,GSW,0.0306952810789882
2020-21,old,CLE,HOU,0.018943010677426955
2020-21,old,CLE,IND,0.01174651529362822
2020-21,old,CLE,LAC,0.01890517235942313
2020-21,old,CLE,LAL,0.0002822563533459342
2020-21,old,CLE,MEM,0.006063629288646979
2020-21,old,CLE,MIA,0.0
2020-21,old,CLE,MIL,7.104416426014285e-07
2020-21,old,CLE,MIN,0.04786678367156329
2020-21,old,CLE,NOP,0.012470406987605957
2020-21,old,CLE,NYK,0.006803615313312586
2020-21,old,CLE,OKC,0.01890624972202831
2020-21,old,CLE,ORL,0.018663150670519157
2020-21,old,CLE,PHI,0.007529094883658249
2020-21,old,CLE,PHX,0.0009288793806071197
2020-21,old,CLE,POR,0.00010560344649751768
2020-21,old,CLE,SAC,0.008036937877977095
2020-21,old,CLE,SAS,0.005384964774968755
2020-21,old,CLE,TOR,0.008401569646760882
2020-21,old,CLE,UTA,0.00756896553239946
2020-21,old,CLE,WAS,0.009722678907655564
2020-21,old,DAL,ATL,0.023280443819105167
2020-21,old,DAL,BKN,0.003705818962731302
2020-21,old,DAL,BOS,0.02638597616272058
2020-21,old,DAL,CHA,0.01200079935234536
2020-21,old,DAL,CHI,0.02609978454760114
2020-21,old,DAL,CLE,0.013066232396869368
2020-21,old,DAL,DEN,0.006569591906059818
2020-21,old,DAL,DET,0.0001417025881779284
2020-21,old,DAL,GSW,0.029409566823022253
2020-21,old,DAL,HOU,0.050543103083438276
2020-21,old,DAL,IND,0.012860464540257615
2020-21,old,DAL,LAC,0.0025880926263173397
2020-21,old,DAL,LAL,0.04179721393958068
2020-21,old,DAL,MEM,0.02091241963723974
2020-21,old,DAL,MIA,0.0
2020-21,old,DAL,MIL,0.0
2020-21,old,DAL,MIN,1.8832187750051683e-05
2020-21,old,DAL,NOP,0.014456250321878158
2020-21,old,DAL,NYK,0.26698178769534703
2020-21,old,DAL,OKC,0.030946120803087854
2020-21,old,DAL,ORL,0.011108133984275785
2020-21,old,DAL,PHI,0.0008146551902534377
2020-21,old,DAL,PHX,0.0011651198771575504
2020-21,old,DAL,POR,0.03976670283031378
2020-21,old,DAL,SAC,0.01708337064965195
2020-21,old,DAL,SAS,0.012321763923373733
2020-21,old,DAL,TOR,0.014614879130119966
2020-21,old,DAL,UTA,4.094827647224583e-05
2020-21,old,DAL,WAS,0.009978964352483072
2020-21,old,DEN,ATL,0.02278662728813364
2020-21,old,DEN,BKN,0.028915678905343217
2020-21,old,DEN,BOS,0.00972599246219711
2020-21,old,DEN,CHA,0.0066747476420136505
2020-21,old,DEN,CHI,0.0005950106268689844
2020-21,old,DEN,CLE,0.0007432392897226744
2020-21,old,DEN,DAL,0.0
2020-21,old,DEN,DET,2.424569001646136e-06
2020-21,old,DEN,GSW,0.0062518538919147494
2020-21,old,DEN,HOU,0.061846982716554616
2020-21,old,DEN,IND,0.0040992313142664384
2020-21,old,DEN,LAC,0.028429957259735426
2020-21,old,DEN,LAL,0.05127837687233187
2020-21,old,DEN,MEM,0.004302432543617474
2020-21,old,DEN,MIA,0.0
2020-21,old,DEN,MIL,0.0
2020-21,old,DEN,MIN,6.751817426663846e-05
2020-21,old,DEN,NOP,0.0029008511172176742
2020-21,old,DEN,NYK,0.030221409272079326
2020-21,old,DEN,OKC,0.019316541008522797
2020-21,old,DEN,ORL,0.0007003453639088831
2020-21,old,DEN,PHI,0.012915948398475504
2020-21,old,DEN,PHX,0.004729525908619037
2020-21,old,DEN,POR,0.0031643319075951226
2020-21,old,DEN,SAC,4.6789422985766166e-05
2020-21,old,DEN,SAS,0.0010152924109781412
2020-21,old,DEN,TOR,0.00012537817630500357
2020-21,old,DEN,UTA,0.0001702586235478521
2020-21,old,DEN,WAS,0.0010844178766978364
2020-21,old,DET,ATL,0.005731808646282001
2020-21,old,DET,BKN,0.009639278055622301
2020-21,old,DET,BOS,0.008049771112382762
2020-21,old,DET,CHA,0.006616158538790206
2020-21,old,DET,CHI,0.008967819203161328
2020-21,old,DET,CLE,0.013979307571107477
2020-21,old,DET,DAL,0.0
2020-21,old,DET,DEN,0.00610727183378341
2020-21,old,DET,GSW,0.02294907474924967
2020-21,old,DET,HOU,0.03829579806727938
2020-21,old,DET,IND,0.013431417494422638
2020-21,old,DET,LAC,0.014141163826390201
2020-21,old,DET,LAL,0.013339418547270247
2020-21,old,DET,MEM,0.018106753499265087
2020-21,old,DET,MIA,0.0
2020-21,old,DET,MIL,1.3062368717710087e-09
2020-21,old,DET,MIN,0.014953720796981781
2020-21,old,DET,NOP,0.010284251677478077
2020-21,old,DET,NYK,0.025505498006127055
2020-21,old,DET,OKC,0.030052531398612012
2020-21,old,DET,ORL,0.021469258178278654
2020-21,old,DET,PHI,0.008846982819959522
2020-21,old,DET,PHX,0.009341594864390512
2020-21,old,DET,POR,0.0040996767379190965
2020-21,old,DET,SAC,0.0045400502575637935
2020-21,old,DET,SAS,0.004113315409383732
2020-21,old,DET,TOR,0.0035545729543466353
2020-21,old,DET,UTA,0.0010808189819438447
2020-21,old,DET,WAS,0.01617092021434093
2020-21,old,GSW,ATL,0.0042661412044549315
2020-21,old,GSW,BKN,0.004426724161021411
2020-21,old,GSW,BOS,0.00950844674015877
2020-21,old,GSW,CHA,0.007843713268125982
2020-21,old,GSW,CHI,0.02193358983770904
2020-21,old,GSW,CLE,0.013923646007645656
2020-21,old,GSW,DAL,0.0
2020-21,old,GSW,DEN,0.0046632716994081174
2020-21,old,GSW,DET,0.004775053826662517
2020-21,old,GSW,HOU,0.028800915983758456
2020-21,old,GSW,IND,0.012216837320273627
2020-21,old,GSW,LAC,0.004424299578973222
2020-21,old,GSW,LAL,0.0026665555268736495
2020-21,old,GSW,MEM,0.03415031508136086
2020-21,old,GSW,MIA,0.0
2020-21,old,GSW,MIL,4.1032376816220225e-11
2020-21,old,GSW,MIN,0.009681582703137964
2020-21,old,GSW,NOP,0.022276093661616283
2020-21,old,GSW,NYK,0.009585774317873195
2020-21,old,GSW,OKC,0.02034563550376334
2020-21,old,GSW,ORL,0.022608629724642525
2020-21,old,GSW,PHI,0.0043189655293325155
2020-21,old,GSW,PHX,0.0034892242858593514
2020-21,old,GSW,POR,0.008481411723147049
2020-21,old,GSW,SAC,0.027214279593841137
2020-21,old,GSW,SAS,0.03582379115434411
2020-21,old,GSW,TOR,0.01722036120513157
2020-21,old,GSW,UTA,0.0002122844868853431
2020-21,old,GSW,WAS,0.014256363041464179
2020-21,old,HOU,ATL,0.018760364511150793
2020-21,old,HOU,BKN,1.3469827786922976e-06
2020-21,old,HOU,BOS,0.003909020531202394
2020-21,old,HOU,CHA,0.009374022812968293
2020-21,old,HOU,CHI,0.005429330002733803
2020-21,old,HOU,CLE,0.002890826755235318
2020-21,old,HOU,DAL,0.0
2020-21,old,HOU,DEN,0.00013227577437167765
2020-21,old,HOU,DET,0.003957165937593749
2020-21,old,HOU,GSW,0.007745856626467877
2020-21,old,HOU,IND,0.009052601233810138
2020-21,old,HOU,LAC,0.00017780172750996102
2020-21,old,HOU,LAL,0.006157435700246499
2020-21,old,HOU,MEM,0.0051446135638180054
2020-21,old,HOU,MIA,0.0
2020-21,old,HOU,MIL,2.7729284902727174e-11
2020-21,old,HOU,MIN,0.0006414970254539524
2020-21,old,HOU,NOP,0.013309280257069856
2020-21,old,HOU,NYK,0.052485944465064646
2020-21,old,HOU,OKC,0.02866244644805756
2020-21,old,HOU,ORL,0.0010419671917498389
2020-21,old,HOU,PHI,0.001547413774252195
2020-21,old,HOU,PHX,0.008354820843016884
2020-21,old,HOU,POR,0.02054929953303333
2020-21,old,HOU,SAC,0.010877756136431794
2020-21,old,HOU,SAS,0.016499023609402273
2020-21,old,HOU,TOR,0.002603430215765279
2020-21,old,HOU,UTA,0.0
2020-21,old,HOU,WAS,0.001490579769657167
2020-21,old,IND,ATL,0.008710540737348766
2020-21,old,IND,BKN,1.72413795672614e-05
2020-21,old,IND,BOS,0.015248108755364736
2020-21,old,IND,CHA,0.028932583483311
2020-21,old,IND,CHI,0.006574655687851325
2020-21,old,IND,CLE,0.00474454731678023
2020-21,old,IND,DAL,0.0
2020-21,old,IND,DEN,0.00034913800991000845
2020-21,old,IND,DET,0.0005013469346710637
2020-21,old,IND,GSW,0.005506736556481378
2020-21,old,IND,HOU,0.008215786471505294
2020-21,old,IND,LAC,7.785560458834318e-05
2020-21,old,IND,LAL,0.002188068091668237
2020-21,old,IND,MEM,0.008147679530178845
2020-21,old,IND,MIA,0.0
2020-21,old,IND,MIL,2.7729284902727174e-11
2020-21,old,IND,MIN,2.960379150655658e-05
2020-21,old,IND,NOP,0.005003848427404783
2020-21,old,IND,NYK,0.02493922948896927
2020-21,old,IND,OKC,0.007213900885745431
2020-21,old,IND,ORL,0.015818065298728767
2020-21,old,IND,PHI,1.0775862229538386e-06
2020-21,old,IND,PHX,1.293105701526459e-05
2020-21,old,IND,POR,9.994612406569952e-05
2020-21,old,IND,SAC,0.0037345963179971444
2020-21,old,IND,SAS,0.020544579572902153
2020-21,old,IND,TOR,0.008778180334602956
2020-21,old,IND,UTA,0.0
2020-21,old,IND,WAS,0.01131912883572184
2020-21,old,LAC,ATL,0.0033917877270799542
2020-21,old,LAC,BKN,0.04984886854325005
2020-21,old,LAC,BOS,0.0025638712874573493
2020-21,old,LAC,CHA,0.0033436070787802763
2020-21,old,LAC,CHI,0.01418567794123139
2020-21,old,LAC,CLE,0.010081361747892979
2020-21,old,LAC,DAL,0.0
2020-21,old,LAC,DEN,0.03925044046484241
2020-21,old,LAC,DET,0.001443965484765518
2020-21,old,LAC,GSW,0.017211456813343372
2020-21,old,LAC,HOU,0.07134051691032114
2020-21,old,LAC,IND,0.0049515787320512875
2020-21,old,LAC,LAL,0.009257626088527262
2020-21,old,LAC,MEM,0.008369584461622183
2020-21,old,LAC,MIA,0.0
2020-21,old,LAC,MIL,4.476051791282375e-10
2020-21,old,LAC,MIN,0.018293923407713332
2020-21,old,LAC,NOP,0.00828228990199974
2020-21,old,LAC,NYK,0.004751808402663254
2020-21,old,LAC,OKC,0.006658943912018378
2020-21,old,LAC,ORL,0.014262790394183655
2020-21,old,LAC,PHI,0.025852370884847542
2020-21,old,LAC,PHX,0.021687399117507025
2020-21,old,LAC,POR,0.008272359929577412
2020-21,old,LAC,SAC,0.012245562541244774
2020-21,old,LAC,SAS,0.004027673272303226
2020-21,old,LAC,TOR,0.006447073618549909
2020-21,old,LAC,UTA,0.0042230603913776575
2020-21,old,LAC,WAS,0.00817806561661293
2020-21,old,LAL,ATL,0.041845419652923856
2020-21,old,LAL,BKN,0.004310344736300537
2020-21,old,LAL,BOS,0.011120522956553155
2020-21,old,LAL,CHA,0.004035518731000245
2020-21,old,LAL,CHI,0.02587811201108175
2020-21,old,LAL,CLE,0.003528519728794002
2020-21,old,LAL,DAL,0.0
2020-21,old,LAL,DEN,0.012210054291742947
2020-21,old,LAL,DET,0.0023316271806031385
2020-21,old,LAL,GSW,0.014498091687627935
2020-21,old,LAL,HOU,0.03232812528396105
2020-21,old,LAL,IND,0.004260725791287634
2020-21,old,LAL,LAC,0.009168372956156762
2020-21,old,LAL,MEM,0.022614392189026167
2020-21,old,LAL,MIA,0.0
2020-21,old,LAL,MIL,0.0
2020-21,old,LAL,MIN,0.0026080843391895
2020-21,old,LAL,NOP,0.013682588279419046
2020-21,old,LAL,NYK,0.09942470315999413
2020-21,old,LAL,OKC,0.014893588578059532
2020-21,old,LAL,ORL,0.007600436222089956
2020-21,old,LAL,PHI,0.005304956926225591
2020-21,old,LAL,PHX,0.004869906956736769
2020-21,old,LAL,POR,0.0934978447560269
2020-21,old,LAL,SAC,0.023666693738714675
2020-21,old,LAL,SAS,0.009518454243351241
2020-21,old,LAL,TOR,0.007015940377968752
2020-21,old,LAL,UTA,0.00266594829455275
2020-21,old,LAL,WAS,0.0026987800268821016
2020-21,old,MEM,ATL,0.01594778110445169
2020-21,old,MEM,BKN,0.005035829729669534
2020-21,old,MEM,BOS,0.018740724398348566
2020-21,old,MEM,CHA,0.012834449190451283
2020-21,old,MEM,CHI,0.011793823018065372
2020-21,old,MEM,CLE,0.0022163329425719104
2020-21,old,MEM,DAL,0.0
2020-21,old,MEM,DEN,0.0014067768786173514
2020-21,old,MEM,DET,0.0036142240487167516
2020-21,old,MEM,GSW,0.03524165896130109
2020-21,old,MEM,HOU,0.021396821303963497
2020-21,old,MEM,IND,0.009510149512357608
2020-21,old,MEM,LAC,0.0014590517540687118
2020-21,old,MEM,LAL,0.01108553249964306
2020-21,old,MEM,MIA,0.0
2020-21,old,MEM,MIL,0.0
2020-21,old,MEM,MIN,0.004169375046355153
2020-21,old,MEM,NOP,0.011871323489584593
2020-21,old,MEM,NYK,0.05982598372783726
2020-21,old,MEM,OKC,0.0254690196934951
2020-21,old,MEM,ORL,0.005913162990858255
2020-21,old,MEM,PHI,0.005329741472619233
2020-21,old,MEM,PHX,0.0019119329074221306
2020-21,old,MEM,POR,0.022136853575096302
2020-21,old,MEM,SAC,0.010541572549904388
2020-21,old,MEM,SAS,0.018442023390487852
2020-21,old,MEM,TOR,0.0011479237939943825
2020-21,old,MEM,UTA,7.219827725905284e-05
2020-21,old,MEM,WAS,0.0016427309992196103
2020-21,old,MIA,ATL,0.01877716440459977
2020-21,old,MIA,BKN,0.003015894415459178
2020-21,old,MIA,BOS,0.025081666681375816
2020-21,old,MIA,CHA,0.020645213086791677
2020-21,old,MIA,CHI,0.0009378372538077844
2020-21,old,MIA,CLE,0.0007218835878006692
2020-21,old,MIA,DAL,0.0
2020-21,old,MIA,DEN,0.006555355290612065
2020-21,old,MIA,DET,2.2629310481314503e-05
2020-21,old,MIA,GSW,0.01864486469502889
2020-21,old,MIA,HOU,0.11962149846831194
2020-21,old,MIA,IND,0.019214563427153535
2020-21,old,MIA,LAC,0.007370959141548593
2020-21,old,MIA,LAL,0.010729607364476595
2020-21,old,MIA,MEM,0.02056875129370449
2020-21,old,MIA,MIL,0.0
2020-21,old,MIA,MIN,1.5156344735814465e-05
2020-21,old,MIA,NOP,0.008506841770425416
2020-21,old,MIA,NYK,0.05945357272184401
2020-21,old,MIA,OKC,0.1535519934489777
2020-21,old,MIA,ORL,0.016206089052223697
2020-21,old,MIA,PHI,0.0043728448833531604
2020-21,old,MIA,PHX,0.005084841596884057
2020-21,old,MIA,POR,0.008609375163655859
2020-21,old,MIA,SAC,0.0072471948602258005
2020-21,old,MIA,SAS,0.0051960831709576966
2020-21,old,MIA,TOR,0.007648132608544709
2020-21,old,MIA,UTA,0.0004450431108025127
2020-21,old,MIA,WAS,0.003050695705365157
2020-21,old,MIL,ATL,0.002663048836953712
2020-21,old,MIL,BKN,0.013353987086166882
2020-21,old,MIL,BOS,0.0020288101486308787
2020-21,old,MIL,CHA,0.0015864387812841994
2020-21,old,MIL,CHI,0.002230983184905267
2020-21,old,MIL,CLE,0.00057540044262512
2020-21,old,MIL,DAL,0.0
2020-21,old,MIL,DEN,0.0269468013232866
2020-21,old,MIL,DET,0.0005099677265991033
2020-21,old,MIL,GSW,0.001289862006745904
2020-21,old,MIL,HOU,0.13018755356179038
2020-21,old,MIL,IND,0.002969023710260997
2020-21,old,MIL,LAC,0.021245420199883135
2020-21,old,MIL,LAL,0.015682721552339813
2020-21,old,MIL,MEM,0.002678342069290679
2020-21,old,MIL,MIA,0.0
2020-21,old,MIL,MIN,8.851628490169245e-05
2020-21,old,MIL,NOP,0.019346261897633308
2020-21,old,MIL,NYK,0.01136004762404772
2020-21,old,MIL,OKC,0.005250538827887543
2020-21,old,MIL,ORL,0.02600468408134756
2020-21,old,MIL,PHI,0.013395474219116672
2020-21,old,MIL,PHX,0.010728153561904662
2020-21,old,MIL,POR,0.00031330819530733697
2020-21,old,MIL,SAC,0.023778968783569505
2020-21,old,MIL,SAS,0.005652198526418366
2020-21,old,MIL,TOR,0.008478968528043312
2020-21,old,MIL,UTA,0.0010150862270002735
2020-21,old,MIL,WAS,0.0040202281972745516
2020-21,old,MIN,ATL,0.00297112535714516
2020-21,old,MIN,BKN,0.008494073266247768
2020-21,old,MIN,BOS,0.0026219049175310104
2020-21,old,MIN,CHA,0.002038005873139887
2020-21,old,MIN,CHI,0.00044831834369095977
2020-21,old,MIN,CLE,0.010737099968352608
2020-21,old,MIN,DAL,0.0
2020-21,old,MIN,DEN,0.011075238384002825
2020-21,old,MIN,DET,0.004705010843784384
2020-21,old,MIN,GSW,0.027071879902791314
2020-21,old,MIN,HOU,0.03302336787058297
2020-21,old,MIN,IND,0.002187298128119924
2020-21,old,MIN,LAC,0.008976293164385675
2020-21,old,MIN,LAL,0.017259627813254193
2020-21,old,MIN,MEM,0.0002646134346407666
2020-21,old,MIN,MIA,0.0
2020-21,old,MIN,MIL,0.0
2020-21,old,MIN,NOP,0.003966430403179665
2020-21,old,MIN,NYK,0.022289801342602562
2020-21,old,MIN,OKC,0.007682650300156291
2020-21,old,MIN,ORL,0.0035750799737186163
2020-21,old,MIN,PHI,0.008844827635069217
2020-21,old,MIN,PHX,0.012390086256320876
2020-21,old,MIN,POR,8.028017106096673e-05
2020-21,old,MIN,SAC,0.004568330997943776
2020-21,old,MIN,SAS,0.0059460556200909955
2020-21,old,MIN,TOR,0.00031557491774277104
2020-21,old,MIN,UTA,0.0011476293311390127
2020-21,old,MIN,WAS,4.899763389411045e-05
2020-21,old,NOP,ATL,0.02851975144993816
2020-21,old,NOP,BKN,0.004406250037718564
2020-21,old,NOP,BOS,0.01392042744234848
2020-21,old,NOP,CHA,0.025061865227411367
2020-21,old,NOP,CHI,0.033425739484381004
2020-21,old,NOP,CLE,0.0024311729252342183
2020-21,old,NOP,DAL,0.0
2020-21,old,NOP,DEN,0.002411443784315116
2020-21,old,NOP,DET,0.0024630926053866675
2020-21,old,NOP,GSW,0.017813383955735534
2020-21,old,NOP,HOU,0.03488173516067788
2020-21,old,NOP,IND,0.020486970256428826
2020-21,old,NOP,LAC,7.570043150014407e-05
2020-21,old,NOP,LAL,0.012008196948589645
2020-21,old,NOP,MEM,0.016558105744550862
2020-21,old,NOP,MIA,0.0
2020-21,old,NOP,MIL,2.2934493752400396e-10
2020-21,old,NOP,MIN,0.0007892208669383734
2020-21,old,NOP,NYK,0.04732756890815874
2020-21,old,NOP,OKC,0.01591109928923884
2020-21,old,NOP,ORL,0.0089547180546654
2020-21,old,NOP,PHI,0.0039752155270202675
2020-21,old,NOP,PHX,0.006202586318610024
2020-21,old,NOP,POR,0.05693076511650296
2020-21,old,NOP,SAC,0.06529189800513936
2020-21,old,NOP,SAS,0.03947266030944414
2020-21,old,NOP,TOR,0.024152571100727743
2020-21,old,NOP,UTA,0.00205711207681753
2020-21,old,NOP,WAS,0.022660419476436936
2020-21,old,NYK,ATL,0.03617586973653632
2020-21,old,NYK,BKN,0.004692618538974786
2020-21,old,NYK,BOS,0.02060485799796644
2020-21,old,NYK,CHA,0.015489494624311864
2020-21,old,NYK,CHI,0.007524707775245471
2020-21,old,NYK,CLE,0.0025742963270301814
2020-21,old,NYK,DAL,0.0
2020-21,old,NYK,DEN,0.0034780080063738653
2020-21,old,NYK,DET,0.0003666487000762196
2020-21,old,NYK,GSW,0.011193723875465791
2020-21,old,NYK,HOU,0.05210129321223639
2020-21,old,NYK,IND,0.018446117952730347
2020-21,old,NYK,LAC,0.007406788780875826
2020-21,old,NYK,LAL,0.014363829621789458
2020-21,old,NYK,MEM,0.01064103227510554
2020-21,old,NYK,MIA,0.0
2020-21,old,NYK,MIL,0.0
2020-21,old,NYK,MIN,2.4632009751409706e-05
2020-21,old,NYK,NOP,0.003267059833953009
2020-21,old,NYK,OKC,0.04499326517528469
2020-21,old,NYK,ORL,0.0019366014148472456
2020-21,old,NYK,PHI,0.00432974133969702
2020-21,old,NYK,PHX,0.00017055308647830194
2020-21,old,NYK,POR,0.005521551776147481
2020-21,old,NYK,SAC,0.006640516541607705
2020-21,old,NYK,SAS,0.013940569915630828
2020-21,old,NYK,TOR,0.006507960513736311
2020-21,old,NYK,UTA,0.002191810352117595
2020-21,old,NYK,WAS,0.005671057648075109
2020-21,old,OKC,ATL,0.0020190533324382673
2020-21,old,OKC,BKN,0.032446120750512286
2020-21,old,OKC,BOS,0.006616539367815689
2020-21,old,OKC,CHA,0.006790929514151792
2020-21,old,OKC,CHI,0.025324621228547145
2020-21,old,OKC,CLE,0.02968438314229048
2020-21,old,OKC,DAL,0.0
2020-21,old,OKC,DEN,0.03288100770146419
2020-21,old,OKC,DET,0.009879848969064587
2020-21,old,OKC,GSW,0.026406196879968247
2020-21,old,OKC,HOU,0.0295264008846977
2020-21,old,OKC,IND,0.010281944943837804
2020-21,old,OKC,LAC,0.010724138028614608
2020-21,old,OKC,LAL,0.004165638434148419
2020-21,old,OKC,MEM,0.015926345263201684
2020-21,old,OKC,MIA,0.0
2020-21,old,OKC,MIL,4.1032376816220225e-11
2020-21,old,OKC,MIN,0.039408676831786886
2020-21,old,OKC,NOP,0.02562718104819656
2020-21,old,OKC,NYK,0.034010062837312456
2020-21,old,OKC,ORL,0.026450474194040067
2020-21,old,OKC,PHI,0.005670258655004075
2020-21,old,OKC,PHX,0.007007837982958994
2020-21,old,OKC,POR,0.0054854526368756625
2020-21,old,OKC,SAC,0.015356142175755032
2020-21,old,OKC,SAS,0.020830621453613564
2020-21,old,OKC,TOR,0.018176311530621606
2020-21,old,OKC,UTA,0.0010344827741962566
2020-21,old,OKC,WAS,0.016887990137444683
2020-21,old,ORL,ATL,0.009885632363054965
2020-21,old,ORL,BKN,0.016046605720827035
2020-21,old,ORL,BOS,0.008149021839010059
2020-21,old,ORL,CHA,0.0024387803611537837
2020-21,old,ORL,CHI,0.006163219520192842
2020-21,old,ORL,CLE,0.014804303568861735
2020-21,old,ORL,DAL,0.0
2020-21,old,ORL,DEN,0.010548492452266002
2020-21,old,ORL,DET,0.010534213219271518
2020-21,old,ORL,GSW,0.023928795254351612
2020-21,old,ORL,HOU,0.004837823673844788
2020-21,old,ORL,IND,0.002575938673225832
2020-21,old,ORL,LAC,0.015226293060816184
2020-21,old,ORL,LAL,0.0016916474411510611
2020-21,old,ORL,MEM,0.005936384883820422
2020-21,old,ORL,MIA,0.0
2020-21,old,ORL,MIL,1.0884874255574342e-09
2020-21,old,ORL,MIN,0.026201743092563543
2020-21,old,ORL,NOP,0.0017072201480104942
2020-21,old,ORL,NYK,0.016481220452715897
2020-21,old,ORL,OKC,0.015563308484230091
2020-21,old,ORL,PHI,0.000102370690136891
2020-21,old,ORL,PHX,5.38793111476919e-06
2020-21,old,ORL,POR,0.013697198356846985
2020-21,old,ORL,SAC,0.009167307484763533
2020-21,old,ORL,SAS,0.008005690291177384
2020-21,old,ORL,TOR,0.010251367922348912
2020-21,old,ORL,UTA,0.0
2020-21,old,ORL,WAS,0.01104643521360565
2020-21,old,PHI,ATL,0.0052668839721257635
2020-21,old,PHI,BKN,0.04102047432599397
2020-21,old,PHI,BOS,0.0065948372697230105
2020-21,old,PHI,CHA,0.005765462969329684
2020-21,old,PHI,CHI,0.0054043311891858
2020-21,old,PHI,CLE,0.019418411109451313
2020-21,old,PHI,DAL,0.0
2020-21,old,PHI,DEN,0.04178302753865852
2020-21,old,PHI,DET,0.0029531249904138006
2020-21,old,PHI,GSW,0.018989619430739145
2020-21,old,PHI,HOU,0.03418843130647317
2020-21,old,PHI,IND,0.004468789590613218
2020-21,old,PHI,LAC,0.05038793106651705
2020-21,old,PHI,LAL,0.010188785036969397
2020-21,old,PHI,MEM,0.008113869533509935
2020-21,old,PHI,MIA,0.0
2020-21,old,PHI,MIL,0.0
2020-21,old,PHI,MIN,0.02744404811225861
2020-21,old,PHI,NOP,0.002496163867075658
2020-21,old,PHI,NYK,0.018679333710288647
2020-21,old,PHI,OKC,0.01581088372492151
2020-21,old,PHI,ORL,0.0063462518553298805
2020-21,old,PHI,PHX,0.020865596672107946
2020-21,old,PHI,POR,0.001385775893356587
2020-21,old,PHI,SAC,0.004255593440068485
2020-21,old,PHI,SAS,0.0034210165002256827
2020-21,old,PHI,TOR,0.0036408507546912177
2020-21,old,PHI,UTA,0.004879310396740791
2020-21,old,PHI,WAS,0.003328015405115613
2020-21,old,PHX,ATL,0.012109342914236855
2020-21,old,PHX,BKN,0.0170792026904508
2020-21,old,PHX,BOS,0.007461302381149865
2020-21,old,PHX,CHA,0.01670538624005901
2020-21,old,PHX,CHI,0.0081210954263512
2020-21,old,PHX,CLE,0.0036146193766754897
2020-21,old,PHX,DAL,0.0
2020-21,old,PHX,DEN,0.012533211963757375
2020-21,old,PHX,DET,0.0019113684696916097
2020-21,old,PHX,GSW,0.014613142625873706
2020-21,old,PHX,HOU,0.016463362031259
2020-21,old,PHX,IND,0.016820660661989232
2020-21,old,PHX,LAC,0.022275862100489985
2020-21,old,PHX,LAL,0.006255697562009481
2020-21,old,PHX,MEM,0.011288002543614317
2020-21,old,PHX,MIA,0.0
2020-21,old,PHX,MIL,0.0
2020-21,old,PHX,MIN,0.008782552749968826
2020-21,old,PHX,NOP,0.00600643718000122
2020-21,old,PHX,NYK,0.012020764923106324
2020-21,old,PHX,OKC,0.012349407294973858
2020-21,old,PHX,ORL,0.005044189492359921
2020-21,old,PHX,PHI,0.022522629396588507
2020-21,old,PHX,POR,0.0005614224153747461
2020-21,old,PHX,SAC,0.006956398947981759
2020-21,old,PHX,SAS,0.006353439443897084
2020-21,old,PHX,TOR,0.0055516674958791725
2020-21,old,PHX,UTA,0.019053879360555963
2020-21,old,PHX,WAS,0.008375299471034289
2020-21,old,POR,ATL,0.04901184993517385
2020-21,old,POR,BKN,0.027437769517378783
2020-21,old,POR,BOS,0.016889016748895317
2020-21,old,POR,CHA,0.012956895608425112
2020-21,old,POR,CHI,0.000807046541775795
2020-21,old,POR,CLE,0.0007458734485179391
2020-21,old,POR,DAL,0.0
2020-21,old,POR,DEN,0.01559559108129834
2020-21,old,POR,DET,6.734913893461489e-06
2020-21,old,POR,GSW,0.010959273363941252
2020-21,old,POR,HOU,0.16060479482569617
2020-21,old,POR,IND,0.016376977606688558
2020-21,old,POR,LAC,0.028835398840681863
2020-21,old,POR,LAL,0.10081878414134482
2020-21,old,POR,MEM,0.021622725363503962
2020-21,old,POR,MIA,0.0
2020-21,old,POR,MIL,0.0
2020-21,old,POR,MIN,4.9584577612392654e-05
2020-21,old,POR,NOP,0.01056509172987902
2020-21,old,POR,NYK,0.09895630866214267
2020-21,old,POR,OKC,0.030904903306569594
2020-21,old,POR,ORL,0.0018469737263136846
2020-21,old,POR,PHI,0.01521767240908832
2020-21,old,POR,PHX,0.011467827253583467
2020-21,old,POR,SAC,0.003935073733942647
2020-21,old,POR,SAS,0.0077619629304186855
2020-21,old,POR,TOR,0.0016864118102387024
2020-21,old,POR,UTA,0.0014407327758341002
2020-21,old,POR,WAS,0.007817041656766036
2020-21,old,SAC,ATL,0.01594871301576629
2020-21,old,SAC,BKN,0.0013782327844568624
2020-21,old,SAC,BOS,0.014004198611002047
2020-21,old,SAC,CHA,0.003348686464460578
2020-21,old,SAC,CHI,0.05327483574141768
2020-21,old,SAC,CLE,0.010715946466533243
2020-21,old,SAC,DAL,0.0
2020-21,old,SAC,DEN,0.0034822592940098366
2020-21,old,SAC,DET,0.0021123383029620964
2020-21,old,SAC,GSW,0.019810861600897896
2020-21,old,SAC,HOU,0.010015625202424373
2020-21,old,SAC,IND,0.007226497832562671
2020-21,old,SAC,LAC,0.0026379310685723766
2020-21,old,SAC,LAL,0.010001988952098141
2020-21,old,SAC,MEM,0.0245414651577507
2020-21,old,SAC,MIA,0.0
2020-21,old,SAC,MIL,1.7362355660468203e-10
2020-21,old,SAC,MIN,0.008981799261646804
2020-21,old,SAC,NOP,0.050746108370131465
2020-21,old,SAC,NYK,0.07655867011974402
2020-21,old,SAC,OKC,0.01752451511760291
2020-21,old,SAC,ORL,0.024631558776325748
2020-21,old,SAC,PHI,0.0008308189806271471
2020-21,old,SAC,PHX,0.015567887992848715
2020-21,old,SAC,POR,0.02413820050923748
2020-21,old,SAC,SAS,0.022514923244604607
2020-21,old,SAC,TOR,0.030731394653924864
2020-21,old,SAC,UTA,0.0
2020-21,old,SAC,WAS,0.011976161470734456
2020-21,old,SAS,ATL,0.018858860643595134
2020-21,old,SAS,BKN,0.0037262931095179306
2020-21,old,SAS,BOS,0.005966521367785679
2020-21,old,SAS,CHA,0.028412067988924886
2020-21,old,SAS,CHI,0.011141916176039105
2020-21,old,SAS,CLE,0.004517136684816637
2020-21,old,SAS,DAL,0.0
2020-21,old,SAS,DEN,0.015669456973613986
2020-21,old,SAS,DET,0.0003820043339209374
2020-21,old,SAS,GSW,0.023342065989159288
2020-21,old,SAS,HOU,0.07065355590653027
2020-21,old,SAS,IND,0.03868468421000503
2020-21,old,SAS,LAC,0.005562500084252579
2020-21,old,SAS,LAL,0.020985793666399202
2020-21,old,SAS,MEM,0.018179952639101306
2020-21,old,SAS,MIA,0.0
2020-21,old,SAS,MIL,1.0494923593774995e-09
2020-21,old,SAS,MIN,0.0008419935898079326
2020-21,old,SAS,NOP,0.028489074596267108
2020-21,old,SAS,NYK,0.02503728651144761
2020-21,old,SAS,OKC,0.0165835130656668
2020-21,old,SAS,ORL,0.005059594132090223
2020-21,old,SAS,PHI,0.0032456896852316526
2020-21,old,SAS,PHX,0.0040268386348375615
2020-21,old,SAS,POR,0.042518588475128315
2020-21,old,SAS,SAC,0.011001458467410767
2020-21,old,SAS,TOR,0.007900955322365075
2020-21,old,SAS,UTA,0.004843750010758382
2020-21,old,SAS,WAS,0.030915049328312065
2020-21,old,TOR,ATL,0.0031958022649685425
2020-21,old,TOR,BKN,0.008726023692770157
2020-21,old,TOR,BOS,0.005176888949034666
2020-21,old,TOR,CHA,0.01917036872781737
2020-21,old,TOR,CHI,0.05744633585792136
2020-21,old,TOR,CLE,0.009982110040285938
2020-21,old,TOR,DAL,0.0
2020-21,old,TOR,DEN,0.010014312289407955
2020-21,old,TOR,DET,0.0025301724243788682
2020-21,old,TOR,GSW,0.02032835153971211
2020-21,old,TOR,HOU,0.012543642045448312
2020-21,old,TOR,IND,0.009799196602860567
2020-21,old,TOR,LAC,0.0016713362063706758
2020-21,old,TOR,LAL,0.0007756182101286845
2020-21,old,TOR,MEM,0.006764716572944286
2020-21,old,TOR,MIA,0.0
2020-21,old,TOR,MIL,1.9086066673472833e-10
2020-21,old,TOR,MIN,0.0013309611143501453
2020-21,old,TOR,NOP,0.027710585228371016
2020-21,old,TOR,NYK,0.0074361124995870765
2020-21,old,TOR,OKC,0.016341864053131854
2020-21,old,TOR,ORL,0.020721944309591386
2020-21,old,TOR,PHI,0.005559267373755575
2020-21,old,TOR,PHX,0.0007144396757428048
2020-21,old,TOR,POR,0.009312230616844067
2020-21,old,TOR,SAC,0.027389388082188597
2020-21,old,TOR,SAS,0.02588569475559769
2020-21,old,TOR,UTA,0.00019935345124646
2020-21,old,TOR,WAS,0.0327768868734254
2020-21,old,UTA,ATL,0.009508626795987506
2020-21,old,UTA,BKN,0.0054806035264106144
2020-21,old,UTA,BOS,0.0005772948249211672
2020-21,old,UTA,CHA,0.00015415311988983653
2020-21,old,UTA,CHI,0.017099957015347705
2020-21,old,UTA,CLE,0.005004189373304228
2020-21,old,UTA,DAL,0.0
2020-21,old,UTA,DEN,0.0015571120867074219
2020-21,old,UTA,DET,0.002442349212440853
2020-21,old,UTA,GSW,0.012295227618031151
2020-21,old,UTA,HOU,0.025015086290217807
2020-21,old,UTA,IND,0.0015239172813415406
2020-21,old,UTA,LAC,0.006975215559520213
2020-21,old,UTA,LAL,0.022558392821069174
2020-21,old,UTA,MEM,0.0009212799882650783
2020-21,old,UTA,MIA,0.0
2020-21,old,UTA,MIL,0.0
2020-21,old,UTA,MIN,5.581955365736687e-05
2020-21,old,UTA,NOP,0.02803910479269285
2020-21,old,UTA,NYK,0.016968320241549942
2020-21,old,UTA,OKC,0.009547413709625634
2020-21,old,UTA,ORL,0.02270097498304629
2020-21,old,UTA,PHI,0.007745689694159504
2020-21,old,UTA,PHX,0.03052262945243136
2020-21,old,UTA,POR,7.085129415921481e-05
2020-21,old,UTA,SAC,0.0012186696804502009
2020-21,old,UTA,SAS,0.0060192417961153445
2020-21,old,UTA,TOR,0.01034215618102466
2020-21,old,UTA,WAS,0.007743764869880011
2020-21,old,WAS,ATL,0.009759661329080212
2020-21,old,WAS,BKN,0.004462553915700171
2020-21,old,WAS,BOS,0.012599892473015333
2020-21,old,WAS,CHA,0.026520695171878883
2020-21,old,WAS,CHI,0.020685682896237092
2020-21,old,WAS,CLE,0.008241264362489474
2020-21,old,WAS,DAL,0.0
2020-21,old,WAS,DEN,0.0039031582104427985
2020-21,old,WAS,DET,0.0035016163615590157
2020-21,old,WAS,GSW,0.014202899686091616
2020-21,old,WAS,HOU,0.030605603711416837
2020-21,old,WAS,IND,0.029824278721625384
2020-21,old,WAS,LAC,0.0042424569103128185
2020-21,old,WAS,LAL,0.009926246666721211
2020-21,old,WAS,MEM,0.004849417870997673
2020-21,old,WAS,MIA,0.0
2020-21,old,WAS,MIL,1.7362355660468203e-10
2020-21,old,WAS,MIN,0.008654861952750947
2020-21,old,WAS,NOP,0.013004665464702492
2020-21,old,WAS,NYK,0.022128254445939313
2020-21,old,WAS,OKC,0.016976562694301183
2020-21,old,WAS,ORL,0.004855282378343764
2020-21,old,WAS,PHI,0.0040840517544059145
2020-21,old,WAS,PHX,1.1853278793067354e-05
2020-21,old,WAS,POR,0.012632812535378218
2020-21,old,WAS,SAC,0.007498728889482577
2020-21,old,WAS,SAS,0.017578104797886143
2020-21,old,WAS,TOR,0.015859846854643502
2020-21,old,WAS,UTA,0.0011497844866444839
2021-22,new,ATL,BKN,0.004287311412556628
2021-22,new,ATL,BOS,0.0015061259573389348
2021-22,new,ATL,CHA,0.15243738311033883
2021-22,new,ATL,CHI,0.00451034585100808
2021-22,new,ATL,CLE,0.1706553593892974
2021-22,new,ATL,DAL,0.004293618706537413
2021-22,new,ATL,DEN,0.003887547274757738
2021-22,new,ATL,DET,0.0012841013511382007
2021-22,new,ATL,GSW,0.0007672413880936801
2021-22,new,ATL,HOU,0.08417726288152183
2021-22,new,ATL,IND,0.09892851727551555
2021-22,new,ATL,LAC,0.0
2021-22,new,ATL,LAL,0.0
2021-22,new,ATL,MEM,0.008059508469603315
2021-22,new,ATL,MIA,0.0026721444605761376
2021-22,new,ATL,MIL,0.0035534782331894253
2021-22,new,ATL,MIN,0.001341524212253894
2021-22,new,ATL,NOP,0.008532443137327848
2021-22,new,ATL,NYK,0.0034649625646275316
2021-22,new,ATL,OKC,0.007033804133569543
2021-22,new,ATL,ORL,0.0015015871984222155
2021-22,new,ATL,PHI,0.0
2021-22,new,ATL,PHX,0.0
2021-22,new,ATL,POR,0.001616348423385604
2021-22,new,ATL,SAC,0.0020504552198593986
2021-22,new,ATL,SAS,0.019468508870609705
2021-22,new,ATL,TOR,0.027532300379206932
2021-22,new,ATL,UTA,5.1679150612620335e-06
2021-22,new,ATL,WAS,0.004204646121426169
2021-22,new,BKN,ATL,0.09678588198079507
2021-22,new,BKN,BOS,0.0016359298413646745
2021-22,new,BKN,CHA,0.07503978420854507
2021-22,new,BKN,CHI,0.005509159040655582
2021-22,new,BKN,CLE,0.05000760794551484
2021-22,new,BKN,DAL,0.0038449759993889636
2021-22,new,BKN,DEN,0.00895555016550051
2021-22,new,BKN,DET,0.0003632833198031571
2021-22,new,BKN,GSW,0.0017381465556260583
2021-22,new,BKN,HOU,0.3001320035571979
2021-22,new,BKN,IND,0.0262475245794635
2021-22,new,BKN,LAC,0.0
2021-22,new,BKN,LAL,0.0
2021-22,new,BKN,MEM,0.009258209725176278
2021-22,new,BKN,MIA,0.003518049606716197
2021-22,new,BKN,MIL,0.015448124788802808
2021-22,new,BKN,MIN,0.0034733639230842533
2021-22,new,BKN,NOP,0.0047587062421430805
2021-22,new,BKN,NYK,0.0014573126566940896
2021-22,new,BKN,OKC,0.0020716008756184855
2021-22,new,BKN,ORL,0.00042174907755177876
2021-22,new,BKN,PHI,0.0
2021-22,new,BKN,PHX,0.0
2021-22,new,BKN,POR,0.001987722601153628
2021-22,new,BKN,SAC,0.0005920904956640178
2021-22,new,BKN,SAS,0.06287744515668338
2021-22,new,BKN,TOR,0.0172318579579828
2021-22,new,BKN,UTA,0.0001085463893394326
2021-22,new,BKN,WAS,0.006296494353090596
2021-22,new,BOS,ATL,0.011506250656551358
2021-22,new,BOS,BKN,0.045851117916250156
2021-22,new,BOS,CHA,0.004285003437025671
2021-22,new,BOS,CHI,0.018398130873150842
2021-22,new,BOS,CLE,0.020369971047703526
2021-22,new,BOS,DAL,0.02637881637628831
2021-22,new,BOS,DEN,0.020575129366720596
2021-22,new,BOS,DET,0.00013826837604932556
2021-22,new,BOS,GSW,0.019344421355204464
2021-22,new,BOS,HOU,0.03731869602925145
2021-22,new,BOS,IND,0.011858274816601528
2021-22,new,BOS,LAC,0.0
2021-22,new,BOS,LAL,0.0
2021-22,new,BOS,MEM,0.01612527245757306
2021-22,new,BOS,MIA,0.015410560349460114
2021-22,new,BOS,MIL,0.030075859395404005
2021-22,new,BOS,MIN,0.03018381068189529
2021-22,new,BOS,NOP,0.0008840439355595957
2021-22,new,BOS,NYK,0.0003228644662136279
2021-22,new,BOS,OKC,0.0005294419081620418
2021-22,new,BOS,ORL,0.00015627351290289888
2021-22,new,BOS,PHI,0.0
2021-22,new,BOS,PHX,0.0
2021-22,new,BOS,POR,0.00041182429221739056
2021-22,new,BOS,SAC,0.0002343555327684766
2021-22,new,BOS,SAS,0.25308799837209717
2021-22,new,BOS,TOR,0.006937763511433622
2021-22,new,BOS,UTA,0.000579786817801356
2021-22,new,BOS,WAS,0.002809155002146101
2021-22,new,CHA,ATL,0.015789679831021277
2021-22,new,CHA,BKN,0.002158165383989438
2021-22,new,CHA,BOS,0.001052257709014849
2021-22,new,CHA,CHI,0.007193075389416954
2021-22,new,CHA,CLE,0.0632909180664578
2021-22,new,CHA,DAL,0.004563595394687648
2021-22,new,CHA,DEN,0.002023930076004069
2021-22,new,CHA,DET,0.0004741934560563117
2021-22,new,CHA,GSW,0.0017459922233976
2021-22,new,CHA,HOU,0.09962446156786833
2021-22,new,CHA,IND,0.04061606952123718
2021-22,new,CHA,LAC,0.0
2021-22,new,CHA,LAL,0.0
2021-22,new,CHA,MEM,0.009734998102588115
2021-22,new,CHA,MIA,0.002667025895146974
2021-22,new,CHA,MIL,0.0034499649070870685
2021-22,new,CHA,MIN,0.021678622449268728
2021-22,new,CHA,NOP,0.0032652957498913535
2021-22,new,CHA,NYK,0.0016585613578253687
2021-22,new,CHA,OKC,0.002165803941470738
2021-22,new,CHA,ORL,0.0005666300088804901
2021-22,new,CHA,PHI,0.0
2021-22,new,CHA,PHX,0.0
2021-22,new,CHA,POR,0.00017366502811165776
2021-22,new,CHA,SAC,0.000773833046118431
2021-22,new,CHA,SAS,0.016225700706036524
2021-22,new,CHA,TOR,0.02120781908204298
2021-22,new,CHA,UTA,0.0007720515173033752
2021-22,new,CHA,WAS,0.005471265161363793
2021-22,new,CHI,ATL,0.006118362949800125
2021-22,new,CHI,BKN,0.02217067975184081
2021-22,new,CHI,BOS,0.0023723341818223513
2021-22,new,CHI,CHA,0.017529804201060144
2021-22,new,CHI,CLE,0.020720747303628766
2021-22,new,CHI,DAL,0.023540541052255972
2021-22,new,CHI,DEN,0.02484813400548601
2021-22,new,CHI,DET,0.00036504115823530407
2021-22,new,CHI,GSW,0.010319154136327148
2021-22,new,CHI,HOU,0.021105334231176345
2021-22,new,CHI,IND,0.021273258808887356
2021-22,new,CHI,LAC,0.0
2021-22,new,CHI,LAL,0.0
2021-22,new,CHI,MEM,0.06877385494552221
2021-22,new,CHI,MIA,0.0064426186918642315
2021-22,new,CHI,MIL,0.02316178417104406
2021-22,new,CHI,MIN,0.02092918796140699
2021-22,new,CHI,NOP,0.009262275893517325
2021-22,new,CHI,NYK,0.0007998328861376902
2021-22,new,CHI,OKC,0.005785184613659695
2021-22,new,CHI,ORL,0.0004313564663403729
2021-22,new,CHI,PHI,0.0
2021-22,new,CHI,PHX,0.0
2021-22,new,CHI,POR,0.009668750639701502
2021-22,new,CHI,SAC,0.0011643706806756195
2021-22,new,CHI,SAS,0.0600656806409558
2021-22,new,CHI,TOR,0.03567066538458836
2021-22,new,CHI,UTA,3.0595289272555267e-06
2021-22,new,CHI,WAS,0.0030485588426297323
2021-22,new,CLE,ATL,0.18498386875093545
2021-22,new,CLE,BKN,0.08883849724935003
2021-22,new,CLE,BOS,0.0033279511125706824
2021-22,new,CLE,CHA,0.02014609297493915
2021-22,new,CLE,CHI,0.029829784182197873
2021-22,new,CLE,DAL,0.032937363741579316
2021-22,new,CLE,DEN,0.013384138139806283
2021-22,new,CLE,DET,0.003761630563175893
2021-22,new,CLE,GSW,0.012969235633812361
2021-22,new,CLE,HOU,0.035212284646273975
2021-22,new,CLE,IND,0.30529291268289127
2021-22,new,CLE,LAC,0.0
2021-22,new,CLE,LAL,0.0
2021-22,new,CLE,MEM,0.022378324103066595
2021-22,new,CLE,MIA,0.006553879438875374
2021-22,new,CLE,MIL,0.02029905407098083
2021-22,new,CLE,MIN,0.010095736474578176
2021-22,new,CLE,NOP,0.029599647069732664
2021-22,new,CLE,NYK,0.006967141111808952
2021-22,new,CLE,OKC,0.01513862101608099
2021-22,new,CLE,ORL,0.004168571252262516
2021-22,new,CLE,PHI,0.0
2021-22,new,CLE,PHX,0.0
2021-22,new,CLE,POR,0.005530865148860138
2021-22,new,CLE,SAC,0.006951874361810054
2021-22,new,CLE,SAS,0.03894144514562826
2021-22,new,CLE,TOR,0.05785568486742579
2021-22,new,CLE,UTA,0.00016938706866923665
2021-22,new,CLE,WAS,0.006755486347912497
2021-22,new,DAL,ATL,0.0296577034061042
2021-22,new,DAL,BKN,0.0360495692576635
2021-22,new,DAL,BOS,0.0001742474264856669
2021-22,new,DAL,CHA,0.0035997597146957437
2021-22,new,DAL,CHI,0.0006634169374139618
2021-22,new,DAL,CLE,0.009792829856886438
2021-22,new,DAL,DEN,0.008023081909745674
2021-22,new,DAL,DET,7.065877991776844e-05
2021-22,new,DAL,GSW,0.02860775862748189
2021-22,new,DAL,HOU,0.03619504278128294
2021-22,new,DAL,IND,0.0065508394958851655
2021-22,new,DAL,LAC,0.0
2021-22,new,DAL,LAL,0.0
2021-22,new,DAL,MEM,0.007648225623175139
2021-22,new,DAL,MIA,0.012453663843876587
2021-22,new,DAL,MIL,0.04275139725237216
2021-22,new,DAL,MIN,0.001870757435584491
2021-22,new,DAL,NOP,0.0009970895219998184
2021-22,new,DAL,NYK,0.0002725938098243158
2021-22,new,DAL,OKC,0.003859841221509638
2021-22,new,DAL,ORL,0.0001306120741149935
2021-22,new,DAL,PHI,0.0
2021-22,new,DAL,PHX,0.0
2021-22,new,DAL,POR,0.0001962473257470153
2021-22,new,DAL,SAC,0.00027257152504444487
2021-22,new,DAL,SAS,0.02245705831358861
2021-22,new,DAL,TOR,0.0073361818393898595
2021-22,new,DAL,UTA,0.00010760337641683919
2021-22,new,DAL,WAS,0.0002893107393434012
2021-22,new,DEN,ATL,0.013851602647561181
2021-22,new,DEN,BKN,0.02859115976726101
2021-22,new,DEN,BOS,0.00019158992783072283
2021-22,new,DEN,CHA,0.002754740181113813
2021-22,new,DEN,CHI,0.026166550244746685
2021-22,new,DEN,CLE,0.02620259158119472
2021-22,new,DEN,DAL,0.031272724728954246
2021-22,new,DEN,DET,0.00021671764555058072
2021-22,new,DEN,GSW,0.009872950875803602
2021-22,new,DEN,HOU,0.03517241380374141
2021-22,new,DEN,IND,0.028345203825816203
2021-22,new,DEN,LAC,0.0
2021-22,new,DEN,LAL,0.0
2021-22,new,DEN,MEM,0.05735350882440621
2021-22,new,DEN,MIA,0.008271282462118161
2021-22,new,DEN,MIL,0.02958545994411969
2021-22,new,DEN,MIN,0.0887276243561064
2021-22,new,DEN,NOP,0.0018970110320674193
2021-22,new,DEN,NYK,0.00045597687303559697
2021-22,new,DEN,OKC,0.0052880145563856664
2021-22,new,DEN,ORL,0.00024175799024742507
2021-22,new,DEN,PHI,0.0
2021-22,new,DEN,PHX,0.0
2021-22,new,DEN,POR,0.0006679403445326084
2021-22,new,DEN,SAC,0.0003222973315781789
2021-22,new,DEN,SAS,0.11659092783338897
2021-22,new,DEN,TOR,0.0021709250544482625
2021-22,new,DEN,UTA,0.00446812864991804
2021-22,new,DEN,WAS,0.0003301878125210837
2021-22,new,DET,ATL,0.042457477808173966
2021-22,new,DET,BKN,0.042717831448882276
2021-22,new,DET,BOS,0.0011791209806619333
2021-22,new,DET,CHA,0.0031790707075693048
2021-22,new,DET,CHI,0.004076884677266101
2021-22,new,DET,CLE,0.0003347884465062109
2021-22,new,DET,DAL,0.007323364921348178
2021-22,new,DET,DEN,0.004286145008546166
2021-22,new,DET,GSW,0.010377175058224723
2021-22,new,DET,HOU,0.004152478512902423
2021-22,new,DET,IND,0.027382024257172833
2021-22,new,DET,LAC,0.0
2021-22,new,DET,LAL,0.0
2021-22,new,DET,MEM,0.005326615227620228
2021-22,new,DET,MIA,0.0019418103918674053
2021-22,new,DET,MIL,0.02301677621273071
2021-22,new,DET,MIN,0.0006402993546577788
2021-22,new,DET,NOP,0.002550329211184909
2021-22,new,DET,NYK,0.0018767120682692138
2021-22,new,DET,OKC,0.00870133939260637
2021-22,new,DET,ORL,0.0007358994379533111
2021-22,new,DET,PHI,0.0
2021-22,new,DET,PHX,0.0
2021-22,new,DET,POR,0.0005428553075877722
2021-22,new,DET,SAC,0.0007267365038040123
2021-22,new,DET,SAS,0.033842898685545374
2021-22,new,DET,TOR,0.0029493618428062373
2021-22,new,DET,UTA,1.9058529739501459e-06
2021-22,new,DET,WAS,0.0006586186247815964
2021-22,new,GSW,ATL,0.0006391838464826795
2021-22,new,GSW,BKN,0.02304869946860608
2021-22,new,GSW,BOS,3.4797090634599265e-06
2021-22,new,GSW,CHA,0.007723604397158697
2021-22,new,GSW,CHI,0.020759366378507754
2021-22,new,GSW,CLE,0.0016214556351694443
2021-22,new,GSW,DAL,0.03236099269380623
2021-22,new,GSW,DEN,0.014750962238842237
2021-22,new,GSW,DET,1.0949753535159888e-05
2021-22,new,GSW,HOU,0.000612607763012358
2021-22,new,GSW,IND,0.004376535028747613
2021-22,new,GSW,LAC,0.0
2021-22,new,GSW,LAL,0.0
2021-22,new,GSW,MEM,0.039262252656811054
2021-22,new,GSW,MIA,0.03191163809841563
2021-22,new,GSW,MIL,0.026574851499944686
2021-22,new,GSW,MIN,0.008653120414416432
2021-22,new,GSW,NOP,0.033902130167750184
2021-22,new,GSW,NYK,2.4000248351203017e-05
2021-22,new,GSW,OKC,0.025518226352551233
2021-22,new,GSW,ORL,1.258096161561576e-05
2021-22,new,GSW,PHI,0.0
2021-22,new,GSW,PHX,0.0
2021-22,new,GSW,POR,0.010850581500713915
2021-22,new,GSW,SAC,0.0002343204904087672
2021-22,new,GSW,SAS,0.04972108615817112
2021-22,new,GSW,TOR,0.0036510288170920192
2021-22,new,GSW,UTA,0.00013796216294473387
2021-22,new,GSW,WAS,4.9841810971547036e-05
2021-22,new,HOU,ATL,0.008818182981308069
2021-22,new,HOU,BKN,0.008636863453846915
2021-22,new,HOU,BOS,1.4976578791776837e-07
2021-22,new,HOU,CHA,0.09546200620846068
2021-22,new,HOU,CHI,0.008458715750754308
2021-22,new,HOU,CLE,0.06297705318329337
2021-22,new,HOU,DAL,0.007227856596843943
2021-22,new,HOU,DEN,0.0031539738388612626
2021-22,new,HOU,DET,0.0015516939895869081
2021-22,new,HOU,GSW,0.006827234222372632
2021-22,new,HOU,IND,0.04611114633294035
2021-22,new,HOU,LAC,0.0
2021-22,new,HOU,LAL,0.0
2021-22,new,HOU,MEM,0.04950272255721518
2021-22,new,HOU,MIA,0.009061422505303576
2021-22,new,HOU,MIL,0.00934918713821792
2021-22,new,HOU,MIN,0.011247756217691522
2021-22,new,HOU,NOP,0.0343358321883569
2021-22,new,HOU,NYK,0.0008080853402848646
2021-22,new,HOU,OKC,0.005850519216609103
2021-22,new,HOU,ORL,0.0019644231620410944
2021-22,new,HOU,PHI,0.0
2021-22,new,HOU,PHX,0.0
2021-22,new,HOU,POR,0.0007024502785842239
2021-22,new,HOU,SAC,0.0010211421712167474
2021-22,new,HOU,SAS,0.01248557205203969
2021-22,new,HOU,TOR,4.220046444698191e-06
2021-22,new,HOU,UTA,6.92065737972265e-05
2021-22,new,HOU,WAS,0.0008091256995195132
2021-22,new,IND,ATL,0.005850593591695052
2021-22,new,IND,BKN,0.010284492623273004
2021-22,new,IND,BOS,4.93711526777243e-05
2021-22,new,IND,CHA,0.06037344152081863
2021-22,new,IND,CHI,0.017707931796666902
2021-22,new,IND,CLE,0.024523042815373743
2021-22,new,IND,DAL,0.004613749918710275
2021-22,new,IND,DEN,0.010772584326477222
2021-22,new,IND,DET,0.0007196029311857357
2021-22,new,IND,GSW,0.010477738805429477
2021-22,new,IND,HOU,0.05526239224458674
2021-22,new,IND,LAC,0.0
2021-22,new,IND,LAL,0.0
2021-22,new,IND,MEM,0.02135533770473406
2021-22,new,IND,MIA,0.005994612119272994
2021-22,new,IND,MIL,0.006136496067906998
2021-22,new,IND,MIN,0.003545798039480497
2021-22,new,IND,NOP,0.03135457468065113
2021-22,new,IND,NYK,0.000977781559235541
2021-22,new,IND,OKC,0.0015957843886683907
2021-22,new,IND,ORL,0.0007575827861928307
2021-22,new,IND,PHI,0.0
2021-22,new,IND,PHX,0.0
2021-22,new,IND,POR,0.005620117827478751
2021-22,new,IND,SAC,0.0006924638446552652
2021-22,new,IND,SAS,0.04742893212510853
2021-22,new,IND,TOR,0.00943841316685987
2021-22,new,IND,UTA,4.7653333823048125e-06
2021-22,new,IND,WAS,0.00048744114950910147
2021-22,new,LAC,ATL,0.00435002458411524
2021-22,new,LAC,BKN,0.012883733083832215
2021-22,new,LAC,BOS,0.00046678648184501204
2021-22,new,LAC,CHA,0.014023064100085244
2021-22,new,LAC,CHI,0.009735778945626498
2021-22,new,LAC,CLE,0.01444490343018562
2021-22,new,LAC,DAL,0.014122126986704876
2021-22,new,LAC,DEN,0.009060078496403737
2021-22,new,LAC,DET,0.0011864849353568042
2021-22,new,LAC,GSW,0.007650862125647736
2021-22,new,LAC,HOU,0.003191271589703634
2021-22,new,LAC,IND,0.0032652968325585954
2021-22,new,LAC,LAL,0.0
2021-22,new,LAC,MEM,0.020450296062552706
2021-22,new,LAC,MIA,0.012856681130601674
2021-22,new,LAC,MIL,0.004728429487611345
2021-22,new,LAC,MIN,0.006758495295825664
2021-22,new,LAC,NOP,0.02098505801107641
2021-22,new,LAC,NYK,0.00019708048420100032
2021-22,new,LAC,OKC,0.031038126410286
2021-22,new,LAC,ORL,0.00012743647957085284
2021-22,new,LAC,PHI,0.0
2021-22,new,LAC,PHX,0.0
2021-22,new,LAC,POR,0.01713517654178604
2021-22,new,LAC,SAC,0.00023234274049306397
2021-22,new,LAC,SAS,0.009083436948208692
2021-22,new,LAC,TOR,0.0
2021-22,new,LAC,UTA,0.00015437880765556
2021-22,new,LAC,WAS,0.00022648766891561855
2021-22,new,LAL,ATL,0.00026616378526749305
2021-22,new,LAL,BKN,0.001140086236730989
2021-22,new,LAL,BOS,0.0
2021-22,new,LAL,CHA,0.01380280505174973
2021-22,new,LAL,CHI,0.007006611343436066
2021-22,new,LAL,CLE,0.0
2021-22,new,LAL,DAL,0.0015322848454851394
2021-22,new,LAL,DEN,0.009955121000745967
2021-22,new,LAL,DET,0.0
2021-22,new,LAL,GSW,2.155172445907675e-06
2021-22,new,LAL,HOU,0.000538793115812386
2021-22,new,LAL,IND,0.0033372844153501356
2021-22,new,LAL,LAC,0.0
2021-22,new,LAL,MEM,0.04519259801562056
2021-22,new,LAL,MIA,1.077586222953837e-05
2021-22,new,LAL,MIL,0.0009030172559593257
2021-22,new,LAL,MIN,4.388958379297101e-05
2021-22,new,LAL,NOP,0.019078387150075284
2021-22,new,LAL,NYK,0.0
2021-22,new,LAL,OKC,0.008435435293345186
2021-22,new,LAL,ORL,0.0
2021-22,new,LAL,PHI,0.0
2021-22,new,LAL,PHX,0.0
2021-22,new,LAL,POR,0.01954220543042475
2021-22,new,LAL,SAC,0.00042936499850812563
2021-22,new,LAL,SAS,0.03220215137434747
2021-22,new,LAL,TOR,0.0
2021-22,new,LAL,UTA,0.0021765827617692304
2021-22,new,LAL,WAS,0.0
2021-22,new,MEM,ATL,0.0009980325746223948
2021-22,new,MEM,BKN,0.03333620778525827
2021-22,new,MEM,BOS,0.0
2021-22,new,MEM,CHA,0.010377348974202812
2021-22,new,MEM,CHI,0.0060474477795253966
2021-22,new,MEM,CLE,3.720002919553265e-07
2021-22,new,MEM,DAL,0.016964048868927592
2021-22,new,MEM,DEN,0.0064591138069586855
2021-22,new,MEM,DET,0.0001624890278818101
2021-22,new,MEM,GSW,0.021905172487544214
2021-22,new,MEM,HOU,0.0006740301443215721
2021-22,new,MEM,IND,0.00047524894031484704
2021-22,new,MEM,LAC,0.0
2021-22,new,MEM,LAL,0.0
2021-22,new,MEM,MIA,0.028476293265964066
2021-22,new,MEM,MIL,0.015038803039266479
2021-22,new,MEM,MIN,0.0006554859598792741
2021-22,new,MEM,NOP,0.012265085584564342
2021-22,new,MEM,NYK,4.846384689119138e-06
2021-22,new,MEM,OKC,0.00884497555208627
2021-22,new,MEM,ORL,0.00013565648091402776
2021-22,new,MEM,PHI,0.0
2021-22,new,MEM,PHX,0.0
2021-22,new,MEM,POR,0.011443860487377465
2021-22,new,MEM,SAC,6.983664411932453e-05
2021-22,new,MEM,SAS,0.03703641247971801
2021-22,new,MEM,TOR,1.4427882890274675e-06
2021-22,new,MEM,UTA,0.0003750314773255609
2021-22,new,MEM,WAS,3.530556668159805e-05
2021-22,new,MIA,ATL,0.0004272770481215745
2021-22,new,MIA,BKN,0.008476687055665715
2021-22,new,MIA,BOS,4.8715927156896705e-05
2021-22,new,MIA,CHA,9.496304827563496e-05
2021-22,new,MIA,CHI,0.0031886159089205227
2021-22,new,MIA,CLE,0.00024957519805646937
2021-22,new,MIA,DAL,0.011362652716772325
2021-22,new,MIA,DEN,0.01165098433093778
2021-22,new,MIA,DET,1.7590500020062417e-06
2021-22,new,MIA,GSW,0.02463273886298402
2021-22,new,MIA,HOU,0.0006470905268235649
2021-22,new,MIA,IND,0.005412988191332297
2021-22,new,MIA,LAC,0.0
2021-22,new,MIA,LAL,0.0
2021-22,new,MIA,MEM,0.012935170586383316
2021-22,new,MIA,MIL,0.010905219548056205
2021-22,new,MIA,MIN,0.0006529421423982175
2021-22,new,MIA,NOP,0.0004232261585536695
2021-22,new,MIA,NYK,2.8758497353072897e-06
2021-22,new,MIA,OKC,0.0020577853163103806
2021-22,new,MIA,ORL,1.897886289882457e-06
2021-22,new,MIA,PHI,0.0
2021-22,new,MIA,PHX,0.0
2021-22,new,MIA,POR,2.3371856577129827e-05
2021-22,new,MIA,SAC,2.830078453228155e-06
2021-22,new,MIA,SAS,0.013138716597543466
2021-22,new,MIA,TOR,0.00034734742565704885
2021-22,new,MIA,UTA,0.0007423735032377942
2021-22,new,MIA,WAS,5.63610435249459e-06
2021-22,new,MIL,ATL,0.15633037008895007
2021-22,new,MIL,BKN,0.04311888650387498
2021-22,new,MIL,BOS,0.0016428699606481016
2021-22,new,MIL,CHA,0.015067130576533007
2021-22,new,MIL,CHI,0.016284339234491445
2021-22,new,MIL,CLE,0.0042487121371824164
2021-22,new,MIL,DAL,0.04932461016918041
2021-22,new,MIL,DEN,0.026144747661862405
2021-22,new,MIL,DET,0.0036206395215120394
2021-22,new,MIL,GSW,0.023341738938821452
2021-22,new,MIL,HOU,0.00548275872007221
2021-22,new,MIL,IND,0.197395838497087
2021-22,new,MIL,LAC,0.0
2021-22,new,MIL,LAL,0.0
2021-22,new,MIL,MEM,0.031336063661888146
2021-22,new,MIL,MIA,0.020660021628196964
2021-22,new,MIL,MIN,0.007035340880463454
2021-22,new,MIL,NOP,0.03118654714851443
2021-22,new,MIL,NYK,0.004109323913000561
2021-22,new,MIL,OKC,0.013710775297821836
2021-22,new,MIL,ORL,0.00313606434278717
2021-22,new,MIL,PHI,0.0
2021-22,new,MIL,PHX,0.0
2021-22,new,MIL,POR,0.00936573139851238
2021-22,new,MIL,SAC,0.004502740980996771
2021-22,new,MIL,SAS,0.04157885096214445
2021-22,new,MIL,TOR,0.01901655160359742
2021-22,new,MIL,UTA,3.3217926432504607e-07
2021-22,new,MIL,WAS,0.008278209560899957
2021-22,new,MIN,ATL,0.0033643457017998187
2021-22,new,MIN,BKN,0.011777157349088777
2021-22,new,MIN,BOS,0.0007986377812570295
2021-22,new,MIN,CHA,0.003999115376492397
2021-22,new,MIN,CHI,0.01740799688305162
2021-22,new,MIN,CLE,2.398512774140398e-06
2021-22,new,MIN,DAL,0.008380759434428854
2021-22,new,MIN,DEN,0.028550093317731055
2021-22,new,MIN,DET,0.0006255931193089243
2021-22,new,MIN,GSW,0.014230972436211346
2021-22,new,MIN,HOU,0.0035460668697086138
2021-22,new,MIN,IND,0.031067681656285904
2021-22,new,MIN,LAC,0.0
2021-22,new,MIN,LAL,0.0
2021-22,new,MIN,MEM,0.024552547493477805
2021-22,new,MIN,MIA,0.00435344833679947
2021-22,new,MIN,MIL,0.00999752638911574
2021-22,new,MIN,NOP,0.02343140554463873
2021-22,new,MIN,NYK,0.00016719471187287652
2021-22,new,MIN,OKC,0.011426247607552202
2021-22,new,MIN,ORL,0.00033498351979801557
2021-22,new,MIN,PHI,0.0
2021-22,new,MIN,PHX,0.0
2021-22,new,MIN,POR,0.013440990005547092
2021-22,new,MIN,SAC,0.0004328010252878252
2021-22,new,MIN,SAS,0.027596695842643043
2021-22,new,MIN,TOR,0.0033845202081717075
2021-22,new,MIN,UTA,0.005440047743791692
2021-22,new,MIN,WAS,0.0001926227227216589
2021-22,new,NOP,ATL,0.0007676414504883191
2021-22,new,NOP,BKN,0.011347179182193938
2021-22,new,NOP,BOS,0.0018960208437783879
2021-22,new,NOP,CHA,0.042191849539881
2021-22,new,NOP,CHI,0.015426829062388576
2021-22,new,NOP,CLE,0.01327521125303786
2021-22,new,NOP,DAL,0.02450549720289527
2021-22,new,NOP,DEN,0.011399672779978887
2021-22,new,NOP,DET,9.6655822465332e-05
2021-22,new,NOP,GSW,0.007025862161616055
2021-22,new,NOP,HOU,0.020871228450018077
2021-22,new,NOP,IND,0.005681323458416527
2021-22,new,NOP,LAC,0.0
2021-22,new,NOP,LAL,0.0
2021-22,new,NOP,MEM,0.050043641544107634
2021-22,new,NOP,MIA,0.011612338407691731
2021-22,new,NOP,MIL,0.020626064602158673
2021-22,new,NOP,MIN,0.006960067566322509
2021-22,new,NOP,NYK,0.00040294542533158504
2021-22,new,NOP,OKC,0.020915829591091596
2021-22,new,NOP,ORL,0.00010993137297756425
2021-22,new,NOP,PHI,0.0
2021-22,new,NOP,PHX,0.0
2021-22,new,NOP,POR,0.02102804496081364
2021-22,new,NOP,SAC,0.000918759980355803
2021-22,new,NOP,SAS,0.026761007500923552
2021-22,new,NOP,TOR,0.016344082469271486
2021-22,new,NOP,UTA,1.520220343207194e-06
2021-22,new,NOP,WAS,0.0002458605453287434
2021-22,new,NYK,ATL,0.046290179115048645
2021-22,new,NYK,BKN,0.005507553033004137
2021-22,new,NYK,BOS,3.148383429202661e-06
2021-22,new,NYK,CHA,0.019459316826746086
2021-22,new,NYK,CHI,0.008890107124951372
2021-22,new,NYK,CLE,0.03198706741510496
2021-22,new,NYK,DAL,0.006636523088362933
2021-22,new,NYK,DEN,0.028122849950344222
2021-22,new,NYK,DET,0.00030269598898865384
2021-22,new,NYK,GSW,0.0020711206932198904
2021-22,new,NYK,HOU,0.07302101274191578
2021-22,new,NYK,IND,0.017940830536177815
2021-22,new,NYK,LAC,0.0
2021-22,new,NYK,LAL,0.0
2021-22,new,NYK,MEM,0.06565391075544243
2021-22,new,NYK,MIA,0.002231681065569664
2021-22,new,NYK,MIL,0.0073393701547941415
2021-22,new,NYK,MIN,0.008853841783031738
2021-22,new,NYK,NOP,0.01660955641022289
2021-22,new,NYK,OKC,0.0008170882284355425
2021-22,new,NYK,ORL,0.0008760867275927402
2021-22,new,NYK,PHI,0.0
2021-22,new,NYK,PHX,0.0
2021-22,new,NYK,POR,0.00016823591022126365
2021-22,new,NYK,SAC,0.0005970005801629476
2021-22,new,NYK,SAS,0.048427463661075844
2021-22,new,NYK,TOR,0.003701317327873806
2021-22,new,NYK,UTA,3.07725127045003e-07
2021-22,new,NYK,WAS,0.001482373024706897
2021-22,new,OKC,ATL,0.054638733033862415
2021-22,new,OKC,BKN,0.0038535366506003894
2021-22,new,OKC,BOS,9.640527093338358e-06
2021-22,new,OKC,CHA,0.002803108479959006
2021-22,new,OKC,CHI,0.007799346058008828
2021-22,new,OKC,CLE,0.0002508277058345207
2021-22,new,OKC,DAL,0.005333238739076053
2021-22,new,OKC,DEN,0.025795413884694546
2021-22,new,OKC,DET,0.009164946062090413
2021-22,new,OKC,GSW,0.0033513227293468033
2021-22,new,OKC,HOU,0.0077241382302700315
2021-22,new,OKC,IND,0.0056251340250723725
2021-22,new,OKC,LAC,0.0
2021-22,new,OKC,LAL,0.0
2021-22,new,OKC,MEM,0.040859009204808054
2021-22,new,OKC,MIA,0.0005412176818434343
2021-22,new,OKC,MIL,0.0027833821957047814
2021-22,new,OKC,MIN,0.002568322227780927
2021-22,new,OKC,NOP,0.010322124239711525
2021-22,new,OKC,NYK,0.00044336613570157297
2021-22,new,OKC,ORL,0.006226727053829332
2021-22,new,OKC,PHI,0.0
2021-22,new,OKC,PHX,0.0
2021-22,new,OKC,POR,0.0037194185277712043
2021-22,new,OKC,SAC,0.0006200434752578539
2021-22,new,OKC,SAS,0.022904637645102335
2021-22,new,OKC,TOR,0.00071945787646628
2021-22,new,OKC,UTA,0.000155487668337673
2021-22,new,OKC,WAS,0.0013217694811727017
2021-22,new,ORL,ATL,0.03116382850702226
2021-22,new,ORL,BKN,0.005428299488156536
2021-22,new,ORL,BOS,0.0004867941339479829
2021-22,new,ORL,CHA,0.012624928048097303
2021-22,new,ORL,CHI,0.020465027340422128
2021-22,new,ORL,CLE,0.015080060147450267
2021-22,new,ORL,DAL,0.0054885001605676845
2021-22,new,ORL,DEN,0.006843456749638236
2021-22,new,ORL,DET,0.00224782119342596
2021-22,new,ORL,GSW,0.010709123854165458
2021-22,new,ORL,HOU,0.018628502311084646
2021-22,new,ORL,IND,0.048533272374436186
2021-22,new,ORL,LAC,0.0
2021-22,new,ORL,LAL,0.0
2021-22,new,ORL,MEM,0.011177498412344685
2021-22,new,ORL,MIA,0.0007133620827266112
2021-22,new,ORL,MIL,0.007712341291103017
2021-22,new,ORL,MIN,0.014733450280807914
2021-22,new,ORL,NOP,0.004887003116782424
2021-22,new,ORL,NYK,0.0012267521525293245
2021-22,new,ORL,OKC,0.0052785498638834565
2021-22,new,ORL,PHI,0.0
2021-22,new,ORL,PHX,0.0
2021-22,new,ORL,POR,0.0010393663210883728
2021-22,new,ORL,SAC,0.0012709239482301153
2021-22,new,ORL,SAS,0.047695707078550365
2021-22,new,ORL,TOR,0.015225433792199417
2021-22,new,ORL,UTA,7.067071585401825e-05
2021-22,new,ORL,WAS,0.0013490275688016042
2021-22,new,PHI,ATL,0.026311881109619392
2021-22,new,PHI,BKN,0.1271836682464546
2021-22,new,PHI,BOS,0.0014435116719950798
2021-22,new,PHI,CHA,0.0022651354555627773
2021-22,new,PHI,CHI,0.019253471249373492
2021-22,new,PHI,CLE,0.012841579703885584
2021-22,new,PHI,DAL,0.016152884959401294
2021-22,new,PHI,DEN,0.0048795463130768945
2021-22,new,PHI,DET,0.000540241353402123
2021-22,new,PHI,GSW,0.007133715075301563
2021-22,new,PHI,HOU,0.00955360987055083
2021-22,new,PHI,IND,0.017205181858046294
2021-22,new,PHI,LAC,0.0
2021-22,new,PHI,LAL,0.0
2021-22,new,PHI,MEM,0.01496461207602809
2021-22,new,PHI,MIA,0.007505388010999767
2021-22,new,PHI,MIL,0.016604296145840258
2021-22,new,PHI,MIN,0.005752668743396483
2021-22,new,PHI,NOP,0.004293000385937846
2021-22,new,PHI,NYK,0.0011194315576226153
2021-22,new,PHI,OKC,0.006114450139301678
2021-22,new,PHI,ORL,0.0006872436381482805
2021-22,new,PHI,PHX,0.0
2021-22,new,PHI,POR,0.001431700028411985
2021-22,new,PHI,SAC,0.0011194745706216262
2021-22,new,PHI,SAS,0.020664134323334978
2021-22,new,PHI,TOR,0.022306648468687035
2021-22,new,PHI,UTA,1.1669884086532384e-05
2021-22,new,PHI,WAS,0.0010315668160307985
2021-22,new,PHX,ATL,0.004228507722381395
2021-22,new,PHX,BKN,0.002580848388993973
2021-22,new,PHX,BOS,8.282349842868923e-07
2021-22,new,PHX,CHA,0.0003315658319587948
2021-22,new,PHX,CHI,0.003635038560001039
2021-22,new,PHX,CLE,1.1987380582325089e-05
2021-22,new,PHX,DAL,0.003589401251450603
2021-22,new,PHX,DEN,3.0769165331791787e-07
2021-22,new,PHX,DET,0.0005413073396353875
2021-22,new,PHX,GSW,0.0008099250725385233
2021-22,new,PHX,HOU,0.0010148168942923175
2021-22,new,PHX,IND,0.0019549373110975096
2021-22,new,PHX,LAC,0.0
2021-22,new,PHX,LAL,0.0
2021-22,new,PHX,MEM,0.006813999401109465
2021-22,new,PHX,MIA,0.0008138470040385387
2021-22,new,PHX,MIL,0.0041682483190285
2021-22,new,PHX,MIN,0.015509228968549381
2021-22,new,PHX,NOP,0.0007145486433046443
2021-22,new,PHX,NYK,1.610276518492575e-05
2021-22,new,PHX,OKC,0.001089338777106548
2021-22,new,PHX,ORL,0.0005921332839918625
2021-22,new,PHX,PHI,0.0
2021-22,new,PHX,POR,0.0001827608555491867
2021-22,new,PHX,SAC,4.50127350145404e-05
2021-22,new,PHX,SAS,0.0065709468105544025
2021-22,new,PHX,TOR,2.6175082303419406e-05
2021-22,new,PHX,UTA,0.0002872515323306172
2021-22,new,PHX,WAS,0.00016131078701357433
2021-22,new,POR,ATL,0.009067160453801935
2021-22,new,POR,BKN,0.004827629914946336
2021-22,new,POR,BOS,0.0006118085916336738
2021-22,new,POR,CHA,0.012775214201004826
2021-22,new,POR,CHI,0.036040518332312386
2021-22,new,POR,CLE,0.0007012127564714169
2021-22,new,POR,DAL,0.003884966474867003
2021-22,new,POR,DEN,0.020945932797980113
2021-22,new,POR,DET,0.0011714257257649614
2021-22,new,POR,GSW,0.00012825239215965995
2021-22,new,POR,HOU,0.0028461746039503285
2021-22,new,POR,IND,0.004146647422833662
2021-22,new,POR,LAC,0.0
2021-22,new,POR,LAL,0.0
2021-22,new,POR,MEM,0.08460696443767955
2021-22,new,POR,MIA,0.005156788892265216
2021-22,new,POR,MIL,0.00018857758973949944
2021-22,new,POR,MIN,0.0015259495197767494
2021-22,new,POR,NOP,0.08951652019488633
2021-22,new,POR,NYK,0.00029460520367947615
2021-22,new,POR,OKC,0.004218108518188574
2021-22,new,POR,ORL,0.001856278757330559
2021-22,new,POR,PHI,0.0
2021-22,new,POR,PHX,0.0
2021-22,new,POR,SAC,0.0014985108837459525
2021-22,new,POR,SAS,0.028995703285461
2021-22,new,POR,TOR,0.003616135398748785
2021-22,new,POR,UTA,3.1131768297192485e-07
2021-22,new,POR,WAS,0.0001012418180202456
2021-22,new,SAC,ATL,0.011035840572512522
2021-22,new,SAC,BKN,0.019827690419230652
2021-22,new,SAC,BOS,0.0008062212808594648
2021-22,new,SAC,CHA,0.010534963975199135
2021-22,new,SAC,CHI,0.01205403809836162
2021-22,new,SAC,CLE,0.000890330161954139
2021-22,new,SAC,DAL,0.02248612263022608
2021-22,new,SAC,DEN,0.014450417215581105
2021-22,new,SAC,DET,0.0006222607522382933
2021-22,new,SAC,GSW,0.010022629383582109
2021-22,new,SAC,HOU,0.027546605726158063
2021-22,new,SAC,IND,0.007238996318822017
2021-22,new,SAC,LAC,0.0
2021-22,new,SAC,LAL,0.0
2021-22,new,SAC,MEM,0.050920905778824244
2021-22,new,SAC,MIA,0.003777478518394015
2021-22,new,SAC,MIL,0.01649726370433795
2021-22,new,SAC,MIN,0.008136781633683773
2021-22,new,SAC,NOP,0.005972468652573705
2021-22,new,SAC,NYK,0.0011072950622518115
2021-22,new,SAC,OKC,0.0007867285663978702
2021-22,new,SAC,ORL,0.0004522439862214096
2021-22,new,SAC,PHI,0.0
2021-22,new,SAC,PHX,0.0
2021-22,new,SAC,POR,0.002613521964401507
2021-22,new,SAC,SAS,0.02547121794954978
2021-22,new,SAC,TOR,0.004475944771817807
2021-22,new,SAC,UTA,3.180496405144398e-05
2021-22,new,SAC,WAS,0.0023145749776262415
2021-22,new,SAS,ATL,0.010643513651811331
2021-22,new,SAS,BKN,0.024432935803726026
2021-22,new,SAS,BOS,0.000640226604070894
2021-22,new,SAS,CHA,0.01021509719063832
2021-22,new,SAS,CHI,0.007320874708966536
2021-22,new,SAS,CLE,0.0008387971010282063
2021-22,new,SAS,DAL,0.0057762731006034684
2021-22,new,SAS,DEN,0.004442001950357533
2021-22,new,SAS,DET,0.001960998814332461
2021-22,new,SAS,GSW,0.01229313292462924
2021-22,new,SAS,HOU,0.0009806035028706336
2021-22,new,SAS,IND,0.003906661160216408
2021-22,new,SAS,LAC,0.0
2021-22,new,SAS,LAL,0.0
2021-22,new,SAS,MEM,0.06115793975644854
2021-22,new,SAS,MIA,0.011167025965124623
2021-22,new,SAS,MIL,0.023907660656447494
2021-22,new,SAS,MIN,0.0009618058819040896
2021-22,new,SAS,NOP,0.11118073045579702
2021-22,new,SAS,NYK,7.62493937918003e-05
2021-22,new,SAS,OKC,0.0027498117161170147
2021-22,new,SAS,ORL,0.0030603129545237195
2021-22,new,SAS,PHI,0.0
2021-22,new,SAS,PHX,0.0
2021-22,new,SAS,POR,0.021815365363986372
2021-22,new,SAS,SAC,0.0013920006385692082
2021-22,new,SAS,TOR,0.003054512882013947
2021-22,new,SAS,UTA,7.849687895698261e-07
2021-22,new,SAS,WAS,8.516949264087111e-05
2021-22,new,TOR,ATL,0.024674055365213148
2021-22,new,TOR,BKN,0.05413835345167299
2021-22,new,TOR,BOS,0.0038891500905002332
2021-22,new,TOR,CHA,0.014093231638030947
2021-22,new,TOR,CHI,0.050375887906472655
2021-22,new,TOR,CLE,0.07560954519971191
2021-22,new,TOR,DAL,0.0231799774350304
2021-22,new,TOR,DEN,0.03427877604426304
2021-22,new,TOR,DET,0.001315054364607226
2021-22,new,TOR,GSW,0.01267308785368594
2021-22,new,TOR,HOU,0.06564762934851702
2021-22,new,TOR,IND,0.029201397501974695
2021-22,new,TOR,LAC,0.0
2021-22,new,TOR,LAL,0.0
2021-22,new,TOR,MEM,0.04419037767523574
2021-22,new,TOR,MIA,0.010665140021451877
2021-22,new,TOR,MIL,0.028951169920456106
2021-22,new,TOR,MIN,0.02272759851908658
2021-22,new,TOR,NOP,0.0055417489670771605
2021-22,new,TOR,NYK,0.0015531648216336742
2021-22,new,TOR,OKC,0.008560277989935274
2021-22,new,TOR,ORL,0.0009772840119579862
2021-22,new,TOR,PHI,0.0
2021-22,new,TOR,PHX,0.0
2021-22,new,TOR,POR,0.0033744116441216465
2021-22,new,TOR,SAC,0.002014184455940235
2021-22,new,TOR,SAS,0.13901252998901714
2021-22,new,TOR,UTA,0.00013894931283849816
2021-22,new,TOR,WAS,0.0025504754934987306
2021-22,new,UTA,ATL,0.007885057121124348
2021-22,new,UTA,BKN,0.021175200983097654
2021-22,new,UTA,BOS,0.000268180969539889
2021-22,new,UTA,CHA,0.006486115340786153
2021-22,new,UTA,CHI,0.014721527644602876
2021-22,new,UTA,CLE,0.0046187919015456946
2021-22,new,UTA,DAL,0.021116627700472106
2021-22,new,UTA,DEN,0.052014528052756984
2021-22,new,UTA,DET,0.0020378154684832558
2021-22,new,UTA,GSW,0.007859913892562277
2021-22,new,UTA,HOU,0.0014746767686125988
2021-22,new,UTA,IND,0.008335635369996831
2021-22,new,UTA,LAC,0.0
2021-22,new,UTA,LAL,0.0
2021-22,new,UTA,MEM,0.23419656751298487
2021-22,new,UTA,MIA,0.00854094840802959
2021-22,new,UTA,MIL,0.020179137857905236
2021-22,new,UTA,MIN,0.010741128885705864
2021-22,new,UTA,NOP,0.0008153716728216702
2021-22,new,UTA,NYK,0.00011682401478426091
2021-22,new,UTA,OKC,0.002230128633264413
2021-22,new,UTA,ORL,0.0003196710824731153
2021-22,new,UTA,PHI,0.0
2021-22,new,UTA,PHX,0.0
2021-22,new,UTA,POR,0.0010933466876454237
2021-22,new,UTA,SAC,0.0003124995638421425
2021-22,new,UTA,SAS,0.04920213384771978
2021-22,new,UTA,TOR,0.006366922004602218
2021-22,new,UTA,WAS,0.00012082645247191864
2021-22,new,WAS,ATL,0.003968342223802308
2021-22,new,WAS,BKN,0.01790128548249065
2021-22,new,WAS,BOS,0.0002693402461693495
2021-22,new,WAS,CHA,0.04741104508186682
2021-22,new,WAS,CHI,0.013157848687292875
2021-22,new,WAS,CLE,0.12134140140379249
2021-22,new,WAS,DAL,0.010289404565396393
2021-22,new,WAS,DEN,0.007601243031592099
2021-22,new,WAS,DET,0.0009147988766642554
2021-22,new,WAS,GSW,0.012811422606384192
2021-22,new,WAS,HOU,0.051631465699957226
2021-22,new,WAS,IND,0.07660803153875755
2021-22,new,WAS,LAC,0.0
2021-22,new,WAS,LAL,0.0
2021-22,new,WAS,MEM,0.019998606285152893
2021-22,new,WAS,MIA,0.01323706900138922
2021-22,new,WAS,MIL,0.0135669153688346
2021-22,new,WAS,MIN,0.014694092995582482
2021-22,new,WAS,NOP,0.01820476534655348
2021-22,new,WAS,NYK,0.0029055437565615413
2021-22,new,WAS,OKC,0.003464095854116611
2021-22,new,WAS,ORL,0.0010765362933082554
2021-22,new,WAS,PHI,0.0
2021-22,new,WAS,PHX,0.0
2021-22,new,WAS,POR,0.00036032553911342864
2021-22,new,WAS,SAC,0.0015382367692731251
2021-22,new,WAS,SAS,0.028870778174925362
2021-22,new,WAS,TOR,0.010231666657448936
2021-22,new,WAS,UTA,0.0007056335536044415
2021-22,old,ATL,BKN,0.004173281938362606
2021-22,old,ATL,BOS,0.00014188354528784134
2021-22,old,ATL,CHA,0.07302478131266998
2021-22,old,ATL,CHI,0.0055665639586035326
2021-22,old,ATL,CLE,0.16330129485111933
2021-22,old,ATL,DAL,0.0043004188449156785
2021-22,old,ATL,DEN,0.003843894316106507
2021-22,old,ATL,DET,2.3281960382777146e-05
2021-22,old,ATL,GSW,0.0007672420988762951
2021-22,old,ATL,HOU,0.03225080782198347
2021-22,old,ATL,IND,0.1149635233639359
2021-22,old,ATL,LAC,0.0
2021-22,old,ATL,LAL,0.0
2021-22,old,ATL,MEM,0.04079254195055518
2021-22,old,ATL,MIA,0.0026691811007511774
2021-22,old,ATL,MIL,0.0032559550709101103
2021-22,old,ATL,MIN,0.003475987051758127
2021-22,old,ATL,NOP,0.032961350988442994
2021-22,old,ATL,NYK,0.0174706638622701
2021-22,old,ATL,OKC,0.013656568275113124
2021-22,old,ATL,ORL,0.0029925292600482883
2021-22,old,ATL,PHI,0.0
2021-22,old,ATL,PHX,0.0
2021-22,old,ATL,POR,0.010773377284173243
2021-22,old,ATL,SAC,0.0018548511420317234
2021-22,old,ATL,SAS,0.019331261075779805
2021-22,old,ATL,TOR,0.013957292898264787
2021-22,old,ATL,UTA,2.1272899182759472e-06
2021-22,old,ATL,WAS,0.008874788881920656
2021-22,old,BKN,ATL,0.040717623686057074
2021-22,old,BKN,BOS,0.00012739814833638032
2021-22,old,BKN,CHA,0.04140210121453816
2021-22,old,BKN,CHI,0.005052185616161982
2021-22,old,BKN,CLE,0.049105695151080014
2021-22,old,BKN,DAL,0.004154492336418027
2021-22,old,BKN,DEN,0.008774317073948752
2021-22,old,BKN,DET,5.616531812633915e-06
2021-22,old,BKN,GSW,0.0017381466735985267
2021-22,old,BKN,HOU,0.18867403003888944
2021-22,old,BKN,IND,0.03140726709933697
2021-22,old,BKN,LAC,0.0
2021-22,old,BKN,LAL,0.0
2021-22,old,BKN,MEM,0.010251241969210295
2021-22,old,BKN,MIA,0.0034932651230864687
2021-22,old,BKN,MIL,0.011751053160398088
2021-22,old,BKN,MIN,0.0031648473601843296
2021-22,old,BKN,NOP,0.018055982627023584
2021-22,old,BKN,NYK,0.0009200229916339124
2021-22,old,BKN,OKC,0.008418134536309796
2021-22,old,BKN,ORL,1.122736339930145e-05
2021-22,old,BKN,PHI,0.0
2021-22,old,BKN,PHX,0.0
2021-22,old,BKN,POR,0.0035177780610387796
2021-22,old,BKN,SAC,5.579759057727177e-06
2021-22,old,BKN,SAS,0.05494082257624749
2021-22,old,BKN,TOR,0.009276842086832576
2021-22,old,BKN,UTA,5.543939853450006e-06
2021-22,old,BKN,WAS,0.0149870922847401
2021-22,old,BOS,ATL,0.005055152055890732
2021-22,old,BOS,BKN,0.04577292511245043
2021-22,old,BOS,CHA,0.0035204297560281887
2021-22,old,BOS,CHI,0.017277708032365925
2021-22,old,BOS,CLE,0.01472320987609321
2021-22,old,BOS,DAL,0.02492000380817132
2021-22,old,BOS,DEN,0.021403017984798604
2021-22,old,BOS,DET,6.505253944629441e-05
2021-22,old,BOS,GSW,0.019380580799044825
2021-22,old,BOS,HOU,0.02602397629892822
2021-22,old,BOS,IND,0.013757280406956712
2021-22,old,BOS,LAC,0.0
2021-22,old,BOS,LAL,0.0
2021-22,old,BOS,MEM,0.01709958943221995
2021-22,old,BOS,MIA,0.015384428888250238
2021-22,old,BOS,MIL,0.028325684396007515
2021-22,old,BOS,MIN,0.023891067613048416
2021-22,old,BOS,NOP,0.0012531442606391924
2021-22,old,BOS,NYK,0.00018482469930118417
2021-22,old,BOS,OKC,0.002385024075057126
2021-22,old,BOS,ORL,6.249425455675881e-07
2021-22,old,BOS,PHI,0.0
2021-22,old,BOS,PHX,0.0
2021-22,old,BOS,POR,0.0026312229664146643
2021-22,old,BOS,SAC,0.00047745412070201456
2021-22,old,BOS,SAS,0.24654276536133907
2021-22,old,BOS,TOR,0.0026319462228879447
2021-22,old,BOS,UTA,1.7477035634933967e-05
2021-22,old,BOS,WAS,0.0022026891362416914
2021-22,old,CHA,ATL,0.01884949533634486
2021-22,old,CHA,BKN,0.002113816886424821
2021-22,old,CHA,BOS,5.773293954777782e-05
2021-22,old,CHA,CHI,0.007241738768429415
2021-22,old,CHA,CLE,0.07565290354914958
2021-22,old,CHA,DAL,0.0045975727065109585
2021-22,old,CHA,DEN,0.002086206306315124
2021-22,old,CHA,DET,7.236474832790518e-06
2021-22,old,CHA,GSW,0.0017475598111951825
2021-22,old,CHA,HOU,0.04986341591775899
2021-22,old,CHA,IND,0.055228038735121436
2021-22,old,CHA,LAC,0.0
2021-22,old,CHA,LAL,0.0
2021-22,old,CHA,MEM,0.015014352348731809
2021-22,old,CHA,MIA,0.0026778017525593265
2021-22,old,CHA,MIL,0.0034472384361760246
2021-22,old,CHA,MIN,0.010461352958687224
2021-22,old,CHA,NOP,0.018821281355707223
2021-22,old,CHA,NYK,0.014955306423333297
2021-22,old,CHA,OKC,0.00779749452182663
2021-22,old,CHA,ORL,4.928935681755907e-06
2021-22,old,CHA,PHI,0.0
2021-22,old,CHA,PHX,0.0
2021-22,old,CHA,POR,0.00329078364479761
2021-22,old,CHA,SAC,2.1195654081928013e-05
2021-22,old,CHA,SAS,0.01813376399659363
2021-22,old,CHA,TOR,0.010171438277459668
2021-22,old,CHA,UTA,3.3385605295325316e-05
2021-22,old,CHA,WAS,0.005832542505788993
2021-22,old,CHI,ATL,0.0038262228797114697
2021-22,old,CHI,BKN,0.021921236958442468
2021-22,old,CHI,BOS,0.0002052278268331635
2021-22,old,CHI,CHA,0.02635132182768774
2021-22,old,CHI,CLE,0.014288873988922906
2021-22,old,CHI,DAL,0.02342973006830883
2021-22,old,CHI,DEN,0.024209323476416335
2021-22,old,CHI,DET,3.817954346104758e-06
2021-22,old,CHI,GSW,0.010317887979830891
2021-22,old,CHI,HOU,0.010345635709637806
2021-22,old,CHI,IND,0.023574301574402975
2021-22,old,CHI,LAC,0.0
2021-22,old,CHI,LAL,0.0
2021-22,old,CHI,MEM,0.10914989986452837
2021-22,old,CHI,MIA,0.00644073291681707
2021-22,old,CHI,MIL,0.02296465983681905
2021-22,old,CHI,MIN,0.02628988533681056
2021-22,old,CHI,NOP,0.035971243453309674
2021-22,old,CHI,NYK,0.0087202559809379
2021-22,old,CHI,OKC,0.006516464244522318
2021-22,old,CHI,ORL,3.7327578732737094e-06
2021-22,old,CHI,PHI,0.0
2021-22,old,CHI,PHX,0.0
2021-22,old,CHI,POR,0.024395573138965218
2021-22,old,CHI,SAC,0.0027060927086910522
2021-22,old,CHI,SAS,0.05774442050933205
2021-22,old,CHI,TOR,0.018222480530956056
2021-22,old,CHI,UTA,3.0988475923679297e-06
2021-22,old,CHI,WAS,0.013287246351407569
2021-22,old,CLE,ATL,0.06405277835122408
2021-22,old,CLE,BKN,0.08813242317375786
2021-22,old,CLE,BOS,0.00020665542732771066
2021-22,old,CLE,CHA,0.016276100958760198
2021-22,old,CLE,CHI,0.019730616043169343
2021-22,old,CLE,DAL,0.033760983894845206
2021-22,old,CLE,DEN,0.014193128965944901
2021-22,old,CLE,DET,0.0026417573800391154
2021-22,old,CLE,GSW,0.012977371187655696
2021-22,old,CLE,HOU,0.027948275793460202
2021-22,old,CLE,IND,0.357361596102316
2021-22,old,CLE,LAC,0.0
2021-22,old,CLE,LAL,0.0
2021-22,old,CLE,MEM,0.01768065204249114
2021-22,old,CLE,MIA,0.006534482886581201
2021-22,old,CLE,MIL,0.016121190668343093
2021-22,old,CLE,MIN,0.01531113653976786
2021-22,old,CLE,NOP,0.0002588346970950154
2021-22,old,CLE,NYK,0.00012002296158308585
2021-22,old,CLE,OKC,0.008731754092237363
2021-22,old,CLE,ORL,0.0010691254208623463
2021-22,old,CLE,PHI,0.0
2021-22,old,CLE,PHX,0.0
2021-22,old,CLE,POR,0.001836811280358258
2021-22,old,CLE,SAC,0.0025165286681490336
2021-22,old,CLE,SAS,0.031682627047972485
2021-22,old,CLE,TOR,0.027235750420828347
2021-22,old,CLE,UTA,1.0065084969256043e-05
2021-22,old,CLE,WAS,0.00022904241278644345
2021-22,old,DAL,ATL,0.006539205415266972
2021-22,old,DAL,BKN,0.0360495692576635
2021-22,old,DAL,BOS,1.4606239386214472e-05
2021-22,old,DAL,CHA,0.0026903652280080214
2021-22,old,DAL,CHI,0.0007923070741641967
2021-22,old,DAL,CLE,0.008060801344956955
2021-22,old,DAL,DEN,0.007514222755186982
2021-22,old,DAL,DET,1.2562837757195361e-05
2021-22,old,DAL,GSW,0.02860775876446163
2021-22,old,DAL,HOU,0.019093480725062142
2021-22,old,DAL,IND,0.0074508569498793415
2021-22,old,DAL,LAC,0.0
2021-22,old,DAL,LAL,0.0
2021-22,old,DAL,MEM,0.018518582271287488
2021-22,old,DAL,MIA,0.012453663843876587
2021-22,old,DAL,MIL,0.04276508646210356
2021-22,old,DAL,MIN,0.00024444857883955645
2021-22,old,DAL,NOP,0.021472717214206065
2021-22,old,DAL,NYK,0.005381963252211685
2021-22,old,DAL,OKC,0.006144254145614264
2021-22,old,DAL,ORL,7.722141115137187e-05
2021-22,old,DAL,PHI,0.0
2021-22,old,DAL,PHX,0.0
2021-22,old,DAL,POR,0.0006252374015386583
2021-22,old,DAL,SAC,3.5359185994320875e-05
2021-22,old,DAL,SAS,0.01577042786796031
2021-22,old,DAL,TOR,0.004872050611428079
2021-22,old,DAL,UTA,5.404941850740848e-06
2021-22,old,DAL,WAS,0.012436354852208146
2021-22,old,DEN,ATL,0.011084826707600838
2021-22,old,DEN,BKN,0.028738143567511948
2021-22,old,DEN,BOS,1.3909583878264085e-05
2021-22,old,DEN,CHA,0.00279777345296252
2021-22,old,DEN,CHI,0.028282538124263124
2021-22,old,DEN,CLE,0.02115259185584415
2021-22,old,DEN,DAL,0.027656904831026476
2021-22,old,DEN,DET,0.0014592141493646627
2021-22,old,DEN,GSW,0.010051916604187337
2021-22,old,DEN,HOU,0.014373922500626884
2021-22,old,DEN,IND,0.027902875695301605
2021-22,old,DEN,LAC,0.0
2021-22,old,DEN,LAL,0.0
2021-22,old,DEN,MEM,0.07700980627050502
2021-22,old,DEN,MIA,0.008285560475357261
2021-22,old,DEN,MIL,0.030193351444243805
2021-22,old,DEN,MIN,0.03417175528328982
2021-22,old,DEN,NOP,0.03582831764496682
2021-22,old,DEN,NYK,0.00717255858275702
2021-22,old,DEN,OKC,0.0043884887326079884
2021-22,old,DEN,ORL,0.0010756346983488237
2021-22,old,DEN,PHI,0.0
2021-22,old,DEN,PHX,0.0
2021-22,old,DEN,POR,0.006864628085145983
2021-22,old,DEN,SAC,0.00027376929211028083
2021-22,old,DEN,SAS,0.12032828901450493
2021-22,old,DEN,TOR,0.001640899858518497
2021-22,old,DEN,UTA,0.00017693663972901264
2021-22,old,DEN,WAS,0.00019345163311190202
2021-22,old,DET,ATL,0.00422126148822771
2021-22,old,DET,BKN,0.04250618073062898
2021-22,old,DET,BOS,8.893130044471889e-05
2021-22,old,DET,CHA,0.0034814851422810544
2021-22,old,DET,CHI,0.00344407872515031
2021-22,old,DET,CLE,3.895210309622952e-05
2021-22,old,DET,DAL,0.007393266188663327
2021-22,old,DET,DEN,0.0043851412850633605
2021-22,old,DET,GSW,0.010377155174753147
2021-22,old,DET,HOU,0.0026923492450491864
2021-22,old,DET,IND,0.030612991856772392
2021-22,old,DET,LAC,0.0
2021-22,old,DET,LAL,0.0
2021-22,old,DET,MEM,0.01914981080691901
2021-22,old,DET,MIA,0.001923491425796188
2021-22,old,DET,MIL,0.021848139064440785
2021-22,old,DET,MIN,0.0010507478280491402
2021-22,old,DET,NOP,0.020266337555662935
2021-22,old,DET,NYK,0.005410504616258617
2021-22,old,DET,OKC,0.011693880211174833
2021-22,old,DET,ORL,0.0034791238415109926
2021-22,old,DET,PHI,0.0
2021-22,old,DET,PHX,0.0
2021-22,old,DET,POR,0.0020074074311831765
2021-22,old,DET,SAC,0.0029414780582818953
2021-22,old,DET,SAS,0.03698751658295765
2021-22,old,DET,TOR,0.0015047529378825314
2021-22,old,DET,UTA,2.9899709603587477e-09
2021-22,old,DET,WAS,8.335199781387774e-05
2021-22,old,GSW,ATL,0.005403581441494731
2021-22,old,GSW,BKN,0.022993533980218084
2021-22,old,GSW,BOS,9.492966607185889e-06
2021-22,old,GSW,CHA,0.005201684099242156
2021-22,old,GSW,CHI,0.026906246641642203
2021-22,old,GSW,CLE,0.0009405251316503241
2021-22,old,GSW,DAL,0.03215034291089344
2021-22,old,GSW,DEN,0.01455412174458511
2021-22,old,GSW,DET,5.435346137964944e-06
2021-22,old,GSW,HOU,0.004615032373654561
2021-22,old,GSW,IND,0.0060007263226060726
2021-22,old,GSW,LAC,0.0
2021-22,old,GSW,LAL,0.0
2021-22,old,GSW,MEM,0.05280289174875849
2021-22,old,GSW,MIA,0.03191163809841563
2021-22,old,GSW,MIL,0.026500195440299863
2021-22,old,GSW,MIN,0.008488810490945967
2021-22,old,GSW,NOP,0.04851369231228561
2021-22,old,GSW,NYK,0.018623843595117644
2021-22,old,GSW,OKC,0.03190790806001219
2021-22,old,GSW,ORL,4.4575406585620385e-06
2021-22,old,GSW,PHI,0.0
2021-22,old,GSW,PHX,0.0
2021-22,old,GSW,POR,0.02092452665194707
2021-22,old,GSW,SAC,0.002323732211176436
2021-22,old,GSW,SAS,0.05108401550708472
2021-22,old,GSW,TOR,0.001875421979508505
2021-22,old,GSW,UTA,5.254980245990257e-06
2021-22,old,GSW,WAS,0.010964815684632236
2021-22,old,HOU,ATL,0.0002732274722631383
2021-22,old,HOU,BKN,0.008665948759949912
2021-22,old,HOU,BOS,1.5030868069796863e-08
2021-22,old,HOU,CHA,0.04290748503025389
2021-22,old,HOU,CHI,0.008854843135022827
2021-22,old,HOU,CLE,0.07253717271381252
2021-22,old,HOU,DAL,0.006871190129242353
2021-22,old,HOU,DEN,0.0030588820852016176
2021-22,old,HOU,DET,0.006435730563036441
2021-22,old,HOU,GSW,0.00679447629662266
2021-22,old,HOU,IND,0.060571624088366416
2021-22,old,HOU,LAC,0.0
2021-22,old,HOU,LAL,0.0
2021-22,old,HOU,MEM,0.05562425659538161
2021-22,old,HOU,MIA,0.009065732850195391
2021-22,old,HOU,MIL,0.009566048102557758
2021-22,old,HOU,MIN,0.004913117422574215
2021-22,old,HOU,NOP,0.043371547200208554
2021-22,old,HOU,NYK,0.0014971776939194433
2021-22,old,HOU,OKC,0.011458742847615772
2021-22,old,HOU,ORL,0.010993726797426929
2021-22,old,HOU,PHI,0.0
2021-22,old,HOU,PHX,0.0
2021-22,old,HOU,POR,0.013413115411095258
2021-22,old,HOU,SAC,0.0007735741519601215
2021-22,old,HOU,SAS,0.012510717085464803
2021-22,old,HOU,TOR,1.9858362642184794e-05
2021-22,old,HOU,UTA,6.1039141569542015e-06
2021-22,old,HOU,WAS,0.00588082761793604
2021-22,old,IND,ATL,0.0074475730315943746
2021-22,old,IND,BKN,0.010284484371305079
2021-22,old,IND,BOS,1.4346974731048413e-06
2021-22,old,IND,CHA,0.03524698847951641
2021-22,old,IND,CHI,0.02149648553570105
2021-22,old,IND,CLE,0.024747386609815746
2021-22,old,IND,DAL,0.004644989097161579
2021-22,old,IND,DEN,0.010915575344807952
2021-22,old,IND,DET,0.0028569551182900336
2021-22,old,IND,GSW,0.010488147585107369
2021-22,old,IND,HOU,0.03782516129740417
2021-22,old,IND,LAC,0.0
2021-22,old,IND,LAL,0.0
2021-22,old,IND,MEM,0.038423678430284325
2021-22,old,IND,MIA,0.005994612119272994
2021-22,old,IND,MIL,0.006065168071018281
2021-22,old,IND,MIN,0.004954589826258613
2021-22,old,IND,NOP,0.059344334238545154
2021-22,old,IND,NYK,0.008699383346942558
2021-22,old,IND,OKC,0.009448097712152607
2021-22,old,IND,ORL,0.002094988209085208
2021-22,old,IND,PHI,0.0
2021-22,old,IND,PHX,0.0
2021-22,old,IND,POR,0.015016312378154196
2021-22,old,IND,SAC,0.01713426069182221
2021-22,old,IND,SAS,0.05221826978291894
2021-22,old,IND,TOR,0.003984838840923415
2021-22,old,IND,UTA,1.89744598725363e-08
2021-22,old,IND,WAS,0.007659322819953893
2021-22,old,LAC,ATL,0.00873745101441628
2021-22,old,LAC,BKN,0.012769893713089368
2021-22,old,LAC,BOS,4.005814781165758e-05
2021-22,old,LAC,CHA,0.01958211389195718
2021-22,old,LAC,CHI,0.007388084925929831
2021-22,old,LAC,CLE,0.009248639248601299
2021-22,old,LAC,DAL,0.013935902151857252
2021-22,old,LAC,DEN,0.008936430102838459
2021-22,old,LAC,DET,0.0007574937031530429
2021-22,old,LAC,GSW,0.007650862125647736
2021-22,old,LAC,HOU,0.006202586274393356
2021-22,old,LAC,IND,0.010933110586156182
2021-22,old,LAC,LAL,0.0
2021-22,old,LAC,MEM,0.01598387031386315
2021-22,old,LAC,MIA,0.012856681130601674
2021-22,old,LAC,MIL,0.004520386921814657
2021-22,old,LAC,MIN,0.007601668415314799
2021-22,old,LAC,NOP,0.006019055765833971
2021-22,old,LAC,NYK,0.0009933922553541166
2021-22,old,LAC,OKC,0.04945171736501943
2021-22,old,LAC,ORL,1.4039392379684934e-05
2021-22,old,LAC,PHI,0.0
2021-22,old,LAC,PHX,0.0
2021-22,old,LAC,POR,0.02225252036907543
2021-22,old,LAC,SAC,0.00010011101619058945
2021-22,old,LAC,SAS,0.017895179772403912
2021-22,old,LAC,TOR,0.0002729903054905833
2021-22,old,LAC,UTA,5.242641373403711e-06
2021-22,old,LAC,WAS,0.0012210647266530333
2021-22,old,LAL,ATL,0.00070933730768261
2021-22,old,LAL,BKN,0.0013685343365232724
2021-22,old,LAL,BOS,1.8430723388431803e-09
2021-22,old,LAL,CHA,0.02043627684834757
2021-22,old,LAL,CHI,0.011525566608033663
2021-22,old,LAL,CLE,7.069373540441359e-05
2021-22,old,LAL,DAL,0.0008369080728337382
2021-22,old,LAL,DEN,0.004058292539919724
2021-22,old,LAL,DET,6.042250117751922e-06
2021-22,old,LAL,GSW,2.1552688003113886e-06
2021-22,old,LAL,HOU,0.0012203663234109194
2021-22,old,LAL,IND,0.004849223529857332
2021-22,old,LAL,LAC,0.0
2021-22,old,LAL,MEM,0.15660168463126017
2021-22,old,LAL,MIA,1.077586222953837e-05
2021-22,old,LAL,MIL,0.0010605763318992042
2021-22,old,LAL,MIN,0.00024169333444343016
2021-22,old,LAL,NOP,0.11736829125446847
2021-22,old,LAL,NYK,0.011270245149357998
2021-22,old,LAL,OKC,0.004351181210585272
2021-22,old,LAL,ORL,4.22834885861731e-06
2021-22,old,LAL,PHI,0.0
2021-22,old,LAL,PHX,0.0
2021-22,old,LAL,POR,0.03582520943500454
2021-22,old,LAL,SAC,0.0013527808560817678
2021-22,old,LAL,SAS,0.033779592713276935
2021-22,old,LAL,TOR,3.002937572760834e-05
2021-22,old,LAL,UTA,9.204481068061438e-05
2021-22,old,LAL,WAS,0.005633991665933178
2021-22,old,MEM,ATL,0.0027960014248534512
2021-22,old,MEM,BKN,0.03324753571101863
2021-22,old,MEM,BOS,1.5931796592599945e-05
2021-22,old,MEM,CHA,0.02219630238510099
2021-22,old,MEM,CHI,0.01035101553442861
2021-22,old,MEM,CLE,2.0067546950069894e-05
2021-22,old,MEM,DAL,0.016353624837026806
2021-22,old,MEM,DEN,0.004588964127731749
2021-22,old,MEM,DET,0.0010144302597579313
2021-22,old,MEM,GSW,0.021906250037958295
2021-22,old,MEM,HOU,0.004306303843703314
2021-22,old,MEM,IND,0.0013465385118978709
2021-22,old,MEM,LAC,0.0
2021-22,old,MEM,LAL,0.0
2021-22,old,MEM,MIA,0.028475215679741112
2021-22,old,MEM,MIL,0.01547815834718615
2021-22,old,MEM,MIN,0.0001716510127471893
2021-22,old,MEM,NOP,0.026656226006000757
2021-22,old,MEM,NYK,0.006606987482478177
2021-22,old,MEM,OKC,0.006167558074558453
2021-22,old,MEM,ORL,0.0012243058587847926
2021-22,old,MEM,PHI,0.0
2021-22,old,MEM,PHX,0.0
2021-22,old,MEM,POR,0.027077578322731655
2021-22,old,MEM,SAC,0.004128917463338345
2021-22,old,MEM,SAS,0.03921619404767838
2021-22,old,MEM,TOR,0.00020362810170504924
2021-22,old,MEM,UTA,1.6323319325419506e-05
2021-22,old,MEM,WAS,0.0074448792901137695
2021-22,old,MIA,ATL,0.0009720511499533574
2021-22,old,MIA,BKN,0.00837392253343594
2021-22,old,MIA,BOS,5.533339348215217e-06
2021-22,old,MIA,CHA,0.0001677370593243575
2021-22,old,MIA,CHI,0.003989431511235618
2021-22,old,MIA,CLE,0.00019358741617640318
2021-22,old,MIA,DAL,0.011352047848465725
2021-22,old,MIA,DEN,0.00791106276875049
2021-22,old,MIA,DET,5.6798242017941e-07
2021-22,old,MIA,GSW,0.02465625012118497
2021-22,old,MIA,HOU,0.0018561421931472385
2021-22,old,MIA,IND,0.007734394527909452
2021-22,old,MIA,LAC,0.0
2021-22,old,MIA,LAL,0.0
2021-22,old,MIA,MEM,0.013027960542399648
2021-22,old,MIA,MIL,0.010540021547181824
2021-22,old,MIA,MIN,0.0007887971596656084
2021-22,old,MIA,NOP,0.0010136429807505217
2021-22,old,MIA,NYK,3.5484670118129946e-05
2021-22,old,MIA,OKC,0.0013651109948788073
2021-22,old,MIA,ORL,5.559255766391496e-07
2021-22,old,MIA,PHI,0.0
2021-22,old,MIA,PHX,0.0
2021-22,old,MIA,POR,0.005550766959655014
2021-22,old,MIA,SAC,1.1693647480947098e-08
2021-22,old,MIA,SAS,0.014654980657662534
2021-22,old,MIA,TOR,0.00020404738032420833
2021-22,old,MIA,UTA,3.166904585464324e-05
2021-22,old,MIA,WAS,9.882437808537289e-05
2021-22,old,MIL,ATL,0.05364553563764461
2021-22,old,MIL,BKN,0.042912918790154096
2021-22,old,MIL,BOS,9.388216190644094e-05
2021-22,old,MIL,CHA,0.020639479000818833
2021-22,old,MIL,CHI,0.021152151858557587
2021-22,old,MIL,CLE,0.0027142041314115223
2021-22,old,MIL,DAL,0.04948248405382382
2021-22,old,MIL,DEN,0.026584146617438322
2021-22,old,MIL,DET,0.0013979130217771053
2021-22,old,MIL,GSW,0.023355603079345727
2021-22,old,MIL,HOU,0.015441271610004054
2021-22,old,MIL,IND,0.22991441787004047
2021-22,old,MIL,LAC,0.0
2021-22,old,MIL,LAL,0.0
2021-22,old,MIL,MEM,0.07034760508033323
2021-22,old,MIL,MIA,0.020661638007049676
2021-22,old,MIL,MIN,0.007770261146966895
2021-22,old,MIL,NOP,0.07660587968828463
2021-22,old,MIL,NYK,0.010489101891107586
2021-22,old,MIL,OKC,0.006018321629183501
2021-22,old,MIL,ORL,0.00046764911881357085
2021-22,old,MIL,PHI,0.0
2021-22,old,MIL,PHX,0.0
2021-22,old,MIL,POR,0.017516602177829094
2021-22,old,MIL,SAC,0.003388802441069811
2021-22,old,MIL,SAS,0.027271824096744342
2021-22,old,MIL,TOR,0.008548665287487114
2021-22,old,MIL,UTA,5.582105980393665e-09
2021-22,old,MIL,WAS,0.007473307711503957
2021-22,old,MIN,ATL,0.006260089552812005
2021-22,old,MIN,BKN,0.011731177858898382
2021-22,old,MIN,BOS,5.740794710845914e-05
2021-22,old,MIN,CHA,0.006850783246531565
2021-22,old,MIN,CHI,0.02470075838076404
2021-22,old,MIN,CLE,0.0001857071965916784
2021-22,old,MIN,DAL,0.007288071347304592
2021-22,old,MIN,DEN,0.012899880510449952
2021-22,old,MIN,DET,0.0004587595827277928
2021-22,old,MIN,GSW,0.014390370966157865
2021-22,old,MIN,HOU,0.007077855521849166
2021-22,old,MIN,IND,0.03655148034633413
2021-22,old,MIN,LAC,0.0
2021-22,old,MIN,LAL,0.0
2021-22,old,MIN,MEM,0.10572551958857594
2021-22,old,MIN,MIA,0.004351293164353561
2021-22,old,MIN,MIL,0.009317351045513485
2021-22,old,MIN,NOP,0.11819611390005424
2021-22,old,MIN,NYK,0.005489627197262216
2021-22,old,MIN,OKC,0.008539507246985302
2021-22,old,MIN,ORL,0.00015531459648408127
2021-22,old,MIN,PHI,0.0
2021-22,old,MIN,PHX,0.0
2021-22,old,MIN,POR,0.02471804546401096
2021-22,old,MIN,SAC,0.0019004734553967626
2021-22,old,MIN,SAS,0.03021461420831109
2021-22,old,MIN,TOR,0.0017189689072276597
2021-22,old,MIN,UTA,0.00023354589988960642
2021-22,old,MIN,WAS,0.0055482853043043005
2021-22,old,NOP,ATL,0.0019449456688223322
2021-22,old,NOP,BKN,0.01080527972099914
2021-22,old,NOP,BOS,0.00013580842144010497
2021-22,old,NOP,CHA,0.08752435608254197
2021-22,old,NOP,CHI,0.02111466455884691
2021-22,old,NOP,CLE,0.009186153599822442
2021-22,old,NOP,DAL,0.024843027467540864
2021-22,old,NOP,DEN,0.011845292852872714
2021-22,old,NOP,DET,1.4124360855673189e-05
2021-22,old,NOP,GSW,0.007026939877253527
2021-22,old,NOP,HOU,0.012228987196215492
2021-22,old,NOP,IND,0.005242244428953531
2021-22,old,NOP,LAC,0.0
2021-22,old,NOP,LAL,0.0
2021-22,old,NOP,MEM,0.11594047548918286
2021-22,old,NOP,MIA,0.011575431079555562
2021-22,old,NOP,MIL,0.01949989569161322
2021-22,old,NOP,MIN,0.008046481350983181
2021-22,old,NOP,NYK,0.03883280117283608
2021-22,old,NOP,OKC,0.008995327939199911
2021-22,old,NOP,ORL,1.1506561666542504e-05
2021-22,old,NOP,PHI,0.0
2021-22,old,NOP,PHX,0.0
2021-22,old,NOP,POR,0.055698491958673685
2021-22,old,NOP,SAC,0.003741056152710617
2021-22,old,NOP,SAS,0.036892825175058215
2021-22,old,NOP,TOR,0.007862136813702583
2021-22,old,NOP,UTA,3.1293960842368167e-06
2021-22,old,NOP,WAS,0.02415764749448974
2021-22,old,NYK,ATL,0.01970568221864581
2021-22,old,NYK,BKN,0.005520772024381882
2021-22,old,NYK,BOS,3.6927789819264295e-06
2021-22,old,NYK,CHA,0.020674916882242118
2021-22,old,NYK,CHI,0.015410109571603395
2021-22,old,NYK,CLE,0.03222922992622027
2021-22,old,NYK,DAL,0.006466013667722423
2021-22,old,NYK,DEN,0.027394774362192405
2021-22,old,NYK,DET,0.00010117496150158158
2021-22,old,NYK,GSW,0.0020721982192712166
2021-22,old,NYK,HOU,0.03680360970107421
2021-22,old,NYK,IND,0.022969665776162614
2021-22,old,NYK,LAC,0.0
2021-22,old,NYK,LAL,0.0
2021-22,old,NYK,MEM,0.07552981111943077
2021-22,old,NYK,MIA,0.002233836236570416
2021-22,old,NYK,MIL,0.007355428518205189
2021-22,old,NYK,MIN,0.00934227861519534
2021-22,old,NYK,NOP,0.10533219196830305
2021-22,old,NYK,OKC,0.002182934018660516
2021-22,old,NYK,ORL,0.0004787434493829021
2021-22,old,NYK,PHI,0.0
2021-22,old,NYK,PHX,0.0
2021-22,old,NYK,POR,0.01336742092004208
2021-22,old,NYK,SAC,0.0028163129096755615
2021-22,old,NYK,SAS,0.05820982817298112
2021-22,old,NYK,TOR,0.0019105969531713295
2021-22,old,NYK,UTA,2.975688984559124e-06
2021-22,old,NYK,WAS,0.03172407706200354
2021-22,old,OKC,ATL,0.005487002806594638
2021-22,old,OKC,BKN,0.003893618976970781
2021-22,old,OKC,BOS,5.82600406422164e-06
2021-22,old,OKC,CHA,0.007396715377185296
2021-22,old,OKC,CHI,0.00911308023183564
2021-22,old,OKC,CLE,0.00012178351450127485
2021-22,old,OKC,DAL,0.0047778372140474985
2021-22,old,OKC,DEN,0.020921470538754337
2021-22,old,OKC,DET,0.00786677713541747
2021-22,old,OKC,GSW,0.0032944756745998606
2021-22,old,OKC,HOU,0.005580010801646052
2021-22,old,OKC,IND,0.022912454769568123
2021-22,old,OKC,LAC,0.0
2021-22,old,OKC,LAL,0.0
2021-22,old,OKC,MEM,0.06149995016474385
2021-22,old,OKC,MIA,0.0005420258715106498
2021-22,old,OKC,MIL,0.003511794616214444
2021-22,old,OKC,MIN,0.0033011166810642334
2021-22,old,OKC,NOP,0.042353520799442726
2021-22,old,OKC,NYK,0.003171703334483219
2021-22,old,OKC,ORL,0.005342443815244556
2021-22,old,OKC,PHI,0.0
2021-22,old,OKC,PHX,0.0
2021-22,old,OKC,POR,0.010836152808237565
2021-22,old,OKC,SAC,0.012132849808957458
2021-22,old,OKC,SAS,0.028888342692713943
2021-22,old,OKC,TOR,0.00034177708390536256
2021-22,old,OKC,UTA,4.271636557123877e-06
2021-22,old,OKC,WAS,0.005867481186911688
2021-22,old,ORL,ATL,0.007757667915884651
2021-22,old,ORL,BKN,0.00549834064737117
2021-22,old,ORL,BOS,2.7429924274806804e-05
2021-22,old,ORL,CHA,0.006909700273111976
2021-22,old,ORL,CHI,0.017028362947241103
2021-22,old,ORL,CLE,0.011287620927293063
2021-22,old,ORL,DAL,0.004783181695412552
2021-22,old,ORL,DEN,0.007390944702030333
2021-22,old,ORL,DET,0.007444736529661227
2021-22,old,ORL,GSW,0.010711207117464792
2021-22,old,ORL,HOU,0.010869611957580138
2021-22,old,ORL,IND,0.05355001867086188
2021-22,old,ORL,LAC,0.0
2021-22,old,ORL,LAL,0.0
2021-22,old,ORL,MEM,0.01061544261124544
2021-22,old,ORL,MIA,0.0007144396697524293
2021-22,old,ORL,MIL,0.00606223161807105
2021-22,old,ORL,MIN,0.014715444289723704
2021-22,old,ORL,NOP,0.000958102443153258
2021-22,old,ORL,NYK,0.0011236184675999525
2021-22,old,ORL,OKC,0.007874659291086921
2021-22,old,ORL,PHI,0.0
2021-22,old,ORL,PHX,0.0
2021-22,old,ORL,POR,0.00013173256249052428
2021-22,old,ORL,SAC,0.002968823410473069
2021-22,old,ORL,SAS,0.043472365941401206
2021-22,old,ORL,TOR,0.0073827551952813965
2021-22,old,ORL,UTA,2.697454235617249e-06
2021-22,old,ORL,WAS,0.00014854110735145273
2021-22,old,PHI,ATL,0.005231763065385631
2021-22,old,PHI,BKN,0.12682775074762034
2021-22,old,PHI,BOS,9.893943673272172e-05
2021-22,old,PHI,CHA,0.0011927460176136004
2021-22,old,PHI,CHI,0.010358346139825112
2021-22,old,PHI,CLE,0.008621416196441745
2021-22,old,PHI,DAL,0.016069926391853822
2021-22,old,PHI,DEN,0.0042030156440204134
2021-22,old,PHI,DET,7.47807200931843e-09
2021-22,old,PHI,GSW,0.0071325432049945525
2021-22,old,PHI,HOU,0.00502235978620994
2021-22,old,PHI,IND,0.02395392983652487
2021-22,old,PHI,LAC,0.0
2021-22,old,PHI,LAL,0.0
2021-22,old,PHI,MEM,0.01540689672798705
2021-22,old,PHI,MIA,0.007505388010999767
2021-22,old,PHI,MIL,0.015516888057299682
2021-22,old,PHI,MIN,0.009441609757121041
2021-22,old,PHI,NOP,2.3950508496713818e-05
2021-22,old,PHI,NYK,1.3480606934300798e-05
2021-22,old,PHI,OKC,0.00808268862411518
2021-22,old,PHI,ORL,8.195592634012933e-06
2021-22,old,PHI,PHX,0.0
2021-22,old,PHI,POR,1.0556950946628752e-05
2021-22,old,PHI,SAC,4.275334812608202e-06
2021-22,old,PHI,SAS,0.028533764071268293
2021-22,old,PHI,TOR,0.010301461667683939
2021-22,old,PHI,UTA,8.388786886041936e-07
2021-22,old,PHI,WAS,9.145859769894014e-05
2021-22,old,PHX,ATL,0.0015078063560458055
2021-22,old,PHX,BKN,0.0025926739892872864
2021-22,old,PHX,BOS,2.3306773160701885e-08
2021-22,old,PHX,CHA,0.004491284362736513
2021-22,old,PHX,CHI,0.003882118720116743
2021-22,old,PHX,CLE,3.896841674679791e-05
2021-22,old,PHX,DAL,0.003524005783166859
2021-22,old,PHX,DEN,6.181545449097936e-09
2021-22,old,PHX,DET,0.0022701509595168946
2021-22,old,PHX,GSW,0.0007661639656304396
2021-22,old,PHX,HOU,0.003040948017612741
2021-22,old,PHX,IND,0.007592375605092242
2021-22,old,PHX,LAC,0.0
2021-22,old,PHX,LAL,0.0
2021-22,old,PHX,MEM,0.014584165633210269
2021-22,old,PHX,MIA,0.0008168103661516618
2021-22,old,PHX,MIL,0.00418212092026213
2021-22,old,PHX,MIN,0.006160200364160892
2021-22,old,PHX,NOP,0.01686406419540373
2021-22,old,PHX,NYK,0.00013701599231004779
2021-22,old,PHX,OKC,0.008297659690975956
2021-22,old,PHX,ORL,0.0013179595582952432
2021-22,old,PHX,PHI,0.0
2021-22,old,PHX,POR,0.0036617899355241546
2021-22,old,PHX,SAC,0.00326016389699478
2021-22,old,PHX,SAS,0.013624861841754167
2021-22,old,PHX,TOR,6.4127160513037125e-06
2021-22,old,PHX,UTA,1.3505847217198825e-05
2021-22,old,PHX,WAS,0.002133922799079107
2021-22,old,POR,ATL,0.0024493052718792385
2021-22,old,POR,BKN,0.004696812904350321
2021-22,old,POR,BOS,5.052390263441737e-05
2021-22,old,POR,CHA,0.026092044484972078
2021-22,old,POR,CHI,0.06300075486204254
2021-22,old,POR,CLE,0.0005023052425086743
2021-22,old,POR,DAL,0.003983367323060753
2021-22,old,POR,DEN,0.02109921985823331
2021-22,old,POR,DET,0.0016272289541798691
2021-22,old,POR,GSW,0.00012823337961529658
2021-22,old,POR,HOU,0.002819504175407426
2021-22,old,POR,IND,0.005131213289622849
2021-22,old,POR,LAC,0.0
2021-22,old,POR,LAL,0.0
2021-22,old,POR,MEM,0.1176238537948264
2021-22,old,POR,MIA,0.005158405271117928
2021-22,old,POR,MIL,0.00019633272345842144
2021-22,old,POR,MIN,0.0015999433757038853
2021-22,old,POR,NOP,0.13074328451509631
2021-22,old,POR,NYK,0.011244988411856328
2021-22,old,POR,OKC,0.003241465426973369
2021-22,old,POR,ORL,0.0015633860038151435
2021-22,old,POR,PHI,0.0
2021-22,old,POR,PHX,0.0
2021-22,old,POR,SAC,0.015617801827431102
2021-22,old,POR,SAS,0.029987629791911583
2021-22,old,POR,TOR,0.0017945455629541762
2021-22,old,POR,UTA,3.562092506747027e-06
2021-22,old,POR,WAS,0.01809828636010311
2021-22,old,SAC,ATL,0.00451322837235065
2021-22,old,SAC,BKN,0.019860210850993047
2021-22,old,SAC,BOS,8.293460859270046e-05
2021-22,old,SAC,CHA,0.0068308843788366085
2021-22,old,SAC,CHI,0.012700452658412385
2021-22,old,SAC,CLE,0.0006217867897258445
2021-22,old,SAC,DAL,0.022495863158026944
2021-22,old,SAC,DEN,0.014489291828417914
2021-22,old,SAC,DET,0.0019393853820334397
2021-22,old,SAC,GSW,0.0100226295965624
2021-22,old,SAC,HOU,0.02190059276402061
2021-22,old,SAC,IND,0.00995901987059271
2021-22,old,SAC,LAC,0.0
2021-22,old,SAC,LAL,0.0
2021-22,old,SAC,MEM,0.05175521301092139
2021-22,old,SAC,MIA,0.003778017311565707
2021-22,old,SAC,MIL,0.016525662121752015
2021-22,old,SAC,MIN,0.006972476072541999
2021-22,old,SAC,NOP,0.019408467642163262
2021-22,old,SAC,NYK,0.0036901979913649434
2021-22,old,SAC,OKC,0.0033940080912495773
2021-22,old,SAC,ORL,0.002682214912851616
2021-22,old,SAC,PHI,0.0
2021-22,old,SAC,PHX,0.0
2021-22,old,SAC,POR,0.015212610065556884
2021-22,old,SAC,SAS,0.02410148120207575
2021-22,old,SAC,TOR,0.002235878441201949
2021-22,old,SAC,UTA,2.136010893887261e-06
2021-22,old,SAC,WAS,0.0027449949934834385
2021-22,old,SAS,ATL,0.000744760501686287
2021-22,old,SAS,BKN,0.023986101626065952
2021-22,old,SAS,BOS,4.4319865351323774e-05
2021-22,old,SAS,CHA,0.02772567447096745
2021-22,old,SAS,CHI,0.0113184425874487
2021-22,old,SAS,CLE,0.00028842775926661535
2021-22,old,SAS,DAL,0.005849924111241532
2021-22,old,SAS,DEN,0.004537920954684097
2021-22,old,SAS,DET,0.003759381634633208
2021-22,old,SAS,GSW,0.012293103857988485
2021-22,old,SAS,HOU,0.0010681573587574126
2021-22,old,SAS,IND,0.006221922423910606
2021-22,old,SAS,LAC,0.0
2021-22,old,SAS,LAL,0.0
2021-22,old,SAS,MEM,0.08928623478968735
2021-22,old,SAS,MIA,0.011168103551347577
2021-22,old,SAS,MIL,0.023406926757882446
2021-22,old,SAS,MIN,0.0014204815514490701
2021-22,old,SAS,NOP,0.18303672888555245
2021-22,old,SAS,NYK,0.014826402550829142
2021-22,old,SAS,OKC,0.004777206764812312
2021-22,old,SAS,ORL,0.004169263912721188
2021-22,old,SAS,PHI,0.0
2021-22,old,SAS,PHX,0.0
2021-22,old,SAS,POR,0.055261050661563275
2021-22,old,SAS,SAC,0.015103626768834824
2021-22,old,SAS,TOR,0.0015667384137999063
2021-22,old,SAS,UTA,4.265517666231829e-06
2021-22,old,SAS,WAS,0.03601696216868193
2021-22,old,TOR,ATL,0.012219794473680577
2021-22,old,TOR,BKN,0.053689692452018434
2021-22,old,TOR,BOS,0.0002534671225459662
2021-22,old,TOR,CHA,0.018576808878134423
2021-22,old,TOR,CHI,0.03787385546650343
2021-22,old,TOR,CLE,0.05244487445507203
2021-22,old,TOR,DAL,0.023256687185334572
2021-22,old,TOR,DEN,0.03542148541751011
2021-22,old,TOR,DET,0.0027136209947723347
2021-22,old,TOR,GSW,0.012683189797221781
2021-22,old,TOR,HOU,0.03788712304806065
2021-22,old,TOR,IND,0.027709288140146886
2021-22,old,TOR,LAC,0.0
2021-22,old,TOR,LAL,0.0
2021-22,old,TOR,MEM,0.053053473254029274
2021-22,old,TOR,MIA,0.010627155112552232
2021-22,old,TOR,MIL,0.024313737025998934
2021-22,old,TOR,MIN,0.02672777075946301
2021-22,old,TOR,NOP,0.01065006619823701
2021-22,old,TOR,NYK,0.0029687091073884045
2021-22,old,TOR,OKC,0.014748722900671269
2021-22,old,TOR,ORL,3.2016626527605422e-06
2021-22,old,TOR,PHI,0.0
2021-22,old,TOR,PHX,0.0
2021-22,old,TOR,POR,0.008746019818964322
2021-22,old,TOR,SAC,0.002336329849266019
2021-22,old,TOR,SAS,0.14955179412851985
2021-22,old,TOR,UTA,2.136583719102607e-06
2021-22,old,TOR,WAS,0.007998096229928506
2021-22,old,UTA,ATL,0.0012271893528775725
2021-22,old,UTA,BKN,0.02149988955025772
2021-22,old,UTA,BOS,2.6261014050368882e-05
2021-22,old,UTA,CHA,0.015166108188312995
2021-22,old,UTA,CHI,0.017174738589116955
2021-22,old,UTA,CLE,0.0031939776257428813
2021-22,old,UTA,DAL,0.020562689355496953
2021-22,old,UTA,DEN,0.04872421066039673
2021-22,old,UTA,DET,0.0020986577163117797
2021-22,old,UTA,GSW,0.007859913765186065
2021-22,old,UTA,HOU,0.0019213362325560944
2021-22,old,UTA,IND,0.012989583218454259
2021-22,old,UTA,LAC,0.0
2021-22,old,UTA,LAL,0.0
2021-22,old,UTA,MEM,0.2011059728391213
2021-22,old,UTA,MIA,0.008547413925367314
2021-22,old,UTA,MIL,0.020383402574830747
2021-22,old,UTA,MIN,0.007178441084846719
2021-22,old,UTA,NOP,0.027912308981237116
2021-22,old,UTA,NYK,0.0020993712415610694
2021-22,old,UTA,OKC,0.002532866603649273
2021-22,old,UTA,ORL,0.0010342843140229575
2021-22,old,UTA,PHI,0.0
2021-22,old,UTA,PHX,0.0
2021-22,old,UTA,POR,0.007248802241854939
2021-22,old,UTA,SAC,0.0006198416811999189
2021-22,old,UTA,SAS,0.047083055709722405
2021-22,old,UTA,TOR,0.0031199123551657318
2021-22,old,UTA,WAS,0.009335214070955111
2021-22,old,WAS,ATL,0.011678203787359915
2021-22,old,WAS,BKN,0.017962285037191935
2021-22,old,WAS,BOS,2.8018468974228e-05
2021-22,old,WAS,CHA,0.026702206242582224
2021-22,old,WAS,CHI,0.01783929519908366
2021-22,old,WAS,CLE,0.12622709056745499
2021-22,old,WAS,DAL,0.009789897376312988
2021-22,old,WAS,DEN,0.007730580797909832
2021-22,old,WAS,DET,1.5101092290835035e-05
2021-22,old,WAS,GSW,0.012811422947401214
2021-22,old,WAS,HOU,0.019116648734478957
2021-22,old,WAS,IND,0.09470976132340728
2021-22,old,WAS,LAC,0.0
2021-22,old,WAS,LAL,0.0
2021-22,old,WAS,MEM,0.10129090124862121
2021-22,old,WAS,MIA,0.01323706900138922
2021-22,old,WAS,MIL,0.01289467137911494
2021-22,old,WAS,MIN,0.00800795182369229
2021-22,old,WAS,NOP,0.150848418679762
2021-22,old,WAS,NYK,0.04616838156134588
2021-22,old,WAS,OKC,0.010193681780338849
2021-22,old,WAS,ORL,0.0007392313967304531
2021-22,old,WAS,PHI,0.0
2021-22,old,WAS,PHX,0.0
2021-22,old,WAS,POR,0.013924225827956266
2021-22,old,WAS,SAC,0.001521149463659181
2021-22,old,WAS,SAS,0.02465045773041818
2021-22,old,WAS,TOR,0.0058065694512174975
2021-22,old,WAS,UTA,2.4865810469466784e-05
2022-23,new,ATL,BKN,0.014969089092693871
2022-23,new,ATL,BOS,0.0
2022-23,new,ATL,CHA,0.0011453947422527106
2022-23,new,ATL,CHI,0.03702452564153979
2022-23,new,ATL,CLE,0.0015830907509026965
2022-23,new,ATL,DAL,0.024894238461062444
2022-23,new,ATL,DEN,0.0
2022-23,new,ATL,DET,4.552532430382967e-06
2022-23,new,ATL,GSW,0.014543075232768769
2022-23,new,ATL,HOU,0.010292026054551666
2022-23,new,ATL,IND,0.01309459266843027
2022-23,new,ATL,LAC,0.00235371771386969
2022-23,new,ATL,LAL,0.012105603306072542
2022-23,new,ATL,MEM,0.0020032327728153306
2022-23,new,ATL,MIA,0.01061051001516428
2022-23,new,ATL,MIL,0.0
2022-23,new,ATL,MIN,0.0
2022-23,new,ATL,NOP,0.006252155132985129
2022-23,new,ATL,NYK,0.06771514238723039
2022-23,new,ATL,OKC,0.019247306030131233
2022-23,new,ATL,ORL,0.005998868895669904
2022-23,new,ATL,PHI,0.0
2022-23,new,ATL,PHX,0.0
2022-23,new,ATL,POR,0.004836241524502825
2022-23,new,ATL,SAC,0.010377047877777094
2022-23,new,ATL,SAS,1.3000618764929896e-05
2022-23,new,ATL,TOR,0.10659859907969685
2022-23,new,ATL,UTA,0.07932497975654063
2022-23,new,ATL,WAS,0.03236529309061933
2022-23,new,BKN,ATL,0.003544690769883399
2022-23,new,BKN,BOS,0.0
2022-23,new,BKN,CHA,0.00014211375545238327
2022-23,new,BKN,CHI,0.007573586817276745
2022-23,new,BKN,CLE,8.957986555311307e-05
2022-23,new,BKN,DAL,0.0359615951355766
2022-23,new,BKN,DEN,0.0
2022-23,new,BKN,DET,8.25293315626078e-06
2022-23,new,BKN,GSW,0.02669637999271393
2022-23,new,BKN,HOU,0.018321121298459135
2022-23,new,BKN,IND,0.005911420263027285
2022-23,new,BKN,LAC,0.015823814817383115
2022-23,new,BKN,LAL,0.02779849168645812
2022-23,new,BKN,MEM,0.005257877974428743
2022-23,new,BKN,MIA,0.045205870338424485
2022-23,new,BKN,MIL,0.0
2022-23,new,BKN,MIN,0.0
2022-23,new,BKN,NOP,0.04990786597929525
2022-23,new,BKN,NYK,0.032596579926752425
2022-23,new,BKN,OKC,0.011393049545606182
2022-23,new,BKN,ORL,0.001501298653185414
2022-23,new,BKN,PHI,0.0
2022-23,new,BKN,PHX,0.0
2022-23,new,BKN,POR,0.013548945990181171
2022-23,new,BKN,SAC,0.010698818568598044
2022-23,new,BKN,SAS,2.2839080590278296e-05
2022-23,new,BKN,TOR,0.010426317704194568
2022-23,new,BKN,UTA,0.15522041059941416
2022-23,new,BKN,WAS,0.016820658456826378
2022-23,new,BOS,ATL,0.000300565123081463
2022-23,new,BOS,BKN,0.005391831525175842
2022-23,new,BOS,CHA,0.02670826074068906
2022-23,new,BOS,CHI,0.00029406538590102374
2022-23,new,BOS,CLE,0.0
2022-23,new,BOS,DAL,0.005102894305764493
2022-23,new,BOS,DEN,0.0
2022-23,new,BOS,DET,0.0
2022-23,new,BOS,GSW,0.0027740874032918263
2022-23,new,BOS,HOU,0.00042349136884099455
2022-23,new,BOS,IND,0.05909943829039673
2022-23,new,BOS,LAC,0.012545797434687648
2022-23,new,BOS,LAL,0.00663146548725841
2022-23,new,BOS,MEM,0.008438577704244008
2022-23,new,BOS,MIA,0.0023218565612829665
2022-23,new,BOS,MIL,0.0
2022-23,new,BOS,MIN,0.0
2022-23,new,BOS,NOP,0.0047691271565894686
2022-23,new,BOS,NYK,0.0025628753873346284
2022-23,new,BOS,OKC,0.005172683198992485
2022-23,new,BOS,ORL,1.4008620898399908e-05
2022-23,new,BOS,PHI,0.0
2022-23,new,BOS,PHX,0.0
2022-23,new,BOS,POR,0.005608702433965818
2022-23,new,BOS,SAC,0.003850215542017771
2022-23,new,BOS,SAS,0.0
2022-23,new,BOS,TOR,7.961906755648174e-05
2022-23,new,BOS,UTA,0.021385775858953848
2022-23,new,BOS,WAS,2.7653199012375208e-05
2022-23,new,CHA,ATL,0.011422792035286872
2022-23,new,CHA,BKN,0.005248787688302822
2022-23,new,CHA,BOS,0.0
2022-23,new,CHA,CHI,0.03511772139611005
2022-23,new,CHA,CLE,0.0
2022-23,new,CHA,DAL,1.9714642096381603e-06
2022-23,new,CHA,DEN,0.0
2022-23,new,CHA,DET,2.609501146268706e-06
2022-23,new,CHA,GSW,0.0022066405382780764
2022-23,new,CHA,HOU,0.0015633081589576563
2022-23,new,CHA,IND,0.019064794406956558
2022-23,new,CHA,LAC,0.0038723060809043716
2022-23,new,CHA,LAL,0.010756734863148423
2022-23,new,CHA,MEM,0.005508620619918381
2022-23,new,CHA,MIA,0.0031316173084038105
2022-23,new,CHA,MIL,0.0
2022-23,new,CHA,MIN,0.0
2022-23,new,CHA,NOP,0.011213362058283409
2022-23,new,CHA,NYK,0.04673790493005027
2022-23,new,CHA,OKC,0.009188308092737409
2022-23,new,CHA,ORL,0.00026189837361643986
2022-23,new,CHA,PHI,0.0
2022-23,new,CHA,PHX,0.0
2022-23,new,CHA,POR,0.003196043174743295
2022-23,new,CHA,SAC,0.00473491381693246
2022-23,new,CHA,SAS,5.6867602013374796e-05
2022-23,new,CHA,TOR,8.099902428708015e-05
2022-23,new,CHA,UTA,0.01267263250290633
2022-23,new,CHA,WAS,3.3668968722097287e-06
2022-23,new,CHI,ATL,0.05798895693431702
2022-23,new,CHI,BKN,0.02597534622650053
2022-23,new,CHI,BOS,0.0
2022-23,new,CHI,CHA,0.00994832453407206
2022-23,new,CHI,CLE,0.00020734633007232957
2022-23,new,CHI,DAL,0.024190461709187105
2022-23,new,CHI,DEN,0.0
2022-23,new,CHI,DET,1.808816416595372e-05
2022-23,new,CHI,GSW,0.01420288223431192
2022-23,new,CHI,HOU,0.014031788902357222
2022-23,new,CHI,IND,0.015816843323071282
2022-23,new,CHI,LAC,0.01737122854268066
2022-23,new,CHI,LAL,0.001733836167259142
2022-23,new,CHI,MEM,0.002127155178098073
2022-23,new,CHI,MIA,0.011106839562851648
2022-23,new,CHI,MIL,0.0
2022-23,new,CHI,MIN,0.0
2022-23,new,CHI,NOP,0.03174919176330902
2022-23,new,CHI,NYK,0.05839960928859069
2022-23,new,CHI,OKC,0.01612095904199342
2022-23,new,CHI,ORL,0.027982676865406664
2022-23,new,CHI,PHI,0.0
2022-23,new,CHI,PHX,0.0
2022-23,new,CHI,POR,0.001360872019303598
2022-23,new,CHI,SAC,0.0005238124481264637
2022-23,new,CHI,SAS,4.358729338738659e-05
2022-23,new,CHI,TOR,0.060689669089405165
2022-23,new,CHI,UTA,0.039529297856008616
2022-23,new,CHI,WAS,0.023891420101492686
2022-23,new,CLE,ATL,0.01507986845201947
2022-23,new,CLE,BKN,0.021734649839450604
2022-23,new,CLE,BOS,0.0
2022-23,new,CLE,CHA,0.006374226901318587
2022-23,new,CLE,CHI,0.005780682965645963
2022-23,new,CLE,DAL,8.75077289390839e-06
2022-23,new,CLE,DEN,0.0
2022-23,new,CLE,DET,6.988121906578888e-06
2022-23,new,CLE,GSW,0.0019502799116338015
2022-23,new,CLE,HOU,0.004973599217382483
2022-23,new,CLE,IND,0.0978127359037771
2022-23,new,CLE,LAC,0.0029162176687607595
2022-23,new,CLE,LAL,0.0019051723790170364
2022-23,new,CLE,MEM,0.03627586211896791
2022-23,new,CLE,MIA,0.007361006602578751
2022-23,new,CLE,MIL,0.0
2022-23,new,CLE,MIN,0.0
2022-23,new,CLE,NOP,0.000170797416659329
2022-23,new,CLE,NYK,0.008269201414121843
2022-23,new,CLE,OKC,0.0001794181085906218
2022-23,new,CLE,ORL,0.0012848540134127685
2022-23,new,CLE,PHI,0.0
2022-23,new,CLE,PHX,0.0
2022-23,new,CLE,POR,0.014529346342480322
2022-23,new,CLE,SAC,0.023296153039117584
2022-23,new,CLE,SAS,6.435580981065305e-05
2022-23,new,CLE,TOR,0.004378837405107943
2022-23,new,CLE,UTA,0.007525488721855899
2022-23,new,CLE,WAS,0.017724578408527907
2022-23,new,DAL,ATL,0.001890136868242217
2022-23,new,DAL,BKN,0.014037116684518664
2022-23,new,DAL,BOS,0.0
2022-23,new,DAL,CHA,0.0017812499954718453
2022-23,new,DAL,CHI,0.0026094674816387604
2022-23,new,DAL,CLE,0.0
2022-23,new,DAL,DEN,0.0
2022-23,new,DAL,DET,1.3949321469383364e-07
2022-23,new,DAL,GSW,0.011648466650512586
2022-23,new,DAL,HOU,0.010822467533670818
2022-23,new,DAL,IND,0.003368754018733383
2022-23,new,DAL,LAC,0.00855549580638361
2022-23,new,DAL,LAL,0.019865571193352888
2022-23,new,DAL,MEM,0.004418511479252002
2022-23,new,DAL,MIA,0.004433524485768806
2022-23,new,DAL,MIL,0.0
2022-23,new,DAL,MIN,0.0
2022-23,new,DAL,NOP,0.037145204557113926
2022-23,new,DAL,NYK,0.13554793777691448
2022-23,new,DAL,OKC,0.015176454665046985
2022-23,new,DAL,ORL,0.00023129197667913116
2022-23,new,DAL,PHI,0.0
2022-23,new,DAL,PHX,0.0
2022-23,new,DAL,POR,0.0023205929859665617
2022-23,new,DAL,SAC,0.00344384269888737
2022-23,new,DAL,SAS,3.101067438035837e-06
2022-23,new,DAL,TOR,0.0008536418011703971
2022-23,new,DAL,UTA,0.04555092975012995
2022-23,new,DAL,WAS,3.298441286711624e-07
2022-23,new,DEN,ATL,0.027504141928776243
2022-23,new,DEN,BKN,0.015834054194779616
2022-23,new,DEN,BOS,0.0
2022-23,new,DEN,CHA,0.13076896919540573
2022-23,new,DEN,CHI,0.013697058142239045
2022-23,new,DEN,CLE,0.00012441931093744952
2022-23,new,DEN,DAL,0.030532839864273652
2022-23,new,DEN,DET,5.240606990480404e-06
2022-23,new,DEN,GSW,0.014071110520771469
2022-23,new,DEN,HOU,0.03847790947163895
2022-23,new,DEN,IND,0.04297676511308382
2022-23,new,DEN,LAC,0.008890086287845343
2022-23,new,DEN,LAL,0.0286896551611175
2022-23,new,DEN,MEM,0.0131663562304537
2022-23,new,DEN,MIA,0.017929360075027073
2022-23,new,DEN,MIL,0.0
2022-23,new,DEN,MIN,0.0
2022-23,new,DEN,NOP,0.0021910021657421228
2022-23,new,DEN,NYK,0.034583144364021975
2022-23,new,DEN,OKC,0.019147360004697404
2022-23,new,DEN,ORL,0.0034966327952280934
2022-23,new,DEN,PHI,0.0
2022-23,new,DEN,PHX,0.0
2022-23,new,DEN,POR,0.022488023245527854
2022-23,new,DEN,SAC,0.007737909938720761
2022-23,new,DEN,SAS,1.4688726587415846e-05
2022-23,new,DEN,TOR,0.0022448611158828783
2022-23,new,DEN,UTA,0.04404109532054433
2022-23,new,DEN,WAS,0.025069586456336067
2022-23,new,DET,ATL,0.00879392475367593
2022-23,new,DET,BKN,0.004582697826604664
2022-23,new,DET,BOS,0.0
2022-23,new,DET,CHA,0.002464344639111396
2022-23,new,DET,CHI,0.026901582162223145
2022-23,new,DET,CLE,9.581796748518861e-05
2022-23,new,DET,DAL,0.0023280501371753274
2022-23,new,DET,DEN,0.0
2022-23,new,DET,GSW,0.005879687159457031
2022-23,new,DET,HOU,0.005720635721287367
2022-23,new,DET,IND,0.0029740257639394073
2022-23,new,DET,LAC,0.0011694504540405587
2022-23,new,DET,LAL,0.007254040899790887
2022-23,new,DET,MEM,4.431811484727378e-06
2022-23,new,DET,MIA,0.00010643714438991186
2022-23,new,DET,MIL,0.0
2022-23,new,DET,MIN,0.0
2022-23,new,DET,NOP,0.003571120602829415
2022-23,new,DET,NYK,0.021449483771161765
2022-23,new,DET,OKC,0.0020215517371202467
2022-23,new,DET,ORL,0.00547985427334133
2022-23,new,DET,PHI,0.0
2022-23,new,DET,PHX,0.0
2022-23,new,DET,POR,0.004050382506929337
2022-23,new,DET,SAC,3.93399284264864e-05
2022-23,new,DET,SAS,0.0004647138810698128
2022-23,new,DET,TOR,0.0065895295807431795
2022-23,new,DET,UTA,0.004133577463119702
2022-23,new,DET,WAS,0.007353880889004831
2022-23,new,GSW,ATL,0.0024224137076465737
2022-23,new,GSW,BKN,0.014724733550424054
2022-23,new,GSW,BOS,0.0
2022-23,new,GSW,CHA,0.0016918104047212617
2022-23,new,GSW,CHI,0.0004804387750591402
2022-23,new,GSW,CLE,0.0
2022-23,new,GSW,DAL,0.05662495360724666
2022-23,new,GSW,DEN,0.0
2022-23,new,GSW,DET,0.0
2022-23,new,GSW,HOU,0.055345096314598885
2022-23,new,GSW,IND,0.006620689561943817
2022-23,new,GSW,LAC,0.011173491520297328
2022-23,new,GSW,LAL,0.030416218141447106
2022-23,new,GSW,MEM,7.33490305268286e-05
2022-23,new,GSW,MIA,0.01003448270453975
2022-23,new,GSW,MIL,0.0
2022-23,new,GSW,MIN,0.0
2022-23,new,GSW,NOP,0.03904175655007089
2022-23,new,GSW,NYK,0.08747033877818111
2022-23,new,GSW,OKC,0.03386449359172698
2022-23,new,GSW,ORL,0.0005571120709245065
2022-23,new,GSW,PHI,0.0
2022-23,new,GSW,PHX,0.0
2022-23,new,GSW,POR,0.004551187731201166
2022-23,new,GSW,SAC,0.0064678327385942385
2022-23,new,GSW,SAS,0.0
2022-23,new,GSW,TOR,0.0012887931354986187
2022-23,new,GSW,UTA,0.19755614248344597
2022-23,new,GSW,WAS,0.0
2022-23,new,HOU,ATL,6.302298114782204e-05
2022-23,new,HOU,BKN,0.0005980134803325913
2022-23,new,HOU,BOS,0.0
2022-23,new,HOU,CHA,0.015601080273576652
2022-23,new,HOU,CHI,0.015210330888460874
2022-23,new,HOU,CLE,0.0
2022-23,new,HOU,DAL,0.0013765482806648432
2022-23,new,HOU,DEN,0.0
2022-23,new,HOU,DET,9.692127269882509e-06
2022-23,new,HOU,GSW,0.0023781126811357753
2022-23,new,HOU,IND,0.02740517628160135
2022-23,new,HOU,LAC,0.0003286638011521629
2022-23,new,HOU,LAL,0.002384698284882249
2022-23,new,HOU,MEM,0.00831142228995932
2022-23,new,HOU,MIA,8.551637676740442e-05
2022-23,new,HOU,MIL,0.0
2022-23,new,HOU,MIN,0.0
2022-23,new,HOU,NOP,0.0021654094754244555
2022-23,new,HOU,NYK,0.0005715281153960372
2022-23,new,HOU,OKC,0.0013103448193528338
2022-23,new,HOU,ORL,2.3946295058333917e-05
2022-23,new,HOU,PHI,0.0
2022-23,new,HOU,PHX,0.0
2022-23,new,HOU,POR,0.0023000592307440026
2022-23,new,HOU,SAC,0.010693036135484753
2022-23,new,HOU,SAS,2.0436732142241423e-06
2022-23,new,HOU,TOR,4.655160008865254e-05
2022-23,new,HOU,UTA,0.018374351887401205
2022-23,new,HOU,WAS,2.62628668796706e-05
2022-23,new,IND,ATL,0.017760820954776498
2022-23,new,IND,BKN,0.001183741722377451
2022-23,new,IND,BOS,0.0
2022-23,new,IND,CHA,0.006127061433936288
2022-23,new,IND,CHI,0.02780745561166377
2022-23,new,IND,CLE,2.7733537485330776e-05
2022-23,new,IND,DAL,7.721876181127805e-06
2022-23,new,IND,DEN,0.0
2022-23,new,IND,DET,8.508249247317829e-06
2022-23,new,IND,GSW,0.00044054150440505236
2022-23,new,IND,HOU,0.0006524784393118823
2022-23,new,IND,LAC,0.0024224137969852968
2022-23,new,IND,LAL,0.0002642780164826727
2022-23,new,IND,MEM,0.003390086288162475
2022-23,new,IND,MIA,0.0034149362356887263
2022-23,new,IND,MIL,0.0
2022-23,new,IND,MIN,0.0
2022-23,new,IND,NOP,5.037715630445241e-05
2022-23,new,IND,NYK,0.007876278707845297
2022-23,new,IND,OKC,0.00030037716422470887
2022-23,new,IND,ORL,0.008220516768626233
2022-23,new,IND,PHI,0.0
2022-23,new,IND,PHX,0.0
2022-23,new,IND,POR,0.0022448906780572187
2022-23,new,IND,SAC,0.001158428976306503
2022-23,new,IND,SAS,1.1558549945848113e-05
2022-23,new,IND,TOR,0.006516361797102906
2022-23,new,IND,UTA,0.026608852159566362
2022-23,new,IND,WAS,0.017889819972561186
2022-23,new,LAC,ATL,0.0026499803534504756
2022-23,new,LAC,BKN,0.06737666254578006
2022-23,new,LAC,BOS,0.0
2022-23,new,LAC,CHA,0.010581619502925702
2022-23,new,LAC,CHI,0.001563131867840576
2022-23,new,LAC,CLE,0.0
2022-23,new,LAC,DAL,0.014467220097172065
2022-23,new,LAC,DEN,0.0
2022-23,new,LAC,DET,2.433072416107898e-06
2022-23,new,LAC,GSW,0.032669925520040735
2022-23,new,LAC,HOU,0.19291109880283955
2022-23,new,LAC,IND,0.0026630429596709243
2022-23,new,LAC,LAL,0.03524407301178394
2022-23,new,LAC,MEM,0.0007306973280732375
2022-23,new,LAC,MIA,0.01205594647600851
2022-23,new,LAC,MIL,0.0
2022-23,new,LAC,MIN,0.0
2022-23,new,LAC,NOP,0.07503717673045243
2022-23,new,LAC,NYK,0.004549012426645363
2022-23,new,LAC,OKC,0.07986341596472656
2022-23,new,LAC,ORL,4.956896440928866e-05
2022-23,new,LAC,PHI,0.0
2022-23,new,LAC,PHX,0.0
2022-23,new,LAC,POR,0.00594649363156928
2022-23,new,LAC,SAC,0.0066299801258107045
2022-23,new,LAC,SAS,6.634988044032948e-06
2022-23,new,LAC,TOR,0.0007182682671569992
2022-23,new,LAC,UTA,0.03433090123488668
2022-23,new,LAC,WAS,1.4743287499033514e-05
2022-23,new,LAL,ATL,0.034681044011305916
2022-23,new,LAL,BKN,0.05771946600937739
2022-23,new,LAL,BOS,0.0
2022-23,new,LAL,CHA,1.1232328581392155e-05
2022-23,new,LAL,CHI,0.009017000309613023
2022-23,new,LAL,CLE,0.0
2022-23,new,LAL,DAL,0.05289907799103591
2022-23,new,LAL,DEN,0.0
2022-23,new,LAL,DET,3.758227882884582e-06
2022-23,new,LAL,GSW,0.05910617526305055
2022-23,new,LAL,HOU,0.025624999912949437
2022-23,new,LAL,IND,0.00487269150529575
2022-23,new,LAL,LAC,0.013320582071821012
2022-23,new,LAL,MEM,0.0005282332555380606
2022-23,new,LAL,MIA,0.013073059792013189
2022-23,new,LAL,MIL,0.0
2022-23,new,LAL,MIN,0.0
2022-23,new,LAL,NOP,0.13144719795412224
2022-23,new,LAL,NYK,0.02356724239106973
2022-23,new,LAL,OKC,0.027805226381952423
2022-23,new,LAL,ORL,0.0022617424332683476
2022-23,new,LAL,PHI,0.0
2022-23,new,LAL,PHX,0.0
2022-23,new,LAL,POR,0.005787686031140461
2022-23,new,LAL,SAC,0.0038677844710935778
2022-23,new,LAL,SAS,1.023982528875359e-05
2022-23,new,LAL,TOR,0.008426927950938615
2022-23,new,LAL,UTA,0.04896703915606952
2022-23,new,LAL,WAS,0.013287875394491513
2022-23,new,MEM,ATL,0.001250284090010218
2022-23,new,MEM,BKN,0.005296739300671921
2022-23,new,MEM,BOS,0.0
2022-23,new,MEM,CHA,0.0053449598778219495
2022-23,new,MEM,CHI,0.01622986319404798
2022-23,new,MEM,CLE,0.0
2022-23,new,MEM,DAL,0.01809035288305949
2022-23,new,MEM,DEN,0.0
2022-23,new,MEM,DET,7.241781950855455e-06
2022-23,new,MEM,GSW,0.0007005910354611589
2022-23,new,MEM,HOU,0.005420528053575001
2022-23,new,MEM,IND,0.03169663505958154
2022-23,new,MEM,LAC,0.0007163254462648184
2022-23,new,MEM,LAL,0.010612068865207377
2022-23,new,MEM,MIA,0.0016294131403898568
2022-23,new,MEM,MIL,0.0
2022-23,new,MEM,MIN,0.0
2022-23,new,MEM,NOP,0.005040678833149664
2022-23,new,MEM,NYK,0.004963488184447089
2022-23,new,MEM,OKC,0.00901454747722741
2022-23,new,MEM,ORL,0.00044329509130428696
2022-23,new,MEM,PHI,0.0
2022-23,new,MEM,PHX,0.0
2022-23,new,MEM,POR,0.0055561255254130614
2022-23,new,MEM,SAC,0.020570043033181593
2022-23,new,MEM,SAS,6.566850519730323e-07
2022-23,new,MEM,TOR,0.020476207956202076
2022-23,new,MEM,UTA,0.017265749727151874
2022-23,new,MEM,WAS,0.0022095748077069
2022-23,new,MIA,ATL,0.011780199641422361
2022-23,new,MIA,BKN,0.06317961084924317
2022-23,new,MIA,BOS,0.0
2022-23,new,MIA,CHA,0.0003587203031210362
2022-23,new,MIA,CHI,0.005579939925791429
2022-23,new,MIA,CLE,0.0016594702486603123
2022-23,new,MIA,DAL,3.7702553853752517e-06
2022-23,new,MIA,DEN,0.0
2022-23,new,MIA,DET,1.6220902955312554e-06
2022-23,new,MIA,GSW,0.011514224763942146
2022-23,new,MIA,HOU,0.026474677067017182
2022-23,new,MIA,IND,0.022263684105646196
2022-23,new,MIA,LAC,1.4547414029948416e-05
2022-23,new,MIA,LAL,0.007985721924563002
2022-23,new,MIA,MEM,0.006563577537649666
2022-23,new,MIA,MIL,0.0
2022-23,new,MIA,MIN,0.0
2022-23,new,MIA,NOP,0.0014410020587243273
2022-23,new,MIA,NYK,0.017607993442274577
2022-23,new,MIA,OKC,0.0010579202194087977
2022-23,new,MIA,ORL,0.010704665287441578
2022-23,new,MIA,PHI,0.0
2022-23,new,MIA,PHX,0.0
2022-23,new,MIA,POR,0.016119546666487048
2022-23,new,MIA,SAC,0.009267187651183704
2022-23,new,MIA,SAS,4.829156114028437e-06
2022-23,new,MIA,TOR,0.017878531214418708
2022-23,new,MIA,UTA,0.003952701907662372
2022-23,new,MIA,WAS,0.02525684213830932
2022-23,new,MIL,ATL,0.0064900983592837405
2022-23,new,MIL,BKN,0.06769818167907941
2022-23,new,MIL,BOS,0.0
2022-23,new,MIL,CHA,0.016976779732455264
2022-23,new,MIL,CHI,0.0006142361257971924
2022-23,new,MIL,CLE,1.3826599506187604e-05
2022-23,new,MIL,DAL,0.004354217919874237
2022-23,new,MIL,DEN,0.0
2022-23,new,MIL,DET,9.66680659163507e-06
2022-23,new,MIL,GSW,0.007748663921908463
2022-23,new,MIL,HOU,0.009299299733970185
2022-23,new,MIL,IND,0.0282511743431517
2022-23,new,MIL,LAC,0.03682543106830743
2022-23,new,MIL,LAL,0.005397629460986253
2022-23,new,MIL,MEM,0.0017025862365222444
2022-23,new,MIL,MIA,0.006156740216960561
2022-23,new,MIL,MIN,0.0
2022-23,new,MIL,NOP,0.0021306573503433956
2022-23,new,MIL,NYK,0.0077914171551572075
2022-23,new,MIL,OKC,0.002987607826643366
2022-23,new,MIL,ORL,0.006909344387512695
2022-23,new,MIL,PHI,0.0
2022-23,new,MIL,PHX,0.0
2022-23,new,MIL,POR,0.007933890521036345
2022-23,new,MIL,SAC,0.005904984288419461
2022-23,new,MIL,SAS,2.0362632817209637e-05
2022-23,new,MIL,TOR,0.004121414696965781
2022-23,new,MIL,UTA,0.014721999749574671
2022-23,new,MIL,WAS,0.009481141503103165
2022-23,new,MIN,ATL,0.02805403322431269
2022-23,new,MIN,BKN,0.016020648155324283
2022-23,new,MIN,BOS,0.0
2022-23,new,MIN,CHA,3.085524295330358e-05
2022-23,new,MIN,CHI,0.024949449078341134
2022-23,new,MIN,CLE,8.331536358613887e-05
2022-23,new,MIN,DAL,0.08665968943366963
2022-23,new,MIN,DEN,0.0
2022-23,new,MIN,DET,1.0997600152551053e-05
2022-23,new,MIN,GSW,0.04968473717259633
2022-23,new,MIN,HOU,0.024447198644067678
2022-23,new,MIN,IND,0.0045238090464790595
2022-23,new,MIN,LAC,0.02606142272044712
2022-23,new,MIN,LAL,0.07336099187859559
2022-23,new,MIN,MEM,0.0018368892425866667
2022-23,new,MIN,MIA,0.023274705693615824
2022-23,new,MIN,MIL,0.0
2022-23,new,MIN,NOP,0.13160371748385308
2022-23,new,MIN,NYK,0.05833818927284402
2022-23,new,MIN,OKC,0.06262311421071805
2022-23,new,MIN,ORL,0.0030145033445831315
2022-23,new,MIN,PHI,0.0
2022-23,new,MIN,PHX,0.0
2022-23,new,MIN,POR,0.01133524692322324
2022-23,new,MIN,SAC,0.010212482119479538
2022-23,new,MIN,SAS,2.7091424879527342e-05
2022-23,new,MIN,TOR,0.030289057904954713
2022-23,new,MIN,UTA,0.6137340386759889
2022-23,new,MIN,WAS,0.008831783497455517
2022-23,new,NOP,ATL,0.0014803382513911931
2022-23,new,NOP,BKN,0.010115330706411695
2022-23,new,NOP,BOS,0.0
2022-23,new,NOP,CHA,0.014248922401236307
2022-23,new,NOP,CHI,0.001956690856294354
2022-23,new,NOP,CLE,0.0
2022-23,new,NOP,DAL,0.039848753159532624
2022-23,new,NOP,DEN,0.0
2022-23,new,NOP,DET,0.0
2022-23,new,NOP,GSW,0.03584872431821916
2022-23,new,NOP,HOU,0.0174205280254306
2022-23,new,NOP,IND,0.015479525808839061
2022-23,new,NOP,LAC,0.01469181049316078
2022-23,new,NOP,LAL,0.06782677791799933
2022-23,new,NOP,MEM,0.005785298735999245
2022-23,new,NOP,MIA,0.00448659136482908
2022-23,new,NOP,MIL,0.0
2022-23,new,NOP,MIN,0.0
2022-23,new,NOP,NYK,0.020227993834698813
2022-23,new,NOP,OKC,0.0230541488287593
2022-23,new,NOP,ORL,0.0005094931669015659
2022-23,new,NOP,PHI,0.0
2022-23,new,NOP,PHX,0.0
2022-23,new,NOP,POR,0.009186352039580932
2022-23,new,NOP,SAC,6.755312551957043e-05
2022-23,new,NOP,SAS,0.0
2022-23,new,NOP,TOR,0.0009014620439346147
2022-23,new,NOP,UTA,0.04723041567294989
2022-23,new,NOP,WAS,0.0
2022-23,new,NYK,ATL,0.0017095420728565876
2022-23,new,NYK,BKN,0.036075810858620286
2022-23,new,NYK,BOS,0.0
2022-23,new,NYK,CHA,0.015161637902051087
2022-23,new,NYK,CHI,0.00566215447785876
2022-23,new,NYK,CLE,5.5306398024750415e-05
2022-23,new,NYK,DAL,0.0016137395291804504
2022-23,new,NYK,DEN,0.0
2022-23,new,NYK,DET,0.0
2022-23,new,NYK,GSW,0.00239826381885609
2022-23,new,NYK,HOU,0.010097791191856862
2022-23,new,NYK,IND,0.006878538360570332
2022-23,new,NYK,LAC,0.0009232220011522413
2022-23,new,NYK,LAL,0.0010307112026453854
2022-23,new,NYK,MEM,0.005190732812846145
2022-23,new,NYK,MIA,0.01255784350295816
2022-23,new,NYK,MIL,0.0
2022-23,new,NYK,MIN,0.0
2022-23,new,NYK,NOP,0.0011365840485287376
2022-23,new,NYK,OKC,0.000952316792320524
2022-23,new,NYK,ORL,0.00037115277865917373
2022-23,new,NYK,PHI,0.0
2022-23,new,NYK,PHX,0.0
2022-23,new,NYK,POR,0.031072573363901415
2022-23,new,NYK,SAC,0.011718749831719645
2022-23,new,NYK,SAS,0.0
2022-23,new,NYK,TOR,0.002861360512649268
2022-23,new,NYK,UTA,0.006959761074967519
2022-23,new,NYK,WAS,0.0002068266991741909
2022-23,new,OKC,ATL,0.0017557495847330636
2022-23,new,OKC,BKN,0.01125397291727864
2022-23,new,OKC,BOS,0.0
2022-23,new,OKC,CHA,0.00012607758752359395
2022-23,new,OKC,CHI,0.0033751273251995187
2022-23,new,OKC,CLE,1.3826599506187604e-05
2022-23,new,OKC,DAL,0.0684878995571084
2022-23,new,OKC,DEN,0.0
2022-23,new,OKC,DET,0.0
2022-23,new,OKC,GSW,0.008591304052197223
2022-23,new,OKC,HOU,0.025905172293082458
2022-23,new,OKC,IND,0.0052541576342954276
2022-23,new,OKC,LAC,0.01849003254548358
2022-23,new,OKC,LAL,0.036627963870876176
2022-23,new,OKC,MEM,0.003583452831009517
2022-23,new,OKC,MIA,0.011848086698051262
2022-23,new,OKC,MIL,0.0
2022-23,new,OKC,MIN,0.0
2022-23,new,OKC,NOP,0.05059886848574087
2022-23,new,OKC,NYK,0.03956275707308448
2022-23,new,OKC,ORL,0.0005984416845603851
2022-23,new,OKC,PHI,0.0
2022-23,new,OKC,PHX,0.0
2022-23,new,OKC,POR,0.004669949210504273
2022-23,new,OKC,SAC,0.004365301719497374
2022-23,new,OKC,SAS,0.0
2022-23,new,OKC,TOR,0.001037045920936086
2022-23,new,OKC,UTA,0.04453813820672238
2022-23,new,OKC,WAS,0.0
2022-23,new,ORL,ATL,0.002361264316332977
2022-23,new,ORL,BKN,0.008864030810200495
2022-23,new,ORL,BOS,0.0
2022-23,new,ORL,CHA,0.0001516518414314697
2022-23,new,ORL,CHI,0.0015485389763529355
2022-23,new,ORL,CLE,0.0
2022-23,new,ORL,DAL,0.0064051690407538045
2022-23,new,ORL,DEN,0.0
2022-23,new,ORL,DET,2.3723821308608264e-05
2022-23,new,ORL,GSW,0.009915883412111274
2022-23,new,ORL,HOU,0.028337823298181686
2022-23,new,ORL,IND,0.016743752362866175
2022-23,new,ORL,LAC,8.405172539039933e-05
2022-23,new,ORL,LAL,0.0032389547915703727
2022-23,new,ORL,MEM,0.010572198468164123
2022-23,new,ORL,MIA,0.025642654912530705
2022-23,new,ORL,MIL,0.0
2022-23,new,ORL,MIN,0.0
2022-23,new,ORL,NOP,0.0007809806128979886
2022-23,new,ORL,NYK,0.005549461766478199
2022-23,new,ORL,OKC,0.007858297466681789
2022-23,new,ORL,PHI,0.0
2022-23,new,ORL,PHX,0.0
2022-23,new,ORL,POR,0.005616519446520387
2022-23,new,ORL,SAC,0.0045915949434555785
2022-23,new,ORL,SAS,2.8807610462049994e-05
2022-23,new,ORL,TOR,0.0004574961103841643
2022-23,new,ORL,UTA,0.007616079923199096
2022-23,new,ORL,WAS,0.00018413610594807087
2022-23,new,PHI,ATL,0.02285138899432511
2022-23,new,PHI,BKN,0.006165442564836281
2022-23,new,PHI,BOS,0.0
2022-23,new,PHI,CHA,0.020033101195009166
2022-23,new,PHI,CHI,0.03026644365837471
2022-23,new,PHI,CLE,1.388685336090428e-05
2022-23,new,PHI,DAL,0.00407099179833714
2022-23,new,PHI,DEN,0.0
2022-23,new,PHI,DET,5.6150126154756015e-06
2022-23,new,PHI,GSW,0.011800924364157594
2022-23,new,PHI,HOU,0.005033943960864645
2022-23,new,PHI,IND,0.02300722637034361
2022-23,new,PHI,LAC,0.009371497912517075
2022-23,new,PHI,LAL,0.011394666009763224
2022-23,new,PHI,MEM,0.01347090538735662
2022-23,new,PHI,MIA,0.003585845373610257
2022-23,new,PHI,MIL,0.0
2022-23,new,PHI,MIN,0.0
2022-23,new,PHI,NOP,0.010786368488735551
2022-23,new,PHI,NYK,0.029611014927498156
2022-23,new,PHI,OKC,0.004897090531504263
2022-23,new,PHI,ORL,0.0058862221079563565
2022-23,new,PHI,PHX,0.0
2022-23,new,PHI,POR,0.004046083021123116
2022-23,new,PHI,SAC,0.0021455293030810925
2022-23,new,PHI,SAS,1.5050744749840243e-05
2022-23,new,PHI,TOR,0.013654797951970757
2022-23,new,PHI,UTA,0.09873002520576335
2022-23,new,PHI,WAS,0.014496300143597105
2022-23,new,PHX,ATL,0.001411637955842989
2022-23,new,PHX,BKN,0.16906733898260298
2022-23,new,PHX,BOS,0.0
2022-23,new,PHX,CHA,0.004627155188374736
2022-23,new,PHX,CHI,0.0011410492188249934
2022-23,new,PHX,CLE,0.0
2022-23,new,PHX,DAL,0.01670053464944848
2022-23,new,PHX,DEN,0.0
2022-23,new,PHX,DET,0.0
2022-23,new,PHX,GSW,0.021966974186543146
2022-23,new,PHX,HOU,0.050552263009594756
2022-23,new,PHX,IND,0.004298491334414175
2022-23,new,PHX,LAC,0.01481411637724297
2022-23,new,PHX,LAL,0.009605873081780937
2022-23,new,PHX,MEM,0.001540634223146581
2022-23,new,PHX,MIA,0.012851293151475617
2022-23,new,PHX,MIL,0.0
2022-23,new,PHX,MIN,0.0
2022-23,new,PHX,NOP,0.0225115841217861
2022-23,new,PHX,NYK,0.010808424144672462
2022-23,new,PHX,OKC,0.025570851283204136
2022-23,new,PHX,ORL,9.375000171812949e-05
2022-23,new,PHX,PHI,0.0
2022-23,new,PHX,POR,0.009835583120762822
2022-23,new,PHX,SAC,0.008368882945193513
2022-23,new,PHX,SAS,0.0
2022-23,new,PHX,TOR,0.0004558189770463722
2022-23,new,PHX,UTA,0.020898478108079734
2022-23,new,PHX,WAS,0.0
2022-23,new,POR,ATL,0.0015102104687094533
2022-23,new,POR,BKN,0.014912213505741474
2022-23,new,POR,BOS,0.0
2022-23,new,POR,CHA,0.003452056149990155
2022-23,new,POR,CHI,0.046451046782025794
2022-23,new,POR,CLE,1.42225352680004e-05
2022-23,new,POR,DAL,0.043021621939619614
2022-23,new,POR,DEN,0.0
2022-23,new,POR,DET,1.6015211398835424e-06
2022-23,new,POR,GSW,0.03392262456841498
2022-23,new,POR,HOU,0.07079337307595214
2022-23,new,POR,IND,0.019783296877626685
2022-23,new,POR,LAC,0.009987607884947373
2022-23,new,POR,LAL,0.05129229494595322
2022-23,new,POR,MEM,0.0036250000287264845
2022-23,new,POR,MIA,0.012824160961350993
2022-23,new,POR,MIL,0.0
2022-23,new,POR,MIN,0.0
2022-23,new,POR,NOP,0.09514439643039527
2022-23,new,POR,NYK,0.019812814028421395
2022-23,new,POR,OKC,0.04960317903445183
2022-23,new,POR,ORL,0.00040122508972366476
2022-23,new,POR,PHI,0.0
2022-23,new,POR,PHX,0.0
2022-23,new,POR,SAC,0.009819485876919326
2022-23,new,POR,SAS,5.976095440489413e-06
2022-23,new,POR,TOR,0.0004112518881759666
2022-23,new,POR,UTA,0.05988844720395241
2022-23,new,POR,WAS,0.00015429737589689967
2022-23,new,SAC,ATL,0.005085993537588427
2022-23,new,SAC,BKN,0.01604997989934205
2022-23,new,SAC,BOS,0.0
2022-23,new,SAC,CHA,0.0016910369968124923
2022-23,new,SAC,CHI,0.013647115479982954
2022-23,new,SAC,CLE,0.0
2022-23,new,SAC,DAL,0.01583051319126441
2022-23,new,SAC,DEN,0.0
2022-23,new,SAC,DET,2.606863540187267e-07
2022-23,new,SAC,GSW,0.02501780883125939
2022-23,new,SAC,HOU,0.018939655259881845
2022-23,new,SAC,IND,0.012160207908829197
2022-23,new,SAC,LAC,0.015580280314797763
2022-23,new,SAC,LAL,0.045580280173915154
2022-23,new,SAC,MEM,0.012643870893370174
2022-23,new,SAC,MIA,0.005377148541538505
2022-23,new,SAC,MIL,0.0
2022-23,new,SAC,MIN,0.0
2022-23,new,SAC,NOP,0.0024792564958574822
2022-23,new,SAC,NYK,0.02426973291071982
2022-23,new,SAC,OKC,0.011679956876323557
2022-23,new,SAC,ORL,0.004565467965065433
2022-23,new,SAC,PHI,0.0
2022-23,new,SAC,PHX,0.0
2022-23,new,SAC,POR,0.013868838162880471
2022-23,new,SAC,SAS,7.160139321528951e-07
2022-23,new,SAC,TOR,0.0032549576172771297
2022-23,new,SAC,UTA,0.04042736328105398
2022-23,new,SAC,WAS,0.0
2022-23,new,SAS,ATL,0.001006558404321857
2022-23,new,SAS,BKN,0.009778998688944695
2022-23,new,SAS,BOS,0.0
2022-23,new,SAS,CHA,0.020274073461983975
2022-23,new,SAS,CHI,0.00326253773931104
2022-23,new,SAS,CLE,1.3846684124426496e-05
2022-23,new,SAS,DAL,4.049438320705655e-05
2022-23,new,SAS,DEN,0.0
2022-23,new,SAS,DET,1.757907778545048e-05
2022-23,new,SAS,GSW,0.0018754342543886807
2022-23,new,SAS,HOU,0.0048855065484129795
2022-23,new,SAS,IND,0.022880009385036558
2022-23,new,SAS,LAC,0.014583513007001503
2022-23,new,SAS,LAL,0.02893534502610644
2022-23,new,SAS,MEM,0.0007920258688933121
2022-23,new,SAS,MIA,0.0026972002603888458
2022-23,new,SAS,MIL,0.0
2022-23,new,SAS,MIN,0.0
2022-23,new,SAS,NOP,0.07092106691168235
2022-23,new,SAS,NYK,0.0015771865811210117
2022-23,new,SAS,OKC,0.004363415996997681
2022-23,new,SAS,ORL,0.0008276229242547262
2022-23,new,SAS,PHI,0.0
2022-23,new,SAS,PHX,0.0
2022-23,new,SAS,POR,0.0008370012463566309
2022-23,new,SAS,SAC,0.0002619040711590906
2022-23,new,SAS,TOR,0.0020823298214385152
2022-23,new,SAS,UTA,0.11952194740053189
2022-23,new,SAS,WAS,0.003362462099826659
2022-23,new,TOR,ATL,0.09344526778919165
2022-23,new,TOR,BKN,0.010953228283002289
2022-23,new,TOR,BOS,0.0
2022-23,new,TOR,CHA,0.02904271666141765
2022-23,new,TOR,CHI,0.0957098031345895
2022-23,new,TOR,CLE,0.00020599465932420947
2022-23,new,TOR,DAL,0.041148877793480095
2022-23,new,TOR,DEN,0.0
2022-23,new,TOR,DET,1.2770600313813404e-05
2022-23,new,TOR,GSW,0.023859586853756855
2022-23,new,TOR,HOU,0.008410021630738028
2022-23,new,TOR,IND,0.034474256918576314
2022-23,new,TOR,LAC,0.00951239231245287
2022-23,new,TOR,LAL,0.012290678843695287
2022-23,new,TOR,MEM,0.0061123333245377415
2022-23,new,TOR,MIA,0.027451818305468865
2022-23,new,TOR,MIL,0.0
2022-23,new,TOR,MIN,0.0
2022-23,new,TOR,NOP,0.02989870671973692
2022-23,new,TOR,NYK,0.08041441824217703
2022-23,new,TOR,OKC,0.019723329725715427
2022-23,new,TOR,ORL,0.011822676282950953
2022-23,new,TOR,PHI,0.0
2022-23,new,TOR,PHX,0.0
2022-23,new,TOR,POR,0.01358770759548619
2022-23,new,TOR,SAC,0.003332192540757473
2022-23,new,TOR,SAS,0.00047883184761511474
2022-23,new,TOR,UTA,0.08510839643112447
2022-23,new,TOR,WAS,0.06587071232254452
2022-23,new,UTA,ATL,0.001164870646236272
2022-23,new,UTA,BKN,0.004462188966931339
2022-23,new,UTA,BOS,0.0
2022-23,new,UTA,CHA,0.027087284290825887
2022-23,new,UTA,CHI,0.0008668383604267626
2022-23,new,UTA,CLE,0.0
2022-23,new,UTA,DAL,0.01736383012121649
2022-23,new,UTA,DEN,0.0
2022-23,new,UTA,DET,0.0
2022-23,new,UTA,GSW,0.03181848020769182
2022-23,new,UTA,HOU,0.009670528063534535
2022-23,new,UTA,IND,0.018806034449231013
2022-23,new,UTA,LAC,0.007072737142062296
2022-23,new,UTA,LAL,0.015611260760282486
2022-23,new,UTA,MEM,0.004590517188952271
2022-23,new,UTA,MIA,0.0035075430637867802
2022-23,new,UTA,MIL,0.0
2022-23,new,UTA,MIN,0.0
2022-23,new,UTA,NOP,0.050733566756324094
2022-23,new,UTA,NYK,0.008027981386125135
2022-23,new,UTA,OKC,0.017445851332259142
2022-23,new,UTA,ORL,0.0006487068676004383
2022-23,new,UTA,PHI,0.0
2022-23,new,UTA,PHX,0.0
2022-23,new,UTA,POR,0.000656727215046231
2022-23,new,UTA,SAC,0.00029061347391187405
2022-23,new,UTA,SAS,0.0
2022-23,new,UTA,TOR,0.0009418103529204584
2022-23,new,UTA,WAS,0.0
2022-23,new,WAS,ATL,0.034988850282076316
2022-23,new,WAS,BKN,0.011735416103390081
2022-23,new,WAS,BOS,0.0
2022-23,new,WAS,CHA,0.01867103269223555
2022-23,new,WAS,CHI,0.0525155960053076
2022-23,new,WAS,CLE,0.0001799886445420615
2022-23,new,WAS,DAL,0.007862755999212783
2022-23,new,WAS,DEN,0.0
2022-23,new,WAS,DET,2.130922516854849e-05
2022-23,new,WAS,GSW,0.009382637631205667
2022-23,new,WAS,HOU,0.006823545346008453
2022-23,new,WAS,IND,0.01970173302273056
2022-23,new,WAS,LAC,0.005786907386420102
2022-23,new,WAS,LAL,0.008554418112998344
2022-23,new,WAS,MEM,0.009338636480721293
2022-23,new,WAS,MIA,0.009943137138065248
2022-23,new,WAS,MIL,0.0
2022-23,new,WAS,MIN,0.0
2022-23,new,WAS,NOP,0.0036481681131107484
2022-23,new,WAS,NYK,0.19127853375881004
2022-23,new,WAS,OKC,0.0068688039095863565
2022-23,new,WAS,ORL,0.027630262103119245
2022-23,new,WAS,PHI,0.0
2022-23,new,WAS,PHX,0.0
2022-23,new,WAS,POR,0.012214078601713203
2022-23,new,WAS,SAC,0.007844634317375164
2022-23,new,WAS,SAS,7.080657359426432e-05
2022-23,new,WAS,TOR,0.021077042317581972
2022-23,new,WAS,UTA,0.06625101808625815
2022-23,old,ATL,BKN,0.011105695031860874
2022-23,old,ATL,BOS,0.0
2022-23,old,ATL,CHA,0.0011357734924652026
2022-23,old,ATL,CHI,0.01711753297890968
2022-23,old,ATL,CLE,0.0008943423554331713
2022-23,old,ATL,DAL,0.035239041745000255
2022-23,old,ATL,DEN,0.0
2022-23,old,ATL,DET,2.448414005813762e-06
2022-23,old,ATL,GSW,0.010566958179517147
2022-23,old,ATL,HOU,0.009691271441727716
2022-23,old,ATL,IND,0.014000985484096489
2022-23,old,ATL,LAC,0.00021686422732931657
2022-23,old,ATL,LAL,0.012938846566088113
2022-23,old,ATL,MEM,0.0020237070991624448
2022-23,old,ATL,MIA,0.004422751365184209
2022-23,old,ATL,MIL,0.0
2022-23,old,ATL,MIN,0.0
2022-23,old,ATL,NOP,0.013322737208740177
2022-23,old,ATL,NYK,0.10328147606054591
2022-23,old,ATL,OKC,0.019154903179612656
2022-23,old,ATL,ORL,0.0406917870718925
2022-23,old,ATL,PHI,0.0
2022-23,old,ATL,PHX,0.0
2022-23,old,ATL,POR,0.006453680625030786
2022-23,old,ATL,SAC,0.010343027346854003
2022-23,old,ATL,SAS,3.1098338503068276e-06
2022-23,old,ATL,TOR,0.03693441336747313
2022-23,old,ATL,UTA,0.07605336653262196
2022-23,old,ATL,WAS,0.03675113288224427
2022-23,old,BKN,ATL,0.011427518319179333
2022-23,old,BKN,BOS,0.0
2022-23,old,BKN,CHA,0.00012427974646561272
2022-23,old,BKN,CHI,0.009468374193017538
2022-23,old,BKN,CLE,0.0001227541475230374
2022-23,old,BKN,DAL,0.018215306733539504
2022-23,old,BKN,DEN,0.0
2022-23,old,BKN,DET,5.385656792152907e-06
2022-23,old,BKN,GSW,0.015353733957066237
2022-23,old,BKN,HOU,0.01755576552116665
2022-23,old,BKN,IND,0.008360147602206432
2022-23,old,BKN,LAC,0.00028205819381802377
2022-23,old,BKN,LAL,0.01734348053469901
2022-23,old,BKN,MEM,0.0052691018168761075
2022-23,old,BKN,MIA,0.019775658187958838
2022-23,old,BKN,MIL,0.0
2022-23,old,BKN,MIN,0.0
2022-23,old,BKN,NOP,0.02609267244372388
2022-23,old,BKN,NYK,0.026352995287791933
2022-23,old,BKN,OKC,0.009214170160863934
2022-23,old,BKN,ORL,0.004605833988607562
2022-23,old,BKN,PHI,0.0
2022-23,old,BKN,PHX,0.0
2022-23,old,BKN,POR,0.006154385218766572
2022-23,old,BKN,SAC,0.010544061345736369
2022-23,old,BKN,SAS,8.820483139932672e-06
2022-23,old,BKN,TOR,0.017013837183942716
2022-23,old,BKN,UTA,0.11682965888924625
2022-23,old,BKN,WAS,0.024317567452720706
2022-23,old,BOS,ATL,0.001974401857701016
2022-23,old,BOS,BKN,0.00498665202511085
2022-23,old,BOS,CHA,0.026660724268913517
2022-23,old,BOS,CHI,0.005558317622424903
2022-23,old,BOS,CLE,4.09541360211514e-11
2022-23,old,BOS,DAL,0.00342823771599569
2022-23,old,BOS,DEN,0.0
2022-23,old,BOS,DET,0.00013502541525388167
2022-23,old,BOS,GSW,0.002340130078242682
2022-23,old,BOS,HOU,0.0015228987155995993
2022-23,old,BOS,IND,0.06262877794264969
2022-23,old,BOS,LAC,0.01325673492476826
2022-23,old,BOS,LAL,0.00620312501491722
2022-23,old,BOS,MEM,0.00843857770103255
2022-23,old,BOS,MIA,0.0012297801920774397
2022-23,old,BOS,MIL,0.0
2022-23,old,BOS,MIN,0.0
2022-23,old,BOS,NOP,0.007239493611710276
2022-23,old,BOS,NYK,0.0012403531217271397
2022-23,old,BOS,OKC,0.0057182111895185544
2022-23,old,BOS,ORL,0.0011427957215804497
2022-23,old,BOS,PHI,0.0
2022-23,old,BOS,PHX,0.0
2022-23,old,BOS,POR,0.008114279603152303
2022-23,old,BOS,SAC,0.003864224163478177
2022-23,old,BOS,SAS,1.271879869740828e-06
2022-23,old,BOS,TOR,0.003615605504202413
2022-23,old,BOS,UTA,0.02137999378962046
2022-23,old,BOS,WAS,0.004684350543857641
2022-23,old,CHA,ATL,0.013034198855747647
2022-23,old,CHA,BKN,0.004467958510206262
2022-23,old,CHA,BOS,0.0
2022-23,old,CHA,CHI,0.01039589031669988
2022-23,old,CHA,CLE,0.0
2022-23,old,CHA,DAL,0.013986055435609776
2022-23,old,CHA,DEN,0.0
2022-23,old,CHA,DET,2.962643259229866e-06
2022-23,old,CHA,GSW,0.002537175837305965
2022-23,old,CHA,HOU,0.004126616335164852
2022-23,old,CHA,IND,0.0199470899369329
2022-23,old,CHA,LAC,7.058189760347636e-05
2022-23,old,CHA,LAL,0.00725511845927846
2022-23,old,CHA,MEM,0.005508620619918381
2022-23,old,CHA,MIA,0.001517704650208606
2022-23,old,CHA,MIL,0.0
2022-23,old,CHA,MIN,0.0
2022-23,old,CHA,NOP,0.01483755364030568
2022-23,old,CHA,NYK,0.106436343879632
2022-23,old,CHA,OKC,0.014387392245999794
2022-23,old,CHA,ORL,0.009679641395143733
2022-23,old,CHA,PHI,0.0
2022-23,old,CHA,PHX,0.0
2022-23,old,CHA,POR,0.0036648338769694998
2022-23,old,CHA,SAC,0.00473491381693246
2022-23,old,CHA,SAS,3.0354132383335598e-05
2022-23,old,CHA,TOR,0.005297328109243028
2022-23,old,CHA,UTA,0.02071141626080636
2022-23,old,CHA,WAS,0.0012405841471771263
2022-23,old,CHI,ATL,0.026744692374926594
2022-23,old,CHI,BKN,0.019379772235744285
2022-23,old,CHI,BOS,0.0
2022-23,old,CHI,CHA,0.009961893776735575
2022-23,old,CHI,CLE,0.00017653708125207928
2022-23,old,CHI,DAL,0.03846362982712678
2022-23,old,CHI,DEN,0.0
2022-23,old,CHI,DET,4.950379413419861e-06
2022-23,old,CHI,GSW,0.012992128262511496
2022-23,old,CHI,HOU,0.013727101312191544
2022-23,old,CHI,IND,0.017166290088049443
2022-23,old,CHI,LAC,0.01289628236955995
2022-23,old,CHI,LAL,0.00858486012840676
2022-23,old,CHI,MEM,0.0021336196521173027
2022-23,old,CHI,MIA,0.005028012710258404
2022-23,old,CHI,MIL,0.0
2022-23,old,CHI,MIN,0.0
2022-23,old,CHI,NOP,0.040145743478025346
2022-23,old,CHI,NYK,0.0992533452059766
2022-23,old,CHI,OKC,0.013807650973382084
2022-23,old,CHI,ORL,0.09459452230955304
2022-23,old,CHI,PHI,0.0
2022-23,old,CHI,PHX,0.0
2022-23,old,CHI,POR,0.0067006724547653985
2022-23,old,CHI,SAC,0.0009195554840759422
2022-23,old,CHI,SAS,4.877156061331739e-06
2022-23,old,CHI,TOR,0.031766758844360594
2022-23,old,CHI,UTA,0.03686935249605351
2022-23,old,CHI,WAS,0.03486502968580099
2022-23,old,CLE,ATL,0.00926223790827772
2022-23,old,CLE,BKN,0.017486689989607906
2022-23,old,CLE,BOS,0.0
2022-23,old,CLE,CHA,0.006363614217046121
2022-23,old,CLE,CHI,0.0040867658484846575
2022-23,old,CLE,DAL,0.0031454202082910583
2022-23,old,CLE,DEN,0.0
2022-23,old,CLE,DET,0.00047324844430453203
2022-23,old,CLE,GSW,0.005469425698487387
2022-23,old,CLE,HOU,0.0043612608598778005
2022-23,old,CLE,IND,0.10574080743260217
2022-23,old,CLE,LAC,0.0031567888157964063
2022-23,old,CLE,LAL,0.005419989225237856
2022-23,old,CLE,MEM,0.03625862087552584
2022-23,old,CLE,MIA,0.0031607615783210484
2022-23,old,CLE,MIL,0.0
2022-23,old,CLE,MIN,0.0
2022-23,old,CLE,NOP,0.004089978520722321
2022-23,old,CLE,NYK,0.012851419696410309
2022-23,old,CLE,OKC,0.0034447737942963595
2022-23,old,CLE,ORL,0.0010328657421777544
2022-23,old,CLE,PHI,0.0
2022-23,old,CLE,PHX,0.0
2022-23,old,CLE,POR,0.014739646642136131
2022-23,old,CLE,SAC,0.022972337517773347
2022-23,old,CLE,SAS,0.0017062492215306653
2022-23,old,CLE,TOR,0.0019273087243184817
2022-23,old,CLE,UTA,0.013044400750313377
2022-23,old,CLE,WAS,0.02643849932977617
2022-23,old,DAL,ATL,0.007363537059313327
2022-23,old,DAL,BKN,0.012981094523019245
2022-23,old,DAL,BOS,0.0
2022-23,old,DAL,CHA,0.0017812437650341919
2022-23,old,DAL,CHI,0.006505125112268835
2022-23,old,DAL,CLE,1.1765307562267535e-06
2022-23,old,DAL,DEN,0.0
2022-23,old,DAL,DET,2.272544055661143e-06
2022-23,old,DAL,GSW,0.007701069476213309
2022-23,old,DAL,HOU,0.012497036657697554
2022-23,old,DAL,IND,0.0033659208821089862
2022-23,old,DAL,LAC,0.0004127155254586952
2022-23,old,DAL,LAL,0.011852370505040542
2022-23,old,DAL,MEM,0.004408699258230143
2022-23,old,DAL,MIA,0.006020215194637772
2022-23,old,DAL,MIL,0.0
2022-23,old,DAL,MIN,0.0
2022-23,old,DAL,NOP,0.0450199348358879
2022-23,old,DAL,NYK,0.14424560325760655
2022-23,old,DAL,OKC,0.015568696206339216
2022-23,old,DAL,ORL,0.0021464407107341776
2022-23,old,DAL,PHI,0.0
2022-23,old,DAL,PHX,0.0
2022-23,old,DAL,POR,0.005553841458208412
2022-23,old,DAL,SAC,0.003094071125593808
2022-23,old,DAL,SAS,1.5608617178281948e-06
2022-23,old,DAL,TOR,0.010051463135839028
2022-23,old,DAL,UTA,0.04013558018371682
2022-23,old,DAL,WAS,0.005360880288443912
2022-23,old,DEN,ATL,0.02144947298524095
2022-23,old,DEN,BKN,0.015149005343540354
2022-23,old,DEN,BOS,0.0
2022-23,old,DEN,CHA,0.13079019771379397
2022-23,old,DEN,CHI,0.016471285553877717
2022-23,old,DEN,CLE,5.3903077982473196e-05
2022-23,old,DEN,DAL,0.043309819762566884
2022-23,old,DEN,DET,0.0009835621829147113
2022-23,old,DEN,GSW,0.009883762146696564
2022-23,old,DEN,HOU,0.045257543114050086
2022-23,old,DEN,IND,0.03720462516686088
2022-23,old,DEN,LAC,0.008318696167934203
2022-23,old,DEN,LAL,0.02489466592472786
2022-23,old,DEN,MEM,0.013147629299201071
2022-23,old,DEN,MIA,0.012227836420365894
2022-23,old,DEN,MIL,0.0
2022-23,old,DEN,MIN,0.0
2022-23,old,DEN,NOP,0.01221659506484465
2022-23,old,DEN,NYK,0.05617063804037066
2022-23,old,DEN,OKC,0.020323814752748526
2022-23,old,DEN,ORL,0.0037838626289845466
2022-23,old,DEN,PHI,0.0
2022-23,old,DEN,PHX,0.0
2022-23,old,DEN,POR,0.030640034239958185
2022-23,old,DEN,SAC,0.007128312262648713
2022-23,old,DEN,SAS,0.0016368344389244983
2022-23,old,DEN,TOR,0.008546632591542213
2022-23,old,DEN,UTA,0.03108192014195572
2022-23,old,DEN,WAS,0.0420463106805778
2022-23,old,DET,ATL,0.008129446167664024
2022-23,old,DET,BKN,0.004405409710111322
2022-23,old,DET,BOS,0.0
2022-23,old,DET,CHA,0.0015223697654793208
2022-23,old,DET,CHI,0.036522728451164096
2022-23,old,DET,CLE,7.014696204772446e-05
2022-23,old,DET,DAL,0.009857610001861054
2022-23,old,DET,DEN,0.0
2022-23,old,DET,GSW,0.01045041911010334
2022-23,old,DET,HOU,0.009475753813769246
2022-23,old,DET,IND,0.01015584299647374
2022-23,old,DET,LAC,0.0002936422462767825
2022-23,old,DET,LAL,0.011420258510163343
2022-23,old,DET,MEM,9.563009640888817e-06
2022-23,old,DET,MIA,0.000340224335658326
2022-23,old,DET,MIL,0.0
2022-23,old,DET,MIN,0.0
2022-23,old,DET,NOP,0.015113416006668183
2022-23,old,DET,NYK,0.025425874142889476
2022-23,old,DET,OKC,0.009785560514629369
2022-23,old,DET,ORL,0.003580114127257651
2022-23,old,DET,PHI,0.0
2022-23,old,DET,PHX,0.0
2022-23,old,DET,POR,0.0050569161682474766
2022-23,old,DET,SAC,0.00022658401999771637
2022-23,old,DET,SAS,0.003078501753076709
2022-23,old,DET,TOR,0.010442804807685656
2022-23,old,DET,UTA,0.017413004136112877
2022-23,old,DET,WAS,0.01724773226392314
2022-23,old,GSW,ATL,0.00874427210339008
2022-23,old,GSW,BKN,0.013304665308775972
2022-23,old,GSW,BOS,0.0
2022-23,old,GSW,CHA,0.00169465274942531
2022-23,old,GSW,CHI,0.00608722089122813
2022-23,old,GSW,CLE,1.060188887921137e-06
2022-23,old,GSW,DAL,0.09528489441552382
2022-23,old,GSW,DEN,0.0
2022-23,old,GSW,DET,1.3205012903953672e-06
2022-23,old,GSW,HOU,0.0687432649315351
2022-23,old,GSW,IND,0.006784324112614465
2022-23,old,GSW,LAC,0.00023033405515638278
2022-23,old,GSW,LAL,0.0188747305662877
2022-23,old,GSW,MEM,5.868904600538138e-05
2022-23,old,GSW,MIA,0.01434280661253085
2022-23,old,GSW,MIL,0.0
2022-23,old,GSW,MIN,0.0
2022-23,old,GSW,NOP,0.017950969757692857
2022-23,old,GSW,NYK,0.09369011398108014
2022-23,old,GSW,OKC,0.015385775965164768
2022-23,old,GSW,ORL,0.002503831536799829
2022-23,old,GSW,PHI,0.0
2022-23,old,GSW,PHX,0.0
2022-23,old,GSW,POR,0.005335405687727509
2022-23,old,GSW,SAC,0.006316527350553035
2022-23,old,GSW,SAS,2.7549390741462654e-06
2022-23,old,GSW,TOR,0.008282331557456765
2022-23,old,GSW,UTA,0.14085918840631126
2022-23,old,GSW,WAS,0.0016082751051569458
2022-23,old,HOU,ATL,0.0015012788447487924
2022-23,old,HOU,BKN,0.00046130585444477504
2022-23,old,HOU,BOS,0.0
2022-23,old,HOU,CHA,0.015456307845289778
2022-23,old,HOU,CHI,0.025484290064138673
2022-23,old,HOU,CLE,1.1783985648040562e-07
2022-23,old,HOU,DAL,0.0007811845495151122
2022-23,old,HOU,DEN,0.0
2022-23,old,HOU,DET,0.0016288839812061294
2022-23,old,HOU,GSW,0.002376364386789418
2022-23,old,HOU,IND,0.029788289072428184
2022-23,old,HOU,LAC,5.1993535257522646e-05
2022-23,old,HOU,LAL,0.0027063577198463596
2022-23,old,HOU,MEM,0.008312500554515111
2022-23,old,HOU,MIA,0.00038110060163017536
2022-23,old,HOU,MIL,0.0
2022-23,old,HOU,MIN,0.0
2022-23,old,HOU,NOP,0.004815732715852107
2022-23,old,HOU,NYK,0.0002253257624606937
2022-23,old,HOU,OKC,0.0038197737340895637
2022-23,old,HOU,ORL,0.0006551771082632158
2022-23,old,HOU,PHI,0.0
2022-23,old,HOU,PHX,0.0
2022-23,old,HOU,POR,0.002318981057582217
2022-23,old,HOU,SAC,0.010559576100088293
2022-23,old,HOU,SAS,0.005804115309649317
2022-23,old,HOU,TOR,0.0023470720184712206
2022-23,old,HOU,UTA,0.019942020015882668
2022-23,old,HOU,WAS,0.002812806782592201
2022-23,old,IND,ATL,0.0111430946015233
2022-23,old,IND,BKN,0.001417443267575535
2022-23,old,IND,BOS,0.0
2022-23,old,IND,CHA,0.006059488729941462
2022-23,old,IND,CHI,0.026837794292918382
2022-23,old,IND,CLE,0.00010521727427355285
2022-23,old,IND,DAL,0.010709064825479075
2022-23,old,IND,DEN,0.0
2022-23,old,IND,DET,0.001044746336247324
2022-23,old,IND,GSW,0.0032963093689356297
2022-23,old,IND,HOU,0.0016185343783380916
2022-23,old,IND,LAC,0.0023539870795352253
2022-23,old,IND,LAL,0.005534752278331797
2022-23,old,IND,MEM,0.003389008701939521
2022-23,old,IND,MIA,0.0018334969301021333
2022-23,old,IND,MIL,0.0
2022-23,old,IND,MIN,0.0
2022-23,old,IND,NOP,0.011902209222979104
2022-23,old,IND,NYK,0.019287226748229302
2022-23,old,IND,OKC,0.012117995784702261
2022-23,old,IND,ORL,0.004345126568187068
2022-23,old,IND,PHI,0.0
2022-23,old,IND,PHX,0.0
2022-23,old,IND,POR,0.013359493128723221
2022-23,old,IND,SAC,0.001152984713831871
2022-23,old,IND,SAS,8.513347034849928e-06
2022-23,old,IND,TOR,0.008362821935516017
2022-23,old,IND,UTA,0.04487799372195207
2022-23,old,IND,WAS,0.02568849295177229
2022-23,old,LAC,ATL,0.006146497196528183
2022-23,old,LAC,BKN,0.05860211282532439
2022-23,old,LAC,BOS,0.0
2022-23,old,LAC,CHA,0.010614094037387462
2022-23,old,LAC,CHI,0.0024228342532915345
2022-23,old,LAC,CLE,2.468597171241776e-06
2022-23,old,LAC,DAL,0.0012319183664331948
2022-23,old,LAC,DEN,0.0
2022-23,old,LAC,DET,9.72007706941438e-06
2022-23,old,LAC,GSW,0.02008932249539825
2022-23,old,LAC,HOU,0.21988793178088162
2022-23,old,LAC,IND,0.012702945464357823
2022-23,old,LAC,LAL,0.023462284322635373
2022-23,old,LAC,MEM,0.0007381278791105364
2022-23,old,LAC,MIA,0.01691187353962283
2022-23,old,LAC,MIL,0.0
2022-23,old,LAC,MIN,0.0
2022-23,old,LAC,NOP,0.02804094812268761
2022-23,old,LAC,NYK,0.010501326568519683
2022-23,old,LAC,OKC,0.02450404101753896
2022-23,old,LAC,ORL,0.008406047508502077
2022-23,old,LAC,PHI,0.0
2022-23,old,LAC,PHX,0.0
2022-23,old,LAC,POR,0.005835622728890338
2022-23,old,LAC,SAC,0.0045144220971263345
2022-23,old,LAC,SAS,1.8884221921037456e-05
2022-23,old,LAC,TOR,0.0022574189713088343
2022-23,old,LAC,UTA,0.014607622742995378
2022-23,old,LAC,WAS,0.002285521532891543
2022-23,old,LAL,ATL,0.01535038225181777
2022-23,old,LAL,BKN,0.04879513756975584
2022-23,old,LAL,BOS,0.0
2022-23,old,LAL,CHA,7.144475778473457e-06
2022-23,old,LAL,CHI,0.014763908642324103
2022-23,old,LAL,CLE,1.176244831515509e-06
2022-23,old,LAL,DAL,0.07257765179341615
2022-23,old,LAL,DEN,0.0
2022-23,old,LAL,DET,2.851760930584175e-06
2022-23,old,LAL,GSW,0.028576889983724166
2022-23,old,LAL,HOU,0.025806034405771963
2022-23,old,LAL,IND,0.007327349522569941
2022-23,old,LAL,LAC,0.00023437500401432145
2022-23,old,LAL,MEM,0.0004916733282369773
2022-23,old,LAL,MIA,0.015924116340324663
2022-23,old,LAL,MIL,0.0
2022-23,old,LAL,MIN,0.0
2022-23,old,LAL,NOP,0.1142386849179005
2022-23,old,LAL,NYK,0.11196031988728145
2022-23,old,LAL,OKC,0.01956707990985235
2022-23,old,LAL,ORL,0.02109333468251916
2022-23,old,LAL,PHI,0.0
2022-23,old,LAL,PHX,0.0
2022-23,old,LAL,POR,0.007228478631539032
2022-23,old,LAL,SAC,0.003364253899062778
2022-23,old,LAL,SAS,5.008957296227561e-06
2022-23,old,LAL,TOR,0.01383952715007509
2022-23,old,LAL,UTA,0.021200341427828017
2022-23,old,LAL,WAS,0.0271560642521083
2022-23,old,MEM,ATL,0.00356455953998303
2022-23,old,MEM,BKN,0.004911463514056839
2022-23,old,MEM,BOS,0.0
2022-23,old,MEM,CHA,0.005242080025348133
2022-23,old,MEM,CHI,0.005001356208973093
2022-23,old,MEM,CLE,1.1426169160258802e-10
2022-23,old,MEM,DAL,0.01207083264055532
2022-23,old,MEM,DEN,0.0
2022-23,old,MEM,DET,0.00046361479284755643
2022-23,old,MEM,GSW,0.001682691948363661
2022-23,old,MEM,HOU,0.006339170341159154
2022-23,old,MEM,IND,0.025150231485882676
2022-23,old,MEM,LAC,1.5086207121353725e-05
2022-23,old,MEM,LAL,0.008844558028905684
2022-23,old,MEM,MIA,0.0031935220515925547
2022-23,old,MEM,MIL,0.0
2022-23,old,MEM,MIN,0.0
2022-23,old,MEM,NOP,0.006604795209132136
2022-23,old,MEM,NYK,0.014940337960221853
2022-23,old,MEM,OKC,0.008988685410184756
2022-23,old,MEM,ORL,0.010003516736366744
2022-23,old,MEM,PHI,0.0
2022-23,old,MEM,PHX,0.0
2022-23,old,MEM,POR,0.005208892883755253
2022-23,old,MEM,SAC,0.020570043033181593
2022-23,old,MEM,SAS,0.001539781490364501
2022-23,old,MEM,TOR,0.011936900432591904
2022-23,old,MEM,UTA,0.011684348348428372
2022-23,old,MEM,WAS,0.008495729487741528
2022-23,old,MIA,ATL,0.007472808502649357
2022-23,old,MIA,BKN,0.043256203293341004
2022-23,old,MIA,BOS,0.0
2022-23,old,MIA,CHA,0.0003545971120295019
2022-23,old,MIA,CHI,0.0019119216793763545
2022-23,old,MIA,CLE,0.000824196724940383
2022-23,old,MIA,DAL,0.0035116985584007624
2022-23,old,MIA,DEN,0.0
2022-23,old,MIA,DET,9.024773804645033e-07
2022-23,old,MIA,GSW,0.016696597516854705
2022-23,old,MIA,HOU,0.022944234561492236
2022-23,old,MIA,IND,0.02442052366639608
2022-23,old,MIA,LAC,0.00018723060623822925
2022-23,old,MIA,LAL,0.014590517255369221
2022-23,old,MIA,MEM,0.006568965470209591
2022-23,old,MIA,MIL,0.0
2022-23,old,MIA,MIN,0.0
2022-23,old,MIA,NOP,0.012135237057468502
2022-23,old,MIA,NYK,0.024398857057209247
2022-23,old,MIA,OKC,0.006121497986224033
2022-23,old,MIA,ORL,0.00795543456327438
2022-23,old,MIA,PHI,0.0
2022-23,old,MIA,PHX,0.0
2022-23,old,MIA,POR,0.01765673037151913
2022-23,old,MIA,SAC,0.009309052845462653
2022-23,old,MIA,SAS,4.595840347092732e-06
2022-23,old,MIA,TOR,0.012291675825291146
2022-23,old,MIA,UTA,0.011486432542980112
2022-23,old,MIA,WAS,0.0318976558433273
2022-23,old,MIL,ATL,0.006456989485765241
2022-23,old,MIL,BKN,0.05968497382407375
2022-23,old,MIL,BOS,0.0
2022-23,old,MIL,CHA,0.016673033987993805
2022-23,old,MIL,CHI,0.0004424031856981067
2022-23,old,MIL,CLE,1.1758935550736896e-06
2022-23,old,MIL,DAL,0.005118917779088372
2022-23,old,MIL,DEN,0.0
2022-23,old,MIL,DET,0.00015382104021939469
2022-23,old,MIL,GSW,0.007113827504517774
2022-23,old,MIL,HOU,0.009881735123404912
2022-23,old,MIL,IND,0.027073228448277614
2022-23,old,MIL,LAC,0.036637392294460676
2022-23,old,MIL,LAL,0.0047834052486698435
2022-23,old,MIL,MEM,0.001696688868292447
2022-23,old,MIL,MIA,0.00788969634756408
2022-23,old,MIL,MIN,0.0
2022-23,old,MIL,NOP,0.003926993525237776
2022-23,old,MIL,NYK,0.016049692866635008
2022-23,old,MIL,OKC,0.004045258670912832
2022-23,old,MIL,ORL,0.018207711950424393
2022-23,old,MIL,PHI,0.0
2022-23,old,MIL,PHX,0.0
2022-23,old,MIL,POR,0.013782582873752666
2022-23,old,MIL,SAC,0.006040514966264981
2022-23,old,MIL,SAS,4.6250147231390836e-06
2022-23,old,MIL,TOR,0.0058561665664395085
2022-23,old,MIL,UTA,0.014877490648925604
2022-23,old,MIL,WAS,0.013339404446465685
2022-23,old,MIN,ATL,0.024224483224941754
2022-23,old,MIN,BKN,0.012522992536525192
2022-23,old,MIN,BOS,0.0
2022-23,old,MIN,CHA,5.079785304992604e-06
2022-23,old,MIN,CHI,0.020608116002044898
2022-23,old,MIN,CLE,5.24921359097835e-05
2022-23,old,MIN,DAL,0.016955315463159516
2022-23,old,MIN,DEN,0.0
2022-23,old,MIN,DET,2.3301931760434168e-06
2022-23,old,MIN,GSW,0.018310111457611914
2022-23,old,MIN,HOU,0.01732085140588581
2022-23,old,MIN,IND,0.00433717364139912
2022-23,old,MIN,LAC,0.00029795259064673615
2022-23,old,MIN,LAL,0.02369800609084858
2022-23,old,MIN,MEM,0.0018282826569352476
2022-23,old,MIN,MIA,0.012602355688502476
2022-23,old,MIN,MIL,0.0
2022-23,old,MIN,NOP,0.04836072232911426
2022-23,old,MIN,NYK,0.05244028812006465
2022-23,old,MIN,OKC,0.025090247894645312
2022-23,old,MIN,ORL,0.010414932484862166
2022-23,old,MIN,PHI,0.0
2022-23,old,MIN,PHX,0.0
2022-23,old,MIN,POR,0.010169583326734897
2022-23,old,MIN,SAC,0.006718973811689327
2022-23,old,MIN,SAS,3.0986656633628436e-06
2022-23,old,MIN,TOR,0.029039651288265397
2022-23,old,MIN,UTA,0.45149563114046143
2022-23,old,MIN,WAS,0.013000781770602734
2022-23,old,NOP,ATL,0.011685291198282339
2022-23,old,NOP,BKN,0.010071287058994316
2022-23,old,NOP,BOS,0.0
2022-23,old,NOP,CHA,0.014250618987256627
2022-23,old,NOP,CHI,0.006528121829444365
2022-23,old,NOP,CLE,6.630360830105066e-10
2022-23,old,NOP,DAL,0.03425936336368312
2022-23,old,NOP,DEN,0.0
2022-23,old,NOP,DET,3.16226372232668e-06
2022-23,old,NOP,GSW,0.01797776766398428
2022-23,old,NOP,HOU,0.018090786421490868
2022-23,old,NOP,IND,0.014671675175503057
2022-23,old,NOP,LAC,0.0009081357858416722
2022-23,old,NOP,LAL,0.05243965531898069
2022-23,old,NOP,MEM,0.005752155202970807
2022-23,old,NOP,MIA,0.007269544749126411
2022-23,old,NOP,MIL,0.0
2022-23,old,NOP,MIN,0.0
2022-23,old,NOP,NYK,0.01988870916570386
2022-23,old,NOP,OKC,0.01908081908495535
2022-23,old,NOP,ORL,0.004020868870745841
2022-23,old,NOP,PHI,0.0
2022-23,old,NOP,PHX,0.0
2022-23,old,NOP,POR,0.012644553266860696
2022-23,old,NOP,SAC,6.818302383086866e-05
2022-23,old,NOP,SAS,4.712269051174875e-06
2022-23,old,NOP,TOR,0.013574146349673633
2022-23,old,NOP,UTA,0.022111254339743168
2022-23,old,NOP,WAS,0.0050635619432689355
2022-23,old,NYK,ATL,0.0019031936124503453
2022-23,old,NYK,BKN,0.028522241177309178
2022-23,old,NYK,BOS,0.0
2022-23,old,NYK,CHA,0.015164738521501802
2022-23,old,NYK,CHI,0.012391753702890567
2022-23,old,NYK,CLE,3.5073272161005166e-05
2022-23,old,NYK,DAL,0.0063088444736296816
2022-23,old,NYK,DEN,0.0
2022-23,old,NYK,DET,1.5683222789774434e-06
2022-23,old,NYK,GSW,0.00334093315690614
2022-23,old,NYK,HOU,0.007442888056112708
2022-23,old,NYK,IND,0.005787121139332794
2022-23,old,NYK,LAC,0.0007376077748305196
2022-23,old,NYK,LAL,0.0015422952755811976
2022-23,old,NYK,MEM,0.0051928879858540574
2022-23,old,NYK,MIA,0.006015589919434891
2022-23,old,NYK,MIL,0.0
2022-23,old,NYK,MIN,0.0
2022-23,old,NYK,NOP,0.003126077617755449
2022-23,old,NYK,OKC,0.004224946243539936
2022-23,old,NYK,ORL,0.0010396090643480678
2022-23,old,NYK,PHI,0.0
2022-23,old,NYK,PHX,0.0
2022-23,old,NYK,POR,0.031569254995811355
2022-23,old,NYK,SAC,0.011719827673797041
2022-23,old,NYK,SAS,2.3015153761138008e-06
2022-23,old,NYK,TOR,0.00457368539819066
2022-23,old,NYK,UTA,0.011371721934136398
2022-23,old,NYK,WAS,0.004590459955205166
2022-23,old,OKC,ATL,0.011160144619299525
2022-23,old,OKC,BKN,0.01051145252761069
2022-23,old,OKC,BOS,0.0
2022-23,old,OKC,CHA,0.00012894417309777825
2022-23,old,OKC,CHI,0.00783851846938166
2022-23,old,OKC,CLE,4.208482569915753e-10
2022-23,old,OKC,DAL,0.11411546824780827
2022-23,old,OKC,DEN,0.0
2022-23,old,OKC,DET,4.4492377993145255e-06
2022-23,old,OKC,GSW,0.005708787449937871
2022-23,old,OKC,HOU,0.032423222089780435
2022-23,old,OKC,IND,0.007614005968125189
2022-23,old,OKC,LAC,0.0004779094893581651
2022-23,old,OKC,LAL,0.02613200428233289
2022-23,old,OKC,MEM,0.003556028320968532
2022-23,old,OKC,MIA,0.011424531202477894
2022-23,old,OKC,MIL,0.0
2022-23,old,OKC,MIN,0.0
2022-23,old,OKC,NOP,0.03099434230763642
2022-23,old,OKC,NYK,0.08702235706353093
2022-23,old,OKC,ORL,0.00370246444667573
2022-23,old,OKC,PHI,0.0
2022-23,old,OKC,PHX,0.0
2022-23,old,OKC,POR,0.006016528509341587
2022-23,old,OKC,SAC,0.0043814657525218645
2022-23,old,OKC,SAS,8.541846377236565e-06
2022-23,old,OKC,TOR,0.013012308491582136
2022-23,old,OKC,UTA,0.03300721407273887
2022-23,old,OKC,WAS,0.010132838176264416
2022-23,old,ORL,ATL,0.0029460954625124772
2022-23,old,ORL,BKN,0.008887639029220431
2022-23,old,ORL,BOS,0.0
2022-23,old,ORL,CHA,9.984992729662807e-05
2022-23,old,ORL,CHI,0.003989928189010455
2022-23,old,ORL,CLE,7.108231250734002e-11
2022-23,old,ORL,DAL,0.003053006499384563
2022-23,old,ORL,DEN,0.0
2022-23,old,ORL,DET,0.0009358471719773736
2022-23,old,ORL,GSW,0.008385965820911142
2022-23,old,ORL,HOU,0.031699892188470545
2022-23,old,ORL,IND,0.032000005289411576
2022-23,old,ORL,LAC,2.1012931347599833e-05
2022-23,old,ORL,LAL,0.0028415948724783632
2022-23,old,ORL,MEM,0.010572198468966988
2022-23,old,ORL,MIA,0.01569907501828967
2022-23,old,ORL,MIL,0.0
2022-23,old,ORL,MIN,0.0
2022-23,old,ORL,NOP,0.00043372845805073464
2022-23,old,ORL,NYK,0.008113737085414113
2022-23,old,ORL,OKC,0.0037521552432986808
2022-23,old,ORL,PHI,0.0
2022-23,old,ORL,PHX,0.0
2022-23,old,ORL,POR,0.0064817389589399525
2022-23,old,ORL,SAC,0.0045915950148094865
2022-23,old,ORL,SAS,7.219991141391404e-06
2022-23,old,ORL,TOR,0.0014873291623242672
2022-23,old,ORL,UTA,0.006013578715606234
2022-23,old,ORL,WAS,0.013040617769122817
2022-23,old,PHI,ATL,0.01719649285399722
2022-23,old,PHI,BKN,0.006099898917820492
2022-23,old,PHI,BOS,0.0
2022-23,old,PHI,CHA,0.020053326138707344
2022-23,old,PHI,CHI,0.04530890382067622
2022-23,old,PHI,CLE,5.2608103908979486e-05
2022-23,old,PHI,DAL,0.013681859770345027
2022-23,old,PHI,DEN,0.0
2022-23,old,PHI,DET,6.313838288503819e-06
2022-23,old,PHI,GSW,0.010295928613776819
2022-23,old,PHI,HOU,0.006898706927534258
2022-23,old,PHI,IND,0.01925500395601821
2022-23,old,PHI,LAC,0.005921066823608146
2022-23,old,PHI,LAL,0.012637392315804831
2022-23,old,PHI,MEM,0.013467672628687758
2022-23,old,PHI,MIA,0.004032090793309368
2022-23,old,PHI,MIL,0.0
2022-23,old,PHI,MIN,0.0
2022-23,old,PHI,NOP,0.021830011052902436
2022-23,old,PHI,NYK,0.02322935692462473
2022-23,old,PHI,OKC,0.01507004318389528
2022-23,old,PHI,ORL,0.020640094267741917
2022-23,old,PHI,PHX,0.0
2022-23,old,PHI,POR,0.008527342427266927
2022-23,old,PHI,SAC,0.002283686065500485
2022-23,old,PHI,SAS,8.130987202385302e-06
2022-23,old,PHI,TOR,0.01890763217527281
2022-23,old,PHI,UTA,0.11151254917937178
2022-23,old,PHI,WAS,0.029483027214451393
2022-23,old,PHX,ATL,0.005590170190391544
2022-23,old,PHX,BKN,0.14698617116221113
2022-23,old,PHX,BOS,0.0
2022-23,old,PHX,CHA,0.004628138221996311
2022-23,old,PHX,CHI,0.003567805082254091
2022-23,old,PHX,CLE,2.351391554362336e-06
2022-23,old,PHX,DAL,0.00898454701394783
2022-23,old,PHX,DEN,0.0
2022-23,old,PHX,DET,1.0294295641718119e-06
2022-23,old,PHX,GSW,0.012758935562961047
2022-23,old,PHX,HOU,0.053300646914727176
2022-23,old,PHX,IND,0.004690388282369053
2022-23,old,PHX,LAC,0.013130118566753887
2022-23,old,PHX,LAL,0.00726508640603901
2022-23,old,PHX,MEM,0.001558740179567347
2022-23,old,PHX,MIA,0.016339601592609058
2022-23,old,PHX,MIL,0.0
2022-23,old,PHX,MIN,0.0
2022-23,old,PHX,NOP,0.01777209031740846
2022-23,old,PHX,NYK,0.012071025727144193
2022-23,old,PHX,OKC,0.014629849100702214
2022-23,old,PHX,ORL,0.0005753117190979182
2022-23,old,PHX,PHI,0.0
2022-23,old,PHX,POR,0.009523707182186713
2022-23,old,PHX,SAC,0.006940754649387694
2022-23,old,PHX,SAS,1.0016978166639764e-06
2022-23,old,PHX,TOR,0.004489137827774344
2022-23,old,PHX,UTA,0.015713629830990915
2022-23,old,PHX,WAS,0.001360168928501392
2022-23,old,POR,ATL,0.015126467120039528
2022-23,old,POR,BKN,0.01299047444755654
2022-23,old,POR,BOS,0.0
2022-23,old,POR,CHA,0.0033947885685436247
2022-23,old,POR,CHI,0.08778566862809346
2022-23,old,POR,CLE,1.2142411245537574e-07
2022-23,old,POR,DAL,0.039650714176359375
2022-23,old,POR,DEN,0.0
2022-23,old,POR,DET,0.000693476793152387
2022-23,old,POR,GSW,0.024085853310720325
2022-23,old,POR,HOU,0.0766737618354342
2022-23,old,POR,IND,0.03281304320631311
2022-23,old,POR,LAC,0.0007314116506162902
2022-23,old,POR,LAL,0.03805576446452098
2022-23,old,POR,MEM,0.003626078290632824
2022-23,old,POR,MIA,0.01298190274060433
2022-23,old,POR,MIL,0.0
2022-23,old,POR,MIN,0.0
2022-23,old,POR,NOP,0.05845905149775027
2022-23,old,POR,NYK,0.01515078783111812
2022-23,old,POR,OKC,0.02910102379249393
2022-23,old,POR,ORL,0.021434608155158352
2022-23,old,POR,PHI,0.0
2022-23,old,POR,PHX,0.0
2022-23,old,POR,SAC,0.009669583359300071
2022-23,old,POR,SAS,0.0021903865027991833
2022-23,old,POR,TOR,0.018931686179862937
2022-23,old,POR,UTA,0.05597916253624316
2022-23,old,POR,WAS,0.02745522995610749
2022-23,old,SAC,ATL,0.010365419049505343
2022-23,old,SAC,BKN,0.016472370886081267
2022-23,old,SAC,BOS,0.0
2022-23,old,SAC,CHA,0.0016877029809279258
2022-23,old,SAC,CHI,0.012112433371627864
2022-23,old,SAC,CLE,1.1386317417495744e-09
2022-23,old,SAC,DAL,0.006654744788076817
2022-23,old,SAC,DEN,0.0
2022-23,old,SAC,DET,2.2692106820909805e-06
2022-23,old,SAC,GSW,0.01449668105412838
2022-23,old,SAC,HOU,0.02092995683477935
2022-23,old,SAC,IND,0.007519522207456169
2022-23,old,SAC,LAC,0.0003461745741439919
2022-23,old,SAC,LAL,0.04016648727677892
2022-23,old,SAC,MEM,0.012591588733557861
2022-23,old,SAC,MIA,0.006463449144536383
2022-23,old,SAC,MIL,0.0
2022-23,old,SAC,MIN,0.0
2022-23,old,SAC,NOP,0.011177801787030305
2022-23,old,SAC,NYK,0.023179655282651673
2022-23,old,SAC,OKC,0.010248114147327906
2022-23,old,SAC,ORL,0.0041169542099886835
2022-23,old,SAC,PHI,0.0
2022-23,old,SAC,PHX,0.0
2022-23,old,SAC,POR,0.0164720315962196
2022-23,old,SAC,SAS,2.8752815845893998e-06
2022-23,old,SAC,TOR,0.013535989483896081
2022-23,old,SAC,UTA,0.03068650020139685
2022-23,old,SAC,WAS,0.005907084687673424
2022-23,old,SAS,ATL,0.007807042157742031
2022-23,old,SAS,BKN,0.010828563854129928
2022-23,old,SAS,BOS,0.0
2022-23,old,SAS,CHA,0.019802848952875072
2022-23,old,SAS,CHI,0.01108920639446573
2022-23,old,SAS,CLE,5.2609861365687263e-05
2022-23,old,SAS,DAL,0.0022137987312793265
2022-23,old,SAS,DEN,0.0
2022-23,old,SAS,DET,0.003208251369217843
2022-23,old,SAS,GSW,0.0019976140783851087
2022-23,old,SAS,HOU,0.006597252030664219
2022-23,old,SAS,IND,0.025476699087811392
2022-23,old,SAS,LAC,0.009796605638954946
2022-23,old,SAS,LAL,0.007605065149696675
2022-23,old,SAS,MEM,0.0007920258688933121
2022-23,old,SAS,MIA,0.0036845297647877307
2022-23,old,SAS,MIL,0.0
2022-23,old,SAS,MIN,0.0
2022-23,old,SAS,NOP,0.026408674803618654
2022-23,old,SAS,NYK,0.004065924854434829
2022-23,old,SAS,OKC,0.005984913794793477
2022-23,old,SAS,ORL,0.0031233075062714667
2022-23,old,SAS,PHI,0.0
2022-23,old,SAS,PHX,0.0
2022-23,old,SAS,POR,0.006379372433184043
2022-23,old,SAS,SAC,0.0002650524558452485
2022-23,old,SAS,TOR,0.010475754825734398
2022-23,old,SAS,UTA,0.06670996612187237
2022-23,old,SAS,WAS,0.006357277077813446
2022-23,old,TOR,ATL,0.04966228585950398
2022-23,old,TOR,BKN,0.010299087729484176
2022-23,old,TOR,BOS,0.0
2022-23,old,TOR,CHA,0.028204461629021852
2022-23,old,TOR,CHI,0.043710513235844635
2022-23,old,TOR,CLE,0.00015782661884515136
2022-23,old,TOR,DAL,0.05135483159755019
2022-23,old,TOR,DEN,0.0
2022-23,old,TOR,DET,6.763640578017312e-06
2022-23,old,TOR,GSW,0.018986848960379908
2022-23,old,TOR,HOU,0.011587284346600866
2022-23,old,TOR,IND,0.03803551083383953
2022-23,old,TOR,LAC,0.0048219288865923235
2022-23,old,TOR,LAL,0.018056573213804675
2022-23,old,TOR,MEM,0.006096847667686531
2022-23,old,TOR,MIA,0.011039997947151497
2022-23,old,TOR,MIL,0.0
2022-23,old,TOR,MIN,0.0
2022-23,old,TOR,NOP,0.051409482700962995
2022-23,old,TOR,NYK,0.1613999743420851
2022-23,old,TOR,OKC,0.029205549901897276
2022-23,old,TOR,ORL,0.01638586379584642
2022-23,old,TOR,PHI,0.0
2022-23,old,TOR,PHX,0.0
2022-23,old,TOR,POR,0.018364821788731018
2022-23,old,TOR,SAC,0.0033807579902092578
2022-23,old,TOR,SAS,0.0008093251903498196
2022-23,old,TOR,UTA,0.08850216136341957
2022-23,old,TOR,WAS,0.08630051454079697
2022-23,old,UTA,ATL,0.007942864334412764
2022-23,old,UTA,BKN,0.0030906265133184515
2022-23,old,UTA,BOS,0.0
2022-23,old,UTA,CHA,0.027101884081223184
2022-23,old,UTA,CHI,0.008352915412105692
2022-23,old,UTA,CLE,4.09541360211514e-11
2022-23,old,UTA,DAL,0.06540552916950142
2022-23,old,UTA,DEN,0.0
2022-23,old,UTA,DET,6.283977122679357e-06
2022-23,old,UTA,GSW,0.01916775659822292
2022-23,old,UTA,HOU,0.010527209142315334
2022-23,old,UTA,IND,0.02779590256820385
2022-23,old,UTA,LAC,0.002718480603813578
2022-23,old,UTA,LAL,0.013636853352233223
2022-23,old,UTA,MEM,0.004590517188952271
2022-23,old,UTA,MIA,0.005910307742094894
2022-23,old,UTA,MIL,0.0
2022-23,old,UTA,MIN,0.0
2022-23,old,UTA,NOP,0.03341217699747709
2022-23,old,UTA,NYK,0.04706044886223547
2022-23,old,UTA,OKC,0.02059321098856564
2022-23,old,UTA,ORL,0.0041073204619003125
2022-23,old,UTA,PHI,0.0
2022-23,old,UTA,PHX,0.0
2022-23,old,UTA,POR,0.003538534227122574
2022-23,old,UTA,SAC,0.00028556034932362626
2022-23,old,UTA,SAS,1.3462299212487223e-05
2022-23,old,UTA,TOR,0.009639425106093174
2022-23,old,UTA,WAS,0.019692122269143613
2022-23,old,WAS,ATL,0.02076777790309313
2022-23,old,WAS,BKN,0.009695982950009724
2022-23,old,WAS,BOS,0.0
2022-23,old,WAS,CHA,0.018602319338653642
2022-23,old,WAS,CHI,0.04243648981961037
2022-23,old,WAS,CLE,0.00024550530994890674
2022-23,old,WAS,DAL,0.03561031403720875
2022-23,old,WAS,DEN,0.0
2022-23,old,WAS,DET,6.9330535727545025e-06
2022-23,old,WAS,GSW,0.006751780175583314
2022-23,old,WAS,HOU,0.008992187385246608
2022-23,old,WAS,IND,0.021048993991784195
2022-23,old,WAS,LAC,0.003972521550242853
2022-23,old,WAS,LAL,0.01166379295333674
2022-23,old,WAS,MEM,0.009335621364211146
2022-23,old,WAS,MIA,0.007569422829847972
2022-23,old,WAS,MIL,0.0
2022-23,old,WAS,MIN,0.0
2022-23,old,WAS,NOP,0.02117268356797687
2022-23,old,WAS,NYK,0.25664183625214104
2022-23,old,WAS,OKC,0.015362877270531972
2022-23,old,WAS,ORL,0.02306594512909043
2022-23,old,WAS,PHI,0.0
2022-23,old,WAS,PHX,0.0
2022-23,old,WAS,POR,0.02508673727126028
2022-23,old,WAS,SAC,0.004529198560357234
2022-23,old,WAS,SAS,0.0011109295100823404
2022-23,old,WAS,TOR,0.019394936985786992
2022-23,old,WAS,UTA,0.07839655792994948
2023-24,new,ATL,BKN,0.0
2023-24,new,ATL,BOS,0.0
2023-24,new,ATL,CHA,4.119718000236148e-05
2023-24,new,ATL,CHI,0.0008773736304687955
2023-24,new,ATL,CLE,0.006673948110624693
2023-24,new,ATL,DAL,0.013132145188522997
2023-24,new,ATL,DEN,0.0005818965622416602
2023-24,new,ATL,DET,6.935989939096081e-06
2023-24,new,ATL,GSW,0.007673242018357375
2023-24,new,ATL,HOU,0.014789443279246136
2023-24,new,ATL,IND,0.0012385078954951102
2023-24,new,ATL,LAC,0.0
2023-24,new,ATL,LAL,0.0
2023-24,new,ATL,MEM,0.0051856143006870255
2023-24,new,ATL,MIA,0.007650168106341504
2023-24,new,ATL,MIL,0.006719827553706951
2023-24,new,ATL,MIN,0.010389655284317116
2023-24,new,ATL,NOP,0.029826838123881462
2023-24,new,ATL,NYK,0.0025122554347780227
2023-24,new,ATL,OKC,0.00066621768183942
2023-24,new,ATL,ORL,0.01172479191358726
2023-24,new,ATL,PHI,0.008533440660788257
2023-24,new,ATL,PHX,0.0022403017698650668
2023-24,new,ATL,POR,0.0029331928124639514
2023-24,new,ATL,SAC,0.01710113721314208
2023-24,new,ATL,SAS,0.0031856259690738772
2023-24,new,ATL,TOR,0.005123818029221575
2023-24,new,ATL,UTA,0.008651670328690672
2023-24,new,ATL,WAS,0.03270985995234665
2023-24,new,BKN,ATL,0.017480986316016592
2023-24,new,BKN,BOS,0.0
2023-24,new,BKN,CHA,0.001143563510152584
2023-24,new,BKN,CHI,0.0035504087963033797
2023-24,new,BKN,CLE,0.007811109052039527
2023-24,new,BKN,DAL,9.289801161297214e-05
2023-24,new,BKN,DEN,0.00018534483058891933
2023-24,new,BKN,DET,0.0001389900439896557
2023-24,new,BKN,GSW,0.000250542577062888
2023-24,new,BKN,HOU,0.02840606541989403
2023-24,new,BKN,IND,0.004255862444377323
2023-24,new,BKN,LAC,0.0
2023-24,new,BKN,LAL,0.0
2023-24,new,BKN,MEM,0.0002338362104010545
2023-24,new,BKN,MIA,0.016454224844525436
2023-24,new,BKN,MIL,0.0011287715744853406
2023-24,new,BKN,MIN,0.0017575548250092143
2023-24,new,BKN,NOP,0.016077289165294655
2023-24,new,BKN,NYK,0.023438015698087337
2023-24,new,BKN,OKC,0.0009579741428525928
2023-24,new,BKN,ORL,0.009693489706428604
2023-24,new,BKN,PHI,0.011037561218326617
2023-24,new,BKN,PHX,0.004330818965400827
2023-24,new,BKN,POR,0.002425680243785447
2023-24,new,BKN,SAC,4.9333235623647875e-05
2023-24,new,BKN,SAS,0.006129591991971054
2023-24,new,BKN,TOR,0.007727186308027135
2023-24,new,BKN,UTA,0.0016575969688208967
2023-24,new,BKN,WAS,0.007463631453434134
2023-24,new,BOS,ATL,0.011897110007742755
2023-24,new,BOS,BKN,0.0
2023-24,new,BOS,CHA,8.348366506197641e-05
2023-24,new,BOS,CHI,0.0002185389638389842
2023-24,new,BOS,CLE,0.012283468261162412
2023-24,new,BOS,DAL,0.01893631690122556
2023-24,new,BOS,DEN,0.0020678879588778166
2023-24,new,BOS,DET,2.41886610577412e-06
2023-24,new,BOS,GSW,0.014236903426244441
2023-24,new,BOS,HOU,0.0007991722372750317
2023-24,new,BOS,IND,0.003812016688780185
2023-24,new,BOS,LAC,0.0
2023-24,new,BOS,LAL,0.0
2023-24,new,BOS,MEM,0.0061050648090895275
2023-24,new,BOS,MIA,0.00957630823022217
2023-24,new,BOS,MIL,0.01615247815997934
2023-24,new,BOS,MIN,0.0038616148826258728
2023-24,new,BOS,NOP,0.045381478241914415
2023-24,new,BOS,NYK,0.009894792195048973
2023-24,new,BOS,OKC,0.0001503232780619171
2023-24,new,BOS,ORL,0.011444938275385739
2023-24,new,BOS,PHI,0.005774683917347757
2023-24,new,BOS,PHX,0.014354256437810395
2023-24,new,BOS,POR,0.007101654792367813
2023-24,new,BOS,SAC,0.03314777039194509
2023-24,new,BOS,SAS,0.00034355846415776576
2023-24,new,BOS,TOR,0.007152544039413216
2023-24,new,BOS,UTA,0.0029084051989725435
2023-24,new,BOS,WAS,0.017243534560347423
2023-24,new,CHA,ATL,0.012072638095131767
2023-24,new,CHA,BKN,0.0
2023-24,new,CHA,BOS,0.0
2023-24,new,CHA,CHI,0.009029232697600897
2023-24,new,CHA,CLE,0.0013663220343328691
2023-24,new,CHA,DAL,0.0020782667050219866
2023-24,new,CHA,DEN,5.092828907330495e-05
2023-24,new,CHA,DET,0.0005411230174646838
2023-24,new,CHA,GSW,0.002271974248427769
2023-24,new,CHA,HOU,0.002380512382686498
2023-24,new,CHA,IND,0.004729512538122123
2023-24,new,CHA,LAC,0.0
2023-24,new,CHA,LAL,0.0
2023-24,new,CHA,MEM,0.0006487069076834376
2023-24,new,CHA,MIA,0.015580634367399395
2023-24,new,CHA,MIL,0.0025140086651763657
2023-24,new,CHA,MIN,0.00016703758248983662
2023-24,new,CHA,NOP,0.019291825852188804
2023-24,new,CHA,NYK,0.03359877112572457
2023-24,new,CHA,OKC,0.007396012952165873
2023-24,new,CHA,ORL,0.011833905822566621
2023-24,new,CHA,PHI,0.012446908869828447
2023-24,new,CHA,PHX,0.0061303879641165055
2023-24,new,CHA,POR,0.005792747856267433
2023-24,new,CHA,SAC,0.004083923548352955
2023-24,new,CHA,SAS,0.016549711852100843
2023-24,new,CHA,TOR,0.010317284730912434
2023-24,new,CHA,UTA,0.002595096933474797
2023-24,new,CHA,WAS,0.007184536643105494
2023-24,new,CHI,ATL,0.003990507505112718
2023-24,new,CHI,BKN,0.0
2023-24,new,CHI,BOS,4.31034489181535e-06
2023-24,new,CHI,CHA,0.0004680638443480726
2023-24,new,CHI,CLE,0.009509632715296128
2023-24,new,CHI,DAL,0.0002613362105968569
2023-24,new,CHI,DEN,0.004634698297394889
2023-24,new,CHI,DET,4.2301715855330715e-05
2023-24,new,CHI,GSW,0.0020648627507942763
2023-24,new,CHI,HOU,0.0008161093954890148
2023-24,new,CHI,IND,0.02163852193188263
2023-24,new,CHI,LAC,0.0
2023-24,new,CHI,LAL,0.0
2023-24,new,CHI,MEM,0.00036557112370842493
2023-24,new,CHI,MIA,0.014954106372204044
2023-24,new,CHI,MIL,0.0040678879453053965
2023-24,new,CHI,MIN,0.005661207086846719
2023-24,new,CHI,NOP,0.008024790465938153
2023-24,new,CHI,NYK,0.017498625387908917
2023-24,new,CHI,OKC,0.0026487068959174602
2023-24,new,CHI,ORL,0.01090242543322372
2023-24,new,CHI,PHI,0.040503722726795706
2023-24,new,CHI,PHX,0.0036670259406974782
2023-24,new,CHI,POR,0.0018572996013440958
2023-24,new,CHI,SAC,0.00023877389048497491
2023-24,new,CHI,SAS,0.0018696821424755837
2023-24,new,CHI,TOR,0.044382989989572866
2023-24,new,CHI,UTA,0.004334859937341114
2023-24,new,CHI,WAS,0.021824892343820783
2023-24,new,CLE,ATL,0.049552146781781554
2023-24,new,CLE,BKN,0.0
2023-24,new,CLE,BOS,0.00015625000281002503
2023-24,new,CLE,CHA,6.386685255698658e-05
2023-24,new,CLE,CHI,0.004795786432931479
2023-24,new,CLE,DAL,0.00467058130486549
2023-24,new,CLE,DEN,0.007891163778700066
2023-24,new,CLE,DET,5.131684890549315e-05
2023-24,new,CLE,GSW,0.009230135048996843
2023-24,new,CLE,HOU,9.412579019665607e-05
2023-24,new,CLE,IND,0.005889239758565207
2023-24,new,CLE,LAC,0.0
2023-24,new,CLE,LAL,0.0
2023-24,new,CLE,MEM,0.00210021559411965
2023-24,new,CLE,MIA,0.02255397298614691
2023-24,new,CLE,MIL,0.03165894434763247
2023-24,new,CLE,MIN,0.009578448088698144
2023-24,new,CLE,NOP,0.11345944315595655
2023-24,new,CLE,NYK,0.055113155952615935
2023-24,new,CLE,OKC,0.00027828663910723066
2023-24,new,CLE,ORL,0.019119692899414033
2023-24,new,CLE,PHI,0.010700684235154686
2023-24,new,CLE,PHX,0.02452801746701629
2023-24,new,CLE,POR,0.002906069703851912
2023-24,new,CLE,SAC,0.07267841044157175
2023-24,new,CLE,SAS,0.0025240337329442216
2023-24,new,CLE,TOR,0.014627726362102522
2023-24,new,CLE,UTA,0.009749191804319329
2023-24,new,CLE,WAS,0.022510237148320622
2023-24,new,DAL,ATL,0.07339660319057041
2023-24,new,DAL,BKN,0.0
2023-24,new,DAL,BOS,1.616379334430756e-05
2023-24,new,DAL,CHA,0.0002561231110209694
2023-24,new,DAL,CHI,0.010698569797955273
2023-24,new,DAL,CLE,0.016774057077909594
2023-24,new,DAL,DEN,0.0005343242464323925
2023-24,new,DAL,DET,4.026714134219691e-05
2023-24,new,DAL,GSW,0.040989658574027824
2023-24,new,DAL,HOU,0.0001868695951844199
2023-24,new,DAL,IND,6.443398241069859e-05
2023-24,new,DAL,LAC,0.0
2023-24,new,DAL,LAL,0.0
2023-24,new,DAL,MEM,0.013730603812567507
2023-24,new,DAL,MIA,0.013095365174671442
2023-24,new,DAL,MIL,0.009662176754369787
2023-24,new,DAL,MIN,0.004014667505242836
2023-24,new,DAL,NOP,0.10267106443479646
2023-24,new,DAL,NYK,0.12673693268549724
2023-24,new,DAL,OKC,0.0034024784911287427
2023-24,new,DAL,ORL,0.021246958364139104
2023-24,new,DAL,PHI,0.009903211507471057
2023-24,new,DAL,PHX,0.06998437503856558
2023-24,new,DAL,POR,0.02498804569897168
2023-24,new,DAL,SAC,0.12536443734712718
2023-24,new,DAL,SAS,0.000929113061952762
2023-24,new,DAL,TOR,0.024998939459292494
2023-24,new,DAL,UTA,0.006000269391405366
2023-24,new,DAL,WAS,0.03507731727986789
2023-24,new,DEN,ATL,0.019625953909552844
2023-24,new,DEN,BKN,0.0
2023-24,new,DEN,BOS,0.0001379310367789505
2023-24,new,DEN,CHA,0.00220030939280084
2023-24,new,DEN,CHI,0.0045901156157850806
2023-24,new,DEN,CLE,0.01340390680016576
2023-24,new,DEN,DAL,0.018703425540132913
2023-24,new,DEN,DET,8.104249441652003e-05
2023-24,new,DEN,GSW,0.018084672411249284
2023-24,new,DEN,HOU,0.00016056025141683862
2023-24,new,DEN,IND,0.002971930443566484
2023-24,new,DEN,LAC,0.0
2023-24,new,DEN,LAL,0.0
2023-24,new,DEN,MEM,0.0069921875788011316
2023-24,new,DEN,MIA,0.005734450596971917
2023-24,new,DEN,MIL,0.00996632554064553
2023-24,new,DEN,MIN,0.04096487059616955
2023-24,new,DEN,NOP,0.037654128683913955
2023-24,new,DEN,NYK,0.020590111526577977
2023-24,new,DEN,OKC,0.001218211209533961
2023-24,new,DEN,ORL,0.01711857484197358
2023-24,new,DEN,PHI,0.010554107274788298
2023-24,new,DEN,PHX,0.016240840605881608
2023-24,new,DEN,POR,0.006685047013467174
2023-24,new,DEN,SAC,0.03699905075562176
2023-24,new,DEN,SAS,0.00130276504147045
2023-24,new,DEN,TOR,0.010997290267154423
2023-24,new,DEN,UTA,0.04524622840702469
2023-24,new,DEN,WAS,0.023589709385414607
2023-24,new,DET,ATL,0.017921417817707924
2023-24,new,DET,BKN,0.0
2023-24,new,DET,BOS,3.2327586688615123e-06
2023-24,new,DET,CHA,0.0008171365406432015
2023-24,new,DET,CHI,0.011180528812304165
2023-24,new,DET,CLE,0.008810910639871211
2023-24,new,DET,DAL,0.00011234281528792398
2023-24,new,DET,DEN,0.0034890221920377065
2023-24,new,DET,GSW,0.009324055429156949
2023-24,new,DET,HOU,0.0002557204327918891
2023-24,new,DET,IND,0.007341421122609945
2023-24,new,DET,LAC,0.0
2023-24,new,DET,LAL,0.0
2023-24,new,DET,MEM,0.0017974138712703153
2023-24,new,DET,MIA,0.01602217410228373
2023-24,new,DET,MIL,0.009772629497175363
2023-24,new,DET,MIN,0.002335129331251413
2023-24,new,DET,NOP,0.03348202270593086
2023-24,new,DET,NYK,0.03987843830563491
2023-24,new,DET,OKC,0.000393049573036039
2023-24,new,DET,ORL,0.03306524233848125
2023-24,new,DET,PHI,0.028498279353975173
2023-24,new,DET,PHX,0.018232758728253397
2023-24,new,DET,POR,0.005471623680497401
2023-24,new,DET,SAC,0.010716501334619958
2023-24,new,DET,SAS,0.0033962223904935316
2023-24,new,DET,TOR,0.04189336462696912
2023-24,new,DET,UTA,0.0028302801501985378
2023-24,new,DET,WAS,0.012237877370046998
2023-24,new,GSW,ATL,0.04695130968004035
2023-24,new,GSW,BKN,0.0
2023-24,new,GSW,BOS,0.0
2023-24,new,GSW,CHA,0.0014895144123328718
2023-24,new,GSW,CHI,0.0033373975072515374
2023-24,new,GSW,CLE,0.006870370411797818
2023-24,new,GSW,DAL,0.032678005625701494
2023-24,new,GSW,DEN,6.361735296854149e-05
2023-24,new,GSW,DET,0.0001568766812401041
2023-24,new,GSW,HOU,0.001210784582798248
2023-24,new,GSW,IND,0.0001654205423443941
2023-24,new,GSW,LAC,0.0
2023-24,new,GSW,LAL,0.0
2023-24,new,GSW,MEM,0.00359752157052722
2023-24,new,GSW,MIA,0.004618450186830448
2023-24,new,GSW,MIL,0.0052621228215364935
2023-24,new,GSW,MIN,4.765391525175009e-05
2023-24,new,GSW,NOP,0.12384920592121301
2023-24,new,GSW,NYK,0.052560417999915295
2023-24,new,GSW,OKC,0.0054989224247602286
2023-24,new,GSW,ORL,0.0068683544271584
2023-24,new,GSW,PHI,0.0027969991469730506
2023-24,new,GSW,PHX,0.026384967551145153
2023-24,new,GSW,POR,0.06212065616742359
2023-24,new,GSW,SAC,0.0921976395884045
2023-24,new,GSW,SAS,0.008910288078796283
2023-24,new,GSW,TOR,0.002968924316535341
2023-24,new,GSW,UTA,0.0027879848939984845
2023-24,new,GSW,WAS,0.01245662713184519
2023-24,new,HOU,ATL,0.002527542974341706
2023-24,new,HOU,BKN,0.0
2023-24,new,HOU,BOS,0.0
2023-24,new,HOU,CHA,0.0015576906783390492
2023-24,new,HOU,CHI,0.0013564774561837113
2023-24,new,HOU,CLE,0.000542040588054265
2023-24,new,HOU,DAL,0.01323001739343668
2023-24,new,HOU,DEN,0.007505428629460595
2023-24,new,HOU,DET,0.00026127787563837043
2023-24,new,HOU,GSW,0.02483328236989298
2023-24,new,HOU,IND,0.004813429906499026
2023-24,new,HOU,LAC,0.0
2023-24,new,HOU,LAL,0.0
2023-24,new,HOU,MEM,0.001084590541973614
2023-24,new,HOU,MIA,0.00399081341990225
2023-24,new,HOU,MIL,0.012777478582434481
2023-24,new,HOU,MIN,0.00019827586687009394
2023-24,new,HOU,NOP,0.0032438409394065885
2023-24,new,HOU,NYK,0.0038145025119941185
2023-24,new,HOU,OKC,0.013764816745393106
2023-24,new,HOU,ORL,0.002055184616469992
2023-24,new,HOU,PHI,0.01334841243432065
2023-24,new,HOU,PHX,0.007969288823018172
2023-24,new,HOU,POR,0.007886107931535036
2023-24,new,HOU,SAC,0.007756736465856206
2023-24,new,HOU,SAS,0.0016156561192797554
2023-24,new,HOU,TOR,0.005622377445058573
2023-24,new,HOU,UTA,0.007483297503565374
2023-24,new,HOU,WAS,0.003260506520565632
2023-24,new,IND,ATL,0.03855126618553213
2023-24,new,IND,BKN,0.0
2023-24,new,IND,BOS,0.0
2023-24,new,IND,CHA,0.00010612441595451954
2023-24,new,IND,CHI,0.02643959618635557
2023-24,new,IND,CLE,0.0056561307351953695
2023-24,new,IND,DAL,0.022359611627453282
2023-24,new,IND,DEN,0.00024441010009421257
2023-24,new,IND,DET,9.430501667856302e-06
2023-24,new,IND,GSW,0.016544707282856223
2023-24,new,IND,HOU,0.0007074160510950671
2023-24,new,IND,LAC,0.0
2023-24,new,IND,LAL,0.0
2023-24,new,IND,MEM,0.004710937629148749
2023-24,new,IND,MIA,0.04699312793580754
2023-24,new,IND,MIL,0.009133620791233563
2023-24,new,IND,MIN,0.00037715518092415457
2023-24,new,IND,NOP,0.10395474884551853
2023-24,new,IND,NYK,0.04118127654567614
2023-24,new,IND,OKC,0.0036931574377753167
2023-24,new,IND,ORL,0.03154278025588426
2023-24,new,IND,PHI,0.04453764670269033
2023-24,new,IND,PHX,0.03382300672163496
2023-24,new,IND,POR,0.006548839511434882
2023-24,new,IND,SAC,0.07584611144660278
2023-24,new,IND,SAS,0.004026693197028938
2023-24,new,IND,TOR,0.16565884641887232
2023-24,new,IND,UTA,0.0003149245750030566
2023-24,new,IND,WAS,0.04684267257294089
2023-24,new,LAC,ATL,0.03695680795097542
2023-24,new,LAC,BKN,0.0
2023-24,new,LAC,BOS,6.4655174180094474e-06
2023-24,new,LAC,CHA,6.684503733848297e-05
2023-24,new,LAC,CHI,0.0022063100131327145
2023-24,new,LAC,CLE,0.01837424263895784
2023-24,new,LAC,DAL,0.005360563859346672
2023-24,new,LAC,DEN,0.0063879310912131485
2023-24,new,LAC,DET,4.964860207841302e-06
2023-24,new,LAC,GSW,0.005883552948149755
2023-24,new,LAC,HOU,0.004458409091801806
2023-24,new,LAC,IND,0.009004200848905772
2023-24,new,LAC,LAL,0.0
2023-24,new,LAC,MEM,0.00248760782836551
2023-24,new,LAC,MIA,0.024023493829178722
2023-24,new,LAC,MIL,0.031204202452730714
2023-24,new,LAC,MIN,0.00914181052476563
2023-24,new,LAC,NOP,0.047596682972602555
2023-24,new,LAC,NYK,0.01009050138495969
2023-24,new,LAC,OKC,0.00737311444197107
2023-24,new,LAC,ORL,0.0076924444559691545
2023-24,new,LAC,PHI,0.031134746079354944
2023-24,new,LAC,PHX,0.015192887996211005
2023-24,new,LAC,POR,0.0017747772557797736
2023-24,new,LAC,SAC,0.008370508835639542
2023-24,new,LAC,SAS,0.0003458833537720912
2023-24,new,LAC,TOR,0.038852244635000366
2023-24,new,LAC,UTA,0.0052322198946735485
2023-24,new,LAC,WAS,0.13833647611330202
2023-24,new,LAL,ATL,0.09380445345241012
2023-24,new,LAL,BKN,0.0
2023-24,new,LAL,BOS,0.0
2023-24,new,LAL,CHA,5.613453087166503e-05
2023-24,new,LAL,CHI,0.0003781109419016065
2023-24,new,LAL,CLE,0.0034340936510620546
2023-24,new,LAL,DAL,0.016027124285203562
2023-24,new,LAL,DEN,6.361735296854149e-05
2023-24,new,LAL,DET,2.3607783994027063e-05
2023-24,new,LAL,GSW,0.0151124067655488
2023-24,new,LAL,HOU,7.318504724784897e-05
2023-24,new,LAL,IND,0.0002874190143583534
2023-24,new,LAL,LAC,0.0
2023-24,new,LAL,MEM,0.00764278031859531
2023-24,new,LAL,MIA,0.013908571681715384
2023-24,new,LAL,MIL,0.008590517314311503
2023-24,new,LAL,MIN,6.034482848541492e-05
2023-24,new,LAL,NOP,0.32671858151711763
2023-24,new,LAL,NYK,0.020714455710512662
2023-24,new,LAL,OKC,0.0027222522198832753
2023-24,new,LAL,ORL,0.01063626709604053
2023-24,new,LAL,PHI,0.008315463075538081
2023-24,new,LAL,PHX,0.043835667964745445
2023-24,new,LAL,POR,0.011061331811819602
2023-24,new,LAL,SAC,0.1631879907985052
2023-24,new,LAL,SAS,0.0001614861427374396
2023-24,new,LAL,TOR,0.030803898391874585
2023-24,new,LAL,UTA,0.0012764008893583227
2023-24,new,LAL,WAS,0.01631896567643331
2023-24,new,MEM,ATL,0.0037263394559092023
2023-24,new,MEM,BKN,0.0
2023-24,new,MEM,BOS,1.0775862229538375e-06
2023-24,new,MEM,CHA,2.29543190116229e-05
2023-24,new,MEM,CHI,0.0019438186627829485
2023-24,new,MEM,CLE,0.0009779831185215931
2023-24,new,MEM,DAL,5.9122668211825845e-05
2023-24,new,MEM,DEN,0.0
2023-24,new,MEM,DET,0.0001495458297976539
2023-24,new,MEM,GSW,0.00021720714975934888
2023-24,new,MEM,HOU,0.0037324013806099583
2023-24,new,MEM,IND,0.0033419855817003186
2023-24,new,MEM,LAC,0.0
2023-24,new,MEM,LAL,0.0
2023-24,new,MEM,MIA,0.010269179626467576
2023-24,new,MEM,MIL,0.0004097521620007747
2023-24,new,MEM,MIN,0.004538793082605918
2023-24,new,MEM,NOP,0.000960271824532716
2023-24,new,MEM,NYK,0.006005416497498403
2023-24,new,MEM,OKC,0.0007500000139858956
2023-24,new,MEM,ORL,0.009341355940348212
2023-24,new,MEM,PHI,4.7757581928909896e-05
2023-24,new,MEM,PHX,0.0004372305948897426
2023-24,new,MEM,POR,0.00030858596875920486
2023-24,new,MEM,SAC,5.5801657119471714e-05
2023-24,new,MEM,SAS,0.004269680177054507
2023-24,new,MEM,TOR,0.007710355633475783
2023-24,new,MEM,UTA,0.005806842608947374
2023-24,new,MEM,WAS,0.001593480562682842
2023-24,new,MIA,ATL,0.020965467738122363
2023-24,new,MIA,BKN,0.0
2023-24,new,MIA,BOS,2.0474138236122907e-05
2023-24,new,MIA,CHA,0.0004303381576006236
2023-24,new,MIA,CHI,0.00928222251407533
2023-24,new,MIA,CLE,0.009029491535630069
2023-24,new,MIA,DAL,0.005581051277206231
2023-24,new,MIA,DEN,0.00037629338411377446
2023-24,new,MIA,DET,1.3956316521091199e-05
2023-24,new,MIA,GSW,0.002512887953420871
2023-24,new,MIA,HOU,0.00010506603791829298
2023-24,new,MIA,IND,0.017097365364398084
2023-24,new,MIA,LAC,0.0
2023-24,new,MIA,LAL,0.0
2023-24,new,MIA,MEM,0.0007650862263660109
2023-24,new,MIA,MIL,0.0033647629562444216
2023-24,new,MIA,MIN,0.004395043288123219
2023-24,new,MIA,NOP,0.023941101113027326
2023-24,new,MIA,NYK,0.027372382055888825
2023-24,new,MIA,OKC,0.00022898707900132078
2023-24,new,MIA,ORL,0.027748565592800315
2023-24,new,MIA,PHI,0.03837037779454013
2023-24,new,MIA,PHX,0.01219639002337474
2023-24,new,MIA,POR,0.0033810481608993284
2023-24,new,MIA,SAC,6.013657037172004e-05
2023-24,new,MIA,SAS,0.0025798867062513864
2023-24,new,MIA,TOR,0.03175130231069222
2023-24,new,MIA,UTA,0.00556573275687446
2023-24,new,MIA,WAS,0.004581357826787882
2023-24,new,MIL,ATL,0.007896787474199711
2023-24,new,MIL,BKN,0.0
2023-24,new,MIL,BOS,0.0
2023-24,new,MIL,CHA,1.1907863209423684e-05
2023-24,new,MIL,CHI,4.065791857675256e-05
2023-24,new,MIL,CLE,0.015462500318400126
2023-24,new,MIL,DAL,0.017506823137378447
2023-24,new,MIL,DEN,0.0021153017432942733
2023-24,new,MIL,DET,1.0841517662542847e-06
2023-24,new,MIL,GSW,0.007407000389007487
2023-24,new,MIL,HOU,0.0019919957788088263
2023-24,new,MIL,IND,0.003159059998268744
2023-24,new,MIL,LAC,0.0
2023-24,new,MIL,LAL,0.0
2023-24,new,MIL,MEM,0.004868534595850085
2023-24,new,MIL,MIA,0.0035081628347045242
2023-24,new,MIL,MIN,0.0047241379726870834
2023-24,new,MIL,NOP,0.03419216004222136
2023-24,new,MIL,NYK,0.015005420759809887
2023-24,new,MIL,OKC,0.00017699353567501207
2023-24,new,MIL,ORL,0.0060231475166102055
2023-24,new,MIL,PHI,0.005545271334801881
2023-24,new,MIL,PHX,0.0020145474371484253
2023-24,new,MIL,POR,0.0027387200730159757
2023-24,new,MIL,SAC,0.01976596735986803
2023-24,new,MIL,SAS,0.00018270413836128847
2023-24,new,MIL,TOR,0.00278397064614988
2023-24,new,MIL,UTA,0.0032637392103487374
2023-24,new,MIL,WAS,0.024093750140505268
2023-24,new,MIN,ATL,0.011299834638817561
2023-24,new,MIN,BKN,0.0
2023-24,new,MIN,BOS,7.004310481314516e-05
2023-24,new,MIN,CHA,0.00011690351768402545
2023-24,new,MIN,CHI,0.0001756412308800895
2023-24,new,MIN,CLE,0.001827861422647138
2023-24,new,MIN,DAL,0.010344817016320245
2023-24,new,MIN,DEN,0.009969180899906546
2023-24,new,MIN,DET,5.159377951474261e-05
2023-24,new,MIN,GSW,0.01101265371897547
2023-24,new,MIN,HOU,2.789987610724595e-07
2023-24,new,MIN,IND,2.4091229455781764e-05
2023-24,new,MIN,LAC,0.0
2023-24,new,MIN,LAL,0.0
2023-24,new,MIN,MEM,0.001009428918498151
2023-24,new,MIN,MIA,0.002922274053788792
2023-24,new,MIN,MIL,0.001245959146843485
2023-24,new,MIN,NOP,0.017891369415180016
2023-24,new,MIN,NYK,0.0020352910026435957
2023-24,new,MIN,OKC,0.00323922411044899
2023-24,new,MIN,ORL,0.0028179404251950143
2023-24,new,MIN,PHI,0.0015516469282186437
2023-24,new,MIN,PHX,0.007778017244598797
2023-24,new,MIN,POR,0.005275197782032216
2023-24,new,MIN,SAC,0.0012114196385866682
2023-24,new,MIN,SAS,0.00034181415697965927
2023-24,new,MIN,TOR,0.0022603927624778603
2023-24,new,MIN,UTA,0.012258081969600333
2023-24,new,MIN,WAS,0.0015573815415926466
2023-24,new,NOP,ATL,0.06297535125901693
2023-24,new,NOP,BKN,0.0
2023-24,new,NOP,BOS,0.0
2023-24,new,NOP,CHA,9.945236595207273e-06
2023-24,new,NOP,CHI,0.004136325801204105
2023-24,new,NOP,CLE,0.0127829126929784
2023-24,new,NOP,DAL,0.04249376326747881
2023-24,new,NOP,DEN,0.0020162044870495775
2023-24,new,NOP,DET,5.080658300672353e-06
2023-24,new,NOP,GSW,0.02423080961248466
2023-24,new,NOP,HOU,0.0011382009306051823
2023-24,new,NOP,IND,0.0002980888804687498
2023-24,new,NOP,LAC,0.0
2023-24,new,NOP,LAL,0.0
2023-24,new,NOP,MEM,0.0034886854157405744
2023-24,new,NOP,MIA,0.013289345231891736
2023-24,new,NOP,MIL,0.035167026234397276
2023-24,new,NOP,MIN,0.0018387930074898362
2023-24,new,NOP,NYK,0.025450370200613207
2023-24,new,NOP,OKC,0.00028071120335190596
2023-24,new,NOP,ORL,0.009255768544407152
2023-24,new,NOP,PHI,0.01778791467449999
2023-24,new,NOP,PHX,0.0430519937538012
2023-24,new,NOP,POR,0.008803186763522786
2023-24,new,NOP,SAC,0.027192193591487814
2023-24,new,NOP,SAS,0.004762565663496419
2023-24,new,NOP,TOR,0.03567404093563413
2023-24,new,NOP,UTA,0.0010905172529525992
2023-24,new,NOP,WAS,0.010865840669319933
2023-24,new,NYK,ATL,0.017003491999034843
2023-24,new,NYK,BKN,0.0
2023-24,new,NYK,BOS,0.0
2023-24,new,NYK,CHA,0.002048771148721237
2023-24,new,NYK,CHI,0.0061584662846697535
2023-24,new,NYK,CLE,0.03533894441747143
2023-24,new,NYK,DAL,3.476332380614622e-05
2023-24,new,NYK,DEN,0.001769396591337462
2023-24,new,NYK,DET,7.714942946567417e-05
2023-24,new,NYK,GSW,0.0004320192149025544
2023-24,new,NYK,HOU,0.005555211695975764
2023-24,new,NYK,IND,0.008784920149586633
2023-24,new,NYK,LAC,0.0
2023-24,new,NYK,LAL,0.0
2023-24,new,NYK,MEM,0.0002230603324554475
2023-24,new,NYK,MIA,0.019929832147204365
2023-24,new,NYK,MIL,0.02167860979252447
2023-24,new,NYK,MIN,0.004020474124298398
2023-24,new,NYK,NOP,0.04148917553991019
2023-24,new,NYK,OKC,0.00023221981254053012
2023-24,new,NYK,ORL,0.03577758112606066
2023-24,new,NYK,PHI,0.01891246390935331
2023-24,new,NYK,PHX,0.020334590579692183
2023-24,new,NYK,POR,0.0034349008584939806
2023-24,new,NYK,SAC,0.00013083944288994114
2023-24,new,NYK,SAS,0.003389656053713037
2023-24,new,NYK,TOR,0.022762667133087805
2023-24,new,NYK,UTA,0.005812230614447516
2023-24,new,NYK,WAS,0.01337877178594775
2023-24,new,OKC,ATL,0.009730611378213095
2023-24,new,OKC,BKN,0.0
2023-24,new,OKC,BOS,1.0775863032402595e-06
2023-24,new,OKC,CHA,1.1112777787582022e-05
2023-24,new,OKC,CHI,0.0007307142787492916
2023-24,new,OKC,CLE,0.00322028177660189
2023-24,new,OKC,DAL,0.010388895603163261
2023-24,new,OKC,DEN,0.013387930926561742
2023-24,new,OKC,DET,2.279947236264112e-06
2023-24,new,OKC,GSW,0.002801745839252394
2023-24,new,OKC,HOU,1.2189924744754714e-05
2023-24,new,OKC,IND,0.001273784515762545
2023-24,new,OKC,LAC,0.0
2023-24,new,OKC,LAL,0.0
2023-24,new,OKC,MEM,0.006109375111148536
2023-24,new,OKC,MIA,0.0066545002647719845
2023-24,new,OKC,MIL,0.0006136853629642907
2023-24,new,OKC,MIN,0.013792025807136989
2023-24,new,OKC,NOP,0.036185779947760434
2023-24,new,OKC,NYK,0.0037010665325472158
2023-24,new,OKC,ORL,0.008353800660557588
2023-24,new,OKC,PHI,0.0002954700773134214
2023-24,new,OKC,PHX,0.0001726831898599029
2023-24,new,OKC,POR,0.0005528879280397416
2023-24,new,OKC,SAC,0.024956324722219946
2023-24,new,OKC,SAS,2.418417389230657e-05
2023-24,new,OKC,TOR,0.003979755393233018
2023-24,new,OKC,UTA,0.02826643314403241
2023-24,new,OKC,WAS,0.010106411678074249
2023-24,new,ORL,ATL,0.014157783139563545
2023-24,new,ORL,BKN,0.0
2023-24,new,ORL,BOS,0.0001530172441411635
2023-24,new,ORL,CHA,0.0
2023-24,new,ORL,CHI,0.0030071535944310853
2023-24,new,ORL,CLE,0.008932430115395433
2023-24,new,ORL,DAL,0.005040302577260571
2023-24,new,ORL,DEN,0.0031174568449757233
2023-24,new,ORL,DET,4.05125286369153e-05
2023-24,new,ORL,GSW,0.0007449264830544398
2023-24,new,ORL,HOU,0.0038752048704594113
2023-24,new,ORL,IND,0.005454944928313189
2023-24,new,ORL,LAC,0.0
2023-24,new,ORL,LAL,0.0
2023-24,new,ORL,MEM,0.0006064116310906308
2023-24,new,ORL,MIA,0.04207276608855545
2023-24,new,ORL,MIL,0.01574164895579653
2023-24,new,ORL,MIN,0.004395043306589098
2023-24,new,ORL,NOP,0.022519732224628445
2023-24,new,ORL,NYK,0.03211417745160213
2023-24,new,ORL,OKC,0.002679956978094635
2023-24,new,ORL,PHI,0.04107205635148126
2023-24,new,ORL,PHX,0.010637392313841827
2023-24,new,ORL,POR,0.0038051813322897434
2023-24,new,ORL,SAC,0.005041246249524436
2023-24,new,ORL,SAS,0.001967940526897267
2023-24,new,ORL,TOR,0.017727157737907003
2023-24,new,ORL,UTA,0.004623114234920398
2023-24,new,ORL,WAS,0.04789843764746208
2023-24,new,PHI,ATL,0.01473560470673401
2023-24,new,PHI,BKN,0.0
2023-24,new,PHI,BOS,0.0
2023-24,new,PHI,CHA,4.850988230736934e-06
2023-24,new,PHI,CHI,0.01650042726675028
2023-24,new,PHI,CLE,0.003923654541014907
2023-24,new,PHI,DAL,0.016834117683809536
2023-24,new,PHI,DEN,0.00932866372376809
2023-24,new,PHI,DET,3.278380933876642e-05
2023-24,new,PHI,GSW,0.000924745533853606
2023-24,new,PHI,HOU,0.006934843372370387
2023-24,new,PHI,IND,0.01902857102336725
2023-24,new,PHI,LAC,0.0
2023-24,new,PHI,LAL,0.0
2023-24,new,PHI,MEM,0.0015554957313800297
2023-24,new,PHI,MIA,0.046887468266903
2023-24,new,PHI,MIL,0.004751347098880897
2023-24,new,PHI,MIN,0.00717133622624558
2023-24,new,PHI,NOP,0.0282723823861873
2023-24,new,PHI,NYK,0.037799565681054345
2023-24,new,PHI,OKC,0.0007731681246238211
2023-24,new,PHI,ORL,0.03205101262827545
2023-24,new,PHI,PHX,0.016360452472220236
2023-24,new,PHI,POR,0.0030387096281151754
2023-24,new,PHI,SAC,1.4213726298306942e-05
2023-24,new,PHI,SAS,0.002383348337149576
2023-24,new,PHI,TOR,0.02500619294363452
2023-24,new,PHI,UTA,0.01571309259329955
2023-24,new,PHI,WAS,0.01007300660981604
2023-24,new,PHX,ATL,0.03518778221052461
2023-24,new,PHX,BKN,0.0
2023-24,new,PHX,BOS,2.0474138236122907e-05
2023-24,new,PHX,CHA,0.0014030092980933256
2023-24,new,PHX,CHI,0.0005578305605117484
2023-24,new,PHX,CLE,0.012036162015872768
2023-24,new,PHX,DAL,0.09110762404283942
2023-24,new,PHX,DEN,0.005922255259398389
2023-24,new,PHX,DET,4.12058761722915e-05
2023-24,new,PHX,GSW,0.038643792175122094
2023-24,new,PHX,HOU,0.00114752541765571
2023-24,new,PHX,IND,5.489994340897628e-05
2023-24,new,PHX,LAC,0.0
2023-24,new,PHX,LAL,0.0
2023-24,new,PHX,MEM,0.03701212355485668
2023-24,new,PHX,MIA,0.01090222540948138
2023-24,new,PHX,MIL,0.004049030182309095
2023-24,new,PHX,MIN,0.012527132180189728
2023-24,new,PHX,NOP,0.14402422716870378
2023-24,new,PHX,NYK,0.018381692154627354
2023-24,new,PHX,OKC,0.0012847521853962401
2023-24,new,PHX,ORL,0.014093676467951708
2023-24,new,PHX,PHI,0.005564299892575226
2023-24,new,PHX,POR,0.011069890765934865
2023-24,new,PHX,SAC,0.11700587748281954
2023-24,new,PHX,SAS,4.2374943690185563e-05
2023-24,new,PHX,TOR,0.007472556539404939
2023-24,new,PHX,UTA,0.019211206928011964
2023-24,new,PHX,WAS,0.07670231710312533
2023-24,new,POR,ATL,0.02562720439412158
2023-24,new,POR,BKN,0.0
2023-24,new,POR,BOS,0.0
2023-24,new,POR,CHA,0.0006375437416967666
2023-24,new,POR,CHI,0.006193370547633364
2023-24,new,POR,CLE,0.0014050579051802065
2023-24,new,POR,DAL,0.0001706489477793617
2023-24,new,POR,DEN,0.0
2023-24,new,POR,DET,0.00013131361735970823
2023-24,new,POR,GSW,0.007955817952390191
2023-24,new,POR,HOU,0.0036687843635761722
2023-24,new,POR,IND,0.004706273389840785
2023-24,new,POR,LAC,0.0
2023-24,new,POR,LAL,0.0
2023-24,new,POR,MEM,0.0005061961306813012
2023-24,new,POR,MIA,0.00036587571275364033
2023-24,new,POR,MIL,7.5431035606768615e-06
2023-24,new,POR,MIN,1.215941986056977e-08
2023-24,new,POR,NOP,0.03774852627063778
2023-24,new,POR,NYK,0.002044246597511296
2023-24,new,POR,OKC,0.004275053895263259
2023-24,new,POR,ORL,0.00477025470314016
2023-24,new,POR,PHI,0.008095503188921053
2023-24,new,POR,PHX,0.0013580279896670054
2023-24,new,POR,SAC,0.04559574229277218
2023-24,new,POR,SAS,0.004895336211892468
2023-24,new,POR,TOR,0.010747270391542113
2023-24,new,POR,UTA,0.0005285560428606476
2023-24,new,POR,WAS,0.001321928910268792
2023-24,new,SAC,ATL,0.16992236282851045
2023-24,new,SAC,BKN,0.0
2023-24,new,SAC,BOS,6.681034614428365e-05
2023-24,new,SAC,CHA,0.00073062950322384
2023-24,new,SAC,CHI,0.00409262109212778
2023-24,new,SAC,CLE,0.018856175491431613
2023-24,new,SAC,DAL,0.06960351466034745
2023-24,new,SAC,DEN,0.005483201767117927
2023-24,new,SAC,DET,2.2230867029800443e-05
2023-24,new,SAC,GSW,0.036248530392015296
2023-24,new,SAC,HOU,8.427520777360372e-05
2023-24,new,SAC,IND,0.006526741116621959
2023-24,new,SAC,LAC,0.0
2023-24,new,SAC,LAL,0.0
2023-24,new,SAC,MEM,0.0096236532358533
2023-24,new,SAC,MIA,0.01768911009119544
2023-24,new,SAC,MIL,0.01683728454580354
2023-24,new,SAC,MIN,0.0007394399605179608
2023-24,new,SAC,NOP,0.16643199188980637
2023-24,new,SAC,NYK,0.06335544876929981
2023-24,new,SAC,OKC,0.0028087285094982786
2023-24,new,SAC,ORL,0.019391439914929517
2023-24,new,SAC,PHI,0.010736778281644136
2023-24,new,SAC,PHX,0.07757354527226136
2023-24,new,SAC,POR,0.008219661941802327
2023-24,new,SAC,SAS,0.00021658824654095124
2023-24,new,SAC,TOR,0.017629912983255534
2023-24,new,SAC,UTA,0.005022898705009822
2023-24,new,SAC,WAS,0.03731950427497866
2023-24,new,SAS,ATL,0.02972462407500251
2023-24,new,SAS,BKN,0.0
2023-24,new,SAS,BOS,0.0
2023-24,new,SAS,CHA,0.009297362794815607
2023-24,new,SAS,CHI,0.006990372878761672
2023-24,new,SAS,CLE,0.008987682508430852
2023-24,new,SAS,DAL,0.04412587334243899
2023-24,new,SAS,DEN,0.0009308309414253288
2023-24,new,SAS,DET,0.00023857820845148972
2023-24,new,SAS,GSW,0.006855987879722102
2023-24,new,SAS,HOU,0.005227083866044847
2023-24,new,SAS,IND,0.0005011294677656987
2023-24,new,SAS,LAC,0.0
2023-24,new,SAS,LAL,0.0
2023-24,new,SAS,MEM,0.008025323297900696
2023-24,new,SAS,MIA,0.006146598841290022
2023-24,new,SAS,MIL,0.005575700544406949
2023-24,new,SAS,MIN,0.006982986539896398
2023-24,new,SAS,NOP,0.06433687667216714
2023-24,new,SAS,NYK,0.00932605502054318
2023-24,new,SAS,OKC,0.002273437509590214
2023-24,new,SAS,ORL,0.010903953236096036
2023-24,new,SAS,PHI,0.003822061876678884
2023-24,new,SAS,PHX,0.017933728426397812
2023-24,new,SAS,POR,0.02067776223496853
2023-24,new,SAS,SAC,0.03056466874536672
2023-24,new,SAS,TOR,0.004878669342754576
2023-24,new,SAS,UTA,0.008957704715310308
2023-24,new,SAS,WAS,0.01690786639949034
2023-24,new,TOR,ATL,0.045056905261648184
2023-24,new,TOR,BKN,0.0
2023-24,new,TOR,BOS,0.0
2023-24,new,TOR,CHA,0.00019949117093933093
2023-24,new,TOR,CHI,0.0051657112662390845
2023-24,new,TOR,CLE,0.005027396736625801
2023-24,new,TOR,DAL,0.02304703238278168
2023-24,new,TOR,DEN,0.00011961207090844884
2023-24,new,TOR,DET,2.409228182589251e-05
2023-24,new,TOR,GSW,0.007247781000217979
2023-24,new,TOR,HOU,0.008329362386316645
2023-24,new,TOR,IND,0.0007934864463433018
2023-24,new,TOR,LAC,0.0
2023-24,new,TOR,LAL,0.0
2023-24,new,TOR,MEM,0.004455819059673152
2023-24,new,TOR,MIA,0.020199080264404055
2023-24,new,TOR,MIL,0.003345905234716062
2023-24,new,TOR,MIN,0.0002597104415603282
2023-24,new,TOR,NOP,0.08206738391877161
2023-24,new,TOR,NYK,0.021702102641753804
2023-24,new,TOR,OKC,0.0011139547563125862
2023-24,new,TOR,ORL,0.014076781811380876
2023-24,new,TOR,PHI,0.018655838613167757
2023-24,new,TOR,PHX,0.03299353441715257
2023-24,new,TOR,POR,0.024795212369620557
2023-24,new,TOR,SAC,0.07061413866360183
2023-24,new,TOR,SAS,0.015082504024374466
2023-24,new,TOR,UTA,0.0007567349352657091
2023-24,new,TOR,WAS,0.011316002355507126
2023-24,new,UTA,ATL,0.013186792262798253
2023-24,new,UTA,BKN,0.0
2023-24,new,UTA,BOS,5.711207005741267e-05
2023-24,new,UTA,CHA,0.00016848536666888114
2023-24,new,UTA,CHI,0.0003371329463396639
2023-24,new,UTA,CLE,0.00814794634997171
2023-24,new,UTA,DAL,0.0008799624362964271
2023-24,new,UTA,DEN,2.8173659447459384e-07
2023-24,new,UTA,DET,0.0001205943041934863
2023-24,new,UTA,GSW,0.015509998339611747
2023-24,new,UTA,HOU,5.2836882455487684e-05
2023-24,new,UTA,IND,0.00035539989148983763
2023-24,new,UTA,LAC,0.0
2023-24,new,UTA,LAL,0.0
2023-24,new,UTA,MEM,0.0023976293556063023
2023-24,new,UTA,MIA,0.006937193041219579
2023-24,new,UTA,MIL,0.002967133673574326
2023-24,new,UTA,MIN,0.0042862070812106105
2023-24,new,UTA,NOP,0.03531379654463222
2023-24,new,UTA,NYK,0.03306664901026585
2023-24,new,UTA,OKC,0.008103178915656012
2023-24,new,UTA,ORL,0.014180158998371443
2023-24,new,UTA,PHI,0.0021774147248986805
2023-24,new,UTA,PHX,0.02559859919528365
2023-24,new,UTA,POR,0.005207912849009865
2023-24,new,UTA,SAC,0.0433291565439828
2023-24,new,UTA,SAS,0.0023754677793660765
2023-24,new,UTA,TOR,0.007534880705800028
2023-24,new,UTA,WAS,0.016038523911345942
2023-24,new,WAS,ATL,0.004159916920681218
2023-24,new,WAS,BKN,0.0
2023-24,new,WAS,BOS,2.047413823612291e-05
2023-24,new,WAS,CHA,0.000982261885553766
2023-24,new,WAS,CHI,0.0006042421092949271
2023-24,new,WAS,CLE,0.011274896437281079
2023-24,new,WAS,DAL,0.0159448415163415
2023-24,new,WAS,DEN,0.00269073278370217
2023-24,new,WAS,DET,2.045672054163989e-05
2023-24,new,WAS,GSW,0.004226773376132448
2023-24,new,WAS,HOU,3.0754630920236103e-05
2023-24,new,WAS,IND,0.001143986852573934
2023-24,new,WAS,LAC,0.0
2023-24,new,WAS,LAL,0.0
2023-24,new,WAS,MEM,0.0019318427286785223
2023-24,new,WAS,MIA,0.00403588442670405
2023-24,new,WAS,MIL,0.007661099170880586
2023-24,new,WAS,MIN,0.004169181085127438
2023-24,new,WAS,NOP,0.015238151539624862
2023-24,new,WAS,NYK,0.022370864129430804
2023-24,new,WAS,OKC,0.001096713389811941
2023-24,new,WAS,ORL,0.006324153344860062
2023-24,new,WAS,PHI,0.004072950504504441
2023-24,new,WAS,PHX,0.012235721930949787
2023-24,new,WAS,POR,0.0014329204812445053
2023-24,new,WAS,SAC,0.0016848468984149523
2023-24,new,WAS,SAS,0.003850555717457535
2023-24,new,WAS,TOR,0.0024200304584932933
2023-24,new,WAS,UTA,0.004754040982626411
2023-24,old,ATL,BKN,0.0
2023-24,old,ATL,BOS,0.0
2023-24,old,ATL,CHA,0.0012879292461597056
2023-24,old,ATL,CHI,0.01078184334827577
2023-24,old,ATL,CLE,0.006764325221992999
2023-24,old,ATL,DAL,0.000609620999792862
2023-24,old,ATL,DEN,0.0005818965622416602
2023-24,old,ATL,DET,1.3161247838666908e-05
2023-24,old,ATL,GSW,0.0012925708995111418
2023-24,old,ATL,HOU,0.03337682237210046
2023-24,old,ATL,IND,0.00014357648983371387
2023-24,old,ATL,LAC,0.0
2023-24,old,ATL,LAL,0.0
2023-24,old,ATL,MEM,0.0009595905525152217
2023-24,old,ATL,MIA,0.008602822670025366
2023-24,old,ATL,MIL,0.006720905141856779
2023-24,old,ATL,MIN,0.010387148419067078
2023-24,old,ATL,NOP,0.01876792837305813
2023-24,old,ATL,NYK,0.009974783498446289
2023-24,old,ATL,OKC,0.06322683191338375
2023-24,old,ATL,ORL,0.009907410496212767
2023-24,old,ATL,PHI,0.007547195134342428
2023-24,old,ATL,PHX,0.002710398732010147
2023-24,old,ATL,POR,0.005770602624320432
2023-24,old,ATL,SAC,0.009578284035451735
2023-24,old,ATL,SAS,0.0015825856724969584
2023-24,old,ATL,TOR,0.006277475395575378
2023-24,old,ATL,UTA,0.08548895477162721
2023-24,old,ATL,WAS,0.02269612077360668
2023-24,old,BKN,ATL,0.020681502833370093
2023-24,old,BKN,BOS,0.0
2023-24,old,BKN,CHA,0.0015275820224591717
2023-24,old,BKN,CHI,0.002414648749547174
2023-24,old,BKN,CLE,0.007614321105995965
2023-24,old,BKN,DAL,0.00017194271150224123
2023-24,old,BKN,DEN,0.00018534546339040147
2023-24,old,BKN,DET,0.0009134294145431716
2023-24,old,BKN,GSW,0.0005239312341060887
2023-24,old,BKN,HOU,0.1029044569638991
2023-24,old,BKN,IND,0.0005518050323433304
2023-24,old,BKN,LAC,0.0
2023-24,old,BKN,LAL,0.0
2023-24,old,BKN,MEM,0.009898707213157243
2023-24,old,BKN,MIA,0.010787863665310067
2023-24,old,BKN,MIL,0.0011228448510619588
2023-24,old,BKN,MIN,0.0017575434209598172
2023-24,old,BKN,NOP,0.019089208666298898
2023-24,old,BKN,NYK,0.020584085805625343
2023-24,old,BKN,OKC,0.03908674568487813
2023-24,old,BKN,ORL,0.0070916629134272656
2023-24,old,BKN,PHI,0.006382324322854697
2023-24,old,BKN,PHX,0.006568157413617131
2023-24,old,BKN,POR,0.006912976021419741
2023-24,old,BKN,SAC,0.00015564523043417805
2023-24,old,BKN,SAS,0.05224957623560047
2023-24,old,BKN,TOR,0.018512891840219432
2023-24,old,BKN,UTA,0.06728394411767205
2023-24,old,BKN,WAS,0.008282327611774111
2023-24,old,BOS,ATL,0.01306564450719237
2023-24,old,BOS,BKN,0.0
2023-24,old,BOS,CHA,0.00014248150640043875
2023-24,old,BOS,CHI,0.0022906380792084274
2023-24,old,BOS,CLE,0.012210253196256463
2023-24,old,BOS,DAL,0.0013252617450335842
2023-24,old,BOS,DEN,0.002067887739684569
2023-24,old,BOS,DET,0.001187575399620269
2023-24,old,BOS,GSW,0.0024679425050575885
2023-24,old,BOS,HOU,0.002863125338769531
2023-24,old,BOS,IND,0.0008872855188972358
2023-24,old,BOS,LAC,0.0
2023-24,old,BOS,LAL,0.0
2023-24,old,BOS,MEM,0.000867456936775225
2023-24,old,BOS,MIA,0.009675401610868144
2023-24,old,BOS,MIL,0.01617537690447001
2023-24,old,BOS,MIN,0.0038658911410368157
2023-24,old,BOS,NOP,0.03183448378469029
2023-24,old,BOS,NYK,0.04841162133480622
2023-24,old,BOS,OKC,0.01373679961441165
2023-24,old,BOS,ORL,0.011739730853043933
2023-24,old,BOS,PHI,0.006629513803844893
2023-24,old,BOS,PHX,0.012810075429131693
2023-24,old,BOS,POR,0.010435726486603151
2023-24,old,BOS,SAC,0.020738716199531146
2023-24,old,BOS,SAS,0.000631838672255612
2023-24,old,BOS,TOR,0.009058054634706193
2023-24,old,BOS,UTA,0.019912446147926827
2023-24,old,BOS,WAS,0.005621767249138996
2023-24,old,CHA,ATL,0.01805603717285293
2023-24,old,CHA,BKN,0.0
2023-24,old,CHA,BOS,0.0
2023-24,old,CHA,CHI,0.006236977603367054
2023-24,old,CHA,CLE,0.0013279401146641843
2023-24,old,CHA,DAL,0.0004176387191291174
2023-24,old,CHA,DEN,5.064744198296804e-05
2023-24,old,CHA,DET,0.0005669780430361457
2023-24,old,CHA,GSW,0.0009920330635271118
2023-24,old,CHA,HOU,0.018994953036947114
2023-24,old,CHA,IND,0.000732533813476233
2023-24,old,CHA,LAC,0.0
2023-24,old,CHA,LAL,0.0
2023-24,old,CHA,MEM,0.003256734998210269
2023-24,old,CHA,MIA,0.012356859253728158
2023-24,old,CHA,MIL,0.0025290948749873148
2023-24,old,CHA,MIN,0.00016702636185398172
2023-24,old,CHA,NOP,0.021861539600979224
2023-24,old,CHA,NYK,0.025568952979415457
2023-24,old,CHA,OKC,0.07206546353912865
2023-24,old,CHA,ORL,0.009658792119094461
2023-24,old,CHA,PHI,0.009467257707737011
2023-24,old,CHA,PHX,0.009449892302950971
2023-24,old,CHA,POR,0.02373780581747263
2023-24,old,CHA,SAC,0.004547600328860755
2023-24,old,CHA,SAS,0.02612774607308207
2023-24,old,CHA,TOR,0.03272969720280855
2023-24,old,CHA,UTA,0.00844234912042056
2023-24,old,CHA,WAS,0.005675916040400524
2023-24,old,CHI,ATL,0.012965742033941666
2023-24,old,CHI,BKN,0.0
2023-24,old,CHI,BOS,4.31034489181535e-06
2023-24,old,CHI,CHA,0.000637863997338732
2023-24,old,CHI,CLE,0.009409075192791959
2023-24,old,CHI,DAL,0.0007314654508906546
2023-24,old,CHI,DEN,0.004635775664424595
2023-24,old,CHI,DET,0.0008822294011631243
2023-24,old,CHI,GSW,0.0033977236104615395
2023-24,old,CHI,HOU,0.017383900232821627
2023-24,old,CHI,IND,0.0035869657041428843
2023-24,old,CHI,LAC,0.0
2023-24,old,CHI,LAL,0.0
2023-24,old,CHI,MEM,0.0009046336577739565
2023-24,old,CHI,MIA,0.009297738424769305
2023-24,old,CHI,MIL,0.004060344840721068
2023-24,old,CHI,MIN,0.005658700110192952
2023-24,old,CHI,NOP,0.009890451052825605
2023-24,old,CHI,NYK,0.011397581437013594
2023-24,old,CHI,OKC,0.02869504279210152
2023-24,old,CHI,ORL,0.007857765901053105
2023-24,old,CHI,PHI,0.016823244000826285
2023-24,old,CHI,PHX,0.004878771537975087
2023-24,old,CHI,POR,0.0035016514039397264
2023-24,old,CHI,SAC,0.0003936551087907998
2023-24,old,CHI,SAS,0.0013990816270672234
2023-24,old,CHI,TOR,0.046639704713558224
2023-24,old,CHI,UTA,0.0336201509020235
2023-24,old,CHI,WAS,0.02238469839178363
2023-24,old,CLE,ATL,0.05313953546110838
2023-24,old,CLE,BKN,0.0
2023-24,old,CLE,BOS,0.00015625000281002503
2023-24,old,CLE,CHA,7.377429624792985e-05
2023-24,old,CLE,CHI,0.002732934175472137
2023-24,old,CLE,DAL,0.00022738311347618095
2023-24,old,CLE,DEN,0.007876077606771
2023-24,old,CLE,DET,4.5712124030109715e-05
2023-24,old,CLE,GSW,0.003154075289669876
2023-24,old,CLE,HOU,0.007562534387449195
2023-24,old,CLE,IND,0.0007884040712803671
2023-24,old,CLE,LAC,0.0
2023-24,old,CLE,LAL,0.0
2023-24,old,CLE,MEM,0.0010487607285251904
2023-24,old,CLE,MIA,0.01901869164245312
2023-24,old,CLE,MIL,0.031359914166628026
2023-24,old,CLE,MIN,0.009583462129148441
2023-24,old,CLE,NOP,0.09809756205157188
2023-24,old,CLE,NYK,0.053180250903167185
2023-24,old,CLE,OKC,0.004333782380282205
2023-24,old,CLE,ORL,0.018166080499275407
2023-24,old,CLE,PHI,0.009859346304620329
2023-24,old,CLE,PHX,0.017775323517371676
2023-24,old,CLE,POR,0.010599606044893415
2023-24,old,CLE,SAC,0.05425934431195699
2023-24,old,CLE,SAS,0.001630661333789111
2023-24,old,CLE,TOR,0.015305098782613229
2023-24,old,CLE,UTA,0.009449622846441345
2023-24,old,CLE,WAS,0.023718750380112088
2023-24,old,DAL,ATL,0.07132088139093373
2023-24,old,DAL,BKN,0.0
2023-24,old,DAL,BOS,1.616379334430756e-05
2023-24,old,DAL,CHA,0.00028377747432168965
2023-24,old,DAL,CHI,0.00652433349851227
2023-24,old,DAL,CLE,0.017094000463342127
2023-24,old,DAL,DEN,0.0005232190412007749
2023-24,old,DAL,DET,3.7589985908338795e-07
2023-24,old,DAL,GSW,0.005997944002362508
2023-24,old,DAL,HOU,0.008949880263754885
2023-24,old,DAL,IND,0.0008206557955262433
2023-24,old,DAL,LAC,0.0
2023-24,old,DAL,LAL,0.0
2023-24,old,DAL,MEM,0.0014490840628598655
2023-24,old,DAL,MIA,0.019741413535352262
2023-24,old,DAL,MIL,0.009609644395652516
2023-24,old,DAL,MIN,0.0040132257611337156
2023-24,old,DAL,NOP,0.05506225193830787
2023-24,old,DAL,NYK,0.40136699049203606
2023-24,old,DAL,OKC,0.026429418098454456
2023-24,old,DAL,ORL,0.023289737687361273
2023-24,old,DAL,PHI,0.014978305911542315
2023-24,old,DAL,PHX,0.04572683196842012
2023-24,old,DAL,POR,0.06632173165206588
2023-24,old,DAL,SAC,0.08517737374763218
2023-24,old,DAL,SAS,0.00076028837033636
2023-24,old,DAL,TOR,0.039088236162807086
2023-24,old,DAL,UTA,0.005384159465721839
2023-24,old,DAL,WAS,0.014230872715345646
2023-24,old,DEN,ATL,0.021803484089492075
2023-24,old,DEN,BKN,0.0
2023-24,old,DEN,BOS,0.0001379310367789505
2023-24,old,DEN,CHA,0.003932658167396117
2023-24,old,DEN,CHI,0.0075070720259374
2023-24,old,DEN,CLE,0.013399416739679168
2023-24,old,DEN,DAL,0.0014947491137719936
2023-24,old,DEN,DET,0.0006582519815289319
2023-24,old,DEN,GSW,0.0025755806926490575
2023-24,old,DEN,HOU,0.017529484609693544
2023-24,old,DEN,IND,0.0007111068932687843
2023-24,old,DEN,LAC,0.0
2023-24,old,DEN,LAL,0.0
2023-24,old,DEN,MEM,0.0014097521725062536
2023-24,old,DEN,MIA,0.0075724661387596625
2023-24,old,DEN,MIL,0.009959051823163211
2023-24,old,DEN,MIN,0.04097413798039458
2023-24,old,DEN,NOP,0.027686145804411467
2023-24,old,DEN,NYK,0.05481251238421915
2023-24,old,DEN,OKC,0.041851831765279415
2023-24,old,DEN,ORL,0.016818227206956835
2023-24,old,DEN,PHI,0.010781575535560568
2023-24,old,DEN,PHX,0.014488685362418346
2023-24,old,DEN,POR,0.015085182890408857
2023-24,old,DEN,SAC,0.023866560170957098
2023-24,old,DEN,SAS,0.012531174322143304
2023-24,old,DEN,TOR,0.027952951969949957
2023-24,old,DEN,UTA,0.044023437443056854
2023-24,old,DEN,WAS,0.010775323415070705
2023-24,old,DET,ATL,0.02234122708318592
2023-24,old,DET,BKN,0.0
2023-24,old,DET,BOS,3.2327586688615123e-06
2023-24,old,DET,CHA,0.0014004282470957894
2023-24,old,DET,CHI,0.005757889745274625
2023-24,old,DET,CLE,0.008558446437967647
2023-24,old,DET,DAL,0.0003123524745607322
2023-24,old,DET,DEN,0.0035010775451897475
2023-24,old,DET,GSW,0.0023327568385888616
2023-24,old,DET,HOU,0.007056121559253262
2023-24,old,DET,IND,0.0010283457241730166
2023-24,old,DET,LAC,0.0
2023-24,old,DET,LAL,0.0
2023-24,old,DET,MEM,0.004664870837305929
2023-24,old,DET,MIA,0.013913239983980362
2023-24,old,DET,MIL,0.009634967844728542
2023-24,old,DET,MIN,0.002335129324371387
2023-24,old,DET,NOP,0.0329897601797558
2023-24,old,DET,NYK,0.04672714167159043
2023-24,old,DET,OKC,0.00307920251557491
2023-24,old,DET,ORL,0.025485973704680677
2023-24,old,DET,PHI,0.021059434475198167
2023-24,old,DET,PHX,0.02027101306794693
2023-24,old,DET,POR,0.011926792399343137
2023-24,old,DET,SAC,0.007721147200778358
2023-24,old,DET,SAS,0.02246797348581485
2023-24,old,DET,TOR,0.0432044548007885
2023-24,old,DET,UTA,0.009320851222648089
2023-24,old,DET,WAS,0.011747845024279923
2023-24,old,GSW,ATL,0.05145586299803319
2023-24,old,GSW,BKN,0.0
2023-24,old,GSW,BOS,0.0
2023-24,old,GSW,CHA,0.0027377172013236086
2023-24,old,GSW,CHI,0.0036386406069530432
2023-24,old,GSW,CLE,0.007305968148712527
2023-24,old,GSW,DAL,0.002451654216696021
2023-24,old,GSW,DEN,3.234839299627799e-05
2023-24,old,GSW,DET,0.00046412802728373637
2023-24,old,GSW,HOU,0.012025953685714606
2023-24,old,GSW,IND,0.000933034606778825
2023-24,old,GSW,LAC,0.0
2023-24,old,GSW,LAL,0.0
2023-24,old,GSW,MEM,0.0031039869770054414
2023-24,old,GSW,MIA,0.014121846648596807
2023-24,old,GSW,MIL,0.005255118481220742
2023-24,old,GSW,MIN,4.751130249061134e-05
2023-24,old,GSW,NOP,0.08524145342640488
2023-24,old,GSW,NYK,0.0906488965667527
2023-24,old,GSW,OKC,0.01124865317341856
2023-24,old,GSW,ORL,0.01154708536184187
2023-24,old,GSW,PHI,0.0148055221751166
2023-24,old,GSW,PHX,0.016741379247396253
2023-24,old,GSW,POR,0.14715100962011252
2023-24,old,GSW,SAC,0.07455883444765152
2023-24,old,GSW,SAS,0.024381597058745347
2023-24,old,GSW,TOR,0.006829108846355091
2023-24,old,GSW,UTA,0.007466325433724077
2023-24,old,GSW,WAS,0.006064116364216496
2023-24,old,HOU,ATL,0.010172163556686157
2023-24,old,HOU,BKN,0.0
2023-24,old,HOU,BOS,0.0
2023-24,old,HOU,CHA,0.0030238726146147353
2023-24,old,HOU,CHI,0.015331484518808829
2023-24,old,HOU,CLE,0.0005726284267828312
2023-24,old,HOU,DAL,0.0005699891399498982
2023-24,old,HOU,DEN,0.007431625209837578
2023-24,old,HOU,DET,0.00020759033540660978
2023-24,old,HOU,GSW,0.008334268058441046
2023-24,old,HOU,IND,0.0008414446018732763
2023-24,old,HOU,LAC,0.0
2023-24,old,HOU,LAL,0.0
2023-24,old,HOU,MEM,0.0039364224455744855
2023-24,old,HOU,MIA,0.0039736382664012785
2023-24,old,HOU,MIL,0.012578394573226022
2023-24,old,HOU,MIN,0.00019827586687009394
2023-24,old,HOU,NOP,0.0019115387325412759
2023-24,old,HOU,NYK,0.009434923669645953
2023-24,old,HOU,OKC,0.06357597001715853
2023-24,old,HOU,ORL,0.00264694723960828
2023-24,old,HOU,PHI,0.009494408225147874
2023-24,old,HOU,PHX,0.005269935431966461
2023-24,old,HOU,POR,0.0068499799717549655
2023-24,old,HOU,SAC,0.004313739849522111
2023-24,old,HOU,SAS,0.003492752793234166
2023-24,old,HOU,TOR,0.007605970264980292
2023-24,old,HOU,UTA,0.06630145491504287
2023-24,old,HOU,WAS,0.0019881465540925887
2023-24,old,IND,ATL,0.04048181071632324
2023-24,old,IND,BKN,0.0
2023-24,old,IND,BOS,0.0
2023-24,old,IND,CHA,0.00016559236484031957
2023-24,old,IND,CHI,0.009904108536585939
2023-24,old,IND,CLE,0.005972191113238643
2023-24,old,IND,DAL,0.0010900780977175079
2023-24,old,IND,DEN,0.0002575430349266116
2023-24,old,IND,DET,7.928661887843971e-07
2023-24,old,IND,GSW,0.0035348051880533474
2023-24,old,IND,HOU,0.00871067724704427
2023-24,old,IND,LAC,0.0
2023-24,old,IND,LAL,0.0
2023-24,old,IND,MEM,0.0036341594474526653
2023-24,old,IND,MIA,0.02541543493517557
2023-24,old,IND,MIL,0.008921336294633564
2023-24,old,IND,MIN,0.0003771552520806618
2023-24,old,IND,NOP,0.07311781089759573
2023-24,old,IND,NYK,0.06017863997102488
2023-24,old,IND,OKC,0.003939116354590154
2023-24,old,IND,ORL,0.015619343941706698
2023-24,old,IND,PHI,0.023534312751060577
2023-24,old,IND,PHX,0.023312769357299687
2023-24,old,IND,POR,0.01031310367691762
2023-24,old,IND,SAC,0.05145211466898224
2023-24,old,IND,SAS,0.01868137374619236
2023-24,old,IND,TOR,0.19154153362124113
2023-24,old,IND,UTA,0.004396012961214151
2023-24,old,IND,WAS,0.03505064641191737
2023-24,old,LAC,ATL,0.03165697619516129
2023-24,old,LAC,BKN,0.0
2023-24,old,LAC,BOS,6.4655174180094474e-06
2023-24,old,LAC,CHA,0.00011694356643218749
2023-24,old,LAC,CHI,0.0016421773763419707
2023-24,old,LAC,CLE,0.01935620029238421
2023-24,old,LAC,DAL,0.0006031267979744266
2023-24,old,LAC,DEN,0.0063879310912131485
2023-24,old,LAC,DET,0.0009414519827903869
2023-24,old,LAC,GSW,0.0022047992526306164
2023-24,old,LAC,HOU,0.006971522621006353
2023-24,old,LAC,IND,0.001596332076995757
2023-24,old,LAC,LAL,0.0
2023-24,old,LAC,MEM,0.00022575431262496226
2023-24,old,LAC,MIA,0.01631270964622966
2023-24,old,LAC,MIL,0.031189655061361614
2023-24,old,LAC,MIN,0.009139303548111863
2023-24,old,LAC,NOP,0.023844922272554185
2023-24,old,LAC,NYK,0.009784877641275539
2023-24,old,LAC,OKC,0.013687230603536589
2023-24,old,LAC,ORL,0.007594742767737283
2023-24,old,LAC,PHI,0.017649307038754593
2023-24,old,LAC,PHX,0.014712823272104665
2023-24,old,LAC,POR,0.005662431342621333
2023-24,old,LAC,SAC,0.004285667389286637
2023-24,old,LAC,SAS,0.0007478504614105833
2023-24,old,LAC,TOR,0.044943687333466695
2023-24,old,LAC,UTA,0.023088362015550954
2023-24,old,LAC,WAS,0.12821686438082092
2023-24,old,LAL,ATL,0.08954489837392465
2023-24,old,LAL,BKN,0.0
2023-24,old,LAL,BOS,0.0
2023-24,old,LAL,CHA,1.057910838570779e-06
2023-24,old,LAL,CHI,0.000826967357545551
2023-24,old,LAL,CLE,0.0038827009261858075
2023-24,old,LAL,DAL,0.0011833781258807907
2023-24,old,LAL,DEN,3.2348392996278e-05
2023-24,old,LAL,DET,6.720995939786005e-07
2023-24,old,LAL,GSW,0.006368710021411847
2023-24,old,LAL,HOU,0.0005604050595450395
2023-24,old,LAL,IND,0.0003087553449422339
2023-24,old,LAL,LAC,0.0
2023-24,old,LAL,MEM,0.0019655171830150926
2023-24,old,LAL,MIA,0.011863354849312505
2023-24,old,LAL,MIL,0.008340517265866673
2023-24,old,LAL,MIN,6.818277380994259e-05
2023-24,old,LAL,NOP,0.24576458022670433
2023-24,old,LAL,NYK,0.014766459883478564
2023-24,old,LAL,OKC,0.0014143318243541529
2023-24,old,LAL,ORL,0.006123787449541328
2023-24,old,LAL,PHI,0.009200432939958236
2023-24,old,LAL,PHX,0.021468749841221536
2023-24,old,LAL,POR,0.03326411654121037
2023-24,old,LAL,SAC,0.12077621202873416
2023-24,old,LAL,SAS,0.008857784446031584
2023-24,old,LAL,TOR,0.03766731914272346
2023-24,old,LAL,UTA,0.0010280172535065753
2023-24,old,LAL,WAS,0.0035805496343628285
2023-24,old,MEM,ATL,0.004807412556495401
2023-24,old,MEM,BKN,0.0
2023-24,old,MEM,BOS,1.0775862229538375e-06
2023-24,old,MEM,CHA,0.0023747244305442916
2023-24,old,MEM,CHI,0.00028090048535890226
2023-24,old,MEM,CLE,0.0004791459614544321
2023-24,old,MEM,DAL,6.431886713208885e-06
2023-24,old,MEM,DEN,3.861632450589624e-12
2023-24,old,MEM,DET,0.00019810985747131712
2023-24,old,MEM,GSW,0.0008715229817971179
2023-24,old,MEM,HOU,0.0260865376188186
2023-24,old,MEM,IND,0.00047194206162131996
2023-24,old,MEM,LAC,0.0
2023-24,old,MEM,LAL,0.0
2023-24,old,MEM,MIA,0.008277552369901473
2023-24,old,MEM,MIL,0.0004364224201357315
2023-24,old,MEM,MIN,0.004538793335415026
2023-24,old,MEM,NOP,0.004048759721386874
2023-24,old,MEM,NYK,0.003354334639859575
2023-24,old,MEM,OKC,0.003663254293275933
2023-24,old,MEM,ORL,0.005297473026130431
2023-24,old,MEM,PHI,3.378305402345455e-05
2023-24,old,MEM,PHX,0.0008356681005459213
2023-24,old,MEM,POR,0.004206988481837362
2023-24,old,MEM,SAC,0.0005926523056385416
2023-24,old,MEM,SAS,0.03780862475874515
2023-24,old,MEM,TOR,0.048463250023386896
2023-24,old,MEM,UTA,0.01394046348638046
2023-24,old,MEM,WAS,0.0003943965420255372
2023-24,old,MIA,ATL,0.030439893555916902
2023-24,old,MIA,BKN,0.0
2023-24,old,MIA,BOS,2.0474138236122907e-05
2023-24,old,MIA,CHA,0.0032939831945299138
2023-24,old,MIA,CHI,0.0031629356242618986
2023-24,old,MIA,CLE,0.009095389976131404
2023-24,old,MIA,DAL,0.00042744020567500753
2023-24,old,MIA,DEN,0.00035560344394039493
2023-24,old,MIA,DET,1.986120691496257e-06
2023-24,old,MIA,GSW,0.0016115946794704734
2023-24,old,MIA,HOU,0.0008942765481708825
2023-24,old,MIA,IND,0.0019430145673327156
2023-24,old,MIA,LAC,0.0
2023-24,old,MIA,LAL,0.0
2023-24,old,MIA,MEM,8.297414296097925e-05
2023-24,old,MIA,MIL,0.003384967669142121
2023-24,old,MIA,MIN,0.004391458556622418
2023-24,old,MIA,NOP,0.022304073105303572
2023-24,old,MIA,NYK,0.022727167361159838
2023-24,old,MIA,OKC,0.0005573814716752106
2023-24,old,MIA,ORL,0.01983505842744002
2023-24,old,MIA,PHI,0.026755266976492602
2023-24,old,MIA,PHX,0.013614762902303986
2023-24,old,MIA,POR,0.007330347907653574
2023-24,old,MIA,SAC,0.0006953743671293477
2023-24,old,MIA,SAS,0.0019358427182786242
2023-24,old,MIA,TOR,0.02149435159684403
2023-24,old,MIA,UTA,0.005351023700525822
2023-24,old,MIA,WAS,0.0035457974540447036
2023-24,old,MIL,ATL,0.004863625005831857
2023-24,old,MIL,BKN,0.0
2023-24,old,MIL,BOS,0.0
2023-24,old,MIL,CHA,9.715470961688654e-05
2023-24,old,MIL,CHI,0.00032202339330094824
2023-24,old,MIL,CLE,0.015343832076381713
2023-24,old,MIL,DAL,0.0009321551494783103
2023-24,old,MIL,DEN,0.002116379329517227
2023-24,old,MIL,DET,0.0010976217175678491
2023-24,old,MIL,GSW,0.0010813439785892398
2023-24,old,MIL,HOU,0.009138757152777038
2023-24,old,MIL,IND,0.0005624170200898847
2023-24,old,MIL,LAC,0.0
2023-24,old,MIL,LAL,0.0
2023-24,old,MIL,MEM,0.0014703664507773094
2023-24,old,MIL,MIA,0.005131015834951083
2023-24,old,MIL,MIN,0.00472413797178152
2023-24,old,MIL,NOP,0.028328639543073103
2023-24,old,MIL,NYK,0.02056870620173406
2023-24,old,MIL,OKC,0.006871228340154129
2023-24,old,MIL,ORL,0.007128126300233893
2023-24,old,MIL,PHI,0.0036729772746106094
2023-24,old,MIL,PHX,0.002005926759427831
2023-24,old,MIL,POR,0.0037628846747189055
2023-24,old,MIL,SAC,0.010183332343624297
2023-24,old,MIL,SAS,0.0018466408024376477
2023-24,old,MIL,TOR,0.006775791825212132
2023-24,old,MIL,UTA,0.010719288745413306
2023-24,old,MIL,WAS,0.014399245796656914
2023-24,old,MIN,ATL,0.005255953603375066
2023-24,old,MIN,BKN,0.0
2023-24,old,MIN,BOS,7.004310481314516e-05
2023-24,old,MIN,CHA,9.293139977223076e-08
2023-24,old,MIN,CHI,0.0019406598391440628
2023-24,old,MIN,CLE,0.0018178692083233505
2023-24,old,MIN,DAL,0.0004864038143265591
2023-24,old,MIN,DEN,0.009979525870354526
2023-24,old,MIN,DET,3.699757253472782e-08
2023-24,old,MIN,GSW,0.0030650960303193705
2023-24,old,MIN,HOU,2.097677006821786e-05
2023-24,old,MIN,IND,9.848784958082955e-05
2023-24,old,MIN,LAC,0.0
2023-24,old,MIN,LAL,0.0
2023-24,old,MIN,MEM,6.81573296455538e-05
2023-24,old,MIN,MIA,0.004023759107239138
2023-24,old,MIN,MIL,0.0012435345676856053
2023-24,old,MIN,NOP,0.009827113243284384
2023-24,old,MIN,NYK,0.008256583098093106
2023-24,old,MIN,OKC,0.0035959051065708957
2023-24,old,MIN,ORL,0.0035549041492868687
2023-24,old,MIN,PHI,0.0037780587925480003
2023-24,old,MIN,PHX,0.005442079726470122
2023-24,old,MIN,POR,0.006265255393176813
2023-24,old,MIN,SAC,0.0007365630116526562
2023-24,old,MIN,SAS,1.2686514174770068e-07
2023-24,old,MIN,TOR,0.002641129858151708
2023-24,old,MIN,UTA,0.011816810400080705
2023-24,old,MIN,WAS,0.0018337823316888439
2023-24,old,NOP,ATL,0.05236184018435681
2023-24,old,NOP,BKN,0.0
2023-24,old,NOP,BOS,0.0
2023-24,old,NOP,CHA,1.7872503245509543e-06
2023-24,old,NOP,CHI,0.002982077071996746
2023-24,old,NOP,CLE,0.012614098164230423
2023-24,old,NOP,DAL,0.0016033525079367861
2023-24,old,NOP,DEN,0.0019424010674265598
2023-24,old,NOP,DET,9.984393780643073e-07
2023-24,old,NOP,GSW,0.0029414867182776805
2023-24,old,NOP,HOU,0.006544963406190651
2023-24,old,NOP,IND,9.978294782847311e-05
2023-24,old,NOP,LAC,0.0
2023-24,old,NOP,LAL,0.0
2023-24,old,NOP,MEM,0.004775592685247579
2023-24,old,NOP,MIA,0.012384203806402073
2023-24,old,NOP,MIL,0.03492214482315767
2023-24,old,NOP,MIN,0.0018413000287778396
2023-24,old,NOP,NYK,0.031729470797272084
2023-24,old,NOP,OKC,0.01729983823676995
2023-24,old,NOP,ORL,0.010199727778476313
2023-24,old,NOP,PHI,0.015544600713921736
2023-24,old,NOP,PHX,0.022513469873048395
2023-24,old,NOP,POR,0.012116045135937056
2023-24,old,NOP,SAC,0.015101000993326175
2023-24,old,NOP,SAS,0.016534981002653257
2023-24,old,NOP,TOR,0.03933810616671187
2023-24,old,NOP,UTA,0.02727397636454232
2023-24,old,NOP,WAS,0.0063033405313436906
2023-24,old,NYK,ATL,0.01913920338652974
2023-24,old,NYK,BKN,0.0
2023-24,old,NYK,BOS,0.0
2023-24,old,NYK,CHA,0.00318195743384757
2023-24,old,NYK,CHI,0.0018802517480736903
2023-24,old,NYK,CLE,0.03583417890820843
2023-24,old,NYK,DAL,8.246502218723007e-05
2023-24,old,NYK,DEN,0.0017725312902984024
2023-24,old,NYK,DET,2.4658504830339766e-05
2023-24,old,NYK,GSW,0.0006406354715636977
2023-24,old,NYK,HOU,0.01205426566558901
2023-24,old,NYK,IND,0.0007931147435030157
2023-24,old,NYK,LAC,0.0
2023-24,old,NYK,LAL,0.0
2023-24,old,NYK,MEM,0.0005312500156036675
2023-24,old,NYK,MIA,0.015949419729607485
2023-24,old,NYK,MIL,0.021687769312833054
2023-24,old,NYK,MIN,0.004020474124298398
2023-24,old,NYK,NOP,0.045923393430693564
2023-24,old,NYK,OKC,0.027435075306927726
2023-24,old,NYK,ORL,0.030910186605988852
2023-24,old,NYK,PHI,0.015020024456215711
2023-24,old,NYK,PHX,0.024505657510900194
2023-24,old,NYK,POR,0.007995780739448366
2023-24,old,NYK,SAC,0.0003706255600015771
2023-24,old,NYK,SAS,0.002572962160264612
2023-24,old,NYK,TOR,0.0181894758132517
2023-24,old,NYK,UTA,0.036009698260619685
2023-24,old,NYK,WAS,0.012235992060259694
2023-24,old,OKC,ATL,0.008837853227282406
2023-24,old,OKC,BKN,0.0
2023-24,old,OKC,BOS,1.0775863032402595e-06
2023-24,old,OKC,CHA,1.0941506639430574e-07
2023-24,old,OKC,CHI,0.0005931613760481529
2023-24,old,OKC,CLE,0.004077046543288156
2023-24,old,OKC,DAL,0.00045998901467770507
2023-24,old,OKC,DEN,0.013387930926561742
2023-24,old,OKC,DET,3.757740433230124e-08
2023-24,old,OKC,GSW,0.0015958081231207777
2023-24,old,OKC,HOU,0.0008392476536964837
2023-24,old,OKC,IND,0.00021526847839840099
2023-24,old,OKC,LAC,0.0
2023-24,old,OKC,LAL,0.0
2023-24,old,OKC,MEM,0.000547413826952207
2023-24,old,OKC,MIA,0.007142251851259876
2023-24,old,OKC,MIL,0.0006142241545503255
2023-24,old,OKC,MIN,0.013792025807136989
2023-24,old,OKC,NOP,0.018296789738839542
2023-24,old,OKC,NYK,0.009619313937042837
2023-24,old,OKC,ORL,0.007182468973461975
2023-24,old,OKC,PHI,0.0010664275827084746
2023-24,old,OKC,PHX,0.0007233297460359236
2023-24,old,OKC,POR,0.0033607465657144223
2023-24,old,OKC,SAC,0.01628814710364121
2023-24,old,OKC,SAS,1.5153538385926598e-07
2023-24,old,OKC,TOR,0.005862097756863775
2023-24,old,OKC,UTA,0.028167295213487677
2023-24,old,OKC,WAS,0.002411637922873367
2023-24,old,ORL,ATL,0.01704557849743075
2023-24,old,ORL,BKN,0.0
2023-24,old,ORL,BOS,0.0001530172441411635
2023-24,old,ORL,CHA,2.0754869319715464e-06
2023-24,old,ORL,CHI,0.0016696441233102393
2023-24,old,ORL,CLE,0.00856879159150463
2023-24,old,ORL,DAL,0.00035030693868360403
2023-24,old,ORL,DEN,0.003102370673046658
2023-24,old,ORL,DET,3.722263209073225e-05
2023-24,old,ORL,GSW,0.0004547338710807862
2023-24,old,ORL,HOU,0.012794796418795013
2023-24,old,ORL,IND,0.0005453970945792658
2023-24,old,ORL,LAC,0.0
2023-24,old,ORL,LAL,0.0
2023-24,old,ORL,MEM,0.005509967598823252
2023-24,old,ORL,MIA,0.02674341937356999
2023-24,old,ORL,MIL,0.015687500214734085
2023-24,old,ORL,MIN,0.004392536214942307
2023-24,old,ORL,NOP,0.022131561815105016
2023-24,old,ORL,NYK,0.03185409455321051
2023-24,old,ORL,OKC,0.004935883632158572
2023-24,old,ORL,PHI,0.023604519333713644
2023-24,old,ORL,PHX,0.015326778298978501
2023-24,old,ORL,POR,0.005223641741391714
2023-24,old,ORL,SAC,0.0028012998097116347
2023-24,old,ORL,SAS,0.022812117121978184
2023-24,old,ORL,TOR,0.012635339642783364
2023-24,old,ORL,UTA,0.013613954820501581
2023-24,old,ORL,WAS,0.04502155206551583
2023-24,old,PHI,ATL,0.017062155662847474
2023-24,old,PHI,BKN,0.0
2023-24,old,PHI,BOS,0.0
2023-24,old,PHI,CHA,2.697598953490523e-06
2023-24,old,PHI,CHI,0.008161884362490776
2023-24,old,PHI,CLE,0.004170989831093807
2023-24,old,PHI,DAL,0.0007516608309636473
2023-24,old,PHI,DEN,0.009330720836024356
2023-24,old,PHI,DET,4.097232234966086e-05
2023-24,old,PHI,GSW,0.002994520444720613
2023-24,old,PHI,HOU,0.015793508215956372
2023-24,old,PHI,IND,0.0021544293293798574
2023-24,old,PHI,LAC,0.0
2023-24,old,PHI,LAL,0.0
2023-24,old,PHI,MEM,0.0012931034330214408
2023-24,old,PHI,MIA,0.03048303183183646
2023-24,old,PHI,MIL,0.004810344933708809
2023-24,old,PHI,MIN,0.00717133622624558
2023-24,old,PHI,NOP,0.027795080131532264
2023-24,old,PHI,NYK,0.03940368316169609
2023-24,old,PHI,OKC,0.010376346933591211
2023-24,old,PHI,ORL,0.022064892880947682
2023-24,old,PHI,PHX,0.014339439526023665
2023-24,old,PHI,POR,0.009604879577220744
2023-24,old,PHI,SAC,0.0013789956690509841
2023-24,old,PHI,SAS,0.005391974520477819
2023-24,old,PHI,TOR,0.02480584607352507
2023-24,old,PHI,UTA,0.03346659498728796
2023-24,old,PHI,WAS,0.006825161771367079
2023-24,old,PHX,ATL,0.02895784809120846
2023-24,old,PHX,BKN,0.0
2023-24,old,PHX,BOS,2.0474138236122907e-05
2023-24,old,PHX,CHA,0.0018181899696369614
2023-24,old,PHX,CHI,0.0023112050270184354
2023-24,old,PHX,CLE,0.013537518379248605
2023-24,old,PHX,DAL,0.004841855435543098
2023-24,old,PHX,DEN,0.0059111500541667705
2023-24,old,PHX,DET,0.00037222822973436337
2023-24,old,PHX,GSW,0.005485280170368443
2023-24,old,PHX,HOU,0.0033550912930490227
2023-24,old,PHX,IND,0.0007250663045675323
2023-24,old,PHX,LAC,0.0
2023-24,old,PHX,LAL,0.0
2023-24,old,PHX,MEM,0.003409213493738709
2023-24,old,PHX,MIA,0.018340558017096498
2023-24,old,PHX,MIL,0.004035560373489841
2023-24,old,PHX,MIN,0.012529979005661331
2023-24,old,PHX,NOP,0.07194830061416037
2023-24,old,PHX,NYK,0.09472574145787406
2023-24,old,PHX,OKC,0.008760506573638971
2023-24,old,PHX,ORL,0.01997779175067594
2023-24,old,PHX,PHI,0.012820274717377532
2023-24,old,PHX,POR,0.01947308505518371
2023-24,old,PHX,SAC,0.07121139489793238
2023-24,old,PHX,SAS,2.2742033958132316e-06
2023-24,old,PHX,TOR,0.01578547276358164
2023-24,old,PHX,UTA,0.030191271662800417
2023-24,old,PHX,WAS,0.010485452880886193
2023-24,old,POR,ATL,0.030660751928504416
2023-24,old,POR,BKN,0.0
2023-24,old,POR,BOS,0.0
2023-24,old,POR,CHA,0.01088469871162131
2023-24,old,POR,CHI,0.007031956953059566
2023-24,old,POR,CLE,0.001242715611782012
2023-24,old,POR,DAL,4.440745242132492e-05
2023-24,old,POR,DEN,0.0
2023-24,old,POR,DET,8.58005701487481e-05
2023-24,old,POR,GSW,0.0035949247301984358
2023-24,old,POR,HOU,0.016654223514078532
2023-24,old,POR,IND,0.0007431947143495328
2023-24,old,POR,LAC,0.0
2023-24,old,POR,LAL,0.0
2023-24,old,POR,MEM,0.0033100753862025417
2023-24,old,POR,MIA,0.005211539908956917
2023-24,old,POR,MIL,2.155172445907677e-06
2023-24,old,POR,MIN,4.697488533261605e-10
2023-24,old,POR,NOP,0.027434457959847596
2023-24,old,POR,NYK,0.0014039027153358557
2023-24,old,POR,OKC,0.0188650325662055
2023-24,old,POR,ORL,0.00655116327757514
2023-24,old,POR,PHI,0.011064333079044385
2023-24,old,POR,PHX,0.0018561422429047528
2023-24,old,POR,SAC,0.03837690064312284
2023-24,old,POR,SAS,0.03427496010694523
2023-24,old,POR,TOR,0.022016134382115804
2023-24,old,POR,UTA,0.01733512949160348
2023-24,old,POR,WAS,0.0001333513017944542
2023-24,old,SAC,ATL,0.13174457492843453
2023-24,old,SAC,BKN,0.0
2023-24,old,SAC,BOS,6.681034614428365e-05
2023-24,old,SAC,CHA,0.001021824489323926
2023-24,old,SAC,CHI,0.0026562926846183704
2023-24,old,SAC,CLE,0.01973945634855842
2023-24,old,SAC,DAL,0.0031557607731393356
2023-24,old,SAC,DEN,0.005206631752594738
2023-24,old,SAC,DET,0.0017150533267553845
2023-24,old,SAC,GSW,0.00717821187325607
2023-24,old,SAC,HOU,0.0005594556899115424
2023-24,old,SAC,IND,0.0009387737123143469
2023-24,old,SAC,LAC,0.0
2023-24,old,SAC,LAL,0.0
2023-24,old,SAC,MEM,0.000623383628915
2023-24,old,SAC,MIA,0.01982362771318221
2023-24,old,SAC,MIL,0.016876347042592083
2023-24,old,SAC,MIN,0.0007422637443848616
2023-24,old,SAC,NOP,0.09416096810486468
2023-24,old,SAC,NYK,0.10685564201592472
2023-24,old,SAC,OKC,0.000695581859728354
2023-24,old,SAC,ORL,0.022564368153775455
2023-24,old,SAC,PHI,0.015684814697281956
2023-24,old,SAC,PHX,0.046732758380761685
2023-24,old,SAC,POR,0.01814275955742655
2023-24,old,SAC,SAS,0.00029911882051159917
2023-24,old,SAC,TOR,0.020015715038503117
2023-24,old,SAC,UTA,0.004933189644221344
2023-24,old,SAC,WAS,0.028959859890726813
2023-24,old,SAS,ATL,0.024644320342562417
2023-24,old,SAS,BKN,0.0
2023-24,old,SAS,BOS,0.0
2023-24,old,SAS,CHA,0.01376748127483135
2023-24,old,SAS,CHI,0.0029402786915664445
2023-24,old,SAS,CLE,0.009429834975317544
2023-24,old,SAS,DAL,0.0026705438902811713
2023-24,old,SAS,DEN,0.0006646058966275404
2023-24,old,SAS,DET,0.0022020064947141788
2023-24,old,SAS,GSW,0.0011236093367829026
2023-24,old,SAS,HOU,0.010832418112356206
2023-24,old,SAS,IND,0.0005260331132167832
2023-24,old,SAS,LAC,0.0
2023-24,old,SAS,LAL,0.0
2023-24,old,SAS,MEM,0.002091864309522549
2023-24,old,SAS,MIA,0.009842959832364835
2023-24,old,SAS,MIL,0.00556681044833285
2023-24,old,SAS,MIN,0.006987363457598618
2023-24,old,SAS,NOP,0.03688642079965378
2023-24,old,SAS,NYK,0.02405051814280804
2023-24,old,SAS,OKC,0.0287384161863733
2023-24,old,SAS,ORL,0.013566879724640333
2023-24,old,SAS,PHI,0.008293539498561382
2023-24,old,SAS,PHX,0.013718750049050992
2023-24,old,SAS,POR,0.040584594137326915
2023-24,old,SAS,SAC,0.01785406913420999
2023-24,old,SAS,TOR,0.014686151137274017
2023-24,old,SAS,UTA,0.051354526250707466
2023-24,old,SAS,WAS,0.006336207285639831
2023-24,old,TOR,ATL,0.04825345260952876
2023-24,old,TOR,BKN,0.0
2023-24,old,TOR,BOS,0.0
2023-24,old,TOR,CHA,0.001968291555435965
2023-24,old,TOR,CHI,0.002824358552829948
2023-24,old,TOR,CLE,0.005581113204041853
2023-24,old,TOR,DAL,0.001462912307730768
2023-24,old,TOR,DEN,0.00012176786823332889
2023-24,old,TOR,DET,3.27718659156968e-05
2023-24,old,TOR,GSW,0.0027866485042654285
2023-24,old,TOR,HOU,0.049235944844175976
2023-24,old,TOR,IND,0.0003947554487736197
2023-24,old,TOR,LAC,0.0
2023-24,old,TOR,LAL,0.0
2023-24,old,TOR,MEM,0.022401131405133827
2023-24,old,TOR,MIA,0.0186304321476322
2023-24,old,TOR,MIL,0.0032928341067524564
2023-24,old,TOR,MIN,0.0002608741536257491
2023-24,old,TOR,NOP,0.06329925855427676
2023-24,old,TOR,NYK,0.03239236300780536
2023-24,old,TOR,OKC,0.023990840419528783
2023-24,old,TOR,ORL,0.014078360504267286
2023-24,old,TOR,PHI,0.016340391711479118
2023-24,old,TOR,PHX,0.025955010682428732
2023-24,old,TOR,POR,0.041271604707782066
2023-24,old,TOR,SAC,0.05319802329760499
2023-24,old,TOR,SAS,0.1539629190642859
2023-24,old,TOR,UTA,0.030549030253394692
2023-24,old,TOR,WAS,0.003575700411035132
2023-24,old,UTA,ATL,0.02433889953686299
2023-24,old,UTA,BKN,0.0
2023-24,old,UTA,BOS,5.711207005741267e-05
2023-24,old,UTA,CHA,2.3495437374763636e-06
2023-24,old,UTA,CHI,0.009616895570380188
2023-24,old,UTA,CLE,0.00874752399267744
2023-24,old,UTA,DAL,0.00016364358363088648
2023-24,old,UTA,DEN,8.895041376837921e-10
2023-24,old,UTA,DET,7.448995898241805e-05
2023-24,old,UTA,GSW,0.004526084359201278
2023-24,old,UTA,HOU,0.029877294139404393
2023-24,old,UTA,IND,0.0002830160841658461
2023-24,old,UTA,LAC,0.0
2023-24,old,UTA,LAL,0.0
2023-24,old,UTA,MEM,0.00394558190319944
2023-24,old,UTA,MIA,0.009029835996281056
2023-24,old,UTA,MIL,0.0029558190153429987
2023-24,old,UTA,MIN,0.0042837001309210705
2023-24,old,UTA,NOP,0.026593069719054126
2023-24,old,UTA,NYK,0.09468982132855946
2023-24,old,UTA,OKC,0.1435724675727824
2023-24,old,UTA,ORL,0.015971777902144543
2023-24,old,UTA,PHI,0.005215054672957925
2023-24,old,UTA,PHX,0.019697737208736164
2023-24,old,UTA,POR,0.006871795303556853
2023-24,old,UTA,SAC,0.026075528831205782
2023-24,old,UTA,SAS,0.0016849312824587593
2023-24,old,UTA,TOR,0.0106284171736836
2023-24,old,UTA,WAS,0.009692079879058492
2023-24,old,WAS,ATL,0.008916576559814905
2023-24,old,WAS,BKN,0.0
2023-24,old,WAS,BOS,2.047413823612291e-05
2023-24,old,WAS,CHA,0.0018212299644470077
2023-24,old,WAS,CHI,6.69305803956016e-05
2023-24,old,WAS,CLE,0.011411852203375763
2023-24,old,WAS,DAL,0.0005636300914030704
2023-24,old,WAS,DEN,0.00269073278370217
2023-24,old,WAS,DET,0.006036211538641256
2023-24,old,WAS,GSW,0.0016666508017480362
2023-24,old,WAS,HOU,0.002354158931851383
2023-24,old,WAS,IND,0.0002343298785510779
2023-24,old,WAS,LAC,0.0
2023-24,old,WAS,LAL,0.0
2023-24,old,WAS,MEM,0.00024973060737026794
2023-24,old,WAS,MIA,0.005076228474170909
2023-24,old,WAS,MIL,0.007650862095540326
2023-24,old,WAS,MIN,0.004169181085127438
2023-24,old,WAS,NOP,0.011049797548602627
2023-24,old,WAS,NYK,0.023146547498895036
2023-24,old,WAS,OKC,0.0019630926797680297
2023-24,old,WAS,ORL,0.007053306827798345
2023-24,old,WAS,PHI,0.0036238575509324003
2023-24,old,WAS,PHX,0.00907300654887061
2023-24,old,WAS,POR,0.0028576343561354414
2023-24,old,WAS,SAC,0.0011139008169357002
2023-24,old,WAS,SAS,0.004430206453741724
2023-24,old,WAS,TOR,0.0032477383122833246
2023-24,old,WAS,UTA,0.004652478480430577
2024-25,new,ATL,BKN,0.011345823056237374
2024-25,new,ATL,BOS,3.556034535747666e-05
2024-25,new,ATL,CHA,0.0007001734928096851
2024-25,new,ATL,CHI,0.02881707801072305
2024-25,new,ATL,CLE,0.0
2024-25,new,ATL,DAL,0.002518291543381298
2024-25,new,ATL,DEN,0.00010171010333394417
2024-25,new,ATL,DET,0.004165664068591682
2024-25,new,ATL,GSW,0.0022412261643362944
2024-25,new,ATL,HOU,0.0007058189650154512
2024-25,new,ATL,IND,0.004453223905533454
2024-25,new,ATL,LAC,0.00021147629992779462
2024-25,new,ATL,LAL,0.0
2024-25,new,ATL,MEM,0.00011772170058626057
2024-25,new,ATL,MIA,0.04101690136676393
2024-25,new,ATL,MIL,0.0
2024-25,new,ATL,MIN,0.006629990426987609
2024-25,new,ATL,NOP,0.0010109150132254752
2024-25,new,ATL,NYK,0.0008328876843594179
2024-25,new,ATL,OKC,0.041523528622671
2024-25,new,ATL,ORL,0.02678735000367575
2024-25,new,ATL,PHI,0.0024860315704052613
2024-25,new,ATL,PHX,0.0
2024-25,new,ATL,POR,0.001189676920188974
2024-25,new,ATL,SAC,0.0020616520702280445
2024-25,new,ATL,SAS,0.1415108869206597
2024-25,new,ATL,TOR,0.0009607896779818882
2024-25,new,ATL,UTA,0.0032709198811640217
2024-25,new,ATL,WAS,0.020989216854537307
2024-25,new,BKN,ATL,0.019231728006852796
2024-25,new,BKN,BOS,1.72413795672614e-05
2024-25,new,BKN,CHA,0.00020401311275669565
2024-25,new,BKN,CHI,0.0005070201023122065
2024-25,new,BKN,CLE,0.0
2024-25,new,BKN,DAL,0.0
2024-25,new,BKN,DEN,0.0
2024-25,new,BKN,DET,0.0
2024-25,new,BKN,GSW,1.9288256347675182e-05
2024-25,new,BKN,HOU,0.0037416487535590235
2024-25,new,BKN,IND,0.005344827615752302
2024-25,new,BKN,LAC,0.004318965564337401
2024-25,new,BKN,LAL,0.0
2024-25,new,BKN,MEM,0.0
2024-25,new,BKN,MIA,1.712581680184767e-05
2024-25,new,BKN,MIL,0.0
2024-25,new,BKN,MIN,0.0
2024-25,new,BKN,NOP,1.393585429594105e-05
2024-25,new,BKN,NYK,4.008426778398189e-05
2024-25,new,BKN,OKC,0.008406110751995917
2024-25,new,BKN,ORL,0.007273063250209689
2024-25,new,BKN,PHI,0.00013477309121581445
2024-25,new,BKN,PHX,0.00453448281719767
2024-25,new,BKN,POR,0.0001121238415025173
2024-25,new,BKN,SAC,0.0041542738866789065
2024-25,new,BKN,SAS,2.3312670133424848e-06
2024-25,new,BKN,TOR,3.3892379684434196e-05
2024-25,new,BKN,UTA,2.539034875522264e-06
2024-25,new,BKN,WAS,5.2323971613861484e-05
2024-25,new,BOS,ATL,0.02591339076406144
2024-25,new,BOS,BKN,0.020423865938155927
2024-25,new,BOS,CHA,1.358768513936927e-05
2024-25,new,BOS,CHI,0.006003975387795336
2024-25,new,BOS,CLE,0.0
2024-25,new,BOS,DAL,0.004857625141433753
2024-25,new,BOS,DEN,0.00015666118395466617
2024-25,new,BOS,DET,1.0992058589871359e-07
2024-25,new,BOS,GSW,0.010246729965616036
2024-25,new,BOS,HOU,0.013217403071346404
2024-25,new,BOS,IND,0.008814655310105021
2024-25,new,BOS,LAC,0.000248922411701642
2024-25,new,BOS,LAL,0.0
2024-25,new,BOS,MEM,1.4978963773490873e-07
2024-25,new,BOS,MIA,0.004935984871817044
2024-25,new,BOS,MIL,0.0
2024-25,new,BOS,MIN,0.0017845574258995858
2024-25,new,BOS,NOP,1.5389025811107176e-05
2024-25,new,BOS,NYK,3.5313208490901977e-06
2024-25,new,BOS,OKC,0.018863417384032074
2024-25,new,BOS,ORL,0.005726538143004041
2024-25,new,BOS,PHI,1.4649371363847859e-05
2024-25,new,BOS,PHX,0.0015894396598290265
2024-25,new,BOS,POR,0.001979085907880979
2024-25,new,BOS,SAC,0.02082117097419149
2024-25,new,BOS,SAS,3.7259523498401695e-05
2024-25,new,BOS,TOR,6.952007733281211e-06
2024-25,new,BOS,UTA,0.0170119162909511
2024-25,new,BOS,WAS,0.02021449278000531
2024-25,new,CHA,ATL,0.06232975999879068
2024-25,new,CHA,BKN,0.015493455607379044
2024-25,new,CHA,BOS,3.2327586688615133e-05
2024-25,new,CHA,CHI,0.00434595211983004
2024-25,new,CHA,CLE,0.0
2024-25,new,CHA,DAL,0.013720981745674054
2024-25,new,CHA,DEN,0.009228136067413802
2024-25,new,CHA,DET,2.5617708452045918e-05
2024-25,new,CHA,GSW,0.03070375079511383
2024-25,new,CHA,HOU,0.007436961239496853
2024-25,new,CHA,IND,0.009806034583598374
2024-25,new,CHA,LAC,0.005463631482622264
2024-25,new,CHA,LAL,0.0
2024-25,new,CHA,MEM,0.0018573496084693328
2024-25,new,CHA,MIA,0.024000706012471732
2024-25,new,CHA,MIL,0.0
2024-25,new,CHA,MIN,0.0036920709467035346
2024-25,new,CHA,NOP,0.01086144782707912
2024-25,new,CHA,NYK,0.0005136139677922911
2024-25,new,CHA,OKC,0.04800885551647919
2024-25,new,CHA,ORL,0.019227623914412545
2024-25,new,CHA,PHI,0.0009561160855235452
2024-25,new,CHA,PHX,0.00526831901166588
2024-25,new,CHA,POR,0.005860859883321818
2024-25,new,CHA,SAC,0.03741009696432959
2024-25,new,CHA,SAS,0.0006136283967036557
2024-25,new,CHA,TOR,0.0009899010526374958
2024-25,new,CHA,UTA,0.044338301062970306
2024-25,new,CHA,WAS,0.012651917394889876
2024-25,new,CHI,ATL,0.05338355631063825
2024-25,new,CHI,BKN,0.03035610913809693
2024-25,new,CHI,BOS,0.0004127155168078326
2024-25,new,CHI,CHA,0.00018937890838691894
2024-25,new,CHI,CLE,0.0
2024-25,new,CHI,DAL,0.0068882469215282086
2024-25,new,CHI,DEN,0.00013724927299023685
2024-25,new,CHI,DET,6.835663487679795e-05
2024-25,new,CHI,GSW,0.0053507121763708525
2024-25,new,CHI,HOU,0.010359913895171585
2024-25,new,CHI,IND,0.00789870686202856
2024-25,new,CHI,LAC,0.009061691829581458
2024-25,new,CHI,LAL,0.0
2024-25,new,CHI,MEM,0.0043196004604611656
2024-25,new,CHI,MIA,0.08849221239865304
2024-25,new,CHI,MIL,0.0
2024-25,new,CHI,MIN,0.000933916537007094
2024-25,new,CHI,NOP,0.00027664113460937627
2024-25,new,CHI,NYK,0.0001774133332224291
2024-25,new,CHI,OKC,0.05367688722696941
2024-25,new,CHI,ORL,0.11654711433683329
2024-25,new,CHI,PHI,0.0014498906983297793
2024-25,new,CHI,PHX,0.0016594827571755335
2024-25,new,CHI,POR,0.0013410510316125518
2024-25,new,CHI,SAC,0.003572501483558081
2024-25,new,CHI,SAS,0.04620945503437207
2024-25,new,CHI,TOR,0.0032878440511837433
2024-25,new,CHI,UTA,0.014266979686868323
2024-25,new,CHI,WAS,0.010062914417305727
2024-25,new,CLE,ATL,0.013267789099565122
2024-25,new,CLE,BKN,0.010163345400091481
2024-25,new,CLE,BOS,0.002686422385259306
2024-25,new,CLE,CHA,0.0001479978728937632
2024-25,new,CLE,CHI,0.0007545647077757349
2024-25,new,CLE,DAL,0.0012701232948775817
2024-25,new,CLE,DEN,4.5494176343034835e-05
2024-25,new,CLE,DET,1.0992058589871359e-07
2024-25,new,CLE,GSW,0.0010821165741647012
2024-25,new,CLE,HOU,0.0010646551577294051
2024-25,new,CLE,IND,0.0022500000209226432
2024-25,new,CLE,LAC,0.02281546342722542
2024-25,new,CLE,LAL,0.0
2024-25,new,CLE,MEM,0.00013428576241144858
2024-25,new,CLE,MIA,0.04435710059405257
2024-25,new,CLE,MIL,0.0
2024-25,new,CLE,MIN,0.0001432442341537165
2024-25,new,CLE,NOP,0.0008770326497312567
2024-25,new,CLE,NYK,0.00014488779322007378
2024-25,new,CLE,OKC,0.04077297702069771
2024-25,new,CLE,ORL,0.04474244221492866
2024-25,new,CLE,PHI,0.0006201269006222555
2024-25,new,CLE,PHX,0.02703017254520593
2024-25,new,CLE,POR,0.0008592193013115468
2024-25,new,CLE,SAC,0.0017537924267744067
2024-25,new,CLE,SAS,0.027786407498617712
2024-25,new,CLE,TOR,0.0002075268947342432
2024-25,new,CLE,UTA,0.017539552955184202
2024-25,new,CLE,WAS,0.017894624196319077
2024-25,new,DAL,ATL,0.06427304786203605
2024-25,new,DAL,BKN,0.02861532742131965
2024-25,new,DAL,BOS,1.0775862229538375e-06
2024-25,new,DAL,CHA,1.9503172243387856e-05
2024-25,new,DAL,CHI,0.02985729933961864
2024-25,new,DAL,CLE,0.0
2024-25,new,DAL,DEN,0.002121736227734372
2024-25,new,DAL,DET,0.0003006205464170609
2024-25,new,DAL,GSW,0.03126547463966081
2024-25,new,DAL,HOU,0.021475215757502525
2024-25,new,DAL,IND,0.011603448276953966
2024-25,new,DAL,LAC,0.0011522090649994986
2024-25,new,DAL,LAL,0.0
2024-25,new,DAL,MEM,0.027198763146786632
2024-25,new,DAL,MIA,0.050528095168806186
2024-25,new,DAL,MIL,0.0
2024-25,new,DAL,MIN,0.008271703554032287
2024-25,new,DAL,NOP,0.0014038358736312303
2024-25,new,DAL,NYK,4.752832551508045e-05
2024-25,new,DAL,OKC,0.09468230870647826
2024-25,new,DAL,ORL,0.007615542549488541
2024-25,new,DAL,PHI,0.00011733636579723474
2024-25,new,DAL,PHX,0.0
2024-25,new,DAL,POR,0.00679188188770251
2024-25,new,DAL,SAC,0.03233994501510425
2024-25,new,DAL,SAS,0.0034265037787404276
2024-25,new,DAL,TOR,5.9505612951885714e-05
2024-25,new,DAL,UTA,0.0331724688690782
2024-25,new,DAL,WAS,0.028052203358610923
2024-25,new,DEN,ATL,0.05923952275110541
2024-25,new,DEN,BKN,0.07480554123694047
2024-25,new,DEN,BOS,0.0007607758791057459
2024-25,new,DEN,CHA,0.00013157021119430823
2024-25,new,DEN,CHI,0.00012937222610183202
2024-25,new,DEN,CLE,0.0
2024-25,new,DEN,DAL,0.0024747318075141207
2024-25,new,DEN,DET,0.000478724417223203
2024-25,new,DEN,GSW,0.0014972933936218025
2024-25,new,DEN,HOU,0.0023529094998957587
2024-25,new,DEN,IND,0.024198843259349314
2024-25,new,DEN,LAC,0.0031621767865726734
2024-25,new,DEN,LAL,0.0
2024-25,new,DEN,MEM,0.013872402831772223
2024-25,new,DEN,MIA,0.07357424087405337
2024-25,new,DEN,MIL,0.0
2024-25,new,DEN,MIN,0.004184398764615811
2024-25,new,DEN,NOP,0.0038237270287804223
2024-25,new,DEN,NYK,0.003742104469208138
2024-25,new,DEN,OKC,0.08587110007779478
2024-25,new,DEN,ORL,0.28114568625555375
2024-25,new,DEN,PHI,5.350971014197198e-05
2024-25,new,DEN,PHX,0.0
2024-25,new,DEN,POR,0.0002962144113238596
2024-25,new,DEN,SAC,0.0012951867168227757
2024-25,new,DEN,SAS,0.0015443792609172815
2024-25,new,DEN,TOR,1.457935170771062e-05
2024-25,new,DEN,UTA,0.030140613884028732
2024-25,new,DEN,WAS,0.012883018146425356
2024-25,new,DET,ATL,0.00329359297448715
2024-25,new,DET,BKN,0.04212999766960611
2024-25,new,DET,BOS,3.2327586849187996e-05
2024-25,new,DET,CHA,0.0019854026416945775
2024-25,new,DET,CHI,0.0036110306688374024
2024-25,new,DET,CLE,0.0
2024-25,new,DET,DAL,0.002243658134405446
2024-25,new,DET,DEN,1.2415634150397052e-06
2024-25,new,DET,GSW,0.0006951765035337837
2024-25,new,DET,HOU,0.0004148706839548361
2024-25,new,DET,IND,0.014888118202305659
2024-25,new,DET,LAC,0.004019665955706371
2024-25,new,DET,LAL,0.0
2024-25,new,DET,MEM,2.871802480314045e-05
2024-25,new,DET,MIA,0.02642218071053681
2024-25,new,DET,MIL,0.0
2024-25,new,DET,MIN,0.07812496145464608
2024-25,new,DET,NOP,0.0029442038241084935
2024-25,new,DET,NYK,0.003282270200165421
2024-25,new,DET,OKC,0.04229396464380784
2024-25,new,DET,ORL,0.014855581536750817
2024-25,new,DET,PHI,0.0024323526383424046
2024-25,new,DET,PHX,0.0037187500195256596
2024-25,new,DET,POR,0.0010346742023897616
2024-25,new,DET,SAC,0.00551590443150477
2024-25,new,DET,SAS,0.0464070756286128
2024-25,new,DET,TOR,0.0010986524982819121
2024-25,new,DET,UTA,0.006337905657261259
2024-25,new,DET,WAS,0.010332629598833938
2024-25,new,GSW,ATL,0.03250625802368805
2024-25,new,GSW,BKN,0.03594567037879057
2024-25,new,GSW,BOS,0.0001239224154791185
2024-25,new,GSW,CHA,6.720299820845223e-05
2024-25,new,GSW,CHI,0.000555313974051765
2024-25,new,GSW,CLE,0.0
2024-25,new,GSW,DAL,0.024912094804655276
2024-25,new,GSW,DEN,0.03629703855076813
2024-25,new,GSW,DET,0.0014807304921538118
2024-25,new,GSW,HOU,0.00610452586160732
2024-25,new,GSW,IND,0.025482774337713378
2024-25,new,GSW,LAC,0.0021468211306210866
2024-25,new,GSW,LAL,0.0
2024-25,new,GSW,MEM,0.027912634571048915
2024-25,new,GSW,MIA,0.2385659430737403
2024-25,new,GSW,MIL,0.0
2024-25,new,GSW,MIN,0.00594740207703884
2024-25,new,GSW,NOP,0.0017432042503132592
2024-25,new,GSW,NYK,7.722293706829537e-05
2024-25,new,GSW,OKC,0.18779804372050318
2024-25,new,GSW,ORL,0.11237434816858202
2024-25,new,GSW,PHI,0.0002481455659661029
2024-25,new,GSW,PHX,0.0
2024-25,new,GSW,POR,0.0007555990707746504
2024-25,new,GSW,SAC,0.032672814737413194
2024-25,new,GSW,SAS,0.01085831812718386
2024-25,new,GSW,TOR,0.00011457186417014598
2024-25,new,GSW,UTA,0.06011527143723318
2024-25,new,GSW,WAS,0.0041532795840667725
2024-25,new,HOU,ATL,0.07560864525422545
2024-25,new,HOU,BKN,0.10773759884178523
2024-25,new,HOU,BOS,0.00023168103769421588
2024-25,new,HOU,CHA,3.513699822972109e-05
2024-25,new,HOU,CHI,0.010831568307940902
2024-25,new,HOU,CLE,0.0
2024-25,new,HOU,DAL,0.0011969060015521163
2024-25,new,HOU,DEN,0.0001806505670792853
2024-25,new,HOU,DET,0.0008000085336670022
2024-25,new,HOU,GSW,0.009053586660294271
2024-25,new,HOU,IND,0.03481357748411468
2024-25,new,HOU,LAC,0.023475754464282017
2024-25,new,HOU,LAL,0.0
2024-25,new,HOU,MEM,0.018752625588656514
2024-25,new,HOU,MIA,0.04637108447399004
2024-25,new,HOU,MIL,0.0
2024-25,new,HOU,MIN,0.0027986625466768725
2024-25,new,HOU,NOP,8.581632544288821e-05
2024-25,new,HOU,NYK,4.072269077602597e-05
2024-25,new,HOU,OKC,0.09743943348701252
2024-25,new,HOU,ORL,0.16342436768799207
2024-25,new,HOU,PHI,0.0003332370945859536
2024-25,new,HOU,PHX,0.004734913796218561
2024-25,new,HOU,POR,5.4903685909032886e-05
2024-25,new,HOU,SAC,0.0012872889605376856
2024-25,new,HOU,SAS,0.005062034456866533
2024-25,new,HOU,TOR,0.0021871504640918367
2024-25,new,HOU,UTA,0.045671696327844936
2024-25,new,HOU,WAS,0.024861528595697062
2024-25,new,IND,ATL,0.032944929385351165
2024-25,new,IND,BKN,0.09960994279892953
2024-25,new,IND,BOS,8.620689783630702e-06
2024-25,new,IND,CHA,5.4314419729226326e-05
2024-25,new,IND,CHI,0.0011106174181238697
2024-25,new,IND,CLE,0.0
2024-25,new,IND,DAL,0.010911760903020725
2024-25,new,IND,DEN,0.00010474884399026607
2024-25,new,IND,DET,0.0006489203061247332
2024-25,new,IND,GSW,0.014931941728808046
2024-25,new,IND,HOU,0.012330010900623165
2024-25,new,IND,LAC,0.00025781251016426175
2024-25,new,IND,LAL,0.0
2024-25,new,IND,MEM,0.0006232100757263052
2024-25,new,IND,MIA,0.0457195667358658
2024-25,new,IND,MIL,0.0
2024-25,new,IND,MIN,0.011913436675587063
2024-25,new,IND,NOP,0.0016700699880951627
2024-25,new,IND,NYK,0.002076204195388425
2024-25,new,IND,OKC,0.09381741485181436
2024-25,new,IND,ORL,0.03428567373771701
2024-25,new,IND,PHI,4.54067391037217e-05
2024-25,new,IND,PHX,0.0
2024-25,new,IND,POR,0.0024827484797000712
2024-25,new,IND,SAC,0.006536063705768246
2024-25,new,IND,SAS,0.0014186104701337612
2024-25,new,IND,TOR,1.3292792469911067e-05
2024-25,new,IND,UTA,0.05176354918372272
2024-25,new,IND,WAS,0.016172699870687306
2024-25,new,LAC,ATL,0.06219070508370707
2024-25,new,LAC,BKN,0.0438805508007897
2024-25,new,LAC,BOS,0.00022306034662600215
2024-25,new,LAC,CHA,0.0007907183669460852
2024-25,new,LAC,CHI,0.026451921936759007
2024-25,new,LAC,CLE,0.0
2024-25,new,LAC,DAL,0.021028390615129223
2024-25,new,LAC,DEN,0.039165903522259835
2024-25,new,LAC,DET,5.982293311644008e-05
2024-25,new,LAC,GSW,0.07197805541819743
2024-25,new,LAC,HOU,0.003596713405106506
2024-25,new,LAC,IND,0.03170043117222215
2024-25,new,LAC,LAL,0.0
2024-25,new,LAC,MEM,0.09458892823298586
2024-25,new,LAC,MIA,0.1060842673124712
2024-25,new,LAC,MIL,0.0
2024-25,new,LAC,MIN,0.009651049214109328
2024-25,new,LAC,NOP,7.120731008464582e-05
2024-25,new,LAC,NYK,0.0008068534297108065
2024-25,new,LAC,OKC,0.45530394760136206
2024-25,new,LAC,ORL,0.05897653037236737
2024-25,new,LAC,PHI,6.285167202889362e-05
2024-25,new,LAC,PHX,0.002868534490979951
2024-25,new,LAC,POR,0.0006360677475904974
2024-25,new,LAC,SAC,0.055643200980607446
2024-25,new,LAC,SAS,0.004598192661810927
2024-25,new,LAC,TOR,2.4190405230944917e-05
2024-25,new,LAC,UTA,0.0765834333815607
2024-25,new,LAC,WAS,0.014191299666540444
2024-25,new,LAL,ATL,0.34939593542892367
2024-25,new,LAL,BKN,0.05701089310073605
2024-25,new,LAL,BOS,8.189655270363238e-05
2024-25,new,LAL,CHA,0.00043863373091094663
2024-25,new,LAL,CHI,3.474265545735095e-07
2024-25,new,LAL,CLE,0.0
2024-25,new,LAL,DAL,0.0077830001807184385
2024-25,new,LAL,DEN,0.0023893231509793528
2024-25,new,LAL,DET,1.7078472301363944e-05
2024-25,new,LAL,GSW,0.022752437105784624
2024-25,new,LAL,HOU,0.00036988148628332623
2024-25,new,LAL,IND,0.038778016989135404
2024-25,new,LAL,LAC,0.0018744612319378888
2024-25,new,LAL,MEM,0.024554505360987973
2024-25,new,LAL,MIA,0.0222430606356509
2024-25,new,LAL,MIL,0.0
2024-25,new,LAL,MIN,0.003107932487880039
2024-25,new,LAL,NOP,0.0012675270188719904
2024-25,new,LAL,NYK,4.311150549008662e-05
2024-25,new,LAL,OKC,0.049784816704784664
2024-25,new,LAL,ORL,0.0736639679445874
2024-25,new,LAL,PHI,0.00011263435729578587
2024-25,new,LAL,PHX,0.001022629310087911
2024-25,new,LAL,POR,3.9335650435135516e-05
2024-25,new,LAL,SAC,0.005992671275488233
2024-25,new,LAL,SAS,0.00555431023491549
2024-25,new,LAL,TOR,3.620141266735729e-05
2024-25,new,LAL,UTA,0.10004686009780475
2024-25,new,LAL,WAS,0.01937677659699328
2024-25,new,MEM,ATL,0.042727158651251866
2024-25,new,MEM,BKN,0.06321614807713094
2024-25,new,MEM,BOS,0.00028987066475032235
2024-25,new,MEM,CHA,0.00010538024390796094
2024-25,new,MEM,CHI,0.010747697039264825
2024-25,new,MEM,CLE,0.0
2024-25,new,MEM,DAL,0.0035226923313943573
2024-25,new,MEM,DEN,0.00957921056948066
2024-25,new,MEM,DET,0.0010034383771746402
2024-25,new,MEM,GSW,0.04332957546993633
2024-25,new,MEM,HOU,0.002202047367825108
2024-25,new,MEM,IND,0.032933272565122886
2024-25,new,MEM,LAC,0.009067618592385331
2024-25,new,MEM,LAL,0.0
2024-25,new,MEM,MIA,0.038958218847391264
2024-25,new,MEM,MIL,0.0
2024-25,new,MEM,MIN,0.006559457901734714
2024-25,new,MEM,NOP,0.001072450571056135
2024-25,new,MEM,NYK,9.299434988124687e-05
2024-25,new,MEM,OKC,0.09080834034514845
2024-25,new,MEM,ORL,0.05372182909092125
2024-25,new,MEM,PHI,0.00021435108944641888
2024-25,new,MEM,PHX,0.008315732778884985
2024-25,new,MEM,POR,0.001227163102635511
2024-25,new,MEM,SAC,0.0119142431251315
2024-25,new,MEM,SAS,0.02622296890946803
2024-25,new,MEM,TOR,0.0008001011786363508
2024-25,new,MEM,UTA,0.06112124212118796
2024-25,new,MEM,WAS,0.15707699912117615
2024-25,new,MIA,ATL,0.009049630842169623
2024-25,new,MIA,BKN,0.045228868131345794
2024-25,new,MIA,BOS,2.1551724459076738e-06
2024-25,new,MIA,CHA,0.00036893613166124375
2024-25,new,MIA,CHI,0.019750173318389224
2024-25,new,MIA,CLE,0.0
2024-25,new,MIA,DAL,0.003644340707210881
2024-25,new,MIA,DEN,0.00011956119491922199
2024-25,new,MIA,DET,0.01505077853115299
2024-25,new,MIA,GSW,0.014947187030042601
2024-25,new,MIA,HOU,0.0009983836247882774
2024-25,new,MIA,IND,0.01024363021432409
2024-25,new,MIA,LAC,0.0019490840847419318
2024-25,new,MIA,LAL,0.0
2024-25,new,MIA,MEM,0.007398610112507267
2024-25,new,MIA,MIL,0.0
2024-25,new,MIA,MIN,0.015619671851065508
2024-25,new,MIA,NOP,0.011173028626099424
2024-25,new,MIA,NYK,0.0010605508528695297
2024-25,new,MIA,OKC,0.14453708965227313
2024-25,new,MIA,ORL,0.054908308940491125
2024-25,new,MIA,PHI,0.0026580850864916846
2024-25,new,MIA,PHX,0.0
2024-25,new,MIA,POR,0.0006925769578664978
2024-25,new,MIA,SAC,0.012371589579410683
2024-25,new,MIA,SAS,0.04588871791558834
2024-25,new,MIA,TOR,0.002804179146877787
2024-25,new,MIA,UTA,0.06095075247169232
2024-25,new,MIA,WAS,0.02425645424423837
2024-25,new,MIL,ATL,0.01159247062472895
2024-25,new,MIL,BKN,0.13011305846635235
2024-25,new,MIL,BOS,0.000570043116599193
2024-25,new,MIL,CHA,0.00013278038265936168
2024-25,new,MIL,CHI,0.0001744654935388428
2024-25,new,MIL,CLE,0.0
2024-25,new,MIL,DAL,0.002543833203832904
2024-25,new,MIL,DEN,0.001949304653902504
2024-25,new,MIL,DET,0.007956881053636069
2024-25,new,MIL,GSW,0.012174298660203687
2024-25,new,MIL,HOU,0.00017510775400422007
2024-25,new,MIL,IND,0.010926672499482613
2024-25,new,MIL,LAC,0.00036179957742770667
2024-25,new,MIL,LAL,0.0
2024-25,new,MIL,MEM,0.018395339918998173
2024-25,new,MIL,MIA,0.021393106093141673
2024-25,new,MIL,MIN,0.009217258563487866
2024-25,new,MIL,NOP,0.010905942487603505
2024-25,new,MIL,NYK,0.0001664062769256457
2024-25,new,MIL,OKC,0.03408814401449023
2024-25,new,MIL,ORL,0.03613940179333747
2024-25,new,MIL,PHI,0.000540256062265128
2024-25,new,MIL,PHX,0.0
2024-25,new,MIL,POR,0.00023850898113688556
2024-25,new,MIL,SAC,0.00028115474949285513
2024-25,new,MIL,SAS,0.008785335485943915
2024-25,new,MIL,TOR,0.00016647409887041265
2024-25,new,MIL,UTA,0.09068761281476095
2024-25,new,MIL,WAS,0.011863228226612042
2024-25,new,MIN,ATL,0.04569723620944901
2024-25,new,MIN,BKN,0.046385052078205244
2024-25,new,MIN,BOS,0.0005474137954799266
2024-25,new,MIN,CHA,0.0010860450484913658
2024-25,new,MIN,CHI,0.0004685538347205494
2024-25,new,MIN,CLE,0.0
2024-25,new,MIN,DAL,0.01854353197939815
2024-25,new,MIN,DEN,0.0190017668456754
2024-25,new,MIN,DET,0.004006163550471166
2024-25,new,MIN,GSW,0.10725340055873826
2024-25,new,MIN,HOU,0.0015579202964074975
2024-25,new,MIN,IND,0.029295088424252512
2024-25,new,MIN,LAC,0.006104256495419922
2024-25,new,MIN,LAL,0.0
2024-25,new,MIN,MEM,0.061743672411127035
2024-25,new,MIN,MIA,0.029975700802947987
2024-25,new,MIN,MIL,0.0
2024-25,new,MIN,NOP,0.00015816598087280804
2024-25,new,MIN,NYK,0.005552563459487977
2024-25,new,MIN,OKC,0.06368456372083339
2024-25,new,MIN,ORL,0.04951186123784046
2024-25,new,MIN,PHI,0.00022895069899355993
2024-25,new,MIN,PHX,0.004581896546939067
2024-25,new,MIN,POR,0.00017248215197263538
2024-25,new,MIN,SAC,0.015158049967981566
2024-25,new,MIN,SAS,0.00436259074344356
2024-25,new,MIN,TOR,9.910908497466386e-05
2024-25,new,MIN,UTA,0.29250531768032806
2024-25,new,MIN,WAS,0.020087314177852273
2024-25,new,NOP,ATL,0.09239775258103819
2024-25,new,NOP,BKN,0.013918102582797673
2024-25,new,NOP,BOS,0.0
2024-25,new,NOP,CHA,0.005741480622864091
2024-25,new,NOP,CHI,0.0004542511675507826
2024-25,new,NOP,CLE,0.0
2024-25,new,NOP,DAL,0.004654611176299911
2024-25,new,NOP,DEN,0.0018612106854405534
2024-25,new,NOP,DET,1.5026968633578535e-05
2024-25,new,NOP,GSW,0.027421178695720826
2024-25,new,NOP,HOU,0.004409482814251155
2024-25,new,NOP,IND,0.015098620292562592
2024-25,new,NOP,LAC,0.0007521551870540231
2024-25,new,NOP,LAL,0.0
2024-25,new,NOP,MEM,0.026657960441347286
2024-25,new,NOP,MIA,0.01475679287835516
2024-25,new,NOP,MIL,0.0
2024-25,new,NOP,MIN,0.0095324877384101
2024-25,new,NOP,NYK,0.008586789389959068
2024-25,new,NOP,OKC,0.08057396479392523
2024-25,new,NOP,ORL,0.009621055697296835
2024-25,new,NOP,PHI,0.0003731973022515517
2024-25,new,NOP,PHX,0.0
2024-25,new,NOP,POR,0.0006187837834535048
2024-25,new,NOP,SAC,0.046266299780313346
2024-25,new,NOP,SAS,0.004521561620238745
2024-25,new,NOP,TOR,0.00010246177693567807
2024-25,new,NOP,UTA,0.09580560489366341
2024-25,new,NOP,WAS,0.012739383303089134
2024-25,new,NYK,ATL,0.04541065800373437
2024-25,new,NYK,BKN,0.05974745969242985
2024-25,new,NYK,BOS,0.0003415948309903514
2024-25,new,NYK,CHA,5.406524032564604e-06
2024-25,new,NYK,CHI,0.00021189118836345197
2024-25,new,NYK,CLE,0.0
2024-25,new,NYK,DAL,0.006700179678661731
2024-25,new,NYK,DEN,0.00014719018007373712
2024-25,new,NYK,DET,1.0992058589871359e-07
2024-25,new,NYK,GSW,0.011748839633953125
2024-25,new,NYK,HOU,0.001087823285829629
2024-25,new,NYK,IND,0.011607758711686293
2024-25,new,NYK,LAC,0.0020061961264381638
2024-25,new,NYK,LAL,0.0
2024-25,new,NYK,MEM,0.010135804101856154
2024-25,new,NYK,MIA,0.02933405054664119
2024-25,new,NYK,MIL,0.0
2024-25,new,NYK,MIN,0.0024505056647977836
2024-25,new,NYK,NOP,6.4321885904318245e-06
2024-25,new,NYK,OKC,0.05480359286614599
2024-25,new,NYK,ORL,0.025973732540988045
2024-25,new,NYK,PHI,2.863528297345103e-05
2024-25,new,NYK,PHX,0.0006293103471398352
2024-25,new,NYK,POR,0.0004550086828259898
2024-25,new,NYK,SAC,0.025006440187524837
2024-25,new,NYK,SAS,0.00014574343568899082
2024-25,new,NYK,TOR,6.58918739745708e-06
2024-25,new,NYK,UTA,0.018870975746358612
2024-25,new,NYK,WAS,0.009537985673878008
2024-25,new,OKC,ATL,0.05801530473916837
2024-25,new,OKC,BKN,0.05185923972499461
2024-25,new,OKC,BOS,0.0009375000081089295
2024-25,new,OKC,CHA,4.5427850645365125e-05
2024-25,new,OKC,CHI,0.0023809120471929932
2024-25,new,OKC,CLE,0.0
2024-25,new,OKC,DAL,0.013617731976713123
2024-25,new,OKC,DEN,0.0008850954251213018
2024-25,new,OKC,DET,1.0992058589871359e-07
2024-25,new,OKC,GSW,0.03270089260353989
2024-25,new,OKC,HOU,0.0010538793419254946
2024-25,new,OKC,IND,0.028089932451997618
2024-25,new,OKC,LAC,0.02461799569725027
2024-25,new,OKC,LAL,0.0
2024-25,new,OKC,MEM,0.015219576740530542
2024-25,new,OKC,MIA,0.02904474027717019
2024-25,new,OKC,MIL,0.0
2024-25,new,OKC,MIN,0.01588660222626741
2024-25,new,OKC,NOP,7.985124257770044e-05
2024-25,new,OKC,NYK,5.923677601225123e-05
2024-25,new,OKC,ORL,0.0433173697840399
2024-25,new,OKC,PHI,0.0001649962555915534
2024-25,new,OKC,PHX,0.03162176726193264
2024-25,new,OKC,POR,0.00011036864624079529
2024-25,new,OKC,SAC,0.006259172718641502
2024-25,new,OKC,SAS,0.007422780746396555
2024-25,new,OKC,TOR,8.599886825437298e-05
2024-25,new,OKC,UTA,0.08200593856960867
2024-25,new,OKC,WAS,0.03690923496461836
2024-25,new,ORL,ATL,0.0203775659100516
2024-25,new,ORL,BKN,0.02289247685739182
2024-25,new,ORL,BOS,2.1551724459076763e-06
2024-25,new,ORL,CHA,0.0004926358105378698
2024-25,new,ORL,CHI,0.08863866471524401
2024-25,new,ORL,CLE,0.0
2024-25,new,ORL,DAL,0.011958910983801785
2024-25,new,ORL,DEN,0.00027790646846356435
2024-25,new,ORL,DET,0.009939925287756404
2024-25,new,ORL,GSW,0.011555260650555637
2024-25,new,ORL,HOU,0.008895743623745208
2024-25,new,ORL,IND,0.007728624279278439
2024-25,new,ORL,LAC,0.0074081358237890515
2024-25,new,ORL,LAL,0.0
2024-25,new,ORL,MEM,0.022323436300695606
2024-25,new,ORL,MIA,0.0891639500094725
2024-25,new,ORL,MIL,0.0
2024-25,new,ORL,MIN,0.008131657609762168
2024-25,new,ORL,NOP,0.0029508887218791273
2024-25,new,ORL,NYK,0.00039377786493469125
2024-25,new,ORL,OKC,0.11303403478906764
2024-25,new,ORL,PHI,0.0018217798437684955
2024-25,new,ORL,PHX,0.0
2024-25,new,ORL,POR,0.0026715765692148542
2024-25,new,ORL,SAC,0.0208993711996594
2024-25,new,ORL,SAS,0.09240017532802589
2024-25,new,ORL,TOR,0.000755998442875024
2024-25,new,ORL,UTA,0.03152067483021178
2024-25,new,ORL,WAS,0.006909263358932945
2024-25,new,PHI,ATL,0.0009477001737294962
2024-25,new,PHI,BKN,0.001186983077185175
2024-25,new,PHI,BOS,1.0775862229538374e-05
2024-25,new,PHI,CHA,7.972842384826952e-06
2024-25,new,PHI,CHI,0.006363066264477687
2024-25,new,PHI,CLE,0.0
2024-25,new,PHI,DAL,0.0002109400097617439
2024-25,new,PHI,DEN,1.3829529218720252e-07
2024-25,new,PHI,DET,0.0025277118853446715
2024-25,new,PHI,GSW,0.00039171993390554855
2024-25,new,PHI,HOU,0.0004240301601861701
2024-25,new,PHI,IND,1.6132998265173484e-05
2024-25,new,PHI,LAC,0.006437230638754233
2024-25,new,PHI,LAL,0.0
2024-25,new,PHI,MEM,4.238739684390473e-06
2024-25,new,PHI,MIA,0.002026641974024871
2024-25,new,PHI,MIL,0.0
2024-25,new,PHI,MIN,0.0001259832882177313
2024-25,new,PHI,NOP,5.580695363790291e-05
2024-25,new,PHI,NYK,1.099141421581043e-05
2024-25,new,PHI,OKC,0.008467974557149401
2024-25,new,PHI,ORL,0.004844695364663346
2024-25,new,PHI,PHX,0.0065959051456944695
2024-25,new,PHI,POR,1.6833197225452044e-06
2024-25,new,PHI,SAC,0.0017015755599122872
2024-25,new,PHI,SAS,0.010913775525023532
2024-25,new,PHI,TOR,0.000987237771573895
2024-25,new,PHI,UTA,7.433508053025136e-05
2024-25,new,PHI,WAS,1.2017518511415953e-06
2024-25,new,PHX,ATL,0.028574046156622845
2024-25,new,PHX,BKN,0.011940682611964891
2024-25,new,PHX,BOS,0.00013577586505562065
2024-25,new,PHX,CHA,0.000500831116675126
2024-25,new,PHX,CHI,0.0020114930438008384
2024-25,new,PHX,CLE,0.0
2024-25,new,PHX,DAL,0.01434780188036129
2024-25,new,PHX,DEN,0.0069663598511848345
2024-25,new,PHX,DET,2.909607611761284e-05
2024-25,new,PHX,GSW,0.004098560359909849
2024-25,new,PHX,HOU,0.0362580819806919
2024-25,new,PHX,IND,0.009290948237517273
2024-25,new,PHX,LAC,0.00015598060741843977
2024-25,new,PHX,LAL,0.0
2024-25,new,PHX,MEM,0.01695155309416593
2024-25,new,PHX,MIA,0.05572794818993598
2024-25,new,PHX,MIL,0.0
2024-25,new,PHX,MIN,0.00018473619571213456
2024-25,new,PHX,NOP,5.798444594144474e-05
2024-25,new,PHX,NYK,7.507028657554132e-05
2024-25,new,PHX,OKC,0.03484661378950671
2024-25,new,PHX,ORL,0.045049109326059066
2024-25,new,PHX,PHI,0.002759344329070702
2024-25,new,PHX,POR,0.0043373276493268755
2024-25,new,PHX,SAC,0.03379087589689721
2024-25,new,PHX,SAS,0.0019936071601073468
2024-25,new,PHX,TOR,0.0009607511829731433
2024-25,new,PHX,UTA,0.025083491915401594
2024-25,new,PHX,WAS,0.0038360911842098937
2024-25,new,POR,ATL,0.06029742716779378
2024-25,new,POR,BKN,0.026726713636606364
2024-25,new,POR,BOS,0.00018426724388424697
2024-25,new,POR,CHA,2.6079623258356653e-05
2024-25,new,POR,CHI,0.01672773581247794
2024-25,new,POR,CLE,0.0
2024-25,new,POR,DAL,0.007079363188227611
2024-25,new,POR,DEN,0.00013520676086966826
2024-25,new,POR,DET,1.265113084318257e-07
2024-25,new,POR,GSW,0.005318064006952748
2024-25,new,POR,HOU,0.007270204715515037
2024-25,new,POR,IND,0.008411637962121387
2024-25,new,POR,LAC,0.005304148719838726
2024-25,new,POR,LAL,0.0
2024-25,new,POR,MEM,3.1449858065832895e-05
2024-25,new,POR,MIA,0.02764777141868608
2024-25,new,POR,MIL,0.0
2024-25,new,POR,MIN,0.00042139963453218665
2024-25,new,POR,NOP,3.466410472100094e-05
2024-25,new,POR,NYK,2.1557416341832826e-05
2024-25,new,POR,OKC,0.03689873070893155
2024-25,new,POR,ORL,0.030005976472053345
2024-25,new,POR,PHI,9.405617050037629e-05
2024-25,new,POR,PHX,0.005001077605893128
2024-25,new,POR,SAC,0.008774555430353135
2024-25,new,POR,SAS,0.005615206399645921
2024-25,new,POR,TOR,0.0009989233784645267
2024-25,new,POR,UTA,0.010194045285177903
2024-25,new,POR,WAS,0.02203369582655455
2024-25,new,SAC,ATL,0.08537988366472954
2024-25,new,SAC,BKN,0.005998504930220274
2024-25,new,SAC,BOS,6.68103462245701e-05
2024-25,new,SAC,CHA,1.8535580790273562e-05
2024-25,new,SAC,CHI,0.00807868195236655
2024-25,new,SAC,CLE,0.0
2024-25,new,SAC,DAL,0.012274341743890095
2024-25,new,SAC,DEN,4.790005860388254e-05
2024-25,new,SAC,DET,1.5736893057441321e-06
2024-25,new,SAC,GSW,0.01493931275907275
2024-25,new,SAC,HOU,0.012952047404170773
2024-25,new,SAC,IND,0.000809267231198991
2024-25,new,SAC,LAC,0.006350215532323185
2024-25,new,SAC,LAL,0.0
2024-25,new,SAC,MEM,0.0036607240432090173
2024-25,new,SAC,MIA,0.010673914364508192
2024-25,new,SAC,MIL,0.0
2024-25,new,SAC,MIN,0.004260768094142161
2024-25,new,SAC,NOP,0.0018920177558395342
2024-25,new,SAC,NYK,7.221519930742685e-06
2024-25,new,SAC,OKC,0.021287447414604314
2024-25,new,SAC,ORL,0.0014848899160593745
2024-25,new,SAC,PHI,0.00024262451241113055
2024-25,new,SAC,PHX,0.00605818968057504
2024-25,new,SAC,POR,0.008003840684177154
2024-25,new,SAC,SAS,0.00018353924479835962
2024-25,new,SAC,TOR,2.4690816817155298e-05
2024-25,new,SAC,UTA,0.012148303844753185
2024-25,new,SAC,WAS,0.007361183413440638
2024-25,new,SAS,ATL,0.03270198140993398
2024-25,new,SAS,BKN,0.01999769308692331
2024-25,new,SAS,BOS,0.0010657327559551802
2024-25,new,SAS,CHA,0.0014840186182309338
2024-25,new,SAS,CHI,0.0007700828577311582
2024-25,new,SAS,CLE,0.0
2024-25,new,SAS,DAL,0.008710844491100574
2024-25,new,SAS,DEN,0.007638733340415102
2024-25,new,SAS,DET,1.6567341498604696e-05
2024-25,new,SAS,GSW,0.019212348873712797
2024-25,new,SAS,HOU,0.0020129310514111513
2024-25,new,SAS,IND,0.0064073642776669455
2024-25,new,SAS,LAC,0.0019008620757537354
2024-25,new,SAS,LAL,0.0
2024-25,new,SAS,MEM,0.02651378261950249
2024-25,new,SAS,MIA,0.011659333828030099
2024-25,new,SAS,MIL,0.0
2024-25,new,SAS,MIN,0.0009733766292828449
2024-25,new,SAS,NOP,5.109912553347462e-05
2024-25,new,SAS,NYK,0.0016626426107318232
2024-25,new,SAS,OKC,0.10412931905405177
2024-25,new,SAS,ORL,0.019872514003724487
2024-25,new,SAS,PHI,0.0005030584950534453
2024-25,new,SAS,PHX,0.0025862068952671414
2024-25,new,SAS,POR,0.0014825737047325497
2024-25,new,SAS,SAC,0.006709514438829668
2024-25,new,SAS,TOR,5.8022140402178166e-05
2024-25,new,SAS,UTA,0.02912212683261701
2024-25,new,SAS,WAS,0.006917134380546917
2024-25,new,TOR,ATL,0.004856146736826395
2024-25,new,TOR,BKN,0.007958744246829613
2024-25,new,TOR,BOS,0.0
2024-25,new,TOR,CHA,5.136900747902818e-05
2024-25,new,TOR,CHI,0.004703943218927106
2024-25,new,TOR,CLE,0.0
2024-25,new,TOR,DAL,0.0007530272773457415
2024-25,new,TOR,DEN,5.87488334117297e-07
2024-25,new,TOR,DET,2.9163251032169388e-05
2024-25,new,TOR,GSW,0.00326013311183187
2024-25,new,TOR,HOU,0.008502694017149441
2024-25,new,TOR,IND,0.0007187500038858625
2024-25,new,TOR,LAC,7.543103675085024e-05
2024-25,new,TOR,LAL,0.0
2024-25,new,TOR,MEM,8.010981895500595e-07
2024-25,new,TOR,MIA,0.003298310453092998
2024-25,new,TOR,MIL,0.0
2024-25,new,TOR,MIN,0.011266210083927896
2024-25,new,TOR,NOP,0.0016512318194938647
2024-25,new,TOR,NYK,8.64423716840949e-05
2024-25,new,TOR,OKC,0.010103213171305627
2024-25,new,TOR,ORL,0.0008710719735472342
2024-25,new,TOR,PHI,0.004280720861515139
2024-25,new,TOR,PHX,0.0
2024-25,new,TOR,POR,0.0006515271635219161
2024-25,new,TOR,SAC,0.008165782562163914
2024-25,new,TOR,SAS,0.00024958344044613307
2024-25,new,TOR,UTA,0.0009051597874052649
2024-25,new,TOR,WAS,0.0013295489405989467
2024-25,new,UTA,ATL,0.012676427168259523
2024-25,new,UTA,BKN,0.02835588028168204
2024-25,new,UTA,BOS,0.0008512931015214015
2024-25,new,UTA,CHA,0.0004283087324706333
2024-25,new,UTA,CHI,0.003834267858486673
2024-25,new,UTA,CLE,0.0
2024-25,new,UTA,DAL,0.0012825647722838089
2024-25,new,UTA,DEN,0.016747940245748338
2024-25,new,UTA,DET,8.539236150681972e-06
2024-25,new,UTA,GSW,0.04869466744582299
2024-25,new,UTA,HOU,0.0002279094856529465
2024-25,new,UTA,IND,0.013752095314246558
2024-25,new,UTA,LAC,0.006752155234049687
2024-25,new,UTA,LAL,0.0
2024-25,new,UTA,MEM,0.025638304608241003
2024-25,new,UTA,MIA,0.02757645097354313
2024-25,new,UTA,MIL,0.0
2024-25,new,UTA,MIN,0.018852802146535265
2024-25,new,UTA,NOP,0.005927410864266738
2024-25,new,UTA,NYK,0.009135534023151133
2024-25,new,UTA,OKC,0.053082039356413424
2024-25,new,UTA,ORL,0.045928477078865444
2024-25,new,UTA,PHI,0.002180284956488957
2024-25,new,UTA,PHX,0.0026659482637227607
2024-25,new,UTA,POR,0.0001346162986435081
2024-25,new,UTA,SAC,0.0020665127910814442
2024-25,new,UTA,SAS,0.00036546200129789933
2024-25,new,UTA,TOR,4.326184363967817e-05
2024-25,new,UTA,WAS,0.015142599220102922
2024-25,new,WAS,ATL,0.01652839100331632
2024-25,new,WAS,BKN,0.027581386787127647
2024-25,new,WAS,BOS,4.74137938902553e-05
2024-25,new,WAS,CHA,0.0007319499124917209
2024-25,new,WAS,CHI,0.004324150034341198
2024-25,new,WAS,CLE,0.0
2024-25,new,WAS,DAL,0.0004818256872713051
2024-25,new,WAS,DEN,6.223119141816173e-07
2024-25,new,WAS,DET,0.010375732128711113
2024-25,new,WAS,GSW,0.0005420494771432013
2024-25,new,WAS,HOU,0.00039278017977204433
2024-25,new,WAS,IND,0.005143101995880057
2024-25,new,WAS,LAC,0.00022979526395170848
2024-25,new,WAS,LAL,0.0
2024-25,new,WAS,MEM,0.00015856887755431965
2024-25,new,WAS,MIA,0.04147835949645785
2024-25,new,WAS,MIL,0.0
2024-25,new,WAS,MIN,0.021360741924747403
2024-25,new,WAS,NOP,0.004674116750791157
2024-25,new,WAS,NYK,0.01717369938862264
2024-25,new,WAS,OKC,0.07466779100248863
2024-25,new,WAS,ORL,0.04490487719712844
2024-25,new,WAS,PHI,0.001150741609216064
2024-25,new,WAS,PHX,0.0
2024-25,new,WAS,POR,0.0004911728268449698
2024-25,new,WAS,SAC,0.0020014229540183566
2024-25,new,WAS,SAS,0.029573876954276282
2024-25,new,WAS,TOR,0.0003848744239084068
2024-25,new,WAS,UTA,0.020442498061418804
2024-25,old,ATL,BKN,0.013341295039753032
2024-25,old,ATL,BOS,3.556034535747666e-05
2024-25,old,ATL,CHA,2.5005295237025364e-05
2024-25,old,ATL,CHI,0.016883851237055155
2024-25,old,ATL,CLE,0.0
2024-25,old,ATL,DAL,0.010391612291501028
2024-25,old,ATL,DEN,8.57283294819691e-09
2024-25,old,ATL,DET,0.0018371547068039924
2024-25,old,ATL,GSW,0.00023646833249432416
2024-25,old,ATL,HOU,0.006359375220249761
2024-25,old,ATL,IND,0.0044708637519561495
2024-25,old,ATL,LAC,0.00035641164336241147
2024-25,old,ATL,LAL,0.0
2024-25,old,ATL,MEM,1.1282118907230843e-06
2024-25,old,ATL,MIA,0.03514109175655265
2024-25,old,ATL,MIL,0.0
2024-25,old,ATL,MIN,0.006110030208460235
2024-25,old,ATL,NOP,0.0002545208656531219
2024-25,old,ATL,NYK,0.0
2024-25,old,ATL,OKC,0.08519151560476514
2024-25,old,ATL,ORL,0.013564938512830048
2024-25,old,ATL,PHI,0.0010699184964721535
2024-25,old,ATL,PHX,0.0
2024-25,old,ATL,POR,0.010109964051014405
2024-25,old,ATL,SAC,0.048542812592763135
2024-25,old,ATL,SAS,0.14067914361939574
2024-25,old,ATL,TOR,0.0032885689331586337
2024-25,old,ATL,UTA,0.0037513413090215523
2024-25,old,ATL,WAS,0.020771751101164877
2024-25,old,BKN,ATL,0.03357051368621902
2024-25,old,BKN,BOS,1.72413795672614e-05
2024-25,old,BKN,CHA,0.0003186171748183951
2024-25,old,BKN,CHI,0.0018098084829330733
2024-25,old,BKN,CLE,0.0
2024-25,old,BKN,DAL,1.531316120425386e-06
2024-25,old,BKN,DEN,1.6348398224814553e-07
2024-25,old,BKN,DET,2.84708767126606e-07
2024-25,old,BKN,GSW,2.2635968743285538e-07
2024-25,old,BKN,HOU,0.0039517779208936505
2024-25,old,BKN,IND,0.005348064917961078
2024-25,old,BKN,LAC,0.004362069007474932
2024-25,old,BKN,LAL,0.0
2024-25,old,BKN,MEM,7.02277264118827e-05
2024-25,old,BKN,MIA,0.001560854526546662
2024-25,old,BKN,MIL,0.0
2024-25,old,BKN,MIN,9.534473787089204e-06
2024-25,old,BKN,NOP,0.0017555337010462626
2024-25,old,BKN,NYK,0.0
2024-25,old,BKN,OKC,0.07303299228668987
2024-25,old,BKN,ORL,0.009880078034308001
2024-25,old,BKN,PHI,0.07471312676999992
2024-25,old,BKN,PHX,0.00453448281719767
2024-25,old,BKN,POR,0.0005515508590731527
2024-25,old,BKN,SAC,0.0237260516404749
2024-25,old,BKN,SAS,0.0034447047188109537
2024-25,old,BKN,TOR,0.003530409258211102
2024-25,old,BKN,UTA,1.9680036001646198e-05
2024-25,old,BKN,WAS,4.3036382853515396e-05
2024-25,old,BOS,ATL,0.05238287585679086
2024-25,old,BOS,BKN,0.021149467322216755
2024-25,old,BOS,CHA,7.194317267684336e-05
2024-25,old,BOS,CHI,0.0166828089732656
2024-25,old,BOS,CLE,0.0
2024-25,old,BOS,DAL,0.009005171683390746
2024-25,old,BOS,DEN,8.5284655288319e-06
2024-25,old,BOS,DET,1.6173493339136115e-06
2024-25,old,BOS,GSW,0.000237306396396911
2024-25,old,BOS,HOU,0.04775538788146966
2024-25,old,BOS,IND,0.009621767452084424
2024-25,old,BOS,LAC,0.000248383619051812
2024-25,old,BOS,LAL,0.0
2024-25,old,BOS,MEM,0.00021045651677382803
2024-25,old,BOS,MIA,0.01720844267147406
2024-25,old,BOS,MIL,0.0
2024-25,old,BOS,MIN,0.002816118759796621
2024-25,old,BOS,NOP,0.0006161506515510292
2024-25,old,BOS,NYK,0.0
2024-25,old,BOS,OKC,0.03050357732247978
2024-25,old,BOS,ORL,0.010320079136794077
2024-25,old,BOS,PHI,0.024076907365203504
2024-25,old,BOS,PHX,0.0015894396598290265
2024-25,old,BOS,POR,0.011015942041615082
2024-25,old,BOS,SAC,0.05315750882542203
2024-25,old,BOS,SAS,0.007116746769419627
2024-25,old,BOS,TOR,0.0011500457682321085
2024-25,old,BOS,UTA,0.009827802173005024
2024-25,old,BOS,WAS,0.025586136213298923
2024-25,old,CHA,ATL,0.17047976047461463
2024-25,old,CHA,BKN,0.01643843895770191
2024-25,old,CHA,BOS,3.2327586688615133e-05
2024-25,old,CHA,CHI,0.0063565078186438445
2024-25,old,CHA,CLE,0.0
2024-25,old,CHA,DAL,0.013080255845877718
2024-25,old,CHA,DEN,0.0004903770590457956
2024-25,old,CHA,DET,0.0002213349781665372
2024-25,old,CHA,GSW,0.0013081987569358337
2024-25,old,CHA,HOU,0.010888739239649269
2024-25,old,CHA,IND,0.01118898216075278
2024-25,old,CHA,LAC,0.006216056027273038
2024-25,old,CHA,LAL,0.0
2024-25,old,CHA,MEM,0.001287710719057097
2024-25,old,CHA,MIA,0.05213432026633294
2024-25,old,CHA,MIL,0.0
2024-25,old,CHA,MIN,0.005794299976336009
2024-25,old,CHA,NOP,0.006645947177135334
2024-25,old,CHA,NYK,0.0
2024-25,old,CHA,OKC,0.04144198754716786
2024-25,old,CHA,ORL,0.02004319789391988
2024-25,old,CHA,PHI,0.0009624533616510066
2024-25,old,CHA,PHX,0.00526831901166588
2024-25,old,CHA,POR,0.01466342094234564
2024-25,old,CHA,SAC,0.007021010866314089
2024-25,old,CHA,SAS,0.009833127196083931
2024-25,old,CHA,TOR,0.001453556063307422
2024-25,old,CHA,UTA,0.01908058756004881
2024-25,old,CHA,WAS,0.026248349064555622
2024-25,old,CHI,ATL,0.12027507520888536
2024-25,old,CHI,BKN,0.02653782117531714
2024-25,old,CHI,BOS,0.0004127155168078326
2024-25,old,CHI,CHA,7.828121250347431e-06
2024-25,old,CHI,CLE,0.0
2024-25,old,CHI,DAL,0.02329250662629032
2024-25,old,CHI,DEN,7.154433493440082e-06
2024-25,old,CHI,DET,7.451830824097567e-05
2024-25,old,CHI,GSW,0.0001392517582587914
2024-25,old,CHI,HOU,0.04669746768723066
2024-25,old,CHI,IND,0.008244611945458086
2024-25,old,CHI,LAC,0.008345366507961317
2024-25,old,CHI,LAL,0.0
2024-25,old,CHI,MEM,0.0021744338577292196
2024-25,old,CHI,MIA,0.1173564798892577
2024-25,old,CHI,MIL,0.0
2024-25,old,CHI,MIN,0.0011073741048520816
2024-25,old,CHI,NOP,1.314772546398622e-05
2024-25,old,CHI,NYK,0.0
2024-25,old,CHI,OKC,0.07629997509924237
2024-25,old,CHI,ORL,0.05057997262137593
2024-25,old,CHI,PHI,0.000761469868067938
2024-25,old,CHI,PHX,0.0016594827571755335
2024-25,old,CHI,POR,0.015271550304133751
2024-25,old,CHI,SAC,0.10319769311226779
2024-25,old,CHI,SAS,0.028846881052373277
2024-25,old,CHI,TOR,0.004337999280771348
2024-25,old,CHI,UTA,0.009640899566319604
2024-25,old,CHI,WAS,0.0100571097683819
2024-25,old,CLE,ATL,0.030306925764139007
2024-25,old,CLE,BKN,0.009954655166118542
2024-25,old,CLE,BOS,0.002686422385259306
2024-25,old,CLE,CHA,0.0004670123107707961
2024-25,old,CLE,CHI,0.0034563413501247017
2024-25,old,CLE,DAL,0.009024274301856443
2024-25,old,CLE,DEN,5.251467090550738e-08
2024-25,old,CLE,DET,0.00012493921418037452
2024-25,old,CLE,GSW,5.147753056133674e-05
2024-25,old,CLE,HOU,0.007276670231026244
2024-25,old,CLE,IND,0.002314659621214313
2024-25,old,CLE,LAC,0.022682112057629076
2024-25,old,CLE,LAL,0.0
2024-25,old,CLE,MEM,0.00012414366343735898
2024-25,old,CLE,MIA,0.04962231439680056
2024-25,old,CLE,MIL,0.0
2024-25,old,CLE,MIN,0.000636056557677256
2024-25,old,CLE,NOP,0.0009031754325337509
2024-25,old,CLE,NYK,0.0
2024-25,old,CLE,OKC,0.06050583714637185
2024-25,old,CLE,ORL,0.03393300490546981
2024-25,old,CLE,PHI,0.020861293943791485
2024-25,old,CLE,PHX,0.02703017254520593
2024-25,old,CLE,POR,0.010579550257761326
2024-25,old,CLE,SAC,0.011456060267824647
2024-25,old,CLE,SAS,0.016432605846363336
2024-25,old,CLE,TOR,0.003604589534290055
2024-25,old,CLE,UTA,0.017656269409570952
2024-25,old,CLE,WAS,0.020094462330508364
2024-25,old,DAL,ATL,0.13314151689478235
2024-25,old,DAL,BKN,0.03627505340753642
2024-25,old,DAL,BOS,1.0775862229538375e-06
2024-25,old,DAL,CHA,4.4698409721710565e-06
2024-25,old,DAL,CHI,0.024137873972901
2024-25,old,DAL,CLE,0.0
2024-25,old,DAL,DEN,0.0001247780723126802
2024-25,old,DAL,DET,0.0011773725895814484
2024-25,old,DAL,GSW,0.0015861062924964174
2024-25,old,DAL,HOU,0.020609374727214812
2024-25,old,DAL,IND,0.013011683783602112
2024-25,old,DAL,LAC,0.001003771554799108
2024-25,old,DAL,LAL,0.0
2024-25,old,DAL,MEM,0.012769849391641226
2024-25,old,DAL,MIA,0.06334893039261796
2024-25,old,DAL,MIL,0.0
2024-25,old,DAL,MIN,0.01000565106302246
2024-25,old,DAL,NOP,0.0017675916817405074
2024-25,old,DAL,NYK,0.0
2024-25,old,DAL,OKC,0.09605120060716822
2024-25,old,DAL,ORL,0.00810033829845145
2024-25,old,DAL,PHI,0.02676126379037874
2024-25,old,DAL,PHX,0.0
2024-25,old,DAL,POR,0.010537864070172825
2024-25,old,DAL,SAC,0.1597779241761338
2024-25,old,DAL,SAS,0.017321242498332678
2024-25,old,DAL,TOR,0.00023614901563404623
2024-25,old,DAL,UTA,0.020872207839673602
2024-25,old,DAL,WAS,0.039983468117087695
2024-25,old,DEN,ATL,0.056224212381349004
2024-25,old,DEN,BKN,0.07794105293476125
2024-25,old,DEN,BOS,0.0007607758791057459
2024-25,old,DEN,CHA,0.0009640159651941065
2024-25,old,DEN,CHI,0.0015920774996521648
2024-25,old,DEN,CLE,0.0
2024-25,old,DEN,DAL,0.0038140681227176792
2024-25,old,DEN,DET,0.0001808009965459237
2024-25,old,DEN,GSW,4.8682303316002156e-05
2024-25,old,DEN,HOU,0.019169988817744087
2024-25,old,DEN,IND,0.024632543528003616
2024-25,old,DEN,LAC,0.0030856681633379375
2024-25,old,DEN,LAL,0.0
2024-25,old,DEN,MEM,0.007278827978622637
2024-25,old,DEN,MIA,0.08139277685225782
2024-25,old,DEN,MIL,0.0
2024-25,old,DEN,MIN,0.0046443783513596005
2024-25,old,DEN,NOP,0.0010809446302338039
2024-25,old,DEN,NYK,0.0
2024-25,old,DEN,OKC,0.03781827856615205
2024-25,old,DEN,ORL,0.2562729817540221
2024-25,old,DEN,PHI,0.0003777345101028478
2024-25,old,DEN,PHX,0.0
2024-25,old,DEN,POR,0.005584412002736742
2024-25,old,DEN,SAC,0.005141937301100097
2024-25,old,DEN,SAS,0.005720660340820226
2024-25,old,DEN,TOR,0.0006391982509211803
2024-25,old,DEN,UTA,0.02436008353836898
2024-25,old,DEN,WAS,0.013300115543096198
2024-25,old,DET,ATL,0.006133841900255723
2024-25,old,DET,BKN,0.050138504218404586
2024-25,old,DET,BOS,3.2327586849187996e-05
2024-25,old,DET,CHA,0.0032366051487353427
2024-25,old,DET,CHI,0.0075918261401266415
2024-25,old,DET,CLE,0.0
2024-25,old,DET,DAL,0.006437216186162123
2024-25,old,DET,DEN,6.715506746555059e-09
2024-25,old,DET,GSW,0.00022400368154045828
2024-25,old,DET,HOU,0.006305495859304412
2024-25,old,DET,IND,0.014691911175004074
2024-25,old,DET,LAC,0.004088362089362285
2024-25,old,DET,LAL,0.0
2024-25,old,DET,MEM,1.1292444404618726e-06
2024-25,old,DET,MIA,0.02804059339580777
2024-25,old,DET,MIL,0.0
2024-25,old,DET,MIN,0.09982264950335927
2024-25,old,DET,NOP,0.0014684877075687298
2024-25,old,DET,NYK,0.0
2024-25,old,DET,OKC,0.04778471457198748
2024-25,old,DET,ORL,0.008526189242118159
2024-25,old,DET,PHI,0.0035027058493540394
2024-25,old,DET,PHX,0.0037187500195256596
2024-25,old,DET,POR,0.0061782210860229295
2024-25,old,DET,SAC,0.00752303231350625
2024-25,old,DET,SAS,0.036582967285008365
2024-25,old,DET,TOR,0.0009551210354940478
2024-25,old,DET,UTA,0.008789313831101384
2024-25,old,DET,WAS,0.017740624848930166
2024-25,old,GSW,ATL,0.03491932128696208
2024-25,old,GSW,BKN,0.0390502927657011
2024-25,old,GSW,BOS,0.0001239224154791185
2024-25,old,GSW,CHA,2.3952442546613834e-06
2024-25,old,GSW,CHI,0.004255347564883076
2024-25,old,GSW,CLE,0.0
2024-25,old,GSW,DAL,0.013894629358557247
2024-25,old,GSW,DEN,0.0017463116303564888
2024-25,old,GSW,DET,0.001383710781175125
2024-25,old,GSW,HOU,0.03048356668800838
2024-25,old,GSW,IND,0.025301784617552288
2024-25,old,GSW,LAC,0.0018238146772712534
2024-25,old,GSW,LAL,0.0
2024-25,old,GSW,MEM,0.014859544465676555
2024-25,old,GSW,MIA,0.3687329682348046
2024-25,old,GSW,MIL,0.0
2024-25,old,GSW,MIN,0.008639422506506005
2024-25,old,GSW,NOP,0.0005099432266683484
2024-25,old,GSW,NYK,0.0
2024-25,old,GSW,OKC,0.12657175250366937
2024-25,old,GSW,ORL,0.08130419186550272
2024-25,old,GSW,PHI,0.0001337872847231933
2024-25,old,GSW,PHX,0.0
2024-25,old,GSW,POR,0.014348153546853634
2024-25,old,GSW,SAC,0.015234970368170652
2024-25,old,GSW,SAS,0.008617374378869216
2024-25,old,GSW,TOR,6.91947480406311e-05
2024-25,old,GSW,UTA,0.029315299853675626
2024-25,old,GSW,WAS,0.013863875235271305
2024-25,old,HOU,ATL,0.07290794195278404
2024-25,old,HOU,BKN,0.09616522487464303
2024-25,old,HOU,BOS,0.00023168103769421588
2024-25,old,HOU,CHA,0.0005847588981730416
2024-25,old,HOU,CHI,0.006466621907123064
2024-25,old,HOU,CLE,0.0
2024-25,old,HOU,DAL,0.003596890185808002
2024-25,old,HOU,DEN,8.528089266329963e-06
2024-25,old,HOU,DET,0.0002515322560857324
2024-25,old,HOU,GSW,0.00023561984769418406
2024-25,old,HOU,IND,0.035252155265529994
2024-25,old,HOU,LAC,0.023663254764838278
2024-25,old,HOU,LAL,0.0
2024-25,old,HOU,MEM,0.009206519475810332
2024-25,old,HOU,MIA,0.05030806500279654
2024-25,old,HOU,MIL,0.0
2024-25,old,HOU,MIN,0.0029021903265137525
2024-25,old,HOU,NOP,3.1818701311077156e-05
2024-25,old,HOU,NYK,0.0
2024-25,old,HOU,OKC,0.059600820064001026
2024-25,old,HOU,ORL,0.1367917357059484
2024-25,old,HOU,PHI,0.0002879996918891807
2024-25,old,HOU,PHX,0.004734913796218561
2024-25,old,HOU,POR,0.005706937477971695
2024-25,old,HOU,SAC,0.006440100909187667
2024-25,old,HOU,SAS,0.00719200869284966
2024-25,old,HOU,TOR,0.003015202229837756
2024-25,old,HOU,UTA,0.03659289022310681
2024-25,old,HOU,WAS,0.02349816074690716
2024-25,old,IND,ATL,0.11185137723326145
2024-25,old,IND,BKN,0.10782593541584796
2024-25,old,IND,BOS,8.620689783630702e-06
2024-25,old,IND,CHA,0.00270895559444124
2024-25,old,IND,CHI,0.0016244114785966429
2024-25,old,IND,CLE,0.0
2024-25,old,IND,DAL,0.011291796910710123
2024-25,old,IND,DEN,4.975870963448658e-06
2024-25,old,IND,DET,0.0008777228389081161
2024-25,old,IND,GSW,0.0008174458069356092
2024-25,old,IND,HOU,0.011361799615110147
2024-25,old,IND,LAC,0.00024380388733898772
2024-25,old,IND,LAL,0.0
2024-25,old,IND,MEM,0.000558932655827867
2024-25,old,IND,MIA,0.04633626451511347
2024-25,old,IND,MIL,0.0
2024-25,old,IND,MIN,0.012095659796396095
2024-25,old,IND,NOP,0.0003744162580461598
2024-25,old,IND,NYK,0.0
2024-25,old,IND,OKC,0.08356012759966512
2024-25,old,IND,ORL,0.03755451488457384
2024-25,old,IND,PHI,3.644486012366744e-05
2024-25,old,IND,PHX,0.0
2024-25,old,IND,POR,0.0044610680154694255
2024-25,old,IND,SAC,0.01116432960793492
2024-25,old,IND,SAS,0.0045853740952963165
2024-25,old,IND,TOR,2.4382436426365012e-05
2024-25,old,IND,UTA,0.047941979888329773
2024-25,old,IND,WAS,0.018208089637219524
2024-25,old,LAC,ATL,0.06231698912022593
2024-25,old,LAC,BKN,0.053498252485944364
2024-25,old,LAC,BOS,0.00022306034662600215
2024-25,old,LAC,CHA,0.0010786868241470082
2024-25,old,LAC,CHI,0.013739671106339085
2024-25,old,LAC,CLE,0.0
2024-25,old,LAC,DAL,0.01446692904759226
2024-25,old,LAC,DEN,0.0019075914622054121
2024-25,old,LAC,DET,0.0007219989146586759
2024-25,old,LAC,GSW,0.002489728160209878
2024-25,old,LAC,HOU,0.006739493533627707
2024-25,old,LAC,IND,0.03393252495215969
2024-25,old,LAC,LAL,0.0
2024-25,old,LAC,MEM,0.04897386348525986
2024-25,old,LAC,MIA,0.13678192469685838
2024-25,old,LAC,MIL,0.0
2024-25,old,LAC,MIN,0.015626339070325807
2024-25,old,LAC,NOP,1.5862613319916106e-05
2024-25,old,LAC,NYK,0.0
2024-25,old,LAC,OKC,0.3074698220960248
2024-25,old,LAC,ORL,0.029182761359591382
2024-25,old,LAC,PHI,0.0010085569648283284
2024-25,old,LAC,PHX,0.002868534490979951
2024-25,old,LAC,POR,0.0026514726052136606
2024-25,old,LAC,SAC,0.043974032722203106
2024-25,old,LAC,SAS,0.009357803891051767
2024-25,old,LAC,TOR,0.0009021279378290898
2024-25,old,LAC,UTA,0.041337246633236825
2024-25,old,LAC,WAS,0.01514743229608466
2024-25,old,LAL,ATL,0.29736693502575307
2024-25,old,LAL,BKN,0.056813142437660495
2024-25,old,LAL,BOS,8.189655270363238e-05
2024-25,old,LAL,CHA,0.0005275150293517397
2024-25,old,LAL,CHI,5.030865942961274e-05
2024-25,old,LAL,CLE,0.0
2024-25,old,LAL,DAL,0.006938358528405864
2024-25,old,LAL,DEN,0.0001216400025380113
2024-25,old,LAL,DET,7.42077259050926e-05
2024-25,old,LAL,GSW,0.0006641118650309581
2024-25,old,LAL,HOU,0.016606951097913627
2024-25,old,LAL,IND,0.04006142248680558
2024-25,old,LAL,LAC,0.0026427801952352108
2024-25,old,LAL,MEM,0.012013984010707295
2024-25,old,LAL,MIA,0.03205776772625861
2024-25,old,LAL,MIL,0.0
2024-25,old,LAL,MIN,0.0037257265907660263
2024-25,old,LAL,NOP,0.00110891481206818
2024-25,old,LAL,NYK,0.0
2024-25,old,LAL,OKC,0.06333796745537656
2024-25,old,LAL,ORL,0.058506361974074966
2024-25,old,LAL,PHI,0.023900766121193903
2024-25,old,LAL,PHX,0.001022629310087911
2024-25,old,LAL,POR,0.004134227609685375
2024-25,old,LAL,SAC,0.010418608149387677
2024-25,old,LAL,SAS,0.004660619664397032
2024-25,old,LAL,TOR,0.00010183888661564219
2024-25,old,LAL,UTA,0.06884270357603658
2024-25,old,LAL,WAS,0.021829257266239632
2024-25,old,MEM,ATL,0.09490145186475092
2024-25,old,MEM,BKN,0.0713374275582831
2024-25,old,MEM,BOS,0.00028987066475032235
2024-25,old,MEM,CHA,2.6548277379105554e-06
2024-25,old,MEM,CHI,0.024369179167207912
2024-25,old,MEM,CLE,0.0
2024-25,old,MEM,DAL,0.005867534747957404
2024-25,old,MEM,DEN,0.0005123852629211986
2024-25,old,MEM,DET,0.0007157037444627466
2024-25,old,MEM,GSW,0.0012116872665766756
2024-25,old,MEM,HOU,0.01286530191086811
2024-25,old,MEM,IND,0.03517417625851607
2024-25,old,MEM,LAC,0.008325161675276267
2024-25,old,MEM,LAL,0.0
2024-25,old,MEM,MIA,0.04190408711715709
2024-25,old,MEM,MIL,0.0
2024-25,old,MEM,MIN,0.008020394223368312
2024-25,old,MEM,NOP,0.0005520851551974652
2024-25,old,MEM,NYK,0.0
2024-25,old,MEM,OKC,0.07799010460389932
2024-25,old,MEM,ORL,0.035810762747461096
2024-25,old,MEM,PHI,0.0007850730800427656
2024-25,old,MEM,PHX,0.008315732778884985
2024-25,old,MEM,POR,0.006808063074019096
2024-25,old,MEM,SAC,0.08664041208055569
2024-25,old,MEM,SAS,0.03487218553782528
2024-25,old,MEM,TOR,0.001764174042042371
2024-25,old,MEM,UTA,0.04040984296965447
2024-25,old,MEM,WAS,0.1969049355981309
2024-25,old,MIA,ATL,0.02963012556580014
2024-25,old,MIA,BKN,0.046769855522836266
2024-25,old,MIA,BOS,2.1551724459076738e-06
2024-25,old,MIA,CHA,0.0016717330067798014
2024-25,old,MIA,CHI,0.03171223512349671
2024-25,old,MIA,CLE,0.0
2024-25,old,MIA,DAL,0.007323065882188765
2024-25,old,MIA,DEN,4.288593124421937e-06
2024-25,old,MIA,DET,0.008619374230983764
2024-25,old,MIA,GSW,0.0006034979928760753
2024-25,old,MIA,HOU,0.02585210189375835
2024-25,old,MIA,IND,0.010818704783167757
2024-25,old,MIA,LAC,0.0015280172585284914
2024-25,old,MIA,LAL,0.0
2024-25,old,MIA,MEM,0.0042910664524389176
2024-25,old,MIA,MIL,0.0
2024-25,old,MIA,MIN,0.01863151668778285
2024-25,old,MIA,NOP,0.0031611067292467774
2024-25,old,MIA,NYK,0.0
2024-25,old,MIA,OKC,0.16058246520395203
2024-25,old,MIA,ORL,0.032826633456088224
2024-25,old,MIA,PHI,0.000884089645540354
2024-25,old,MIA,PHX,0.0
2024-25,old,MIA,POR,0.02263067910855145
2024-25,old,MIA,SAC,0.028328672117592428
2024-25,old,MIA,SAS,0.04961832940396342
2024-25,old,MIA,TOR,0.003451222632951399
2024-25,old,MIA,UTA,0.05003537373745845
2024-25,old,MIA,WAS,0.026089917859293373
2024-25,old,MIL,ATL,0.015304845636192232
2024-25,old,MIL,BKN,0.1569171506896129
2024-25,old,MIL,BOS,0.000570043116599193
2024-25,old,MIL,CHA,1.2798187952416625e-07
2024-25,old,MIL,CHI,0.00019591059147976603
2024-25,old,MIL,CLE,0.0
2024-25,old,MIL,DAL,0.004309540442125882
2024-25,old,MIL,DEN,0.00010305982276084905
2024-25,old,MIL,DET,0.005420901591249629
2024-25,old,MIL,GSW,0.0003971637610972955
2024-25,old,MIL,HOU,0.0007532328084223616
2024-25,old,MIL,IND,0.011401626526285315
2024-25,old,MIL,LAC,0.0003865840531291503
2024-25,old,MIL,LAL,0.0
2024-25,old,MIL,MEM,0.010048256191722523
2024-25,old,MIL,MIA,0.024376621818568207
2024-25,old,MIL,MIN,0.008851919393356819
2024-25,old,MIL,NOP,0.0017368811322523866
2024-25,old,MIL,NYK,0.0
2024-25,old,MIL,OKC,0.02418849759824688
2024-25,old,MIL,ORL,0.03091946075487232
2024-25,old,MIL,PHI,0.00019262028252837153
2024-25,old,MIL,PHX,0.0
2024-25,old,MIL,POR,0.00040591079481236414
2024-25,old,MIL,SAC,0.006105479384544603
2024-25,old,MIL,SAS,0.0053727211188316585
2024-25,old,MIL,TOR,6.379875339150496e-05
2024-25,old,MIL,UTA,0.07264640133185901
2024-25,old,MIL,WAS,0.019914807177276436
2024-25,old,MIN,ATL,0.046375795864509274
2024-25,old,MIN,BKN,0.05102807059318017
2024-25,old,MIN,BOS,0.0005474137954799266
2024-25,old,MIN,CHA,0.0014443363837049151
2024-25,old,MIN,CHI,0.0002953720704369062
2024-25,old,MIN,CLE,0.0
2024-25,old,MIN,DAL,0.009554337235404935
2024-25,old,MIN,DEN,0.0008955544971174245
2024-25,old,MIN,DET,0.0021379014300444855
2024-25,old,MIN,GSW,0.002853511621842383
2024-25,old,MIN,HOU,0.0006317349272210089
2024-25,old,MIN,IND,0.03283416993966215
2024-25,old,MIN,LAC,0.006771551751258687
2024-25,old,MIN,LAL,0.0
2024-25,old,MIN,MEM,0.031952956832397086
2024-25,old,MIN,MIA,0.05193768236503636
2024-25,old,MIN,MIL,0.0
2024-25,old,MIN,NOP,1.2263947591099875e-05
2024-25,old,MIN,NYK,0.0
2024-25,old,MIN,OKC,0.0344018599881445
2024-25,old,MIN,ORL,0.032459499337421246
2024-25,old,MIN,PHI,0.000735005583897558
2024-25,old,MIN,PHX,0.004581896546939067
2024-25,old,MIN,POR,0.0006014105242948563
2024-25,old,MIN,SAC,0.003096047638639746
2024-25,old,MIN,SAS,0.004325801587065443
2024-25,old,MIN,TOR,8.531199283823766e-06
2024-25,old,MIN,UTA,0.2083277627988155
2024-25,old,MIN,WAS,0.01087116336855216
2024-25,old,NOP,ATL,0.08063317278985535
2024-25,old,NOP,BKN,0.01790517980036365
2024-25,old,NOP,BOS,0.0
2024-25,old,NOP,CHA,0.008316331256190137
2024-25,old,NOP,CHI,0.005189658668423105
2024-25,old,NOP,CLE,0.0
2024-25,old,NOP,DAL,0.0034102274728972904
2024-25,old,NOP,DEN,8.830094035235556e-05
2024-25,old,NOP,DET,7.687544895279294e-05
2024-25,old,NOP,GSW,0.001157499758348671
2024-25,old,NOP,HOU,0.021221444087448242
2024-25,old,NOP,IND,0.018182427169227657
2024-25,old,NOP,LAC,0.0007238685454699565
2024-25,old,NOP,LAL,0.0
2024-25,old,NOP,MEM,0.012593022617206531
2024-25,old,NOP,MIA,0.024569796713685206
2024-25,old,NOP,MIL,0.0
2024-25,old,NOP,MIN,0.014910545264634624
2024-25,old,NOP,NYK,0.0
2024-25,old,NOP,OKC,0.07361634390971467
2024-25,old,NOP,ORL,0.011607775014972895
2024-25,old,NOP,PHI,0.036316191968935055
2024-25,old,NOP,PHX,0.0
2024-25,old,NOP,POR,0.013117504837094302
2024-25,old,NOP,SAC,0.019256221697000774
2024-25,old,NOP,SAS,0.008121213212002827
2024-25,old,NOP,TOR,0.004707160369475459
2024-25,old,NOP,UTA,0.05418893348843639
2024-25,old,NOP,WAS,0.004143207741223689
2024-25,old,NYK,ATL,0.028288997649381576
2024-25,old,NYK,BKN,0.05944969267955602
2024-25,old,NYK,BOS,0.0003415948309903514
2024-25,old,NYK,CHA,1.3459495529118764e-06
2024-25,old,NYK,CHI,0.00330810837483697
2024-25,old,NYK,CLE,0.0
2024-25,old,NYK,DAL,0.005596338554310026
2024-25,old,NYK,DEN,7.816464356318284e-06
2024-25,old,NYK,DET,0.00018897409252769382
2024-25,old,NYK,GSW,0.0005301229720817151
2024-25,old,NYK,HOU,0.0024019397418054847
2024-25,old,NYK,IND,0.012352469075212594
2024-25,old,NYK,LAC,0.001191271567669023
2024-25,old,NYK,LAL,0.0
2024-25,old,NYK,MEM,0.00572996804735056
2024-25,old,NYK,MIA,0.04036373455120209
2024-25,old,NYK,MIL,0.0
2024-25,old,NYK,MIN,0.0037722566537912103
2024-25,old,NYK,NOP,2.42951975650078e-06
2024-25,old,NYK,OKC,0.0408499803593063
2024-25,old,NYK,ORL,0.025541392256740465
2024-25,old,NYK,PHI,0.003358588086444355
2024-25,old,NYK,PHX,0.0006293103471398352
2024-25,old,NYK,POR,0.0041704711235366464
2024-25,old,NYK,SAC,0.0025385816756910186
2024-25,old,NYK,SAS,0.0008299170977011715
2024-25,old,NYK,TOR,0.0027792422901212134
2024-25,old,NYK,UTA,0.009652949218501038
2024-25,old,NYK,WAS,0.009329761726811355
2024-25,old,OKC,ATL,0.07470116871023535
2024-25,old,OKC,BKN,0.05100816288901574
2024-25,old,OKC,BOS,0.0009375000081089295
2024-25,old,OKC,CHA,2.6832109149465407e-06
2024-25,old,OKC,CHI,0.005223458791849937
2024-25,old,OKC,CLE,0.0
2024-25,old,OKC,DAL,0.009928972212055217
2024-25,old,OKC,DEN,3.837465612830388e-05
2024-25,old,OKC,DET,0.000346844010291687
2024-25,old,OKC,GSW,0.0010628740983805315
2024-25,old,OKC,HOU,0.011118265105459588
2024-25,old,OKC,IND,0.02949757106461745
2024-25,old,OKC,LAC,0.02554660574577203
2024-25,old,OKC,LAL,0.0
2024-25,old,OKC,MEM,0.00810765347607119
2024-25,old,OKC,MIA,0.04423170597365077
2024-25,old,OKC,MIL,0.0
2024-25,old,OKC,MIN,0.020784356533284993
2024-25,old,OKC,NOP,5.426892398875202e-05
2024-25,old,OKC,NYK,0.0
2024-25,old,OKC,ORL,0.03234498473592584
2024-25,old,OKC,PHI,0.0001458522988938801
2024-25,old,OKC,PHX,0.03162176726193264
2024-25,old,OKC,POR,0.0031350807117812183
2024-25,old,OKC,SAC,0.02403299385944197
2024-25,old,OKC,SAS,0.010665330261777734
2024-25,old,OKC,TOR,0.0037691233364711947
2024-25,old,OKC,UTA,0.05634563158032595
2024-25,old,OKC,WAS,0.03992556754105918
2024-25,old,ORL,ATL,0.06614113091089828
2024-25,old,ORL,BKN,0.020562405649005872
2024-25,old,ORL,BOS,2.1551724459076763e-06
2024-25,old,ORL,CHA,0.00019673079289343073
2024-25,old,ORL,CHI,0.04237678774499622
2024-25,old,ORL,CLE,0.0
2024-25,old,ORL,DAL,0.01686489865634635
2024-25,old,ORL,DEN,6.681346395402088e-06
2024-25,old,ORL,DET,0.007302047586399665
2024-25,old,ORL,GSW,0.0005747444882730307
2024-25,old,ORL,HOU,0.01271147622142774
2024-25,old,ORL,IND,0.009168917708084808
2024-25,old,ORL,LAC,0.007747306146534515
2024-25,old,ORL,LAL,0.0
2024-25,old,ORL,MEM,0.012261568723062177
2024-25,old,ORL,MIA,0.10736835597472577
2024-25,old,ORL,MIL,0.0
2024-25,old,ORL,MIN,0.010109247078545387
2024-25,old,ORL,NOP,0.00023126184486328311
2024-25,old,ORL,NYK,0.0
2024-25,old,ORL,OKC,0.08548926565323339
2024-25,old,ORL,PHI,0.0003342595423144102
2024-25,old,ORL,PHX,0.0
2024-25,old,ORL,POR,0.006700627292204528
2024-25,old,ORL,SAC,0.09492010018184113
2024-25,old,ORL,SAS,0.08636599622677686
2024-25,old,ORL,TOR,8.55536327342604e-05
2024-25,old,ORL,UTA,0.0176684417460091
2024-25,old,ORL,WAS,0.005856154201949186
2024-25,old,PHI,ATL,0.04590561758752262
2024-25,old,PHI,BKN,0.008933352681785921
2024-25,old,PHI,BOS,1.0775862229538374e-05
2024-25,old,PHI,CHA,2.4936557271538702e-05
2024-25,old,PHI,CHI,0.005715131870239447
2024-25,old,PHI,CLE,0.0
2024-25,old,PHI,DAL,0.009513955262781341
2024-25,old,PHI,DEN,1.7939172333055254e-09
2024-25,old,PHI,DET,0.001162237554731415
2024-25,old,PHI,GSW,0.0001778489998562944
2024-25,old,PHI,HOU,0.004924569075128291
2024-25,old,PHI,IND,4.3101293252365975e-06
2024-25,old,PHI,LAC,0.006439385766099239
2024-25,old,PHI,LAL,0.0
2024-25,old,PHI,MEM,1.0645684648689075e-08
2024-25,old,PHI,MIA,0.010398813388291486
2024-25,old,PHI,MIL,0.0
2024-25,old,PHI,MIN,0.0005497551441184552
2024-25,old,PHI,NOP,0.0005142676900739468
2024-25,old,PHI,NYK,0.0
2024-25,old,PHI,OKC,0.07001914159729547
2024-25,old,PHI,ORL,0.005809173193265076
2024-25,old,PHI,PHX,0.0065959051456944695
2024-25,old,PHI,POR,0.00063821762282923
2024-25,old,PHI,SAC,0.056267643424662714
2024-25,old,PHI,SAS,0.018565191813153515
2024-25,old,PHI,TOR,0.009243404989162506
2024-25,old,PHI,UTA,5.0876090275762464e-05
2024-25,old,PHI,WAS,7.844064828610346e-06
2024-25,old,PHX,ATL,0.2333465042520231
2024-25,old,PHX,BKN,0.013654970041253999
2024-25,old,PHX,BOS,0.00013577586505562065
2024-25,old,PHX,CHA,0.0009777238969944997
2024-25,old,PHX,CHI,0.021852169132011996
2024-25,old,PHX,CLE,0.0
2024-25,old,PHX,DAL,0.02655553576230716
2024-25,old,PHX,DEN,0.00036812134133216534
2024-25,old,PHX,DET,0.0005461787416998953
2024-25,old,PHX,GSW,0.0012054158585998872
2024-25,old,PHX,HOU,0.16439655088751323
2024-25,old,PHX,IND,0.00980822158207765
2024-25,old,PHX,LAC,0.00015032327866406535
2024-25,old,PHX,LAL,0.0
2024-25,old,PHX,MEM,0.00983903250391756
2024-25,old,PHX,MIA,0.0942996517425052
2024-25,old,PHX,MIL,0.0
2024-25,old,PHX,MIN,0.0004026302023073036
2024-25,old,PHX,NOP,0.00010619274086376747
2024-25,old,PHX,NYK,0.0
2024-25,old,PHX,OKC,0.03391647879301881
2024-25,old,PHX,ORL,0.04335201058387179
2024-25,old,PHX,PHI,0.014821396336176376
2024-25,old,PHX,POR,0.04544326351930125
2024-25,old,PHX,SAC,0.09005414447846533
2024-25,old,PHX,SAS,0.027304636074328148
2024-25,old,PHX,TOR,0.002032080236554826
2024-25,old,PHX,UTA,0.01314057232883287
2024-25,old,PHX,WAS,0.006198874161533585
2024-25,old,POR,ATL,0.17424131625505995
2024-25,old,POR,BKN,0.028674619363226732
2024-25,old,POR,BOS,0.00018426724388424697
2024-25,old,POR,CHA,1.7309340885080444e-05
2024-25,old,POR,CHI,0.03483690139369221
2024-25,old,POR,CLE,0.0
2024-25,old,POR,DAL,0.014165435655189606
2024-25,old,POR,DEN,5.101906840759368e-06
2024-25,old,POR,DET,0.0001026855235622863
2024-25,old,POR,GSW,0.00031527289931273915
2024-25,old,POR,HOU,0.039941811285680154
2024-25,old,POR,IND,0.008752155071579334
2024-25,old,POR,LAC,0.0050371767640724026
2024-25,old,POR,LAL,0.0
2024-25,old,POR,MEM,0.00036840750266947284
2024-25,old,POR,MIA,0.033502162612768914
2024-25,old,POR,MIL,0.0
2024-25,old,POR,MIN,0.0006579485581313873
2024-25,old,POR,NOP,0.0003475700277076521
2024-25,old,POR,NYK,0.0
2024-25,old,POR,OKC,0.06635538623683479
2024-25,old,POR,ORL,0.025173264948861327
2024-25,old,POR,PHI,0.0004866096726900949
2024-25,old,POR,PHX,0.005001077605893128
2024-25,old,POR,SAC,0.04071126053060453
2024-25,old,POR,SAS,0.016967519132643768
2024-25,old,POR,TOR,0.004354931508004011
2024-25,old,POR,UTA,0.006259667171210182
2024-25,old,POR,WAS,0.0244770343538959
2024-25,old,SAC,ATL,0.4776814559599223
2024-25,old,SAC,BKN,0.0051396894157147615
2024-25,old,SAC,BOS,6.68103462245701e-05
2024-25,old,SAC,CHA,4.542393108528473e-06
2024-25,old,SAC,CHI,0.02593079624741077
2024-25,old,SAC,CLE,0.0
2024-25,old,SAC,DAL,0.03865917297125572
2024-25,old,SAC,DEN,1.134577918514635e-05
2024-25,old,SAC,DET,0.0005303474163565813
2024-25,old,SAC,GSW,0.0006627976609753613
2024-25,old,SAC,HOU,0.028429418174180623
2024-25,old,SAC,IND,0.0012381083483827952
2024-25,old,SAC,LAC,0.00605818963850495
2024-25,old,SAC,LAL,0.0
2024-25,old,SAC,MEM,0.0038956994883054675
2024-25,old,SAC,MIA,0.02443251882365856
2024-25,old,SAC,MIL,0.0
2024-25,old,SAC,MIN,0.005629646019879979
2024-25,old,SAC,NOP,0.0010091007587469643
2024-25,old,SAC,NYK,0.0
2024-25,old,SAC,OKC,0.017449150686667338
2024-25,old,SAC,ORL,0.009678401640794435
2024-25,old,SAC,PHI,0.0020761332842125974
2024-25,old,SAC,PHX,0.00605818968057504
2024-25,old,SAC,POR,0.021505703531674643
2024-25,old,SAC,SAS,0.01632298588100283
2024-25,old,SAC,TOR,0.0018326841349447166
2024-25,old,SAC,UTA,0.01074312959976012
2024-25,old,SAC,WAS,0.009537171959491752
2024-25,old,SAS,ATL,0.013843933671339367
2024-25,old,SAS,BKN,0.025145574944713273
2024-25,old,SAS,BOS,0.0010657327559551802
2024-25,old,SAS,CHA,0.0024716885427794864
2024-25,old,SAS,CHI,0.01632635623798259
2024-25,old,SAS,CLE,0.0
2024-25,old,SAS,DAL,0.007878076754635597
2024-25,old,SAS,DEN,0.0004129120769887005
2024-25,old,SAS,DET,0.000375914172961778
2024-25,old,SAS,GSW,0.0010024689876626952
2024-25,old,SAS,HOU,0.017642780314621128
2024-25,old,SAS,IND,0.007356778452855364
2024-25,old,SAS,LAC,0.001689116381839368
2024-25,old,SAS,LAL,0.0
2024-25,old,SAS,MEM,0.014783870592944302
2024-25,old,SAS,MIA,0.024368018130774136
2024-25,old,SAS,MIL,0.0
2024-25,old,SAS,MIN,0.0017584056786748448
2024-25,old,SAS,NOP,3.45051669364318e-05
2024-25,old,SAS,NYK,0.0
2024-25,old,SAS,OKC,0.08365129873229121
2024-25,old,SAS,ORL,0.024502354536090024
2024-25,old,SAS,PHI,0.023324730718448757
2024-25,old,SAS,PHX,0.0025862068952671414
2024-25,old,SAS,POR,0.0249781030250318
2024-25,old,SAS,SAC,0.0071395431884297665
2024-25,old,SAS,TOR,0.011133293113462598
2024-25,old,SAS,UTA,0.014031142437110514
2024-25,old,SAS,WAS,0.0052486664381517275
2024-25,old,TOR,ATL,0.026117645049122798
2024-25,old,TOR,BKN,0.012050789350394293
2024-25,old,TOR,BOS,0.0
2024-25,old,TOR,CHA,0.0009614441226123969
2024-25,old,TOR,CHI,0.01045583077218921
2024-25,old,TOR,CLE,0.0
2024-25,old,TOR,DAL,0.0013175288255955664
2024-25,old,TOR,DEN,5.786107668355604e-09
2024-25,old,TOR,DET,0.0005343947666854326
2024-25,old,TOR,GSW,0.0009850991142890551
2024-25,old,TOR,HOU,0.02237742469417221
2024-25,old,TOR,IND,0.0007252487651160733
2024-25,old,TOR,LAC,5.387931142869439e-05
2024-25,old,TOR,LAL,0.0
2024-25,old,TOR,MEM,3.509587796078468e-05
2024-25,old,TOR,MIA,0.006126815248204215
2024-25,old,TOR,MIL,0.0
2024-25,old,TOR,MIN,0.01372301349333081
2024-25,old,TOR,NOP,0.0008670848322259998
2024-25,old,TOR,NYK,0.0
2024-25,old,TOR,OKC,0.036139559824304585
2024-25,old,TOR,ORL,0.0043287257594295005
2024-25,old,TOR,PHI,0.04114831069456137
2024-25,old,TOR,PHX,0.0
2024-25,old,TOR,POR,0.005957948895717274
2024-25,old,TOR,SAC,0.03010658032806542
2024-25,old,TOR,SAS,0.007145588143658585
2024-25,old,TOR,UTA,0.0006682013775088346
2024-25,old,TOR,WAS,0.0030201650567186033
2024-25,old,UTA,ATL,0.013993916912263888
2024-25,old,UTA,BKN,0.030816649710886136
2024-25,old,UTA,BOS,0.0008512931015214015
2024-25,old,UTA,CHA,0.003434600726201201
2024-25,old,UTA,CHI,0.005888641387046056
2024-25,old,UTA,CLE,0.0
2024-25,old,UTA,DAL,0.00268763398733336
2024-25,old,UTA,DEN,0.0007811251266790176
2024-25,old,UTA,DET,3.248675908433386e-09
2024-25,old,UTA,GSW,0.0010947403656586636
2024-25,old,UTA,HOU,0.0007222521631448559
2024-25,old,UTA,IND,0.01515343330051341
2024-25,old,UTA,LAC,0.006873653084882698
2024-25,old,UTA,LAL,0.0
2024-25,old,UTA,MEM,0.012819041785686658
2024-25,old,UTA,MIA,0.039059042162294624
2024-25,old,UTA,MIL,0.0
2024-25,old,UTA,MIN,0.023248928896995487
2024-25,old,UTA,NOP,0.0033797239596980227
2024-25,old,UTA,NYK,0.0
2024-25,old,UTA,OKC,0.03455348193352763
2024-25,old,UTA,ORL,0.0324334988166268
2024-25,old,UTA,PHI,0.014523898422867687
2024-25,old,UTA,PHX,0.0026659482637227607
2024-25,old,UTA,POR,0.0004979602042000662
2024-25,old,UTA,SAC,0.00048688948003294114
2024-25,old,UTA,SAS,0.0019357269201373155
2024-25,old,UTA,TOR,0.00010046262534208472
2024-25,old,UTA,WAS,0.014213885813908223
2024-25,old,WAS,ATL,0.03407788450090896
2024-25,old,WAS,BKN,0.027072048217588435
2024-25,old,WAS,BOS,4.74137938902553e-05
2024-25,old,WAS,CHA,0.007090993452901284
2024-25,old,WAS,CHI,0.010354337556544418
2024-25,old,WAS,CLE,0.0
2024-25,old,WAS,DAL,0.002447746643681198
2024-25,old,WAS,DEN,2.6627451204011924e-08
2024-25,old,WAS,DET,0.007855951329483774
2024-25,old,WAS,GSW,0.00036134910741073906
2024-25,old,WAS,HOU,0.01552128247270394
2024-25,old,WAS,IND,0.004908951726924897
2024-25,old,WAS,LAC,0.00020474138244151567
2024-25,old,WAS,LAL,0.0
2024-25,old,WAS,MEM,1.7623880010957006e-05
2024-25,old,WAS,MIA,0.03666270674708767
2024-25,old,WAS,MIL,0.0
2024-25,old,WAS,MIN,0.02654606672353155
2024-25,old,WAS,NOP,0.00209659766391627
2024-25,old,WAS,NYK,0.0
2024-25,old,WAS,OKC,0.07610264671746851
2024-25,old,WAS,ORL,0.03993154107902964
2024-25,old,WAS,PHI,0.0004426853153530442
2024-25,old,WAS,PHX,0.0
2024-25,old,WAS,POR,0.006702028185443107
2024-25,old,WAS,SAC,0.021471980932309724
2024-25,old,WAS,SAS,0.018734109344597558
2024-25,old,WAS,TOR,7.42533945696439e-05
2024-25,old,WAS,UTA,0.022711381253354423
2025-26,new,ATL,BKN,0.0
2025-26,new,ATL,BOS,9.886764172075221e-05
2025-26,new,ATL,CHA,0.04292226871183528
2025-26,new,ATL,CHI,0.0007868780478151138
2025-26,new,ATL,CLE,3.232758668861515e-06
2025-26,new,ATL,DAL,0.0
2025-26,new,ATL,DEN,0.013783405253760001
2025-26,new,ATL,DET,0.004413793051197868
2025-26,new,ATL,GSW,0.001034482757014961
2025-26,new,ATL,HOU,0.0
2025-26,new,ATL,IND,0.0
2025-26,new,ATL,LAC,0.0
2025-26,new,ATL,LAL,0.01876508614786997
2025-26,new,ATL,MEM,0.005374999957335793
2025-26,new,ATL,MIA,0.03138407222241793
2025-26,new,ATL,MIL,0.0023092673253669437
2025-26,new,ATL,MIN,0.004548760843403025
2025-26,new,ATL,NOP,0.0
2025-26,new,ATL,NYK,0.013849271335987805
2025-26,new,ATL,OKC,0.05984443619313353
2025-26,new,ATL,ORL,0.0
2025-26,new,ATL,PHI,0.024042684822093024
2025-26,new,ATL,PHX,0.0
2025-26,new,ATL,POR,0.0
2025-26,new,ATL,SAC,0.0
2025-26,new,ATL,SAS,0.23009240309370618
2025-26,new,ATL,TOR,0.04579671325223584
2025-26,new,ATL,UTA,0.00021659483657427269
2025-26,new,ATL,WAS,7.273707004938402e-06
2025-26,new,BKN,ATL,0.03040571124118288
2025-26,new,BKN,BOS,0.00826616385196946
2025-26,new,BKN,CHA,0.011197427645288657
2025-26,new,BKN,CHI,0.028605550749532516
2025-26,new,BKN,CLE,0.00622090518948269
2025-26,new,BKN,DAL,0.004146087512692309
2025-26,new,BKN,DEN,0.009553945815528056
2025-26,new,BKN,DET,0.007521282454053391
2025-26,new,BKN,GSW,0.0025453094142135696
2025-26,new,BKN,HOU,7.543103560676863e-06
2025-26,new,BKN,IND,0.0033270892098076293
2025-26,new,BKN,LAC,0.0069497300443241514
2025-26,new,BKN,LAL,0.0033697729027169963
2025-26,new,BKN,MEM,0.021128771442795527
2025-26,new,BKN,MIA,0.00894060529282589
2025-26,new,BKN,MIL,0.0016371230029396649
2025-26,new,BKN,MIN,0.0105398708035776
2025-26,new,BKN,NOP,0.0
2025-26,new,BKN,NYK,0.022109913645805952
2025-26,new,BKN,OKC,0.031484769770943104
2025-26,new,BKN,ORL,0.0
2025-26,new,BKN,PHI,0.020588985394860152
2025-26,new,BKN,PHX,0.0
2025-26,new,BKN,POR,3.75595582340793e-06
2025-26,new,BKN,SAC,0.011972324503506658
2025-26,new,BKN,SAS,0.010463362128297184
2025-26,new,BKN,TOR,0.005556381426238762
2025-26,new,BKN,UTA,0.022135776103321656
2025-26,new,BKN,WAS,0.0291681036396466
2025-26,new,BOS,ATL,0.008212284658441385
2025-26,new,BOS,BKN,0.0
2025-26,new,BOS,CHA,0.018929450339089566
2025-26,new,BOS,CHI,0.00585583010527569
2025-26,new,BOS,CLE,0.003278017254176968
2025-26,new,BOS,DAL,0.0008057852619922729
2025-26,new,BOS,DEN,0.0038445095637482532
2025-26,new,BOS,DET,0.004813308257003442
2025-26,new,BOS,GSW,9.831048693097819e-06
2025-26,new,BOS,HOU,0.0002292564694954339
2025-26,new,BOS,IND,0.000600244088303137
2025-26,new,BOS,LAC,0.0012525707433915468
2025-26,new,BOS,LAL,0.006541044841934025
2025-26,new,BOS,MEM,0.00773679970916168
2025-26,new,BOS,MIA,0.011486362748068255
2025-26,new,BOS,MIL,0.00011314655886963014
2025-26,new,BOS,MIN,0.004172144447762423
2025-26,new,BOS,NOP,0.0
2025-26,new,BOS,NYK,0.008618534360048846
2025-26,new,BOS,OKC,0.020518129385469795
2025-26,new,BOS,ORL,0.0
2025-26,new,BOS,PHI,0.01053411400756886
2025-26,new,BOS,PHX,0.0
2025-26,new,BOS,POR,0.01088652875630389
2025-26,new,BOS,SAC,0.0005700430126433212
2025-26,new,BOS,SAS,0.053162445971593746
2025-26,new,BOS,TOR,0.013794533648038412
2025-26,new,BOS,UTA,0.0028370151337806207
2025-26,new,BOS,WAS,0.005109644488728574
2025-26,new,CHA,ATL,0.004704741423343438
2025-26,new,CHA,BKN,0.0021189940149024303
2025-26,new,CHA,BOS,0.0034859914610419302
2025-26,new,CHA,CHI,0.0012408040661289164
2025-26,new,CHA,CLE,0.001218750028999458
2025-26,new,CHA,DAL,0.0001410099281898071
2025-26,new,CHA,DEN,0.005684701432176529
2025-26,new,CHA,DET,0.0029692888550926005
2025-26,new,CHA,GSW,0.00045081903140737126
2025-26,new,CHA,HOU,0.0
2025-26,new,CHA,IND,0.0008424193070779189
2025-26,new,CHA,LAC,0.0017608104681854566
2025-26,new,CHA,LAL,0.003539122180459157
2025-26,new,CHA,MEM,0.0630870147661611
2025-26,new,CHA,MIA,0.028623201881022672
2025-26,new,CHA,MIL,0.005961206978455925
2025-26,new,CHA,MIN,0.004280172480824242
2025-26,new,CHA,NOP,0.0
2025-26,new,CHA,NYK,0.00909711788562257
2025-26,new,CHA,OKC,0.008672300021986453
2025-26,new,CHA,ORL,0.0
2025-26,new,CHA,PHI,0.047121616815943373
2025-26,new,CHA,PHX,0.0
2025-26,new,CHA,POR,0.0001828309835159436
2025-26,new,CHA,SAC,0.003938176083783774
2025-26,new,CHA,SAS,0.02860560339032512
2025-26,new,CHA,TOR,0.011187780469998755
2025-26,new,CHA,UTA,0.007490840549199391
2025-26,new,CHA,WAS,0.0062459591098314405
2025-26,new,CHI,ATL,0.03453582974130704
2025-26,new,CHI,BKN,0.0
2025-26,new,CHI,BOS,0.004084455421029345
2025-26,new,CHI,CHA,0.0047449377869818446
2025-26,new,CHI,CLE,0.009247844865834663
2025-26,new,CHI,DAL,0.015120689700726934
2025-26,new,CHI,DEN,0.012796739871914254
2025-26,new,CHI,DET,0.01372817900003705
2025-26,new,CHI,GSW,0.0010183189537151358
2025-26,new,CHI,HOU,0.0
2025-26,new,CHI,IND,0.0
2025-26,new,CHI,LAC,0.0
2025-26,new,CHI,LAL,0.009298491377768846
2025-26,new,CHI,MEM,0.0030641164580071027
2025-26,new,CHI,MIA,0.0038698788817067725
2025-26,new,CHI,MIL,0.0002012392115811335
2025-26,new,CHI,MIN,0.00956384701754673
2025-26,new,CHI,NOP,0.0
2025-26,new,CHI,NYK,0.008402343369879387
2025-26,new,CHI,OKC,0.005391337544547084
2025-26,new,CHI,ORL,0.0
2025-26,new,CHI,PHI,0.03344842695781122
2025-26,new,CHI,PHX,0.0
2025-26,new,CHI,POR,4.016975155913127e-05
2025-26,new,CHI,SAC,0.0
2025-26,new,CHI,SAS,0.0011109913792260438
2025-26,new,CHI,TOR,0.0015413119549602615
2025-26,new,CHI,UTA,5.657327670507648e-06
2025-26,new,CHI,WAS,3.071120639074723e-05
2025-26,new,CLE,ATL,0.21569261885685684
2025-26,new,CLE,BKN,1.4498569508595179e-05
2025-26,new,CLE,BOS,0.02163577609976497
2025-26,new,CLE,CHA,0.04139033054925597
2025-26,new,CLE,CHI,0.00018450599093688643
2025-26,new,CLE,DAL,0.009541461478915905
2025-26,new,CLE,DEN,0.042319032115412346
2025-26,new,CLE,DET,0.027005118523756498
2025-26,new,CLE,GSW,0.00011624756808169757
2025-26,new,CLE,HOU,7.543103560676863e-06
2025-26,new,CLE,IND,0.0004954993464386056
2025-26,new,CLE,LAC,0.0010376123417218594
2025-26,new,CLE,LAL,0.03433737662974495
2025-26,new,CLE,MEM,0.04636799555213656
2025-26,new,CLE,MIA,0.01021583676836083
2025-26,new,CLE,MIL,0.00026104534727296413
2025-26,new,CLE,MIN,0.01944342677931077
2025-26,new,CLE,NOP,0.0
2025-26,new,CLE,NYK,0.039640894732979964
2025-26,new,CLE,OKC,0.01503966609746827
2025-26,new,CLE,ORL,0.0
2025-26,new,CLE,PHI,0.04654508759400586
2025-26,new,CLE,PHX,0.0
2025-26,new,CLE,POR,4.15553076600151e-06
2025-26,new,CLE,SAC,0.0002977770124041477
2025-26,new,CLE,SAS,0.04307731783280454
2025-26,new,CLE,TOR,0.03393932065595584
2025-26,new,CLE,UTA,0.0022634698682593127
2025-26,new,CLE,WAS,0.004085129340669014
2025-26,new,DAL,ATL,0.03190894403520988
2025-26,new,DAL,BKN,2.5642473419793533e-05
2025-26,new,DAL,BOS,0.0030926724769785225
2025-26,new,DAL,CHA,0.00715287667388362
2025-26,new,DAL,CHI,0.029920080495401697
2025-26,new,DAL,CLE,0.0
2025-26,new,DAL,DEN,0.004584022298075978
2025-26,new,DAL,DET,0.0038089978991172695
2025-26,new,DAL,GSW,0.002070606639663585
2025-26,new,DAL,HOU,7.543103560676863e-06
2025-26,new,DAL,IND,1.75899969640184e-05
2025-26,new,DAL,LAC,2.8156831576270317e-05
2025-26,new,DAL,LAL,0.005259673991364519
2025-26,new,DAL,MEM,0.011655441732527205
2025-26,new,DAL,MIA,0.0067930068831490685
2025-26,new,DAL,MIL,0.0030501078103532505
2025-26,new,DAL,MIN,0.00015894396806633544
2025-26,new,DAL,NOP,0.0
2025-26,new,DAL,NYK,0.005476562479502875
2025-26,new,DAL,OKC,0.03156953925749416
2025-26,new,DAL,ORL,0.0
2025-26,new,DAL,PHI,0.009770380229183152
2025-26,new,DAL,PHX,0.0
2025-26,new,DAL,POR,0.0039380060636943
2025-26,new,DAL,SAC,3.52324826895193e-05
2025-26,new,DAL,SAS,0.00906654096407222
2025-26,new,DAL,TOR,0.0021895303663388805
2025-26,new,DAL,UTA,0.001781250034631551
2025-26,new,DAL,WAS,0.00036961207344951444
2025-26,new,DEN,ATL,0.03887042051548508
2025-26,new,DEN,BKN,0.0002503961393435361
2025-26,new,DEN,BOS,0.006945043212316674
2025-26,new,DEN,CHA,0.006863968417241255
2025-26,new,DEN,CHI,0.006501803406277388
2025-26,new,DEN,CLE,0.008135775889045205
2025-26,new,DEN,DAL,0.012328215920333858
2025-26,new,DEN,DET,0.017474676524469598
2025-26,new,DEN,GSW,0.01212009672843147
2025-26,new,DEN,HOU,0.00013227370886758353
2025-26,new,DEN,IND,2.8184840128160667e-05
2025-26,new,DEN,LAC,5.853561306703965e-05
2025-26,new,DEN,LAL,0.026346077444883244
2025-26,new,DEN,MEM,0.008474407490615827
2025-26,new,DEN,MIA,0.0019589295903920424
2025-26,new,DEN,MIL,0.00012284475760052682
2025-26,new,DEN,MIN,0.01042510785688325
2025-26,new,DEN,NOP,0.0
2025-26,new,DEN,NYK,0.030850484906053494
2025-26,new,DEN,OKC,0.042532866122321523
2025-26,new,DEN,ORL,0.0
2025-26,new,DEN,PHI,0.0633133080086454
2025-26,new,DEN,PHX,0.0
2025-26,new,DEN,POR,0.012265876265101328
2025-26,new,DEN,SAC,0.00024255195007552178
2025-26,new,DEN,SAS,0.0005280172495484546
2025-26,new,DEN,TOR,0.003807243724751622
2025-26,new,DEN,UTA,0.00011772628961901734
2025-26,new,DEN,WAS,0.0012219827815464794
2025-26,new,DET,ATL,0.05318184306790876
2025-26,new,DET,BKN,0.0004508905090790055
2025-26,new,DET,BOS,0.021221983110098618
2025-26,new,DET,CHA,0.019834431645405805
2025-26,new,DET,CHI,0.00011118496878648814
2025-26,new,DET,CLE,0.028372844758138446
2025-26,new,DET,DAL,0.019878645782742937
2025-26,new,DET,DEN,0.012165948416042174
2025-26,new,DET,GSW,0.00018350248452944035
2025-26,new,DET,HOU,7.004310449199944e-06
2025-26,new,DET,IND,0.0009834732449762042
2025-26,new,DET,LAC,0.0020528116473034408
2025-26,new,DET,LAL,0.007020503684406574
2025-26,new,DET,MEM,0.009403286884249799
2025-26,new,DET,MIA,0.022621298443430405
2025-26,new,DET,MIL,0.00021012933322645986
2025-26,new,DET,MIN,0.06280064683038226
2025-26,new,DET,NOP,0.0
2025-26,new,DET,NYK,0.0310117193352123
2025-26,new,DET,OKC,0.05252487272548648
2025-26,new,DET,ORL,0.0
2025-26,new,DET,PHI,0.029853154054144956
2025-26,new,DET,PHX,0.0
2025-26,new,DET,POR,7.168417660793616e-07
2025-26,new,DET,SAC,0.0015372208310496902
2025-26,new,DET,SAS,0.025868265179632186
2025-26,new,DET,TOR,0.03486065904903559
2025-26,new,DET,UTA,0.004314385851451741
2025-26,new,DET,WAS,0.007794450455172597
2025-26,new,GSW,ATL,0.010257273683673703
2025-26,new,GSW,BKN,0.0005245277606147655
2025-26,new,GSW,BOS,0.00417780173733702
2025-26,new,GSW,CHA,0.005570928998307371
2025-26,new,GSW,CHI,0.01497050427058968
2025-26,new,GSW,CLE,0.006306034481024434
2025-26,new,GSW,DAL,0.00889060423682544
2025-26,new,GSW,DEN,0.005776409406585587
2025-26,new,GSW,DET,0.005743534575850734
2025-26,new,GSW,HOU,0.00025889009062666444
2025-26,new,GSW,IND,7.524447025185381e-05
2025-26,new,GSW,LAC,0.0001567487846659786
2025-26,new,GSW,LAL,0.007023362640684747
2025-26,new,GSW,MEM,0.008787446171125588
2025-26,new,GSW,MIA,0.0013296735624242595
2025-26,new,GSW,MIL,0.0002540409840354375
2025-26,new,GSW,MIN,0.007449622885785709
2025-26,new,GSW,NOP,0.0
2025-26,new,GSW,NYK,0.017092941787900755
2025-26,new,GSW,OKC,0.02211452536646903
2025-26,new,GSW,ORL,0.0
2025-26,new,GSW,PHI,0.008094516969179587
2025-26,new,GSW,PHX,0.0
2025-26,new,GSW,POR,0.027147554670680245
2025-26,new,GSW,SAC,0.0016971266901258909
2025-26,new,GSW,SAS,0.00044100216019834457
2025-26,new,GSW,TOR,0.0015452586669185801
2025-26,new,GSW,UTA,0.004435883654875615
2025-26,new,GSW,WAS,0.0004830280305006831
2025-26,new,HOU,ATL,0.021838362197379647
2025-26,new,HOU,BKN,0.00028295272229021554
2025-26,new,HOU,BOS,0.012762931204754219
2025-26,new,HOU,CHA,0.007835513376279472
2025-26,new,HOU,CHI,0.001260197685264247
2025-26,new,HOU,CLE,0.0018437500493119245
2025-26,new,HOU,DAL,5.244985826281882e-05
2025-26,new,HOU,DEN,0.01896177565404224
2025-26,new,HOU,DET,0.019747036908199244
2025-26,new,HOU,GSW,0.0010433585665389036
2025-26,new,HOU,IND,0.00027382334895985973
2025-26,new,HOU,LAC,0.0005716982626572955
2025-26,new,HOU,LAL,0.018019182596793235
2025-26,new,HOU,MEM,0.01145312520789769
2025-26,new,HOU,MIA,0.008105995744374662
2025-26,new,HOU,MIL,0.0034601292912527144
2025-26,new,HOU,MIN,0.008480873005926322
2025-26,new,HOU,NOP,0.0
2025-26,new,HOU,NYK,0.01377141754220467
2025-26,new,HOU,OKC,0.010278248541523765
2025-26,new,HOU,ORL,0.0
2025-26,new,HOU,PHI,0.15876449670950898
2025-26,new,HOU,PHX,0.0
2025-26,new,HOU,POR,0.0006474480781571107
2025-26,new,HOU,SAC,5.5334868147211037e-05
2025-26,new,HOU,SAS,0.008576778097254836
2025-26,new,HOU,TOR,0.00614039946140768
2025-26,new,HOU,UTA,0.00013038793496450345
2025-26,new,HOU,WAS,0.00207893323809599
2025-26,new,IND,ATL,0.0005210129524669448
2025-26,new,IND,BKN,0.0006473311272752024
2025-26,new,IND,BOS,1.0775862229538386e-06
2025-26,new,IND,CHA,0.00947336872786262
2025-26,new,IND,CHI,0.032044169011666464
2025-26,new,IND,CLE,0.0
2025-26,new,IND,DAL,1.243256585063324e-05
2025-26,new,IND,DEN,0.00010348754122188001
2025-26,new,IND,DET,0.0002494612074826425
2025-26,new,IND,GSW,0.0014403546863773064
2025-26,new,IND,HOU,0.0
2025-26,new,IND,LAC,0.006531046518298512
2025-26,new,IND,LAL,5.6570729896066044e-08
2025-26,new,IND,MEM,0.047509967297684925
2025-26,new,IND,MIA,0.013252002482095803
2025-26,new,IND,MIL,0.00022440734202973543
2025-26,new,IND,MIN,0.00048275862860589684
2025-26,new,IND,NOP,0.0
2025-26,new,IND,NYK,0.017164062510308782
2025-26,new,IND,OKC,0.03920848197254695
2025-26,new,IND,ORL,0.0
2025-26,new,IND,PHI,0.01004348204216241
2025-26,new,IND,PHX,0.0
2025-26,new,IND,POR,0.05579031979046917
2025-26,new,IND,SAC,0.0009571775194515413
2025-26,new,IND,SAS,0.01419692898259482
2025-26,new,IND,TOR,0.009002620124847269
2025-26,new,IND,UTA,0.0023591056622259705
2025-26,new,IND,WAS,0.0023138469824334606
2025-26,new,LAC,ATL,0.006589439765485966
2025-26,new,LAC,BKN,0.00015679956445777943
2025-26,new,LAC,BOS,0.0034730604194618503
2025-26,new,LAC,CHA,0.01904350095614126
2025-26,new,LAC,CHI,0.23567135872873773
2025-26,new,LAC,CLE,0.0009482758740316434
2025-26,new,LAC,DAL,0.0004419220711286761
2025-26,new,LAC,DEN,0.0062098478458690355
2025-26,new,LAC,DET,0.011060883640652875
2025-26,new,LAC,GSW,0.03868139212759819
2025-26,new,LAC,HOU,0.00021443965836781363
2025-26,new,LAC,IND,1.3807274123972346e-07
2025-26,new,LAC,LAL,0.010069759494271139
2025-26,new,LAC,MEM,0.021283136059285203
2025-26,new,LAC,MIA,0.002795136457735565
2025-26,new,LAC,MIL,0.00025700432073790577
2025-26,new,LAC,MIN,0.002476562513881523
2025-26,new,LAC,NOP,0.0
2025-26,new,LAC,NYK,0.0080818965744452
2025-26,new,LAC,OKC,0.2390374454159635
2025-26,new,LAC,ORL,0.0
2025-26,new,LAC,PHI,0.008318965625547773
2025-26,new,LAC,PHX,0.0
2025-26,new,LAC,POR,0.29816513397632033
2025-26,new,LAC,SAC,0.00048712323994881614
2025-26,new,LAC,SAS,0.002025592557841046
2025-26,new,LAC,TOR,0.002449471567889004
2025-26,new,LAC,UTA,0.0012941810607926213
2025-26,new,LAC,WAS,0.0026759159672756464
2025-26,new,LAL,ATL,0.057014816813953706
2025-26,new,LAL,BKN,6.596730918631537e-05
2025-26,new,LAL,BOS,0.01622737057161807
2025-26,new,LAL,CHA,0.018519103166262773
2025-26,new,LAL,CHI,0.00022919480089677606
2025-26,new,LAL,CLE,0.002317887938356605
2025-26,new,LAL,DAL,0.0002515125341490383
2025-26,new,LAL,DEN,0.016505032138109152
2025-26,new,LAL,DET,0.012498114323685078
2025-26,new,LAL,GSW,0.0008468837179384535
2025-26,new,LAL,HOU,7.516163905103017e-05
2025-26,new,LAL,IND,0.00018397693211666367
2025-26,new,LAL,LAC,0.00038392065112553787
2025-26,new,LAL,MEM,0.014862068993850324
2025-26,new,LAL,MIA,0.0006358128132939588
2025-26,new,LAL,MIL,0.0002171336497975
2025-26,new,LAL,MIN,0.007094019453466771
2025-26,new,LAL,NOP,0.0
2025-26,new,LAL,NYK,0.019431573420136777
2025-26,new,LAL,OKC,0.009066678965113668
2025-26,new,LAL,ORL,0.0
2025-26,new,LAL,PHI,0.015428028592274106
2025-26,new,LAL,PHX,0.0
2025-26,new,LAL,POR,0.0003517303343917298
2025-26,new,LAL,SAC,0.002784811266503999
2025-26,new,LAL,SAS,0.012666217816375388
2025-26,new,LAL,TOR,0.011360369179275385
2025-26,new,LAL,UTA,0.004558728485637152
2025-26,new,LAL,WAS,0.0034862608058530645
2025-26,new,MEM,ATL,0.020241918388898647
2025-26,new,MEM,BKN,0.00022734743273978325
2025-26,new,MEM,BOS,0.001127155189771719
2025-26,new,MEM,CHA,0.02522440205411443
2025-26,new,MEM,CHI,0.008435778173346736
2025-26,new,MEM,CLE,8.189655302477813e-05
2025-26,new,MEM,DAL,6.8956610159838055e-06
2025-26,new,MEM,DEN,0.010672862762828653
2025-26,new,MEM,DET,0.017727101326073073
2025-26,new,MEM,GSW,0.015475787364818541
2025-26,new,MEM,HOU,4.768319036570731e-05
2025-26,new,MEM,IND,0.00025361773732803503
2025-26,new,MEM,LAC,0.0005267879537423768
2025-26,new,MEM,LAL,0.019265037499842534
2025-26,new,MEM,MIA,0.01602554875259523
2025-26,new,MEM,MIL,0.0006047951101510108
2025-26,new,MEM,MIN,0.0007117457000602934
2025-26,new,MEM,NOP,0.0
2025-26,new,MEM,NYK,0.015260775882654409
2025-26,new,MEM,OKC,0.04117807741016766
2025-26,new,MEM,ORL,0.0
2025-26,new,MEM,PHI,0.044347414164335054
2025-26,new,MEM,PHX,0.0
2025-26,new,MEM,POR,0.014824804220282012
2025-26,new,MEM,SAC,3.4699423881177783e-07
2025-26,new,MEM,SAS,0.07032031228506923
2025-26,new,MEM,TOR,0.01500663989045024
2025-26,new,MEM,UTA,0.0014719828225447445
2025-26,new,MEM,WAS,0.0017863685753324932
2025-26,new,MIA,ATL,0.0359396553954214
2025-26,new,MIA,BKN,3.261157948521753e-05
2025-26,new,MIA,BOS,0.004379310390093075
2025-26,new,MIA,CHA,0.09119669108538803
2025-26,new,MIA,CHI,0.0005125987984092722
2025-26,new,MIA,CLE,0.005298491385203368
2025-26,new,MIA,DAL,0.0024047985779173456
2025-26,new,MIA,DEN,0.009840520867246908
2025-26,new,MIA,DET,0.011376077456757075
2025-26,new,MIA,GSW,0.0003030247839091542
2025-26,new,MIA,HOU,7.273707004938403e-06
2025-26,new,MIA,IND,0.0006281754317500725
2025-26,new,MIA,LAC,0.0013109999886966827
2025-26,new,MIA,LAL,0.0045474236024544675
2025-26,new,MIA,MEM,0.03859725199282522
2025-26,new,MIA,MIL,0.0008855064801574716
2025-26,new,MIA,MIN,0.0034528556301113983
2025-26,new,MIA,NOP,0.0
2025-26,new,MIA,NYK,0.019806034399983314
2025-26,new,MIA,OKC,0.016548769753654942
2025-26,new,MIA,ORL,0.0
2025-26,new,MIA,PHI,0.02950153698879776
2025-26,new,MIA,PHX,0.0
2025-26,new,MIA,POR,1.3758873336822208e-05
2025-26,new,MIA,SAC,0.0011067864880621116
2025-26,new,MIA,SAS,0.03233459090185753
2025-26,new,MIA,TOR,0.031030549254057623
2025-26,new,MIA,UTA,0.006707704854258015
2025-26,new,MIA,WAS,0.006258620722460208
2025-26,new,MIL,ATL,0.01352343761741489
2025-26,new,MIL,BKN,0.0012358680829612266
2025-26,new,MIL,BOS,0.0027898707062584058
2025-26,new,MIL,CHA,0.008252831624532648
2025-26,new,MIL,CHI,0.03146058196920915
2025-26,new,MIL,CLE,0.00011637931215930091
2025-26,new,MIL,DAL,4.328915873602141e-05
2025-26,new,MIL,DEN,0.004046336246317191
2025-26,new,MIL,DET,0.003715517314086701
2025-26,new,MIL,GSW,0.0013581684781020394
2025-26,new,MIL,HOU,7.004310449199944e-06
2025-26,new,MIL,IND,0.00022940019858008873
2025-26,new,MIL,LAC,0.0017674562691743253
2025-26,new,MIL,LAL,0.0020517241713944178
2025-26,new,MIL,MEM,0.006303879366404826
2025-26,new,MIL,MIA,0.00637821699156777
2025-26,new,MIL,MIN,0.000689116384520934
2025-26,new,MIL,NOP,0.0
2025-26,new,MIL,NYK,0.002995150855878882
2025-26,new,MIL,OKC,0.04294276829745964
2025-26,new,MIL,ORL,0.0
2025-26,new,MIL,PHI,0.0019584500016597414
2025-26,new,MIL,PHX,0.0
2025-26,new,MIL,POR,0.05481078532196279
2025-26,new,MIL,SAC,0.0010083187760480132
2025-26,new,MIL,SAS,0.006061153119020486
2025-26,new,MIL,TOR,0.0009025861753795151
2025-26,new,MIL,UTA,0.0007650862205251731
2025-26,new,MIL,WAS,0.003805495754691194
2025-26,new,MIN,ATL,0.014371228560138944
2025-26,new,MIN,BKN,0.0
2025-26,new,MIN,BOS,0.005877155252282732
2025-26,new,MIN,CHA,0.04831621916274093
2025-26,new,MIN,CHI,0.007846244590421927
2025-26,new,MIN,CLE,0.0032015086443099223
2025-26,new,MIN,DAL,0.004511853433856419
2025-26,new,MIN,DEN,0.02042165768289656
2025-26,new,MIN,DET,0.04965490314493294
2025-26,new,MIN,GSW,0.005495390151090131
2025-26,new,MIN,HOU,0.000172413795672614
2025-26,new,MIN,IND,0.0
2025-26,new,MIN,LAC,0.0
2025-26,new,MIN,LAL,0.0196179785514687
2025-26,new,MIN,MEM,0.10637742402463557
2025-26,new,MIN,MIA,0.012072359026861814
2025-26,new,MIN,MIL,0.0002642780237887376
2025-26,new,MIN,NOP,0.0
2025-26,new,MIN,NYK,0.013295797572575572
2025-26,new,MIN,OKC,0.03610950413384827
2025-26,new,MIN,ORL,0.0
2025-26,new,MIN,PHI,0.025044604162966576
2025-26,new,MIN,PHX,0.0
2025-26,new,MIN,POR,0.01361435166040447
2025-26,new,MIN,SAC,0.0
2025-26,new,MIN,SAS,0.011579741496283661
2025-26,new,MIN,TOR,0.014934638577012483
2025-26,new,MIN,UTA,0.0007260237308219077
2025-26,new,MIN,WAS,0.00031573276681793423
2025-26,new,NOP,ATL,0.002198275876038804
2025-26,new,NOP,BKN,0.00010574609785760853
2025-26,new,NOP,BOS,0.00023599138298746331
2025-26,new,NOP,CHA,0.03433437121769484
2025-26,new,NOP,CHI,0.02187030283748989
2025-26,new,NOP,CLE,8.6206897836307e-06
2025-26,new,NOP,DAL,5.2217742707178864e-06
2025-26,new,NOP,DEN,0.006591778705609416
2025-26,new,NOP,DET,0.0025045797850631567
2025-26,new,NOP,GSW,0.0050717730262928445
2025-26,new,NOP,HOU,0.00011072198440850682
2025-26,new,NOP,IND,8.071965203145798e-05
2025-26,new,NOP,LAC,0.0001686734320456895
2025-26,new,NOP,LAL,0.0008017339686221863
2025-26,new,NOP,MEM,0.02277774780424681
2025-26,new,NOP,MIA,0.019754403046748574
2025-26,new,NOP,MIL,0.0004943426349601741
2025-26,new,NOP,MIN,0.004750808288387406
2025-26,new,NOP,NYK,0.0008499461337763432
2025-26,new,NOP,OKC,0.04021010403600665
2025-26,new,NOP,ORL,0.0
2025-26,new,NOP,PHI,0.018512739706278356
2025-26,new,NOP,PHX,0.0
2025-26,new,NOP,POR,0.037954775697215504
2025-26,new,NOP,SAC,0.0001411705965179424
2025-26,new,NOP,SAS,0.019205819146771882
2025-26,new,NOP,TOR,0.003552801783180572
2025-26,new,NOP,UTA,0.0015396012871622526
2025-26,new,NOP,WAS,0.0012591595024649248
2025-26,new,NYK,ATL,0.03337984915154361
2025-26,new,NYK,BKN,0.00024217488860248798
2025-26,new,NYK,BOS,0.017237069166570515
2025-26,new,NYK,CHA,0.013671158283450759
2025-26,new,NYK,CHI,0.0014295661911938656
2025-26,new,NYK,CLE,0.002395474078085531
2025-26,new,NYK,DAL,0.00388519433545047
2025-26,new,NYK,DEN,0.014668650394371126
2025-26,new,NYK,DET,0.016752694261075673
2025-26,new,NYK,GSW,0.00040554466491463575
2025-26,new,NYK,HOU,7.004310449199944e-06
2025-26,new,NYK,IND,4.42473402513158e-05
2025-26,new,NYK,LAC,9.330260786570973e-05
2025-26,new,NYK,LAL,0.02094477291192342
2025-26,new,NYK,MEM,0.00662176739237801
2025-26,new,NYK,MIA,0.010224260985920197
2025-26,new,NYK,MIL,7.435341409792912e-05
2025-26,new,NYK,MIN,0.008998383693156187
2025-26,new,NYK,NOP,0.0
2025-26,new,NYK,OKC,0.01373386591794903
2025-26,new,NYK,ORL,0.0
2025-26,new,NYK,PHI,0.047055503336693706
2025-26,new,NYK,PHX,0.0
2025-26,new,NYK,POR,0.0022762952100089445
2025-26,new,NYK,SAC,0.00027685611998910233
2025-26,new,NYK,SAS,0.0065158945081177444
2025-26,new,NYK,TOR,0.0027606634188952514
2025-26,new,NYK,UTA,4.849138003292269e-06
2025-26,new,NYK,WAS,0.0008378232928627202
2025-26,new,OKC,ATL,0.007406250033186396
2025-26,new,OKC,BKN,0.0
2025-26,new,OKC,BOS,0.003331896609883627
2025-26,new,OKC,CHA,0.031477439882752964
2025-26,new,OKC,CHI,0.07045347170417449
2025-26,new,OKC,CLE,0.02464762938722711
2025-26,new,OKC,DAL,0.04190086208982394
2025-26,new,OKC,DEN,0.00799300196039063
2025-26,new,OKC,DET,0.012923221851373894
2025-26,new,OKC,GSW,0.0009218029488692991
2025-26,new,OKC,HOU,0.00011179957063146064
2025-26,new,OKC,IND,0.0
2025-26,new,OKC,LAC,0.0
2025-26,new,OKC,LAL,0.011649494384763516
2025-26,new,OKC,MEM,0.027602101673637032
2025-26,new,OKC,MIA,0.01520029674025738
2025-26,new,OKC,MIL,0.00015490300999552938
2025-26,new,OKC,MIN,0.011824353441881048
2025-26,new,OKC,NOP,0.0
2025-26,new,OKC,NYK,0.007062769488628213
2025-26,new,OKC,ORL,0.0
2025-26,new,OKC,PHI,0.007430451099122553
2025-26,new,OKC,PHX,0.0
2025-26,new,OKC,POR,0.12326387339864595
2025-26,new,OKC,SAC,0.0
2025-26,new,OKC,SAS,0.016988685495452956
2025-26,new,OKC,TOR,0.016722865829782173
2025-26,new,OKC,UTA,0.0002494612098912356
2025-26,new,OKC,WAS,0.000690193984954586
2025-26,new,ORL,ATL,0.030574353381505652
2025-26,new,ORL,BKN,0.001296390857682252
2025-26,new,ORL,BOS,0.006303205406320871
2025-26,new,ORL,CHA,0.06130169627013755
2025-26,new,ORL,CHI,0.001198967414135876
2025-26,new,ORL,CLE,1.0775862229538374e-05
2025-26,new,ORL,DAL,2.961041911601505e-05
2025-26,new,ORL,DEN,0.005527928603190331
2025-26,new,ORL,DET,0.027310075700134523
2025-26,new,ORL,GSW,0.0012695442668080137
2025-26,new,ORL,HOU,0.00010371767395930687
2025-26,new,ORL,IND,0.0010406218274319743
2025-26,new,ORL,LAC,0.0026118693368332433
2025-26,new,ORL,LAL,0.005998675190303031
2025-26,new,ORL,MEM,0.3153903535368917
2025-26,new,ORL,MIA,0.08357629402899068
2025-26,new,ORL,MIL,0.004001346988290356
2025-26,new,ORL,MIN,0.007409213481607429
2025-26,new,ORL,NOP,0.0
2025-26,new,ORL,NYK,0.027960670129855165
2025-26,new,ORL,OKC,0.03154144871447866
2025-26,new,ORL,PHI,0.044189522244443086
2025-26,new,ORL,PHX,0.0
2025-26,new,ORL,POR,0.0003734444137528654
2025-26,new,ORL,SAC,0.0011813037004058371
2025-26,new,ORL,SAS,0.0517155174917646
2025-26,new,ORL,TOR,0.04332377540322866
2025-26,new,ORL,UTA,0.00561745696410071
2025-26,new,ORL,WAS,0.0012820582163664677
2025-26,new,PHI,ATL,0.0005296336296656782
2025-26,new,PHI,BKN,0.0025225590598360013
2025-26,new,PHI,BOS,0.003076238328292925
2025-26,new,PHI,CHA,0.05342161311711482
2025-26,new,PHI,CHI,0.01236481670417804
2025-26,new,PHI,CLE,0.012875000007996528
2025-26,new,PHI,DAL,0.006561256273391712
2025-26,new,PHI,DEN,0.00223396601257734
2025-26,new,PHI,DET,0.0037117457734461043
2025-26,new,PHI,GSW,0.0027214757094552056
2025-26,new,PHI,HOU,2.9364224575492072e-05
2025-26,new,PHI,IND,8.465732883356895e-05
2025-26,new,PHI,LAC,0.000176853356262717
2025-26,new,PHI,LAL,0.0024007251520479565
2025-26,new,PHI,MEM,0.03135533420174335
2025-26,new,PHI,MIA,0.054671373988148156
2025-26,new,PHI,MIL,0.002588631565289187
2025-26,new,PHI,MIN,0.0069655173484252045
2025-26,new,PHI,NOP,0.0
2025-26,new,PHI,NYK,0.003549163525847313
2025-26,new,PHI,OKC,0.13964279260486365
2025-26,new,PHI,ORL,0.0
2025-26,new,PHI,PHX,0.0
2025-26,new,PHI,POR,1.855389950049295e-07
2025-26,new,PHI,SAC,0.0
2025-26,new,PHI,SAS,0.13716352370659948
2025-26,new,PHI,TOR,0.077973435363055
2025-26,new,PHI,UTA,0.003421336201798364
2025-26,new,PHI,WAS,0.0031549030468911578
2025-26,new,PHX,ATL,0.003972252242283191
2025-26,new,PHX,BKN,0.0007333355444386459
2025-26,new,PHX,BOS,0.0018793103382280412
2025-26,new,PHX,CHA,0.07607714651423733
2025-26,new,PHX,CHI,0.005017250755491241
2025-26,new,PHX,CLE,0.014293103450828968
2025-26,new,PHX,DAL,0.0040414285596854175
2025-26,new,PHX,DEN,0.01587225667911518
2025-26,new,PHX,DET,0.011091864314873637
2025-26,new,PHX,GSW,0.011261902499726258
2025-26,new,PHX,HOU,0.002269396593669783
2025-26,new,PHX,IND,0.000681253518248213
2025-26,new,PHX,LAC,0.0014213041923530592
2025-26,new,PHX,LAL,0.016620762619708768
2025-26,new,PHX,MEM,0.08497521543373546
2025-26,new,PHX,MIA,0.029563979128783505
2025-26,new,PHX,MIL,0.00039385777970390594
2025-26,new,PHX,MIN,0.024363146954605452
2025-26,new,PHX,NOP,0.0
2025-26,new,PHX,NYK,0.005389547419256595
2025-26,new,PHX,OKC,0.025348460645038675
2025-26,new,PHX,ORL,0.0
2025-26,new,PHX,PHI,0.011914152626881194
2025-26,new,PHX,POR,0.009461880874702242
2025-26,new,PHX,SAC,1.528126967420168e-07
2025-26,new,PHX,SAS,0.0016751076649786142
2025-26,new,PHX,TOR,0.010237175860528611
2025-26,new,PHX,UTA,0.006518049582895211
2025-26,new,PHX,WAS,0.0067583513108347044
2025-26,new,POR,ATL,3.717669669201531e-05
2025-26,new,POR,BKN,8.21583916118031e-09
2025-26,new,POR,BOS,0.0
2025-26,new,POR,CHA,0.014143061693194023
2025-26,new,POR,CHI,0.1596277642141787
2025-26,new,POR,CLE,0.00027478448741523353
2025-26,new,POR,DAL,0.00012750704145219062
2025-26,new,POR,DEN,0.00018439702430692582
2025-26,new,POR,DET,0.0003803879373650678
2025-26,new,POR,GSW,0.005840873582540647
2025-26,new,POR,HOU,3.690732813616894e-05
2025-26,new,POR,IND,2.9189512890831075e-05
2025-26,new,POR,LAC,6.112089848792146e-05
2025-26,new,POR,LAL,6.55958255334428e-05
2025-26,new,POR,MEM,0.009964978631007773
2025-26,new,POR,MIA,0.008989037840311012
2025-26,new,POR,MIL,0.00011610990968243827
2025-26,new,POR,MIN,0.0007591594943720525
2025-26,new,POR,NOP,0.0
2025-26,new,POR,NYK,0.0010113146420014255
2025-26,new,POR,OKC,0.1382282678013846
2025-26,new,POR,ORL,0.0
2025-26,new,POR,PHI,2.7564954118559105e-05
2025-26,new,POR,PHX,0.0
2025-26,new,POR,SAC,0.002935212996323946
2025-26,new,POR,SAS,0.0153014548559641
2025-26,new,POR,TOR,0.01097775531636184
2025-26,new,POR,UTA,0.0023604525778249926
2025-26,new,POR,WAS,0.0012696659769501602
2025-26,new,SAC,ATL,0.002321928877118526
2025-26,new,SAC,BKN,0.008109795824191926
2025-26,new,SAC,BOS,5.9670889938294345e-05
2025-26,new,SAC,CHA,0.03180800134969225
2025-26,new,SAC,CHI,0.0022892472981398226
2025-26,new,SAC,CLE,0.0
2025-26,new,SAC,DAL,0.000153413273987851
2025-26,new,SAC,DEN,0.006470467137685781
2025-26,new,SAC,DET,0.003046066853005021
2025-26,new,SAC,GSW,0.005026626745449596
2025-26,new,SAC,HOU,0.00022306034815144436
2025-26,new,SAC,IND,0.0016938778997725957
2025-26,new,SAC,LAC,0.003544495632938989
2025-26,new,SAC,LAL,0.010167732146378854
2025-26,new,SAC,MEM,0.0590449889787023
2025-26,new,SAC,MIA,0.02430444849140539
2025-26,new,SAC,MIL,0.003365840515812282
2025-26,new,SAC,MIN,0.0070369074424801
2025-26,new,SAC,NOP,0.0
2025-26,new,SAC,NYK,0.014532329244255633
2025-26,new,SAC,OKC,0.03172214864829339
2025-26,new,SAC,ORL,0.0
2025-26,new,SAC,PHI,0.010435651109405909
2025-26,new,SAC,PHX,0.0
2025-26,new,SAC,POR,0.002942258069569624
2025-26,new,SAC,SAS,0.026812769390285363
2025-26,new,SAC,TOR,0.015583524278501945
2025-26,new,SAC,UTA,0.013140625036783227
2025-26,new,SAC,WAS,0.01710910581463771
2025-26,new,SAS,ATL,0.015235991444205867
2025-26,new,SAS,BKN,1.985839788211518e-07
2025-26,new,SAS,BOS,0.007096982784569262
2025-26,new,SAS,CHA,0.06823129381432905
2025-26,new,SAS,CHI,0.028794356878619667
2025-26,new,SAS,CLE,0.04367672413491226
2025-26,new,SAS,DAL,0.013760552417174282
2025-26,new,SAS,DEN,0.01060240101507024
2025-26,new,SAS,DET,0.011713362119947399
2025-26,new,SAS,GSW,0.006998125400151712
2025-26,new,SAS,HOU,0.001964709089129585
2025-26,new,SAS,IND,2.7614548247944687e-07
2025-26,new,SAS,LAC,3.179022157916013e-08
2025-26,new,SAS,LAL,0.011368028876930676
2025-26,new,SAS,MEM,0.04774838391952376
2025-26,new,SAS,MIA,0.01215574438425494
2025-26,new,SAS,MIL,0.00021821121153309305
2025-26,new,SAS,MIN,0.02935425674787658
2025-26,new,SAS,NOP,0.0
2025-26,new,SAS,NYK,0.01043857765929966
2025-26,new,SAS,OKC,0.05820928299814784
2025-26,new,SAS,ORL,0.0
2025-26,new,SAS,PHI,0.022954110612061977
2025-26,new,SAS,PHX,0.0
2025-26,new,SAS,POR,0.003874866980562383
2025-26,new,SAS,SAC,1.528126967420168e-07
2025-26,new,SAS,TOR,0.018843476584069936
2025-26,new,SAS,UTA,0.0002389547423106331
2025-26,new,SAS,WAS,0.0009916486996346444
2025-26,new,TOR,ATL,0.004922144406290467
2025-26,new,TOR,BKN,0.0002695243824515775
2025-26,new,TOR,BOS,0.004767645061894718
2025-26,new,TOR,CHA,0.057928263944600135
2025-26,new,TOR,CHI,0.0002942230004596086
2025-26,new,TOR,CLE,0.005860991383308609
2025-26,new,TOR,DAL,0.0010935838519071696
2025-26,new,TOR,DEN,0.005134708238961599
2025-26,new,TOR,DET,0.006367995784746417
2025-26,new,TOR,GSW,0.0012684274550871304
2025-26,new,TOR,HOU,0.0
2025-26,new,TOR,IND,8.249722402446234e-06
2025-26,new,TOR,LAC,1.7510340243038157e-05
2025-26,new,TOR,LAL,0.004634708206863085
2025-26,new,TOR,MEM,0.033045528432683505
2025-26,new,TOR,MIA,0.051438261840146195
2025-26,new,TOR,MIL,0.0002966055719800102
2025-26,new,TOR,MIN,0.0189903018650085
2025-26,new,TOR,NOP,0.0
2025-26,new,TOR,NYK,0.0015883620780017549
2025-26,new,TOR,OKC,0.04457407771394951
2025-26,new,TOR,ORL,0.0
2025-26,new,TOR,PHI,0.041381863178675274
2025-26,new,TOR,PHX,0.0
2025-26,new,TOR,POR,1.8341715733170313e-07
2025-26,new,TOR,SAC,0.0001745025632544639
2025-26,new,TOR,SAS,0.046538524195082184
2025-26,new,TOR,UTA,0.0007607758665609914
2025-26,new,TOR,WAS,0.0006085668234475728
2025-26,new,UTA,ATL,0.017363416083189177
2025-26,new,UTA,BKN,0.004225949565988511
2025-26,new,UTA,BOS,0.00569827598977256
2025-26,new,UTA,CHA,0.01754892470978909
2025-26,new,UTA,CHI,0.00012422468252197935
2025-26,new,UTA,CLE,0.0006206896754206512
2025-26,new,UTA,DAL,5.441445521776991e-05
2025-26,new,UTA,DEN,0.006677660357903849
2025-26,new,UTA,DET,0.013231411704388126
2025-26,new,UTA,GSW,0.0005223245985398396
2025-26,new,UTA,HOU,1.4008620898399888e-05
2025-26,new,UTA,IND,0.0007492674445234899
2025-26,new,UTA,LAC,0.0015665064093036555
2025-26,new,UTA,LAL,0.00978770843106633
2025-26,new,UTA,MEM,0.008603717791607027
2025-26,new,UTA,MIA,0.009401869044682458
2025-26,new,UTA,MIL,0.0005008081633372807
2025-26,new,UTA,MIN,0.002374461254984108
2025-26,new,UTA,NOP,0.0
2025-26,new,UTA,NYK,0.010365840570623827
2025-26,new,UTA,OKC,0.04270664028580923
2025-26,new,UTA,ORL,0.0
2025-26,new,UTA,PHI,0.0431340040219306
2025-26,new,UTA,PHX,0.0
2025-26,new,UTA,POR,0.00016893363820304918
2025-26,new,UTA,SAC,0.0014440275388021508
2025-26,new,UTA,SAS,0.011234375129550183
2025-26,new,UTA,TOR,0.0024804416516230215
2025-26,new,UTA,WAS,0.00954983853688865
2025-26,new,WAS,ATL,0.001012122859748819
2025-26,new,WAS,BKN,0.002171787338835154
2025-26,new,WAS,BOS,0.0024116379104490424
2025-26,new,WAS,CHA,0.032107731793699426
2025-26,new,WAS,CHI,0.0006466343395296305
2025-26,new,WAS,CLE,0.001921336202850116
2025-26,new,WAS,DAL,0.0001542585555718437
2025-26,new,WAS,DEN,0.00023498250862719915
2025-26,new,WAS,DET,0.00022171336673762132
2025-26,new,WAS,GSW,0.0002591196330798807
2025-26,new,WAS,HOU,7.004310449199944e-06
2025-26,new,WAS,IND,0.0009531477871371018
2025-26,new,WAS,LAC,0.006793171271671374
2025-26,new,WAS,LAL,0.0007619591154099813
2025-26,new,WAS,MEM,0.038178070847482974
2025-26,new,WAS,MIA,0.010654881353377707
2025-26,new,WAS,MIL,0.0015008082233794872
2025-26,new,WAS,MIN,0.0055975216068327414
2025-26,new,WAS,NOP,0.0
2025-26,new,WAS,NYK,0.05868292030155788
2025-26,new,WAS,OKC,0.00409119167156003
2025-26,new,WAS,ORL,0.0
2025-26,new,WAS,PHI,0.008880803409299066
2025-26,new,WAS,PHX,0.0
2025-26,new,WAS,POR,0.0006998121791819166
2025-26,new,WAS,SAC,0.0038455912490625724
2025-26,new,WAS,SAS,0.009963631515114183
2025-26,new,WAS,TOR,0.004897197055820597
2025-26,new,WAS,UTA,0.014188039015119508
2025-26,old,ATL,BKN,7.34297363995962e-06
2025-26,old,ATL,BOS,8.512931169363961e-05
2025-26,old,ATL,CHA,0.02861327153477793
2025-26,old,ATL,CHI,0.0014657857555362465
2025-26,old,ATL,CLE,3.232758668861515e-06
2025-26,old,ATL,DAL,0.0034486914134092155
2025-26,old,ATL,DEN,0.013962842531085783
2025-26,old,ATL,DET,0.0049927262515672656
2025-26,old,ATL,GSW,0.0012763294995254831
2025-26,old,ATL,HOU,0.0
2025-26,old,ATL,IND,5.8604647902213395e-06
2025-26,old,ATL,LAC,5.264678364681234e-06
2025-26,old,ATL,LAL,0.01906021743903623
2025-26,old,ATL,MEM,0.0031091054637739767
2025-26,old,ATL,MIA,0.016993538619321846
2025-26,old,ATL,MIL,0.005944234975754156
2025-26,old,ATL,MIN,0.005343480678335441
2025-26,old,ATL,NOP,0.0
2025-26,old,ATL,NYK,0.01387529003106528
2025-26,old,ATL,OKC,0.07805579046741852
2025-26,old,ATL,ORL,0.0
2025-26,old,ATL,PHI,0.01501048813976644
2025-26,old,ATL,PHX,0.0
2025-26,old,ATL,POR,0.0037240482434309336
2025-26,old,ATL,SAC,0.0001028625142806669
2025-26,old,ATL,SAS,0.16607246793493435
2025-26,old,ATL,TOR,0.0307324069810327
2025-26,old,ATL,UTA,0.0024854526481719623
2025-26,old,ATL,WAS,6.303879711375542e-05
2025-26,old,BKN,ATL,0.03141406261576901
2025-26,old,BKN,BOS,0.008266163853254044
2025-26,old,BKN,CHA,0.009501974516596408
2025-26,old,BKN,CHI,0.032334648413283
2025-26,old,BKN,CLE,0.00622090518948269
2025-26,old,BKN,DAL,0.004242414858621323
2025-26,old,BKN,DEN,0.009623409128116486
2025-26,old,BKN,DET,0.0076037177882871815
2025-26,old,BKN,GSW,0.007063288752693165
2025-26,old,BKN,HOU,0.0
2025-26,old,BKN,IND,0.01049619222307847
2025-26,old,BKN,LAC,0.005198873431795169
2025-26,old,BKN,LAL,0.003548599054539436
2025-26,old,BKN,MEM,0.013311961223150537
2025-26,old,BKN,MIA,0.0074904298121149775
2025-26,old,BKN,MIL,0.001245420224189855
2025-26,old,BKN,MIN,0.010674030260415744
2025-26,old,BKN,NOP,0.0
2025-26,old,BKN,NYK,0.015127154653842297
2025-26,old,BKN,OKC,0.02431298347266614
2025-26,old,BKN,ORL,0.0
2025-26,old,BKN,PHI,0.012016527018034288
2025-26,old,BKN,PHX,0.0
2025-26,old,BKN,POR,0.004306272512610362
2025-26,old,BKN,SAC,0.011009357036327154
2025-26,old,BKN,SAS,0.005878771526743019
2025-26,old,BKN,TOR,0.003840393702999988
2025-26,old,BKN,UTA,0.012209590702510337
2025-26,old,BKN,WAS,0.008970366169453656
2025-26,old,BOS,ATL,0.007275592859870563
2025-26,old,BOS,BKN,1.2626985197648949e-07
2025-26,old,BOS,CHA,0.014144493556568083
2025-26,old,BOS,CHI,0.00850913518015911
2025-26,old,BOS,CLE,0.003278017254176968
2025-26,old,BOS,DAL,0.0006919156434680576
2025-26,old,BOS,DEN,0.004309387890755565
2025-26,old,BOS,DET,0.005874730693136246
2025-26,old,BOS,GSW,1.854537098461682e-05
2025-26,old,BOS,HOU,3.098060390992283e-05
2025-26,old,BOS,IND,0.0017399173407444872
2025-26,old,BOS,LAC,0.0005123823256984215
2025-26,old,BOS,LAL,0.006098473602769802
2025-26,old,BOS,MEM,0.004865032264376703
2025-26,old,BOS,MIA,0.007734924829144799
2025-26,old,BOS,MIL,0.0005538793224520211
2025-26,old,BOS,MIN,0.003963900876476365
2025-26,old,BOS,NOP,0.0
2025-26,old,BOS,NYK,0.010452585782025315
2025-26,old,BOS,OKC,0.012881759654614081
2025-26,old,BOS,ORL,0.0
2025-26,old,BOS,PHI,0.008901999545752281
2025-26,old,BOS,PHX,0.0
2025-26,old,BOS,POR,0.013061934711723082
2025-26,old,BOS,SAC,0.0011058658278326825
2025-26,old,BOS,SAS,0.0360638471916599
2025-26,old,BOS,TOR,0.009835715826412439
2025-26,old,BOS,UTA,0.0014501616670067649
2025-26,old,BOS,WAS,0.0016096442845320836
2025-26,old,CHA,ATL,0.006238146547252183
2025-26,old,CHA,BKN,0.0017841793375249623
2025-26,old,CHA,BOS,0.0034924569790219444
2025-26,old,CHA,CHI,0.004125050281914155
2025-26,old,CHA,CLE,0.001218750028999458
2025-26,old,CHA,DAL,0.0006698293581769392
2025-26,old,CHA,DEN,0.005449232708741061
2025-26,old,CHA,DET,0.0035072737552851825
2025-26,old,CHA,GSW,0.009858084514569647
2025-26,old,CHA,HOU,7.273707004938403e-06
2025-26,old,CHA,IND,0.001821727226973844
2025-26,old,CHA,LAC,0.00045551394762184054
2025-26,old,CHA,LAL,0.0032167269694907416
2025-26,old,CHA,MEM,0.03436718735177519
2025-26,old,CHA,MIA,0.017207630395805935
2025-26,old,CHA,MIL,0.008962015097595527
2025-26,old,CHA,MIN,0.0035670797883508853
2025-26,old,CHA,NOP,0.0
2025-26,old,CHA,NYK,0.004433189469318798
2025-26,old,CHA,OKC,0.02048923652134211
2025-26,old,CHA,ORL,0.0
2025-26,old,CHA,PHI,0.02979853065935208
2025-26,old,CHA,PHX,0.0
2025-26,old,CHA,POR,0.01317759840869934
2025-26,old,CHA,SAC,0.003137338771837524
2025-26,old,CHA,SAS,0.018751077324007475
2025-26,old,CHA,TOR,0.0072635878435708566
2025-26,old,CHA,UTA,0.007733566986160062
2025-26,old,CHA,WAS,0.0029523169238858927
2025-26,old,CHI,ATL,0.03678259689922864
2025-26,old,CHI,BKN,4.123212440722283e-06
2025-26,old,CHI,BOS,0.004077586255453783
2025-26,old,CHI,CHA,0.0034873189789484853
2025-26,old,CHI,CLE,0.009247844865834663
2025-26,old,CHI,DAL,0.016724949425643315
2025-26,old,CHI,DEN,0.01290431053826777
2025-26,old,CHI,DET,0.014512122954735696
2025-26,old,CHI,GSW,0.002352634423937866
2025-26,old,CHI,HOU,0.0
2025-26,old,CHI,IND,4.16292419545088e-05
2025-26,old,CHI,LAC,0.00013618087957727786
2025-26,old,CHI,LAL,0.009558447416214741
2025-26,old,CHI,MEM,0.0046904634916753426
2025-26,old,CHI,MIA,0.0025056470281816885
2025-26,old,CHI,MIL,0.018866647756096484
2025-26,old,CHI,MIN,0.010844019434760033
2025-26,old,CHI,NOP,0.0
2025-26,old,CHI,NYK,0.008435314439858154
2025-26,old,CHI,OKC,0.006466340484290104
2025-26,old,CHI,ORL,0.0
2025-26,old,CHI,PHI,0.03218477360557548
2025-26,old,CHI,PHX,0.0
2025-26,old,CHI,POR,0.0005965601506031675
2025-26,old,CHI,SAC,1.7195701723507939e-06
2025-26,old,CHI,SAS,0.002214978453040862
2025-26,old,CHI,TOR,0.0015034688336515191
2025-26,old,CHI,UTA,0.0008154633810045198
2025-26,old,CHI,WAS,6.681034618442689e-05
2025-26,old,CLE,ATL,0.22410398743015006
2025-26,old,CLE,BKN,0.00035813147989946726
2025-26,old,CLE,BOS,0.021635776101049553
2025-26,old,CLE,CHA,0.030267418001391006
2025-26,old,CLE,CHI,0.0008649724890768975
2025-26,old,CLE,DAL,0.009748986438982763
2025-26,old,CLE,DEN,0.04245723233832732
2025-26,old,CLE,DET,0.027292564636264963
2025-26,old,CLE,GSW,0.0009105319797756986
2025-26,old,CLE,HOU,0.0
2025-26,old,CLE,IND,0.003912669203077054
2025-26,old,CLE,LAC,0.0024742771812099307
2025-26,old,CLE,LAL,0.03428408190560604
2025-26,old,CLE,MEM,0.03424595910044193
2025-26,old,CLE,MIA,0.006367644202698499
2025-26,old,CLE,MIL,0.005716324906198081
2025-26,old,CLE,MIN,0.020545258682164978
2025-26,old,CLE,NOP,0.0
2025-26,old,CLE,NYK,0.043200700605527026
2025-26,old,CLE,OKC,0.025867886168183925
2025-26,old,CLE,ORL,0.0
2025-26,old,CLE,PHI,0.046213123778411386
2025-26,old,CLE,PHX,0.0
2025-26,old,CLE,POR,0.0012077669104584691
2025-26,old,CLE,SAC,0.0010457799978660176
2025-26,old,CLE,SAS,0.030643050034474255
2025-26,old,CLE,TOR,0.024479664560791075
2025-26,old,CLE,UTA,0.009597791020340958
2025-26,old,CLE,WAS,0.0014183728316003962
2025-26,old,DAL,ATL,0.054529902708499924
2025-26,old,DAL,BKN,0.0005536867695508344
2025-26,old,DAL,BOS,0.0030926724769785225
2025-26,old,DAL,CHA,0.009577586244309828
2025-26,old,DAL,CHI,0.042387176808296075
2025-26,old,DAL,CLE,0.0
2025-26,old,DAL,DEN,0.0046001528493156444
2025-26,old,DAL,DET,0.003622306073807051
2025-26,old,DAL,GSW,0.006665430766331184
2025-26,old,DAL,HOU,0.0
2025-26,old,DAL,IND,0.00040131000262872514
2025-26,old,DAL,LAC,0.0002595313265042032
2025-26,old,DAL,LAL,0.005285566773785003
2025-26,old,DAL,MEM,0.036541217560378106
2025-26,old,DAL,MIA,0.007752867450634733
2025-26,old,DAL,MIL,0.006970366513806171
2025-26,old,DAL,MIN,0.00035075431737791876
2025-26,old,DAL,NOP,0.0
2025-26,old,DAL,NYK,0.006078124989891939
2025-26,old,DAL,OKC,0.037107148116543615
2025-26,old,DAL,ORL,0.0
2025-26,old,DAL,PHI,0.00717829270798482
2025-26,old,DAL,PHX,0.0
2025-26,old,DAL,POR,0.00848746757466661
2025-26,old,DAL,SAC,0.0014538504183757859
2025-26,old,DAL,SAS,0.006953663880141966
2025-26,old,DAL,TOR,0.0032218271773461734
2025-26,old,DAL,UTA,0.019085937635672023
2025-26,old,DAL,WAS,0.0010872844997833581
2025-26,old,DEN,ATL,0.02938146582306844
2025-26,old,DEN,BKN,0.0006020368980896075
2025-26,old,DEN,BOS,0.006945043212477247
2025-26,old,DEN,CHA,0.0066332246023144996
2025-26,old,DEN,CHI,0.008757979709085564
2025-26,old,DEN,CLE,0.008135775889045205
2025-26,old,DEN,DAL,0.023178863864534674
2025-26,old,DEN,DET,0.01799649762152293
2025-26,old,DEN,GSW,0.005621985065018531
2025-26,old,DEN,HOU,6.734913893461485e-06
2025-26,old,DEN,IND,0.00017027045670193526
2025-26,old,DEN,LAC,0.00011922371933169067
2025-26,old,DEN,LAL,0.024371605279731957
2025-26,old,DEN,MEM,0.005575161656818417
2025-26,old,DEN,MIA,0.0037712931249807686
2025-26,old,DEN,MIL,0.0023523705272838983
2025-26,old,DEN,MIN,0.00865598069261037
2025-26,old,DEN,NOP,0.0
2025-26,old,DEN,NYK,0.03165813577953158
2025-26,old,DEN,OKC,0.034881659099973414
2025-26,old,DEN,ORL,0.0
2025-26,old,DEN,PHI,0.06272768573315494
2025-26,old,DEN,PHX,0.0
2025-26,old,DEN,POR,0.013069874220839618
2025-26,old,DEN,SAC,0.0027358014823505167
2025-26,old,DEN,SAS,0.0015210129365180462
2025-26,old,DEN,TOR,0.003957023366339797
2025-26,old,DEN,UTA,6.16918136325569e-05
2025-26,old,DEN,WAS,0.0004663254339890232
2025-26,old,DET,ATL,0.055223599559976716
2025-26,old,DET,BKN,0.0010883009612178635
2025-26,old,DET,BOS,0.021221983110901482
2025-26,old,DET,CHA,0.021131601917364077
2025-26,old,DET,CHI,0.00941544075945115
2025-26,old,DET,CLE,0.028372844758138446
2025-26,old,DET,DAL,0.01959099602682845
2025-26,old,DET,DEN,0.012257874726299148
2025-26,old,DET,GSW,0.00044715363411249287
2025-26,old,DET,HOU,0.0
2025-26,old,DET,IND,0.0020865557898898817
2025-26,old,DET,LAC,0.001624579964816339
2025-26,old,DET,LAL,0.007134708296101649
2025-26,old,DET,MEM,0.007410290976424284
2025-26,old,DET,MIA,0.011912791266256816
2025-26,old,DET,MIL,9.806034496407314e-05
2025-26,old,DET,MIN,0.06414924594922923
2025-26,old,DET,NOP,0.0
2025-26,old,DET,NYK,0.017641702792065315
2025-26,old,DET,OKC,0.04796857502005037
2025-26,old,DET,ORL,0.0
2025-26,old,DET,PHI,0.019102289560634745
2025-26,old,DET,PHX,0.0
2025-26,old,DET,POR,0.0002856943558377152
2025-26,old,DET,SAC,0.0020428574696408556
2025-26,old,DET,SAS,0.01878529055696381
2025-26,old,DET,TOR,0.018351517739703095
2025-26,old,DET,UTA,0.0018639547797722807
2025-26,old,DET,WAS,0.0014997303583819796
2025-26,old,GSW,ATL,0.011640894535170261
2025-26,old,GSW,BKN,0.001551033781979237
2025-26,old,GSW,BOS,0.00417780173733702
2025-26,old,GSW,CHA,0.01054200795619402
2025-26,old,GSW,CHI,0.027087778045644818
2025-26,old,GSW,CLE,0.006306034481024434
2025-26,old,GSW,DAL,0.008916974308371885
2025-26,old,GSW,DEN,0.005746972954255449
2025-26,old,GSW,DET,0.006739493653194273
2025-26,old,GSW,HOU,3.879310402633815e-05
2025-26,old,GSW,IND,0.00015269465272477406
2025-26,old,GSW,LAC,0.0009848886141984236
2025-26,old,GSW,LAL,0.005951920774027191
2025-26,old,GSW,MEM,0.010922682995542662
2025-26,old,GSW,MIA,0.004770047211095797
2025-26,old,GSW,MIL,0.0014999999033873273
2025-26,old,GSW,MIN,0.007207974142752234
2025-26,old,GSW,NOP,0.0
2025-26,old,GSW,NYK,0.0032448815147729662
2025-26,old,GSW,OKC,0.01688106316253415
2025-26,old,GSW,ORL,0.0
2025-26,old,GSW,PHI,0.007971679657631573
2025-26,old,GSW,PHX,0.0
2025-26,old,GSW,POR,0.045726447141297276
2025-26,old,GSW,SAC,0.001925610224857919
2025-26,old,GSW,SAS,0.0047572737617081
2025-26,old,GSW,TOR,0.003741654802774637
2025-26,old,GSW,UTA,0.0057141702696841615
2025-26,old,GSW,WAS,8.890086722736862e-05
2025-26,old,HOU,ATL,0.01566190746811556
2025-26,old,HOU,BKN,0.0008748122177117267
2025-26,old,HOU,BOS,0.012769396722734232
2025-26,old,HOU,CHA,0.006698285145018516
2025-26,old,HOU,CHI,0.00293764670411104
2025-26,old,HOU,CLE,0.0018437500493119245
2025-26,old,HOU,DAL,0.004849362809247729
2025-26,old,HOU,DEN,0.018411772923776475
2025-26,old,HOU,DET,0.019403556250637916
2025-26,old,HOU,GSW,0.001527736102113614
2025-26,old,HOU,IND,0.0032556462683944573
2025-26,old,HOU,LAC,0.0020021034819122365
2025-26,old,HOU,LAL,0.01624880608372236
2025-26,old,HOU,MEM,0.006932650877580303
2025-26,old,HOU,MIA,0.005940933702989457
2025-26,old,HOU,MIL,0.010865840412804792
2025-26,old,HOU,MIN,0.004949622928919592
2025-26,old,HOU,NOP,0.0
2025-26,old,HOU,NYK,0.016437499664966194
2025-26,old,HOU,OKC,0.02145635481817409
2025-26,old,HOU,ORL,0.0
2025-26,old,HOU,PHI,0.1546824401443306
2025-26,old,HOU,PHX,0.0
2025-26,old,HOU,POR,0.0024387659982617544
2025-26,old,HOU,SAC,0.00017406535147852656
2025-26,old,HOU,SAS,0.007768588311556758
2025-26,old,HOU,TOR,0.0062087405385372815
2025-26,old,HOU,UTA,0.0006462823489584542
2025-26,old,HOU,WAS,0.0026384698268194715
2025-26,old,IND,ATL,0.0020686960681181024
2025-26,old,IND,BKN,0.0025305004855655936
2025-26,old,IND,BOS,1.0775862229538386e-06
2025-26,old,IND,CHA,0.011928544229220787
2025-26,old,IND,CHI,0.040227431021191105
2025-26,old,IND,CLE,0.0
2025-26,old,IND,DAL,0.0014361465372631492
2025-26,old,IND,DEN,0.00010452968058620035
2025-26,old,IND,DET,0.00025700431176589714
2025-26,old,IND,GSW,0.0022954746437022673
2025-26,old,IND,HOU,0.0
2025-26,old,IND,LAC,0.015741789491679516
2025-26,old,IND,LAL,9.884633862395302e-09
2025-26,old,IND,MEM,0.029045528422414868
2025-26,old,IND,MIA,0.00920939240608432
2025-26,old,IND,MIL,9.806034763359699e-05
2025-26,old,IND,MIN,0.0005118534573482283
2025-26,old,IND,NOP,0.0
2025-26,old,IND,NYK,0.0020299029005912393
2025-26,old,IND,OKC,0.03568084466514673
2025-26,old,IND,ORL,0.0
2025-26,old,IND,PHI,0.0019675539262175796
2025-26,old,IND,PHX,0.0
2025-26,old,IND,POR,0.0441205225267656
2025-26,old,IND,SAC,0.001662637964359194
2025-26,old,IND,SAS,0.00813631466351016
2025-26,old,IND,TOR,0.006697897825815181
2025-26,old,IND,UTA,0.004816002227277653
2025-26,old,IND,WAS,0.0036150322518720863
2025-26,old,LAC,ATL,0.016485722014812975
2025-26,old,LAC,BKN,0.0011698184828750073
2025-26,old,LAC,BOS,0.003475215592068331
2025-26,old,LAC,CHA,0.027871612984973662
2025-26,old,LAC,CHI,0.26034801590279244
2025-26,old,LAC,CLE,0.0009482758740316434
2025-26,old,LAC,DAL,0.004979909388648849
2025-26,old,LAC,DEN,0.004678151115259211
2025-26,old,LAC,DET,0.012674568886587655
2025-26,old,LAC,GSW,0.023345731174283072
2025-26,old,LAC,HOU,4.418103514110734e-05
2025-26,old,LAC,IND,2.2461754416221832e-05
2025-26,old,LAC,LAL,0.008484506412371758
2025-26,old,LAC,MEM,0.01760506514325369
2025-26,old,LAC,MIA,0.018151360962712863
2025-26,old,LAC,MIL,0.0026139548687858427
2025-26,old,LAC,MIN,0.0019900323369275324
2025-26,old,LAC,NOP,0.0
2025-26,old,LAC,NYK,0.006990571118393893
2025-26,old,LAC,OKC,0.17627891968804507
2025-26,old,LAC,ORL,0.0
2025-26,old,LAC,PHI,0.009067786290311469
2025-26,old,LAC,PHX,0.0
2025-26,old,LAC,POR,0.23760568493347634
2025-26,old,LAC,SAC,0.0005923868194797879
2025-26,old,LAC,SAS,0.010859105511275445
2025-26,old,LAC,TOR,0.007470767216542626
2025-26,old,LAC,UTA,0.003258890113291524
2025-26,old,LAC,WAS,0.001352640039484208
2025-26,old,LAL,ATL,0.06379094842365735
2025-26,old,LAL,BKN,0.0003269849584672904
2025-26,old,LAL,BOS,0.01622737057161807
2025-26,old,LAL,CHA,0.012391626696888399
2025-26,old,LAL,CHI,0.0004661122878871297
2025-26,old,LAL,CLE,0.002317887938356605
2025-26,old,LAL,DAL,0.003244051292370328
2025-26,old,LAL,DEN,0.015958293414632254
2025-26,old,LAL,DET,0.013054687619241405
2025-26,old,LAL,GSW,0.0006259809993775497
2025-26,old,LAL,HOU,1.4816810565615266e-05
2025-26,old,LAL,IND,0.0010618278864423184
2025-26,old,LAL,LAC,0.0012123085634044774
2025-26,old,LAL,MEM,0.006969827547858082
2025-26,old,LAL,MIA,0.0008282971033159172
2025-26,old,LAL,MIL,0.0010975215878490164
2025-26,old,LAL,MIN,0.005998653060523794
2025-26,old,LAL,NOP,0.0
2025-26,old,LAL,NYK,0.02297656262735033
2025-26,old,LAL,OKC,0.011104573135482474
2025-26,old,LAL,ORL,0.0
2025-26,old,LAL,PHI,0.010794905858272363
2025-26,old,LAL,PHX,0.0
2025-26,old,LAL,POR,0.0005190271797065313
2025-26,old,LAL,SAC,0.002490402024715021
2025-26,old,LAL,SAS,0.006554956879137597
2025-26,old,LAL,TOR,0.008274474171994237
2025-26,old,LAL,UTA,0.005344288872940274
2025-26,old,LAL,WAS,0.0028550647836828847
2025-26,old,MEM,ATL,0.007768588674892989
2025-26,old,MEM,BKN,0.0007237097279370038
2025-26,old,MEM,BOS,0.0011282327759946729
2025-26,old,MEM,CHA,0.019500052143504257
2025-26,old,MEM,CHI,0.019582071149982574
2025-26,old,MEM,CLE,8.189655302477813e-05
2025-26,old,MEM,DAL,0.02102862943246385
2025-26,old,MEM,DEN,0.00974932231002202
2025-26,old,MEM,DET,0.018477909659208123
2025-26,old,MEM,GSW,0.006580244068827494
2025-26,old,MEM,HOU,2.990301768696899e-05
2025-26,old,MEM,IND,0.000662181934386408
2025-26,old,MEM,LAC,0.00010137389311942426
2025-26,old,MEM,LAL,0.017419112206674525
2025-26,old,MEM,MIA,0.010271717940468085
2025-26,old,MEM,MIL,0.005693965423531056
2025-26,old,MEM,MIN,0.0005886314751716843
2025-26,old,MEM,NOP,0.0
2025-26,old,MEM,NYK,0.014564385819449573
2025-26,old,MEM,OKC,0.04228549235231341
2025-26,old,MEM,ORL,0.0
2025-26,old,MEM,PHI,0.0378437752391018
2025-26,old,MEM,PHX,0.0
2025-26,old,MEM,POR,0.014649462241957784
2025-26,old,MEM,SAC,0.00021253077732455466
2025-26,old,MEM,SAS,0.04658755366993539
2025-26,old,MEM,TOR,0.011341320897381218
2025-26,old,MEM,UTA,0.010347791043559795
2025-26,old,MEM,WAS,0.00048599137806189084
2025-26,old,MIA,ATL,0.0356672954577792
2025-26,old,MIA,BKN,0.0014043657351567708
2025-26,old,MIA,BOS,0.004379310390093075
2025-26,old,MIA,CHA,0.05368290395544217
2025-26,old,MIA,CHI,0.002941006823186373
2025-26,old,MIA,CLE,0.005298491385203368
2025-26,old,MIA,DAL,0.0025778615502710274
2025-26,old,MIA,DEN,0.009911287903520964
2025-26,old,MIA,DET,0.011467941689068162
2025-26,old,MIA,GSW,0.0029130793706218516
2025-26,old,MIA,HOU,1.4816810565615266e-05
2025-26,old,MIA,IND,0.0016407900371118605
2025-26,old,MIA,LAC,0.0022204800670350697
2025-26,old,MIA,LAL,0.004696198841829914
2025-26,old,MIA,MEM,0.03041163803784755
2025-26,old,MIA,MIL,0.0008329741110029666
2025-26,old,MIA,MIN,0.003592941859387792
2025-26,old,MIA,NOP,0.0
2025-26,old,MIA,NYK,0.011313308158243109
2025-26,old,MIA,OKC,0.03749865150685176
2025-26,old,MIA,ORL,0.0
2025-26,old,MIA,PHI,0.007115662322700293
2025-26,old,MIA,PHX,0.0
2025-26,old,MIA,POR,0.0070330922307220555
2025-26,old,MIA,SAC,0.0015482211527366218
2025-26,old,MIA,SAS,0.017011314653369986
2025-26,old,MIA,TOR,0.019329875522809313
2025-26,old,MIA,UTA,0.0017758620474567822
2025-26,old,MIA,WAS,0.0016333512770782765
2025-26,old,MIL,ATL,0.024314655455728546
2025-26,old,MIL,BKN,0.002823615648773114
2025-26,old,MIL,BOS,0.0027898707062584058
2025-26,old,MIL,CHA,0.010216717031840634
2025-26,old,MIL,CHI,0.07445611021758373
2025-26,old,MIL,CLE,0.00011637931215930091
2025-26,old,MIL,DAL,0.0038033000681480605
2025-26,old,MIL,DEN,0.004063876442659273
2025-26,old,MIL,DET,0.0036532867427891257
2025-26,old,MIL,GSW,0.003139928107834304
2025-26,old,MIL,HOU,0.0
2025-26,old,MIL,IND,0.0019467248557452355
2025-26,old,MIL,LAC,0.0023941201241640987
2025-26,old,MIL,LAL,0.002051054473043605
2025-26,old,MIL,MEM,0.011296875044795818
2025-26,old,MIL,MIA,0.0057848643931197406
2025-26,old,MIL,MIN,0.000720905178419218
2025-26,old,MIL,NOP,0.0
2025-26,old,MIL,NYK,0.00024299569369759408
2025-26,old,MIL,OKC,0.040876759977181126
2025-26,old,MIL,ORL,0.0
2025-26,old,MIL,PHI,0.003584816741633692
2025-26,old,MIL,PHX,0.0
2025-26,old,MIL,POR,0.04684135210829774
2025-26,old,MIL,SAC,0.003656275053220697
2025-26,old,MIL,SAS,0.00764143309056165
2025-26,old,MIL,TOR,0.0017681992798425127
2025-26,old,MIL,UTA,0.00043184268914548486
2025-26,old,MIL,WAS,0.002591325273628923
2025-26,old,MIN,ATL,0.013764278074156429
2025-26,old,MIN,BKN,3.6225638661115524e-06
2025-26,old,MIN,BOS,0.005880388008623287
2025-26,old,MIN,CHA,0.014225952221825393
2025-26,old,MIN,CHI,0.013017756810945788
2025-26,old,MIN,CLE,0.0032015086443099223
2025-26,old,MIN,DAL,0.006053442697199662
2025-26,old,MIN,DEN,0.017726553067282498
2025-26,old,MIN,DET,0.05289709095825073
2025-26,old,MIN,GSW,0.004639279242010558
2025-26,old,MIN,HOU,2.9903017686968994e-05
2025-26,old,MIN,IND,4.245823475749747e-06
2025-26,old,MIN,LAC,1.7929464253582238e-06
2025-26,old,MIN,LAL,0.01663980299807828
2025-26,old,MIN,MEM,0.05278609964870125
2025-26,old,MIN,MIA,0.01005271849710591
2025-26,old,MIN,MIL,0.001248922447457203
2025-26,old,MIN,NOP,0.0
2025-26,old,MIN,NYK,0.013399245841890284
2025-26,old,MIN,OKC,0.04375745836767509
2025-26,old,MIN,ORL,0.0
2025-26,old,MIN,PHI,0.015604843785408502
2025-26,old,MIN,PHX,0.0
2025-26,old,MIN,POR,0.013476581921932622
2025-26,old,MIN,SAC,3.6886978227607473e-06
2025-26,old,MIN,SAS,0.00834563551241821
2025-26,old,MIN,TOR,0.014210500861562309
2025-26,old,MIN,UTA,0.000509428901453342
2025-26,old,MIN,WAS,0.00018453663983783713
2025-26,old,NOP,ATL,0.030138200605950516
2025-26,old,NOP,BKN,0.001064206998740411
2025-26,old,NOP,BOS,0.00023599138298746331
2025-26,old,NOP,CHA,0.027016565911679766
2025-26,old,NOP,CHI,0.02509185090510763
2025-26,old,NOP,CLE,8.6206897836307e-06
2025-26,old,NOP,DAL,0.010782479930158196
2025-26,old,NOP,DEN,0.006222329455195518
2025-26,old,NOP,DET,0.0035479526411027426
2025-26,old,NOP,GSW,0.003987277529396689
2025-26,old,NOP,HOU,7.273707004938403e-06
2025-26,old,NOP,IND,0.0009641428180891074
2025-26,old,NOP,LAC,0.0006030518586767375
2025-26,old,NOP,LAL,0.000913043178454175
2025-26,old,NOP,MEM,0.006356950742533786
2025-26,old,NOP,MIA,0.014156492278004572
2025-26,old,NOP,MIL,0.005475484975212219
2025-26,old,NOP,MIN,0.004184536720678243
2025-26,old,NOP,NYK,0.0024234914263220634
2025-26,old,NOP,OKC,0.046961063591365516
2025-26,old,NOP,ORL,0.0
2025-26,old,NOP,PHI,0.005812281006723997
2025-26,old,NOP,PHX,0.0
2025-26,old,NOP,POR,0.03158441393166386
2025-26,old,NOP,SAC,0.0009021021515262732
2025-26,old,NOP,SAS,0.013166486951723243
2025-26,old,NOP,TOR,0.004343560798702366
2025-26,old,NOP,UTA,0.01494908413410203
2025-26,old,NOP,WAS,0.001639816819625939
2025-26,old,NYK,ATL,0.024772359992654456
2025-26,old,NYK,BKN,0.0014485153799960104
2025-26,old,NYK,BOS,0.01723706916737338
2025-26,old,NYK,CHA,0.015066883121254147
2025-26,old,NYK,CHI,0.0059187995380442825
2025-26,old,NYK,CLE,0.002395474078085531
2025-26,old,NYK,DAL,0.007119111952232016
2025-26,old,NYK,DEN,0.014856318836868889
2025-26,old,NYK,DET,0.017151401180308317
2025-26,old,NYK,GSW,0.0018438409226448722
2025-26,old,NYK,HOU,0.0
2025-26,old,NYK,IND,0.00028856537041256945
2025-26,old,NYK,LAC,0.0001882360353114245
2025-26,old,NYK,LAL,0.021243352748074838
2025-26,old,NYK,MEM,0.00622090524319431
2025-26,old,NYK,MIA,0.006844142985679488
2025-26,old,NYK,MIL,0.0008122305362083923
2025-26,old,NYK,MIN,0.00952478454486419
2025-26,old,NYK,NOP,0.0
2025-26,old,NYK,OKC,0.03418630523600854
2025-26,old,NYK,ORL,0.0
2025-26,old,NYK,PHI,0.048922736686252175
2025-26,old,NYK,PHX,0.0
2025-26,old,NYK,POR,0.012505855536218666
2025-26,old,NYK,SAC,0.0007751873556655055
2025-26,old,NYK,SAS,0.007720635778929014
2025-26,old,NYK,TOR,0.0032642570072103274
2025-26,old,NYK,UTA,3.39439660230459e-05
2025-26,old,NYK,WAS,0.00032974138436437555
2025-26,old,OKC,ATL,0.010109375067163615
2025-26,old,OKC,BKN,1.4941939776067262e-06
2025-26,old,OKC,BOS,0.0033329741961065813
2025-26,old,OKC,CHA,0.03027713571390464
2025-26,old,OKC,CHI,0.07620430972313286
2025-26,old,OKC,CLE,0.02464762938722711
2025-26,old,OKC,DAL,0.042699747700559516
2025-26,old,OKC,DEN,0.006740619437364007
2025-26,old,OKC,DET,0.014285021644579409
2025-26,old,OKC,GSW,0.0015897365318612324
2025-26,old,OKC,HOU,2.2359914126292132e-05
2025-26,old,OKC,IND,5.230789723878496e-06
2025-26,old,OKC,LAC,4.0900811707102355e-06
2025-26,old,OKC,LAL,0.009557207584229482
2025-26,old,OKC,MEM,0.02085775914533738
2025-26,old,OKC,MIA,0.014806942569085785
2025-26,old,OKC,MIL,0.007176184956895604
2025-26,old,OKC,MIN,0.012784213401891032
2025-26,old,OKC,NOP,0.0
2025-26,old,OKC,NYK,0.007122575527394254
2025-26,old,OKC,ORL,0.0
2025-26,old,OKC,PHI,0.008060766255769942
2025-26,old,OKC,PHX,0.0
2025-26,old,OKC,POR,0.09917881803969233
2025-26,old,OKC,SAC,7.889911891509415e-07
2025-26,old,OKC,SAS,0.011386314739156031
2025-26,old,OKC,TOR,0.012272415694507917
2025-26,old,OKC,UTA,9.26724155553906e-05
2025-26,old,OKC,WAS,0.00014331897929439262
2025-26,old,ORL,ATL,0.030029094704639585
2025-26,old,ORL,BKN,0.0026827954918012785
2025-26,old,ORL,BOS,0.006297413825201962
2025-26,old,ORL,CHA,0.040982740260340066
2025-26,old,ORL,CHI,0.0037369220414037153
2025-26,old,ORL,CLE,1.0775862229538374e-05
2025-26,old,ORL,DAL,0.00047385820526144105
2025-26,old,ORL,DEN,0.005431778043741267
2025-26,old,ORL,DET,0.02853367493337358
2025-26,old,ORL,GSW,0.00959135330111836
2025-26,old,ORL,HOU,1.4547414009876806e-05
2025-26,old,ORL,IND,0.003205819180735038
2025-26,old,ORL,LAC,0.003244419963294195
2025-26,old,ORL,LAL,0.0053809922767235835
2025-26,old,ORL,MEM,0.1917680507946101
2025-26,old,ORL,MIA,0.04253377217298796
2025-26,old,ORL,MIL,0.003959590450736118
2025-26,old,ORL,MIN,0.0077632005442263025
2025-26,old,ORL,NOP,0.0
2025-26,old,ORL,NYK,0.011868290646697432
2025-26,old,ORL,OKC,0.04870295644461182
2025-26,old,ORL,PHI,0.012863299999970578
2025-26,old,ORL,PHX,0.0
2025-26,old,ORL,POR,0.009252222237832475
2025-26,old,ORL,SAC,0.0016328544907919902
2025-26,old,ORL,SAS,0.03097629257002123
2025-26,old,ORL,TOR,0.033186599173064164
2025-26,old,ORL,UTA,0.0028251617553780362
2025-26,old,ORL,WAS,0.002201239429374127
2025-26,old,PHI,ATL,0.000396012941913294
2025-26,old,PHI,BKN,0.0018970368328239799
2025-26,old,PHI,BOS,0.0030624999982658127
2025-26,old,PHI,CHA,0.03850394358200867
2025-26,old,PHI,CHI,0.01736132782763368
2025-26,old,PHI,CLE,0.012875000007996528
2025-26,old,PHI,DAL,0.007097621816230691
2025-26,old,PHI,DEN,0.002496662983471708
2025-26,old,PHI,DET,0.0044032867333313845
2025-26,old,PHI,GSW,0.007307590712933882
2025-26,old,PHI,HOU,1.4278017454138347e-05
2025-26,old,PHI,IND,0.00014132349471929895
2025-26,old,PHI,LAC,9.72000024857322e-06
2025-26,old,PHI,LAL,0.0029195167587711722
2025-26,old,PHI,MEM,0.019175107750644235
2025-26,old,PHI,MIA,0.028901823012740628
2025-26,old,PHI,MIL,0.0055918642989126995
2025-26,old,PHI,MIN,0.007736530286693495
2025-26,old,PHI,NOP,0.0
2025-26,old,PHI,NYK,0.001008102512988789
2025-26,old,PHI,OKC,0.16200706602953602
2025-26,old,PHI,ORL,0.0
2025-26,old,PHI,PHX,0.0
2025-26,old,PHI,POR,0.005506330542247118
2025-26,old,PHI,SAC,4.2117194715804637e-07
2025-26,old,PHI,SAS,0.09465328643981621
2025-26,old,PHI,TOR,0.04110142865145573
2025-26,old,PHI,UTA,0.0034102907017322963
2025-26,old,PHI,WAS,0.0006293103236159112
2025-26,old,PHX,ATL,0.013401939290162212
2025-26,old,PHX,BKN,0.0012210893605413468
2025-26,old,PHX,BOS,0.0018631465442414423
2025-26,old,PHX,CHA,0.08398793234547533
2025-26,old,PHX,CHI,0.006045502390313326
2025-26,old,PHX,CLE,0.014293103450828968
2025-26,old,PHX,DAL,0.004269839205373437
2025-26,old,PHX,DEN,0.00914151533288249
2025-26,old,PHX,DET,0.008182112129810588
2025-26,old,PHX,GSW,0.006298556045149804
2025-26,old,PHX,HOU,0.00017699353712016778
2025-26,old,PHX,IND,0.0017844954947549712
2025-26,old,PHX,LAC,0.0005189735152488752
2025-26,old,PHX,LAL,0.00905924167707846
2025-26,old,PHX,MEM,0.06728340525525332
2025-26,old,PHX,MIA,0.018266704950279603
2025-26,old,PHX,MIL,0.0020282867579753017
2025-26,old,PHX,MIN,0.011943157521409689
2025-26,old,PHX,NOP,0.0
2025-26,old,PHX,NYK,0.0011309267525512984
2025-26,old,PHX,OKC,0.025035270467393834
2025-26,old,PHX,ORL,0.0
2025-26,old,PHX,PHI,0.004745228566714153
2025-26,old,PHX,POR,0.009241983039295998
2025-26,old,PHX,SAC,2.1312995122445695e-06
2025-26,old,PHX,SAS,0.0054331896361967166
2025-26,old,PHX,TOR,0.016956998181007953
2025-26,old,PHX,UTA,0.0017578124537750881
2025-26,old,PHX,WAS,0.002478987019517104
2025-26,old,POR,ATL,0.0015250538791939299
2025-26,old,POR,BKN,2.135258151221391e-05
2025-26,old,POR,BOS,0.0
2025-26,old,POR,CHA,0.011733452179679566
2025-26,old,POR,CHI,0.16764572726265128
2025-26,old,POR,CLE,0.00027478448741523353
2025-26,old,POR,DAL,0.00021179621411898046
2025-26,old,POR,DEN,0.00014350835657737923
2025-26,old,POR,DET,0.00037284483370403294
2025-26,old,POR,GSW,0.01477465946348699
2025-26,old,POR,HOU,7.004310449199944e-06
2025-26,old,POR,IND,5.8752017945240626e-05
2025-26,old,POR,LAC,0.00036930290830609246
2025-26,old,POR,LAL,2.819096987172813e-05
2025-26,old,POR,MEM,0.005649515186669304
2025-26,old,POR,MIA,0.0140918231942091
2025-26,old,POR,MIL,0.000627963370342482
2025-26,old,POR,MIN,0.0006974676832083033
2025-26,old,POR,NOP,0.0
2025-26,old,POR,NYK,2.3706896904984425e-05
2025-26,old,POR,OKC,0.08537440688719752
2025-26,old,POR,ORL,0.0
2025-26,old,POR,PHI,0.0008358395725009777
2025-26,old,POR,PHX,0.0
2025-26,old,POR,SAC,0.0021823864603109622
2025-26,old,POR,SAS,0.0069259159523062394
2025-26,old,POR,TOR,0.005855500003002171
2025-26,old,POR,UTA,0.0035043103711936484
2025-26,old,POR,WAS,0.0006982758596884719
2025-26,old,SAC,ATL,0.0023227369646614017
2025-26,old,SAC,BKN,0.006636297617633331
2025-26,old,SAC,BOS,5.280172492473804e-05
2025-26,old,SAC,CHA,0.02837540216183476
2025-26,old,SAC,CHI,0.006967246302700554
2025-26,old,SAC,CLE,0.0
2025-26,old,SAC,DAL,0.006209964678428159
2025-26,old,SAC,DEN,0.0038417361664063753
2025-26,old,SAC,DET,0.0022669720168803525
2025-26,old,SAC,GSW,0.00812194871390135
2025-26,old,SAC,HOU,2.235991412629213e-05
2025-26,old,SAC,IND,0.0040512136831105106
2025-26,old,SAC,LAC,0.001287563227478984
2025-26,old,SAC,LAL,0.0052744142438168416
2025-26,old,SAC,MEM,0.03977774783418963
2025-26,old,SAC,MIA,0.014160147212336585
2025-26,old,SAC,MIL,0.003810344796551488
2025-26,old,SAC,MIN,0.004668911726149762
2025-26,old,SAC,NOP,0.0
2025-26,old,SAC,NYK,0.0011252948027598401
2025-26,old,SAC,OKC,0.056233156300273035
2025-26,old,SAC,ORL,0.0
2025-26,old,SAC,PHI,0.0032818352916168265
2025-26,old,SAC,PHX,0.0
2025-26,old,SAC,POR,0.008598126005865629
2025-26,old,SAC,SAS,0.015697467514386013
2025-26,old,SAC,TOR,0.010563209276336222
2025-26,old,SAC,UTA,0.011024784222987864
2025-26,old,SAC,WAS,0.00520608840227239
2025-26,old,SAS,ATL,0.01524461213716081
2025-26,old,SAS,BKN,4.687019486819201e-07
2025-26,old,SAS,BOS,0.007080818990582664
2025-26,old,SAS,CHA,0.058240084026351925
2025-26,old,SAS,CHI,0.027570261514078206
2025-26,old,SAS,CLE,0.04367672413491226
2025-26,old,SAS,DAL,0.013761033667252414
2025-26,old,SAS,DEN,0.0066672272286621296
2025-26,old,SAS,DET,0.009799569005363397
2025-26,old,SAS,GSW,0.005665370302599621
2025-26,old,SAS,HOU,0.00015463362299387567
2025-26,old,SAS,IND,2.721471872567221e-06
2025-26,old,SAS,LAC,2.4116641079261645e-06
2025-26,old,SAS,LAL,0.009060493582042351
2025-26,old,SAS,MEM,0.02828448288090495
2025-26,old,SAS,MIA,0.014564751435485555
2025-26,old,SAS,MIL,0.00036664871330340876
2025-26,old,SAS,MIN,0.02019181047889388
2025-26,old,SAS,NOP,0.0
2025-26,old,SAS,NYK,0.010554148763085008
2025-26,old,SAS,OKC,0.04990461607317576
2025-26,old,SAS,ORL,0.0
2025-26,old,SAS,PHI,0.014533229702935815
2025-26,old,SAS,PHX,0.0
2025-26,old,SAS,POR,0.0051844174291011446
2025-26,old,SAS,SAC,5.384315367322325e-07
2025-26,old,SAS,TOR,0.0160130317236844
2025-26,old,SAS,UTA,6.196120781984567e-05
2025-26,old,SAS,WAS,0.00023329742238776575
2025-26,old,TOR,ATL,0.018468750098294684
2025-26,old,TOR,BKN,0.0012494684361833404
2025-26,old,TOR,BOS,0.004760775896319157
2025-26,old,TOR,CHA,0.045084312872260474
2025-26,old,TOR,CHI,0.0006671564424512045
2025-26,old,TOR,CLE,0.005860991383308609
2025-26,old,TOR,DAL,0.00902045122652521
2025-26,old,TOR,DEN,0.005699810184405348
2025-26,old,TOR,DET,0.008199892331071294
2025-26,old,TOR,GSW,0.0029795647077851266
2025-26,old,TOR,HOU,0.0
2025-26,old,TOR,IND,0.0001538487808162733
2025-26,old,TOR,LAC,0.00021555311439509908
2025-26,old,TOR,LAL,0.005301816940332809
2025-26,old,TOR,MEM,0.013987338672861747
2025-26,old,TOR,MIA,0.03044921851315517
2025-26,old,TOR,MIL,0.005394666012424717
2025-26,old,TOR,MIN,0.022182920454672118
2025-26,old,TOR,NOP,0.0
2025-26,old,TOR,NYK,0.0014541721390709005
2025-26,old,TOR,OKC,0.04890324389409243
2025-26,old,TOR,ORL,0.0
2025-26,old,TOR,PHI,0.011894276822849426
2025-26,old,TOR,PHX,0.0
2025-26,old,TOR,POR,0.00138616473751987
2025-26,old,TOR,SAC,0.0025732510148326836
2025-26,old,TOR,SAS,0.03231546300057931
2025-26,old,TOR,UTA,0.01032785560265344
2025-26,old,TOR,WAS,0.0002475754373329532
2025-26,old,UTA,ATL,0.019254580069421632
2025-26,old,UTA,BKN,0.0061079626509637506
2025-26,old,UTA,BOS,0.00569827598977256
2025-26,old,UTA,CHA,0.0142674058648418
2025-26,old,UTA,CHI,0.01093830147883128
2025-26,old,UTA,CLE,0.0006206896754206512
2025-26,old,UTA,DAL,0.015236994477695581
2025-26,old,UTA,DEN,0.00646266641089011
2025-26,old,UTA,DET,0.013007812567842034
2025-26,old,UTA,GSW,0.0010560332203231237
2025-26,old,UTA,HOU,0.0
2025-26,old,UTA,IND,0.0058612780951308495
2025-26,old,UTA,LAC,0.0037190655725401044
2025-26,old,UTA,LAL,0.00971521759986757
2025-26,old,UTA,MEM,0.00924084063966614
2025-26,old,UTA,MIA,0.005744403261430457
2025-26,old,UTA,MIL,0.001044989223872986
2025-26,old,UTA,MIN,0.0018019935685603338
2025-26,old,UTA,NOP,0.0
2025-26,old,UTA,NYK,0.009080549492573
2025-26,old,UTA,OKC,0.07946179992246812
2025-26,old,UTA,ORL,0.0
2025-26,old,UTA,PHI,0.03686238996589508
2025-26,old,UTA,PHX,0.0
2025-26,old,UTA,POR,0.0014534154033427286
2025-26,old,UTA,SAC,0.008998044358631394
2025-26,old,UTA,SAS,0.007774245797973607
2025-26,old,UTA,TOR,0.0025093840448913323
2025-26,old,UTA,WAS,0.005428879351058075
2025-26,old,WAS,ATL,0.0011549029434862524
2025-26,old,WAS,BKN,0.0054311159979347325
2025-26,old,WAS,BOS,0.0024116379104490424
2025-26,old,WAS,CHA,0.01564526470478506
2025-26,old,WAS,CHI,0.002996316803074021
2025-26,old,WAS,CLE,0.001921336202850116
2025-26,old,WAS,DAL,0.001948171709553968
2025-26,old,WAS,DEN,0.0002823201230758727
2025-26,old,WAS,DET,0.00026885776399185167
2025-26,old,WAS,GSW,0.0025218345906323964
2025-26,old,WAS,HOU,0.0
2025-26,old,WAS,IND,0.002665310013399387
2025-26,old,WAS,LAC,0.017783767364609647
2025-26,old,WAS,LAL,0.0009032515276180366
2025-26,old,WAS,MEM,0.033378502520178606
2025-26,old,WAS,MIA,0.0057428760196962855
2025-26,old,WAS,MIL,0.0013954741006379889
2025-26,old,WAS,MIN,0.005706627198258126
2025-26,old,WAS,NOP,0.0
2025-26,old,WAS,NYK,0.005395474054591734
2025-26,old,WAS,OKC,0.01840118270320244
2025-26,old,WAS,ORL,0.0
2025-26,old,WAS,PHI,0.0015196442303042454
2025-26,old,WAS,PHX,0.0
2025-26,old,WAS,POR,0.008036256822779628
2025-26,old,WAS,SAC,0.004534410209577057
2025-26,old,WAS,SAS,0.004903825399875319
2025-26,old,WAS,TOR,0.0036135581556547753
2025-26,old,WAS,UTA,0.008501885928883984
