season,day,game_id,rule,mean_abs_third,h2_sample,precision_met,n_worlds
2020-21,2021-03-21,401307441,old,0.0016287266518586298,True,True,32000
2020-21,2021-03-21,401307441,new,0.0022316479127561487,True,True,32000
2020-21,2021-03-21,401307440,old,0.0,True,True,32000
2020-21,2021-03-21,401307440,new,0.0,True,True,32000
2020-21,2021-03-22,401307442,old,0.0,False,True,32000
2020-21,2021-03-22,401307442,new,0.0,False,True,32000
2020-21,2021-03-22,401307443,old,0.0005585641431344326,True,True,32000
2020-21,2021-03-22,401307443,new,0.0002584706351803075,True,True,32000
2020-21,2021-03-22,401307444,old,0.0006043977434214686,False,True,32000
2020-21,2021-03-22,401307444,new,0.002214525269463976,False,True,32000
2020-21,2021-03-22,401307445,old,0.0008200648289056966,True,True,32000
2020-21,2021-03-22,401307445,new,0.000620304222835974,True,True,32000
2020-21,2021-03-22,401307448,old,0.0019056257121643123,True,True,32000
2020-21,2021-03-22,401307448,new,0.002645244300523636,True,True,32000
2020-21,2021-03-22,401307446,old,0.0007293266703724343,True,True,32000
2020-21,2021-03-22,401307446,new,0.0006513548355349458,True,True,32000
2020-21,2021-03-22,401307447,old,0.00045507504372986125,False,True,32000
2020-21,2021-03-22,401307447,new,0.0015631261354545607,False,True,32000
2020-21,2021-03-22,401307449,old,0.0006153303408263121,True,True,32000
2020-21,2021-03-22,401307449,new,0.0010012885636068165,True,True,32000
2020-21,2021-03-23,401307450,old,0.00047726290398505353,False,True,32000
2020-21,2021-03-23,401307450,new,0.0009048080685691701,False,True,32000
2020-21,2021-03-23,401307451,old,0.0005788474173197129,True,True,32000
2020-21,2021-03-23,401307451,new,0.0009688895074704676,True,True,32000
2020-21,2021-03-23,401307453,old,0.0023770289349670207,True,True,32000
2020-21,2021-03-23,401307453,new,0.002842064837755886,True,True,32000
2020-21,2021-03-23,401307452,old,0.0009463779447601322,False,True,32000
2020-21,2021-03-23,401307452,new,0.0005513659930362526,False,True,32000
2020-21,2021-03-23,401307455,old,0.0007476269683162746,True,True,32000
2020-21,2021-03-23,401307455,new,0.001081433211444005,True,True,32000
2020-21,2021-03-23,401307454,old,0.001716412885421554,True,True,32000
2020-21,2021-03-23,401307454,new,0.0018904968284879572,True,True,32000
2020-21,2021-03-24,401307456,old,0.0008492502289516535,True,True,32000
2020-21,2021-03-24,401307456,new,0.0015305332062544531,True,True,32000
2020-21,2021-03-24,401307459,old,0.0007254902153280811,False,True,32000
2020-21,2021-03-24,401307459,new,0.0006103415817691739,False,True,32000
2020-21,2021-03-24,401307457,old,0.0020740242681833577,True,True,32000
2020-21,2021-03-24,401307457,new,0.002373883827243077,True,True,32000
2020-21,2021-03-24,401307463,old,0.00010873037093996269,True,True,32000
2020-21,2021-03-24,401307463,new,0.0003887387650610181,True,True,32000
2020-21,2021-03-24,401307460,old,0.00038764399801186875,True,True,32000
2020-21,2021-03-24,401307460,new,0.0002496350579495635,True,True,32000
2020-21,2021-03-24,401307458,old,0.0003641183078925589,False,True,32000
2020-21,2021-03-24,401307458,new,0.0005830703574284944,False,True,32000
2020-21,2021-03-24,401307462,old,0.0015691726734434147,True,True,32000
2020-21,2021-03-24,401307462,new,0.002755402451131536,True,True,32000
2020-21,2021-03-24,401307461,old,0.0008223821332546927,True,True,32000
2020-21,2021-03-24,401307461,new,0.001195303075542729,True,True,32000
2020-21,2021-03-24,401307464,old,0.001137840447922796,True,True,32000
2020-21,2021-03-24,401307464,new,0.0016583420526111714,True,True,32000
2020-21,2021-03-24,401307465,old,0.0,True,True,32000
2020-21,2021-03-24,401307465,new,0.0,True,True,32000
2020-21,2021-03-24,401307466,old,0.0009322345089670697,False,True,32000
2020-21,2021-03-24,401307466,new,0.0011702015286051603,False,True,32000
2020-21,2021-03-25,401307468,old,0.0006429531751700743,True,False,32000
2020-21,2021-03-25,401307468,new,0.0013245375882384562,True,False,32000
2020-21,2021-03-25,401307467,old,0.001612831636485759,True,False,32000
2020-21,2021-03-25,401307467,new,0.0033891273818202785,True,False,32000
2020-21,2021-03-25,401307469,old,0.0013231765527236515,True,False,32000
2020-21,2021-03-25,401307469,new,0.0017955685604355103,True,False,32000
2020-21,2021-03-25,401307471,old,0.0007854994596283421,True,False,32000
2020-21,2021-03-25,401307471,new,0.0009080097100026958,True,False,32000
2020-21,2021-03-25,401307470,old,0.00022379864959698912,True,False,32000
2020-21,2021-03-25,401307470,new,0.00042170721475463666,True,False,32000
2020-21,2021-03-26,401307473,old,0.0010801424861244132,False,True,32000
2020-21,2021-03-26,401307473,new,0.0007255536158276342,False,True,32000
2020-21,2021-03-26,401307472,old,0.00028328972634797877,True,True,32000
2020-21,2021-03-26,401307472,new,0.00040285833423926595,True,True,32000
2020-21,2021-03-26,401307474,old,0.0020888301372032777,True,True,32000
2020-21,2021-03-26,401307474,new,0.002540913411093797,True,True,32000
2020-21,2021-03-26,401307478,old,0.0008386488669217029,False,True,32000
2020-21,2021-03-26,401307478,new,0.0004971187217627786,False,True,32000
2020-21,2021-03-26,401307476,old,0.0006697117121227044,True,True,32000
2020-21,2021-03-26,401307476,new,0.0010824130506338313,True,True,32000
2020-21,2021-03-26,401307477,old,0.0,True,True,32000
2020-21,2021-03-26,401307477,new,0.0,True,True,32000
2020-21,2021-03-26,401307475,old,0.001613358220412669,True,True,32000
2020-21,2021-03-26,401307475,new,0.001979756773221668,True,True,32000
2020-21,2021-03-26,401307479,old,0.0020100811772164264,True,True,32000
2020-21,2021-03-26,401307479,new,0.003316504968224288,True,True,32000
2020-21,2021-03-26,401307480,old,0.0009697900271280933,False,True,32000
2020-21,2021-03-26,401307480,new,0.001459993345963829,False,True,32000
2020-21,2021-03-26,401307481,old,0.000901021296687303,True,True,32000
2020-21,2021-03-26,401307481,new,0.0017587829195993623,True,True,32000
2020-21,2021-03-26,401307482,old,0.00047218213466674496,True,True,32000
2020-21,2021-03-26,401307482,new,0.0008118468967490744,True,True,32000
2020-21,2021-03-27,401307483,old,0.00012447560027991812,True,True,32000
2020-21,2021-03-27,401307483,new,0.0,True,True,32000
2020-21,2021-03-27,401307485,old,0.0,True,True,32000
2020-21,2021-03-27,401307485,new,0.0,True,True,32000
2020-21,2021-03-27,401307484,old,0.00204239106342903,True,True,32000
2020-21,2021-03-27,401307484,new,0.002595288070589932,True,True,32000
2020-21,2021-03-27,401307486,old,0.0007298697443874627,True,True,32000
2020-21,2021-03-27,401307486,new,0.0009780684626844599,True,True,32000
2020-21,2021-03-27,401307488,old,0.0012421710958764654,True,True,32000
2020-21,2021-03-27,401307488,new,0.001253155099785842,True,True,32000
2020-21,2021-03-27,401307489,old,0.0009926284834865682,False,True,32000
2020-21,2021-03-27,401307489,new,0.0012107672875213103,False,True,32000
2020-21,2021-03-27,401307487,old,0.0018363224737365537,True,True,32000
2020-21,2021-03-27,401307487,new,0.0023090892986931126,True,True,32000
2020-21,2021-03-27,401307490,old,0.0,True,True,32000
2020-21,2021-03-27,401307490,new,0.0,True,True,32000
2020-21,2021-03-27,401307491,old,0.00040279711286381203,False,True,32000
2020-21,2021-03-27,401307491,new,0.0,False,True,32000
2020-21,2021-03-28,401307492,old,0.0009421390685586039,False,True,32000
2020-21,2021-03-28,401307492,new,0.0012275882315015646,False,True,32000
2020-21,2021-03-28,401307493,old,0.0013505634232287987,True,True,32000
2020-21,2021-03-28,401307493,new,0.001376904500078131,True,True,32000
2020-21,2021-03-28,401307494,old,0.000689703919705751,False,True,32000
2020-21,2021-03-28,401307494,new,0.0011748775606882822,False,True,32000
2020-21,2021-03-28,401307495,old,0.00047489324068164025,True,True,32000
2020-21,2021-03-28,401307495,new,0.0008084939906599112,True,True,32000
2020-21,2021-03-29,401307496,old,0.000887613715971807,False,True,32000
2020-21,2021-03-29,401307496,new,0.001386357572548464,False,True,32000
2020-21,2021-03-29,401307498,old,0.00041768011472731584,True,True,32000
2020-21,2021-03-29,401307498,new,0.00041768011472731584,True,True,32000
2020-21,2021-03-29,401307499,old,0.0016087111304383642,True,True,32000
2020-21,2021-03-29,401307499,new,0.002078028787541079,True,True,32000
2020-21,2021-03-29,401307497,old,0.001037589360263271,False,True,32000
2020-21,2021-03-29,401307497,new,0.001242507448387033,False,True,32000
2020-21,2021-03-29,401307502,old,0.0016761969312069041,True,True,32000
2020-21,2021-03-29,401307502,new,0.0021443597006042038,True,True,32000
2020-21,2021-03-29,401307501,old,0.0009441094578331828,True,True,32000
2020-21,2021-03-29,401307501,new,0.0011723783954581807,True,True,32000
2020-21,2021-03-29,401307500,old,0.00039847770239082584,True,True,32000
2020-21,2021-03-29,401307500,new,0.00024392111538886434,True,True,32000
2020-21,2021-03-29,401307503,old,0.00010804852540415437,False,True,32000
2020-21,2021-03-29,401307503,new,0.0005126935401517585,False,True,32000
2020-21,2021-03-29,401307504,old,0.00017548161563681421,True,True,32000
2020-21,2021-03-29,401307504,new,0.0,True,True,32000
2020-21,2021-03-29,401307505,old,0.0009242559733300357,True,True,32000
2020-21,2021-03-29,401307505,new,0.0007587038495671913,True,True,32000
2020-21,2021-03-29,401307506,old,0.0009221540237646472,True,True,32000
2020-21,2021-03-29,401307506,new,0.0009186433360392481,True,True,32000
2020-21,2021-03-30,401307507,old,0.0011374107254133712,False,True,32000
2020-21,2021-03-30,401307507,new,0.0014207183977863955,False,True,32000
2020-21,2021-03-30,401307508,old,0.00028232452700062535,False,True,32000
2020-21,2021-03-30,401307508,new,0.00044861654321568965,False,True,32000
2020-21,2021-03-30,401307510,old,0.0011764325115343319,False,True,32000
2020-21,2021-03-30,401307510,new,0.00170649477473704,False,True,32000
2020-21,2021-03-30,401307509,old,0.0004262623130073722,True,True,32000
2020-21,2021-03-30,401307509,new,0.0006090478817973885,True,True,32000
2020-21,2021-03-31,401307511,old,0.0007478523677940419,True,True,32000
2020-21,2021-03-31,401307511,new,0.0010431234614202375,True,True,32000
2020-21,2021-03-31,401307512,old,0.00152615071130183,True,True,32000
2020-21,2021-03-31,401307512,new,0.0019646513177666316,True,True,32000
2020-21,2021-03-31,401307514,old,0.00042814809492940607,True,True,32000
2020-21,2021-03-31,401307514,new,0.0004281577162349682,True,True,32000
2020-21,2021-03-31,401307513,old,0.001662814455141521,True,True,32000
2020-21,2021-03-31,401307513,new,0.0034714592938784043,True,True,32000
2020-21,2021-03-31,401307516,old,0.0007951939262477748,True,True,32000
2020-21,2021-03-31,401307516,new,0.001498024634517601,True,True,32000
2020-21,2021-03-31,401307517,old,0.0,True,True,32000
2020-21,2021-03-31,401307517,new,0.00020434302417790805,True,True,32000
2020-21,2021-03-31,401307515,old,0.0008650189280254157,False,True,32000
2020-21,2021-03-31,401307515,new,0.0013001415507709554,False,True,32000
2020-21,2021-03-31,401307518,old,0.0,False,True,32000
2020-21,2021-03-31,401307518,new,0.0,False,True,32000
2020-21,2021-03-31,401307520,old,0.001471047800478816,True,True,32000
2020-21,2021-03-31,401307520,new,0.0008340809234912541,True,True,32000
2020-21,2021-03-31,401307519,old,0.0009873191207309547,True,True,32000
2020-21,2021-03-31,401307519,new,0.0013231928916818368,True,True,32000
2020-21,2021-04-01,401307521,old,0.0008929992845282856,False,True,8000
2020-21,2021-04-01,401307521,new,0.000587207522306917,False,True,8000
2020-21,2021-04-01,401307522,old,0.00034636018540961776,True,True,8000
2020-21,2021-04-01,401307522,new,0.00012049681954844962,True,True,8000
2020-21,2021-04-01,401307523,old,0.0008526557551921439,True,True,8000
2020-21,2021-04-01,401307523,new,0.0011738230104418215,True,True,8000
2020-21,2021-04-01,401307524,old,0.002228826265456638,True,True,8000
2020-21,2021-04-01,401307524,new,0.0032825915444779303,True,True,8000
2020-21,2021-04-01,401307525,old,0.0007932949559629824,False,True,8000
2020-21,2021-04-01,401307525,new,0.0004195703093008291,False,True,8000
2020-21,2021-04-01,401307526,old,0.0005594214938647886,False,True,8000
2020-21,2021-04-01,401307526,new,0.0021761458902166083,False,True,8000
2020-21,2021-04-01,401307527,old,0.0,True,True,8000
2020-21,2021-04-01,401307527,new,0.0,True,True,8000
2020-21,2021-04-02,401307531,old,0.0007744320896579216,True,True,32000
2020-21,2021-04-02,401307531,new,0.0007305556067886286,True,True,32000
2020-21,2021-04-02,401307529,old,0.0004913393035719727,True,True,32000
2020-21,2021-04-02,401307529,new,0.0016728279910462537,True,True,32000
2020-21,2021-04-02,401307528,old,0.0008315672760566756,True,True,32000
2020-21,2021-04-02,401307528,new,0.0013323304198944075,True,True,32000
2020-21,2021-04-02,401307532,old,0.0008682239252783151,True,True,32000
2020-21,2021-04-02,401307532,new,0.000992631566948438,True,True,32000
2020-21,2021-04-02,401307530,old,0.0,False,True,32000
2020-21,2021-04-02,401307530,new,0.00035024645209779336,False,True,32000
2020-21,2021-04-02,401307533,old,0.0006462778671309077,False,True,32000
2020-21,2021-04-02,401307533,new,0.0013865424754131285,False,True,32000
2020-21,2021-04-02,401307534,old,0.0007463301218226505,True,True,32000
2020-21,2021-04-02,401307534,new,0.00031373825944102887,True,True,32000
2020-21,2021-04-02,401307535,old,0.0013900173947694425,True,True,32000
2020-21,2021-04-02,401307535,new,0.0006794086185432273,True,True,32000
2020-21,2021-04-02,401307537,old,0.0010254417425033682,True,True,32000
2020-21,2021-04-02,401307537,new,0.0013044695619012247,True,True,32000
2020-21,2021-04-02,401307536,old,0.0005750529549485974,True,True,32000
2020-21,2021-04-02,401307536,new,0.0007863584705722002,True,True,32000
2020-21,2021-04-03,401307538,old,0.0015618120128949164,True,True,32000
2020-21,2021-04-03,401307538,new,0.0018750014755862467,True,True,32000
2020-21,2021-04-03,401307539,old,0.0004970558272928699,True,True,32000
2020-21,2021-04-03,401307539,new,0.001016136077304455,True,True,32000
2020-21,2021-04-03,401307540,old,0.001865982956173563,True,True,32000
2020-21,2021-04-03,401307540,new,0.0022319416284794606,True,True,32000
2020-21,2021-04-03,401307541,old,0.0005406596586490875,True,True,32000
2020-21,2021-04-03,401307541,new,0.0005486557402473377,True,True,32000
2020-21,2021-04-03,401307543,old,0.00021774412897814603,True,True,32000
2020-21,2021-04-03,401307543,new,0.0,True,True,32000
2020-21,2021-04-03,401307542,old,0.0004051412736083289,False,True,32000
2020-21,2021-04-03,401307542,new,0.0016359823928942935,False,True,32000
2020-21,2021-04-03,401307544,old,0.001267629821983835,True,True,32000
2020-21,2021-04-03,401307544,new,0.000853001107747502,True,True,32000
2020-21,2021-04-03,401307545,old,0.002260882702703926,True,True,32000
2020-21,2021-04-03,401307545,new,0.0018564276072678,True,True,32000
2020-21,2021-04-04,401307546,old,0.001440905678755269,True,True,32000
2020-21,2021-04-04,401307546,new,0.0009628791687696498,True,True,32000
2020-21,2021-04-04,401307548,old,0.0,True,True,32000
2020-21,2021-04-04,401307548,new,0.0005628387970997627,True,True,32000
2020-21,2021-04-04,401307547,old,0.0,False,True,32000
2020-21,2021-04-04,401307547,new,0.0003469737821763424,False,True,32000
2020-21,2021-04-04,401307549,old,0.0007051062721035565,False,True,32000
2020-21,2021-04-04,401307549,new,0.0013421748176010216,False,True,32000
2020-21,2021-04-04,401307550,old,0.000586553464313228,True,True,32000
2020-21,2021-04-04,401307550,new,0.00152682134735756,True,True,32000
2020-21,2021-04-04,401307551,old,0.0007983490198816356,True,True,32000
2020-21,2021-04-04,401307551,new,0.00013498900313911667,True,True,32000
2020-21,2021-04-04,401307552,old,0.000685827925422969,False,True,32000
2020-21,2021-04-04,401307552,new,0.0006374755858948348,False,True,32000
2020-21,2021-04-05,401307555,old,0.0013291574576363068,True,True,32000
2020-21,2021-04-05,401307555,new,0.0020953904612563547,True,True,32000
2020-21,2021-04-05,401307553,old,0.00011821705713803479,False,True,32000
2020-21,2021-04-05,401307553,new,0.00020675074363160615,False,True,32000
2020-21,2021-04-05,401307559,old,0.0005995036366656858,False,True,32000
2020-21,2021-04-05,401307559,new,0.00019404924982750505,False,True,32000
2020-21,2021-04-05,401307558,old,0.0008406174242954984,True,True,32000
2020-21,2021-04-05,401307558,new,0.0,True,True,32000
2020-21,2021-04-05,401307557,old,0.0008441283131149355,True,True,32000
2020-21,2021-04-05,401307557,new,0.0,True,True,32000
2020-21,2021-04-05,401307554,old,0.0010683618166313655,True,True,32000
2020-21,2021-04-05,401307554,new,0.0017927810540048787,True,True,32000
2020-21,2021-04-05,401307556,old,0.0005231296235587668,True,True,32000
2020-21,2021-04-05,401307556,new,0.0005229711031938159,True,True,32000
2020-21,2021-04-06,401307560,old,0.000939762969225388,True,True,32000
2020-21,2021-04-06,401307560,new,0.0012532955208305438,True,True,32000
2020-21,2021-04-06,401307561,old,0.0008894484752807009,False,True,32000
2020-21,2021-04-06,401307561,new,0.0011964676499011547,False,True,32000
2020-21,2021-04-06,401307563,old,0.0007596225016074933,True,True,32000
2020-21,2021-04-06,401307563,new,0.0012641608310077583,True,True,32000
2020-21,2021-04-06,401307562,old,0.001035242932766182,False,True,32000
2020-21,2021-04-06,401307562,new,0.001571444715052565,False,True,32000
2020-21,2021-04-06,401307564,old,0.0010201566382989416,True,True,32000
2020-21,2021-04-06,401307564,new,0.0027317157727238506,True,True,32000
2020-21,2021-04-06,401307565,old,0.0007508808575831782,True,True,32000
2020-21,2021-04-06,401307565,new,0.0007694400682627952,True,True,32000
2020-21,2021-04-06,401307567,old,0.001044687118819601,True,True,32000
2020-21,2021-04-06,401307567,new,0.0013506256757409127,True,True,32000
2020-21,2021-04-06,401307566,old,0.0022509131236800044,True,True,32000
2020-21,2021-04-06,401307566,new,0.0017973670088384792,True,True,32000
2020-21,2021-04-07,401307569,old,0.0,False,True,32000
2020-21,2021-04-07,401307569,new,0.0,False,True,32000
2020-21,2021-04-07,401307568,old,0.0005968401346953567,True,True,32000
2020-21,2021-04-07,401307568,new,0.0012320189796801966,True,True,32000
2020-21,2021-04-07,401307570,old,0.0,True,True,32000
2020-21,2021-04-07,401307570,new,0.0001876054358999995,True,True,32000
2020-21,2021-04-07,401307571,old,0.0015213475343880342,True,True,32000
2020-21,2021-04-07,401307571,new,0.000724205284381143,True,True,32000
2020-21,2021-04-07,401307574,old,0.0010020412632660955,True,True,32000
2020-21,2021-04-07,401307574,new,0.0009474886276093088,True,True,32000
2020-21,2021-04-07,401307572,old,0.00010759505752521094,False,True,32000
2020-21,2021-04-07,401307572,new,0.001006103823290649,False,True,32000
2020-21,2021-04-07,401307573,old,0.0012079838391259592,True,True,32000
2020-21,2021-04-07,401307573,new,0.0019164367418375904,True,True,32000
2020-21,2021-04-07,401307575,old,0.0013674914821883565,False,True,32000
2020-21,2021-04-07,401307575,new,0.0008705880827092814,False,True,32000
2020-21,2021-04-07,401307576,old,0.00034952278755917196,True,True,32000
2020-21,2021-04-07,401307576,new,0.00034952278755917196,True,True,32000
2020-21,2021-04-08,401313155,old,0.0002545729835493584,True,True,32000
2020-21,2021-04-08,401313155,new,0.0003023225034208397,True,True,32000
2020-21,2021-04-08,401307578,old,0.0,True,True,32000
2020-21,2021-04-08,401307578,new,0.0,True,True,32000
2020-21,2021-04-08,401307577,old,0.0016655593943628079,True,True,32000
2020-21,2021-04-08,401307577,new,0.003032160765247621,True,True,32000
2020-21,2021-04-08,401307579,old,0.002509379828987721,True,True,32000
2020-21,2021-04-08,401307579,new,0.0032960427411855117,True,True,32000
2020-21,2021-04-08,401307580,old,0.0008970964075964938,True,True,32000
2020-21,2021-04-08,401307580,new,0.0012067182041032183,True,True,32000
2020-21,2021-04-08,401307582,old,0.0007690814132521132,True,True,32000
2020-21,2021-04-08,401307582,new,0.0,True,True,32000
2020-21,2021-04-08,401307581,old,0.0001271744158709355,True,True,32000
2020-21,2021-04-08,401307581,new,0.00012617379987957597,True,True,32000
2020-21,2021-04-09,401307583,old,0.00036181639892357505,False,True,32000
2020-21,2021-04-09,401307583,new,0.0013397576328837517,False,True,32000
2020-21,2021-04-09,401307584,old,0.0010112839607217402,True,True,32000
2020-21,2021-04-09,401307584,new,0.0005280704552485095,True,True,32000
2020-21,2021-04-09,401307585,old,0.0006750029552119122,True,True,32000
2020-21,2021-04-09,401307585,new,0.0011671342545123936,True,True,32000
2020-21,2021-04-09,401307586,old,0.00033155326007008,True,True,32000
2020-21,2021-04-09,401307586,new,0.0013138034508933273,True,True,32000
2020-21,2021-04-09,401307588,old,0.0012679684929079711,False,True,32000
2020-21,2021-04-09,401307588,new,0.000736394462344681,False,True,32000
2020-21,2021-04-09,401307589,old,0.0014895518356187862,True,True,32000
2020-21,2021-04-09,401307589,new,0.0017342049275619975,True,True,32000
2020-21,2021-04-09,401307590,old,0.0011270282577097227,False,True,32000
2020-21,2021-04-09,401307590,new,0.0006263469844396177,False,True,32000
2020-21,2021-04-09,401307591,old,0.00014249280652642144,True,True,32000
2020-21,2021-04-09,401307591,new,0.00015392293989978568,True,True,32000
2020-21,2021-04-09,401307592,old,0.0006004464277624968,True,True,32000
2020-21,2021-04-09,401307592,new,0.0006004464303130707,True,True,32000
2020-21,2021-04-10,401307587,old,0.0,False,True,32000
2020-21,2021-04-10,401307587,new,0.0,False,True,32000
2020-21,2021-04-10,401307593,old,0.0008305938109444006,True,True,32000
2020-21,2021-04-10,401307593,new,0.0013473112155530508,True,True,32000
2020-21,2021-04-10,401307594,old,0.0012578841646822033,True,True,32000
2020-21,2021-04-10,401307594,new,0.0007412638581893236,True,True,32000
2020-21,2021-04-10,401307595,old,0.0006982931890133238,True,True,32000
2020-21,2021-04-10,401307595,new,0.0,True,True,32000
2020-21,2021-04-10,401307597,old,0.001118959902342347,False,True,32000
2020-21,2021-04-10,401307597,new,0.0007006336831072807,False,True,32000
2020-21,2021-04-10,401307596,old,0.0006444039682706877,True,True,32000
2020-21,2021-04-10,401307596,new,0.00010804259529027035,True,True,32000
2020-21,2021-04-10,401307598,old,0.0010441298935325533,True,True,32000
2020-21,2021-04-10,401307598,new,0.001145332874059942,True,True,32000
2020-21,2021-04-11,401307599,old,0.0,False,True,32000
2020-21,2021-04-11,401307599,new,0.0,False,True,32000
2020-21,2021-04-11,401307600,old,0.0010042177839500025,False,True,32000
2020-21,2021-04-11,401307600,new,0.0014504465290951553,False,True,32000
2020-21,2021-04-11,401307602,old,0.001057305757721595,True,True,32000
2020-21,2021-04-11,401307602,new,0.0010154900812185397,True,True,32000
2020-21,2021-04-11,401307601,old,0.0003437156282531646,False,True,32000
2020-21,2021-04-11,401307601,new,0.00026393135090752436,False,True,32000
2020-21,2021-04-11,401307605,old,0.00013168987347150136,False,True,32000
2020-21,2021-04-11,401307605,new,0.0016743605599869372,False,True,32000
2020-21,2021-04-11,401307604,old,0.0022083602516126217,True,True,32000
2020-21,2021-04-11,401307604,new,0.00231501557403574,True,True,32000
2020-21,2021-04-11,401307606,old,0.0009392701886885591,True,True,32000
2020-21,2021-04-11,401307606,new,0.00031929683447052756,True,True,32000
2020-21,2021-04-11,401307603,old,0.0005695542979426139,True,True,32000
2020-21,2021-04-11,401307603,new,0.001056193669468509,True,True,32000
2020-21,2021-04-11,401307608,old,0.0009452255982108979,True,True,32000
2020-21,2021-04-11,401307608,new,0.002574891014743324,True,True,32000
2020-21,2021-04-11,401307607,old,0.0006329769770577787,True,True,32000
2020-21,2021-04-11,401307607,new,0.000758952728845903,True,True,32000
2020-21,2021-04-12,401307609,old,0.00047776833164126653,True,True,32000
2020-21,2021-04-12,401307609,new,0.001469181172438982,True,True,32000
2020-21,2021-04-12,401307612,old,0.0016774768929459746,True,True,32000
2020-21,2021-04-12,401307612,new,0.002654204325275525,True,True,32000
2020-21,2021-04-12,401307610,old,0.0005124375903364719,False,True,32000
2020-21,2021-04-12,401307610,new,0.00038363737871292965,False,True,32000
2020-21,2021-04-12,401307613,old,0.0009189752877422506,True,True,32000
2020-21,2021-04-12,401307613,new,0.0013646005712390596,True,True,32000
2020-21,2021-04-12,401307614,old,0.0001472947288266145,False,True,32000
2020-21,2021-04-12,401307614,new,0.00022173574139286545,False,True,32000
2020-21,2021-04-12,401307615,old,0.0004901953662368117,True,True,32000
2020-21,2021-04-12,401307615,new,0.00015984223354258007,True,True,32000
2020-21,2021-04-12,401307617,old,0.00044512007783842046,True,True,32000
2020-21,2021-04-12,401307617,new,0.00044510083525166897,True,True,32000
2020-21,2021-04-12,401307616,old,0.0011919085904397925,True,True,32000
2020-21,2021-04-12,401307616,new,0.0011716236646624881,True,True,32000
2020-21,2021-04-13,401320524,old,0.0005720828273068466,True,True,32000
2020-21,2021-04-13,401320524,new,0.0004433100923774156,True,True,32000
2020-21,2021-04-13,401307619,old,0.001511857564500635,False,True,32000
2020-21,2021-04-13,401307619,new,0.0014743342377185346,False,True,32000
2020-21,2021-04-13,401307618,old,0.0010292905569250956,True,True,32000
2020-21,2021-04-13,401307618,new,0.0019621041143482597,True,True,32000
2020-21,2021-04-13,401307620,old,0.0003798289451174295,True,True,32000
2020-21,2021-04-13,401307620,new,0.0011839968048899508,True,True,32000
2020-21,2021-04-13,401307621,old,0.0006900146887030667,True,True,32000
2020-21,2021-04-13,401307621,new,0.00011553263551213785,True,True,32000
2020-21,2021-04-13,401307622,old,0.0025516708986142744,True,True,32000
2020-21,2021-04-13,401307622,new,0.003185905749962617,True,True,32000
2020-21,2021-04-13,401307623,old,0.0007008963824391953,True,True,32000
2020-21,2021-04-13,401307623,new,0.0015120776496202089,True,True,32000
2020-21,2021-04-14,401307629,old,0.0010154489132292207,True,True,32000
2020-21,2021-04-14,401307629,new,0.001048610503666219,True,True,32000
2020-21,2021-04-14,401307624,old,0.0012068467482343169,False,True,32000
2020-21,2021-04-14,401307624,new,0.0014809894167905787,False,True,32000
2020-21,2021-04-14,401307625,old,0.0,True,True,32000
2020-21,2021-04-14,401307625,new,0.0,True,True,32000
2020-21,2021-04-14,401307626,old,0.0010078298178328095,False,True,32000
2020-21,2021-04-14,401307626,new,0.0009110288424548755,False,True,32000
2020-21,2021-04-14,401307630,old,0.0005476031447156829,True,True,32000
2020-21,2021-04-14,401307630,new,0.0019110621681725185,True,True,32000
2020-21,2021-04-14,401307628,old,0.0005051483357636993,False,True,32000
2020-21,2021-04-14,401307628,new,0.00027362150089255057,False,True,32000
2020-21,2021-04-14,401307627,old,0.0004999615167688551,True,True,32000
2020-21,2021-04-14,401307627,new,0.0004999615167688551,True,True,32000
2020-21,2021-04-14,401307632,old,0.0006420673739631481,True,True,32000
2020-21,2021-04-14,401307632,new,0.000526833068333928,True,True,32000
2020-21,2021-04-14,401307631,old,0.0004040040312011119,True,True,32000
2020-21,2021-04-14,401307631,new,0.001286417553451762,True,True,32000
2020-21,2021-04-14,401307633,old,0.0013348466737470564,True,True,32000
2020-21,2021-04-14,401307633,new,0.0025644475055727743,True,True,32000
2020-21,2021-04-14,401307634,old,0.0022745590857959222,True,True,32000
2020-21,2021-04-14,401307634,new,0.003000313587632455,True,True,32000
2020-21,2021-04-14,401307635,old,0.0,False,True,32000
2020-21,2021-04-14,401307635,new,0.000389387007627937,False,True,32000
2020-21,2021-04-15,401307636,old,0.0016065249736090421,True,True,8000
2020-21,2021-04-15,401307636,new,0.002000033142994749,True,True,8000
2020-21,2021-04-15,401307637,old,0.0009887912034012834,True,True,8000
2020-21,2021-04-15,401307637,new,0.000751677610652187,True,True,8000
2020-21,2021-04-15,401307639,old,0.0010381525965117316,False,True,8000
2020-21,2021-04-15,401307639,new,0.0003412869516783049,False,True,8000
2020-21,2021-04-15,401307638,old,0.00023731676342594058,True,True,8000
2020-21,2021-04-15,401307638,new,0.0007254603568926321,True,True,8000
2020-21,2021-04-16,401307640,old,0.0007277421183097362,True,False,32000
2020-21,2021-04-16,401307640,new,0.001790985646500881,True,False,32000
2020-21,2021-04-16,401307641,old,0.0001782301844561042,True,False,32000
2020-21,2021-04-16,401307641,new,0.0,True,False,32000
2020-21,2021-04-16,401307643,old,0.0005586431580276071,False,False,32000
2020-21,2021-04-16,401307643,new,0.0007186704757993222,False,False,32000
2020-21,2021-04-16,401307644,old,0.0009061781270702929,True,False,32000
2020-21,2021-04-16,401307644,new,0.0017643169735626078,True,False,32000
2020-21,2021-04-16,401307642,old,0.0,True,False,32000
2020-21,2021-04-16,401307642,new,0.0,True,False,32000
2020-21,2021-04-16,401307645,old,0.0005393861129937749,False,False,32000
2020-21,2021-04-16,401307645,new,0.0002577340435032213,False,False,32000
2020-21,2021-04-16,401307646,old,0.001722521784595397,True,False,32000
2020-21,2021-04-16,401307646,new,0.0018238371937507251,True,False,32000
2020-21,2021-04-16,401307647,old,0.00025248786174336945,True,False,32000
2020-21,2021-04-16,401307647,new,0.00025273435860140645,True,False,32000
2020-21,2021-04-16,401307648,old,0.0023515141124812156,True,False,32000
2020-21,2021-04-16,401307648,new,0.0033511775368142284,True,False,32000
2020-21,2021-04-16,401307649,old,0.0011327431366319949,True,False,32000
2020-21,2021-04-16,401307649,new,0.0010081581133921682,True,False,32000
2020-21,2021-04-16,401307650,old,0.0008574814647547424,True,False,32000
2020-21,2021-04-16,401307650,new,0.002102383140113982,True,False,32000
2020-21,2021-04-17,401307651,old,0.00034156340968437716,True,True,32000
2020-21,2021-04-17,401307651,new,0.0008448606925245042,True,True,32000
2020-21,2021-04-17,401307653,old,0.0007261212743479486,True,True,32000
2020-21,2021-04-17,401307653,new,0.00012808041490795847,True,True,32000
2020-21,2021-04-17,401307652,old,0.0007680707835283265,True,True,32000
2020-21,2021-04-17,401307652,new,0.0003749399873100772,True,True,32000
2020-21,2021-04-17,401307654,old,0.0010588410279027203,True,True,32000
2020-21,2021-04-17,401307654,new,0.0015991076515260694,True,True,32000
2020-21,2021-04-17,401307655,old,0.001838342740873756,True,True,32000
2020-21,2021-04-17,401307655,new,0.0021601599419661956,True,True,32000
2020-21,2021-04-17,401307656,old,0.0008251735646786116,False,True,32000
2020-21,2021-04-17,401307656,new,0.0006746359932618235,False,True,32000
2020-21,2021-04-18,401307657,old,0.00039506149222764714,False,True,32000
2020-21,2021-04-18,401307657,new,0.0006544361572433801,False,True,32000
2020-21,2021-04-18,401307658,old,0.0008419883460898805,True,True,32000
2020-21,2021-04-18,401307658,new,0.0017599968491858505,True,True,32000
2020-21,2021-04-18,401307659,old,0.0025566102709168653,True,True,32000
2020-21,2021-04-18,401307659,new,0.004019124070728408,True,True,32000
2020-21,2021-04-18,401307660,old,0.0009449924716604883,True,True,32000
2020-21,2021-04-18,401307660,new,0.0017426086482417512,True,True,32000
2020-21,2021-04-18,401307662,old,0.0003093188488214695,True,True,32000
2020-21,2021-04-18,401307662,new,0.00016441079027697863,True,True,32000
2020-21,2021-04-18,401307661,old,0.0,True,True,32000
2020-21,2021-04-18,401307661,new,0.0,True,True,32000
2020-21,2021-04-18,401307663,old,0.002714511712482569,True,True,32000
2020-21,2021-04-18,401307663,new,0.0029173284971634504,True,True,32000
2020-21,2021-04-18,401307664,old,0.0006159174932640623,True,True,32000
2020-21,2021-04-18,401307664,new,0.0006159163255285502,True,True,32000
2020-21,2021-04-19,401307665,old,0.0002696078440128519,True,True,32000
2020-21,2021-04-19,401307665,new,0.0,True,True,32000
2020-21,2021-04-19,401307666,old,0.0019363155029923432,True,True,32000
2020-21,2021-04-19,401307666,new,0.0010712744601649455,True,True,32000
2020-21,2021-04-19,401307669,old,0.0015441537548288576,True,True,32000
2020-21,2021-04-19,401307669,new,0.0025443760013936635,True,True,32000
2020-21,2021-04-19,401307667,old,0.0014914517950868308,True,True,32000
2020-21,2021-04-19,401307667,new,0.0014630279622993628,True,True,32000
2020-21,2021-04-19,401307670,old,0.0005072589077786723,True,True,32000
2020-21,2021-04-19,401307670,new,0.00039813971679645226,True,True,32000
2020-21,2021-04-19,401307668,old,0.0005442378967556031,False,True,32000
2020-21,2021-04-19,401307668,new,0.0014016348872945338,False,True,32000
2020-21,2021-04-19,401307671,old,0.0011448583739092563,True,True,32000
2020-21,2021-04-19,401307671,new,0.0011417945307272167,True,True,32000
2020-21,2021-04-19,401307672,old,0.001324590664513625,False,True,32000
2020-21,2021-04-19,401307672,new,0.0017510902510384943,False,True,32000
2020-21,2021-04-19,401307673,old,0.0004247132864186605,True,True,32000
2020-21,2021-04-19,401307673,new,0.0005598655707081204,True,True,32000
2020-21,2021-04-20,401307675,old,0.0,True,False,32000
2020-21,2021-04-20,401307675,new,0.00017579547083099848,True,False,32000
2020-21,2021-04-20,401307674,old,0.001059565812780368,False,False,32000
2020-21,2021-04-20,401307674,new,0.0011495523161385007,False,False,32000
2020-21,2021-04-20,401307676,old,0.0014072186577688238,True,False,32000
2020-21,2021-04-20,401307676,new,0.0007302900079750024,True,False,32000
2020-21,2021-04-20,401307678,old,0.000907518278874536,True,False,32000
2020-21,2021-04-20,401307678,new,0.0,True,False,32000
2020-21,2021-04-20,401307677,old,0.0019009416765419596,True,False,32000
2020-21,2021-04-20,401307677,new,0.002334609750973935,True,False,32000
2020-21,2021-04-21,401307684,old,0.0013576109367000242,True,False,32000
2020-21,2021-04-21,401307684,new,0.0007434934569531557,True,False,32000
2020-21,2021-04-21,401307679,old,0.0010471896475389099,True,False,32000
2020-21,2021-04-21,401307679,new,0.0003724886808846897,True,False,32000
2020-21,2021-04-21,401307680,old,0.0005309940243110055,True,False,32000
2020-21,2021-04-21,401307680,new,0.0005226540620940329,True,False,32000
2020-21,2021-04-21,401307681,old,0.0,False,False,32000
2020-21,2021-04-21,401307681,new,0.0,False,False,32000
2020-21,2021-04-21,401307682,old,0.002030867138208441,True,False,32000
2020-21,2021-04-21,401307682,new,0.002463374743756279,True,False,32000
2020-21,2021-04-21,401307685,old,0.0,True,False,32000
2020-21,2021-04-21,401307685,new,0.0,True,False,32000
2020-21,2021-04-21,401307683,old,0.0,True,False,32000
2020-21,2021-04-21,401307683,new,0.00026893841150869336,True,False,32000
2020-21,2021-04-21,401307687,old,0.0021584181213025375,True,False,32000
2020-21,2021-04-21,401307687,new,0.0034164634384764836,True,False,32000
2020-21,2021-04-21,401307686,old,0.002508759168019965,True,False,32000
2020-21,2021-04-21,401307686,new,0.0038169535183381954,True,False,32000
2020-21,2021-04-21,401307689,old,0.0012987423475672223,True,False,32000
2020-21,2021-04-21,401307689,new,0.0020112170635056023,True,False,32000
2020-21,2021-04-21,401307688,old,0.0018819802945965432,True,False,32000
2020-21,2021-04-21,401307688,new,0.00254954903984414,True,False,32000
2020-21,2021-04-21,401307690,old,0.0007327632712448857,True,False,32000
2020-21,2021-04-21,401307690,new,0.00010964346473296578,True,False,32000
2020-21,2021-04-22,401307692,old,0.0009048529226302187,False,True,32000
2020-21,2021-04-22,401307692,new,0.00016409298723024917,False,True,32000
2020-21,2021-04-22,401307691,old,0.0013873848671405952,False,True,32000
2020-21,2021-04-22,401307691,new,0.0015669829266506932,False,True,32000
2020-21,2021-04-22,401307693,old,0.0010853357214185013,True,True,32000
2020-21,2021-04-22,401307693,new,0.001080469416030135,True,True,32000
2020-21,2021-04-22,401307694,old,0.0009319908232316762,True,True,32000
2020-21,2021-04-22,401307694,new,0.0003759964738560372,True,True,32000
2020-21,2021-04-22,401307695,old,0.0013821728528838507,True,True,32000
2020-21,2021-04-22,401307695,new,0.0014333081967849643,True,True,32000
2020-21,2021-04-22,401307696,old,0.0019953757721230436,True,True,32000
2020-21,2021-04-22,401307696,new,0.003337126994800017,True,True,32000
2020-21,2021-04-23,401307697,old,0.0015785815997514873,True,False,32000
2020-21,2021-04-23,401307697,new,0.0023902527934596524,True,False,32000
2020-21,2021-04-23,401307698,old,0.0009193231626850187,True,False,32000
2020-21,2021-04-23,401307698,new,0.0010229080103235544,True,False,32000
2020-21,2021-04-23,401307699,old,0.00036797041792666286,False,False,32000
2020-21,2021-04-23,401307699,new,0.0010041274148137333,False,False,32000
2020-21,2021-04-23,401307701,old,0.0008830387638388918,True,False,32000
2020-21,2021-04-23,401307701,new,0.0005233365123812909,True,False,32000
2020-21,2021-04-23,401307700,old,0.0005182804827683884,True,False,32000
2020-21,2021-04-23,401307700,new,0.0005182804827683884,True,False,32000
2020-21,2021-04-23,401307703,old,0.00034826239838787885,True,False,32000
2020-21,2021-04-23,401307703,new,0.001334392711193576,True,False,32000
2020-21,2021-04-23,401307702,old,0.0019047917442533177,True,False,32000
2020-21,2021-04-23,401307702,new,0.002060724102363561,True,False,32000
2020-21,2021-04-24,401307704,old,0.001934577281656773,True,True,32000
2020-21,2021-04-24,401307704,new,0.0012986014977329886,True,True,32000
2020-21,2021-04-24,401307705,old,0.0009968101325179073,True,True,32000
2020-21,2021-04-24,401307705,new,0.0009945331078115443,True,True,32000
2020-21,2021-04-24,401307706,old,0.0005511421945419328,True,True,32000
2020-21,2021-04-24,401307706,new,0.0008558848035497625,True,True,32000
2020-21,2021-04-24,401307707,old,0.003175034557431283,True,True,32000
2020-21,2021-04-24,401307707,new,0.003292438755150757,True,True,32000
2020-21,2021-04-24,401307708,old,0.0009288812860740538,False,True,32000
2020-21,2021-04-24,401307708,new,0.0005419970020828735,False,True,32000
2020-21,2021-04-24,401307709,old,0.0016673820828826693,True,True,32000
2020-21,2021-04-24,401307709,new,0.002939691457990195,True,True,32000
2020-21,2021-04-24,401307710,old,0.0,True,True,32000
2020-21,2021-04-24,401307710,new,0.00012709477331252392,True,True,32000
2020-21,2021-04-24,401307711,old,0.00031249999863513074,True,True,32000
2020-21,2021-04-24,401307711,new,0.00031249999863513074,True,True,32000
2020-21,2021-04-25,401307712,old,0.0009584863890688566,False,False,32000
2020-21,2021-04-25,401307712,new,0.001343816427386164,False,False,32000
2020-21,2021-04-25,401307713,old,0.000507966444834498,True,False,32000
2020-21,2021-04-25,401307713,new,0.000507966444834498,True,False,32000
2020-21,2021-04-25,401307714,old,0.001255484150859253,True,False,32000
2020-21,2021-04-25,401307714,new,0.0015245054672578845,True,False,32000
2020-21,2021-04-25,401307715,old,0.000466384756208728,False,False,32000
2020-21,2021-04-25,401307715,new,0.0003352021199547551,False,False,32000
2020-21,2021-04-25,401307716,old,0.0022091515871818326,True,False,32000
2020-21,2021-04-25,401307716,new,0.00204869387401973,True,False,32000
2020-21,2021-04-25,401307717,old,0.0006399327908180736,False,False,32000
2020-21,2021-04-25,401307717,new,0.0010126327399528482,False,False,32000
2020-21,2021-04-25,401307718,old,0.003040372227288099,True,False,32000
2020-21,2021-04-25,401307718,new,0.0026436716398892434,True,False,32000
2020-21,2021-04-26,401307719,old,0.0013454501981596991,True,True,32000
2020-21,2021-04-26,401307719,new,0.0012563071162824612,True,True,32000
2020-21,2021-04-26,401307721,old,0.0007961924798981605,True,True,32000
2020-21,2021-04-26,401307721,new,0.0006883947769507683,True,True,32000
2020-21,2021-04-26,401307720,old,0.0008555547322814326,True,True,32000
2020-21,2021-04-26,401307720,new,0.0015422907852027008,True,True,32000
2020-21,2021-04-26,401307725,old,0.0008521648934566922,False,True,32000
2020-21,2021-04-26,401307725,new,0.00012359676254275796,False,True,32000
2020-21,2021-04-26,401307722,old,0.0010542483073536291,False,True,32000
2020-21,2021-04-26,401307722,new,0.0011013275204077488,False,True,32000
2020-21,2021-04-26,401307723,old,0.001520006662445443,True,True,32000
2020-21,2021-04-26,401307723,new,0.0018558142949723804,True,True,32000
2020-21,2021-04-26,401307727,old,0.0012241283370610309,True,True,32000
2020-21,2021-04-26,401307727,new,0.0005053879343904556,True,True,32000
2020-21,2021-04-26,401307724,old,0.0035627742223378308,True,True,32000
2020-21,2021-04-26,401307724,new,0.003519051980584715,True,True,32000
2020-21,2021-04-26,401307726,old,0.0004340690200810879,True,True,32000
2020-21,2021-04-26,401307726,new,0.00047802810450654754,True,True,32000
2020-21,2021-04-26,401307728,old,0.0017223548042694886,False,True,32000
2020-21,2021-04-26,401307728,new,0.002365500507210856,False,True,32000
2020-21,2021-04-26,401307729,old,0.0029295187723383177,True,True,32000
2020-21,2021-04-26,401307729,new,0.0026701524801749066,True,True,32000
2020-21,2021-04-27,401307732,old,0.0018482414029865608,True,False,32000
2020-21,2021-04-27,401307732,new,0.003356895057588654,True,False,32000
2020-21,2021-04-27,401307731,old,0.0016072952106278551,True,False,32000
2020-21,2021-04-27,401307731,new,0.0023181709314464877,True,False,32000
2020-21,2021-04-27,401307730,old,0.001667008533547939,True,False,32000
2020-21,2021-04-27,401307730,new,0.0015379693218237182,True,False,32000
2020-21,2021-04-27,401307733,old,0.001965165156456853,True,False,32000
2020-21,2021-04-27,401307733,new,0.0010275269209505764,True,False,32000
2020-21,2021-04-27,401307734,old,0.0002975677894070364,True,False,32000
2020-21,2021-04-27,401307734,new,0.0002727571741604774,True,False,32000
2020-21,2021-04-27,401307735,old,0.004235255388168724,True,False,32000
2020-21,2021-04-27,401307735,new,0.005076443973975632,True,False,32000
2020-21,2021-04-28,401307736,old,0.0001215419867431534,False,False,32000
2020-21,2021-04-28,401307736,new,0.0,False,False,32000
2020-21,2021-04-28,401307737,old,0.0015852956085424402,False,False,32000
2020-21,2021-04-28,401307737,new,0.0015586125843772697,False,False,32000
2020-21,2021-04-28,401307740,old,0.0021002130647061862,True,False,32000
2020-21,2021-04-28,401307740,new,0.0016700551879251446,True,False,32000
2020-21,2021-04-28,401307739,old,0.00034367612363686735,False,False,32000
2020-21,2021-04-28,401307739,new,0.0005829435698135882,False,False,32000
2020-21,2021-04-28,401307738,old,0.001216881352053254,True,False,32000
2020-21,2021-04-28,401307738,new,0.0015460897412531874,True,False,32000
2020-21,2021-04-28,401307741,old,0.0020171402653679647,True,False,32000
2020-21,2021-04-28,401307741,new,0.004014172010785894,True,False,32000
2020-21,2021-04-28,401307742,old,0.0010019723595615494,True,False,32000
2020-21,2021-04-28,401307742,new,0.0016279279379875099,True,False,32000
2020-21,2021-04-28,401307743,old,0.0013657109443398396,False,False,32000
2020-21,2021-04-28,401307743,new,0.0006903094236651239,False,False,32000
2020-21,2021-04-28,401307744,old,0.0,True,False,32000
2020-21,2021-04-28,401307744,new,0.0,True,False,32000
2020-21,2021-04-28,401307745,old,0.0012920295621036068,True,False,32000
2020-21,2021-04-28,401307745,new,0.00032716287057984415,True,False,32000
2020-21,2021-04-29,401307747,old,0.0013061375829898708,True,True,8000
2020-21,2021-04-29,401307747,new,0.0016011974660453826,True,True,8000
2020-21,2021-04-29,401307746,old,0.0021194101350801684,True,True,8000
2020-21,2021-04-29,401307746,new,0.002491281555542982,True,True,8000
2020-21,2021-04-29,401307748,old,0.00015024630239306774,True,True,8000
2020-21,2021-04-29,401307748,new,0.00015024630239306774,True,True,8000
2020-21,2021-04-29,401307749,old,0.0013083743961194588,True,True,8000
2020-21,2021-04-29,401307749,new,0.0017301585031334423,True,True,8000
2020-21,2021-04-29,401307751,old,0.0018072003943264776,False,True,8000
2020-21,2021-04-29,401307751,new,0.000873836975853579,False,True,8000
2020-21,2021-04-29,401307750,old,0.0012732843949192977,True,True,8000
2020-21,2021-04-29,401307750,new,0.0,True,True,8000
2020-21,2021-04-30,401307752,old,0.0018436376422398186,False,False,32000
2020-21,2021-04-30,401307752,new,0.001762869256703483,False,False,32000
2020-21,2021-04-30,401307754,old,0.0014382294683128003,False,False,32000
2020-21,2021-04-30,401307754,new,0.0005206316746355599,False,False,32000
2020-21,2021-04-30,401307755,old,0.0020491549284686788,True,False,32000
2020-21,2021-04-30,401307755,new,0.0029839406284370763,True,False,32000
2020-21,2021-04-30,401307756,old,0.0013458424115480971,False,False,32000
2020-21,2021-04-30,401307756,new,0.0019434635491004867,False,False,32000
2020-21,2021-04-30,401307753,old,0.001769216146411939,False,False,32000
2020-21,2021-04-30,401307753,new,0.0021610066577176334,False,False,32000
2020-21,2021-04-30,401307757,old,0.0014762539429729843,True,False,32000
2020-21,2021-04-30,401307757,new,0.0006588723332611085,True,False,32000
2020-21,2021-04-30,401307758,old,0.0,True,False,32000
2020-21,2021-04-30,401307758,new,0.0,True,False,32000
2020-21,2021-04-30,401307759,old,0.0016053891911293105,True,False,32000
2020-21,2021-04-30,401307759,new,0.0015599948990845883,True,False,32000
2020-21,2021-05-01,401307760,old,0.001109100376823825,True,True,32000
2020-21,2021-05-01,401307760,new,0.0015619600624951972,True,True,32000
2020-21,2021-05-01,401307761,old,0.0007481175229393293,True,True,32000
2020-21,2021-05-01,401307761,new,0.0006204518403778976,True,True,32000
2020-21,2021-05-01,401307763,old,0.002895604387382608,True,True,32000
2020-21,2021-05-01,401307763,new,0.003162349484781513,True,True,32000
2020-21,2021-05-01,401307766,old,0.0014289691021258399,True,True,32000
2020-21,2021-05-01,401307766,new,0.0005470913860009549,True,True,32000
2020-21,2021-05-01,401307762,old,0.0023084971558657427,True,True,32000
2020-21,2021-05-01,401307762,new,0.0015956210391200462,True,True,32000
2020-21,2021-05-01,401307764,old,0.0014085230648675086,False,True,32000
2020-21,2021-05-01,401307764,new,0.001758673632654629,False,True,32000
2020-21,2021-05-01,401307765,old,0.0016710269702872218,True,True,32000
2020-21,2021-05-01,401307765,new,0.000472773894814128,True,True,32000
2020-21,2021-05-01,401307767,old,0.0020965866210583013,True,True,32000
2020-21,2021-05-01,401307767,new,0.0026195448111520493,True,True,32000
2020-21,2021-05-01,401307768,old,0.0012372132398898443,True,True,32000
2020-21,2021-05-01,401307768,new,0.00025665794347247726,True,True,32000
2020-21,2021-05-01,401307769,old,0.0,True,True,32000
2020-21,2021-05-01,401307769,new,0.0,True,True,32000
2020-21,2021-05-02,401307770,old,0.001037282556214535,True,False,32000
2020-21,2021-05-02,401307770,new,0.0010367918714100732,True,False,32000
2020-21,2021-05-02,401307771,old,0.0010253076807421803,True,False,32000
2020-21,2021-05-02,401307771,new,0.0016815574027436767,True,False,32000
2020-21,2021-05-02,401307774,old,0.0009465597320918069,True,False,32000
2020-21,2021-05-02,401307774,new,0.0010549920008983333,True,False,32000
2020-21,2021-05-02,401307772,old,0.002478908723034738,True,False,32000
2020-21,2021-05-02,401307772,new,0.003625539295888134,True,False,32000
2020-21,2021-05-02,401307775,old,0.0008859357965391777,True,False,32000
2020-21,2021-05-02,401307775,new,0.00036037561640239746,True,False,32000
2020-21,2021-05-02,401307773,old,0.002115364606754117,True,False,32000
2020-21,2021-05-02,401307773,new,0.0015756392166729023,True,False,32000
2020-21,2021-05-02,401307776,old,0.0017577862640382037,False,False,32000
2020-21,2021-05-02,401307776,new,0.001238627511700211,False,False,32000
2020-21,2021-05-02,401307777,old,0.0020309033617675705,True,False,32000
2020-21,2021-05-02,401307777,new,0.0022173549092665474,True,False,32000
2020-21,2021-05-03,401307778,old,0.0,True,True,32000
2020-21,2021-05-03,401307778,new,0.0,True,True,32000
2020-21,2021-05-03,401307779,old,0.0005001059900634816,False,True,32000
2020-21,2021-05-03,401307779,new,0.0008344417080685931,False,True,32000
2020-21,2021-05-03,401307780,old,0.0008694048725582262,True,True,32000
2020-21,2021-05-03,401307780,new,0.0010561080416143735,True,True,32000
2020-21,2021-05-03,401307781,old,0.001440910206721566,True,True,32000
2020-21,2021-05-03,401307781,new,0.0017741713924997252,True,True,32000
2020-21,2021-05-03,401307782,old,0.001389739467684606,True,True,32000
2020-21,2021-05-03,401307782,new,0.0007279094826834955,True,True,32000
2020-21,2021-05-03,401307783,old,0.001072624988936554,True,True,32000
2020-21,2021-05-03,401307783,new,0.002653501486377899,True,True,32000
2020-21,2021-05-03,401307784,old,0.0011500085313743108,True,True,32000
2020-21,2021-05-03,401307784,new,0.0004825042964537339,True,True,32000
2020-21,2021-05-03,401307785,old,0.001997741903581474,True,True,32000
2020-21,2021-05-03,401307785,new,0.003257835477163295,True,True,32000
2020-21,2021-05-04,401307786,old,0.0011542008499714341,False,True,8000
2020-21,2021-05-04,401307786,new,0.00040871305476066665,False,True,8000
2020-21,2021-05-04,401307787,old,0.0009164388556515419,True,True,8000
2020-21,2021-05-04,401307787,new,0.0012723267141663082,True,True,8000
2020-21,2021-05-04,401307788,old,0.0010199353441807072,True,True,8000
2020-21,2021-05-04,401307788,new,0.0010197814032917136,True,True,8000
2020-21,2021-05-04,401307789,old,0.003365410710869921,True,True,8000
2020-21,2021-05-04,401307789,new,0.004759293977286271,True,True,8000
2020-21,2021-05-04,401307790,old,0.0012231378610797021,True,True,8000
2020-21,2021-05-04,401307790,new,0.001235105342461054,True,True,8000
2020-21,2021-05-04,401307791,old,0.0016809036263525725,True,True,8000
2020-21,2021-05-04,401307791,new,0.0003030287674587384,True,True,8000
2020-21,2021-05-04,401307792,old,0.0018579848131034318,True,True,8000
2020-21,2021-05-04,401307792,new,0.0010036864048536165,True,True,8000
2020-21,2021-05-05,401307794,old,0.0014590810063991075,False,True,32000
2020-21,2021-05-05,401307794,new,0.00127744764429402,False,True,32000
2020-21,2021-05-05,401307793,old,0.002611425547523779,True,True,32000
2020-21,2021-05-05,401307793,new,0.0021173730280421026,True,True,32000
2020-21,2021-05-05,401307795,old,0.0016066397118145587,False,True,32000
2020-21,2021-05-05,401307795,new,0.0016070693030825751,False,True,32000
2020-21,2021-05-05,401307797,old,0.0005959051757623107,True,True,32000
2020-21,2021-05-05,401307797,new,0.0005959051757623107,True,True,32000
2020-21,2021-05-05,401307796,old,0.0003626294564914462,False,True,32000
2020-21,2021-05-05,401307796,new,0.0007574654612876053,False,True,32000
2020-21,2021-05-05,401307799,old,0.0008845477682612446,True,True,32000
2020-21,2021-05-05,401307799,new,0.0015975903976424724,True,True,32000
2020-21,2021-05-05,401307798,old,0.001980636031185591,True,True,32000
2020-21,2021-05-05,401307798,new,0.0015804632476093847,True,True,32000
2020-21,2021-05-05,401307801,old,0.0011589441279958033,True,True,32000
2020-21,2021-05-05,401307801,new,0.0006207067685402408,True,True,32000
2020-21,2021-05-05,401307800,old,0.001258769508295478,True,True,32000
2020-21,2021-05-05,401307800,new,0.0013701267510122413,True,True,32000
2020-21,2021-05-06,401307802,old,0.0008272872795281647,True,True,32000
2020-21,2021-05-06,401307802,new,0.0006918684272258184,True,True,32000
2020-21,2021-05-06,401307803,old,0.0020517270889099954,True,True,32000
2020-21,2021-05-06,401307803,new,0.0024364139932706546,True,True,32000
2020-21,2021-05-06,401307804,old,0.0006130052540730508,True,True,32000
2020-21,2021-05-06,401307804,new,0.0012057994755363985,True,True,32000
2020-21,2021-05-06,401307805,old,0.0023449584836061636,False,True,32000
2020-21,2021-05-06,401307805,new,0.0015999851386734327,False,True,32000
2020-21,2021-05-06,401307806,old,0.0012461248112329488,False,True,32000
2020-21,2021-05-06,401307806,new,0.00028181162636077073,False,True,32000
2020-21,2021-05-06,401307807,old,0.0010807198581960964,True,True,32000
2020-21,2021-05-06,401307807,new,0.0011034936766363137,True,True,32000
2020-21,2021-05-06,401307808,old,0.0021940192217199932,True,True,32000
2020-21,2021-05-06,401307808,new,0.003165020780560298,True,True,32000
2020-21,2021-05-07,401307809,old,0.0018241337046595164,False,False,32000
2020-21,2021-05-07,401307809,new,0.0010365659055055468,False,False,32000
2020-21,2021-05-07,401307810,old,0.0015585476779740226,True,False,32000
2020-21,2021-05-07,401307810,new,0.0013080606404397687,True,False,32000
2020-21,2021-05-07,401307813,old,0.00047721675343942243,True,False,32000
2020-21,2021-05-07,401307813,new,0.00047721675343942243,True,False,32000
2020-21,2021-05-07,401307811,old,0.0019455640484859732,False,False,32000
2020-21,2021-05-07,401307811,new,0.0016400754042381871,False,False,32000
2020-21,2021-05-07,401307812,old,0.00268506627479432,True,False,32000
2020-21,2021-05-07,401307812,new,0.002521904854490705,True,False,32000
2020-21,2021-05-07,401307814,old,0.0016803307819685804,True,False,32000
2020-21,2021-05-07,401307814,new,0.0010284486941360134,True,False,32000
2020-21,2021-05-07,401307815,old,0.0009712515388623459,True,False,32000
2020-21,2021-05-07,401307815,new,0.0009712515388623459,True,False,32000
2020-21,2021-05-07,401307818,old,0.0,False,False,32000
2020-21,2021-05-07,401307818,new,0.00035232138350675365,False,False,32000
2020-21,2021-05-07,401307816,old,0.001630432632032835,True,False,32000
2020-21,2021-05-07,401307816,new,0.0018288241773216877,True,False,32000
2020-21,2021-05-07,401307817,old,0.00046890394567463783,True,False,32000
2020-21,2021-05-07,401307817,new,0.0022540527675174496,True,False,32000
2020-21,2021-05-08,401307821,old,0.0013583327918259957,True,True,32000
2020-21,2021-05-08,401307821,new,0.0007103174907158776,True,True,32000
2020-21,2021-05-08,401307820,old,0.0,False,True,32000
2020-21,2021-05-08,401307820,new,0.0,False,True,32000
2020-21,2021-05-08,401307819,old,0.0011365079009017013,False,True,32000
2020-21,2021-05-08,401307819,new,0.0009826340903760294,False,True,32000
2020-21,2021-05-08,401307824,old,0.001364264626564354,True,True,32000
2020-21,2021-05-08,401307824,new,0.0011903759119763554,True,True,32000
2020-21,2021-05-08,401307823,old,0.00028005695807187833,True,True,32000
2020-21,2021-05-08,401307823,new,0.00028005695807187833,True,True,32000
2020-21,2021-05-08,401307825,old,0.0029700765741006965,True,True,32000
2020-21,2021-05-08,401307825,new,0.002433811269426384,True,True,32000
2020-21,2021-05-08,401307822,old,0.0001128001821690739,True,True,32000
2020-21,2021-05-08,401307822,new,0.0001128001821690739,True,True,32000
2020-21,2021-05-09,401307826,old,0.0016739532206032032,True,True,8000
2020-21,2021-05-09,401307826,new,0.00237165180596367,True,True,8000
2020-21,2021-05-09,401307827,old,0.0016499651679776127,False,True,8000
2020-21,2021-05-09,401307827,new,0.0017798685936971648,False,True,8000
2020-21,2021-05-09,401307829,old,0.0015878581878390559,True,True,8000
2020-21,2021-05-09,401307829,new,0.0007973553760989646,True,True,8000
2020-21,2021-05-09,401307830,old,0.0008534488892451786,True,True,8000
2020-21,2021-05-09,401307830,new,0.0005449609785886325,True,True,8000
2020-21,2021-05-09,401307828,old,0.001084883431894287,False,True,8000
2020-21,2021-05-09,401307828,new,0.0015957951416805882,False,True,8000
2020-21,2021-05-09,401307831,old,0.0013089707809633626,True,True,8000
2020-21,2021-05-09,401307831,new,0.00027731671821418534,True,True,8000
2020-21,2021-05-09,401307833,old,0.002143638885078739,True,True,8000
2020-21,2021-05-09,401307833,new,0.00029361819503720686,True,True,8000
2020-21,2021-05-09,401307832,old,0.0016332311832558523,True,True,8000
2020-21,2021-05-09,401307832,new,0.0023996863757943863,True,True,8000
2020-21,2021-05-10,401307835,old,0.0021495445892765115,False,True,32000
2020-21,2021-05-10,401307835,new,0.0025672710974211747,False,True,32000
2020-21,2021-05-10,401307834,old,0.002410443617598297,False,True,32000
2020-21,2021-05-10,401307834,new,0.00043374050677261113,False,True,32000
2020-21,2021-05-10,401307836,old,0.0017206414467954346,False,True,32000
2020-21,2021-05-10,401307836,new,0.0013518106038693269,False,True,32000
2020-21,2021-05-10,401307837,old,0.0029443616335694048,True,True,32000
2020-21,2021-05-10,401307837,new,0.002020718325035927,True,True,32000
2020-21,2021-05-10,401307838,old,0.0006697321798637446,True,True,32000
2020-21,2021-05-10,401307838,new,0.0011684594925773035,True,True,32000
2020-21,2021-05-10,401307839,old,0.0014054397755540247,True,True,32000
2020-21,2021-05-10,401307839,new,0.002239072609581182,True,True,32000
2020-21,2021-05-11,401307842,old,0.0008398116059960996,True,True,8000
2020-21,2021-05-11,401307842,new,0.0003503789268385029,True,True,8000
2020-21,2021-05-11,401307841,old,0.0020279789089442902,False,True,8000
2020-21,2021-05-11,401307841,new,0.002686634758098851,False,True,8000
2020-21,2021-05-11,401307843,old,0.0011230070151193431,True,True,8000
2020-21,2021-05-11,401307843,new,0.0007215209460468604,True,True,8000
2020-21,2021-05-11,401307840,old,0.001845400385438301,True,True,8000
2020-21,2021-05-11,401307840,new,0.002338174752757233,True,True,8000
2020-21,2021-05-11,401307846,old,0.0010058505142738748,True,True,8000
2020-21,2021-05-11,401307846,new,0.001440158201595327,True,True,8000
2020-21,2021-05-11,401307844,old,0.001762124950357653,False,True,8000
2020-21,2021-05-11,401307844,new,0.0015319340975399197,False,True,8000
2020-21,2021-05-11,401307845,old,0.0018598107099830241,True,True,8000
2020-21,2021-05-11,401307845,new,0.0009262623178905675,True,True,8000
2020-21,2021-05-11,401307847,old,0.0020916034859168363,True,True,8000
2020-21,2021-05-11,401307847,new,0.0010353390347648966,True,True,8000
2020-21,2021-05-11,401307849,old,0.0021732129663560936,True,True,8000
2020-21,2021-05-11,401307849,new,0.000238349869973387,True,True,8000
2020-21,2021-05-11,401307848,old,0.0010362756510039531,True,True,8000
2020-21,2021-05-11,401307848,new,0.0014446076388844524,True,True,8000
2020-21,2021-05-11,401307850,old,0.0009481604044724788,True,True,8000
2020-21,2021-05-11,401307850,new,0.002427051031819815,True,True,8000
2020-21,2021-05-12,401307851,old,0.00279994634404492,False,True,32000
2020-21,2021-05-12,401307851,new,0.0032457991883586205,False,True,32000
2020-21,2021-05-12,401307853,old,0.0009807701209736499,False,True,32000
2020-21,2021-05-12,401307853,new,0.0003240152968442424,False,True,32000
2020-21,2021-05-12,401307852,old,0.0016032912694885174,True,True,32000
2020-21,2021-05-12,401307852,new,0.000954510457753525,True,True,32000
2020-21,2021-05-12,401307854,old,0.002765570528941647,True,True,32000
2020-21,2021-05-12,401307854,new,0.0021704395022608845,True,True,32000
2020-21,2021-05-12,401307855,old,0.002448222335241634,True,True,32000
2020-21,2021-05-12,401307855,new,0.0031551358052471874,True,True,32000
2020-21,2021-05-12,401307856,old,0.0016603319407657209,True,True,32000
2020-21,2021-05-12,401307856,new,0.003013503752877718,True,True,32000
2020-21,2021-05-13,401307857,old,0.0026902908557870087,True,True,32000
2020-21,2021-05-13,401307857,new,0.003743725504370801,True,True,32000
2020-21,2021-05-13,401307858,old,0.0021259076982976205,True,True,32000
2020-21,2021-05-13,401307858,new,0.0032880444399187143,True,True,32000
2020-21,2021-05-13,401307859,old,0.0019204334125976475,False,True,32000
2020-21,2021-05-13,401307859,new,0.0015309638109416144,False,True,32000
2020-21,2021-05-13,401307861,old,0.0018117361868918793,True,True,32000
2020-21,2021-05-13,401307861,new,0.000893126539055893,True,True,32000
2020-21,2021-05-13,401307860,old,0.0027125923580182095,True,True,32000
2020-21,2021-05-13,401307860,new,0.002376424000170391,True,True,32000
2020-21,2021-05-13,401307862,old,0.0004380009617006996,True,True,32000
2020-21,2021-05-13,401307862,new,0.0,True,True,32000
2020-21,2021-05-13,401307864,old,0.001358964430260986,True,True,32000
2020-21,2021-05-13,401307864,new,0.0008408347421173486,True,True,32000
2020-21,2021-05-13,401307863,old,0.001343708181374984,False,True,32000
2020-21,2021-05-13,401307863,new,0.0006547914313147164,False,True,32000
2020-21,2021-05-13,401307865,old,0.002818856510156513,True,True,32000
2020-21,2021-05-13,401307865,new,0.003167493139001371,True,True,32000
2020-21,2021-05-14,401307866,old,0.002736866996350226,False,True,32000
2020-21,2021-05-14,401307866,new,0.0020849923247410087,False,True,32000
2020-21,2021-05-14,401307867,old,0.0010646398181600456,True,True,32000
2020-21,2021-05-14,401307867,new,0.0009305438068900383,True,True,32000
2020-21,2021-05-14,401307869,old,0.0014200246505720094,True,True,32000
2020-21,2021-05-14,401307869,new,0.0006802954556934566,True,True,32000
2020-21,2021-05-14,401307868,old,0.0023210442595966055,False,True,32000
2020-21,2021-05-14,401307868,new,0.0016230180040407599,False,True,32000
2020-21,2021-05-14,401307871,old,0.001315578809982909,True,True,32000
2020-21,2021-05-14,401307871,new,0.001315578809982909,True,True,32000
2020-21,2021-05-14,401307872,old,0.001112149844376895,False,True,32000
2020-21,2021-05-14,401307872,new,0.0,False,True,32000
2020-21,2021-05-14,401307870,old,0.0018128556104274507,True,True,32000
2020-21,2021-05-14,401307870,new,0.0023083699778620706,True,True,32000
2020-21,2021-05-14,401307873,old,0.0011921996594579482,True,True,32000
2020-21,2021-05-14,401307873,new,0.0,True,True,32000
2020-21,2021-05-15,401307874,old,0.0029572436617485575,True,True,32000
2020-21,2021-05-15,401307874,new,0.0014366148461517766,True,True,32000
2020-21,2021-05-15,401307878,old,0.0035373991416544027,True,True,32000
2020-21,2021-05-15,401307878,new,0.005300275021660227,True,True,32000
2020-21,2021-05-15,401307875,old,0.0037478892334653446,True,True,32000
2020-21,2021-05-15,401307875,new,0.00668115856110664,True,True,32000
2020-21,2021-05-15,401307879,old,0.0012506854332521816,False,True,32000
2020-21,2021-05-15,401307879,new,0.0003098445213193376,False,True,32000
2020-21,2021-05-15,401307877,old,0.0006176302446411635,True,True,32000
2020-21,2021-05-15,401307877,new,0.0,True,True,32000
2020-21,2021-05-15,401307876,old,0.0026561730867545657,True,True,32000
2020-21,2021-05-15,401307876,new,0.002423529867191794,True,True,32000
2020-21,2021-05-16,401307893,old,0.00124345477443622,False,False,32000
2020-21,2021-05-16,401307893,new,0.0,False,False,32000
2020-21,2021-05-16,401307887,old,0.0016221906431642952,True,False,32000
2020-21,2021-05-16,401307887,new,0.0015072736793640404,True,False,32000
2020-21,2021-05-16,401307894,old,0.00013581287867296863,False,False,32000
2020-21,2021-05-16,401307894,new,0.0006322818529147544,False,False,32000
2020-21,2021-05-16,401307892,old,0.001367066355608232,False,False,32000
2020-21,2021-05-16,401307892,new,0.00019400400334391104,False,False,32000
2020-21,2021-05-16,401307884,old,0.0,True,False,32000
2020-21,2021-05-16,401307884,new,0.000341331932935726,True,False,32000
2020-21,2021-05-16,401307881,old,0.0027116232148663042,True,False,32000
2020-21,2021-05-16,401307881,new,0.0016610221766145314,True,False,32000
2020-21,2021-05-16,401307880,old,0.0010814250918080007,True,False,32000
2020-21,2021-05-16,401307880,new,0.0008816675590397097,True,False,32000
2020-21,2021-05-16,401307889,old,0.0028676733868502426,False,False,32000
2020-21,2021-05-16,401307889,new,0.0017729756830152919,False,False,32000
2020-21,2021-05-16,401307883,old,0.0016914149065138454,True,False,32000
2020-21,2021-05-16,401307883,new,0.0009796014733983432,True,False,32000
2020-21,2021-05-16,401307888,old,0.0031556554990047913,True,False,32000
2020-21,2021-05-16,401307888,new,0.0020741786121340868,True,False,32000
2020-21,2021-05-16,401307890,old,0.004820723809781996,True,False,32000
2020-21,2021-05-16,401307890,new,0.006698439940262535,True,False,32000
2020-21,2021-05-16,401307891,old,0.0014346685088448535,True,False,32000
2020-21,2021-05-16,401307891,new,0.000436691811372494,True,False,32000
2020-21,2021-05-16,401307886,old,0.004003123821495376,False,False,32000
2020-21,2021-05-16,401307886,new,0.004646936552748175,False,False,32000
2020-21,2021-05-16,401307885,old,0.0020376355036279825,True,False,32000
2020-21,2021-05-16,401307885,new,0.001127437478224288,True,False,32000
2020-21,2021-05-16,401307882,old,0.002007696043206305,True,False,32000
2020-21,2021-05-16,401307882,new,0.0007261391554321412,True,False,32000
2021-22,2022-02-14,401360677,old,0.0015356408560626765,True,True,32000
2021-22,2022-02-14,401360677,new,0.00022043132494113858,True,True,32000
2021-22,2022-02-14,401360678,old,0.0014444058568117526,True,True,32000
2021-22,2022-02-14,401360678,new,0.0017927342886840723,True,True,32000
2021-22,2022-02-14,401360679,old,0.0016710242702134056,True,True,32000
2021-22,2022-02-14,401360679,new,0.0,True,True,32000
2021-22,2022-02-14,401360682,old,0.0022476428100099075,True,True,32000
2021-22,2022-02-14,401360682,new,0.001577232786891552,True,True,32000
2021-22,2022-02-14,401360681,old,0.0024430028483436264,True,True,32000
2021-22,2022-02-14,401360681,new,0.0011791399837659147,True,True,32000
2021-22,2022-02-14,401360680,old,0.002120287714516018,False,True,32000
2021-22,2022-02-14,401360680,new,0.0014362828271354373,False,True,32000
2021-22,2022-02-14,401360684,old,0.0018158804931000631,True,True,32000
2021-22,2022-02-14,401360684,new,0.0019286450140535076,True,True,32000
2021-22,2022-02-14,401360683,old,0.0006530442343873204,False,True,32000
2021-22,2022-02-14,401360683,new,0.0006924943331816138,False,True,32000
2021-22,2022-02-14,401360685,old,0.0011537412267731827,True,True,32000
2021-22,2022-02-14,401360685,new,0.001807375348094975,True,True,32000
2021-22,2022-02-15,401360686,old,0.002801661052934566,True,True,32000
2021-22,2022-02-15,401360686,new,0.002624092450161166,True,True,32000
2021-22,2022-02-15,401360688,old,0.0025758249760559305,True,True,32000
2021-22,2022-02-15,401360688,new,0.0029880444815153042,True,True,32000
2021-22,2022-02-15,401360687,old,0.0003403676680636145,True,True,32000
2021-22,2022-02-15,401360687,new,0.0004975186600332577,True,True,32000
2021-22,2022-02-15,401360691,old,0.00127636567287469,True,True,32000
2021-22,2022-02-15,401360691,new,0.000608619896145945,True,True,32000
2021-22,2022-02-15,401360689,old,0.0008799740511874755,False,True,32000
2021-22,2022-02-15,401360689,new,0.001038319787583782,False,True,32000
2021-22,2022-02-15,401360690,old,0.0011105105115180804,True,True,32000
2021-22,2022-02-15,401360690,new,0.0016948607523991383,True,True,32000
2021-22,2022-02-15,401360692,old,0.0009841677801971562,True,True,32000
2021-22,2022-02-15,401360692,new,0.0013685757229990564,True,True,32000
2021-22,2022-02-16,401360693,old,0.000899679775599197,False,True,32000
2021-22,2022-02-16,401360693,new,0.000820741872918284,False,True,32000
2021-22,2022-02-16,401360694,old,0.002027649760988026,True,True,32000
2021-22,2022-02-16,401360694,new,0.0023317912209467042,True,True,32000
2021-22,2022-02-16,401360695,old,0.0012817080282611054,False,True,32000
2021-22,2022-02-16,401360695,new,0.0003738722844096525,False,True,32000
2021-22,2022-02-16,401360696,old,0.0025973268870975665,True,True,32000
2021-22,2022-02-16,401360696,new,0.002289793292438516,True,True,32000
2021-22,2022-02-16,401360697,old,0.0009431320800167888,False,True,32000
2021-22,2022-02-16,401360697,new,0.0009990571740940471,False,True,32000
2021-22,2022-02-16,401360700,old,0.0011294515596726611,True,True,32000
2021-22,2022-02-16,401360700,new,0.00034342251630170513,True,True,32000
2021-22,2022-02-16,401360699,old,0.00041270246708316634,True,True,32000
2021-22,2022-02-16,401360699,new,0.00083107245616393,True,True,32000
2021-22,2022-02-16,401360698,old,0.002169593829601545,True,True,32000
2021-22,2022-02-16,401360698,new,0.0008274014787684259,True,True,32000
2021-22,2022-02-16,401360701,old,0.0,True,True,32000
2021-22,2022-02-16,401360701,new,0.0,True,True,32000
2021-22,2022-02-16,401360702,old,0.0008874203679607205,False,True,32000
2021-22,2022-02-16,401360702,new,0.0010323726267087664,False,True,32000
2021-22,2022-02-16,401360703,old,0.008359724294392351,True,True,32000
2021-22,2022-02-16,401360703,new,0.003737017383566469,True,True,32000
2021-22,2022-02-17,401401136,old,0.0024849307252553005,True,True,8000
2021-22,2022-02-17,401401136,new,0.001972851338010137,True,True,8000
2021-22,2022-02-17,401360704,old,0.001144282867161307,True,True,8000
2021-22,2022-02-17,401360704,new,0.0009551641289746229,True,True,8000
2021-22,2022-02-17,401360705,old,0.0021898215352122393,True,True,8000
2021-22,2022-02-17,401360705,new,0.0014480925018419098,True,True,8000
2021-22,2022-02-17,401360706,old,0.0014328060155688511,True,True,8000
2021-22,2022-02-17,401360706,new,0.0015899895602346024,True,True,8000
2021-22,2022-02-17,401360707,old,0.0014050454630990122,True,True,8000
2021-22,2022-02-17,401360707,new,0.0020384762717534596,True,True,8000
2021-22,2022-02-24,401360708,old,0.0021089039778943363,True,True,32000
2021-22,2022-02-24,401360708,new,0.002094027099007768,True,True,32000
2021-22,2022-02-24,401360709,old,0.0026267404442795977,True,True,32000
2021-22,2022-02-24,401360709,new,0.0032747403703305175,True,True,32000
2021-22,2022-02-24,401360712,old,0.0,True,True,32000
2021-22,2022-02-24,401360712,new,0.0,True,True,32000
2021-22,2022-02-24,401360710,old,0.0016260763405247624,False,True,32000
2021-22,2022-02-24,401360710,new,0.0016211096617020466,False,True,32000
2021-22,2022-02-24,401360711,old,0.00039900226123803454,False,True,32000
2021-22,2022-02-24,401360711,new,0.0005841307774696849,False,True,32000
2021-22,2022-02-24,401360714,old,0.001096794771641135,False,True,32000
2021-22,2022-02-24,401360714,new,0.0012404222870303228,False,True,32000
2021-22,2022-02-24,401360713,old,0.002677479743583905,True,True,32000
2021-22,2022-02-24,401360713,new,0.0011371696722096431,True,True,32000
2021-22,2022-02-25,401360715,old,0.001846277445559113,True,True,32000
2021-22,2022-02-25,401360715,new,0.001235108016124946,True,True,32000
2021-22,2022-02-25,401360717,old,0.0,True,True,32000
2021-22,2022-02-25,401360717,new,0.0,True,True,32000
2021-22,2022-02-25,401360716,old,0.0,True,True,32000
2021-22,2022-02-25,401360716,new,0.00012481305077191061,True,True,32000
2021-22,2022-02-25,401360718,old,0.0007573040212384936,False,True,32000
2021-22,2022-02-25,401360718,new,0.0008380330009714737,False,True,32000
2021-22,2022-02-25,401360719,old,0.0014345474801195199,True,True,32000
2021-22,2022-02-25,401360719,new,0.0003335293998180639,True,True,32000
2021-22,2022-02-25,401360720,old,0.0014909795914051487,True,True,32000
2021-22,2022-02-25,401360720,new,0.0017454839965518475,True,True,32000
2021-22,2022-02-25,401360722,old,0.0013634551028101729,True,True,32000
2021-22,2022-02-25,401360722,new,0.0013493391516321079,True,True,32000
2021-22,2022-02-25,401360721,old,0.0014351214192911258,True,True,32000
2021-22,2022-02-25,401360721,new,0.00021594576018901424,True,True,32000
2021-22,2022-02-25,401360723,old,0.006411632510183623,True,True,32000
2021-22,2022-02-25,401360723,new,0.0029626945109670197,True,True,32000
2021-22,2022-02-26,401360724,old,0.0015403896346433078,True,True,32000
2021-22,2022-02-26,401360724,new,0.001982326687180731,True,True,32000
2021-22,2022-02-26,401360725,old,0.0008290777929641921,True,True,32000
2021-22,2022-02-26,401360725,new,0.0008165816180518417,True,True,32000
2021-22,2022-02-26,401360726,old,0.0029110083557965824,True,True,32000
2021-22,2022-02-26,401360726,new,0.001654410332507747,True,True,32000
2021-22,2022-02-26,401360728,old,0.0001125692729803784,False,True,32000
2021-22,2022-02-26,401360728,new,0.0001125692729803784,False,True,32000
2021-22,2022-02-26,401360727,old,0.002634586021168808,True,True,32000
2021-22,2022-02-26,401360727,new,0.0011458057222697622,True,True,32000
2021-22,2022-02-26,401360729,old,0.001964462771934837,True,True,32000
2021-22,2022-02-26,401360729,new,0.0026703335269269816,True,True,32000
2021-22,2022-02-26,401360730,old,0.0010255693523893307,False,True,32000
2021-22,2022-02-26,401360730,new,0.0012045056692150265,False,True,32000
2021-22,2022-02-27,401360731,old,0.002835967190845828,True,False,32000
2021-22,2022-02-27,401360731,new,0.0018049080026122997,True,False,32000
2021-22,2022-02-27,401360732,old,0.0018710228319464488,True,False,32000
2021-22,2022-02-27,401360732,new,0.0018626517738430535,True,False,32000
2021-22,2022-02-27,401360733,old,0.0018292385215305169,True,False,32000
2021-22,2022-02-27,401360733,new,0.0019192469885828563,True,False,32000
2021-22,2022-02-27,401360735,old,0.0009378022482897763,True,False,32000
2021-22,2022-02-27,401360735,new,0.0010442424079256255,True,False,32000
2021-22,2022-02-27,401360734,old,0.0007978408145932376,True,False,32000
2021-22,2022-02-27,401360734,new,0.0007954345229875598,True,False,32000
2021-22,2022-02-27,401360736,old,0.0007377464151960947,False,False,32000
2021-22,2022-02-27,401360736,new,0.0008518341221840635,False,False,32000
2021-22,2022-02-27,401360737,old,0.0032391490829017764,True,False,32000
2021-22,2022-02-27,401360737,new,0.0013873622918095848,True,False,32000
2021-22,2022-02-27,401360738,old,0.004651509662609987,True,False,32000
2021-22,2022-02-27,401360738,new,0.0011649200989974175,True,False,32000
2021-22,2022-02-28,401360740,old,0.0,False,False,32000
2021-22,2022-02-28,401360740,new,0.0,False,False,32000
2021-22,2022-02-28,401360739,old,0.0009996815599734124,True,False,32000
2021-22,2022-02-28,401360739,new,0.0013296790369894244,True,False,32000
2021-22,2022-02-28,401360545,old,0.0013850917194452774,True,False,32000
2021-22,2022-02-28,401360545,new,0.0027022081557647485,True,False,32000
2021-22,2022-02-28,401360741,old,0.0,True,False,32000
2021-22,2022-02-28,401360741,new,0.0,True,False,32000
2021-22,2022-02-28,401360742,old,0.0020738660481565713,False,False,32000
2021-22,2022-02-28,401360742,new,0.0008236010166073189,False,False,32000
2021-22,2022-02-28,401360744,old,0.0,True,False,32000
2021-22,2022-02-28,401360744,new,0.0,True,False,32000
2021-22,2022-02-28,401360743,old,0.0009705286245080101,True,False,32000
2021-22,2022-02-28,401360743,new,0.0005862233701463942,True,False,32000
2021-22,2022-03-01,401360745,old,0.0018349278677921375,True,False,32000
2021-22,2022-03-01,401360745,new,0.00016948894469976213,True,False,32000
2021-22,2022-03-01,401360747,old,0.0011258006780304718,True,False,32000
2021-22,2022-03-01,401360747,new,0.0023293050655138546,True,False,32000
2021-22,2022-03-01,401360746,old,0.0015349040326293282,True,False,32000
2021-22,2022-03-01,401360746,new,0.001853104483151106,True,False,32000
2021-22,2022-03-01,401360748,old,0.0008553893288815635,True,False,32000
2021-22,2022-03-01,401360748,new,0.000804139366560502,True,False,32000
2021-22,2022-03-01,401360749,old,0.000698261192989405,False,False,32000
2021-22,2022-03-01,401360749,new,0.0006285690213957746,False,False,32000
2021-22,2022-03-01,401360750,old,0.00807755819567374,True,False,32000
2021-22,2022-03-01,401360750,new,0.0019675958242287004,True,False,32000
2021-22,2022-03-02,401360751,old,0.0019561475023177444,True,True,32000
2021-22,2022-03-02,401360751,new,0.0016610806592821674,True,True,32000
2021-22,2022-03-02,401360752,old,0.0,False,True,32000
2021-22,2022-03-02,401360752,new,0.0,False,True,32000
2021-22,2022-03-02,401360753,old,0.002691646186105417,True,True,32000
2021-22,2022-03-02,401360753,new,0.0018361337130440075,True,True,32000
2021-22,2022-03-02,401360756,old,0.0015994357766550922,True,True,32000
2021-22,2022-03-02,401360756,new,0.0004024034998520704,True,True,32000
2021-22,2022-03-02,401360755,old,0.0005547191705312535,True,True,32000
2021-22,2022-03-02,401360755,new,0.0009187541963096966,True,True,32000
2021-22,2022-03-02,401360754,old,0.0017234853541301574,True,True,32000
2021-22,2022-03-02,401360754,new,0.0016238954445753095,True,True,32000
2021-22,2022-03-02,401360757,old,0.0009064203313983703,True,True,32000
2021-22,2022-03-02,401360757,new,0.0012266359796924038,True,True,32000
2021-22,2022-03-02,401360758,old,0.002639015313194619,True,True,32000
2021-22,2022-03-02,401360758,new,0.0008503895752554015,True,True,32000
2021-22,2022-03-03,401360529,old,0.0015906732242802508,False,True,32000
2021-22,2022-03-03,401360529,new,0.0018496971279387125,False,True,32000
2021-22,2022-03-03,401360759,old,0.0016084717245715416,True,True,32000
2021-22,2022-03-03,401360759,new,0.0019667410754659995,True,True,32000
2021-22,2022-03-03,401360760,old,0.0016446464996499569,True,True,32000
2021-22,2022-03-03,401360760,new,0.0026698682215362288,True,True,32000
2021-22,2022-03-03,401360761,old,0.0009096769832761175,True,True,32000
2021-22,2022-03-03,401360761,new,0.000646786299382511,True,True,32000
2021-22,2022-03-03,401360762,old,0.0005314605078009693,False,True,32000
2021-22,2022-03-03,401360762,new,0.000654201008544039,False,True,32000
2021-22,2022-03-03,401360763,old,0.0013334086574535331,False,True,32000
2021-22,2022-03-03,401360763,new,0.0005335639365375978,False,True,32000
2021-22,2022-03-03,401360764,old,0.007849507684544683,True,True,32000
2021-22,2022-03-03,401360764,new,0.001845746019535413,True,True,32000
2021-22,2022-03-04,401360765,old,0.0,True,True,32000
2021-22,2022-03-04,401360765,new,0.0,True,True,32000
2021-22,2022-03-04,401360766,old,0.002176803761213563,True,True,32000
2021-22,2022-03-04,401360766,new,0.002378335341248154,True,True,32000
2021-22,2022-03-04,401360767,old,0.0017222834326813287,False,True,32000
2021-22,2022-03-04,401360767,new,0.0013101590119633892,False,True,32000
2021-22,2022-03-04,401401142,old,0.0003806476692274006,True,True,32000
2021-22,2022-03-04,401401142,new,0.0012777898253252293,True,True,32000
2021-22,2022-03-04,401360768,old,0.0,False,True,32000
2021-22,2022-03-04,401360768,new,0.00011822917025492157,False,True,32000
2021-22,2022-03-04,401360770,old,0.0003090716216173149,True,True,32000
2021-22,2022-03-04,401360770,new,0.0004284400203980153,True,True,32000
2021-22,2022-03-04,401360769,old,0.0017972780137052232,True,True,32000
2021-22,2022-03-04,401360769,new,0.0018389490426829517,True,True,32000
2021-22,2022-03-04,401360771,old,0.0009543862699193389,True,True,32000
2021-22,2022-03-04,401360771,new,0.0010313511652543118,True,True,32000
2021-22,2022-03-04,401360772,old,0.001066172860807685,True,True,32000
2021-22,2022-03-04,401360772,new,0.0,True,True,32000
2021-22,2022-03-05,401360773,old,0.0009558441760259053,False,True,32000
2021-22,2022-03-05,401360773,new,0.0010413349949585928,False,True,32000
2021-22,2022-03-05,401360774,old,0.0012789437222398717,True,True,32000
2021-22,2022-03-05,401360774,new,0.0011267310880101137,True,True,32000
2021-22,2022-03-05,401360776,old,0.00031800338794280014,False,True,32000
2021-22,2022-03-05,401360776,new,0.00031800338794280014,False,True,32000
2021-22,2022-03-05,401360775,old,0.001116015519446278,True,True,32000
2021-22,2022-03-05,401360775,new,0.0011149809109628418,True,True,32000
2021-22,2022-03-05,401360777,old,0.0027963600957466987,True,True,32000
2021-22,2022-03-05,401360777,new,0.001413201024580018,True,True,32000
2021-22,2022-03-05,401360778,old,0.007428975215444203,True,True,32000
2021-22,2022-03-05,401360778,new,0.001593692039729154,True,True,32000
2021-22,2022-03-06,401360779,old,0.0032970293006829377,True,False,32000
2021-22,2022-03-06,401360779,new,0.0038831674581360407,True,False,32000
2021-22,2022-03-06,401360780,old,0.0008798181291025931,True,False,32000
2021-22,2022-03-06,401360780,new,0.0008624416308998441,True,False,32000
2021-22,2022-03-06,401360782,old,0.0022714489611308547,False,False,32000
2021-22,2022-03-06,401360782,new,0.0,False,False,32000
2021-22,2022-03-06,401360784,old,0.0018163116790740447,True,False,32000
2021-22,2022-03-06,401360784,new,0.002072839361417397,True,False,32000
2021-22,2022-03-06,401360783,old,0.0002920258630943378,True,False,32000
2021-22,2022-03-06,401360783,new,0.0002920258630943378,True,False,32000
2021-22,2022-03-06,401360781,old,0.0005535822709025577,True,False,32000
2021-22,2022-03-06,401360781,new,0.0012363184592612156,True,False,32000
2021-22,2022-03-06,401360786,old,0.0025865633355997447,True,False,32000
2021-22,2022-03-06,401360786,new,0.001559130753280739,True,False,32000
2021-22,2022-03-06,401360785,old,0.0014708191546220991,True,False,32000
2021-22,2022-03-06,401360785,new,0.0007326171417564388,True,False,32000
2021-22,2022-03-07,401360788,old,0.0014319520716418177,True,True,32000
2021-22,2022-03-07,401360788,new,0.0015562350610817508,True,True,32000
2021-22,2022-03-07,401360787,old,0.001003012722278437,True,True,32000
2021-22,2022-03-07,401360787,new,0.001933239347191872,True,True,32000
2021-22,2022-03-07,401360789,old,0.00043007711920212556,False,True,32000
2021-22,2022-03-07,401360789,new,0.00043006450197616,False,True,32000
2021-22,2022-03-07,401360790,old,0.002863151939934844,True,True,32000
2021-22,2022-03-07,401360790,new,0.0012569427900118995,True,True,32000
2021-22,2022-03-07,401360791,old,0.0012929796113445371,True,True,32000
2021-22,2022-03-07,401360791,new,0.0012980601215851243,True,True,32000
2021-22,2022-03-07,401360792,old,0.007812618138982803,True,True,32000
2021-22,2022-03-07,401360792,new,0.001694709429925281,True,True,32000
2021-22,2022-03-07,401401144,old,0.0006417836199509155,False,True,32000
2021-22,2022-03-07,401401144,new,0.000730387948964643,False,True,32000
2021-22,2022-03-07,401360793,old,0.0010740793875896558,False,True,32000
2021-22,2022-03-07,401360793,new,0.0,False,True,32000
2021-22,2022-03-08,401360794,old,0.0011292526130452683,True,True,32000
2021-22,2022-03-08,401360794,new,0.0017326915872789028,True,True,32000
2021-22,2022-03-08,401360796,old,0.0,True,True,32000
2021-22,2022-03-08,401360796,new,0.0,True,True,32000
2021-22,2022-03-08,401360795,old,0.00042738598458019837,False,True,32000
2021-22,2022-03-08,401360795,new,0.0006717210471768806,False,True,32000
2021-22,2022-03-08,401360797,old,0.0016998784116526438,True,True,32000
2021-22,2022-03-08,401360797,new,0.0010233854504760615,True,True,32000
2021-22,2022-03-08,401360798,old,0.000906651459889457,True,True,32000
2021-22,2022-03-08,401360798,new,0.001065583753195682,True,True,32000
2021-22,2022-03-08,401360799,old,0.0016586131274623388,True,True,32000
2021-22,2022-03-08,401360799,new,0.001579325150339847,True,True,32000
2021-22,2022-03-09,401360800,old,0.0027891710615535466,True,False,32000
2021-22,2022-03-09,401360800,new,0.0024277879812521093,True,False,32000
2021-22,2022-03-09,401360801,old,0.00040092755457193035,True,False,32000
2021-22,2022-03-09,401360801,new,0.0007036008565186067,True,False,32000
2021-22,2022-03-09,401360802,old,0.0003845828231062804,True,False,32000
2021-22,2022-03-09,401360802,new,0.0003845828231062804,True,False,32000
2021-22,2022-03-09,401360805,old,0.00031558873960601397,True,False,32000
2021-22,2022-03-09,401360805,new,0.0006749260647664105,True,False,32000
2021-22,2022-03-09,401360803,old,0.002029871715067927,False,False,32000
2021-22,2022-03-09,401360803,new,0.0028532740802281664,False,False,32000
2021-22,2022-03-09,401360806,old,0.0022063707540816084,True,False,32000
2021-22,2022-03-09,401360806,new,0.00031636350567697247,True,False,32000
2021-22,2022-03-09,401360804,old,0.007877100295907585,True,False,32000
2021-22,2022-03-09,401360804,new,0.0015837607764821078,True,False,32000
2021-22,2022-03-09,401360808,old,0.0021432240417062266,False,False,32000
2021-22,2022-03-09,401360808,new,0.0016606827008128493,False,False,32000
2021-22,2022-03-09,401360807,old,0.002634555698256612,False,False,32000
2021-22,2022-03-09,401360807,new,0.0010958115041071125,False,False,32000
2021-22,2022-03-09,401360809,old,0.0030732253909536806,True,False,32000
2021-22,2022-03-09,401360809,new,0.002537962917238876,True,False,32000
2021-22,2022-03-09,401360810,old,0.0009394562085539006,False,False,32000
2021-22,2022-03-09,401360810,new,0.0012848417475446652,False,False,32000
2021-22,2022-03-09,401360811,old,0.002487898198180753,True,False,32000
2021-22,2022-03-09,401360811,new,0.0010086609215656285,True,False,32000
2021-22,2022-03-10,401360812,old,0.0030655149269355154,True,True,8000
2021-22,2022-03-10,401360812,new,0.0039937696719542825,True,True,8000
2021-22,2022-03-10,401360813,old,0.00022367640621206403,False,True,8000
2021-22,2022-03-10,401360813,new,0.0004939565221963134,False,True,8000
2021-22,2022-03-11,401360814,old,0.0005945124936398914,False,True,32000
2021-22,2022-03-11,401360814,new,0.0007487872412255807,False,True,32000
2021-22,2022-03-11,401360815,old,0.0013894600406821004,True,True,32000
2021-22,2022-03-11,401360815,new,0.0016553210205262814,True,True,32000
2021-22,2022-03-11,401360816,old,0.0022378679218765956,True,True,32000
2021-22,2022-03-11,401360816,new,0.002245607971278165,True,True,32000
2021-22,2022-03-11,401360820,old,0.0009708187174044055,True,True,32000
2021-22,2022-03-11,401360820,new,0.0004365244327307948,True,True,32000
2021-22,2022-03-11,401360818,old,0.0011369251447468298,True,True,32000
2021-22,2022-03-11,401360818,new,0.0012649480049431079,True,True,32000
2021-22,2022-03-11,401360817,old,0.001626367839068359,True,True,32000
2021-22,2022-03-11,401360817,new,0.0016383082461561144,True,True,32000
2021-22,2022-03-11,401360819,old,0.0015781551211744888,False,True,32000
2021-22,2022-03-11,401360819,new,0.00036803417657031744,False,True,32000
2021-22,2022-03-11,401360821,old,0.002936852696006425,True,True,32000
2021-22,2022-03-11,401360821,new,0.002424933775588403,True,True,32000
2021-22,2022-03-11,401360822,old,0.0005129648544726198,True,True,32000
2021-22,2022-03-11,401360822,new,0.0013109216084371644,True,True,32000
2021-22,2022-03-11,401360823,old,0.008079262233765145,True,True,32000
2021-22,2022-03-11,401360823,new,0.0017650221094258707,True,True,32000
2021-22,2022-03-12,401360825,old,0.0005188962696924994,True,True,32000
2021-22,2022-03-12,401360825,new,0.0008236456825902723,True,True,32000
2021-22,2022-03-12,401360826,old,0.0020598764778892733,False,True,32000
2021-22,2022-03-12,401360826,new,0.0007695611881533276,False,True,32000
2021-22,2022-03-12,401360824,old,0.0007146272727049585,True,True,32000
2021-22,2022-03-12,401360824,new,0.0007127641862649317,True,True,32000
2021-22,2022-03-12,401360827,old,0.0003603608056332097,False,True,32000
2021-22,2022-03-12,401360827,new,0.00035494840951621136,False,True,32000
2021-22,2022-03-12,401360828,old,0.001308782926101787,True,True,32000
2021-22,2022-03-12,401360828,new,0.001669083626210256,True,True,32000
2021-22,2022-03-12,401360829,old,0.0022531668504769003,True,True,32000
2021-22,2022-03-12,401360829,new,0.0023055750200460068,True,True,32000
2021-22,2022-03-12,401360830,old,0.000753195017267913,True,True,32000
2021-22,2022-03-12,401360830,new,0.0009624479584237668,True,True,32000
2021-22,2022-03-13,401360831,old,0.0036378024905524852,True,True,32000
2021-22,2022-03-13,401360831,new,0.002668885824345658,True,True,32000
2021-22,2022-03-13,401360832,old,0.0004185989756559791,True,True,32000
2021-22,2022-03-13,401360832,new,0.00015770259807679378,True,True,32000
2021-22,2022-03-13,401360833,old,0.001472790047550934,True,True,32000
2021-22,2022-03-13,401360833,new,0.0014580941909476074,True,True,32000
2021-22,2022-03-13,401360834,old,0.0023343368137414056,True,True,32000
2021-22,2022-03-13,401360834,new,0.002336614419364019,True,True,32000
2021-22,2022-03-13,401360836,old,0.002127666121583453,True,True,32000
2021-22,2022-03-13,401360836,new,0.0005803307927683809,True,True,32000
2021-22,2022-03-13,401360835,old,0.000741926639999568,False,True,32000
2021-22,2022-03-13,401360835,new,0.0011785797376211264,False,True,32000
2021-22,2022-03-13,401360837,old,0.0003695735937874125,True,True,32000
2021-22,2022-03-13,401360837,new,0.0005684011297005148,True,True,32000
2021-22,2022-03-13,401360838,old,0.008875364608185514,True,True,32000
2021-22,2022-03-13,401360838,new,0.0012353198126666624,True,True,32000
2021-22,2022-03-14,401360839,old,0.0009345923631024789,True,True,32000
2021-22,2022-03-14,401360839,new,0.001209810547258195,True,True,32000
2021-22,2022-03-14,401360840,old,0.004113628238374349,True,True,32000
2021-22,2022-03-14,401360840,new,0.002690045592246907,True,True,32000
2021-22,2022-03-14,401360841,old,0.0016456427320364394,True,True,32000
2021-22,2022-03-14,401360841,new,0.0019498836878800395,True,True,32000
2021-22,2022-03-14,401360842,old,0.00010812471916142835,True,True,32000
2021-22,2022-03-14,401360842,new,0.0003422426534773918,True,True,32000
2021-22,2022-03-14,401360843,old,0.0020814067656263553,False,True,32000
2021-22,2022-03-14,401360843,new,0.001342086225065251,False,True,32000
2021-22,2022-03-14,401360844,old,0.002593499278232057,False,True,32000
2021-22,2022-03-14,401360844,new,0.00043153479293027766,False,True,32000
2021-22,2022-03-14,401360845,old,0.0007911588172289585,False,True,32000
2021-22,2022-03-14,401360845,new,0.0009210019267157955,False,True,32000
2021-22,2022-03-14,401360846,old,0.001445142636439755,True,True,32000
2021-22,2022-03-14,401360846,new,0.0014503574161528667,True,True,32000
2021-22,2022-03-14,401360847,old,0.009893276712673102,True,True,32000
2021-22,2022-03-14,401360847,new,0.002554383803477965,True,True,32000
2021-22,2022-03-15,401360848,old,0.0003596828821438635,False,True,32000
2021-22,2022-03-15,401360848,new,0.0003596828821438635,False,True,32000
2021-22,2022-03-15,401360849,old,0.001480505267753152,True,True,32000
2021-22,2022-03-15,401360849,new,0.0026724761027443734,True,True,32000
2021-22,2022-03-15,401360850,old,0.0006132692162614729,True,True,32000
2021-22,2022-03-15,401360850,new,0.0006132424910541546,True,True,32000
2021-22,2022-03-15,401360851,old,0.0017295451102036826,True,True,32000
2021-22,2022-03-15,401360851,new,0.0003637686150081916,True,True,32000
2021-22,2022-03-16,401360852,old,0.0004014695801355691,False,True,32000
2021-22,2022-03-16,401360852,new,0.001130412093172969,False,True,32000
2021-22,2022-03-16,401360854,old,0.0034778221624514405,False,True,32000
2021-22,2022-03-16,401360854,new,0.0016004424845184435,False,True,32000
2021-22,2022-03-16,401360853,old,0.0023387406801646496,True,True,32000
2021-22,2022-03-16,401360853,new,0.0030956143364947765,True,True,32000
2021-22,2022-03-16,401360856,old,0.0008995055591088727,True,True,32000
2021-22,2022-03-16,401360856,new,0.0010144478658641201,True,True,32000
2021-22,2022-03-16,401360855,old,0.0022268672508234185,True,True,32000
2021-22,2022-03-16,401360855,new,0.0036847450805402695,True,True,32000
2021-22,2022-03-16,401360857,old,0.0,True,True,32000
2021-22,2022-03-16,401360857,new,0.0,True,True,32000
2021-22,2022-03-16,401360858,old,0.009634802446231477,True,True,32000
2021-22,2022-03-16,401360858,new,0.002207097782372508,True,True,32000
2021-22,2022-03-16,401360859,old,0.0011513215036915302,True,True,32000
2021-22,2022-03-16,401360859,new,0.0007739477577430809,True,True,32000
2021-22,2022-03-16,401360860,old,0.0015552871213886897,True,True,32000
2021-22,2022-03-16,401360860,new,0.0020382271732451223,True,True,32000
2021-22,2022-03-16,401360861,old,0.0020677464807869798,True,True,32000
2021-22,2022-03-16,401360861,new,0.002166106618564392,True,True,32000
2021-22,2022-03-16,401360862,old,0.0009294026812724163,False,True,32000
2021-22,2022-03-16,401360862,new,0.0010214776929108197,False,True,32000
2021-22,2022-03-16,401360863,old,0.0013621492046831402,True,True,32000
2021-22,2022-03-16,401360863,new,0.0008765379051253369,True,True,32000
2021-22,2022-03-17,401360864,old,0.0,True,True,2000
2021-22,2022-03-17,401360864,new,0.0,True,True,2000
2021-22,2022-03-18,401360875,old,0.0015163565469253086,True,True,32000
2021-22,2022-03-18,401360875,new,0.0015108915710956125,True,True,32000
2021-22,2022-03-18,401360872,old,0.0011410996029002746,False,True,32000
2021-22,2022-03-18,401360872,new,0.0015402184215081425,False,True,32000
2021-22,2022-03-18,401360865,old,0.0,False,True,32000
2021-22,2022-03-18,401360865,new,0.0,False,True,32000
2021-22,2022-03-18,401360873,old,0.0045233998221196,True,True,32000
2021-22,2022-03-18,401360873,new,0.0036328063852182667,True,True,32000
2021-22,2022-03-18,401360866,old,0.010609019197488651,True,True,32000
2021-22,2022-03-18,401360866,new,0.0029743360943726904,True,True,32000
2021-22,2022-03-18,401360867,old,0.000686710275772311,True,True,32000
2021-22,2022-03-18,401360867,new,0.0009103777051601205,True,True,32000
2021-22,2022-03-18,401360874,old,0.0010334873238212264,True,True,32000
2021-22,2022-03-18,401360874,new,0.0022605632364943304,True,True,32000
2021-22,2022-03-18,401360868,old,0.0,True,True,32000
2021-22,2022-03-18,401360868,new,0.0,True,True,32000
2021-22,2022-03-18,401360869,old,0.0015494278388829478,True,True,32000
2021-22,2022-03-18,401360869,new,0.00034691863217599833,True,True,32000
2021-22,2022-03-18,401360870,old,0.0028146017082555817,True,True,32000
2021-22,2022-03-18,401360870,new,0.0026246843892844375,True,True,32000
2021-22,2022-03-18,401360871,old,0.0022159662886859183,True,True,32000
2021-22,2022-03-18,401360871,new,0.002090874226672535,True,True,32000
2021-22,2022-03-18,401360876,old,0.0007323098663095853,True,True,32000
2021-22,2022-03-18,401360876,new,0.0008343854940586985,True,True,32000
2021-22,2022-03-19,401360877,old,0.0008994069586163177,False,True,32000
2021-22,2022-03-19,401360877,new,0.0009965744295967643,False,True,32000
2021-22,2022-03-19,401360878,old,0.0013760284270744624,True,True,32000
2021-22,2022-03-19,401360878,new,0.0016244810040111095,True,True,32000
2021-22,2022-03-19,401360879,old,0.0006765162358133321,True,True,32000
2021-22,2022-03-19,401360879,new,0.001580747752587802,True,True,32000
2021-22,2022-03-19,401360880,old,0.010747748612059524,True,True,32000
2021-22,2022-03-19,401360880,new,0.0012415385951744008,True,True,32000
2021-22,2022-03-20,401360881,old,0.002462976713317426,True,True,32000
2021-22,2022-03-20,401360881,new,0.001033763225362348,True,True,32000
2021-22,2022-03-20,401360882,old,0.00041594827616486346,True,True,32000
2021-22,2022-03-20,401360882,new,0.00041594827616486346,True,True,32000
2021-22,2022-03-20,401360884,old,0.0,True,True,32000
2021-22,2022-03-20,401360884,new,0.0003096069159514941,True,True,32000
2021-22,2022-03-20,401360883,old,0.002389014687891184,True,True,32000
2021-22,2022-03-20,401360883,new,0.0011797558997947506,True,True,32000
2021-22,2022-03-20,401360885,old,0.00010742837236672822,True,True,32000
2021-22,2022-03-20,401360885,new,0.0,True,True,32000
2021-22,2022-03-20,401360886,old,0.002953326521530045,True,True,32000
2021-22,2022-03-20,401360886,new,0.002570636926509159,True,True,32000
2021-22,2022-03-20,401360887,old,0.0018158130336090729,True,True,32000
2021-22,2022-03-20,401360887,new,0.0021396458760624447,True,True,32000
2021-22,2022-03-20,401360889,old,0.0017770571549803496,False,True,32000
2021-22,2022-03-20,401360889,new,0.0012263870933187037,False,True,32000
2021-22,2022-03-20,401360888,old,0.002669651076201391,True,True,32000
2021-22,2022-03-20,401360888,new,0.0028033574427714404,True,True,32000
2021-22,2022-03-21,401360891,old,0.010043707059850025,True,True,32000
2021-22,2022-03-21,401360891,new,0.003107532285435084,True,True,32000
2021-22,2022-03-21,401360890,old,0.0018778042702796412,True,True,32000
2021-22,2022-03-21,401360890,new,0.0011349785427502165,True,True,32000
2021-22,2022-03-21,401360894,old,0.0033378163071029468,True,True,32000
2021-22,2022-03-21,401360894,new,0.004854628026781986,True,True,32000
2021-22,2022-03-21,401360892,old,0.0014594469678597646,True,True,32000
2021-22,2022-03-21,401360892,new,0.0007397296718968953,True,True,32000
2021-22,2022-03-21,401360893,old,0.002204777611966388,True,True,32000
2021-22,2022-03-21,401360893,new,0.002193798519117054,True,True,32000
2021-22,2022-03-21,401360895,old,0.0007317854064293781,True,True,32000
2021-22,2022-03-21,401360895,new,0.000437369812500686,True,True,32000
2021-22,2022-03-21,401360897,old,0.002576091665685197,True,True,32000
2021-22,2022-03-21,401360897,new,0.0027897500851963844,True,True,32000
2021-22,2022-03-21,401360896,old,0.002586537887887257,True,True,32000
2021-22,2022-03-21,401360896,new,0.0,True,True,32000
2021-22,2022-03-21,401360898,old,0.0006484477145306249,False,True,32000
2021-22,2022-03-21,401360898,new,0.0009064265744594975,False,True,32000
2021-22,2022-03-22,401360899,old,0.0010098591280963865,False,True,8000
2021-22,2022-03-22,401360899,new,0.0011432191883015488,False,True,8000
2021-22,2022-03-22,401360900,old,0.003735762115713248,False,True,8000
2021-22,2022-03-22,401360900,new,0.0008754773620127407,False,True,8000
2021-22,2022-03-22,401360901,old,0.0007543791561951989,False,True,8000
2021-22,2022-03-22,401360901,new,0.0008396937547318555,False,True,8000
2021-22,2022-03-22,401360902,old,0.0015347458490375435,True,True,8000
2021-22,2022-03-22,401360902,new,0.0015457608240286372,True,True,8000
2021-22,2022-03-23,401360904,old,0.0009158331581695115,True,True,32000
2021-22,2022-03-23,401360904,new,0.001275333887015156,True,True,32000
2021-22,2022-03-23,401360903,old,0.004220382911368162,True,True,32000
2021-22,2022-03-23,401360903,new,0.0010412973708718621,True,True,32000
2021-22,2022-03-23,401360905,old,0.0,False,True,32000
2021-22,2022-03-23,401360905,new,0.0,False,True,32000
2021-22,2022-03-23,401360906,old,0.0034974358902442743,True,True,32000
2021-22,2022-03-23,401360906,new,0.0034876385033171457,True,True,32000
2021-22,2022-03-23,401360907,old,0.0,True,True,32000
2021-22,2022-03-23,401360907,new,0.0,True,True,32000
2021-22,2022-03-23,401360908,old,0.0023890173050907138,True,True,32000
2021-22,2022-03-23,401360908,new,0.0038688750755377374,True,True,32000
2021-22,2022-03-23,401360910,old,0.0,True,True,32000
2021-22,2022-03-23,401360910,new,0.00041144034321526904,True,True,32000
2021-22,2022-03-23,401360909,old,0.0009000263790596146,True,True,32000
2021-22,2022-03-23,401360909,new,0.001182285803153691,True,True,32000
2021-22,2022-03-23,401360911,old,0.0012714650758540284,True,True,32000
2021-22,2022-03-23,401360911,new,0.0012984566490903122,True,True,32000
2021-22,2022-03-23,401360913,old,0.0004720036410526404,True,True,32000
2021-22,2022-03-23,401360913,new,0.0003539082627297928,True,True,32000
2021-22,2022-03-23,401360912,old,0.012159641528071221,True,True,32000
2021-22,2022-03-23,401360912,new,0.003156173556250834,True,True,32000
2021-22,2022-03-24,401360914,old,0.00024676688195831475,True,True,32000
2021-22,2022-03-24,401360914,new,0.0004207309959361146,True,True,32000
2021-22,2022-03-24,401360915,old,0.00037040824222522785,False,True,32000
2021-22,2022-03-24,401360915,new,0.0002480372540960135,False,True,32000
2021-22,2022-03-24,401360916,old,0.0036818693779024506,False,True,32000
2021-22,2022-03-24,401360916,new,0.0012944418422017716,False,True,32000
2021-22,2022-03-24,401360917,old,0.0031544035893902303,True,True,32000
2021-22,2022-03-24,401360917,new,0.0015792842907432654,True,True,32000
2021-22,2022-03-24,401360918,old,0.0011185599343061464,True,True,32000
2021-22,2022-03-24,401360918,new,0.0014539572301584278,True,True,32000
2021-22,2022-03-25,401360920,old,0.0026382234164988067,True,True,8000
2021-22,2022-03-25,401360920,new,0.00013649362342162895,True,True,8000
2021-22,2022-03-25,401360919,old,0.0031670999508079173,True,True,8000
2021-22,2022-03-25,401360919,new,0.003281444255461228,True,True,8000
2021-22,2022-03-25,401360921,old,0.0018044845665265003,False,True,8000
2021-22,2022-03-25,401360921,new,0.001978507233614645,False,True,8000
2021-22,2022-03-25,401360923,old,0.001426211446396346,False,True,8000
2021-22,2022-03-25,401360923,new,0.0016387941988136733,False,True,8000
2021-22,2022-03-25,401360922,old,0.003717146536460232,True,True,8000
2021-22,2022-03-25,401360922,new,0.00120997539279854,True,True,8000
2021-22,2022-03-25,401360924,old,0.0009950588434835784,True,True,8000
2021-22,2022-03-25,401360924,new,0.00017715414098876207,True,True,8000
2021-22,2022-03-25,401360925,old,0.003591923592694835,True,True,8000
2021-22,2022-03-25,401360925,new,0.0035858848406505653,True,True,8000
2021-22,2022-03-26,401360926,old,0.0027759448113571414,True,False,32000
2021-22,2022-03-26,401360926,new,0.0017592314647067325,True,False,32000
2021-22,2022-03-26,401360927,old,0.0,False,False,32000
2021-22,2022-03-26,401360927,new,0.00014044946018032363,False,False,32000
2021-22,2022-03-26,401360930,old,0.0031516193970346244,True,False,32000
2021-22,2022-03-26,401360930,new,0.004630742598156562,True,False,32000
2021-22,2022-03-26,401360931,old,0.0009702509343211456,False,False,32000
2021-22,2022-03-26,401360931,new,0.0009703251058152289,False,False,32000
2021-22,2022-03-26,401360928,old,0.0016509781324325378,True,False,32000
2021-22,2022-03-26,401360928,new,0.0015211680873006323,True,False,32000
2021-22,2022-03-26,401360929,old,0.0012690930153284614,True,False,32000
2021-22,2022-03-26,401360929,new,0.001923692835950738,True,False,32000
2021-22,2022-03-26,401360932,old,0.0009938026407489936,True,False,32000
2021-22,2022-03-26,401360932,new,0.0018270020136041843,True,False,32000
2021-22,2022-03-26,401360933,old,0.00041994348809775973,True,False,32000
2021-22,2022-03-26,401360933,new,0.0,True,False,32000
2021-22,2022-03-27,401360934,old,0.0020086690467072048,True,False,32000
2021-22,2022-03-27,401360934,new,0.00011577581675189757,True,False,32000
2021-22,2022-03-27,401360935,old,0.0031907251949604494,True,False,32000
2021-22,2022-03-27,401360935,new,0.0035239354252717286,True,False,32000
2021-22,2022-03-27,401360937,old,0.002307650874399814,True,False,32000
2021-22,2022-03-27,401360937,new,0.002307150565876896,True,False,32000
2021-22,2022-03-27,401360936,old,0.003539361416014746,False,False,32000
2021-22,2022-03-27,401360936,new,0.001190655796829923,False,False,32000
2021-22,2022-03-27,401360938,old,0.007759645508567928,True,False,32000
2021-22,2022-03-27,401360938,new,0.0018892757883275514,True,False,32000
2021-22,2022-03-27,401360940,old,0.0018584578115883464,True,False,32000
2021-22,2022-03-27,401360940,new,0.0019963233849142107,True,False,32000
2021-22,2022-03-27,401360939,old,0.0011630041583441486,True,False,32000
2021-22,2022-03-27,401360939,new,0.0029869198027553394,True,False,32000
2021-22,2022-03-28,401360942,old,0.0023774548863833523,True,False,32000
2021-22,2022-03-28,401360942,new,0.0037850576837355327,True,False,32000
2021-22,2022-03-28,401360943,old,0.0008309483306074068,False,False,32000
2021-22,2022-03-28,401360943,new,0.0011075659376634016,False,False,32000
2021-22,2022-03-28,401360941,old,0.002541955543973407,True,False,32000
2021-22,2022-03-28,401360941,new,0.003642261034838798,True,False,32000
2021-22,2022-03-28,401360944,old,0.0017366061944153817,True,False,32000
2021-22,2022-03-28,401360944,new,0.0015747795568729441,True,False,32000
2021-22,2022-03-28,401360945,old,0.0020442809799007472,False,False,32000
2021-22,2022-03-28,401360945,new,0.0010444216447126847,False,False,32000
2021-22,2022-03-28,401360946,old,0.003404954583186309,True,False,32000
2021-22,2022-03-28,401360946,new,0.003601065884378305,True,False,32000
2021-22,2022-03-28,401360947,old,0.003093290614309566,True,False,32000
2021-22,2022-03-28,401360947,new,0.00173985497495627,True,False,32000
2021-22,2022-03-28,401360948,old,0.0012462669412067545,False,False,32000
2021-22,2022-03-28,401360948,new,0.001246266941232561,False,False,32000
2021-22,2022-03-28,401360949,old,0.00018087118699061216,True,False,32000
2021-22,2022-03-28,401360949,new,0.00030002118673983744,True,False,32000
2021-22,2022-03-29,401360951,old,0.0029085374890772684,False,True,8000
2021-22,2022-03-29,401360951,new,0.0013164059990721625,False,True,8000
2021-22,2022-03-29,401360950,old,0.0017481527130091975,True,True,8000
2021-22,2022-03-29,401360950,new,0.001747536950141393,True,True,8000
2021-22,2022-03-29,401360953,old,0.008293121448765962,True,True,8000
2021-22,2022-03-29,401360953,new,0.0026207221455681667,True,True,8000
2021-22,2022-03-29,401360952,old,0.0022903922003810603,True,True,8000
2021-22,2022-03-29,401360952,new,0.004118216843114196,True,True,8000
2021-22,2022-03-29,401360954,old,0.003924546723971916,True,True,8000
2021-22,2022-03-29,401360954,new,0.00406871449095792,True,True,8000
2021-22,2022-03-30,401360955,old,0.003546543688025742,True,False,32000
2021-22,2022-03-30,401360955,new,0.0046248186271721,True,False,32000
2021-22,2022-03-30,401360957,old,0.0019954272539804284,False,False,32000
2021-22,2022-03-30,401360957,new,0.0,False,False,32000
2021-22,2022-03-30,401360956,old,0.0010697474656686042,False,False,32000
2021-22,2022-03-30,401360956,new,0.0014228873050908932,False,False,32000
2021-22,2022-03-30,401360960,old,0.0019951111730048543,True,False,32000
2021-22,2022-03-30,401360960,new,0.002388989366002203,True,False,32000
2021-22,2022-03-30,401360959,old,0.0017986725798846217,True,False,32000
2021-22,2022-03-30,401360959,new,0.0017589142856023015,True,False,32000
2021-22,2022-03-30,401360958,old,0.001986106836972208,True,False,32000
2021-22,2022-03-30,401360958,new,0.001984567431259322,True,False,32000
2021-22,2022-03-30,401360962,old,0.0014648018763954481,False,False,32000
2021-22,2022-03-30,401360962,new,0.0017091524818351514,False,False,32000
2021-22,2022-03-30,401360961,old,0.00019602764922089242,True,False,32000
2021-22,2022-03-30,401360961,new,0.0,True,False,32000
2021-22,2022-03-30,401360963,old,0.0023767897474081525,False,False,32000
2021-22,2022-03-30,401360963,new,0.0008223021443420847,False,False,32000
2021-22,2022-03-30,401360965,old,0.0021477709758221377,True,False,32000
2021-22,2022-03-30,401360965,new,0.00022966029221109424,True,False,32000
2021-22,2022-03-30,401360964,old,0.0014562038259277941,True,False,32000
2021-22,2022-03-30,401360964,new,0.0014562423112504004,True,False,32000
2021-22,2022-03-31,401360966,old,0.0033939503611783045,True,False,32000
2021-22,2022-03-31,401360966,new,0.0035148285074921596,True,False,32000
2021-22,2022-03-31,401401145,old,0.0024385591788966235,True,False,32000
2021-22,2022-03-31,401401145,new,0.002813452602386443,True,False,32000
2021-22,2022-03-31,401360967,old,0.0038730018789648324,True,False,32000
2021-22,2022-03-31,401360967,new,0.00563997422102639,True,False,32000
2021-22,2022-03-31,401360968,old,0.0016824054349666151,True,False,32000
2021-22,2022-03-31,401360968,new,0.0017378130336189995,True,False,32000
2021-22,2022-03-31,401360969,old,0.007901456522313919,True,False,32000
2021-22,2022-03-31,401360969,new,0.003923630948841407,True,False,32000
2021-22,2022-04-01,401360970,old,0.0022722780609048233,True,True,32000
2021-22,2022-04-01,401360970,new,0.0021838495649407767,True,True,32000
2021-22,2022-04-01,401360971,old,0.002755313731628246,False,True,32000
2021-22,2022-04-01,401360971,new,0.00149538177718452,False,True,32000
2021-22,2022-04-01,401360972,old,0.003116993590708294,True,True,32000
2021-22,2022-04-01,401360972,new,0.003111833421395043,True,True,32000
2021-22,2022-04-01,401360976,old,0.0,True,True,32000
2021-22,2022-04-01,401360976,new,0.0004618292103329482,True,True,32000
2021-22,2022-04-01,401360975,old,0.0022226630316976455,True,True,32000
2021-22,2022-04-01,401360975,new,0.0023523601817676877,True,True,32000
2021-22,2022-04-01,401360974,old,0.0,True,True,32000
2021-22,2022-04-01,401360974,new,0.0,True,True,32000
2021-22,2022-04-01,401360973,old,0.00017956825834784725,True,True,32000
2021-22,2022-04-01,401360973,new,0.0,True,True,32000
2021-22,2022-04-01,401360977,old,0.0026886237332463697,True,True,32000
2021-22,2022-04-01,401360977,new,0.0016865543961172849,True,True,32000
2021-22,2022-04-01,401360978,old,0.0009696029997259223,False,True,32000
2021-22,2022-04-01,401360978,new,0.0010091503605855253,False,True,32000
2021-22,2022-04-01,401360979,old,0.003722906624278151,True,True,32000
2021-22,2022-04-01,401360979,new,0.0021022655743579465,True,True,32000
2021-22,2022-04-02,401360980,old,0.006501655611918196,True,False,32000
2021-22,2022-04-02,401360980,new,0.007137099488055126,True,False,32000
2021-22,2022-04-02,401360981,old,0.003418447347185293,True,False,32000
2021-22,2022-04-02,401360981,new,0.003582162783225044,True,False,32000
2021-22,2022-04-02,401360982,old,0.0018374777040714946,True,False,32000
2021-22,2022-04-02,401360982,new,0.0037319412254267032,True,False,32000
2021-22,2022-04-02,401360983,old,0.0015101940362609158,True,False,32000
2021-22,2022-04-02,401360983,new,0.001435980724031089,True,False,32000
2021-22,2022-04-02,401360984,old,0.0033839792337254974,True,False,32000
2021-22,2022-04-02,401360984,new,0.003459864745783374,True,False,32000
2021-22,2022-04-03,401360985,old,0.0038728255100649515,True,False,32000
2021-22,2022-04-03,401360985,new,0.0029859528990331674,True,False,32000
2021-22,2022-04-03,401360986,old,0.0,False,False,32000
2021-22,2022-04-03,401360986,new,0.0,False,False,32000
2021-22,2022-04-03,401360987,old,0.0020178908676186567,True,False,32000
2021-22,2022-04-03,401360987,new,0.0020807476946001634,True,False,32000
2021-22,2022-04-03,401360988,old,0.00012013878747561798,True,False,32000
2021-22,2022-04-03,401360988,new,0.0004913535452934086,True,False,32000
2021-22,2022-04-03,401360990,old,0.0007844662083989276,False,False,32000
2021-22,2022-04-03,401360990,new,0.0,False,False,32000
2021-22,2022-04-03,401360989,old,0.005221930153999644,True,False,32000
2021-22,2022-04-03,401360989,new,0.006056871447941809,True,False,32000
2021-22,2022-04-03,401360993,old,0.00011927189895182714,True,False,32000
2021-22,2022-04-03,401360993,new,0.0004972746352764103,True,False,32000
2021-22,2022-04-03,401360994,old,0.0016913847906520458,True,False,32000
2021-22,2022-04-03,401360994,new,0.0010239310630366638,True,False,32000
2021-22,2022-04-03,401360992,old,0.0010073980035888012,True,False,32000
2021-22,2022-04-03,401360992,new,0.0013036526497942143,True,False,32000
2021-22,2022-04-03,401360991,old,0.0030138213439620215,True,False,32000
2021-22,2022-04-03,401360991,new,0.0029253461448462475,True,False,32000
2021-22,2022-04-03,401360995,old,0.0014796442488276015,False,False,32000
2021-22,2022-04-03,401360995,new,0.0014855177329105226,False,False,32000
2021-22,2022-04-03,401360996,old,0.0013619015180766686,True,False,32000
2021-22,2022-04-03,401360996,new,0.0007033340767267016,True,False,32000
2021-22,2022-04-05,401360998,old,0.0030244756566362332,True,False,32000
2021-22,2022-04-05,401360998,new,0.004046175811694563,True,False,32000
2021-22,2022-04-05,401360997,old,0.003176538235359756,True,False,32000
2021-22,2022-04-05,401360997,new,0.0031760010162217864,True,False,32000
2021-22,2022-04-05,401361001,old,0.004386519422750483,True,False,32000
2021-22,2022-04-05,401361001,new,0.005834742971698002,True,False,32000
2021-22,2022-04-05,401360999,old,0.002406537070602954,True,False,32000
2021-22,2022-04-05,401360999,new,0.0029022768871341253,True,False,32000
2021-22,2022-04-05,401361000,old,0.0026017662198102704,True,False,32000
2021-22,2022-04-05,401361000,new,0.0033047489500401027,True,False,32000
2021-22,2022-04-05,401361004,old,0.00013967415576050633,True,False,32000
2021-22,2022-04-05,401361004,new,0.0005635713428246565,True,False,32000
2021-22,2022-04-05,401361003,old,0.0014265971785283355,False,False,32000
2021-22,2022-04-05,401361003,new,0.0014459926749836524,False,False,32000
2021-22,2022-04-05,401361002,old,0.0013211695415824502,False,False,32000
2021-22,2022-04-05,401361002,new,0.0011542599966328328,False,False,32000
2021-22,2022-04-05,401361005,old,0.0021842854395392047,False,False,32000
2021-22,2022-04-05,401361005,new,0.0015973467429577053,False,False,32000
2021-22,2022-04-05,401361006,old,0.0014138230895672534,False,False,32000
2021-22,2022-04-05,401361006,new,0.0016483976010586675,False,False,32000
2021-22,2022-04-05,401361007,old,0.0011976161518477632,True,False,32000
2021-22,2022-04-05,401361007,new,0.0,True,False,32000
2021-22,2022-04-05,401361008,old,0.0012056126370893867,True,False,32000
2021-22,2022-04-05,401361008,new,0.0006566374102617978,True,False,32000
2021-22,2022-04-06,401361009,old,0.0017362825240236112,True,True,32000
2021-22,2022-04-06,401361009,new,0.0020201008454659593,True,True,32000
2021-22,2022-04-06,401361010,old,0.0048310218419068685,True,True,32000
2021-22,2022-04-06,401361010,new,0.006144603436746649,True,True,32000
2021-22,2022-04-06,401361011,old,0.005447333671229125,False,True,32000
2021-22,2022-04-06,401361011,new,0.0061950900984688185,False,True,32000
2021-22,2022-04-06,401361012,old,0.0030835898955274615,True,True,32000
2021-22,2022-04-06,401361012,new,0.003005272471956712,True,True,32000
2021-22,2022-04-06,401361013,old,0.00236953500239375,True,True,32000
2021-22,2022-04-06,401361013,new,0.0023033423606775376,True,True,32000
2021-22,2022-04-06,401361014,old,0.00036503608967749623,True,True,32000
2021-22,2022-04-06,401361014,new,0.0,True,True,32000
2021-22,2022-04-07,401361015,old,0.0008853874165914334,True,True,32000
2021-22,2022-04-07,401361015,new,0.0007562213366305834,True,True,32000
2021-22,2022-04-07,401361016,old,0.005349060980398941,True,True,32000
2021-22,2022-04-07,401361016,new,0.005192079727920439,True,True,32000
2021-22,2022-04-07,401361017,old,0.0021286175807472317,True,True,32000
2021-22,2022-04-07,401361017,new,0.0021286175807472317,True,True,32000
2021-22,2022-04-07,401361019,old,0.0012192409506746982,True,True,32000
2021-22,2022-04-07,401361019,new,0.0,True,True,32000
2021-22,2022-04-07,401361018,old,0.0017024587119614677,False,True,32000
2021-22,2022-04-07,401361018,new,0.0005399880508410233,False,True,32000
2021-22,2022-04-07,401361020,old,0.0006064061639609729,False,True,32000
2021-22,2022-04-07,401361020,new,0.000885100613157219,False,True,32000
2021-22,2022-04-07,401361021,old,0.0015555483440320927,True,True,32000
2021-22,2022-04-07,401361021,new,0.0015750846590415527,True,True,32000
2021-22,2022-04-08,401361023,old,0.0,False,False,32000
2021-22,2022-04-08,401361023,new,0.0,False,False,32000
2021-22,2022-04-08,401361022,old,0.0017959585440512188,True,False,32000
2021-22,2022-04-08,401361022,new,0.0021153105537452103,True,False,32000
2021-22,2022-04-08,401361025,old,0.0018429032802694191,True,False,32000
2021-22,2022-04-08,401361025,new,0.0016836899303856398,True,False,32000
2021-22,2022-04-08,401361024,old,0.008462292686312758,True,False,32000
2021-22,2022-04-08,401361024,new,0.011717232224102443,True,False,32000
2021-22,2022-04-08,401361027,old,0.0021832485409328185,True,False,32000
2021-22,2022-04-08,401361027,new,0.0020881796113584746,True,False,32000
2021-22,2022-04-08,401361026,old,0.005386022337850014,True,False,32000
2021-22,2022-04-08,401361026,new,0.007080230020468264,True,False,32000
2021-22,2022-04-08,401361028,old,0.0016837576597224357,True,False,32000
2021-22,2022-04-08,401361028,new,0.0016837284451418244,True,False,32000
2021-22,2022-04-08,401361029,old,0.002738954793665274,True,False,32000
2021-22,2022-04-08,401361029,new,0.002738954793665274,True,False,32000
2021-22,2022-04-08,401361030,old,0.00023335579569928197,True,False,32000
2021-22,2022-04-08,401361030,new,0.00018808810693203912,True,False,32000
2021-22,2022-04-09,401361033,old,0.0022492014236384305,True,True,8000
2021-22,2022-04-09,401361033,new,0.00224923032675434,True,True,8000
2021-22,2022-04-09,401361032,old,0.0005503525862030836,True,True,8000
2021-22,2022-04-09,401361032,new,0.0,True,True,8000
2021-22,2022-04-09,401361034,old,0.0019732388946986754,False,True,8000
2021-22,2022-04-09,401361034,new,0.0012421490270827938,False,True,8000
2021-22,2022-04-09,401361031,old,0.0,True,True,8000
2021-22,2022-04-09,401361031,new,0.0,True,True,8000
2021-22,2022-04-10,401361037,old,0.011890720795139672,True,False,32000
2021-22,2022-04-10,401361037,new,0.014851779796359358,True,False,32000
2021-22,2022-04-10,401361036,old,0.005440770938860971,True,False,32000
2021-22,2022-04-10,401361036,new,0.0034751996317637078,True,False,32000
2021-22,2022-04-10,401361040,old,0.005965709406766573,True,False,32000
2021-22,2022-04-10,401361040,new,0.006939493570143291,True,False,32000
2021-22,2022-04-10,401361035,old,0.00249817740232455,True,False,32000
2021-22,2022-04-10,401361035,new,0.004035881533139581,True,False,32000
2021-22,2022-04-10,401361046,old,0.0003284328794244475,True,False,32000
2021-22,2022-04-10,401361046,new,0.0003284328794244475,True,False,32000
2021-22,2022-04-10,401361045,old,0.0032057212291812334,True,False,32000
2021-22,2022-04-10,401361045,new,0.002472444575536868,True,False,32000
2021-22,2022-04-10,401361047,old,0.0021098312912696576,True,False,32000
2021-22,2022-04-10,401361047,new,0.0025723451455057778,True,False,32000
2021-22,2022-04-10,401361042,old,0.0019379617822221184,True,False,32000
2021-22,2022-04-10,401361042,new,0.0019379617822221184,True,False,32000
2021-22,2022-04-10,401361043,old,0.0,False,False,32000
2021-22,2022-04-10,401361043,new,0.0,False,False,32000
2021-22,2022-04-10,401361041,old,0.00025333933498976487,True,False,32000
2021-22,2022-04-10,401361041,new,0.0,True,False,32000
2021-22,2022-04-10,401361038,old,0.0018474717976229966,False,False,32000
2021-22,2022-04-10,401361038,new,0.0014222983372732631,False,False,32000
2021-22,2022-04-10,401361044,old,0.0018286579563647342,True,False,32000
2021-22,2022-04-10,401361044,new,0.0009902632442931533,True,False,32000
2021-22,2022-04-10,401361048,old,0.0,True,False,32000
2021-22,2022-04-10,401361048,new,0.0,True,False,32000
2021-22,2022-04-10,401361049,old,0.00247359910398364,True,False,32000
2021-22,2022-04-10,401361049,new,0.00247359910398364,True,False,32000
2021-22,2022-04-10,401361039,old,0.001224330401296379,True,False,32000
2021-22,2022-04-10,401361039,new,0.001224330401296379,True,False,32000
2022-23,2023-02-12,401469011,old,0.0009320659644543556,True,True,8000
2022-23,2023-02-12,401469011,new,0.0007821994933779698,True,True,8000
2022-23,2023-02-13,401469015,old,0.0006419125338576812,True,False,32000
2022-23,2023-02-13,401469015,new,0.0007635401348730527,True,False,32000
2022-23,2023-02-13,401469013,old,0.0010312059646993535,True,False,32000
2022-23,2023-02-13,401469013,new,0.0010340318271696482,True,False,32000
2022-23,2023-02-13,401469012,old,0.0010351626115366536,True,False,32000
2022-23,2023-02-13,401469012,new,0.0019480432146792759,True,False,32000
2022-23,2023-02-13,401469014,old,0.0007768536578922588,False,False,32000
2022-23,2023-02-13,401469014,new,0.000935904989071201,False,False,32000
2022-23,2023-02-13,401469016,old,0.0012584455287570717,True,False,32000
2022-23,2023-02-13,401469016,new,0.0014521427154186302,True,False,32000
2022-23,2023-02-13,401469017,old,0.0004479837888734596,True,False,32000
2022-23,2023-02-13,401469017,new,0.001187483491865819,True,False,32000
2022-23,2023-02-13,401469018,old,0.0008121337171639335,False,False,32000
2022-23,2023-02-13,401469018,new,0.0006663843478719444,False,False,32000
2022-23,2023-02-13,401469019,old,0.0021644377294508343,True,False,32000
2022-23,2023-02-13,401469019,new,0.0026191213756767864,True,False,32000
2022-23,2023-02-13,401469020,old,0.003577992120958796,True,False,32000
2022-23,2023-02-13,401469020,new,0.0034117952627849843,True,False,32000
2022-23,2023-02-13,401469022,old,0.0023494300323162556,True,False,32000
2022-23,2023-02-13,401469022,new,0.0014161628594064242,True,False,32000
2022-23,2023-02-13,401469021,old,0.0020421029291138953,True,False,32000
2022-23,2023-02-13,401469021,new,0.003934957095291818,True,False,32000
2022-23,2023-02-14,401469023,old,0.0004405660624885602,False,False,32000
2022-23,2023-02-14,401469023,new,0.000717657110867717,False,False,32000
2022-23,2023-02-14,401469024,old,0.0010543315147336176,True,False,32000
2022-23,2023-02-14,401469024,new,0.001026872309921063,True,False,32000
2022-23,2023-02-14,401469025,old,0.0017959866456143114,True,False,32000
2022-23,2023-02-14,401469025,new,0.002237453416897112,True,False,32000
2022-23,2023-02-14,401469026,old,0.002030913243592823,True,False,32000
2022-23,2023-02-14,401469026,new,0.0020632985616259093,True,False,32000
2022-23,2023-02-14,401469027,old,0.0022585249986184254,True,False,32000
2022-23,2023-02-14,401469027,new,0.0028799747065857005,True,False,32000
2022-23,2023-02-15,401469028,old,0.0,False,False,32000
2022-23,2023-02-15,401469028,new,0.0,False,False,32000
2022-23,2023-02-15,401469029,old,0.001106966751892797,True,False,32000
2022-23,2023-02-15,401469029,new,0.0008818797435823757,True,False,32000
2022-23,2023-02-15,401469032,old,0.0005229574930747015,True,False,32000
2022-23,2023-02-15,401469032,new,0.0007402054992379472,True,False,32000
2022-23,2023-02-15,401469033,old,0.0,True,False,32000
2022-23,2023-02-15,401469033,new,0.00013668988998222348,True,False,32000
2022-23,2023-02-15,401469031,old,0.000860543691047303,True,False,32000
2022-23,2023-02-15,401469031,new,0.0012984472056835957,True,False,32000
2022-23,2023-02-15,401469030,old,0.0013295139511592519,True,False,32000
2022-23,2023-02-15,401469030,new,0.0013275709881479085,True,False,32000
2022-23,2023-02-15,401469034,old,0.0009796762764729776,False,False,32000
2022-23,2023-02-15,401469034,new,0.0013509845311621901,False,False,32000
2022-23,2023-02-15,401469035,old,0.0010981528730397718,True,False,32000
2022-23,2023-02-15,401469035,new,0.0013959214329187437,True,False,32000
2022-23,2023-02-15,401469036,old,0.0033831502766444475,True,False,32000
2022-23,2023-02-15,401469036,new,0.0027155948482893814,True,False,32000
2022-23,2023-02-15,401469037,old,0.0011646767267060106,False,False,32000
2022-23,2023-02-15,401469037,new,0.0018486102911082903,False,False,32000
2022-23,2023-02-16,401469038,old,0.0021092138048629462,True,False,32000
2022-23,2023-02-16,401469038,new,0.0017589879139797624,True,False,32000
2022-23,2023-02-16,401469039,old,0.004021691060245815,True,False,32000
2022-23,2023-02-16,401469039,new,0.006151952807053958,True,False,32000
2022-23,2023-02-16,401469040,old,0.003377402501118939,True,False,32000
2022-23,2023-02-16,401469040,new,0.0041188233721701295,True,False,32000
2022-23,2023-02-23,401469041,old,0.0015800280012243679,True,False,32000
2022-23,2023-02-23,401469041,new,0.001579368164347229,True,False,32000
2022-23,2023-02-23,401469043,old,0.000187392737274861,True,False,32000
2022-23,2023-02-23,401469043,new,0.0,True,False,32000
2022-23,2023-02-23,401469042,old,0.0005121219406848027,False,False,32000
2022-23,2023-02-23,401469042,new,0.00030398030109077864,False,False,32000
2022-23,2023-02-23,401469045,old,0.003937758562955589,True,False,32000
2022-23,2023-02-23,401469045,new,0.0049739005190728965,True,False,32000
2022-23,2023-02-23,401469044,old,0.0006943546136128278,True,False,32000
2022-23,2023-02-23,401469044,new,0.0006975999238970581,True,False,32000
2022-23,2023-02-23,401469046,old,0.002371070689709931,True,False,32000
2022-23,2023-02-23,401469046,new,0.0024472667604609,True,False,32000
2022-23,2023-02-23,401469047,old,0.0002028940904854276,True,False,32000
2022-23,2023-02-23,401469047,new,0.0002829529720202565,True,False,32000
2022-23,2023-02-23,401469049,old,0.0020873854502874234,True,False,32000
2022-23,2023-02-23,401469049,new,0.001324504740007965,True,False,32000
2022-23,2023-02-23,401469048,old,0.0016941765003718177,True,False,32000
2022-23,2023-02-23,401469048,new,0.0017805400350387017,True,False,32000
2022-23,2023-02-24,401469050,old,0.0014522022206432102,True,False,32000
2022-23,2023-02-24,401469050,new,0.0012898755081373835,True,False,32000
2022-23,2023-02-24,401469052,old,0.0015239697976359497,True,False,32000
2022-23,2023-02-24,401469052,new,0.0021531367837162867,True,False,32000
2022-23,2023-02-24,401469051,old,0.0025288017463339267,True,False,32000
2022-23,2023-02-24,401469051,new,0.0022776333123497266,True,False,32000
2022-23,2023-02-24,401469055,old,0.0016409616185375623,True,False,32000
2022-23,2023-02-24,401469055,new,0.0010370466817964277,True,False,32000
2022-23,2023-02-24,401469053,old,0.0031393679655398665,True,False,32000
2022-23,2023-02-24,401469053,new,0.003910151800749095,True,False,32000
2022-23,2023-02-24,401469056,old,0.0012219183236983834,True,False,32000
2022-23,2023-02-24,401469056,new,0.0019117007296755746,True,False,32000
2022-23,2023-02-24,401469054,old,0.0022915580658729407,True,False,32000
2022-23,2023-02-24,401469054,new,0.0025221323074549615,True,False,32000
2022-23,2023-02-24,401469057,old,0.0016860375647935464,True,False,32000
2022-23,2023-02-24,401469057,new,0.00180989262310222,True,False,32000
2022-23,2023-02-25,401469058,old,0.0016938535435360397,True,True,32000
2022-23,2023-02-25,401469058,new,0.0011623083334890586,True,True,32000
2022-23,2023-02-25,401469060,old,0.0,False,True,32000
2022-23,2023-02-25,401469060,new,0.0,False,True,32000
2022-23,2023-02-25,401469059,old,0.0010032805656388277,True,True,32000
2022-23,2023-02-25,401469059,new,0.0014855501080907124,True,True,32000
2022-23,2023-02-25,401469061,old,0.0033451018034874177,True,True,32000
2022-23,2023-02-25,401469061,new,0.004349698385375841,True,True,32000
2022-23,2023-02-25,401469062,old,0.0007242254848174431,True,True,32000
2022-23,2023-02-25,401469062,new,0.000720187425930069,True,True,32000
2022-23,2023-02-25,401469063,old,0.0009526631762124505,True,True,32000
2022-23,2023-02-25,401469063,new,0.0009526631762124505,True,True,32000
2022-23,2023-02-25,401469064,old,0.0011489430844505398,False,True,32000
2022-23,2023-02-25,401469064,new,0.0013841498405217489,False,True,32000
2022-23,2023-02-26,401469065,old,0.0025577370670725338,True,False,32000
2022-23,2023-02-26,401469065,new,0.002920110361634475,True,False,32000
2022-23,2023-02-26,401469066,old,0.0013128867058136288,True,False,32000
2022-23,2023-02-26,401469066,new,0.0016128404996442684,True,False,32000
2022-23,2023-02-26,401469067,old,0.0018822046960221476,True,False,32000
2022-23,2023-02-26,401469067,new,0.0019279898118652937,True,False,32000
2022-23,2023-02-26,401469068,old,0.00246535316488893,True,False,32000
2022-23,2023-02-26,401469068,new,0.0010948701780911423,True,False,32000
2022-23,2023-02-26,401469069,old,0.002511455840355118,True,False,32000
2022-23,2023-02-26,401469069,new,0.002540852193283626,True,False,32000
2022-23,2023-02-26,401469070,old,0.0010436928426132757,True,False,32000
2022-23,2023-02-26,401469070,new,0.0009462126735157651,True,False,32000
2022-23,2023-02-26,401469071,old,0.0022077602063561735,True,False,32000
2022-23,2023-02-26,401469071,new,0.0024985174930831815,True,False,32000
2022-23,2023-02-26,401469072,old,0.0016377815993334573,True,False,32000
2022-23,2023-02-26,401469072,new,0.0009886408868386284,True,False,32000
2022-23,2023-02-26,401469073,old,0.0030814131232370827,True,False,32000
2022-23,2023-02-26,401469073,new,0.0033918378111749184,True,False,32000
2022-23,2023-02-27,401469074,old,0.0,True,True,32000
2022-23,2023-02-27,401469074,new,0.0,True,True,32000
2022-23,2023-02-27,401469075,old,0.001494403417018723,True,True,32000
2022-23,2023-02-27,401469075,new,0.0019519692005344844,True,True,32000
2022-23,2023-02-27,401469076,old,0.002118870355087371,True,True,32000
2022-23,2023-02-27,401469076,new,0.0023428518482412476,True,True,32000
2022-23,2023-02-27,401469077,old,0.002342417016327623,True,True,32000
2022-23,2023-02-27,401469077,new,0.00295073370757998,True,True,32000
2022-23,2023-02-28,401469082,old,0.0017245969734864819,True,False,32000
2022-23,2023-02-28,401469082,new,0.0023337970537109344,True,False,32000
2022-23,2023-02-28,401469080,old,0.00011031087135217854,True,False,32000
2022-23,2023-02-28,401469080,new,0.0003819881903710938,True,False,32000
2022-23,2023-02-28,401469078,old,0.0016246554743780618,True,False,32000
2022-23,2023-02-28,401469078,new,0.001582053291566661,True,False,32000
2022-23,2023-02-28,401469079,old,0.0010374150314338213,True,False,32000
2022-23,2023-02-28,401469079,new,0.001406173654799884,True,False,32000
2022-23,2023-02-28,401469081,old,0.0006565190365724405,True,False,32000
2022-23,2023-02-28,401469081,new,0.0006513308362274432,True,False,32000
2022-23,2023-02-28,401469083,old,0.0012167056448541057,True,False,32000
2022-23,2023-02-28,401469083,new,0.0010424819292511518,True,False,32000
2022-23,2023-02-28,401469084,old,0.0020377860643640555,True,False,32000
2022-23,2023-02-28,401469084,new,0.0026486373704371134,True,False,32000
2022-23,2023-02-28,401469085,old,0.0011893748128363926,False,False,32000
2022-23,2023-02-28,401469085,new,0.0018645367821120192,False,False,32000
2022-23,2023-02-28,401469086,old,0.0021307065078319436,True,False,32000
2022-23,2023-02-28,401469086,new,0.0021801477814662237,True,False,32000
2022-23,2023-02-28,401469087,old,0.004621380984452119,True,False,32000
2022-23,2023-02-28,401469087,new,0.004361362356164969,True,False,32000
2022-23,2023-03-01,401469088,old,0.0021371510056926698,True,False,32000
2022-23,2023-03-01,401469088,new,0.0026716331955470548,True,False,32000
2022-23,2023-03-01,401469089,old,0.002278104845501777,True,False,32000
2022-23,2023-03-01,401469089,new,0.0008468068131235947,True,False,32000
2022-23,2023-03-01,401469091,old,0.0013049185395465931,True,False,32000
2022-23,2023-03-01,401469091,new,0.002026221863299472,True,False,32000
2022-23,2023-03-01,401469092,old,0.0008156572924369656,True,False,32000
2022-23,2023-03-01,401469092,new,0.0012447499691463123,True,False,32000
2022-23,2023-03-01,401469090,old,0.0009599005383361152,True,False,32000
2022-23,2023-03-01,401469090,new,0.000958115616607568,True,False,32000
2022-23,2023-03-01,401469093,old,0.0002989906284822584,True,False,32000
2022-23,2023-03-01,401469093,new,0.0002985400455227887,True,False,32000
2022-23,2023-03-01,401469094,old,0.0006388942400202234,True,False,32000
2022-23,2023-03-01,401469094,new,0.0005910392031501817,True,False,32000
2022-23,2023-03-01,401469095,old,0.0016081754375616207,True,False,32000
2022-23,2023-03-01,401469095,new,0.0016249664345278753,True,False,32000
2022-23,2023-03-01,401469096,old,0.0024378198241418415,True,False,32000
2022-23,2023-03-01,401469096,new,0.002693772673674415,True,False,32000
2022-23,2023-03-02,401469097,old,0.0019655436624395222,True,False,32000
2022-23,2023-03-02,401469097,new,0.0014959459363262067,True,False,32000
2022-23,2023-03-02,401469098,old,0.0019566236072447946,True,False,32000
2022-23,2023-03-02,401469098,new,0.0034009532225392973,True,False,32000
2022-23,2023-03-02,401469099,old,0.0008250219712789031,False,False,32000
2022-23,2023-03-02,401469099,new,0.00014533031854856182,False,False,32000
2022-23,2023-03-02,401469100,old,0.0019497575287938265,True,False,32000
2022-23,2023-03-02,401469100,new,0.001920118115862138,True,False,32000
2022-23,2023-03-03,401469101,old,0.00014121231240629825,True,True,32000
2022-23,2023-03-03,401469101,new,0.0,True,True,32000
2022-23,2023-03-03,401469102,old,0.0019871456664773994,True,True,32000
2022-23,2023-03-03,401469102,new,0.002389436683238575,True,True,32000
2022-23,2023-03-03,401469103,old,0.001190956435646323,True,True,32000
2022-23,2023-03-03,401469103,new,0.0018844899000920064,True,True,32000
2022-23,2023-03-03,401469106,old,0.0005989254261826212,True,True,32000
2022-23,2023-03-03,401469106,new,0.0010886016290306362,True,True,32000
2022-23,2023-03-03,401469105,old,0.0030707532479984376,True,True,32000
2022-23,2023-03-03,401469105,new,0.0034357779855506607,True,True,32000
2022-23,2023-03-03,401469104,old,0.001557536794839954,True,True,32000
2022-23,2023-03-03,401469104,new,0.0021375037571359223,True,True,32000
2022-23,2023-03-03,401469108,old,0.0014239682533292804,True,True,32000
2022-23,2023-03-03,401469108,new,0.001979501058775483,True,True,32000
2022-23,2023-03-03,401469109,old,0.0028570256430590197,True,True,32000
2022-23,2023-03-03,401469109,new,0.003412265812754063,True,True,32000
2022-23,2023-03-03,401469107,old,0.0005998777527950425,True,True,32000
2022-23,2023-03-03,401469107,new,0.0004915597759219981,True,True,32000
2022-23,2023-03-03,401469110,old,0.00343547509144368,True,True,32000
2022-23,2023-03-03,401469110,new,0.003832757115212319,True,True,32000
2022-23,2023-03-04,401469111,old,0.0019069525970773116,True,False,32000
2022-23,2023-03-04,401469111,new,0.0018409608714913522,True,False,32000
2022-23,2023-03-04,401469112,old,0.0014469631474507722,True,False,32000
2022-23,2023-03-04,401469112,new,0.0014430309132724359,True,False,32000
2022-23,2023-03-04,401469114,old,0.0,True,False,32000
2022-23,2023-03-04,401469114,new,0.0,True,False,32000
2022-23,2023-03-04,401469113,old,0.0008515046413949786,False,False,32000
2022-23,2023-03-04,401469113,new,0.0007210182587895455,False,False,32000
2022-23,2023-03-04,401469115,old,0.0009376346956642591,True,False,32000
2022-23,2023-03-04,401469115,new,0.0009132831705260445,True,False,32000
2022-23,2023-03-04,401469116,old,0.0026913288509933797,True,False,32000
2022-23,2023-03-04,401469116,new,0.004153385672045867,True,False,32000
2022-23,2023-03-05,401469117,old,0.002642346080296868,True,False,32000
2022-23,2023-03-05,401469117,new,0.0028292663700814707,True,False,32000
2022-23,2023-03-05,401469118,old,0.0010194821705971934,True,False,32000
2022-23,2023-03-05,401469118,new,0.0007499409257316394,True,False,32000
2022-23,2023-03-05,401469119,old,0.0017737055951108597,True,False,32000
2022-23,2023-03-05,401469119,new,0.001230104865651847,True,False,32000
2022-23,2023-03-05,401469120,old,0.00048806846920544444,True,False,32000
2022-23,2023-03-05,401469120,new,0.0009749472084441067,True,False,32000
2022-23,2023-03-05,401469121,old,0.00044577476614798996,True,False,32000
2022-23,2023-03-05,401469121,new,0.00028816370072351933,True,False,32000
2022-23,2023-03-05,401469122,old,0.0,True,False,32000
2022-23,2023-03-05,401469122,new,0.0,True,False,32000
2022-23,2023-03-05,401469123,old,0.00030858412355309575,True,False,32000
2022-23,2023-03-05,401469123,new,0.0007069831384537143,True,False,32000
2022-23,2023-03-05,401469128,old,0.0028311275014644656,True,False,32000
2022-23,2023-03-05,401469128,new,0.0027391322114798966,True,False,32000
2022-23,2023-03-05,401469124,old,0.0021487741435864496,True,False,32000
2022-23,2023-03-05,401469124,new,0.002137316115921807,True,False,32000
2022-23,2023-03-05,401469125,old,0.00273076412935963,True,False,32000
2022-23,2023-03-05,401469125,new,0.00334180597422494,True,False,32000
2022-23,2023-03-06,401469132,old,0.001780405368545389,True,True,32000
2022-23,2023-03-06,401469132,new,0.0007226630393108454,True,True,32000
2022-23,2023-03-06,401469127,old,0.001656648571703349,True,True,32000
2022-23,2023-03-06,401469127,new,0.0009232337183047185,True,True,32000
2022-23,2023-03-06,401469126,old,0.0012729015918306354,True,True,32000
2022-23,2023-03-06,401469126,new,0.0012672941402972016,True,True,32000
2022-23,2023-03-06,401469129,old,0.0009333025945764533,False,True,32000
2022-23,2023-03-06,401469129,new,0.0009690311058574116,False,True,32000
2022-23,2023-03-06,401469130,old,0.002336687666837021,True,True,32000
2022-23,2023-03-06,401469130,new,0.0022955547124379225,True,True,32000
2022-23,2023-03-06,401469131,old,0.001760912084211335,True,True,32000
2022-23,2023-03-06,401469131,new,0.002805449600950053,True,True,32000
2022-23,2023-03-07,401526670,old,0.0026767728699653606,True,False,32000
2022-23,2023-03-07,401526670,new,0.0017677902613897193,True,False,32000
2022-23,2023-03-07,401469133,old,0.0006969167192787629,True,False,32000
2022-23,2023-03-07,401469133,new,0.0004462983359460091,True,False,32000
2022-23,2023-03-07,401469135,old,0.0025950467620596703,True,False,32000
2022-23,2023-03-07,401469135,new,0.0039221338107597375,True,False,32000
2022-23,2023-03-07,401469134,old,0.0014752998027643984,True,False,32000
2022-23,2023-03-07,401469134,new,0.0015741902413410266,True,False,32000
2022-23,2023-03-07,401469136,old,0.0003695652273942308,True,False,32000
2022-23,2023-03-07,401469136,new,0.0006604691280621194,True,False,32000
2022-23,2023-03-07,401469137,old,0.0014408224392787204,True,False,32000
2022-23,2023-03-07,401469137,new,0.0011503006529263574,True,False,32000
2022-23,2023-03-07,401469138,old,0.0009564662571446816,True,False,32000
2022-23,2023-03-07,401469138,new,0.0016559806930020167,True,False,32000
2022-23,2023-03-07,401469139,old,0.002230198069186344,True,False,32000
2022-23,2023-03-07,401469139,new,0.0028447230067692726,True,False,32000
2022-23,2023-03-08,401469140,old,0.0019996384511058404,True,False,32000
2022-23,2023-03-08,401469140,new,0.0019272874107411225,True,False,32000
2022-23,2023-03-08,401469141,old,0.002809418141215905,True,False,32000
2022-23,2023-03-08,401469141,new,0.001708501846654328,True,False,32000
2022-23,2023-03-08,401469143,old,0.0019403717393278819,True,False,32000
2022-23,2023-03-08,401469143,new,0.0023076227271021615,True,False,32000
2022-23,2023-03-08,401469142,old,0.0012476600764107296,True,False,32000
2022-23,2023-03-08,401469142,new,0.0017211131772569047,True,False,32000
2022-23,2023-03-08,401469144,old,0.001979919050495505,True,False,32000
2022-23,2023-03-08,401469144,new,0.0014000189659420259,True,False,32000
2022-23,2023-03-08,401469145,old,0.002499876002800257,True,False,32000
2022-23,2023-03-08,401469145,new,0.00289852858839112,True,False,32000
2022-23,2023-03-08,401469146,old,0.0040034525000051035,True,False,32000
2022-23,2023-03-08,401469146,new,0.005215312204017718,True,False,32000
2022-23,2023-03-09,401469147,old,0.0,True,True,32000
2022-23,2023-03-09,401469147,new,0.0,True,True,32000
2022-23,2023-03-09,401469149,old,0.0006428355949545413,False,True,32000
2022-23,2023-03-09,401469149,new,0.0002913235080399174,False,True,32000
2022-23,2023-03-09,401469148,old,0.0006350991547651336,True,True,32000
2022-23,2023-03-09,401469148,new,0.00023962096268972813,True,True,32000
2022-23,2023-03-09,401469151,old,0.0013310568454602627,False,True,32000
2022-23,2023-03-09,401469151,new,0.0026333240258631747,False,True,32000
2022-23,2023-03-09,401469150,old,0.0009152202971201001,True,True,32000
2022-23,2023-03-09,401469150,new,0.0010743373087479726,True,True,32000
2022-23,2023-03-09,401469152,old,0.001014697983937522,True,True,32000
2022-23,2023-03-09,401469152,new,0.0010012147316037377,True,True,32000
2022-23,2023-03-10,401469153,old,0.0027754629104910955,True,False,32000
2022-23,2023-03-10,401469153,new,0.0018965709597164944,True,False,32000
2022-23,2023-03-10,401469154,old,0.0019599836474009486,True,False,32000
2022-23,2023-03-10,401469154,new,0.0021240671809238366,True,False,32000
2022-23,2023-03-10,401469157,old,0.0007781254816217625,True,False,32000
2022-23,2023-03-10,401469157,new,0.0007749340584319752,True,False,32000
2022-23,2023-03-10,401469155,old,0.0014925933780567144,True,False,32000
2022-23,2023-03-10,401469155,new,0.0018401355089849166,True,False,32000
2022-23,2023-03-10,401469156,old,0.002441605788881197,True,False,32000
2022-23,2023-03-10,401469156,new,0.005038337797141497,True,False,32000
2022-23,2023-03-10,401469158,old,0.0029973871142904627,True,False,32000
2022-23,2023-03-10,401469158,new,0.004013357819683402,True,False,32000
2022-23,2023-03-11,401469159,old,0.003813969502139699,True,False,32000
2022-23,2023-03-11,401469159,new,0.004970412597593324,True,False,32000
2022-23,2023-03-11,401469160,old,0.0015917015568243664,True,False,32000
2022-23,2023-03-11,401469160,new,0.0005403109330834389,True,False,32000
2022-23,2023-03-11,401469161,old,0.0011220452278700081,True,False,32000
2022-23,2023-03-11,401469161,new,0.00035819202116926894,True,False,32000
2022-23,2023-03-11,401469162,old,0.0006771645449855107,False,False,32000
2022-23,2023-03-11,401469162,new,0.0009435478104765103,False,False,32000
2022-23,2023-03-11,401469163,old,0.0017122473066825538,True,False,32000
2022-23,2023-03-11,401469163,new,0.0018340755099163042,True,False,32000
2022-23,2023-03-11,401469165,old,0.0022209240903841953,True,False,32000
2022-23,2023-03-11,401469165,new,0.003695153584822888,True,False,32000
2022-23,2023-03-11,401469164,old,0.002353477905181417,True,False,32000
2022-23,2023-03-11,401469164,new,0.000977738842554341,True,False,32000
2022-23,2023-03-11,401469166,old,0.0008102101305899098,True,False,32000
2022-23,2023-03-11,401469166,new,0.001753753677825275,True,False,32000
2022-23,2023-03-11,401469167,old,0.001449854882796734,True,False,32000
2022-23,2023-03-11,401469167,new,0.0026330836783663995,True,False,32000
2022-23,2023-03-11,401469168,old,0.0011228979712656888,True,False,32000
2022-23,2023-03-11,401469168,new,0.001128989376500841,True,False,32000
2022-23,2023-03-12,401469169,old,0.0010525904350169048,True,False,32000
2022-23,2023-03-12,401469169,new,0.0011558689936329058,True,False,32000
2022-23,2023-03-12,401469170,old,0.001192558087172929,True,False,32000
2022-23,2023-03-12,401469170,new,0.0011938794747476127,True,False,32000
2022-23,2023-03-12,401469171,old,0.003280921353648449,True,False,32000
2022-23,2023-03-12,401469171,new,0.0023137235385599854,True,False,32000
2022-23,2023-03-12,401469173,old,0.0019143130341100893,True,False,32000
2022-23,2023-03-12,401469173,new,0.0018949396239161238,True,False,32000
2022-23,2023-03-12,401469172,old,0.001391571958942404,True,False,32000
2022-23,2023-03-12,401469172,new,0.0021683864269674445,True,False,32000
2022-23,2023-03-12,401469174,old,0.0026238322346305485,True,False,32000
2022-23,2023-03-12,401469174,new,0.004118558639071674,True,False,32000
2022-23,2023-03-13,401469175,old,0.0014951045618215586,True,False,32000
2022-23,2023-03-13,401469175,new,0.0005694985040860403,True,False,32000
2022-23,2023-03-13,401469176,old,0.0028332673995066786,True,False,32000
2022-23,2023-03-13,401469176,new,0.00558819231214742,True,False,32000
2022-23,2023-03-13,401469178,old,0.0019911065703560114,True,False,32000
2022-23,2023-03-13,401469178,new,0.004133956280467745,True,False,32000
2022-23,2023-03-13,401469177,old,0.001369193172494341,False,False,32000
2022-23,2023-03-13,401469177,new,0.0018583187107181318,False,False,32000
2022-23,2023-03-13,401469179,old,0.0009085117902708535,True,False,32000
2022-23,2023-03-13,401469179,new,0.000907077081546502,True,False,32000
2022-23,2023-03-13,401469181,old,0.0007903806230551081,True,False,32000
2022-23,2023-03-13,401469181,new,0.0007847329177374703,True,False,32000
2022-23,2023-03-13,401469180,old,0.0016276840741007224,True,False,32000
2022-23,2023-03-13,401469180,new,0.0028528065412421547,True,False,32000
2022-23,2023-03-14,401469183,old,0.0024009872727577598,True,False,32000
2022-23,2023-03-14,401469183,new,0.0014658321638713154,True,False,32000
2022-23,2023-03-14,401469182,old,0.0011734874065794528,True,False,32000
2022-23,2023-03-14,401469182,new,0.001281634224229109,True,False,32000
2022-23,2023-03-14,401469184,old,0.0026926828081491458,True,False,32000
2022-23,2023-03-14,401469184,new,0.0020088783799743393,True,False,32000
2022-23,2023-03-14,401469187,old,0.0,False,False,32000
2022-23,2023-03-14,401469187,new,0.0,False,False,32000
2022-23,2023-03-14,401469185,old,0.00031090887561450374,False,False,32000
2022-23,2023-03-14,401469185,new,0.00023660416625724445,False,False,32000
2022-23,2023-03-14,401469186,old,0.0018963034938616352,True,False,32000
2022-23,2023-03-14,401469186,new,0.002756000311336951,True,False,32000
2022-23,2023-03-14,401469189,old,0.002075930694556419,True,False,32000
2022-23,2023-03-14,401469189,new,0.0009785179406245272,True,False,32000
2022-23,2023-03-14,401469188,old,0.0017047361918382544,True,False,32000
2022-23,2023-03-14,401469188,new,0.001951306491260916,True,False,32000
2022-23,2023-03-15,401469191,old,0.0010556211780861665,False,False,32000
2022-23,2023-03-15,401469191,new,0.0009707603272229292,False,False,32000
2022-23,2023-03-15,401469190,old,0.0017857899523533993,True,False,32000
2022-23,2023-03-15,401469190,new,0.0017857312339779826,True,False,32000
2022-23,2023-03-15,401469192,old,0.002926103646447698,True,False,32000
2022-23,2023-03-15,401469192,new,0.0019447585487550397,True,False,32000
2022-23,2023-03-15,401469194,old,0.0038402641440209266,True,False,32000
2022-23,2023-03-15,401469194,new,0.005752495506479848,True,False,32000
2022-23,2023-03-15,401469193,old,0.0016733292817778973,True,False,32000
2022-23,2023-03-15,401469193,new,0.003261552314428575,True,False,32000
2022-23,2023-03-15,401469195,old,0.002931168883415768,True,False,32000
2022-23,2023-03-15,401469195,new,0.00347477945043528,True,False,32000
2022-23,2023-03-15,401469196,old,0.0018360144560287818,True,False,32000
2022-23,2023-03-15,401469196,new,0.002389201007441766,True,False,32000
2022-23,2023-03-16,401469197,old,0.0008820170309686491,True,True,32000
2022-23,2023-03-16,401469197,new,0.000881217061476193,True,True,32000
2022-23,2023-03-16,401469199,old,0.001822695626226256,True,True,32000
2022-23,2023-03-16,401469199,new,0.0037371486923275105,True,True,32000
2022-23,2023-03-16,401469198,old,0.000428454743566162,True,True,32000
2022-23,2023-03-16,401469198,new,0.0006242442581379454,True,True,32000
2022-23,2023-03-16,401469200,old,0.0012514952736579152,True,True,32000
2022-23,2023-03-16,401469200,new,0.000552881173696705,True,True,32000
2022-23,2023-03-16,401469201,old,0.0017963598423650707,True,True,32000
2022-23,2023-03-16,401469201,new,0.002560255569767889,True,True,32000
2022-23,2023-03-17,401469202,old,0.0007354145733721931,True,False,32000
2022-23,2023-03-17,401469202,new,0.0007351352567073028,True,False,32000
2022-23,2023-03-17,401469203,old,0.00144885281483755,False,False,32000
2022-23,2023-03-17,401469203,new,0.0034714746409201373,False,False,32000
2022-23,2023-03-17,401469204,old,0.00375702339665713,True,False,32000
2022-23,2023-03-17,401469204,new,0.0030280218969574424,True,False,32000
2022-23,2023-03-17,401469206,old,0.0023750709100925733,True,False,32000
2022-23,2023-03-17,401469206,new,0.002308271120506764,True,False,32000
2022-23,2023-03-17,401469207,old,0.0005710484614884508,False,False,32000
2022-23,2023-03-17,401469207,new,0.0005711577294694622,False,False,32000
2022-23,2023-03-17,401469205,old,0.004059659457681749,True,False,32000
2022-23,2023-03-17,401469205,new,0.005823349849867936,True,False,32000
2022-23,2023-03-17,401469208,old,0.0016682195783394983,True,False,32000
2022-23,2023-03-17,401469208,new,0.0009386547983633883,True,False,32000
2022-23,2023-03-17,401469209,old,0.00096357628907921,True,False,32000
2022-23,2023-03-17,401469209,new,0.003130934409527444,True,False,32000
2022-23,2023-03-18,401469210,old,0.0017423215449306226,True,True,32000
2022-23,2023-03-18,401469210,new,0.0019251863422423726,True,True,32000
2022-23,2023-03-18,401469211,old,0.002111854144463497,True,True,32000
2022-23,2023-03-18,401469211,new,0.0024503139520164158,True,True,32000
2022-23,2023-03-18,401469212,old,0.0022694435037285163,True,True,32000
2022-23,2023-03-18,401469212,new,0.0014113678671016812,True,True,32000
2022-23,2023-03-18,401469213,old,0.0031343516094553365,True,True,32000
2022-23,2023-03-18,401469213,new,0.005600607584366128,True,True,32000
2022-23,2023-03-18,401469215,old,0.00255340346945751,True,True,32000
2022-23,2023-03-18,401469215,new,0.002145490695056203,True,True,32000
2022-23,2023-03-18,401469214,old,0.0018175356249676147,True,True,32000
2022-23,2023-03-18,401469214,new,0.0014727323390737834,True,True,32000
2022-23,2023-03-18,401469216,old,0.0016283269763528597,False,True,32000
2022-23,2023-03-18,401469216,new,0.00289708683336342,False,True,32000
2022-23,2023-03-18,401469217,old,0.0022071726544033885,True,True,32000
2022-23,2023-03-18,401469217,new,0.0016054032190144934,True,True,32000
2022-23,2023-03-19,401469218,old,0.0010845652686664437,True,True,32000
2022-23,2023-03-19,401469218,new,0.00144301704053361,True,True,32000
2022-23,2023-03-19,401469219,old,0.0024691500767488215,True,True,32000
2022-23,2023-03-19,401469219,new,0.0034181057893075094,True,True,32000
2022-23,2023-03-19,401469220,old,0.0012153405339391289,False,True,32000
2022-23,2023-03-19,401469220,new,0.0013698179625586397,False,True,32000
2022-23,2023-03-19,401469221,old,0.0010096019317039334,True,True,32000
2022-23,2023-03-19,401469221,new,0.0011352457411972915,True,True,32000
2022-23,2023-03-19,401469222,old,0.0020720971644797442,True,True,32000
2022-23,2023-03-19,401469222,new,0.0015012018599824715,True,True,32000
2022-23,2023-03-19,401469223,old,0.0013781310541673933,True,True,32000
2022-23,2023-03-19,401469223,new,0.0016345695663030643,True,True,32000
2022-23,2023-03-19,401469224,old,0.002889982268447076,True,True,32000
2022-23,2023-03-19,401469224,new,0.00310928957846802,True,True,32000
2022-23,2023-03-19,401469225,old,0.0018782250684509446,True,True,32000
2022-23,2023-03-19,401469225,new,0.002554849146346461,True,True,32000
2022-23,2023-03-20,401469226,old,0.0009685574869486065,True,False,32000
2022-23,2023-03-20,401469226,new,0.0005803296309218149,True,False,32000
2022-23,2023-03-20,401469227,old,0.002796276596766642,True,False,32000
2022-23,2023-03-20,401469227,new,0.001994521137471061,True,False,32000
2022-23,2023-03-20,401469228,old,0.004260029641729221,True,False,32000
2022-23,2023-03-20,401469228,new,0.005522857431746722,True,False,32000
2022-23,2023-03-20,401469229,old,0.0017106276933547078,True,False,32000
2022-23,2023-03-20,401469229,new,0.0028610512341642924,True,False,32000
2022-23,2023-03-20,401469230,old,0.0030083428588631896,True,False,32000
2022-23,2023-03-20,401469230,new,0.004012614954722563,True,False,32000
2022-23,2023-03-20,401469231,old,0.002043070534546131,False,False,32000
2022-23,2023-03-20,401469231,new,0.0021516373629787045,False,False,32000
2022-23,2023-03-21,401469232,old,0.0012326950281803801,True,True,32000
2022-23,2023-03-21,401469232,new,0.0006454262439156346,True,True,32000
2022-23,2023-03-21,401469234,old,0.001544391147658647,True,True,32000
2022-23,2023-03-21,401469234,new,0.0017373566978222236,True,True,32000
2022-23,2023-03-21,401469233,old,0.002034780655141214,True,True,32000
2022-23,2023-03-21,401469233,new,0.0013818946063480105,True,True,32000
2022-23,2023-03-21,401469235,old,0.002321066948918635,True,True,32000
2022-23,2023-03-21,401469235,new,0.0017433168278565743,True,True,32000
2022-23,2023-03-21,401469236,old,0.0013643011145507047,True,True,32000
2022-23,2023-03-21,401469236,new,0.001364224144051728,True,True,32000
2022-23,2023-03-21,401469237,old,0.002087840742613653,True,True,32000
2022-23,2023-03-21,401469237,new,0.002682807752921886,True,True,32000
2022-23,2023-03-22,401469238,old,0.0014209962890343376,True,False,32000
2022-23,2023-03-22,401469238,new,0.0013978673978932235,True,False,32000
2022-23,2023-03-22,401469240,old,0.00125922236026837,False,False,32000
2022-23,2023-03-22,401469240,new,0.0009733104712779634,False,False,32000
2022-23,2023-03-22,401469239,old,0.0013560304312508567,True,False,32000
2022-23,2023-03-22,401469239,new,0.0018422194457088797,True,False,32000
2022-23,2023-03-22,401469244,old,0.0003257314527626945,True,False,32000
2022-23,2023-03-22,401469244,new,0.00032338597267154875,True,False,32000
2022-23,2023-03-22,401469241,old,0.0003264120778880424,True,False,32000
2022-23,2023-03-22,401469241,new,0.0025569378432009223,True,False,32000
2022-23,2023-03-22,401469242,old,0.0034588678665876324,True,False,32000
2022-23,2023-03-22,401469242,new,0.0020283459196787667,True,False,32000
2022-23,2023-03-22,401469243,old,0.0004129472561697991,True,False,32000
2022-23,2023-03-22,401469243,new,0.00041239509301256767,True,False,32000
2022-23,2023-03-22,401469245,old,0.003343231979412554,True,False,32000
2022-23,2023-03-22,401469245,new,0.006686477643694362,True,False,32000
2022-23,2023-03-22,401469246,old,0.0015949312939903388,True,False,32000
2022-23,2023-03-22,401469246,new,0.002059211677380514,True,False,32000
2022-23,2023-03-22,401469247,old,0.0035041626745806217,True,False,32000
2022-23,2023-03-22,401469247,new,0.00395087650864324,True,False,32000
2022-23,2023-03-23,401469248,old,0.0010256125008893395,True,True,32000
2022-23,2023-03-23,401469248,new,0.0010502318475304362,True,True,32000
2022-23,2023-03-23,401469249,old,0.0014307324000973223,True,True,32000
2022-23,2023-03-23,401469249,new,0.0018903028880942901,True,True,32000
2022-23,2023-03-23,401469250,old,0.0026195108987760595,True,True,32000
2022-23,2023-03-23,401469250,new,0.0021276138823773114,True,True,32000
2022-23,2023-03-23,401469251,old,0.000842155354085151,True,True,32000
2022-23,2023-03-23,401469251,new,0.0009849056045966038,True,True,32000
2022-23,2023-03-24,401469253,old,0.0007155904116304161,True,False,32000
2022-23,2023-03-24,401469253,new,0.0001588544546156363,True,False,32000
2022-23,2023-03-24,401469252,old,0.001493593277981075,False,False,32000
2022-23,2023-03-24,401469252,new,0.0012640652696713913,False,False,32000
2022-23,2023-03-24,401469254,old,0.002452513109956135,True,False,32000
2022-23,2023-03-24,401469254,new,0.0012216614641146982,True,False,32000
2022-23,2023-03-24,401469255,old,0.0003989771617939892,True,False,32000
2022-23,2023-03-24,401469255,new,0.000398312611420645,True,False,32000
2022-23,2023-03-24,401469256,old,0.0035395805754769626,True,False,32000
2022-23,2023-03-24,401469256,new,0.004257373020346249,True,False,32000
2022-23,2023-03-24,401469257,old,0.0024275390128725436,True,False,32000
2022-23,2023-03-24,401469257,new,0.0019204821365356767,True,False,32000
2022-23,2023-03-24,401469259,old,0.0018523947915353618,True,False,32000
2022-23,2023-03-24,401469259,new,0.0015117879591459024,True,False,32000
2022-23,2023-03-24,401469260,old,0.0026950595614089056,True,False,32000
2022-23,2023-03-24,401469260,new,0.0038664858072815405,True,False,32000
2022-23,2023-03-24,401469258,old,0.0028422075132268584,True,False,32000
2022-23,2023-03-24,401469258,new,0.003944035786273291,True,False,32000
2022-23,2023-03-24,401469261,old,0.0013311845693723505,True,False,32000
2022-23,2023-03-24,401469261,new,0.002248084603579286,True,False,32000
2022-23,2023-03-25,401469262,old,0.0011698725471830282,False,True,32000
2022-23,2023-03-25,401469262,new,0.0008667188882339158,False,True,32000
2022-23,2023-03-25,401469263,old,0.0,True,True,32000
2022-23,2023-03-25,401469263,new,0.00038123460022877135,True,True,32000
2022-23,2023-03-25,401469264,old,0.0011615128532823933,True,True,32000
2022-23,2023-03-25,401469264,new,0.0011603679180746261,True,True,32000
2022-23,2023-03-25,401469266,old,0.003140847562691978,False,True,32000
2022-23,2023-03-25,401469266,new,0.001774173857928214,False,True,32000
2022-23,2023-03-25,401469265,old,0.003949703471600134,True,True,32000
2022-23,2023-03-25,401469265,new,0.005418254376102242,True,True,32000
2022-23,2023-03-25,401469267,old,0.005490665223333705,True,True,32000
2022-23,2023-03-25,401469267,new,0.004714678097825046,True,True,32000
2022-23,2023-03-26,401469268,old,0.005234085577117441,True,False,32000
2022-23,2023-03-26,401469268,new,0.0034708845882911016,True,False,32000
2022-23,2023-03-26,401469269,old,0.003859220991315799,True,False,32000
2022-23,2023-03-26,401469269,new,0.005700229747596749,True,False,32000
2022-23,2023-03-26,401469271,old,0.0008898699861946777,True,False,32000
2022-23,2023-03-26,401469271,new,0.0008917446336956068,True,False,32000
2022-23,2023-03-26,401469274,old,0.0025468668139682705,True,False,32000
2022-23,2023-03-26,401469274,new,0.0010622232208496744,True,False,32000
2022-23,2023-03-26,401469272,old,0.001191425565036378,True,False,32000
2022-23,2023-03-26,401469272,new,0.0011913855579649018,True,False,32000
2022-23,2023-03-26,401469273,old,0.0008778216211803451,True,False,32000
2022-23,2023-03-26,401469273,new,0.001232558717539165,True,False,32000
2022-23,2023-03-26,401469270,old,0.002324494061613429,False,False,32000
2022-23,2023-03-26,401469270,new,0.0017287524398072365,False,False,32000
2022-23,2023-03-26,401469275,old,0.00276031703831642,True,False,32000
2022-23,2023-03-26,401469275,new,0.0032558145688317804,True,False,32000
2022-23,2023-03-26,401469276,old,0.0032867695250867993,True,False,32000
2022-23,2023-03-26,401469276,new,0.004863882278802482,True,False,32000
2022-23,2023-03-27,401469278,old,0.006520269900929937,True,False,32000
2022-23,2023-03-27,401469278,new,0.0023771474424817895,True,False,32000
2022-23,2023-03-27,401469277,old,0.00038848907125911905,True,False,32000
2022-23,2023-03-27,401469277,new,0.0003840921355900011,True,False,32000
2022-23,2023-03-27,401469279,old,0.000909020244026934,True,False,32000
2022-23,2023-03-27,401469279,new,0.0010657905259041777,True,False,32000
2022-23,2023-03-27,401469280,old,0.00515814865485336,True,False,32000
2022-23,2023-03-27,401469280,new,0.0026245743610801486,True,False,32000
2022-23,2023-03-27,401469281,old,0.0017271012991289443,True,False,32000
2022-23,2023-03-27,401469281,new,0.0017271012991289443,True,False,32000
2022-23,2023-03-27,401469282,old,0.0042673879084291055,True,False,32000
2022-23,2023-03-27,401469282,new,0.004418773262418021,True,False,32000
2022-23,2023-03-27,401469283,old,0.004025808513152864,True,False,32000
2022-23,2023-03-27,401469283,new,0.0055668234486394635,True,False,32000
2022-23,2023-03-27,401469284,old,0.005652660787553355,True,False,32000
2022-23,2023-03-27,401469284,new,0.006198544529507115,True,False,32000
2022-23,2023-03-28,401469285,old,0.0013244560152409662,True,True,32000
2022-23,2023-03-28,401469285,new,0.0007354688988220803,True,True,32000
2022-23,2023-03-28,401469287,old,0.003521152684388204,False,True,32000
2022-23,2023-03-28,401469287,new,0.0030339420602298176,False,True,32000
2022-23,2023-03-28,401469286,old,0.0033829258429600557,True,True,32000
2022-23,2023-03-28,401469286,new,0.0023978732408223816,True,True,32000
2022-23,2023-03-28,401469288,old,0.00044381903170510537,False,True,32000
2022-23,2023-03-28,401469288,new,0.0005888984621889757,False,True,32000
2022-23,2023-03-28,401469289,old,0.002398448097296679,True,True,32000
2022-23,2023-03-28,401469289,new,0.003317609730855003,True,True,32000
2022-23,2023-03-28,401469290,old,0.002690225790146363,True,True,32000
2022-23,2023-03-28,401469290,new,0.003915216790718234,True,True,32000
2022-23,2023-03-29,401469291,old,0.0006779125163886325,True,False,32000
2022-23,2023-03-29,401469291,new,0.00015539370409027773,True,False,32000
2022-23,2023-03-29,401469293,old,0.0015237903944098341,True,False,32000
2022-23,2023-03-29,401469293,new,0.001944068945245797,True,False,32000
2022-23,2023-03-29,401469292,old,0.0008731389831549626,True,False,32000
2022-23,2023-03-29,401469292,new,0.0013182904779007244,True,False,32000
2022-23,2023-03-29,401469294,old,0.006245448362937023,True,False,32000
2022-23,2023-03-29,401469294,new,0.004941999615323878,True,False,32000
2022-23,2023-03-29,401469298,old,0.0023887584832197493,False,False,32000
2022-23,2023-03-29,401469298,new,0.0002963554467134214,False,False,32000
2022-23,2023-03-29,401469295,old,0.0032583039468838506,True,False,32000
2022-23,2023-03-29,401469295,new,0.004853752969032331,True,False,32000
2022-23,2023-03-29,401469296,old,0.0033852478788086384,True,False,32000
2022-23,2023-03-29,401469296,new,0.0046261479736899955,True,False,32000
2022-23,2023-03-29,401469297,old,0.0035732784581721895,True,False,32000
2022-23,2023-03-29,401469297,new,0.0026341475170653084,True,False,32000
2022-23,2023-03-29,401469300,old,0.00017152065848350095,True,False,32000
2022-23,2023-03-29,401469300,new,0.00012715517518596873,True,False,32000
2022-23,2023-03-29,401469299,old,0.004018764190163424,True,False,32000
2022-23,2023-03-29,401469299,new,0.005420853278122333,True,False,32000
2022-23,2023-03-30,401469301,old,0.0010431323160005623,True,True,32000
2022-23,2023-03-30,401469301,new,0.0010424010970731827,True,True,32000
2022-23,2023-03-30,401469302,old,0.00383723395684741,True,True,32000
2022-23,2023-03-30,401469302,new,0.004413676756147845,True,True,32000
2022-23,2023-03-31,401469303,old,0.00451960302341316,True,True,32000
2022-23,2023-03-31,401469303,new,0.0009936560425268836,True,True,32000
2022-23,2023-03-31,401469306,old,0.000550475197743364,True,True,32000
2022-23,2023-03-31,401469306,new,0.00022438347351765495,True,True,32000
2022-23,2023-03-31,401469305,old,0.003664413860355354,True,True,32000
2022-23,2023-03-31,401469305,new,0.0029389703546992382,True,True,32000
2022-23,2023-03-31,401469304,old,0.003563488695253092,True,True,32000
2022-23,2023-03-31,401469304,new,0.00221487286595125,True,True,32000
2022-23,2023-03-31,401469308,old,0.0022513645417032656,True,True,32000
2022-23,2023-03-31,401469308,new,0.0022064955727543367,True,True,32000
2022-23,2023-03-31,401469307,old,0.004569300693450046,True,True,32000
2022-23,2023-03-31,401469307,new,0.0012299299533408662,True,True,32000
2022-23,2023-03-31,401469309,old,0.0014926493364753831,True,True,32000
2022-23,2023-03-31,401469309,new,0.0014890608772771088,True,True,32000
2022-23,2023-03-31,401469311,old,0.0034815033252568323,True,True,32000
2022-23,2023-03-31,401469311,new,0.004441369586489787,True,True,32000
2022-23,2023-03-31,401469312,old,0.004702851761144118,True,True,32000
2022-23,2023-03-31,401469312,new,0.007372249756720911,True,True,32000
2022-23,2023-03-31,401469310,old,0.0,True,True,32000
2022-23,2023-03-31,401469310,new,0.0,True,True,32000
2022-23,2023-03-31,401469314,old,0.00031464455953397627,True,True,32000
2022-23,2023-03-31,401469314,new,0.0003080357162693626,True,True,32000
2022-23,2023-03-31,401469313,old,0.0019798290124576493,False,True,32000
2022-23,2023-03-31,401469313,new,0.0033123114015732175,False,True,32000
2022-23,2023-03-31,401469315,old,0.002397769654566358,True,True,32000
2022-23,2023-03-31,401469315,new,0.0025474535981092894,True,True,32000
2022-23,2023-04-01,401469316,old,0.006502386497538526,True,False,32000
2022-23,2023-04-01,401469316,new,0.0030583107127974477,True,False,32000
2022-23,2023-04-01,401469317,old,0.004337583050488811,True,False,32000
2022-23,2023-04-01,401469317,new,0.0051753360430824525,True,False,32000
2022-23,2023-04-02,401469318,old,0.0031364224190526388,True,False,32000
2022-23,2023-04-02,401469318,new,0.001530515560512958,True,False,32000
2022-23,2023-04-02,401469320,old,0.00471857273076118,True,False,32000
2022-23,2023-04-02,401469320,new,0.001727716230501638,True,False,32000
2022-23,2023-04-02,401469321,old,0.0038527368202551965,True,False,32000
2022-23,2023-04-02,401469321,new,0.006560366625267553,True,False,32000
2022-23,2023-04-02,401469319,old,0.004137012213078969,True,False,32000
2022-23,2023-04-02,401469319,new,0.0008760851947032376,True,False,32000
2022-23,2023-04-02,401469323,old,0.0012280526547354717,True,False,32000
2022-23,2023-04-02,401469323,new,0.00041088055084493403,True,False,32000
2022-23,2023-04-02,401469325,old,0.0005177032026540251,False,False,32000
2022-23,2023-04-02,401469325,new,0.0005177032026540251,False,False,32000
2022-23,2023-04-02,401469324,old,0.0005490536627540398,True,False,32000
2022-23,2023-04-02,401469324,new,0.0,True,False,32000
2022-23,2023-04-02,401469322,old,0.007237372329699932,True,False,32000
2022-23,2023-04-02,401469322,new,0.0029714438113369363,True,False,32000
2022-23,2023-04-02,401469326,old,0.002520916910367332,True,False,32000
2022-23,2023-04-02,401469326,new,0.004524385750500771,True,False,32000
2022-23,2023-04-02,401469327,old,0.004964329437879696,True,False,32000
2022-23,2023-04-02,401469327,new,0.0021511987253175933,True,False,32000
2022-23,2023-04-02,401469329,old,0.0012120343193559784,True,False,32000
2022-23,2023-04-02,401469329,new,0.0012063192647180445,True,False,32000
2022-23,2023-04-02,401469328,old,0.00104646974785903,False,False,32000
2022-23,2023-04-02,401469328,new,0.0005294796896799066,False,False,32000
2022-23,2023-04-02,401469330,old,0.0022934624652098876,True,False,32000
2022-23,2023-04-02,401469330,new,0.0031941313567300953,True,False,32000
2022-23,2023-04-04,401469331,old,0.0023097133609680967,True,True,32000
2022-23,2023-04-04,401469331,new,0.0017854843346951038,True,True,32000
2022-23,2023-04-04,401469334,old,0.0009513773227594005,True,True,32000
2022-23,2023-04-04,401469334,new,0.00025267472218124546,True,True,32000
2022-23,2023-04-04,401469333,old,0.0017901513228258741,True,True,32000
2022-23,2023-04-04,401469333,new,0.001116842962960366,True,True,32000
2022-23,2023-04-04,401469332,old,0.0011046566280081935,True,True,32000
2022-23,2023-04-04,401469332,new,0.0008766782188867555,True,True,32000
2022-23,2023-04-04,401469335,old,0.0041742637554760135,True,True,32000
2022-23,2023-04-04,401469335,new,0.005874521673584964,True,True,32000
2022-23,2023-04-04,401469339,old,0.0006662358765347523,True,True,32000
2022-23,2023-04-04,401469339,new,0.0005166255932397628,True,True,32000
2022-23,2023-04-04,401469340,old,0.002585968069065915,True,True,32000
2022-23,2023-04-04,401469340,new,0.0036992984420929384,True,True,32000
2022-23,2023-04-04,401469338,old,0.0007392241316876175,True,True,32000
2022-23,2023-04-04,401469338,new,0.0007392241316876175,True,True,32000
2022-23,2023-04-04,401469337,old,0.002751967620179572,True,True,32000
2022-23,2023-04-04,401469337,new,0.001569205787744789,True,True,32000
2022-23,2023-04-04,401469336,old,0.0010389470423140515,True,True,32000
2022-23,2023-04-04,401469336,new,0.0010389470423140515,True,True,32000
2022-23,2023-04-04,401469341,old,0.005213624537910623,True,True,32000
2022-23,2023-04-04,401469341,new,0.0027102086930481254,True,True,32000
2022-23,2023-04-04,401469343,old,0.00051882271621098,True,True,32000
2022-23,2023-04-04,401469343,new,0.0003575894267174733,True,True,32000
2022-23,2023-04-04,401469342,old,0.0073711874321643655,True,True,32000
2022-23,2023-04-04,401469342,new,0.00426194209458572,True,True,32000
2022-23,2023-04-05,401469344,old,0.0009613916696896675,True,False,32000
2022-23,2023-04-05,401469344,new,0.0013113720160123337,True,False,32000
2022-23,2023-04-05,401469345,old,0.0012816690002493932,True,False,32000
2022-23,2023-04-05,401469345,new,0.0003791948944144411,True,False,32000
2022-23,2023-04-05,401469347,old,0.0013064356721029648,True,False,32000
2022-23,2023-04-05,401469347,new,0.0023264861775021415,True,False,32000
2022-23,2023-04-05,401469348,old,0.0035713809742566834,True,False,32000
2022-23,2023-04-05,401469348,new,0.00048682881875282397,True,False,32000
2022-23,2023-04-05,401469346,old,0.0016582806581642707,True,False,32000
2022-23,2023-04-05,401469346,new,0.0020154918691173062,True,False,32000
2022-23,2023-04-05,401469349,old,0.0019690679935565774,True,False,32000
2022-23,2023-04-05,401469349,new,0.0026366750577448235,True,False,32000
2022-23,2023-04-05,401469350,old,0.007470754297678863,True,False,32000
2022-23,2023-04-05,401469350,new,0.001825435990873401,True,False,32000
2022-23,2023-04-05,401469351,old,0.003682891431074902,True,False,32000
2022-23,2023-04-05,401469351,new,0.006199785582501701,True,False,32000
2022-23,2023-04-06,401469352,old,0.0018490729374232779,True,True,32000
2022-23,2023-04-06,401469352,new,0.0010163177218342092,True,True,32000
2022-23,2023-04-06,401469353,old,0.00212252226584079,True,True,32000
2022-23,2023-04-06,401469353,new,0.002078981308217488,True,True,32000
2022-23,2023-04-06,401469354,old,0.0005893955168352644,True,True,32000
2022-23,2023-04-06,401469354,new,0.0,True,True,32000
2022-23,2023-04-06,401469355,old,0.008042218962448002,True,True,32000
2022-23,2023-04-06,401469355,new,0.0034130048062398243,True,True,32000
2022-23,2023-04-06,401469356,old,0.0010916718002437415,True,True,32000
2022-23,2023-04-06,401469356,new,0.001070735843549941,True,True,32000
2022-23,2023-04-07,401469358,old,0.0008704887740606812,True,False,32000
2022-23,2023-04-07,401469358,new,0.0,True,False,32000
2022-23,2023-04-07,401469357,old,0.0,True,False,32000
2022-23,2023-04-07,401469357,new,0.0,True,False,32000
2022-23,2023-04-07,401469359,old,0.001924803806063268,True,False,32000
2022-23,2023-04-07,401469359,new,0.001305197448482028,True,False,32000
2022-23,2023-04-07,401469362,old,0.0015779366293875237,True,False,32000
2022-23,2023-04-07,401469362,new,0.0015636999505641415,True,False,32000
2022-23,2023-04-07,401469361,old,0.001028377935045716,True,False,32000
2022-23,2023-04-07,401469361,new,0.0009007222675622668,True,False,32000
2022-23,2023-04-07,401469360,old,0.002667238301479797,True,False,32000
2022-23,2023-04-07,401469360,new,0.0020945355263683463,True,False,32000
2022-23,2023-04-07,401469363,old,0.00042476138692427204,True,False,32000
2022-23,2023-04-07,401469363,new,0.00042476138692427204,True,False,32000
2022-23,2023-04-07,401469364,old,0.0028537324073383825,True,False,32000
2022-23,2023-04-07,401469364,new,0.004168605778044537,True,False,32000
2022-23,2023-04-07,401469365,old,0.010894655015200894,True,False,32000
2022-23,2023-04-07,401469365,new,0.0020677984856635966,True,False,32000
2022-23,2023-04-07,401469366,old,0.0021528823018701097,False,False,32000
2022-23,2023-04-07,401469366,new,0.00297599474961191,False,False,32000
2022-23,2023-04-07,401469367,old,0.002387459849442681,True,False,32000
2022-23,2023-04-07,401469367,new,0.004326686694420384,True,False,32000
2022-23,2023-04-08,401469368,old,0.0018595669660999186,True,True,32000
2022-23,2023-04-08,401469368,new,0.001162138232741083,True,True,32000
2022-23,2023-04-08,401469369,old,0.0035082179632485813,True,True,32000
2022-23,2023-04-08,401469369,new,0.007776284985215027,True,True,32000
2022-23,2023-04-08,401469370,old,0.005513111518393665,True,True,32000
2022-23,2023-04-08,401469370,new,0.007888610702558687,True,True,32000
2022-23,2023-04-09,401469376,old,0.0006641051973496712,True,False,32000
2022-23,2023-04-09,401469376,new,0.0,True,False,32000
2022-23,2023-04-09,401469373,old,0.0014911869028353783,True,False,32000
2022-23,2023-04-09,401469373,new,0.0014911869028353783,True,False,32000
2022-23,2023-04-09,401469371,old,0.000521301048879111,True,False,32000
2022-23,2023-04-09,401469371,new,0.0,True,False,32000
2022-23,2023-04-09,401469378,old,0.0074369129363831546,True,False,32000
2022-23,2023-04-09,401469378,new,0.0,True,False,32000
2022-23,2023-04-09,401469377,old,0.00040510585756542205,True,False,32000
2022-23,2023-04-09,401469377,new,0.0,True,False,32000
2022-23,2023-04-09,401469372,old,0.0007166717953869863,True,False,32000
2022-23,2023-04-09,401469372,new,0.0007166717953869863,True,False,32000
2022-23,2023-04-09,401469374,old,0.0021166255197013002,False,False,32000
2022-23,2023-04-09,401469374,new,0.0009213362271774768,False,False,32000
2022-23,2023-04-09,401469375,old,0.0014065093915038632,True,False,32000
2022-23,2023-04-09,401469375,new,0.0007183651442598242,True,False,32000
2022-23,2023-04-09,401469379,old,0.006366623750085127,True,False,32000
2022-23,2023-04-09,401469379,new,0.0,True,False,32000
2022-23,2023-04-09,401469381,old,0.011140446683126911,True,False,32000
2022-23,2023-04-09,401469381,new,0.000875461822182968,True,False,32000
2022-23,2023-04-09,401469385,old,0.003005368075391327,True,False,32000
2022-23,2023-04-09,401469385,new,0.004445851279079703,True,False,32000
2022-23,2023-04-09,401469382,old,0.0027241763908397686,True,False,32000
2022-23,2023-04-09,401469382,new,0.0027241763908397686,True,False,32000
2022-23,2023-04-09,401469383,old,0.0026078951634848865,True,False,32000
2022-23,2023-04-09,401469383,new,0.001675797341624562,True,False,32000
2022-23,2023-04-09,401469384,old,0.004035709743753059,True,False,32000
2022-23,2023-04-09,401469384,new,0.004982982251296983,True,False,32000
2022-23,2023-04-09,401469380,old,0.004857322830721656,True,False,32000
2022-23,2023-04-09,401469380,new,0.011659987518346163,True,False,32000
2023-24,2024-02-22,401585421,old,0.001747557114173876,True,False,32000
2023-24,2024-02-22,401585421,new,0.002113055698342044,True,False,32000
2023-24,2024-02-22,401585422,old,0.0,False,False,32000
2023-24,2024-02-22,401585422,new,0.00012633478744391335,False,False,32000
2023-24,2024-02-22,401585423,old,0.0019041396420907883,True,False,32000
2023-24,2024-02-22,401585423,new,0.00033302870482039174,True,False,32000
2023-24,2024-02-22,401585420,old,0.0011997116048092827,False,False,32000
2023-24,2024-02-22,401585420,new,0.001508510403479972,False,False,32000
2023-24,2024-02-22,401585424,old,0.0018791453791966403,True,False,32000
2023-24,2024-02-22,401585424,new,0.0006450876801461518,True,False,32000
2023-24,2024-02-22,401585427,old,0.0,True,False,32000
2023-24,2024-02-22,401585427,new,0.0,True,False,32000
2023-24,2024-02-22,401585425,old,0.0008048991768679978,False,False,32000
2023-24,2024-02-22,401585425,new,0.0002560443164123669,False,False,32000
2023-24,2024-02-22,401585426,old,0.002348000067137048,True,False,32000
2023-24,2024-02-22,401585426,new,0.001460713902127913,True,False,32000
2023-24,2024-02-22,401585428,old,0.00023179649062835485,True,False,32000
2023-24,2024-02-22,401585428,new,0.00023239301238467072,True,False,32000
2023-24,2024-02-22,401585429,old,0.0025881958478199693,True,False,32000
2023-24,2024-02-22,401585429,new,0.00014432920238778473,True,False,32000
2023-24,2024-02-22,401585431,old,0.0009195966268991523,True,False,32000
2023-24,2024-02-22,401585431,new,0.0018508469103492447,True,False,32000
2023-24,2024-02-22,401585430,old,0.0020571975226137606,True,False,32000
2023-24,2024-02-22,401585430,new,0.002016140735648296,True,False,32000
2023-24,2024-02-23,401585432,old,0.002703510341692635,True,True,32000
2023-24,2024-02-23,401585432,new,0.000179960846304186,True,True,32000
2023-24,2024-02-23,401585433,old,0.0009532115664796888,False,True,32000
2023-24,2024-02-23,401585433,new,0.0011490902546023873,False,True,32000
2023-24,2024-02-23,401585437,old,0.0006461476309834908,True,True,32000
2023-24,2024-02-23,401585437,new,0.0006455400109787802,True,True,32000
2023-24,2024-02-23,401585435,old,0.0023084240410955192,True,True,32000
2023-24,2024-02-23,401585435,new,0.0009353198270283372,True,True,32000
2023-24,2024-02-23,401585438,old,0.00068776809622625,True,True,32000
2023-24,2024-02-23,401585438,new,0.0016365826599537192,True,True,32000
2023-24,2024-02-23,401585434,old,0.0027428134261441783,True,True,32000
2023-24,2024-02-23,401585434,new,0.0022608886280920952,True,True,32000
2023-24,2024-02-23,401585440,old,0.0005151492946799238,True,True,32000
2023-24,2024-02-23,401585440,new,0.0005184298665224295,True,True,32000
2023-24,2024-02-23,401585439,old,0.0018303708657609378,True,True,32000
2023-24,2024-02-23,401585439,new,0.0017706581466273954,True,True,32000
2023-24,2024-02-23,401585436,old,0.0010884834420345232,True,True,32000
2023-24,2024-02-23,401585436,new,0.001376039076446069,True,True,32000
2023-24,2024-02-23,401585441,old,0.001293624962705796,True,True,32000
2023-24,2024-02-23,401585441,new,0.0018347375611320565,True,True,32000
2023-24,2024-02-24,401585442,old,0.0009998275910708813,True,True,8000
2023-24,2024-02-24,401585442,new,0.0010956134285035435,True,True,8000
2023-24,2024-02-24,401585444,old,0.0005291695189724885,False,True,8000
2023-24,2024-02-24,401585444,new,0.00059093669642491,False,True,8000
2023-24,2024-02-24,401585443,old,0.0017200662523151552,True,True,8000
2023-24,2024-02-24,401585443,new,0.0008362223160282318,True,True,8000
2023-24,2024-02-25,401585445,old,0.0005411247667930864,True,False,32000
2023-24,2024-02-25,401585445,new,0.0009393884565790353,True,False,32000
2023-24,2024-02-25,401585446,old,0.0013787156719103487,True,False,32000
2023-24,2024-02-25,401585446,new,0.0027328905465253002,True,False,32000
2023-24,2024-02-25,401585447,old,0.0032194938216088043,True,False,32000
2023-24,2024-02-25,401585447,new,0.003498980947059943,True,False,32000
2023-24,2024-02-25,401585448,old,0.00036155735424767523,True,False,32000
2023-24,2024-02-25,401585448,new,0.00025327184459152867,True,False,32000
2023-24,2024-02-25,401585449,old,0.0027339256033386103,False,False,32000
2023-24,2024-02-25,401585449,new,0.0011864607260919746,False,False,32000
2023-24,2024-02-25,401585451,old,0.0017508105487292892,True,False,32000
2023-24,2024-02-25,401585451,new,0.0014892450534782047,True,False,32000
2023-24,2024-02-25,401585450,old,0.0020457403999192968,True,False,32000
2023-24,2024-02-25,401585450,new,0.000752495140532029,True,False,32000
2023-24,2024-02-25,401585452,old,0.0021117705568544243,True,False,32000
2023-24,2024-02-25,401585452,new,0.002500740178446592,True,False,32000
2023-24,2024-02-25,401585453,old,0.002871829400962592,True,False,32000
2023-24,2024-02-25,401585453,new,0.0,True,False,32000
2023-24,2024-02-25,401585454,old,0.0,True,False,32000
2023-24,2024-02-25,401585454,new,0.0,True,False,32000
2023-24,2024-02-25,401585455,old,0.00162161555440994,True,False,32000
2023-24,2024-02-25,401585455,new,0.002185314219350556,True,False,32000
2023-24,2024-02-26,401585457,old,0.002101679999800553,True,True,32000
2023-24,2024-02-26,401585457,new,0.0013171788674705158,True,True,32000
2023-24,2024-02-26,401585456,old,0.0009046055583177942,False,True,32000
2023-24,2024-02-26,401585456,new,0.0009237732587050829,False,True,32000
2023-24,2024-02-26,401585458,old,0.0005957328436229011,True,True,32000
2023-24,2024-02-26,401585458,new,0.00013207891362416657,True,True,32000
2023-24,2024-02-26,401585459,old,0.0006394139627420942,True,True,32000
2023-24,2024-02-26,401585459,new,0.0015303145810440504,True,True,32000
2023-24,2024-02-27,401585462,old,0.0016380300913107818,True,False,32000
2023-24,2024-02-27,401585462,new,0.0019326782194062238,True,False,32000
2023-24,2024-02-27,401585460,old,0.0025284295948330387,True,False,32000
2023-24,2024-02-27,401585460,new,0.0019671390364972194,True,False,32000
2023-24,2024-02-27,401585461,old,0.0021466935795190416,True,False,32000
2023-24,2024-02-27,401585461,new,0.0010705422331187611,True,False,32000
2023-24,2024-02-27,401585463,old,0.0036797722823726175,True,False,32000
2023-24,2024-02-27,401585463,new,0.000582797382064752,True,False,32000
2023-24,2024-02-27,401585465,old,0.0005899261930995423,True,False,32000
2023-24,2024-02-27,401585465,new,0.001571944771098443,True,False,32000
2023-24,2024-02-27,401585464,old,0.0009656514352704156,False,False,32000
2023-24,2024-02-27,401585464,new,0.0011759641671779258,False,False,32000
2023-24,2024-02-27,401585466,old,0.00039388662644216374,False,False,32000
2023-24,2024-02-27,401585466,new,0.0004954871778432863,False,False,32000
2023-24,2024-02-27,401585468,old,0.0003782352283602422,True,False,32000
2023-24,2024-02-27,401585468,new,0.00042136640646011557,True,False,32000
2023-24,2024-02-27,401585467,old,0.0006837861727807886,True,False,32000
2023-24,2024-02-27,401585467,new,0.0003008920802772015,True,False,32000
2023-24,2024-02-27,401585469,old,0.002071370443433731,True,False,32000
2023-24,2024-02-27,401585469,new,0.0007486530216774913,True,False,32000
2023-24,2024-02-27,401585470,old,0.0010926201290895386,True,False,32000
2023-24,2024-02-27,401585470,new,0.0010159847836254856,True,False,32000
2023-24,2024-02-28,401585472,old,0.003863744470389657,True,True,32000
2023-24,2024-02-28,401585472,new,0.002187007423412545,True,True,32000
2023-24,2024-02-28,401585471,old,0.0014907050655754745,True,True,32000
2023-24,2024-02-28,401585471,new,0.0026962950020264866,True,True,32000
2023-24,2024-02-28,401585473,old,0.0013110067371562885,True,True,32000
2023-24,2024-02-28,401585473,new,0.000503598369618997,True,True,32000
2023-24,2024-02-28,401585474,old,0.0014455530375923344,False,True,32000
2023-24,2024-02-28,401585474,new,0.0007524655724634429,False,True,32000
2023-24,2024-02-28,401585475,old,0.001495641938613908,True,True,32000
2023-24,2024-02-28,401585475,new,0.0014162269098432901,True,True,32000
2023-24,2024-02-28,401585476,old,0.0025356778101746314,True,True,32000
2023-24,2024-02-28,401585476,new,0.0036859167432156496,True,True,32000
2023-24,2024-02-29,401585477,old,0.0005683937244510233,True,False,32000
2023-24,2024-02-29,401585477,new,0.0005983319437156709,True,False,32000
2023-24,2024-02-29,401585478,old,0.0036779201382856224,True,False,32000
2023-24,2024-02-29,401585478,new,0.0011362398051371278,True,False,32000
2023-24,2024-02-29,401585479,old,0.002852836071633325,True,False,32000
2023-24,2024-02-29,401585479,new,0.00037794863998647426,True,False,32000
2023-24,2024-02-29,401585480,old,0.0016991560207484115,True,False,32000
2023-24,2024-02-29,401585480,new,0.0026182930547811066,True,False,32000
2023-24,2024-02-29,401585481,old,0.000773081514572758,True,False,32000
2023-24,2024-02-29,401585481,new,0.0006724811423861815,True,False,32000
2023-24,2024-02-29,401585482,old,0.003168462530121981,True,False,32000
2023-24,2024-02-29,401585482,new,0.002557162438661244,True,False,32000
2023-24,2024-02-29,401585483,old,0.0011921768000574702,False,False,32000
2023-24,2024-02-29,401585483,new,0.0012031355627087083,False,False,32000
2023-24,2024-02-29,401585484,old,0.0018136698699168403,True,False,32000
2023-24,2024-02-29,401585484,new,0.002790901933324579,True,False,32000
2023-24,2024-03-01,401585486,old,0.0008255144541485058,True,False,32000
2023-24,2024-03-01,401585486,new,0.001242463124763658,True,False,32000
2023-24,2024-03-01,401585485,old,0.0002686172262345398,True,False,32000
2023-24,2024-03-01,401585485,new,0.00029541256039055275,True,False,32000
2023-24,2024-03-01,401585488,old,0.003983627830403498,True,False,32000
2023-24,2024-03-01,401585488,new,0.0029176680125325262,True,False,32000
2023-24,2024-03-01,401585487,old,0.002845911159336782,True,False,32000
2023-24,2024-03-01,401585487,new,0.001886145331539793,True,False,32000
2023-24,2024-03-01,401585489,old,0.0008508936739478666,True,False,32000
2023-24,2024-03-01,401585489,new,0.0,True,False,32000
2023-24,2024-03-01,401585491,old,0.001851217557067451,True,False,32000
2023-24,2024-03-01,401585491,new,0.003495217888392667,True,False,32000
2023-24,2024-03-01,401585490,old,0.0016744499558672705,True,False,32000
2023-24,2024-03-01,401585490,new,0.0023062745428932504,True,False,32000
2023-24,2024-03-01,401585492,old,0.0009186918946911127,True,False,32000
2023-24,2024-03-01,401585492,new,0.0006793771098434236,True,False,32000
2023-24,2024-03-01,401585493,old,0.00028801977653928067,True,False,32000
2023-24,2024-03-01,401585493,new,0.00028763854864977866,True,False,32000
2023-24,2024-03-02,401585494,old,0.00235021193527182,True,False,32000
2023-24,2024-03-02,401585494,new,0.00039007242619576964,True,False,32000
2023-24,2024-03-02,401585495,old,0.0038056886631661333,True,False,32000
2023-24,2024-03-02,401585495,new,0.0010350787004054108,True,False,32000
2023-24,2024-03-02,401585497,old,0.0022737815779336414,True,False,32000
2023-24,2024-03-02,401585497,new,0.0032038966112214844,True,False,32000
2023-24,2024-03-02,401585496,old,0.0007906962472015366,True,False,32000
2023-24,2024-03-02,401585496,new,0.0,True,False,32000
2023-24,2024-03-02,401585498,old,0.003070822760668127,True,False,32000
2023-24,2024-03-02,401585498,new,0.002714685445083014,True,False,32000
2023-24,2024-03-03,401585499,old,0.0021974675101425942,True,True,32000
2023-24,2024-03-03,401585499,new,0.0022137578271130103,True,True,32000
2023-24,2024-03-03,401585500,old,0.0025542794389654022,True,True,32000
2023-24,2024-03-03,401585500,new,0.0031493944870376704,True,True,32000
2023-24,2024-03-03,401585501,old,0.001018674960179287,True,True,32000
2023-24,2024-03-03,401585501,new,0.0010311441695103438,True,True,32000
2023-24,2024-03-03,401585502,old,0.0010494038353815844,True,True,32000
2023-24,2024-03-03,401585502,new,0.0010885900383527656,True,True,32000
2023-24,2024-03-03,401585503,old,0.0007991129304838403,True,True,32000
2023-24,2024-03-03,401585503,new,0.0,True,True,32000
2023-24,2024-03-03,401585504,old,0.001037536214950294,False,True,32000
2023-24,2024-03-03,401585504,new,0.001118241106268318,False,True,32000
2023-24,2024-03-03,401585505,old,0.0016103564129389316,True,True,32000
2023-24,2024-03-03,401585505,new,0.0018861977633028992,True,True,32000
2023-24,2024-03-03,401585506,old,0.002153658533187746,True,True,32000
2023-24,2024-03-03,401585506,new,0.0037170544137097674,True,True,32000
2023-24,2024-03-04,401585507,old,0.002015759919831825,True,False,32000
2023-24,2024-03-04,401585507,new,0.0004722456718995932,True,False,32000
2023-24,2024-03-04,401585508,old,0.000994551133036759,True,False,32000
2023-24,2024-03-04,401585508,new,0.001002636526322102,True,False,32000
2023-24,2024-03-04,401585509,old,0.0006574622817028855,True,False,32000
2023-24,2024-03-04,401585509,new,0.0006589636439335697,True,False,32000
2023-24,2024-03-04,401585510,old,0.0030780950503449186,True,False,32000
2023-24,2024-03-04,401585510,new,0.0,True,False,32000
2023-24,2024-03-04,401585511,old,0.002155061675753334,True,False,32000
2023-24,2024-03-04,401585511,new,0.0017371944575267754,True,False,32000
2023-24,2024-03-04,401585512,old,0.002368419129604297,True,False,32000
2023-24,2024-03-04,401585512,new,0.003601932435895582,True,False,32000
2023-24,2024-03-05,401585513,old,0.0009617853069606002,True,True,32000
2023-24,2024-03-05,401585513,new,0.0010336990901773837,True,True,32000
2023-24,2024-03-05,401585518,old,0.00232838366330258,True,True,32000
2023-24,2024-03-05,401585518,new,0.0014299415202800125,True,True,32000
2023-24,2024-03-05,401585514,old,0.00043576816834676833,False,True,32000
2023-24,2024-03-05,401585514,new,0.0004358451387912651,False,True,32000
2023-24,2024-03-05,401585517,old,0.003156096430118259,False,True,32000
2023-24,2024-03-05,401585517,new,0.0010768232826568985,False,True,32000
2023-24,2024-03-05,401585516,old,0.0009359559508663731,True,True,32000
2023-24,2024-03-05,401585516,new,0.0009678057758482591,True,True,32000
2023-24,2024-03-05,401585515,old,0.0022526850025133,True,True,32000
2023-24,2024-03-05,401585515,new,0.0012366236523013664,True,True,32000
2023-24,2024-03-05,401585519,old,0.0024284146570157325,True,True,32000
2023-24,2024-03-05,401585519,new,0.0,True,True,32000
2023-24,2024-03-05,401585520,old,0.003424048283318678,True,True,32000
2023-24,2024-03-05,401585520,new,0.003450492353170884,True,True,32000
2023-24,2024-03-05,401585521,old,0.0017102928979354846,True,True,32000
2023-24,2024-03-05,401585521,new,0.0036971325300547498,True,True,32000
2023-24,2024-03-06,401585522,old,0.001007163157257906,True,False,32000
2023-24,2024-03-06,401585522,new,0.0009907692739399474,True,False,32000
2023-24,2024-03-06,401585523,old,0.0027971578412865064,False,False,32000
2023-24,2024-03-06,401585523,new,0.0007718313251212847,False,False,32000
2023-24,2024-03-06,401585524,old,0.0014862609476752112,True,False,32000
2023-24,2024-03-06,401585524,new,0.001361550764554119,True,False,32000
2023-24,2024-03-06,401585525,old,0.0034509971078073936,True,False,32000
2023-24,2024-03-06,401585525,new,0.0013933678952119447,True,False,32000
2023-24,2024-03-06,401585526,old,0.002886591251128278,True,False,32000
2023-24,2024-03-06,401585526,new,0.00033362502465146673,True,False,32000
2023-24,2024-03-06,401585527,old,0.0031026638190371826,True,False,32000
2023-24,2024-03-06,401585527,new,0.003780646113806696,True,False,32000
2023-24,2024-03-06,401585528,old,0.0011836033774799244,True,False,32000
2023-24,2024-03-06,401585528,new,0.00118878925871147,True,False,32000
2023-24,2024-03-06,401585529,old,0.0019909308662543037,True,False,32000
2023-24,2024-03-06,401585529,new,0.0033558086738366922,True,False,32000
2023-24,2024-03-07,401585530,old,0.001729038238223972,True,True,32000
2023-24,2024-03-07,401585530,new,0.00032765248901135593,True,True,32000
2023-24,2024-03-07,401585531,old,0.0021519408660475334,True,True,32000
2023-24,2024-03-07,401585531,new,0.002537697643947759,True,True,32000
2023-24,2024-03-07,401585532,old,0.0019399702307778923,True,True,32000
2023-24,2024-03-07,401585532,new,0.00223958400003078,True,True,32000
2023-24,2024-03-07,401585533,old,0.002268850288690067,True,True,32000
2023-24,2024-03-07,401585533,new,0.003286159516647853,True,True,32000
2023-24,2024-03-07,401585536,old,0.0013306746442895054,True,True,32000
2023-24,2024-03-07,401585536,new,0.001620902275959404,True,True,32000
2023-24,2024-03-07,401585535,old,0.002580426629055873,True,True,32000
2023-24,2024-03-07,401585535,new,0.004147013263634036,True,True,32000
2023-24,2024-03-07,401585534,old,0.0004508928604179699,False,True,32000
2023-24,2024-03-07,401585534,new,0.00045129695523867447,False,True,32000
2023-24,2024-03-08,401585538,old,0.0,True,True,32000
2023-24,2024-03-08,401585538,new,0.0,True,True,32000
2023-24,2024-03-08,401585537,old,0.00029426403595305556,True,True,32000
2023-24,2024-03-08,401585537,new,0.0017925088479883112,True,True,32000
2023-24,2024-03-08,401585540,old,0.0,False,True,32000
2023-24,2024-03-08,401585540,new,0.0,False,True,32000
2023-24,2024-03-08,401585542,old,0.0018882997004934419,True,True,32000
2023-24,2024-03-08,401585542,new,0.0019474239484266861,True,True,32000
2023-24,2024-03-08,401585541,old,0.002968479809904917,True,True,32000
2023-24,2024-03-08,401585541,new,0.00011985755102878685,True,True,32000
2023-24,2024-03-08,401585539,old,0.00011766856409961427,False,True,32000
2023-24,2024-03-08,401585539,new,0.00011741841015499998,False,True,32000
2023-24,2024-03-08,401585544,old,0.0015820483315471588,True,True,32000
2023-24,2024-03-08,401585544,new,0.0,True,True,32000
2023-24,2024-03-08,401585543,old,0.0017901592882031939,True,True,32000
2023-24,2024-03-08,401585543,new,0.00261933284845816,True,True,32000
2023-24,2024-03-09,401585545,old,0.0015701857575064274,True,True,32000
2023-24,2024-03-09,401585545,new,0.0020571809082477266,True,True,32000
2023-24,2024-03-09,401585546,old,0.0011877888176856876,True,True,32000
2023-24,2024-03-09,401585546,new,0.0,True,True,32000
2023-24,2024-03-09,401585547,old,0.00206998481003918,True,True,32000
2023-24,2024-03-09,401585547,new,0.0022330892928650596,True,True,32000
2023-24,2024-03-09,401585548,old,0.001395547389217517,True,True,32000
2023-24,2024-03-09,401585548,new,0.0030395240791315776,True,True,32000
2023-24,2024-03-09,401585549,old,0.0021106317665092775,True,True,32000
2023-24,2024-03-09,401585549,new,0.0026464395203841568,True,True,32000
2023-24,2024-03-09,401585550,old,0.0023683712195259224,True,True,32000
2023-24,2024-03-09,401585550,new,0.00027187884958854337,True,True,32000
2023-24,2024-03-09,401585551,old,0.0008573026003995225,True,True,32000
2023-24,2024-03-09,401585551,new,0.0,True,True,32000
2023-24,2024-03-10,401585552,old,0.0010528158935033372,True,True,32000
2023-24,2024-03-10,401585552,new,0.0010568935041058876,True,True,32000
2023-24,2024-03-10,401585553,old,0.0023632696937123825,True,True,32000
2023-24,2024-03-10,401585553,new,0.000828940824167865,True,True,32000
2023-24,2024-03-10,401585554,old,0.0011471332858658538,True,True,32000
2023-24,2024-03-10,401585554,new,0.001073810021080733,True,True,32000
2023-24,2024-03-10,401585557,old,0.002755342269780257,True,True,32000
2023-24,2024-03-10,401585557,new,0.0015475040145870255,True,True,32000
2023-24,2024-03-10,401585556,old,0.0012252459296082467,True,True,32000
2023-24,2024-03-10,401585556,new,0.0015535915903342244,True,True,32000
2023-24,2024-03-10,401585559,old,0.001960790536417712,True,True,32000
2023-24,2024-03-10,401585559,new,0.0008418546072889826,True,True,32000
2023-24,2024-03-10,401585558,old,0.001480045168195894,True,True,32000
2023-24,2024-03-10,401585558,new,0.000446505539908918,True,True,32000
2023-24,2024-03-10,401585555,old,0.00016619280370331024,False,True,32000
2023-24,2024-03-10,401585555,new,0.0006445356237279421,False,True,32000
2023-24,2024-03-10,401585560,old,0.002714072618824666,True,True,32000
2023-24,2024-03-10,401585560,new,0.0039566879831423344,True,True,32000
2023-24,2024-03-11,401585561,old,0.0,True,True,32000
2023-24,2024-03-11,401585561,new,0.00010905759705197907,True,True,32000
2023-24,2024-03-11,401585562,old,0.0017220639351534057,True,True,32000
2023-24,2024-03-11,401585562,new,0.003598824885703533,True,True,32000
2023-24,2024-03-11,401585563,old,0.002586990227403513,True,True,32000
2023-24,2024-03-11,401585563,new,0.003111124902183773,True,True,32000
2023-24,2024-03-11,401585564,old,0.0017821786644842265,True,True,32000
2023-24,2024-03-11,401585564,new,0.0019450576081006374,True,True,32000
2023-24,2024-03-11,401585565,old,0.0009842083445608472,True,True,32000
2023-24,2024-03-11,401585565,new,0.0003117687804905441,True,True,32000
2023-24,2024-03-11,401585566,old,0.0,True,True,32000
2023-24,2024-03-11,401585566,new,0.0,True,True,32000
2023-24,2024-03-12,401585567,old,0.0,False,False,32000
2023-24,2024-03-12,401585567,new,0.0001699009060984014,False,False,32000
2023-24,2024-03-12,401585569,old,0.002800510457676937,True,False,32000
2023-24,2024-03-12,401585569,new,0.0031280403831708205,True,False,32000
2023-24,2024-03-12,401585568,old,0.0010865962030227555,True,False,32000
2023-24,2024-03-12,401585568,new,0.00011795716733261427,True,False,32000
2023-24,2024-03-12,401585570,old,0.0014464841762115393,True,False,32000
2023-24,2024-03-12,401585570,new,0.0,True,False,32000
2023-24,2024-03-12,401585571,old,0.0019265185418265351,True,False,32000
2023-24,2024-03-12,401585571,new,0.0,True,False,32000
2023-24,2024-03-12,401585572,old,0.001011362763094054,True,False,32000
2023-24,2024-03-12,401585572,new,0.0010208878563230989,True,False,32000
2023-24,2024-03-12,401585573,old,0.001695403527260735,True,False,32000
2023-24,2024-03-12,401585573,new,0.002320519435684521,True,False,32000
2023-24,2024-03-13,401585575,old,0.0018278428521511492,True,False,32000
2023-24,2024-03-13,401585575,new,0.0013749406862182398,True,False,32000
2023-24,2024-03-13,401585574,old,0.0007715796574956719,True,False,32000
2023-24,2024-03-13,401585574,new,0.0,True,False,32000
2023-24,2024-03-13,401585577,old,0.001372594561704846,False,False,32000
2023-24,2024-03-13,401585577,new,0.0013376135821589895,False,False,32000
2023-24,2024-03-13,401585579,old,0.00048807777050384086,True,False,32000
2023-24,2024-03-13,401585579,new,0.0007201284346669792,True,False,32000
2023-24,2024-03-13,401585578,old,0.0011439453673505217,True,False,32000
2023-24,2024-03-13,401585578,new,0.0,True,False,32000
2023-24,2024-03-13,401585576,old,0.002109724472537778,True,False,32000
2023-24,2024-03-13,401585576,new,0.002002262704435566,True,False,32000
2023-24,2024-03-13,401585580,old,0.0030428121481115627,True,False,32000
2023-24,2024-03-13,401585580,new,0.0018040126940595165,True,False,32000
2023-24,2024-03-13,401585581,old,0.0012071939245959368,True,False,32000
2023-24,2024-03-13,401585581,new,0.00013210883334233823,True,False,32000
2023-24,2024-03-13,401585582,old,0.0018981968668844596,True,False,32000
2023-24,2024-03-13,401585582,new,0.003291186725741265,True,False,32000
2023-24,2024-03-14,401585583,old,0.0012040902921468424,True,True,32000
2023-24,2024-03-14,401585583,new,0.00246115931721586,True,True,32000
2023-24,2024-03-14,401585584,old,0.001276854648017639,True,True,32000
2023-24,2024-03-14,401585584,new,0.0019643595878817907,True,True,32000
2023-24,2024-03-14,401585585,old,0.0014690100330336906,True,True,32000
2023-24,2024-03-14,401585585,new,0.0,True,True,32000
2023-24,2024-03-14,401585586,old,0.0013303032202750028,True,True,32000
2023-24,2024-03-14,401585586,new,0.0019458894123846361,True,True,32000
2023-24,2024-03-14,401585588,old,0.0010506587539346655,True,True,32000
2023-24,2024-03-14,401585588,new,0.0010485844969864541,True,True,32000
2023-24,2024-03-14,401585587,old,0.0033297186643428322,True,True,32000
2023-24,2024-03-14,401585587,new,0.0031388645480041563,True,True,32000
2023-24,2024-03-15,401585590,old,0.0008546649056465431,True,True,32000
2023-24,2024-03-15,401585590,new,0.0012112108585734173,True,True,32000
2023-24,2024-03-15,401585589,old,0.0011491153601266375,True,True,32000
2023-24,2024-03-15,401585589,new,0.0027534186925704004,True,True,32000
2023-24,2024-03-15,401585591,old,0.0018988571238060747,True,True,32000
2023-24,2024-03-15,401585591,new,0.0010368479079424216,True,True,32000
2023-24,2024-03-15,401585592,old,0.0016735723785216805,True,True,32000
2023-24,2024-03-15,401585592,new,0.001993873479286522,True,True,32000
2023-24,2024-03-15,401585593,old,0.0003302320642481124,False,True,32000
2023-24,2024-03-15,401585593,new,0.0003358312319890169,False,True,32000
2023-24,2024-03-15,401585594,old,0.0016480815400692905,True,True,32000
2023-24,2024-03-15,401585594,new,0.00016342962511018793,True,True,32000
2023-24,2024-03-16,401585595,old,0.002048262661752891,True,True,32000
2023-24,2024-03-16,401585595,new,0.00048196885666639856,True,True,32000
2023-24,2024-03-16,401585598,old,0.0012225685513080062,True,True,32000
2023-24,2024-03-16,401585598,new,0.0012220670555578902,True,True,32000
2023-24,2024-03-16,401585597,old,0.0006698930345529378,True,True,32000
2023-24,2024-03-16,401585597,new,0.001349628634690271,True,True,32000
2023-24,2024-03-16,401585596,old,0.0030376498035201995,True,True,32000
2023-24,2024-03-16,401585596,new,0.0027079243170138293,True,True,32000
2023-24,2024-03-16,401585599,old,0.0003116589309428841,True,True,32000
2023-24,2024-03-16,401585599,new,0.0005993086698948177,True,True,32000
2023-24,2024-03-16,401585600,old,0.0019602321022244595,True,True,32000
2023-24,2024-03-16,401585600,new,0.000739551262407887,True,True,32000
2023-24,2024-03-16,401585601,old,0.002399143553094782,True,True,32000
2023-24,2024-03-16,401585601,new,0.0025216531699400802,True,True,32000
2023-24,2024-03-16,401585602,old,0.0024283235257570113,True,True,32000
2023-24,2024-03-16,401585602,new,0.00032985683681392865,True,True,32000
2023-24,2024-03-16,401585603,old,0.0005621920658536624,True,True,32000
2023-24,2024-03-16,401585603,new,0.0013735406760994888,True,True,32000
2023-24,2024-03-17,401585604,old,0.0017989260131510384,True,True,32000
2023-24,2024-03-17,401585604,new,0.003285893981992203,True,True,32000
2023-24,2024-03-17,401585605,old,0.0008091648380241774,True,True,32000
2023-24,2024-03-17,401585605,new,0.0011609304128573715,True,True,32000
2023-24,2024-03-17,401585606,old,0.0032842011777663447,True,True,32000
2023-24,2024-03-17,401585606,new,0.0022966846409678424,True,True,32000
2023-24,2024-03-17,401585607,old,0.0019005784150266758,True,True,32000
2023-24,2024-03-17,401585607,new,0.0011561380783818938,True,True,32000
2023-24,2024-03-17,401585608,old,0.0,True,True,32000
2023-24,2024-03-17,401585608,new,0.0,True,True,32000
2023-24,2024-03-17,401585609,old,0.0009484031798024434,True,True,32000
2023-24,2024-03-17,401585609,new,0.00034926044873303576,True,True,32000
2023-24,2024-03-17,401585610,old,0.002710174359457743,True,True,32000
2023-24,2024-03-17,401585610,new,0.0014776334132737946,True,True,32000
2023-24,2024-03-18,401585611,old,0.001978745532539268,True,False,32000
2023-24,2024-03-18,401585611,new,0.002408157757206975,True,False,32000
2023-24,2024-03-18,401585612,old,0.0,True,False,32000
2023-24,2024-03-18,401585612,new,0.0,True,False,32000
2023-24,2024-03-18,401585613,old,0.0001297348426399284,False,False,32000
2023-24,2024-03-18,401585613,new,0.0004292702984524263,False,False,32000
2023-24,2024-03-18,401585614,old,0.00035072646299299105,False,False,32000
2023-24,2024-03-18,401585614,new,0.00033601925224484416,False,False,32000
2023-24,2024-03-18,401585615,old,0.0014335423176303728,True,False,32000
2023-24,2024-03-18,401585615,new,0.00016236915073031787,True,False,32000
2023-24,2024-03-18,401585616,old,0.0018107304836666469,True,False,32000
2023-24,2024-03-18,401585616,new,0.0021549228907850383,True,False,32000
2023-24,2024-03-18,401585618,old,0.002689508389600946,True,False,32000
2023-24,2024-03-18,401585618,new,0.0020888554043544385,True,False,32000
2023-24,2024-03-18,401585617,old,0.002322025520446344,True,False,32000
2023-24,2024-03-18,401585617,new,0.002117301476842747,True,False,32000
2023-24,2024-03-19,401585619,old,0.0010753008508923338,True,True,32000
2023-24,2024-03-19,401585619,new,0.0010753647380055866,True,True,32000
2023-24,2024-03-19,401585620,old,0.0006915313319675569,True,True,32000
2023-24,2024-03-19,401585620,new,0.0,True,True,32000
2023-24,2024-03-19,401585621,old,0.0016258307569691345,True,True,32000
2023-24,2024-03-19,401585621,new,0.001199227886233167,True,True,32000
2023-24,2024-03-19,401585622,old,0.0025544395584487394,True,True,32000
2023-24,2024-03-19,401585622,new,0.002266065603861853,True,True,32000
2023-24,2024-03-19,401585623,old,0.0,False,True,32000
2023-24,2024-03-19,401585623,new,0.0,False,True,32000
2023-24,2024-03-20,401585625,old,0.0016970340758019392,True,False,32000
2023-24,2024-03-20,401585625,new,0.0020000644867078053,True,False,32000
2023-24,2024-03-20,401585624,old,0.0007928355647781135,False,False,32000
2023-24,2024-03-20,401585624,new,0.0014434353953350948,False,False,32000
2023-24,2024-03-20,401585627,old,0.0019994480878207225,True,False,32000
2023-24,2024-03-20,401585627,new,0.001978590661483917,True,False,32000
2023-24,2024-03-20,401585626,old,0.0005281711941277563,True,False,32000
2023-24,2024-03-20,401585626,new,0.0005266510276998431,True,False,32000
2023-24,2024-03-20,401585628,old,0.0006360179287318314,True,False,32000
2023-24,2024-03-20,401585628,new,0.0003617610867001033,True,False,32000
2023-24,2024-03-20,401585631,old,0.0019698029240227334,True,False,32000
2023-24,2024-03-20,401585631,new,0.0019124918425562072,True,False,32000
2023-24,2024-03-20,401585630,old,0.0010766355422217576,True,False,32000
2023-24,2024-03-20,401585630,new,0.003876007609327954,True,False,32000
2023-24,2024-03-20,401585629,old,0.0023290204582171194,True,False,32000
2023-24,2024-03-20,401585629,new,0.0007189664599787019,True,False,32000
2023-24,2024-03-21,401585632,old,0.00024599753598352256,True,False,32000
2023-24,2024-03-21,401585632,new,0.0008696800928338648,True,False,32000
2023-24,2024-03-21,401585633,old,0.001424407821292909,True,False,32000
2023-24,2024-03-21,401585633,new,0.0016534778930212444,True,False,32000
2023-24,2024-03-21,401585635,old,0.0014460473459867323,True,False,32000
2023-24,2024-03-21,401585635,new,0.0008393973274835982,True,False,32000
2023-24,2024-03-21,401585634,old,0.000537733251637517,True,False,32000
2023-24,2024-03-21,401585634,new,0.00053258342539407,True,False,32000
2023-24,2024-03-21,401585636,old,0.003644843117264727,True,False,32000
2023-24,2024-03-21,401585636,new,0.0022939601682719847,True,False,32000
2023-24,2024-03-21,401585637,old,0.0011571514184915484,False,False,32000
2023-24,2024-03-21,401585637,new,0.0011445425143911062,False,False,32000
2023-24,2024-03-21,401585638,old,0.002299249068791753,True,False,32000
2023-24,2024-03-21,401585638,new,0.002572669170088917,True,False,32000
2023-24,2024-03-22,401585639,old,0.0,True,True,32000
2023-24,2024-03-22,401585639,new,0.0,True,True,32000
2023-24,2024-03-22,401585640,old,0.0016830076910323173,True,True,32000
2023-24,2024-03-22,401585640,new,0.0007769396549734183,True,True,32000
2023-24,2024-03-22,401585641,old,0.0009252967866044661,True,True,32000
2023-24,2024-03-22,401585641,new,0.0014460492178077315,True,True,32000
2023-24,2024-03-22,401585642,old,0.0008213894221981587,False,True,32000
2023-24,2024-03-22,401585642,new,0.0008152548473956951,False,True,32000
2023-24,2024-03-22,401585643,old,0.0007410435229284953,True,True,32000
2023-24,2024-03-22,401585643,new,0.0,True,True,32000
2023-24,2024-03-22,401585645,old,0.001883763630440486,True,True,32000
2023-24,2024-03-22,401585645,new,0.0019370357380615855,True,True,32000
2023-24,2024-03-22,401585644,old,0.002976382464911263,True,True,32000
2023-24,2024-03-22,401585644,new,0.0031998383367257623,True,True,32000
2023-24,2024-03-22,401585646,old,0.0023274216691399614,True,True,32000
2023-24,2024-03-22,401585646,new,0.003623318736184927,True,True,32000
2023-24,2024-03-23,401585647,old,0.001255810745264563,True,False,32000
2023-24,2024-03-23,401585647,new,0.000830268665601547,True,False,32000
2023-24,2024-03-23,401585648,old,0.00012997421395366784,True,False,32000
2023-24,2024-03-23,401585648,new,0.0018648896352208985,True,False,32000
2023-24,2024-03-23,401585649,old,0.0009340170935449234,True,False,32000
2023-24,2024-03-23,401585649,new,0.0,True,False,32000
2023-24,2024-03-23,401585651,old,0.0002905188390980748,False,False,32000
2023-24,2024-03-23,401585651,new,0.0004175146885043224,False,False,32000
2023-24,2024-03-23,401585653,old,0.001693780762720273,True,False,32000
2023-24,2024-03-23,401585653,new,0.0028336588963225264,True,False,32000
2023-24,2024-03-23,401585652,old,0.0008747046686387212,True,False,32000
2023-24,2024-03-23,401585652,new,0.0003476209628556023,True,False,32000
2023-24,2024-03-23,401585650,old,0.000842664546088782,True,False,32000
2023-24,2024-03-23,401585650,new,0.0,True,False,32000
2023-24,2024-03-23,401585654,old,0.00036820735610987684,True,False,32000
2023-24,2024-03-23,401585654,new,0.00037140162962315634,True,False,32000
2023-24,2024-03-24,401585655,old,0.0011138567093586422,True,True,8000
2023-24,2024-03-24,401585655,new,0.0014679614694822747,True,True,8000
2023-24,2024-03-24,401585656,old,0.001660858376947572,True,True,8000
2023-24,2024-03-24,401585656,new,0.0022824733257909174,True,True,8000
2023-24,2024-03-24,401585657,old,0.0009243599907231248,False,True,8000
2023-24,2024-03-24,401585657,new,0.0012538731763822573,False,True,8000
2023-24,2024-03-24,401585658,old,0.0014287253789112817,True,True,8000
2023-24,2024-03-24,401585658,new,0.001423953212006247,True,True,8000
2023-24,2024-03-24,401585659,old,0.0010147379879125093,True,True,8000
2023-24,2024-03-24,401585659,new,0.0006560742034667492,True,True,8000
2023-24,2024-03-24,401585660,old,0.003434900023532103,True,True,8000
2023-24,2024-03-24,401585660,new,0.005248324438547029,True,True,8000
2023-24,2024-03-25,401585661,old,0.0012445682899326785,True,False,32000
2023-24,2024-03-25,401585661,new,0.0011304400341724428,True,False,32000
2023-24,2024-03-25,401585664,old,0.00119920896230292,True,False,32000
2023-24,2024-03-25,401585664,new,0.0,True,False,32000
2023-24,2024-03-25,401585662,old,0.0004349599779806308,False,False,32000
2023-24,2024-03-25,401585662,new,0.0,False,False,32000
2023-24,2024-03-25,401585663,old,0.000935615182534896,False,False,32000
2023-24,2024-03-25,401585663,new,0.001206978683519702,False,False,32000
2023-24,2024-03-25,401585667,old,0.0018010857808661272,True,False,32000
2023-24,2024-03-25,401585667,new,0.0030183183418145292,True,False,32000
2023-24,2024-03-25,401585666,old,0.0005915622143357451,True,False,32000
2023-24,2024-03-25,401585666,new,0.0004687502477237762,True,False,32000
2023-24,2024-03-25,401585665,old,0.0,True,False,32000
2023-24,2024-03-25,401585665,new,0.00018852643059915196,True,False,32000
2023-24,2024-03-25,401585669,old,0.0036740706723689155,True,False,32000
2023-24,2024-03-25,401585669,new,0.002814354004634961,True,False,32000
2023-24,2024-03-25,401585668,old,0.0013354724457614044,True,False,32000
2023-24,2024-03-25,401585668,new,0.000346857681548598,True,False,32000
2023-24,2024-03-25,401585670,old,0.0010661963956312662,True,False,32000
2023-24,2024-03-25,401585670,new,0.0023722908085622367,True,False,32000
2023-24,2024-03-25,401585671,old,0.003204735831472873,True,False,32000
2023-24,2024-03-25,401585671,new,0.003612633069272266,True,False,32000
2023-24,2024-03-26,401585672,old,0.0010941045141700404,True,False,32000
2023-24,2024-03-26,401585672,new,0.001334103189223108,True,False,32000
2023-24,2024-03-26,401585674,old,0.002042216856284049,True,False,32000
2023-24,2024-03-26,401585674,new,0.002177432423832484,True,False,32000
2023-24,2024-03-26,401585673,old,0.0019949394640211087,True,False,32000
2023-24,2024-03-26,401585673,new,0.0037469783586172806,True,False,32000
2023-24,2024-03-26,401585675,old,0.002557780907231217,True,False,32000
2023-24,2024-03-26,401585675,new,0.0010710264236233034,True,False,32000
2023-24,2024-03-27,401585676,old,0.0012225516609006052,True,True,32000
2023-24,2024-03-27,401585676,new,0.001239667587907539,True,True,32000
2023-24,2024-03-27,401585677,old,0.0016458401887604296,True,True,32000
2023-24,2024-03-27,401585677,new,0.0012951281465902668,True,True,32000
2023-24,2024-03-27,401585678,old,0.0005643424404993241,True,True,32000
2023-24,2024-03-27,401585678,new,0.00031895594154517017,True,True,32000
2023-24,2024-03-27,401585679,old,0.0002769503187401583,True,True,32000
2023-24,2024-03-27,401585679,new,0.0,True,True,32000
2023-24,2024-03-27,401585681,old,0.0016902255277871211,True,True,32000
2023-24,2024-03-27,401585681,new,0.0009709591655559139,True,True,32000
2023-24,2024-03-27,401585680,old,0.002845770903548973,True,True,32000
2023-24,2024-03-27,401585680,new,0.0036158216290704246,True,True,32000
2023-24,2024-03-27,401585684,old,0.0003046393960367675,True,True,32000
2023-24,2024-03-27,401585684,new,0.00030403325378635597,True,True,32000
2023-24,2024-03-27,401585682,old,0.0023015487091844573,True,True,32000
2023-24,2024-03-27,401585682,new,0.0021903265122047047,True,True,32000
2023-24,2024-03-27,401585683,old,0.0037941112592661218,True,True,32000
2023-24,2024-03-27,401585683,new,0.004572233106054655,True,True,32000
2023-24,2024-03-27,401585685,old,0.0009336870754429533,True,True,32000
2023-24,2024-03-27,401585685,new,0.0012273194600792244,True,True,32000
2023-24,2024-03-27,401585686,old,0.00035550564130514716,True,True,32000
2023-24,2024-03-27,401585686,new,0.00023501217446654583,True,True,32000
2023-24,2024-03-27,401585687,old,0.00208140182760732,True,True,32000
2023-24,2024-03-27,401585687,new,0.003385833062306284,True,True,32000
2023-24,2024-03-28,401585688,old,0.00013741629445974862,False,True,32000
2023-24,2024-03-28,401585688,new,0.0,False,True,32000
2023-24,2024-03-28,401585689,old,0.0006110455191239619,False,True,32000
2023-24,2024-03-28,401585689,new,0.0009790795019875064,False,True,32000
2023-24,2024-03-29,401585690,old,0.0011209528239310102,True,False,32000
2023-24,2024-03-29,401585690,new,0.0005896172300457553,True,False,32000
2023-24,2024-03-29,401585693,old,0.0,True,False,32000
2023-24,2024-03-29,401585693,new,0.0,True,False,32000
2023-24,2024-03-29,401585691,old,0.005567008805932182,True,False,32000
2023-24,2024-03-29,401585691,new,0.007655044844823745,True,False,32000
2023-24,2024-03-29,401585692,old,0.0019548211670307363,True,False,32000
2023-24,2024-03-29,401585692,new,0.002631654733693718,True,False,32000
2023-24,2024-03-29,401585694,old,0.0010228688805372637,True,False,32000
2023-24,2024-03-29,401585694,new,0.00012625022982243767,True,False,32000
2023-24,2024-03-29,401585695,old,0.0011787748032203531,False,False,32000
2023-24,2024-03-29,401585695,new,0.001346454708528903,False,False,32000
2023-24,2024-03-29,401585696,old,0.00046103886240807755,True,False,32000
2023-24,2024-03-29,401585696,new,0.0009037634664299431,True,False,32000
2023-24,2024-03-29,401585697,old,0.0029650529178168053,True,False,32000
2023-24,2024-03-29,401585697,new,0.004511774093349891,True,False,32000
2023-24,2024-03-29,401585698,old,0.001201882795520708,False,False,32000
2023-24,2024-03-29,401585698,new,0.0009091973821660305,False,False,32000
2023-24,2024-03-29,401585699,old,0.0,False,False,32000
2023-24,2024-03-29,401585699,new,0.0,False,False,32000
2023-24,2024-03-29,401585700,old,0.0004600856546728341,True,False,32000
2023-24,2024-03-29,401585700,new,0.0005930035559959092,True,False,32000
2023-24,2024-03-29,401585701,old,0.002959534274970077,True,False,32000
2023-24,2024-03-29,401585701,new,0.002431933880415728,True,False,32000
2023-24,2024-03-30,401585702,old,0.001134671643017929,True,True,8000
2023-24,2024-03-30,401585702,new,0.0012317279797361903,True,True,8000
2023-24,2024-03-30,401585703,old,0.0016033313435914024,True,True,8000
2023-24,2024-03-30,401585703,new,0.0013281394928077305,True,True,8000
2023-24,2024-03-30,401585704,old,0.0010870733244480704,True,True,8000
2023-24,2024-03-30,401585704,new,0.0009071736675893585,True,True,8000
2023-24,2024-03-31,401585705,old,0.0015174739899927456,False,False,32000
2023-24,2024-03-31,401585705,new,0.001499986405476995,False,False,32000
2023-24,2024-03-31,401585706,old,0.0048458007364399844,True,False,32000
2023-24,2024-03-31,401585706,new,0.005021526446409223,True,False,32000
2023-24,2024-03-31,401585708,old,0.000855714350450182,True,False,32000
2023-24,2024-03-31,401585708,new,0.0004074229035156005,True,False,32000
2023-24,2024-03-31,401585709,old,0.0007044173919770527,True,False,32000
2023-24,2024-03-31,401585709,new,0.0009368869860052724,True,False,32000
2023-24,2024-03-31,401585707,old,0.0019583061926529972,True,False,32000
2023-24,2024-03-31,401585707,new,0.0021242713061193725,True,False,32000
2023-24,2024-03-31,401585711,old,0.002629684090790584,True,False,32000
2023-24,2024-03-31,401585711,new,0.00298806983124743,True,False,32000
2023-24,2024-03-31,401585712,old,0.0006518213719622232,False,False,32000
2023-24,2024-03-31,401585712,new,0.0006193989022298849,False,False,32000
2023-24,2024-03-31,401585713,old,0.0018022054235579232,True,False,32000
2023-24,2024-03-31,401585713,new,0.0010023109509454374,True,False,32000
2023-24,2024-03-31,401585710,old,0.002078340910817552,True,False,32000
2023-24,2024-03-31,401585710,new,0.001833356274865941,True,False,32000
2023-24,2024-03-31,401585714,old,0.002695412523014703,True,False,32000
2023-24,2024-03-31,401585714,new,0.0032515234954519122,True,False,32000
2023-24,2024-04-01,401585715,old,0.00022078524550400708,True,True,32000
2023-24,2024-04-01,401585715,new,0.0001896553982899116,True,True,32000
2023-24,2024-04-01,401585718,old,0.001490379556494235,True,True,32000
2023-24,2024-04-01,401585718,new,0.0017501709978026934,True,True,32000
2023-24,2024-04-01,401585716,old,0.000934818177172437,True,True,32000
2023-24,2024-04-01,401585716,new,0.0,True,True,32000
2023-24,2024-04-01,401585717,old,0.0031009522473676265,True,True,32000
2023-24,2024-04-01,401585717,new,0.0024253409161772263,True,True,32000
2023-24,2024-04-01,401585719,old,0.0,False,True,32000
2023-24,2024-04-01,401585719,new,0.00012053452483851196,False,True,32000
2023-24,2024-04-01,401585720,old,0.0014079486291116018,True,True,32000
2023-24,2024-04-01,401585720,new,0.0026925609193585256,True,True,32000
2023-24,2024-04-02,401585722,old,0.004799269712667077,True,False,32000
2023-24,2024-04-02,401585722,new,0.005251975696720127,True,False,32000
2023-24,2024-04-02,401585723,old,0.00022829434198566112,True,False,32000
2023-24,2024-04-02,401585723,new,0.00021097707482410858,True,False,32000
2023-24,2024-04-02,401585724,old,0.0005144516917457919,False,False,32000
2023-24,2024-04-02,401585724,new,0.0006278041452107107,False,False,32000
2023-24,2024-04-02,401585721,old,0.001342251532543148,True,False,32000
2023-24,2024-04-02,401585721,new,0.0014419789094050617,True,False,32000
2023-24,2024-04-02,401585726,old,0.0006014181686946068,True,False,32000
2023-24,2024-04-02,401585726,new,0.0007742180513928294,True,False,32000
2023-24,2024-04-02,401585728,old,0.001819958150896858,True,False,32000
2023-24,2024-04-02,401585728,new,0.0012370189378093463,True,False,32000
2023-24,2024-04-02,401585727,old,0.0007733857668129452,False,False,32000
2023-24,2024-04-02,401585727,new,0.0005113435189721112,False,False,32000
2023-24,2024-04-02,401585729,old,0.0030720009332758434,True,False,32000
2023-24,2024-04-02,401585729,new,0.004017764997179217,True,False,32000
2023-24,2024-04-02,401636114,old,0.002828584847238714,True,False,32000
2023-24,2024-04-02,401636114,new,0.0019260197998456868,True,False,32000
2023-24,2024-04-03,401585730,old,0.0,True,True,32000
2023-24,2024-04-03,401585730,new,0.0005877864558546466,True,True,32000
2023-24,2024-04-03,401585731,old,0.00422196314300068,True,True,32000
2023-24,2024-04-03,401585731,new,0.004642082340091488,True,True,32000
2023-24,2024-04-03,401585732,old,0.0002066540245108215,True,True,32000
2023-24,2024-04-03,401585732,new,0.0,True,True,32000
2023-24,2024-04-03,401585734,old,0.0035466337440671317,True,True,32000
2023-24,2024-04-03,401585734,new,0.002811431058833054,True,True,32000
2023-24,2024-04-03,401585733,old,0.001135775863113836,True,True,32000
2023-24,2024-04-03,401585733,new,0.001135775863113836,True,True,32000
2023-24,2024-04-03,401585736,old,0.0008223894495133042,True,True,32000
2023-24,2024-04-03,401585736,new,0.0005006157637234282,True,True,32000
2023-24,2024-04-03,401585735,old,0.001252325316155502,True,True,32000
2023-24,2024-04-03,401585735,new,0.000937985365167084,True,True,32000
2023-24,2024-04-03,401585737,old,0.001212635693494105,True,True,32000
2023-24,2024-04-03,401585737,new,0.0025639227640067972,True,True,32000
2023-24,2024-04-03,401585738,old,0.0018377151718386438,True,True,32000
2023-24,2024-04-03,401585738,new,0.004369148934830438,True,True,32000
2023-24,2024-04-04,401585752,old,0.004059197361540629,True,False,32000
2023-24,2024-04-04,401585752,new,0.0037360413092483967,True,False,32000
2023-24,2024-04-04,401585739,old,0.00031091629180673926,False,False,32000
2023-24,2024-04-04,401585739,new,0.0004026352878517231,False,False,32000
2023-24,2024-04-04,401585740,old,0.0010442026753723088,True,False,32000
2023-24,2024-04-04,401585740,new,0.0034369114808785106,True,False,32000
2023-24,2024-04-04,401585741,old,0.0018662602213041397,True,False,32000
2023-24,2024-04-04,401585741,new,0.0012002101398135262,True,False,32000
2023-24,2024-04-04,401585742,old,0.0018813869168923414,True,False,32000
2023-24,2024-04-04,401585742,new,0.0021231794470693813,True,False,32000
2023-24,2024-04-05,401585744,old,0.0035043655510754884,True,False,32000
2023-24,2024-04-05,401585744,new,0.0036918955399640437,True,False,32000
2023-24,2024-04-05,401585743,old,0.0019899006350726912,True,False,32000
2023-24,2024-04-05,401585743,new,0.0020495550104736187,True,False,32000
2023-24,2024-04-05,401585745,old,0.000153388359761924,True,False,32000
2023-24,2024-04-05,401585745,new,0.0,True,False,32000
2023-24,2024-04-05,401585746,old,0.0030554984070484147,True,False,32000
2023-24,2024-04-05,401585746,new,0.004350062101762961,True,False,32000
2023-24,2024-04-05,401585749,old,0.00013299530833240443,True,False,32000
2023-24,2024-04-05,401585749,new,0.0,True,False,32000
2023-24,2024-04-05,401585751,old,0.002290980922921622,True,False,32000
2023-24,2024-04-05,401585751,new,0.003396160561871308,True,False,32000
2023-24,2024-04-05,401585748,old,0.0008867210497902865,True,False,32000
2023-24,2024-04-05,401585748,new,0.001214954820546585,True,False,32000
2023-24,2024-04-05,401585747,old,0.0015673103891647364,False,False,32000
2023-24,2024-04-05,401585747,new,0.0014533651283964247,False,False,32000
2023-24,2024-04-05,401585750,old,0.0016213996171801017,True,False,32000
2023-24,2024-04-05,401585750,new,0.0014111558312711189,True,False,32000
2023-24,2024-04-05,401585725,old,0.005212942788736306,True,False,32000
2023-24,2024-04-05,401585725,new,0.004133683407452805,True,False,32000
2023-24,2024-04-05,401585753,old,0.0034032296344278417,True,False,32000
2023-24,2024-04-05,401585753,new,0.005328409530478973,True,False,32000
2023-24,2024-04-05,401585754,old,0.001393689714436665,True,False,32000
2023-24,2024-04-05,401585754,new,0.0011513643995246902,True,False,32000
2023-24,2024-04-06,401585755,old,0.006150221819623188,True,True,32000
2023-24,2024-04-06,401585755,new,0.007922656009060659,True,True,32000
2023-24,2024-04-06,401585756,old,0.0003904378253669496,True,True,32000
2023-24,2024-04-06,401585756,new,0.0,True,True,32000
2023-24,2024-04-06,401585757,old,0.001088303339853555,True,True,32000
2023-24,2024-04-06,401585757,new,0.00114178957077473,True,True,32000
2023-24,2024-04-06,401585758,old,0.0009057991430243689,False,True,32000
2023-24,2024-04-06,401585758,new,0.0005674645968017814,False,True,32000
2023-24,2024-04-07,401585760,old,0.0019417474636382534,True,False,32000
2023-24,2024-04-07,401585760,new,0.0017350536760077184,True,False,32000
2023-24,2024-04-07,401585759,old,0.0020380056948935315,True,False,32000
2023-24,2024-04-07,401585759,new,0.0018956124649172391,True,False,32000
2023-24,2024-04-07,401585761,old,0.002501664466791211,True,False,32000
2023-24,2024-04-07,401585761,new,0.0028162577600357908,True,False,32000
2023-24,2024-04-07,401585762,old,0.00016546038026843721,True,False,32000
2023-24,2024-04-07,401585762,new,0.0,True,False,32000
2023-24,2024-04-07,401585764,old,0.0023967159457770645,False,False,32000
2023-24,2024-04-07,401585764,new,0.002461769954381817,False,False,32000
2023-24,2024-04-07,401585766,old,0.0011292511004398805,True,False,32000
2023-24,2024-04-07,401585766,new,0.0020097205186466716,True,False,32000
2023-24,2024-04-07,401585763,old,0.0010168349731296533,True,False,32000
2023-24,2024-04-07,401585763,new,0.0010846840496900668,True,False,32000
2023-24,2024-04-07,401585765,old,0.00017682550874329408,True,False,32000
2023-24,2024-04-07,401585765,new,0.0,True,False,32000
2023-24,2024-04-07,401585767,old,0.00126571342638607,True,False,32000
2023-24,2024-04-07,401585767,new,0.0012446328710362946,True,False,32000
2023-24,2024-04-07,401585769,old,0.004064657463467769,True,False,32000
2023-24,2024-04-07,401585769,new,0.004878379976566551,True,False,32000
2023-24,2024-04-07,401585768,old,0.0011952307965749631,False,False,32000
2023-24,2024-04-07,401585768,new,0.0014800120099633946,False,False,32000
2023-24,2024-04-07,401585770,old,0.002177922472796966,True,False,32000
2023-24,2024-04-07,401585770,new,0.0014873249467257294,True,False,32000
2023-24,2024-04-07,401585771,old,0.007956397573846842,True,False,32000
2023-24,2024-04-07,401585771,new,0.009790571321894393,True,False,32000
2023-24,2024-04-09,401585772,old,0.000956736049633513,True,False,32000
2023-24,2024-04-09,401585772,new,0.001120237132525849,True,False,32000
2023-24,2024-04-09,401585773,old,0.0009775971690576886,True,False,32000
2023-24,2024-04-09,401585773,new,0.0012972052220335494,True,False,32000
2023-24,2024-04-09,401585774,old,0.002461271323981097,True,False,32000
2023-24,2024-04-09,401585774,new,0.00234626124760351,True,False,32000
2023-24,2024-04-09,401585776,old,0.002073194238238479,True,False,32000
2023-24,2024-04-09,401585776,new,0.0019166141008460714,True,False,32000
2023-24,2024-04-09,401585779,old,0.0005670903574871183,True,False,32000
2023-24,2024-04-09,401585779,new,0.0,True,False,32000
2023-24,2024-04-09,401585775,old,0.0010196249268107757,False,False,32000
2023-24,2024-04-09,401585775,new,0.0012601564627862324,False,False,32000
2023-24,2024-04-09,401585777,old,0.0022456159195977077,False,False,32000
2023-24,2024-04-09,401585777,new,0.002120458648174472,False,False,32000
2023-24,2024-04-09,401585780,old,0.0006010237114109431,True,False,32000
2023-24,2024-04-09,401585780,new,0.0006010237114109431,True,False,32000
2023-24,2024-04-09,401585778,old,0.0027409970348541415,True,False,32000
2023-24,2024-04-09,401585778,new,0.0026697498158122354,True,False,32000
2023-24,2024-04-09,401585781,old,0.004146285706985934,True,False,32000
2023-24,2024-04-09,401585781,new,0.005415250014052999,True,False,32000
2023-24,2024-04-09,401585782,old,0.000549454204145254,True,False,32000
2023-24,2024-04-09,401585782,new,0.00030995997366279796,True,False,32000
2023-24,2024-04-09,401585785,old,0.0027702836846308274,True,False,32000
2023-24,2024-04-09,401585785,new,0.003852055533504471,True,False,32000
2023-24,2024-04-09,401585784,old,0.0032090397210903765,True,False,32000
2023-24,2024-04-09,401585784,new,0.005258556221975813,True,False,32000
2023-24,2024-04-09,401585783,old,0.007241735782801422,True,False,32000
2023-24,2024-04-09,401585783,new,0.00828456382823089,True,False,32000
2023-24,2024-04-10,401585786,old,0.0026134087887384506,True,True,32000
2023-24,2024-04-10,401585786,new,0.0027126941002482145,True,True,32000
2023-24,2024-04-10,401585787,old,0.00012237272454956565,True,True,32000
2023-24,2024-04-10,401585787,new,0.0001419737314139406,True,True,32000
2023-24,2024-04-10,401585789,old,0.0025944053397914503,True,True,32000
2023-24,2024-04-10,401585789,new,0.002932133046086639,True,True,32000
2023-24,2024-04-10,401585788,old,0.000285901773015532,True,True,32000
2023-24,2024-04-10,401585788,new,0.0,True,True,32000
2023-24,2024-04-10,401585791,old,0.0011796371553896461,True,True,32000
2023-24,2024-04-10,401585791,new,0.0009510083165066488,True,True,32000
2023-24,2024-04-10,401585790,old,0.0028468143034838904,True,True,32000
2023-24,2024-04-10,401585790,new,0.0032412406866782063,True,True,32000
2023-24,2024-04-10,401585792,old,0.0,False,True,32000
2023-24,2024-04-10,401585792,new,0.0,False,True,32000
2023-24,2024-04-10,401585793,old,0.003128750173132013,True,True,32000
2023-24,2024-04-10,401585793,new,0.004943457136286776,True,True,32000
2023-24,2024-04-11,401585794,old,0.0,True,False,32000
2023-24,2024-04-11,401585794,new,0.0,True,False,32000
2023-24,2024-04-11,401585795,old,0.0014557705653133767,False,False,32000
2023-24,2024-04-11,401585795,new,0.0015106081603797406,False,False,32000
2023-24,2024-04-11,401585796,old,0.00013415981513784114,True,False,32000
2023-24,2024-04-11,401585796,new,0.0,True,False,32000
2023-24,2024-04-11,401585797,old,0.0037781845039636494,True,False,32000
2023-24,2024-04-11,401585797,new,0.0037373739355056725,True,False,32000
2023-24,2024-04-11,401585798,old,0.0024180520502157412,True,False,32000
2023-24,2024-04-11,401585798,new,0.003394996530468022,True,False,32000
2023-24,2024-04-12,401585799,old,0.00031680591528268165,False,False,32000
2023-24,2024-04-12,401585799,new,0.0005857920535804693,False,False,32000
2023-24,2024-04-12,401585800,old,0.00013861821049431606,True,False,32000
2023-24,2024-04-12,401585800,new,0.0,True,False,32000
2023-24,2024-04-12,401585801,old,0.00037713191319977524,True,False,32000
2023-24,2024-04-12,401585801,new,0.0005508579027822447,True,False,32000
2023-24,2024-04-12,401585802,old,0.004015128258827342,True,False,32000
2023-24,2024-04-12,401585802,new,0.0036492136634857864,True,False,32000
2023-24,2024-04-12,401585803,old,0.0014085956436383387,True,False,32000
2023-24,2024-04-12,401585803,new,0.0013594519622334889,True,False,32000
2023-24,2024-04-12,401585807,old,0.0021237299697137594,True,False,32000
2023-24,2024-04-12,401585807,new,0.0021154171578256927,True,False,32000
2023-24,2024-04-12,401585808,old,0.0010041673994454806,False,False,32000
2023-24,2024-04-12,401585808,new,0.0006331877322046583,False,False,32000
2023-24,2024-04-12,401585804,old,0.0007961694958146335,True,False,32000
2023-24,2024-04-12,401585804,new,0.0006970802121106111,True,False,32000
2023-24,2024-04-12,401585805,old,0.0047581085731196815,True,False,32000
2023-24,2024-04-12,401585805,new,0.003614772402841688,True,False,32000
2023-24,2024-04-12,401585806,old,0.0006294546613756171,False,False,32000
2023-24,2024-04-12,401585806,new,0.0006295027679034275,False,False,32000
2023-24,2024-04-12,401585809,old,0.0009200757972493517,True,False,32000
2023-24,2024-04-12,401585809,new,0.0009452740002246893,True,False,32000
2023-24,2024-04-12,401585811,old,0.0005195619183655302,True,False,32000
2023-24,2024-04-12,401585811,new,0.0,True,False,32000
2023-24,2024-04-12,401585810,old,0.009967652973672348,True,False,32000
2023-24,2024-04-12,401585810,new,0.009283824679674547,True,False,32000
2023-24,2024-04-12,401585812,old,0.000726677933888478,True,False,32000
2023-24,2024-04-12,401585812,new,0.000726793389555223,True,False,32000
2023-24,2024-04-12,401585813,old,0.0063981827870593965,True,False,32000
2023-24,2024-04-12,401585813,new,0.00967085268942496,True,False,32000
2023-24,2024-04-14,401585815,old,0.0014056491172993403,True,False,32000
2023-24,2024-04-14,401585815,new,0.002159400761500145,True,False,32000
2023-24,2024-04-14,401585820,old,0.0028691935535976295,True,False,32000
2023-24,2024-04-14,401585820,new,0.0028641822224455406,True,False,32000
2023-24,2024-04-14,401585814,old,0.0,True,False,32000
2023-24,2024-04-14,401585814,new,0.0,True,False,32000
2023-24,2024-04-14,401585816,old,0.005460186540294517,True,False,32000
2023-24,2024-04-14,401585816,new,0.007141624027037342,True,False,32000
2023-24,2024-04-14,401585817,old,0.001145261149261214,True,False,32000
2023-24,2024-04-14,401585817,new,0.0013621354948766121,True,False,32000
2023-24,2024-04-14,401585819,old,0.005888427329623353,True,False,32000
2023-24,2024-04-14,401585819,new,0.008149136601766749,True,False,32000
2023-24,2024-04-14,401585818,old,0.0021803114399758265,False,False,32000
2023-24,2024-04-14,401585818,new,0.0018780788382901836,False,False,32000
2023-24,2024-04-14,401585825,old,0.0004341534972850081,True,False,32000
2023-24,2024-04-14,401585825,new,0.0,True,False,32000
2023-24,2024-04-14,401585824,old,0.004180572669519561,True,False,32000
2023-24,2024-04-14,401585824,new,0.004180572669519561,True,False,32000
2023-24,2024-04-14,401585827,old,0.0006747840288131879,True,False,32000
2023-24,2024-04-14,401585827,new,0.0005087746290737774,True,False,32000
2023-24,2024-04-14,401585826,old,0.002789832450788152,True,False,32000
2023-24,2024-04-14,401585826,new,0.0007612544833805237,True,False,32000
2023-24,2024-04-14,401585828,old,0.006786044464040097,True,False,32000
2023-24,2024-04-14,401585828,new,0.008189587700601226,True,False,32000
2023-24,2024-04-14,401585821,old,0.001225446439084363,True,False,32000
2023-24,2024-04-14,401585821,new,0.001225446439084363,True,False,32000
2023-24,2024-04-14,401585822,old,0.002997282302027612,True,False,32000
2023-24,2024-04-14,401585822,new,0.004765313802001106,True,False,32000
2023-24,2024-04-14,401585823,old,0.02000462485207543,True,False,32000
2023-24,2024-04-14,401585823,new,0.02186636141547236,True,False,32000
2024-25,2025-02-19,401748704,old,0.0013730002373666711,True,True,2000
2024-25,2025-02-19,401748704,new,0.002040045400641818,True,True,2000
2024-25,2025-02-20,401705355,old,0.001145413615031468,True,True,32000
2024-25,2025-02-20,401705355,new,0.0004224518503186796,True,True,32000
2024-25,2025-02-20,401705354,old,0.0006686422328428771,True,True,32000
2024-25,2025-02-20,401705354,new,0.0006611351465595366,True,True,32000
2024-25,2025-02-20,401705357,old,0.0011162727446571003,True,True,32000
2024-25,2025-02-20,401705357,new,0.00045606800883617307,True,True,32000
2024-25,2025-02-20,401705358,old,0.0015496424791469586,True,True,32000
2024-25,2025-02-20,401705358,new,0.0012241562043639584,True,True,32000
2024-25,2025-02-20,401705356,old,0.0015939159973963669,True,True,32000
2024-25,2025-02-20,401705356,new,0.001905394426513862,True,True,32000
2024-25,2025-02-20,401705359,old,0.0017450664185356059,True,True,32000
2024-25,2025-02-20,401705359,new,0.0038364429757488778,True,True,32000
2024-25,2025-02-20,401705360,old,0.0009614212429275071,True,True,32000
2024-25,2025-02-20,401705360,new,0.0015729876296245661,True,True,32000
2024-25,2025-02-20,401705361,old,0.0023468166697193826,True,True,32000
2024-25,2025-02-20,401705361,new,0.000775908794409132,True,True,32000
2024-25,2025-02-20,401705362,old,0.002374082063272378,True,True,32000
2024-25,2025-02-20,401705362,new,0.0025913816136700235,True,True,32000
2024-25,2025-02-21,401705363,old,0.0008880080075921914,True,False,32000
2024-25,2025-02-21,401705363,new,0.0008870266337811332,True,False,32000
2024-25,2025-02-21,401705365,old,0.0009832364293897043,True,False,32000
2024-25,2025-02-21,401705365,new,0.0012243585147748669,True,False,32000
2024-25,2025-02-21,401705364,old,0.0025311390749117716,True,False,32000
2024-25,2025-02-21,401705364,new,0.002889476371216022,True,False,32000
2024-25,2025-02-21,401705366,old,0.0027908826891542074,True,False,32000
2024-25,2025-02-21,401705366,new,0.002320516318858308,True,False,32000
2024-25,2025-02-21,401705368,old,0.0013605819981932692,True,False,32000
2024-25,2025-02-21,401705368,new,0.001362718372669515,True,False,32000
2024-25,2025-02-21,401705369,old,0.0009751279585171873,False,False,32000
2024-25,2025-02-21,401705369,new,0.0023338213638765984,False,False,32000
2024-25,2025-02-21,401705370,old,0.00030192618556217435,True,False,32000
2024-25,2025-02-21,401705370,new,0.0003051397019123837,True,False,32000
2024-25,2025-02-21,401705367,old,0.0024566098467683826,True,False,32000
2024-25,2025-02-21,401705367,new,0.003888973763473937,True,False,32000
2024-25,2025-02-21,401705371,old,0.0020346662653040136,True,False,32000
2024-25,2025-02-21,401705371,new,0.001681978478379933,True,False,32000
2024-25,2025-02-22,401705372,old,0.003085469637092629,True,True,8000
2024-25,2025-02-22,401705372,new,0.0012409570261651195,True,True,8000
2024-25,2025-02-22,401705373,old,0.0011847166854353313,True,True,8000
2024-25,2025-02-22,401705373,new,0.0003817443346272699,True,True,8000
2024-25,2025-02-22,401705374,old,0.0019535052814297514,True,True,8000
2024-25,2025-02-22,401705374,new,0.0025063610049076306,True,True,8000
2024-25,2025-02-22,401705375,old,0.0009445479641741621,True,True,8000
2024-25,2025-02-22,401705375,new,0.0014166885313331853,True,True,8000
2024-25,2025-02-22,401705376,old,0.0006478955337440086,True,True,8000
2024-25,2025-02-22,401705376,new,0.00042093848325157297,True,True,8000
2024-25,2025-02-23,401705377,old,0.0007665379523092862,True,False,32000
2024-25,2025-02-23,401705377,new,0.0007642499960073658,True,False,32000
2024-25,2025-02-23,401705378,old,0.0014982461366017906,True,False,32000
2024-25,2025-02-23,401705378,new,0.0009466738344928403,True,False,32000
2024-25,2025-02-23,401705379,old,0.002235316618222057,True,False,32000
2024-25,2025-02-23,401705379,new,0.00395280861362718,True,False,32000
2024-25,2025-02-23,401705382,old,0.0036625701308564992,True,False,32000
2024-25,2025-02-23,401705382,new,0.0009902849890452696,True,False,32000
2024-25,2025-02-23,401705381,old,0.00194405561132482,True,False,32000
2024-25,2025-02-23,401705381,new,0.0020812075316289876,True,False,32000
2024-25,2025-02-23,401705383,old,0.002405972151384343,True,False,32000
2024-25,2025-02-23,401705383,new,0.0028586842578775047,True,False,32000
2024-25,2025-02-23,401705380,old,0.0018106532748862897,True,False,32000
2024-25,2025-02-23,401705380,new,0.002195361903050815,True,False,32000
2024-25,2025-02-23,401705384,old,0.0005188795989820224,False,False,32000
2024-25,2025-02-23,401705384,new,0.0006464219830380368,False,False,32000
2024-25,2025-02-23,401705385,old,0.0014376748228236665,True,False,32000
2024-25,2025-02-23,401705385,new,0.0014446539966378607,True,False,32000
2024-25,2025-02-23,401705386,old,0.002327096010592447,True,False,32000
2024-25,2025-02-23,401705386,new,0.0037458125504885456,True,False,32000
2024-25,2025-02-24,401705388,old,0.0007714780594310323,True,False,32000
2024-25,2025-02-24,401705388,new,0.0007782840399159472,True,False,32000
2024-25,2025-02-24,401705389,old,0.001534180954896393,True,False,32000
2024-25,2025-02-24,401705389,new,0.0003756433642884255,True,False,32000
2024-25,2025-02-24,401705387,old,0.0024200121996831537,True,False,32000
2024-25,2025-02-24,401705387,new,0.004724186507935858,True,False,32000
2024-25,2025-02-24,401705390,old,0.0010425652238127124,True,False,32000
2024-25,2025-02-24,401705390,new,0.00030043729439590796,True,False,32000
2024-25,2025-02-24,401705391,old,0.0025948944264447995,True,False,32000
2024-25,2025-02-24,401705391,new,0.0031536112183126025,True,False,32000
2024-25,2025-02-24,401705392,old,0.0023674601439254437,True,False,32000
2024-25,2025-02-24,401705392,new,0.0038331357119977144,True,False,32000
2024-25,2025-02-24,401705393,old,0.0008190709646643462,True,False,32000
2024-25,2025-02-24,401705393,new,0.000570873802991215,True,False,32000
2024-25,2025-02-24,401705394,old,0.002352777042481803,True,False,32000
2024-25,2025-02-24,401705394,new,0.001684252855092959,True,False,32000
2024-25,2025-02-25,401705395,old,0.0010854148437204273,False,True,32000
2024-25,2025-02-25,401705395,new,0.0,False,True,32000
2024-25,2025-02-25,401705396,old,0.0018674903675757143,True,True,32000
2024-25,2025-02-25,401705396,new,0.0019878659154544077,True,True,32000
2024-25,2025-02-25,401705397,old,0.0011213165248195015,True,True,32000
2024-25,2025-02-25,401705397,new,0.0006726572343046992,True,True,32000
2024-25,2025-02-25,401705399,old,0.00026250505134788336,False,True,32000
2024-25,2025-02-25,401705399,new,0.0006108047511167073,False,True,32000
2024-25,2025-02-25,401705398,old,0.0036829713147636402,True,True,32000
2024-25,2025-02-25,401705398,new,0.0018728763393268584,True,True,32000
2024-25,2025-02-25,401705400,old,0.001895229138838378,True,True,32000
2024-25,2025-02-25,401705400,new,0.0021988782685527673,True,True,32000
2024-25,2025-02-25,401705401,old,0.0018153555347197277,True,True,32000
2024-25,2025-02-25,401705401,new,0.0031455357647148826,True,True,32000
2024-25,2025-02-26,401705402,old,0.0011473102086220488,True,False,32000
2024-25,2025-02-26,401705402,new,0.001046893054457523,True,False,32000
2024-25,2025-02-26,401705403,old,0.001417573983512155,False,False,32000
2024-25,2025-02-26,401705403,new,0.00047268270950704425,False,False,32000
2024-25,2025-02-26,401705405,old,0.0009512728679156572,True,False,32000
2024-25,2025-02-26,401705405,new,0.0,True,False,32000
2024-25,2025-02-26,401705404,old,0.0025116447778701957,True,False,32000
2024-25,2025-02-26,401705404,new,0.0012249927185972104,True,False,32000
2024-25,2025-02-26,401705407,old,0.0031142601272559833,True,False,32000
2024-25,2025-02-26,401705407,new,0.003735515771850394,True,False,32000
2024-25,2025-02-26,401705406,old,0.0010023383690305706,True,False,32000
2024-25,2025-02-26,401705406,new,0.0004592993368442415,True,False,32000
2024-25,2025-02-26,401705408,old,0.002125015215291185,True,False,32000
2024-25,2025-02-26,401705408,new,0.003659584330775589,True,False,32000
2024-25,2025-02-26,401705409,old,0.0019962925542139675,True,False,32000
2024-25,2025-02-26,401705409,new,0.0019099760189402583,True,False,32000
2024-25,2025-02-26,401705410,old,0.0017462931033399762,True,False,32000
2024-25,2025-02-26,401705410,new,0.0013895037641529252,True,False,32000
2024-25,2025-02-27,401705411,old,0.0030785189140900065,True,True,32000
2024-25,2025-02-27,401705411,new,0.0029408305286826894,True,True,32000
2024-25,2025-02-27,401705412,old,0.0022506116980076716,True,True,32000
2024-25,2025-02-27,401705412,new,0.0023307695826559676,True,True,32000
2024-25,2025-02-27,401705413,old,0.0006262800315981124,True,True,32000
2024-25,2025-02-27,401705413,new,0.0018955311467823096,True,True,32000
2024-25,2025-02-27,401705414,old,0.002076971009865806,True,True,32000
2024-25,2025-02-27,401705414,new,0.0009205637745111307,True,True,32000
2024-25,2025-02-27,401705415,old,0.002763996145284872,True,True,32000
2024-25,2025-02-27,401705415,new,0.004022053824389209,True,True,32000
2024-25,2025-02-28,401705416,old,0.0019509589020851152,True,False,32000
2024-25,2025-02-28,401705416,new,0.0018747802709198054,True,False,32000
2024-25,2025-02-28,401705417,old,0.002158792626694343,True,False,32000
2024-25,2025-02-28,401705417,new,0.0024346256901681593,True,False,32000
2024-25,2025-02-28,401705418,old,0.00030210899083882005,True,False,32000
2024-25,2025-02-28,401705418,new,0.0003034367312343443,True,False,32000
2024-25,2025-02-28,401705419,old,0.0016014520415881686,True,False,32000
2024-25,2025-02-28,401705419,new,0.0,True,False,32000
2024-25,2025-02-28,401705420,old,0.0014946588165389476,True,False,32000
2024-25,2025-02-28,401705420,new,0.0016686446308893912,True,False,32000
2024-25,2025-02-28,401705422,old,0.0017327874832543052,True,False,32000
2024-25,2025-02-28,401705422,new,0.0017227652138562314,True,False,32000
2024-25,2025-02-28,401705421,old,0.00031717129823141986,False,False,32000
2024-25,2025-02-28,401705421,new,0.00011710329140070034,False,False,32000
2024-25,2025-02-28,401705423,old,0.0019174130829342796,True,False,32000
2024-25,2025-02-28,401705423,new,0.0006120009031166317,True,False,32000
2024-25,2025-02-28,401705424,old,0.0008328312502098435,True,False,32000
2024-25,2025-02-28,401705424,new,0.0020797286740116645,True,False,32000
2024-25,2025-02-28,401705425,old,0.0033685839312360788,True,False,32000
2024-25,2025-02-28,401705425,new,0.005168216749549469,True,False,32000
2024-25,2025-03-01,401705426,old,0.0,True,False,32000
2024-25,2025-03-01,401705426,new,0.0,True,False,32000
2024-25,2025-03-01,401705427,old,0.002276410584951997,True,False,32000
2024-25,2025-03-01,401705427,new,0.0010323389340612089,True,False,32000
2024-25,2025-03-01,401705428,old,0.0022282713961998715,True,False,32000
2024-25,2025-03-01,401705428,new,0.002660544799604698,True,False,32000
2024-25,2025-03-01,401705429,old,0.0016750949742154778,True,False,32000
2024-25,2025-03-01,401705429,new,0.0013047659685791154,True,False,32000
2024-25,2025-03-01,401705431,old,0.0011598717023182964,True,False,32000
2024-25,2025-03-01,401705431,new,0.003077859136503241,True,False,32000
2024-25,2025-03-01,401705430,old,0.0029464298830074623,True,False,32000
2024-25,2025-03-01,401705430,new,0.0019705981724409028,True,False,32000
2024-25,2025-03-02,401705432,old,0.0009398642318331135,True,True,32000
2024-25,2025-03-02,401705432,new,0.0009417990568581804,True,True,32000
2024-25,2025-03-02,401705433,old,0.0014807582296637765,True,True,32000
2024-25,2025-03-02,401705433,new,0.0005447290013000989,True,True,32000
2024-25,2025-03-02,401705434,old,0.0011868832560420453,False,True,32000
2024-25,2025-03-02,401705434,new,0.000865384047879973,False,True,32000
2024-25,2025-03-02,401705435,old,0.0012346649265042723,True,True,32000
2024-25,2025-03-02,401705435,new,0.00163297131525251,True,True,32000
2024-25,2025-03-02,401705436,old,0.001536138480072093,False,True,32000
2024-25,2025-03-02,401705436,new,0.0012788109635813842,False,True,32000
2024-25,2025-03-02,401705437,old,0.0006998059452685913,True,True,32000
2024-25,2025-03-02,401705437,new,0.00030296528690839823,True,True,32000
2024-25,2025-03-02,401705438,old,0.0,True,True,32000
2024-25,2025-03-02,401705438,new,0.0008183416645027166,True,True,32000
2024-25,2025-03-02,401705440,old,0.003370627175209756,True,True,32000
2024-25,2025-03-02,401705440,new,0.005202533812323738,True,True,32000
2024-25,2025-03-02,401705439,old,0.0037936318240866626,True,True,32000
2024-25,2025-03-02,401705439,new,0.004338897891840092,True,True,32000
2024-25,2025-03-03,401705442,old,0.001955904400663744,True,False,32000
2024-25,2025-03-03,401705442,new,0.00024281010456346226,True,False,32000
2024-25,2025-03-03,401705441,old,0.0019769686689661693,True,False,32000
2024-25,2025-03-03,401705441,new,0.002701802355986926,True,False,32000
2024-25,2025-03-03,401705443,old,0.0011794009086475764,True,False,32000
2024-25,2025-03-03,401705443,new,0.0016994594901684826,True,False,32000
2024-25,2025-03-03,401705445,old,0.0011600655777040815,True,False,32000
2024-25,2025-03-03,401705445,new,0.0013155863758578838,True,False,32000
2024-25,2025-03-03,401705444,old,0.0028316934309368887,True,False,32000
2024-25,2025-03-03,401705444,new,0.003323469070866165,True,False,32000
2024-25,2025-03-03,401705446,old,0.00011855044319475528,True,False,32000
2024-25,2025-03-03,401705446,new,0.001232813145849005,True,False,32000
2024-25,2025-03-03,401705447,old,0.0011894974402651003,True,False,32000
2024-25,2025-03-03,401705447,new,0.0014389569236328093,True,False,32000
2024-25,2025-03-04,401705448,old,0.001179813778114887,True,True,32000
2024-25,2025-03-04,401705448,new,0.0012315590944002902,True,True,32000
2024-25,2025-03-04,401705450,old,0.002918480478528042,True,True,32000
2024-25,2025-03-04,401705450,new,0.0035639404730245902,True,True,32000
2024-25,2025-03-04,401705449,old,0.00135716381859247,False,True,32000
2024-25,2025-03-04,401705449,new,0.0014161925722055064,False,True,32000
2024-25,2025-03-04,401705451,old,0.0025448430357715465,True,True,32000
2024-25,2025-03-04,401705451,new,0.003281244182565292,True,True,32000
2024-25,2025-03-04,401705453,old,0.0032676445925915562,True,True,32000
2024-25,2025-03-04,401705453,new,0.003712554187003919,True,True,32000
2024-25,2025-03-04,401705452,old,0.0011435235070794685,True,True,32000
2024-25,2025-03-04,401705452,new,0.0006908153292365366,True,True,32000
2024-25,2025-03-04,401705454,old,0.0009735198591083703,False,True,32000
2024-25,2025-03-04,401705454,new,0.0,False,True,32000
2024-25,2025-03-04,401705455,old,0.002993274425766236,True,True,32000
2024-25,2025-03-04,401705455,new,0.004265270034171522,True,True,32000
2024-25,2025-03-04,401705456,old,0.0014533554839331355,True,True,32000
2024-25,2025-03-04,401705456,new,0.001694754878227348,True,True,32000
2024-25,2025-03-05,401705457,old,0.0009698551102183165,True,False,32000
2024-25,2025-03-05,401705457,new,0.00011188514630382564,True,False,32000
2024-25,2025-03-05,401705458,old,0.0021842687262148986,True,False,32000
2024-25,2025-03-05,401705458,new,0.003452887542683844,True,False,32000
2024-25,2025-03-05,401705460,old,0.0,True,False,32000
2024-25,2025-03-05,401705460,new,0.00028829157920942736,True,False,32000
2024-25,2025-03-05,401705459,old,0.0006564340160339025,True,False,32000
2024-25,2025-03-05,401705459,new,0.0012874660707538998,True,False,32000
2024-25,2025-03-05,401705463,old,0.0015460267894580643,True,False,32000
2024-25,2025-03-05,401705463,new,0.0030191266185993207,True,False,32000
2024-25,2025-03-05,401705462,old,0.002355134558065066,True,False,32000
2024-25,2025-03-05,401705462,new,0.0033074306160142857,True,False,32000
2024-25,2025-03-05,401705461,old,0.001744133900967473,True,False,32000
2024-25,2025-03-05,401705461,new,0.0017517761486515653,True,False,32000
2024-25,2025-03-05,401705464,old,0.002611946031068279,True,False,32000
2024-25,2025-03-05,401705464,new,0.0047822169847279395,True,False,32000
2024-25,2025-03-06,401705466,old,0.0016346992723989696,True,True,32000
2024-25,2025-03-06,401705466,new,0.00033052909450749306,True,True,32000
2024-25,2025-03-06,401705510,old,0.0011981659826176391,False,True,32000
2024-25,2025-03-06,401705510,new,0.0014758997613533455,False,True,32000
2024-25,2025-03-06,401705465,old,0.0020411450184880746,True,True,32000
2024-25,2025-03-06,401705465,new,0.0026490558276515514,True,True,32000
2024-25,2025-03-06,401705467,old,0.0033418025923312882,True,True,32000
2024-25,2025-03-06,401705467,new,0.002045907937786232,True,True,32000
2024-25,2025-03-06,401705468,old,0.0017784346435047698,True,True,32000
2024-25,2025-03-06,401705468,new,0.002386545753152784,True,True,32000
2024-25,2025-03-06,401705469,old,0.001543177596933419,True,True,32000
2024-25,2025-03-06,401705469,new,0.0015488078381360377,True,True,32000
2024-25,2025-03-07,401705470,old,0.0003367937955399746,True,False,32000
2024-25,2025-03-07,401705470,new,0.00033838131130037,True,False,32000
2024-25,2025-03-07,401705472,old,0.0014174588555102355,True,False,32000
2024-25,2025-03-07,401705472,new,0.002193784685537986,True,False,32000
2024-25,2025-03-07,401705471,old,0.001095390745681761,True,False,32000
2024-25,2025-03-07,401705471,new,0.0003416694057959202,True,False,32000
2024-25,2025-03-07,401705474,old,0.0013613269128156815,True,False,32000
2024-25,2025-03-07,401705474,new,0.0003227659336340285,True,False,32000
2024-25,2025-03-07,401705473,old,0.0023457820935628526,True,False,32000
2024-25,2025-03-07,401705473,new,0.004030903222243958,True,False,32000
2024-25,2025-03-07,401705476,old,0.001093411913687422,True,False,32000
2024-25,2025-03-07,401705476,new,0.0023665941576726294,True,False,32000
2024-25,2025-03-07,401705475,old,0.002665926638553585,True,False,32000
2024-25,2025-03-07,401705475,new,0.0011345492291406985,True,False,32000
2024-25,2025-03-07,401705477,old,0.001977476993545803,True,False,32000
2024-25,2025-03-07,401705477,new,0.004571200445132771,True,False,32000
2024-25,2025-03-08,401705478,old,0.0012189368069540202,True,False,32000
2024-25,2025-03-08,401705478,new,0.0,True,False,32000
2024-25,2025-03-08,401705479,old,0.0017199650711131112,True,False,32000
2024-25,2025-03-08,401705479,new,0.002365994017337477,True,False,32000
2024-25,2025-03-08,401705481,old,0.0010774235407559566,True,False,32000
2024-25,2025-03-08,401705481,new,0.00013529236832004367,True,False,32000
2024-25,2025-03-08,401705480,old,0.0014715858715269013,True,False,32000
2024-25,2025-03-08,401705480,new,0.0022439058649372664,True,False,32000
2024-25,2025-03-08,401705482,old,0.0012489294124371241,True,False,32000
2024-25,2025-03-08,401705482,new,0.0015604494921684195,True,False,32000
2024-25,2025-03-08,401705483,old,0.0031095582076015892,True,False,32000
2024-25,2025-03-08,401705483,new,0.0026771476304764757,True,False,32000
2024-25,2025-03-08,401705484,old,0.0009866273012584387,True,False,32000
2024-25,2025-03-08,401705484,new,0.0009913423074356352,True,False,32000
2024-25,2025-03-08,401705485,old,0.002694600001002048,True,False,32000
2024-25,2025-03-08,401705485,new,0.003142641555549048,True,False,32000
2024-25,2025-03-09,401705486,old,0.0013177334941919677,True,False,32000
2024-25,2025-03-09,401705486,new,0.0013253727498168078,True,False,32000
2024-25,2025-03-09,401705487,old,0.001080857659550377,True,False,32000
2024-25,2025-03-09,401705487,new,0.0006767736296328078,True,False,32000
2024-25,2025-03-09,401705489,old,0.001933374123040329,True,False,32000
2024-25,2025-03-09,401705489,new,0.0018403000847943833,True,False,32000
2024-25,2025-03-09,401705490,old,0.0011924364971278509,True,False,32000
2024-25,2025-03-09,401705490,new,0.00031698795481361247,True,False,32000
2024-25,2025-03-09,401705491,old,0.0027080989297206177,True,False,32000
2024-25,2025-03-09,401705491,new,0.003534895559648318,True,False,32000
2024-25,2025-03-09,401705488,old,0.0019497089387900365,True,False,32000
2024-25,2025-03-09,401705488,new,0.0016878050802469258,True,False,32000
2024-25,2025-03-09,401705492,old,0.0016359815568011073,True,False,32000
2024-25,2025-03-09,401705492,new,0.0011130980109561792,True,False,32000
2024-25,2025-03-09,401705493,old,0.0023871081138175684,True,False,32000
2024-25,2025-03-09,401705493,new,0.004230492271398467,True,False,32000
2024-25,2025-03-10,401705495,old,0.0,True,False,32000
2024-25,2025-03-10,401705495,new,0.0002479752125855258,True,False,32000
2024-25,2025-03-10,401705498,old,0.00100471823031871,True,False,32000
2024-25,2025-03-10,401705498,new,0.00012775682625441073,True,False,32000
2024-25,2025-03-10,401705494,old,0.002538474876922996,True,False,32000
2024-25,2025-03-10,401705494,new,0.0020134252533917257,True,False,32000
2024-25,2025-03-10,401705497,old,0.0019843239637671187,True,False,32000
2024-25,2025-03-10,401705497,new,0.0023213946023846765,True,False,32000
2024-25,2025-03-10,401705496,old,0.001923412925997184,True,False,32000
2024-25,2025-03-10,401705496,new,0.001002640145680427,True,False,32000
2024-25,2025-03-10,401705499,old,0.0014755928616974646,False,False,32000
2024-25,2025-03-10,401705499,new,0.0010212223666675355,False,False,32000
2024-25,2025-03-10,401705502,old,0.001448305320622001,True,False,32000
2024-25,2025-03-10,401705502,new,0.0014585765521708733,True,False,32000
2024-25,2025-03-10,401705500,old,0.0033809360619084946,True,False,32000
2024-25,2025-03-10,401705500,new,0.00386867429161582,True,False,32000
2024-25,2025-03-10,401705501,old,0.003194613087250841,True,False,32000
2024-25,2025-03-10,401705501,new,0.0021595739591368512,True,False,32000
2024-25,2025-03-10,401705503,old,0.0008031387522528498,False,False,32000
2024-25,2025-03-10,401705503,new,0.00027271808712686174,False,False,32000
2024-25,2025-03-10,401705504,old,0.0031322448724801773,True,False,32000
2024-25,2025-03-10,401705504,new,0.002633846122893129,True,False,32000
2024-25,2025-03-10,401705505,old,0.0014917109962808222,True,False,32000
2024-25,2025-03-10,401705505,new,0.0026368562469949765,True,False,32000
2024-25,2025-03-11,401705506,old,0.0015676676125384245,True,True,2000
2024-25,2025-03-11,401705506,new,0.0003009544358373129,True,True,2000
2024-25,2025-03-11,401705507,old,0.0013402174970955146,True,True,2000
2024-25,2025-03-11,401705507,new,0.0008958183290114469,True,True,2000
2024-25,2025-03-11,401705508,old,0.001116242301520923,True,True,2000
2024-25,2025-03-11,401705508,new,0.0010196581457964198,True,True,2000
2024-25,2025-03-11,401705509,old,0.0016737798733476757,True,True,2000
2024-25,2025-03-11,401705509,new,0.003748091142064616,True,True,2000
2024-25,2025-03-12,401705513,old,0.0017770073294780682,True,False,32000
2024-25,2025-03-12,401705513,new,0.0,True,False,32000
2024-25,2025-03-12,401705511,old,0.0012732712742793712,True,False,32000
2024-25,2025-03-12,401705511,new,0.0016370457955736165,True,False,32000
2024-25,2025-03-12,401705512,old,0.00029417141336658643,True,False,32000
2024-25,2025-03-12,401705512,new,0.000294132928181614,True,False,32000
2024-25,2025-03-12,401705517,old,0.0008143531848845044,False,False,32000
2024-25,2025-03-12,401705517,new,0.00047101925798428415,False,False,32000
2024-25,2025-03-12,401705515,old,0.0021158369993293574,True,False,32000
2024-25,2025-03-12,401705515,new,0.001860061020839137,True,False,32000
2024-25,2025-03-12,401705516,old,0.001446803664978638,True,False,32000
2024-25,2025-03-12,401705516,new,0.0014823294147677717,True,False,32000
2024-25,2025-03-12,401705514,old,0.0030079986814992043,True,False,32000
2024-25,2025-03-12,401705514,new,0.0053710177712096175,True,False,32000
2024-25,2025-03-12,401705518,old,0.0023166813660725474,True,False,32000
2024-25,2025-03-12,401705518,new,0.003199275463756135,True,False,32000
2024-25,2025-03-12,401705519,old,0.001577168722655765,True,False,32000
2024-25,2025-03-12,401705519,new,0.0010388519467523076,True,False,32000
2024-25,2025-03-13,401705520,old,0.0012420907145911052,True,True,32000
2024-25,2025-03-13,401705520,new,0.0009564118351440379,True,True,32000
2024-25,2025-03-13,401705521,old,0.0027350571850031135,True,True,32000
2024-25,2025-03-13,401705521,new,0.0027136435648472297,True,True,32000
2024-25,2025-03-13,401705707,old,0.00277573197438655,False,True,32000
2024-25,2025-03-13,401705707,new,0.0024924047016559167,False,True,32000
2024-25,2025-03-13,401705522,old,0.002194339854084634,False,True,32000
2024-25,2025-03-13,401705522,new,0.0010143898380999493,False,True,32000
2024-25,2025-03-13,401705523,old,0.0018944545084046396,True,True,32000
2024-25,2025-03-13,401705523,new,0.002153120134306451,True,True,32000
2024-25,2025-03-14,401705524,old,0.0024185930819262437,True,False,32000
2024-25,2025-03-14,401705524,new,0.0021196673464219666,True,False,32000
2024-25,2025-03-14,401705525,old,0.0016264230553610561,True,False,32000
2024-25,2025-03-14,401705525,new,0.000587758128833235,True,False,32000
2024-25,2025-03-14,401705526,old,0.0013355373110171954,True,False,32000
2024-25,2025-03-14,401705526,new,0.003225325903735989,True,False,32000
2024-25,2025-03-14,401705527,old,0.0021433257328836762,True,False,32000
2024-25,2025-03-14,401705527,new,0.00245591815040775,True,False,32000
2024-25,2025-03-14,401705530,old,0.0004306518848442879,True,False,32000
2024-25,2025-03-14,401705530,new,0.00010829578219053006,True,False,32000
2024-25,2025-03-14,401705528,old,0.0020986159684365673,True,False,32000
2024-25,2025-03-14,401705528,new,0.0020070128771080037,True,False,32000
2024-25,2025-03-14,401705529,old,0.004201288355474235,True,False,32000
2024-25,2025-03-14,401705529,new,0.005193994360771534,True,False,32000
2024-25,2025-03-14,401705531,old,0.0020431804063049627,True,False,32000
2024-25,2025-03-14,401705531,new,0.002308753537939536,True,False,32000
2024-25,2025-03-14,401705532,old,0.0008688294913237473,True,False,32000
2024-25,2025-03-14,401705532,new,0.0,True,False,32000
2024-25,2025-03-14,401705533,old,0.0022287029427743837,True,False,32000
2024-25,2025-03-14,401705533,new,0.000972463105831505,True,False,32000
2024-25,2025-03-15,401705534,old,0.0015410965098530856,False,False,32000
2024-25,2025-03-15,401705534,new,0.0,False,False,32000
2024-25,2025-03-15,401705535,old,0.0011727474663502987,True,False,32000
2024-25,2025-03-15,401705535,new,0.001033571563289287,True,False,32000
2024-25,2025-03-15,401705537,old,0.004128791931310167,True,False,32000
2024-25,2025-03-15,401705537,new,0.0035990615992226,True,False,32000
2024-25,2025-03-15,401705536,old,0.0028869066292221443,True,False,32000
2024-25,2025-03-15,401705536,new,0.0025711198348042064,True,False,32000
2024-25,2025-03-15,401705538,old,0.0011196749958535413,True,False,32000
2024-25,2025-03-15,401705538,new,0.0010005265277692739,True,False,32000
2024-25,2025-03-15,401705540,old,0.0026500223013124977,True,False,32000
2024-25,2025-03-15,401705540,new,0.002691121747923484,True,False,32000
2024-25,2025-03-15,401705539,old,0.00026963828703964975,False,False,32000
2024-25,2025-03-15,401705539,new,0.00012960595725049838,False,False,32000
2024-25,2025-03-15,401705541,old,0.0011457764455272347,True,False,32000
2024-25,2025-03-15,401705541,new,0.0013164953476556324,True,False,32000
2024-25,2025-03-16,401705542,old,0.001958387231256265,True,True,32000
2024-25,2025-03-16,401705542,new,0.00016695851549776295,True,True,32000
2024-25,2025-03-16,401705545,old,0.0029250387163049342,True,True,32000
2024-25,2025-03-16,401705545,new,0.002684659359013539,True,True,32000
2024-25,2025-03-16,401705543,old,0.003269514533916013,True,True,32000
2024-25,2025-03-16,401705543,new,0.003153108778570719,True,True,32000
2024-25,2025-03-16,401705546,old,0.0007999372071112549,True,True,32000
2024-25,2025-03-16,401705546,new,0.0,True,True,32000
2024-25,2025-03-16,401705544,old,0.0023467967289884117,True,True,32000
2024-25,2025-03-16,401705544,new,0.0012476811056764858,True,True,32000
2024-25,2025-03-16,401748706,old,0.0009609250231065096,True,True,32000
2024-25,2025-03-16,401748706,new,0.0015098807494111385,True,True,32000
2024-25,2025-03-16,401705547,old,0.0009776077416587016,True,True,32000
2024-25,2025-03-16,401705547,new,0.0016249192006564006,True,True,32000
2024-25,2025-03-16,401705548,old,0.001697213770402917,True,True,32000
2024-25,2025-03-16,401705548,new,0.001546952631507951,True,True,32000
2024-25,2025-03-17,401705550,old,0.0031741294136314745,True,False,32000
2024-25,2025-03-17,401705550,new,0.002554153900444852,True,False,32000
2024-25,2025-03-17,401705553,old,0.0007221393936112105,True,False,32000
2024-25,2025-03-17,401705553,new,0.001112434036723257,True,False,32000
2024-25,2025-03-17,401705551,old,0.003134823910009233,True,False,32000
2024-25,2025-03-17,401705551,new,0.0019435080841074435,True,False,32000
2024-25,2025-03-17,401705552,old,0.001578973888703104,True,False,32000
2024-25,2025-03-17,401705552,new,0.0027008421751797866,True,False,32000
2024-25,2025-03-17,401705555,old,0.0016195042308750178,True,False,32000
2024-25,2025-03-17,401705555,new,0.00048548685697711826,True,False,32000
2024-25,2025-03-17,401705557,old,0.0029265631994220306,True,False,32000
2024-25,2025-03-17,401705557,new,0.00045993202929373543,True,False,32000
2024-25,2025-03-17,401705561,old,0.001067334450074088,True,False,32000
2024-25,2025-03-17,401705561,new,0.0003405747528295743,True,False,32000
2024-25,2025-03-17,401705558,old,0.00275567623379365,True,False,32000
2024-25,2025-03-17,401705558,new,0.0018578599364636615,True,False,32000
2024-25,2025-03-17,401705556,old,0.002831240184209747,True,False,32000
2024-25,2025-03-17,401705556,new,0.00300866433527687,True,False,32000
2024-25,2025-03-17,401754705,old,0.00257727936579305,True,False,32000
2024-25,2025-03-17,401754705,new,0.0025927904933933017,True,False,32000
2024-25,2025-03-18,401705559,old,0.0018183513949093183,True,True,32000
2024-25,2025-03-18,401705559,new,0.002632286555079999,True,True,32000
2024-25,2025-03-18,401705560,old,0.0015287066815725362,False,True,32000
2024-25,2025-03-18,401705560,new,0.0,False,True,32000
2024-25,2025-03-18,401705578,old,0.00280693217142762,True,True,32000
2024-25,2025-03-18,401705578,new,0.0030144986367324433,True,True,32000
2024-25,2025-03-18,401705563,old,0.0017015938061780908,True,True,32000
2024-25,2025-03-18,401705563,new,0.0025141544572330264,True,True,32000
2024-25,2025-03-19,401705565,old,0.002803907524261397,True,False,32000
2024-25,2025-03-19,401705565,new,0.0027929804605911442,True,False,32000
2024-25,2025-03-19,401705564,old,0.0017866521780890929,False,False,32000
2024-25,2025-03-19,401705564,new,0.0008438606318625464,False,False,32000
2024-25,2025-03-19,401705566,old,0.0025770943416630063,True,False,32000
2024-25,2025-03-19,401705566,new,0.0016908537312363048,True,False,32000
2024-25,2025-03-19,401705568,old,0.000655389298637033,True,False,32000
2024-25,2025-03-19,401705568,new,0.00043087091911675897,True,False,32000
2024-25,2025-03-19,401705569,old,0.0013642665963989394,True,False,32000
2024-25,2025-03-19,401705569,new,0.0010032052393395645,True,False,32000
2024-25,2025-03-19,401705567,old,0.0025292468911322697,True,False,32000
2024-25,2025-03-19,401705567,new,0.00427439489818698,True,False,32000
2024-25,2025-03-19,401705193,old,0.0,True,False,32000
2024-25,2025-03-19,401705193,new,0.0003325547684979593,True,False,32000
2024-25,2025-03-19,401705573,old,0.0025542954960870107,True,False,32000
2024-25,2025-03-19,401705573,new,0.0013596319699498481,True,False,32000
2024-25,2025-03-19,401705574,old,0.0026497388302506347,True,False,32000
2024-25,2025-03-19,401705574,new,0.0024740794104343394,True,False,32000
2024-25,2025-03-19,401705575,old,0.0010681926336459796,True,False,32000
2024-25,2025-03-19,401705575,new,0.00073488990378879,True,False,32000
2024-25,2025-03-19,401705572,old,0.0021723096834656923,True,False,32000
2024-25,2025-03-19,401705572,new,0.0024832672703318658,True,False,32000
2024-25,2025-03-20,401705576,old,0.0011080480749853315,True,True,32000
2024-25,2025-03-20,401705576,new,0.0013920304369669405,True,True,32000
2024-25,2025-03-20,401705577,old,0.0023636926906312654,False,True,32000
2024-25,2025-03-20,401705577,new,0.0006816247815828623,False,True,32000
2024-25,2025-03-20,401705579,old,0.0015347601276818883,True,True,32000
2024-25,2025-03-20,401705579,new,0.001326127784483253,True,True,32000
2024-25,2025-03-20,401705571,old,0.0034662392961507505,True,True,32000
2024-25,2025-03-20,401705571,new,0.0027566518388079803,True,True,32000
2024-25,2025-03-20,401705562,old,0.0029707145914320693,True,True,32000
2024-25,2025-03-20,401705562,new,0.0026234022176396,True,True,32000
2024-25,2025-03-21,401705580,old,0.0019223535385903656,True,False,32000
2024-25,2025-03-21,401705580,new,0.002131217488138029,True,False,32000
2024-25,2025-03-21,401705583,old,0.00037434575171439255,True,False,32000
2024-25,2025-03-21,401705583,new,0.0006939258999902332,True,False,32000
2024-25,2025-03-21,401705582,old,0.002305582872771411,True,False,32000
2024-25,2025-03-21,401705582,new,0.003217602811180969,True,False,32000
2024-25,2025-03-21,401705584,old,0.001570178622897233,True,False,32000
2024-25,2025-03-21,401705584,new,0.0,True,False,32000
2024-25,2025-03-21,401705581,old,0.002452031652494501,True,False,32000
2024-25,2025-03-21,401705581,new,0.0017909828696111092,True,False,32000
2024-25,2025-03-21,401705585,old,0.002341884606457329,True,False,32000
2024-25,2025-03-21,401705585,new,0.0010913419694484072,True,False,32000
2024-25,2025-03-21,401705586,old,0.0,True,False,32000
2024-25,2025-03-21,401705586,new,0.0,True,False,32000
2024-25,2025-03-21,401705587,old,0.002451498477356428,True,False,32000
2024-25,2025-03-21,401705587,new,0.0008071468841234906,True,False,32000
2024-25,2025-03-21,401705588,old,0.0029491706555895706,True,False,32000
2024-25,2025-03-21,401705588,new,0.001810510352046521,True,False,32000
2024-25,2025-03-21,401705589,old,0.002591664501245845,True,False,32000
2024-25,2025-03-21,401705589,new,0.0036699275852443845,True,False,32000
2024-25,2025-03-22,401705590,old,0.0025070900998475946,False,True,32000
2024-25,2025-03-22,401705590,new,0.0007380200502443915,False,True,32000
2024-25,2025-03-22,401705591,old,0.003438369917896145,True,True,32000
2024-25,2025-03-22,401705591,new,0.0033592273804554026,True,True,32000
2024-25,2025-03-22,401705592,old,0.001646186505829988,True,True,32000
2024-25,2025-03-22,401705592,new,0.0016115025944434523,True,True,32000
2024-25,2025-03-22,401705593,old,0.003508513152532562,True,True,32000
2024-25,2025-03-22,401705593,new,0.0018007698283459864,True,True,32000
2024-25,2025-03-22,401705594,old,0.0030651748695194165,True,True,32000
2024-25,2025-03-22,401705594,new,0.00310935509945288,True,True,32000
2024-25,2025-03-23,401705595,old,0.0006299909603211257,True,True,32000
2024-25,2025-03-23,401705595,new,0.0006034625902082053,True,True,32000
2024-25,2025-03-23,401705596,old,0.00011041410015024278,True,True,32000
2024-25,2025-03-23,401705596,new,0.00011041410015024278,True,True,32000
2024-25,2025-03-23,401705600,old,0.002019963189878676,True,True,32000
2024-25,2025-03-23,401705600,new,0.00028271358649868683,True,True,32000
2024-25,2025-03-23,401705599,old,0.0013303255283967,False,True,32000
2024-25,2025-03-23,401705599,new,0.0,False,True,32000
2024-25,2025-03-23,401705597,old,0.0023633030971034275,True,True,32000
2024-25,2025-03-23,401705597,new,0.0006221201955335785,True,True,32000
2024-25,2025-03-23,401705598,old,0.000809963986816157,True,True,32000
2024-25,2025-03-23,401705598,new,0.0005908705937999445,True,True,32000
2024-25,2025-03-23,401705601,old,0.002040248506266085,True,True,32000
2024-25,2025-03-23,401705601,new,0.002076535241140474,True,True,32000
2024-25,2025-03-23,401705602,old,0.001315783883095515,True,True,32000
2024-25,2025-03-23,401705602,new,0.0018443077005006138,True,True,32000
2024-25,2025-03-24,401705603,old,0.002190580762986626,True,True,32000
2024-25,2025-03-24,401705603,new,0.0038050718319843986,True,True,32000
2024-25,2025-03-24,401705604,old,0.0036689505887823183,True,True,32000
2024-25,2025-03-24,401705604,new,0.004046228890774297,True,True,32000
2024-25,2025-03-24,401705605,old,0.0012200799931939166,True,True,32000
2024-25,2025-03-24,401705605,new,0.0,True,True,32000
2024-25,2025-03-24,401705606,old,0.0036281074882434693,False,True,32000
2024-25,2025-03-24,401705606,new,0.00040459904574083577,False,True,32000
2024-25,2025-03-24,401705607,old,0.001663696922221471,True,True,32000
2024-25,2025-03-24,401705607,new,0.00018096523869810216,True,True,32000
2024-25,2025-03-24,401705608,old,0.0031485016384815534,True,True,32000
2024-25,2025-03-24,401705608,new,0.002694927549709308,True,True,32000
2024-25,2025-03-24,401705610,old,0.0021041580276155098,True,True,32000
2024-25,2025-03-24,401705610,new,0.00023658589257236382,True,True,32000
2024-25,2025-03-24,401705609,old,0.00559534168046618,True,True,32000
2024-25,2025-03-24,401705609,new,0.003069312302260804,True,True,32000
2024-25,2025-03-25,401705612,old,0.0013411528887108965,True,False,32000
2024-25,2025-03-25,401705612,new,0.0006141813052386995,True,False,32000
2024-25,2025-03-25,401705611,old,0.001694349955825944,True,False,32000
2024-25,2025-03-25,401705611,new,0.0017340782182890795,True,False,32000
2024-25,2025-03-25,401705614,old,0.003941471242695597,True,False,32000
2024-25,2025-03-25,401705614,new,0.0021633396345342925,True,False,32000
2024-25,2025-03-25,401705613,old,0.0016449607193847367,True,False,32000
2024-25,2025-03-25,401705613,new,0.0016762819192137634,True,False,32000
2024-25,2025-03-25,401705615,old,0.0013593538498344842,True,False,32000
2024-25,2025-03-25,401705615,new,0.0011128536050983,True,False,32000
2024-25,2025-03-25,401705616,old,0.002440221963789715,True,False,32000
2024-25,2025-03-25,401705616,new,0.0026202949188981186,True,False,32000
2024-25,2025-03-25,401705617,old,0.0018547154278026358,True,False,32000
2024-25,2025-03-25,401705617,new,0.0001071813427716989,True,False,32000
2024-25,2025-03-25,401705618,old,0.003206446141134808,True,False,32000
2024-25,2025-03-25,401705618,new,0.0003275813584599323,True,False,32000
2024-25,2025-03-26,401705619,old,0.001497027829457934,True,True,8000
2024-25,2025-03-26,401705619,new,0.0,True,True,8000
2024-25,2025-03-26,401705622,old,0.0033190959777578757,True,True,8000
2024-25,2025-03-26,401705622,new,0.004450608038790155,True,True,8000
2024-25,2025-03-26,401705620,old,0.0011228690132361295,False,True,8000
2024-25,2025-03-26,401705620,new,0.0,False,True,8000
2024-25,2025-03-26,401705621,old,0.0017480160254872582,True,True,8000
2024-25,2025-03-26,401705621,new,0.0024169946371579163,True,True,8000
2024-25,2025-03-26,401705623,old,0.003441098168933707,True,True,8000
2024-25,2025-03-26,401705623,new,0.0030649406070807667,True,True,8000
2024-25,2025-03-26,401705624,old,0.003889848037172915,True,True,8000
2024-25,2025-03-26,401705624,new,0.0010289088102489769,True,True,8000
2024-25,2025-03-27,401705627,old,0.0010715706233697427,True,False,32000
2024-25,2025-03-27,401705627,new,0.0010035529080100604,True,False,32000
2024-25,2025-03-27,401705626,old,0.002549355425631658,False,False,32000
2024-25,2025-03-27,401705626,new,0.0021071649080294185,False,False,32000
2024-25,2025-03-27,401705625,old,0.0003812592812734579,True,False,32000
2024-25,2025-03-27,401705625,new,0.0,True,False,32000
2024-25,2025-03-27,401705628,old,0.0017886158877190115,True,False,32000
2024-25,2025-03-27,401705628,new,0.0014311849073320175,True,False,32000
2024-25,2025-03-27,401705630,old,0.0023387574506436486,True,False,32000
2024-25,2025-03-27,401705630,new,0.00238650390347359,True,False,32000
2024-25,2025-03-27,401705629,old,0.0036397349786116005,True,False,32000
2024-25,2025-03-27,401705629,new,0.003729634573464095,True,False,32000
2024-25,2025-03-27,401705631,old,0.0008629315447986482,True,False,32000
2024-25,2025-03-27,401705631,new,0.0008703235043924061,True,False,32000
2024-25,2025-03-27,401705632,old,0.004060768528425992,True,False,32000
2024-25,2025-03-27,401705632,new,0.0005921426967605374,True,False,32000
2024-25,2025-03-28,401705633,old,0.0015040126744471725,True,True,32000
2024-25,2025-03-28,401705633,new,0.0009013012552318964,True,True,32000
2024-25,2025-03-28,401705635,old,0.00027315691914496,True,True,32000
2024-25,2025-03-28,401705635,new,0.00013949526116352633,True,True,32000
2024-25,2025-03-28,401705634,old,0.0030214954577351093,True,True,32000
2024-25,2025-03-28,401705634,new,0.004107701397674713,True,True,32000
2024-25,2025-03-28,401705637,old,0.006748355538334502,True,True,32000
2024-25,2025-03-28,401705637,new,0.005194274651597648,True,True,32000
2024-25,2025-03-28,401705636,old,0.0011697633883041472,True,True,32000
2024-25,2025-03-28,401705636,new,0.0005794437204110936,True,True,32000
2024-25,2025-03-28,401705638,old,0.0035320751228570557,True,True,32000
2024-25,2025-03-28,401705638,new,0.0029633983756158096,True,True,32000
2024-25,2025-03-28,401705639,old,0.0016651604973316736,True,True,32000
2024-25,2025-03-28,401705639,new,0.0018314663521381005,True,True,32000
2024-25,2025-03-29,401705640,old,0.004287835582684442,True,False,32000
2024-25,2025-03-29,401705640,new,0.0022589891283313515,True,False,32000
2024-25,2025-03-29,401705641,old,0.002080441358426214,True,False,32000
2024-25,2025-03-29,401705641,new,0.0,True,False,32000
2024-25,2025-03-29,401705642,old,0.0015448499879060207,True,False,32000
2024-25,2025-03-29,401705642,new,0.0010592580636376834,True,False,32000
2024-25,2025-03-29,401705645,old,0.0011674492076650638,True,False,32000
2024-25,2025-03-29,401705645,new,0.0011034621448856425,True,False,32000
2024-25,2025-03-29,401705646,old,0.00035330731088845004,False,False,32000
2024-25,2025-03-29,401705646,new,0.0,False,False,32000
2024-25,2025-03-29,401705643,old,0.002411409187841894,False,False,32000
2024-25,2025-03-29,401705643,new,0.002362915165440145,False,False,32000
2024-25,2025-03-29,401705644,old,0.003102308598606105,True,False,32000
2024-25,2025-03-29,401705644,new,0.0037213377444080668,True,False,32000
2024-25,2025-03-30,401705647,old,0.003205144218013268,True,True,32000
2024-25,2025-03-30,401705647,new,0.004519593807597593,True,True,32000
2024-25,2025-03-30,401705648,old,0.0020236087267004846,True,True,32000
2024-25,2025-03-30,401705648,new,0.001105616874891804,True,True,32000
2024-25,2025-03-30,401705652,old,0.0035203501671269483,True,True,32000
2024-25,2025-03-30,401705652,new,0.0032410874621977763,True,True,32000
2024-25,2025-03-30,401705651,old,0.000434570692547538,True,True,32000
2024-25,2025-03-30,401705651,new,0.00029720972994058014,True,True,32000
2024-25,2025-03-30,401705649,old,0.0036951557927855116,True,True,32000
2024-25,2025-03-30,401705649,new,0.0034019034903223426,True,True,32000
2024-25,2025-03-30,401705653,old,0.0014735429925224566,True,True,32000
2024-25,2025-03-30,401705653,new,0.0,True,True,32000
2024-25,2025-03-30,401705650,old,0.002527459988241526,True,True,32000
2024-25,2025-03-30,401705650,new,0.004256533367820913,True,True,32000
2024-25,2025-03-30,401705654,old,0.004422489154952305,True,True,32000
2024-25,2025-03-30,401705654,new,0.0014557694286689374,True,True,32000
2024-25,2025-03-31,401705655,old,0.0,True,False,32000
2024-25,2025-03-31,401705655,new,0.0,True,False,32000
2024-25,2025-03-31,401705658,old,0.002666872119774589,True,False,32000
2024-25,2025-03-31,401705658,new,0.001377748142795693,True,False,32000
2024-25,2025-03-31,401705656,old,0.004258884776729677,True,False,32000
2024-25,2025-03-31,401705656,new,0.001118679972125058,True,False,32000
2024-25,2025-03-31,401705657,old,0.004541229676444029,True,False,32000
2024-25,2025-03-31,401705657,new,0.0055571375203109065,True,False,32000
2024-25,2025-03-31,401705659,old,0.00233892971617346,True,False,32000
2024-25,2025-03-31,401705659,new,0.0029098945945224843,True,False,32000
2024-25,2025-03-31,401705660,old,0.002438300062409065,True,False,32000
2024-25,2025-03-31,401705660,new,0.0013821098633075945,True,False,32000
2024-25,2025-03-31,401705661,old,0.0034394977933356733,False,False,32000
2024-25,2025-03-31,401705661,new,0.0002789846769634755,False,False,32000
2024-25,2025-03-31,401705662,old,0.00287264858643697,True,False,32000
2024-25,2025-03-31,401705662,new,0.0033928511916838794,True,False,32000
2024-25,2025-04-01,401705664,old,0.0023575337718302752,True,False,32000
2024-25,2025-04-01,401705664,new,0.0011301955042964335,True,False,32000
2024-25,2025-04-01,401705663,old,0.002152758989541096,True,False,32000
2024-25,2025-04-01,401705663,new,0.0018956450922931437,True,False,32000
2024-25,2025-04-01,401705667,old,0.005551127222367112,True,False,32000
2024-25,2025-04-01,401705667,new,0.0021325835953547325,True,False,32000
2024-25,2025-04-01,401705665,old,0.0027143745306579645,False,False,32000
2024-25,2025-04-01,401705665,new,0.001626905808213058,False,False,32000
2024-25,2025-04-01,401705554,old,0.0040026910441239,False,False,32000
2024-25,2025-04-01,401705554,new,0.0029401850719315164,False,False,32000
2024-25,2025-04-01,401705666,old,0.0025362363626373957,True,False,32000
2024-25,2025-04-01,401705666,new,0.0018440656745389139,True,False,32000
2024-25,2025-04-01,401705668,old,0.004282364931493907,True,False,32000
2024-25,2025-04-01,401705668,new,0.006155922970204306,True,False,32000
2024-25,2025-04-02,401705670,old,0.0013637076352555684,True,False,32000
2024-25,2025-04-02,401705670,new,0.0013120695782580971,True,False,32000
2024-25,2025-04-02,401705669,old,0.0007680495762411883,True,False,32000
2024-25,2025-04-02,401705669,new,0.0007672029004370326,True,False,32000
2024-25,2025-04-02,401705671,old,0.0048009351959826165,True,False,32000
2024-25,2025-04-02,401705671,new,0.00047358136819867683,True,False,32000
2024-25,2025-04-02,401705672,old,0.004358886936308482,True,False,32000
2024-25,2025-04-02,401705672,new,0.0026750735677162608,True,False,32000
2024-25,2025-04-02,401705673,old,0.0008271243901032848,True,False,32000
2024-25,2025-04-02,401705673,new,0.0008274322643001814,True,False,32000
2024-25,2025-04-02,401705675,old,0.0029076060640832535,True,False,32000
2024-25,2025-04-02,401705675,new,0.003016883696300515,True,False,32000
2024-25,2025-04-02,401705676,old,0.0023731107745627754,True,False,32000
2024-25,2025-04-02,401705676,new,0.002637144560005781,True,False,32000
2024-25,2025-04-02,401705674,old,0.0013604691207920949,True,False,32000
2024-25,2025-04-02,401705674,new,0.0009270706287317555,True,False,32000
2024-25,2025-04-02,401705677,old,0.0031164762352030536,True,False,32000
2024-25,2025-04-02,401705677,new,0.00441538011883544,True,False,32000
2024-25,2025-04-03,401705681,old,0.0018000135373805177,True,False,32000
2024-25,2025-04-03,401705681,new,0.0006747318727888767,True,False,32000
2024-25,2025-04-03,401705678,old,0.005179388974548857,True,False,32000
2024-25,2025-04-03,401705678,new,0.003721549296467438,True,False,32000
2024-25,2025-04-03,401705682,old,0.0010048035180469236,True,False,32000
2024-25,2025-04-03,401705682,new,0.0,True,False,32000
2024-25,2025-04-03,401705679,old,0.0045763406994422445,True,False,32000
2024-25,2025-04-03,401705679,new,0.005275864334495721,True,False,32000
2024-25,2025-04-03,401705680,old,0.006647829616306747,True,False,32000
2024-25,2025-04-03,401705680,new,0.004624873042349568,True,False,32000
2024-25,2025-04-03,401705683,old,0.004284884557817445,True,False,32000
2024-25,2025-04-03,401705683,new,0.004681069013272262,True,False,32000
2024-25,2025-04-04,401705684,old,0.005994518164296125,True,False,32000
2024-25,2025-04-04,401705684,new,0.0008299527287774492,True,False,32000
2024-25,2025-04-04,401705685,old,0.0013428540786211312,True,False,32000
2024-25,2025-04-04,401705685,new,0.001248609104121597,True,False,32000
2024-25,2025-04-04,401705686,old,0.004936759388455075,True,False,32000
2024-25,2025-04-04,401705686,new,0.0013655798601155424,True,False,32000
2024-25,2025-04-04,401705687,old,0.0007466397338381598,True,False,32000
2024-25,2025-04-04,401705687,new,0.0006706072491691719,True,False,32000
2024-25,2025-04-04,401705690,old,0.00011396477442328737,True,False,32000
2024-25,2025-04-04,401705690,new,0.0,True,False,32000
2024-25,2025-04-04,401705688,old,0.0024684476282087783,False,False,32000
2024-25,2025-04-04,401705688,new,0.002077400340591995,False,False,32000
2024-25,2025-04-04,401705689,old,0.00015690425113520215,True,False,32000
2024-25,2025-04-04,401705689,new,0.00015690425113520215,True,False,32000
2024-25,2025-04-04,401705691,old,0.004417251085463743,True,False,32000
2024-25,2025-04-04,401705691,new,0.0046016506177015744,True,False,32000
2024-25,2025-04-04,401705693,old,0.004459771889621575,True,False,32000
2024-25,2025-04-04,401705693,new,0.005217889455629552,True,False,32000
2024-25,2025-04-04,401705692,old,0.0054971312944201,True,False,32000
2024-25,2025-04-04,401705692,new,0.005046247176191517,True,False,32000
2024-25,2025-04-05,401705694,old,0.004919835427055086,True,False,32000
2024-25,2025-04-05,401705694,new,0.004442325502718753,True,False,32000
2024-25,2025-04-05,401705696,old,0.004335476120115479,True,False,32000
2024-25,2025-04-05,401705696,new,0.00597818740036216,True,False,32000
2024-25,2025-04-05,401705695,old,0.003033968907489163,True,False,32000
2024-25,2025-04-05,401705695,new,0.0035717598577403482,True,False,32000
2024-25,2025-04-05,401705697,old,0.005963205539748119,True,False,32000
2024-25,2025-04-05,401705697,new,0.0033477061662563483,True,False,32000
2024-25,2025-04-05,401705698,old,0.005634561068131121,True,False,32000
2024-25,2025-04-05,401705698,new,0.005669433471001297,True,False,32000
2024-25,2025-04-06,401705699,old,0.004287529127445409,True,False,32000
2024-25,2025-04-06,401705699,new,0.002473973864054788,True,False,32000
2024-25,2025-04-06,401705701,old,0.0037353644879836562,True,False,32000
2024-25,2025-04-06,401705701,new,0.004322370192481316,True,False,32000
2024-25,2025-04-06,401705700,old,0.0006889224040751825,False,False,32000
2024-25,2025-04-06,401705700,new,0.0,False,False,32000
2024-25,2025-04-06,401705703,old,0.0,True,False,32000
2024-25,2025-04-06,401705703,new,0.0,True,False,32000
2024-25,2025-04-06,401705702,old,0.004974775036658946,True,False,32000
2024-25,2025-04-06,401705702,new,0.004365484753527564,True,False,32000
2024-25,2025-04-06,401705704,old,0.0051532085288868166,True,False,32000
2024-25,2025-04-06,401705704,new,0.0004501035677280858,True,False,32000
2024-25,2025-04-06,401705705,old,0.0004619569065695312,True,False,32000
2024-25,2025-04-06,401705705,new,0.0,True,False,32000
2024-25,2025-04-06,401705706,old,0.004999482228564298,True,False,32000
2024-25,2025-04-06,401705706,new,0.0018480719090066503,True,False,32000
2024-25,2025-04-06,401705708,old,0.002982410426363891,True,False,32000
2024-25,2025-04-06,401705708,new,0.004482985134283827,True,False,32000
2024-25,2025-04-06,401754706,old,0.0023131501847285844,True,False,32000
2024-25,2025-04-06,401754706,new,0.0006951200604734694,True,False,32000
2024-25,2025-04-06,401705709,old,0.004262901077947932,True,False,32000
2024-25,2025-04-06,401705709,new,0.004658017296322464,True,False,32000
2024-25,2025-04-07,401705710,old,0.0035871278493797456,True,False,32000
2024-25,2025-04-07,401705710,new,0.00040763547314271305,True,False,32000
2024-25,2025-04-07,401705711,old,0.0015093855363487066,True,False,32000
2024-25,2025-04-07,401705711,new,0.001357731432541845,True,False,32000
2024-25,2025-04-08,401705713,old,0.0036203667049732624,True,False,32000
2024-25,2025-04-08,401705713,new,0.0036352522423946285,True,False,32000
2024-25,2025-04-08,401705714,old,0.001594487809108834,True,False,32000
2024-25,2025-04-08,401705714,new,0.00151003501003736,True,False,32000
2024-25,2025-04-08,401705715,old,0.0031453142931845085,True,False,32000
2024-25,2025-04-08,401705715,new,0.0038594936534397046,True,False,32000
2024-25,2025-04-08,401705712,old,0.002768594971009497,True,False,32000
2024-25,2025-04-08,401705712,new,0.0032486660245918193,True,False,32000
2024-25,2025-04-08,401705716,old,0.00030813348044369013,False,False,32000
2024-25,2025-04-08,401705716,new,0.0,False,False,32000
2024-25,2025-04-08,401705717,old,0.00015328663449190805,True,False,32000
2024-25,2025-04-08,401705717,new,0.00015328663449190805,True,False,32000
2024-25,2025-04-08,401705718,old,0.00492228505305653,True,False,32000
2024-25,2025-04-08,401705718,new,0.006312694166558788,True,False,32000
2024-25,2025-04-08,401705719,old,0.002445444897698651,True,False,32000
2024-25,2025-04-08,401705719,new,0.0024619833103372095,True,False,32000
2024-25,2025-04-08,401705720,old,0.006404978296958036,True,False,32000
2024-25,2025-04-08,401705720,new,0.004991663513445936,True,False,32000
2024-25,2025-04-08,401705721,old,0.004083466119301025,True,False,32000
2024-25,2025-04-08,401705721,new,0.006053918433946748,True,False,32000
2024-25,2025-04-09,401705722,old,0.000756508359946125,False,False,32000
2024-25,2025-04-09,401705722,new,0.0003280046463974905,False,False,32000
2024-25,2025-04-09,401705723,old,0.00026924811760128134,True,False,32000
2024-25,2025-04-09,401705723,new,0.0,True,False,32000
2024-25,2025-04-09,401705724,old,0.0,True,False,32000
2024-25,2025-04-09,401705724,new,0.0,True,False,32000
2024-25,2025-04-09,401705725,old,0.004152129391083197,True,False,32000
2024-25,2025-04-09,401705725,new,0.0039006663306376333,True,False,32000
2024-25,2025-04-09,401705726,old,0.004835954362686927,True,False,32000
2024-25,2025-04-09,401705726,new,0.004945847212036178,True,False,32000
2024-25,2025-04-09,401705728,old,0.0006583707657097109,True,False,32000
2024-25,2025-04-09,401705728,new,0.0,True,False,32000
2024-25,2025-04-09,401705730,old,0.0017748214542995763,True,False,32000
2024-25,2025-04-09,401705730,new,0.0,True,False,32000
2024-25,2025-04-09,401705729,old,0.0049504081519396535,True,False,32000
2024-25,2025-04-09,401705729,new,0.005400062304172044,True,False,32000
2024-25,2025-04-09,401705731,old,0.005767611796048242,True,False,32000
2024-25,2025-04-09,401705731,new,0.0066781068952039765,True,False,32000
2024-25,2025-04-09,401705732,old,0.00492026738701871,True,False,32000
2024-25,2025-04-09,401705732,new,0.007317082470916193,True,False,32000
2024-25,2025-04-10,401705733,old,0.0007290640365896665,True,False,32000
2024-25,2025-04-10,401705733,new,0.0007286791872689639,True,False,32000
2024-25,2025-04-10,401705734,old,0.0019856835128808296,True,False,32000
2024-25,2025-04-10,401705734,new,0.0019041718075251473,True,False,32000
2024-25,2025-04-10,401705735,old,0.004249419847947813,True,False,32000
2024-25,2025-04-10,401705735,new,0.005176406388734719,True,False,32000
2024-25,2025-04-10,401705727,old,0.0010679787665780801,True,False,32000
2024-25,2025-04-10,401705727,new,0.0006883467010049183,True,False,32000
2024-25,2025-04-10,401705736,old,0.004430608400344169,True,False,32000
2024-25,2025-04-10,401705736,new,0.007075761677358413,True,False,32000
2024-25,2025-04-11,401705739,old,0.004442753816978363,True,False,32000
2024-25,2025-04-11,401705739,new,0.004499173086685117,True,False,32000
2024-25,2025-04-11,401705738,old,0.0017767524807953993,False,False,32000
2024-25,2025-04-11,401705738,new,0.0014461591959560494,False,False,32000
2024-25,2025-04-11,401705737,old,0.0017751693195609483,True,False,32000
2024-25,2025-04-11,401705737,new,0.00129872233188812,True,False,32000
2024-25,2025-04-11,401705740,old,0.0,True,False,32000
2024-25,2025-04-11,401705740,new,0.0,True,False,32000
2024-25,2025-04-11,401705741,old,0.001157596993817503,True,False,32000
2024-25,2025-04-11,401705741,new,0.001157596993817503,True,False,32000
2024-25,2025-04-11,401705743,old,0.0007604832534042529,True,False,32000
2024-25,2025-04-11,401705743,new,0.0006897752294380463,True,False,32000
2024-25,2025-04-11,401705742,old,0.002133100522265068,True,False,32000
2024-25,2025-04-11,401705742,new,0.0009399873694829296,True,False,32000
2024-25,2025-04-11,401705744,old,0.002586123125362221,False,False,32000
2024-25,2025-04-11,401705744,new,0.0,False,False,32000
2024-25,2025-04-11,401705745,old,0.005524557011212766,True,False,32000
2024-25,2025-04-11,401705745,new,0.009176960323969209,True,False,32000
2024-25,2025-04-11,401705746,old,0.004831950943486566,True,False,32000
2024-25,2025-04-11,401705746,new,0.006653197092706483,True,False,32000
2024-25,2025-04-11,401705747,old,0.00010862636848336645,True,False,32000
2024-25,2025-04-11,401705747,new,0.0,True,False,32000
2024-25,2025-04-11,401705748,old,0.0015445898274655348,True,False,32000
2024-25,2025-04-11,401705748,new,0.0,True,False,32000
2024-25,2025-04-11,401705749,old,0.005547036144220659,True,False,32000
2024-25,2025-04-11,401705749,new,0.00577838714970227,True,False,32000
2024-25,2025-04-11,401705750,old,0.006155203257001426,True,False,32000
2024-25,2025-04-11,401705750,new,0.006326456360718198,True,False,32000
2024-25,2025-04-11,401705751,old,0.00315698124037934,True,False,32000
2024-25,2025-04-11,401705751,new,0.003132196746312376,True,False,32000
2024-25,2025-04-13,401705752,old,0.0019790352190390205,True,False,32000
2024-25,2025-04-13,401705752,new,0.0,True,False,32000
2024-25,2025-04-13,401705757,old,0.003781473407596538,True,False,32000
2024-25,2025-04-13,401705757,new,0.0,True,False,32000
2024-25,2025-04-13,401705753,old,0.0,True,False,32000
2024-25,2025-04-13,401705753,new,0.0,True,False,32000
2024-25,2025-04-13,401705756,old,0.0004823430148298783,True,False,32000
2024-25,2025-04-13,401705756,new,0.0,True,False,32000
2024-25,2025-04-13,401705754,old,0.0013734605698301479,False,False,32000
2024-25,2025-04-13,401705754,new,0.0013734605698301479,False,False,32000
2024-25,2025-04-13,401705758,old,0.0015208974879738536,True,False,32000
2024-25,2025-04-13,401705758,new,0.0008818888322454802,True,False,32000
2024-25,2025-04-13,401705755,old,0.0024641317638667217,True,False,32000
2024-25,2025-04-13,401705755,new,0.002396320815228518,True,False,32000
2024-25,2025-04-13,401705766,old,0.007073976642579511,True,False,32000
2024-25,2025-04-13,401705766,new,0.0,True,False,32000
2024-25,2025-04-13,401705760,old,0.0064730893382295715,True,False,32000
2024-25,2025-04-13,401705760,new,0.0003714719735447997,True,False,32000
2024-25,2025-04-13,401705761,old,0.0033836430158516264,True,False,32000
2024-25,2025-04-13,401705761,new,0.006754287881835114,True,False,32000
2024-25,2025-04-13,401705765,old,0.0031519548294372903,True,False,32000
2024-25,2025-04-13,401705765,new,0.002725908239452361,True,False,32000
2024-25,2025-04-13,401705759,old,0.0060529232622420475,True,False,32000
2024-25,2025-04-13,401705759,new,0.008584556880322733,True,False,32000
2024-25,2025-04-13,401705762,old,0.0,True,False,32000
2024-25,2025-04-13,401705762,new,0.0,True,False,32000
2024-25,2025-04-13,401705763,old,0.0,False,False,32000
2024-25,2025-04-13,401705763,new,0.0,False,False,32000
2024-25,2025-04-13,401705764,old,0.007483981356165205,True,False,32000
2024-25,2025-04-13,401705764,new,0.009306229840877483,True,False,32000
2025-26,2026-02-19,401810648,old,0.0015636813885550758,True,True,32000
2025-26,2026-02-19,401810648,new,0.0013759372046359731,True,True,32000
2025-26,2026-02-19,401810647,old,0.0023617625555898344,True,True,32000
2025-26,2026-02-19,401810647,new,0.002280486785614167,True,True,32000
2025-26,2026-02-19,401810650,old,0.0006162542614023765,True,True,32000
2025-26,2026-02-19,401810650,new,0.0007869614604804631,True,True,32000
2025-26,2026-02-19,401810649,old,0.0023063142803522205,True,True,32000
2025-26,2026-02-19,401810649,new,0.002165033344119651,True,True,32000
2025-26,2026-02-19,401810651,old,0.0009018274767571009,True,True,32000
2025-26,2026-02-19,401810651,new,0.0008875078373075399,True,True,32000
2025-26,2026-02-19,401810652,old,0.0005430132394758403,False,True,32000
2025-26,2026-02-19,401810652,new,0.0007219797197985685,False,True,32000
2025-26,2026-02-19,401810653,old,0.002778698648560144,True,True,32000
2025-26,2026-02-19,401810653,new,0.003772905125985539,True,True,32000
2025-26,2026-02-19,401810655,old,0.0014073310150345768,True,True,32000
2025-26,2026-02-19,401810655,new,0.002073033783582942,True,True,32000
2025-26,2026-02-19,401810654,old,0.0016591305082449145,False,True,32000
2025-26,2026-02-19,401810654,new,0.0017900439433129096,False,True,32000
2025-26,2026-02-19,401810656,old,0.002391020941497541,True,True,32000
2025-26,2026-02-19,401810656,new,0.002808236048567509,True,True,32000
2025-26,2026-02-20,401810658,old,0.0006688874385943421,True,False,32000
2025-26,2026-02-20,401810658,new,0.0009754060648408661,True,False,32000
2025-26,2026-02-20,401810659,old,0.0010841097882150032,True,False,32000
2025-26,2026-02-20,401810659,new,0.0002003611852764476,True,False,32000
2025-26,2026-02-20,401810657,old,0.0016281608417680151,True,False,32000
2025-26,2026-02-20,401810657,new,0.0016157272304571692,True,False,32000
2025-26,2026-02-20,401810660,old,0.001292420342487737,True,False,32000
2025-26,2026-02-20,401810660,new,0.0017625558103216538,True,False,32000
2025-26,2026-02-20,401810661,old,0.001759639136877464,True,False,32000
2025-26,2026-02-20,401810661,new,0.0013167844614589439,True,False,32000
2025-26,2026-02-20,401810662,old,0.000815711816673426,True,False,32000
2025-26,2026-02-20,401810662,new,0.0010060221849310135,True,False,32000
2025-26,2026-02-20,401810663,old,0.0006913906598857799,True,False,32000
2025-26,2026-02-20,401810663,new,0.0008109530189478091,True,False,32000
2025-26,2026-02-20,401810665,old,0.0010589967812780262,True,False,32000
2025-26,2026-02-20,401810665,new,0.0011263071915601935,True,False,32000
2025-26,2026-02-20,401810664,old,0.0020751448104151444,True,False,32000
2025-26,2026-02-20,401810664,new,0.002962917148620878,True,False,32000
2025-26,2026-02-21,401810666,old,0.0017184037045633999,True,True,8000
2025-26,2026-02-21,401810666,new,0.002848872997195762,True,True,8000
2025-26,2026-02-21,401810667,old,0.0018385860914993098,True,True,8000
2025-26,2026-02-21,401810667,new,0.002413547518889911,True,True,8000
2025-26,2026-02-21,401810669,old,0.0004843169891968987,True,True,8000
2025-26,2026-02-21,401810669,new,0.0004001693378559318,True,True,8000
2025-26,2026-02-21,401810670,old,0.00043919335527166625,True,True,8000
2025-26,2026-02-21,401810670,new,0.0003257389196763596,True,True,8000
2025-26,2026-02-21,401810668,old,0.0005999753572396874,True,True,8000
2025-26,2026-02-21,401810668,new,0.0010469633349809867,True,True,8000
2025-26,2026-02-21,401810671,old,0.0009804509920181526,True,True,8000
2025-26,2026-02-21,401810671,new,0.0009874923130138344,True,True,8000
2025-26,2026-02-22,401810672,old,0.0014867964955632255,True,True,32000
2025-26,2026-02-22,401810672,new,0.0013765106793659377,True,True,32000
2025-26,2026-02-22,401810673,old,0.001783691115178107,True,True,32000
2025-26,2026-02-22,401810673,new,0.00227413742250154,True,True,32000
2025-26,2026-02-22,401810674,old,0.000489647479600553,True,True,32000
2025-26,2026-02-22,401810674,new,0.0005835321750632359,True,True,32000
2025-26,2026-02-22,401810675,old,0.001239880979472602,False,True,32000
2025-26,2026-02-22,401810675,new,0.0014763306820536578,False,True,32000
2025-26,2026-02-22,401810676,old,0.0007239670795230258,True,True,32000
2025-26,2026-02-22,401810676,new,0.0004985869165152664,True,True,32000
2025-26,2026-02-22,401810677,old,0.00122479895067119,True,True,32000
2025-26,2026-02-22,401810677,new,0.0010326878407594731,True,True,32000
2025-26,2026-02-22,401810678,old,0.0001088836238751709,False,True,32000
2025-26,2026-02-22,401810678,new,0.00030631772227495145,False,True,32000
2025-26,2026-02-22,401810679,old,0.0017349710928737782,True,True,32000
2025-26,2026-02-22,401810679,new,0.0019747901883847992,True,True,32000
2025-26,2026-02-22,401810681,old,0.002738874761494975,True,True,32000
2025-26,2026-02-22,401810681,new,0.003247076294989283,True,True,32000
2025-26,2026-02-22,401810680,old,0.0006436336239168162,False,True,32000
2025-26,2026-02-22,401810680,new,0.0005025875905135458,False,True,32000
2025-26,2026-02-22,401810682,old,0.0029865800180051655,True,True,32000
2025-26,2026-02-22,401810682,new,0.00476172000646375,True,True,32000
2025-26,2026-02-23,401810683,old,0.0006994111768458625,True,True,32000
2025-26,2026-02-23,401810683,new,0.0006965921340258493,True,True,32000
2025-26,2026-02-23,401810684,old,0.0004085249736663264,True,True,32000
2025-26,2026-02-23,401810684,new,0.0,True,True,32000
2025-26,2026-02-23,401810685,old,0.0021098003804031406,True,True,32000
2025-26,2026-02-23,401810685,new,0.0016041946715451617,True,True,32000
2025-26,2026-02-24,401810686,old,0.0018018494206537932,True,False,32000
2025-26,2026-02-24,401810686,new,0.0025837379166263907,True,False,32000
2025-26,2026-02-24,401810687,old,0.0019832732315276124,True,False,32000
2025-26,2026-02-24,401810687,new,0.002277615074103123,True,False,32000
2025-26,2026-02-24,401810688,old,0.00035553923569177197,False,False,32000
2025-26,2026-02-24,401810688,new,0.0002601023690644285,False,False,32000
2025-26,2026-02-24,401810689,old,0.0010304361856496905,True,False,32000
2025-26,2026-02-24,401810689,new,0.0007908319164444104,True,False,32000
2025-26,2026-02-24,401810690,old,0.0009198256688179007,True,False,32000
2025-26,2026-02-24,401810690,new,0.0009175454190183259,True,False,32000
2025-26,2026-02-24,401810691,old,0.0004507235887896001,False,False,32000
2025-26,2026-02-24,401810691,new,0.0005462983530188364,False,False,32000
2025-26,2026-02-24,401810692,old,0.0003244844799975433,True,False,32000
2025-26,2026-02-24,401810692,new,0.0009512861785768658,True,False,32000
2025-26,2026-02-24,401810693,old,0.0023815007960666266,True,False,32000
2025-26,2026-02-24,401810693,new,0.0021732853315216674,True,False,32000
2025-26,2026-02-24,401810694,old,0.00254768709435715,True,False,32000
2025-26,2026-02-24,401810694,new,0.0037157631668088527,True,False,32000
2025-26,2026-02-24,401810696,old,0.0021571865332284538,True,False,32000
2025-26,2026-02-24,401810696,new,0.0022919384692565415,True,False,32000
2025-26,2026-02-24,401810695,old,0.0016877626000670457,True,False,32000
2025-26,2026-02-24,401810695,new,0.0023274499189366053,True,False,32000
2025-26,2026-02-25,401810699,old,0.0019341602894327775,True,True,32000
2025-26,2026-02-25,401810699,new,0.0013254367317818952,True,True,32000
2025-26,2026-02-25,401810697,old,0.0008122594667642477,True,True,32000
2025-26,2026-02-25,401810697,new,0.0008102678566032177,True,True,32000
2025-26,2026-02-25,401810698,old,0.0007778805539705014,True,True,32000
2025-26,2026-02-25,401810698,new,0.0010252029311746146,True,True,32000
2025-26,2026-02-25,401810700,old,0.001241854632167353,True,True,32000
2025-26,2026-02-25,401810700,new,0.0012634445513201823,True,True,32000
2025-26,2026-02-25,401810701,old,0.0013716752773634499,True,True,32000
2025-26,2026-02-25,401810701,new,0.0011922916275316174,True,True,32000
2025-26,2026-02-25,401810702,old,0.0001297250013505972,False,True,32000
2025-26,2026-02-25,401810702,new,0.00016466539860970791,False,True,32000
2025-26,2026-02-26,401810703,old,0.0009711565576483651,True,False,32000
2025-26,2026-02-26,401810703,new,0.0016127592821345755,True,False,32000
2025-26,2026-02-26,401810704,old,0.0012040722733615836,True,False,32000
2025-26,2026-02-26,401810704,new,0.0009634320780845918,True,False,32000
2025-26,2026-02-26,401810705,old,0.0020540056090871347,True,False,32000
2025-26,2026-02-26,401810705,new,0.002564549321519637,True,False,32000
2025-26,2026-02-26,401810706,old,0.0005857085010154971,True,False,32000
2025-26,2026-02-26,401810706,new,0.0008353720445301867,True,False,32000
2025-26,2026-02-26,401810707,old,0.0030446407420864252,True,False,32000
2025-26,2026-02-26,401810707,new,0.003932708749455049,True,False,32000
2025-26,2026-02-26,401810708,old,0.00038792403008810827,False,False,32000
2025-26,2026-02-26,401810708,new,0.0004318035229552325,False,False,32000
2025-26,2026-02-26,401810709,old,0.0004693242405541379,False,False,32000
2025-26,2026-02-26,401810709,new,0.0,False,False,32000
2025-26,2026-02-26,401810711,old,0.000992357936223201,True,False,32000
2025-26,2026-02-26,401810711,new,0.00032106255348736753,True,False,32000
2025-26,2026-02-26,401810710,old,0.0021128528695696877,True,False,32000
2025-26,2026-02-26,401810710,new,0.002990621821778877,True,False,32000
2025-26,2026-02-26,401810712,old,0.0024136209326261807,True,False,32000
2025-26,2026-02-26,401810712,new,0.002519013457189277,True,False,32000
2025-26,2026-02-27,401810714,old,0.0003834698625603585,False,True,8000
2025-26,2026-02-27,401810714,new,0.0005524548369552568,False,True,8000
2025-26,2026-02-27,401810715,old,0.0012724547803332953,True,True,8000
2025-26,2026-02-27,401810715,new,0.0013232298855927506,True,True,8000
2025-26,2026-02-27,401810713,old,0.001710849944870393,True,True,8000
2025-26,2026-02-27,401810713,new,0.0017028951771585145,True,True,8000
2025-26,2026-02-27,401810716,old,0.0,True,True,8000
2025-26,2026-02-27,401810716,new,0.0,True,True,8000
2025-26,2026-02-27,401810717,old,0.0009707609308558753,True,True,8000
2025-26,2026-02-27,401810717,new,0.0009989202524582814,True,True,8000
2025-26,2026-02-28,401810718,old,0.0013391818677848141,True,False,32000
2025-26,2026-02-28,401810718,new,0.002038297723435632,True,False,32000
2025-26,2026-02-28,401810719,old,0.002062839613352395,True,False,32000
2025-26,2026-02-28,401810719,new,0.002506271049609487,True,False,32000
2025-26,2026-02-28,401810720,old,0.0006446264383909878,True,False,32000
2025-26,2026-02-28,401810720,new,0.0014054890780659639,True,False,32000
2025-26,2026-02-28,401810721,old,0.001206562682468408,False,False,32000
2025-26,2026-02-28,401810721,new,0.001620943651540728,False,False,32000
2025-26,2026-02-28,401810722,old,0.0009835320558412713,True,False,32000
2025-26,2026-02-28,401810722,new,0.0004259377197121327,True,False,32000
2025-26,2026-03-01,401810723,old,0.0010191371896596242,True,False,32000
2025-26,2026-03-01,401810723,new,0.0010189831079764988,True,False,32000
2025-26,2026-03-01,401810725,old,0.0004812490099982123,True,False,32000
2025-26,2026-03-01,401810725,new,0.0006809164868171527,True,False,32000
2025-26,2026-03-01,401810726,old,0.0003890471107114549,True,False,32000
2025-26,2026-03-01,401810726,new,0.00036342557011002436,True,False,32000
2025-26,2026-03-01,401810724,old,0.0015650013897316663,True,False,32000
2025-26,2026-03-01,401810724,new,0.0017013135601079803,True,False,32000
2025-26,2026-03-01,401810727,old,0.00034960608407256415,True,False,32000
2025-26,2026-03-01,401810727,new,0.0010236936318790547,True,False,32000
2025-26,2026-03-01,401810728,old,0.002237191183414413,True,False,32000
2025-26,2026-03-01,401810728,new,0.0032629901800209546,True,False,32000
2025-26,2026-03-01,401810730,old,0.002166991900951371,True,False,32000
2025-26,2026-03-01,401810730,new,0.002950237222396761,True,False,32000
2025-26,2026-03-01,401810731,old,0.0004035752772084343,True,False,32000
2025-26,2026-03-01,401810731,new,0.0002829144855750738,True,False,32000
2025-26,2026-03-01,401810729,old,0.001960583958157016,True,False,32000
2025-26,2026-03-01,401810729,new,0.002297952033566235,True,False,32000
2025-26,2026-03-01,401810732,old,0.0026703045908453432,True,False,32000
2025-26,2026-03-01,401810732,new,0.002029763066549129,True,False,32000
2025-26,2026-03-01,401810733,old,0.0005617945767901858,False,False,32000
2025-26,2026-03-01,401810733,new,0.0012384152585357953,False,False,32000
2025-26,2026-03-02,401810734,old,0.0012600857171293203,True,True,32000
2025-26,2026-03-02,401810734,new,0.0025371181625326628,True,True,32000
2025-26,2026-03-02,401810735,old,0.0006310125864565688,True,True,32000
2025-26,2026-03-02,401810735,new,0.0007077895856440752,True,True,32000
2025-26,2026-03-02,401810736,old,0.0007134417213027047,True,True,32000
2025-26,2026-03-02,401810736,new,0.00110146825255974,True,True,32000
2025-26,2026-03-02,401810737,old,0.0014003450552664192,True,True,32000
2025-26,2026-03-02,401810737,new,0.0017914389631079552,True,True,32000
2025-26,2026-03-03,401810740,old,0.0016710830120381522,True,True,32000
2025-26,2026-03-03,401810740,new,0.003175019435462178,True,True,32000
2025-26,2026-03-03,401810738,old,0.0007937227263423301,False,True,32000
2025-26,2026-03-03,401810738,new,0.0008983829330726766,False,True,32000
2025-26,2026-03-03,401810739,old,0.0017259598595017209,True,True,32000
2025-26,2026-03-03,401810739,new,0.0017212997877605932,True,True,32000
2025-26,2026-03-03,401810742,old,0.0005711766558050601,False,True,32000
2025-26,2026-03-03,401810742,new,0.000809887463278162,False,True,32000
2025-26,2026-03-03,401810741,old,0.0008237286902533982,False,True,32000
2025-26,2026-03-03,401810741,new,0.0018262671553515664,False,True,32000
2025-26,2026-03-03,401810744,old,0.0007472320061590643,True,True,32000
2025-26,2026-03-03,401810744,new,0.0005719769848860442,True,True,32000
2025-26,2026-03-03,401810745,old,0.0012211897542187924,True,True,32000
2025-26,2026-03-03,401810745,new,0.0012772542233277608,True,True,32000
2025-26,2026-03-03,401810743,old,0.0019732446833982454,True,True,32000
2025-26,2026-03-03,401810743,new,0.002314582040747932,True,True,32000
2025-26,2026-03-03,401810746,old,0.0011131207499356557,True,True,32000
2025-26,2026-03-03,401810746,new,0.0007486425120064008,True,True,32000
2025-26,2026-03-03,401810747,old,0.0017717012576352678,True,True,32000
2025-26,2026-03-03,401810747,new,0.003064844706408378,True,True,32000
2025-26,2026-03-04,401810748,old,0.001011584054898319,True,False,32000
2025-26,2026-03-04,401810748,new,0.001009082515850741,True,False,32000
2025-26,2026-03-04,401810749,old,0.0009384783145386645,False,False,32000
2025-26,2026-03-04,401810749,new,0.0010912099865756065,False,False,32000
2025-26,2026-03-04,401810750,old,0.0021593248657593676,True,False,32000
2025-26,2026-03-04,401810750,new,0.0020858574040474266,True,False,32000
2025-26,2026-03-04,401810751,old,0.0009598489743043883,True,False,32000
2025-26,2026-03-04,401810751,new,0.0009790667333489968,True,False,32000
2025-26,2026-03-04,401810752,old,0.0016497520126752614,True,False,32000
2025-26,2026-03-04,401810752,new,0.0023727101058864434,True,False,32000
2025-26,2026-03-04,401810753,old,0.0021354529363635027,True,False,32000
2025-26,2026-03-04,401810753,new,0.0030895610836897537,True,False,32000
2025-26,2026-03-05,401810755,old,0.00030643352144724535,True,True,32000
2025-26,2026-03-05,401810755,new,0.001403519729079163,True,True,32000
2025-26,2026-03-05,401810754,old,0.0020510307168145297,True,True,32000
2025-26,2026-03-05,401810754,new,0.0025774320887099636,True,True,32000
2025-26,2026-03-05,401810756,old,0.000982777864628056,False,True,32000
2025-26,2026-03-05,401810756,new,0.0019641179793850223,False,True,32000
2025-26,2026-03-05,401810757,old,0.0026054694373024425,True,True,32000
2025-26,2026-03-05,401810757,new,0.0026880277907205515,True,True,32000
2025-26,2026-03-05,401810758,old,0.0012232362683908986,True,True,32000
2025-26,2026-03-05,401810758,new,0.0012786698724805707,True,True,32000
2025-26,2026-03-05,401810759,old,0.0008575758169659783,True,True,32000
2025-26,2026-03-05,401810759,new,0.0008548818549182578,True,True,32000
2025-26,2026-03-05,401810760,old,0.0018619171102684776,True,True,32000
2025-26,2026-03-05,401810760,new,0.002661437536081842,True,True,32000
2025-26,2026-03-05,401810762,old,0.00038616071204572303,True,True,32000
2025-26,2026-03-05,401810762,new,0.00039565694418387695,True,True,32000
2025-26,2026-03-05,401810761,old,0.0,False,True,32000
2025-26,2026-03-05,401810761,new,0.0,False,True,32000
2025-26,2026-03-06,401810763,old,0.0007138026409042991,False,False,32000
2025-26,2026-03-06,401810763,new,0.0005412047925167884,False,False,32000
2025-26,2026-03-06,401810764,old,0.0,False,False,32000
2025-26,2026-03-06,401810764,new,0.0,False,False,32000
2025-26,2026-03-06,401810765,old,0.002849202069291725,True,False,32000
2025-26,2026-03-06,401810765,new,0.002849749632429451,True,False,32000
2025-26,2026-03-06,401810766,old,0.0,False,False,32000
2025-26,2026-03-06,401810766,new,0.0001296241521057588,False,False,32000
2025-26,2026-03-06,401810767,old,0.002875743540698214,True,False,32000
2025-26,2026-03-06,401810767,new,0.0027297272777349973,True,False,32000
2025-26,2026-03-06,401810768,old,0.003018913161643398,True,False,32000
2025-26,2026-03-06,401810768,new,0.0035571039583495545,True,False,32000
2025-26,2026-03-06,401810769,old,0.000533974272227679,True,False,32000
2025-26,2026-03-06,401810769,new,0.0012719669906123326,True,False,32000
2025-26,2026-03-07,401810770,old,0.0030222779908389173,True,True,32000
2025-26,2026-03-07,401810770,new,0.0037038509825505057,True,True,32000
2025-26,2026-03-07,401810772,old,0.0025867207956236835,True,True,32000
2025-26,2026-03-07,401810772,new,0.0030491930565397112,True,True,32000
2025-26,2026-03-07,401810771,old,0.000617791069339735,True,True,32000
2025-26,2026-03-07,401810771,new,0.0010829659351461911,True,True,32000
2025-26,2026-03-07,401810774,old,0.0007370104239585746,True,True,32000
2025-26,2026-03-07,401810774,new,0.00024068546712971068,True,True,32000
2025-26,2026-03-07,401810773,old,0.002125981669281522,True,True,32000
2025-26,2026-03-07,401810773,new,0.002379190711241875,True,True,32000
2025-26,2026-03-07,401810775,old,0.0017408404485377699,True,True,32000
2025-26,2026-03-07,401810775,new,0.0014407088627809894,True,True,32000
2025-26,2026-03-08,401810776,old,0.0009577432282302263,True,False,32000
2025-26,2026-03-08,401810776,new,0.000957493074337225,True,False,32000
2025-26,2026-03-08,401810777,old,0.00030299302243308376,False,False,32000
2025-26,2026-03-08,401810777,new,0.0007128495099727463,False,False,32000
2025-26,2026-03-08,401810779,old,0.0010804080922177854,False,False,32000
2025-26,2026-03-08,401810779,new,0.0013753313126067255,False,False,32000
2025-26,2026-03-08,401810778,old,0.0015224514116995414,True,False,32000
2025-26,2026-03-08,401810778,new,0.002105684217618577,True,False,32000
2025-26,2026-03-08,401810780,old,0.0005311574306048425,True,False,32000
2025-26,2026-03-08,401810780,new,0.0007562634722344589,True,False,32000
2025-26,2026-03-08,401810781,old,0.0020413160246649104,True,False,32000
2025-26,2026-03-08,401810781,new,0.0029364815589951526,True,False,32000
2025-26,2026-03-08,401810782,old,0.0018975208404343226,True,False,32000
2025-26,2026-03-08,401810782,new,0.0019021698157886367,True,False,32000
2025-26,2026-03-08,401810784,old,0.0011906294492838828,True,False,32000
2025-26,2026-03-08,401810784,new,0.0011297237580628165,True,False,32000
2025-26,2026-03-08,401810785,old,0.0,False,False,32000
2025-26,2026-03-08,401810785,new,0.0002538196578040648,False,False,32000
2025-26,2026-03-08,401810783,old,0.000987263530979087,True,False,32000
2025-26,2026-03-08,401810783,new,0.0028216729107727366,True,False,32000
2025-26,2026-03-09,401810786,old,0.003148873513293926,True,True,32000
2025-26,2026-03-09,401810786,new,0.0036491712886048073,True,True,32000
2025-26,2026-03-09,401810787,old,0.00010752672649890364,True,True,32000
2025-26,2026-03-09,401810787,new,0.0004929283402653428,True,True,32000
2025-26,2026-03-09,401810788,old,0.0010694732651744339,True,True,32000
2025-26,2026-03-09,401810788,new,0.0012304821719473621,True,True,32000
2025-26,2026-03-09,401810789,old,0.0012347473065833204,True,True,32000
2025-26,2026-03-09,401810789,new,0.0014709008861288413,True,True,32000
2025-26,2026-03-09,401810790,old,0.002729786282085066,True,True,32000
2025-26,2026-03-09,401810790,new,0.0032230988196847938,True,True,32000
2025-26,2026-03-10,401810791,old,0.0014743849261891647,True,False,32000
2025-26,2026-03-10,401810791,new,0.001785570356003276,True,False,32000
2025-26,2026-03-10,401810794,old,0.002177188998535016,True,False,32000
2025-26,2026-03-10,401810794,new,0.0027594052239284872,True,False,32000
2025-26,2026-03-10,401810793,old,0.0009430282349399214,True,False,32000
2025-26,2026-03-10,401810793,new,0.0017317739506465604,True,False,32000
2025-26,2026-03-10,401810792,old,0.000629704819958923,True,False,32000
2025-26,2026-03-10,401810792,new,0.0008698718414592883,True,False,32000
2025-26,2026-03-10,401810796,old,0.0022564694767270395,True,False,32000
2025-26,2026-03-10,401810796,new,0.002585652861586555,True,False,32000
2025-26,2026-03-10,401810795,old,0.0021327084739989,True,False,32000
2025-26,2026-03-10,401810795,new,0.0025287536920200913,True,False,32000
2025-26,2026-03-10,401810797,old,0.0004239916858570696,True,False,32000
2025-26,2026-03-10,401810797,new,0.0004239916858570696,True,False,32000
2025-26,2026-03-10,401810799,old,0.0006333884152158588,True,False,32000
2025-26,2026-03-10,401810799,new,0.0013637628696889343,True,False,32000
2025-26,2026-03-10,401810800,old,0.0,True,False,32000
2025-26,2026-03-10,401810800,new,0.00015506421513465494,True,False,32000
2025-26,2026-03-10,401810798,old,0.0007814914197044134,False,False,32000
2025-26,2026-03-10,401810798,new,0.0005604564003513883,False,False,32000
2025-26,2026-03-10,401810801,old,0.0006948699163073121,True,False,32000
2025-26,2026-03-10,401810801,new,0.0007899187951824133,True,False,32000
2025-26,2026-03-11,401810802,old,0.0034430182850823075,True,False,32000
2025-26,2026-03-11,401810802,new,0.004119237737858981,True,False,32000
2025-26,2026-03-11,401810803,old,0.0018145437143129554,True,False,32000
2025-26,2026-03-11,401810803,new,0.0015770061170320981,True,False,32000
2025-26,2026-03-11,401810804,old,0.0014326047970513248,True,False,32000
2025-26,2026-03-11,401810804,new,0.0008107421604462096,True,False,32000
2025-26,2026-03-11,401810806,old,0.0004726019219755784,False,False,32000
2025-26,2026-03-11,401810806,new,0.000934237222304658,False,False,32000
2025-26,2026-03-11,401810805,old,0.001197162154749041,True,False,32000
2025-26,2026-03-11,401810805,new,0.0015642318471638527,True,False,32000
2025-26,2026-03-11,401810807,old,0.0026130753170724268,True,False,32000
2025-26,2026-03-11,401810807,new,0.00310687300677012,True,False,32000
2025-26,2026-03-12,401810809,old,0.0022490242381082814,True,True,32000
2025-26,2026-03-12,401810809,new,0.0031238653989690487,True,True,32000
2025-26,2026-03-12,401810808,old,0.0022099748166711022,True,True,32000
2025-26,2026-03-12,401810808,new,0.0027525537384873794,True,True,32000
2025-26,2026-03-12,401810810,old,0.002116490352269276,True,True,32000
2025-26,2026-03-12,401810810,new,0.003279476364974969,True,True,32000
2025-26,2026-03-12,401810811,old,0.002002272363318055,True,True,32000
2025-26,2026-03-12,401810811,new,0.003459248000637958,True,True,32000
2025-26,2026-03-12,401810812,old,0.001434424636396456,True,True,32000
2025-26,2026-03-12,401810812,new,0.0016272711473534188,True,True,32000
2025-26,2026-03-12,401810966,old,0.0,True,True,32000
2025-26,2026-03-12,401810966,new,0.0,True,True,32000
2025-26,2026-03-12,401810813,old,0.0011916773881388322,True,True,32000
2025-26,2026-03-12,401810813,new,0.0013534644679771752,True,True,32000
2025-26,2026-03-12,401810814,old,0.0004754079478704532,True,True,32000
2025-26,2026-03-12,401810814,new,0.0004754079478704532,True,True,32000
2025-26,2026-03-12,401810815,old,0.0008804226049166832,False,True,32000
2025-26,2026-03-12,401810815,new,0.0011957417616347168,False,True,32000
2025-26,2026-03-13,401810816,old,0.0008673195374012197,True,False,32000
2025-26,2026-03-13,401810816,new,0.000369958435196723,True,False,32000
2025-26,2026-03-13,401810820,old,0.0027810758990434764,True,False,32000
2025-26,2026-03-13,401810820,new,0.0020647829269683908,True,False,32000
2025-26,2026-03-13,401810817,old,0.0008181154832541238,True,False,32000
2025-26,2026-03-13,401810817,new,0.000818176041058825,True,False,32000
2025-26,2026-03-13,401810818,old,0.0023875958349657894,True,False,32000
2025-26,2026-03-13,401810818,new,0.004204785197246705,True,False,32000
2025-26,2026-03-13,401810819,old,0.0027805011438532057,True,False,32000
2025-26,2026-03-13,401810819,new,0.0021631610824363007,True,False,32000
2025-26,2026-03-13,401810822,old,0.0011046152424298988,True,False,32000
2025-26,2026-03-13,401810822,new,0.00047050715115360846,True,False,32000
2025-26,2026-03-13,401810821,old,0.001376704825324616,True,False,32000
2025-26,2026-03-13,401810821,new,0.0016368244236106735,True,False,32000
2025-26,2026-03-13,401810823,old,0.0015125376601958511,True,False,32000
2025-26,2026-03-13,401810823,new,0.0016756976165300378,True,False,32000
2025-26,2026-03-14,401810824,old,0.0011633917220772248,True,True,32000
2025-26,2026-03-14,401810824,new,0.00214075084295407,True,True,32000
2025-26,2026-03-14,401810825,old,0.0020951487409764267,True,True,32000
2025-26,2026-03-14,401810825,new,0.0032326529317343636,True,True,32000
2025-26,2026-03-14,401810828,old,0.0006161712893122254,True,True,32000
2025-26,2026-03-14,401810828,new,0.0011067616743745952,True,True,32000
2025-26,2026-03-14,401810826,old,0.00043134397654235376,True,True,32000
2025-26,2026-03-14,401810826,new,0.0008869021242221837,True,True,32000
2025-26,2026-03-14,401810827,old,0.0014325287022796391,True,True,32000
2025-26,2026-03-14,401810827,new,0.0019452774712466084,True,True,32000
2025-26,2026-03-14,401810829,old,0.0,False,True,32000
2025-26,2026-03-14,401810829,new,0.0001466190762283955,False,True,32000
2025-26,2026-03-14,401810830,old,0.0019491206765288802,True,True,32000
2025-26,2026-03-14,401810830,new,0.002383671176970683,True,True,32000
2025-26,2026-03-15,401810831,old,0.0016718513032535798,True,False,32000
2025-26,2026-03-15,401810831,new,0.00191151866033619,True,False,32000
2025-26,2026-03-15,401810834,old,0.0002094797737861592,True,False,32000
2025-26,2026-03-15,401810834,new,0.0,True,False,32000
2025-26,2026-03-15,401810832,old,0.002719134440050921,True,False,32000
2025-26,2026-03-15,401810832,new,0.0020802899563695733,True,False,32000
2025-26,2026-03-15,401810833,old,0.0015369345047359078,True,False,32000
2025-26,2026-03-15,401810833,new,0.0021519860371343276,True,False,32000
2025-26,2026-03-15,401810835,old,0.0021544188311795284,True,False,32000
2025-26,2026-03-15,401810835,new,0.002983476359342375,True,False,32000
2025-26,2026-03-15,401810836,old,0.0016507846401906852,False,False,32000
2025-26,2026-03-15,401810836,new,0.0012372266563300943,False,False,32000
2025-26,2026-03-15,401810837,old,0.0005920931365327991,True,False,32000
2025-26,2026-03-15,401810837,new,0.0003102126263602404,True,False,32000
2025-26,2026-03-16,401810839,old,0.0002901710688774823,True,True,32000
2025-26,2026-03-16,401810839,new,0.0004398476012671032,True,True,32000
2025-26,2026-03-16,401810838,old,0.0029121683836375355,True,True,32000
2025-26,2026-03-16,401810838,new,0.00460524450083029,True,True,32000
2025-26,2026-03-16,401810840,old,0.0007277459579693972,True,True,32000
2025-26,2026-03-16,401810840,new,0.0005024099628851052,True,True,32000
2025-26,2026-03-16,401810841,old,0.0022760248249451367,True,True,32000
2025-26,2026-03-16,401810841,new,0.002912943857327936,True,True,32000
2025-26,2026-03-16,401810843,old,0.0004322563904194792,True,True,32000
2025-26,2026-03-16,401810843,new,0.0,True,True,32000
2025-26,2026-03-16,401810842,old,0.00024649701316512473,True,True,32000
2025-26,2026-03-16,401810842,new,0.0,True,True,32000
2025-26,2026-03-16,401810844,old,0.0012904318082926068,True,True,32000
2025-26,2026-03-16,401810844,new,0.00130297491108291,True,True,32000
2025-26,2026-03-16,401810845,old,0.0015804201331382516,True,True,32000
2025-26,2026-03-16,401810845,new,0.0017838398301623537,True,True,32000
2025-26,2026-03-17,401810848,old,0.000205145474964021,True,True,32000
2025-26,2026-03-17,401810848,new,0.0005429206442992831,True,True,32000
2025-26,2026-03-17,401810847,old,0.0021321550007266645,True,True,32000
2025-26,2026-03-17,401810847,new,0.003226047731583719,True,True,32000
2025-26,2026-03-17,401810846,old,0.0004800792000220134,False,True,32000
2025-26,2026-03-17,401810846,new,0.0010817187858518796,False,True,32000
2025-26,2026-03-17,401810849,old,0.0007471961254866139,True,True,32000
2025-26,2026-03-17,401810849,new,0.0007479795358465468,True,True,32000
2025-26,2026-03-17,401810851,old,0.0016752847462766988,True,True,32000
2025-26,2026-03-17,401810851,new,0.002234230675117234,True,True,32000
2025-26,2026-03-17,401810850,old,0.002131614252939764,True,True,32000
2025-26,2026-03-17,401810850,new,0.0020000972062014515,True,True,32000
2025-26,2026-03-17,401810853,old,0.0004628521471040315,True,True,32000
2025-26,2026-03-17,401810853,new,0.000705011820506323,True,True,32000
2025-26,2026-03-17,401810852,old,0.0021195073396366795,True,True,32000
2025-26,2026-03-17,401810852,new,0.0027879839072597256,True,True,32000
2025-26,2026-03-18,401810854,old,0.0011170709881914555,False,False,32000
2025-26,2026-03-18,401810854,new,0.0007446600460241313,False,False,32000
2025-26,2026-03-18,401810855,old,0.0002640673230909391,True,False,32000
2025-26,2026-03-18,401810855,new,0.00040777241588899066,True,False,32000
2025-26,2026-03-18,401810856,old,0.0010677853858748192,True,False,32000
2025-26,2026-03-18,401810856,new,0.0008073632300842774,True,False,32000
2025-26,2026-03-18,401810860,old,0.002678006611551091,True,False,32000
2025-26,2026-03-18,401810860,new,0.0025311137712586583,True,False,32000
2025-26,2026-03-18,401810857,old,0.0011743111211973323,False,False,32000
2025-26,2026-03-18,401810857,new,0.0015436151084470464,False,False,32000
2025-26,2026-03-18,401810859,old,0.001523502347261546,True,False,32000
2025-26,2026-03-18,401810859,new,0.0016150052129577943,True,False,32000
2025-26,2026-03-18,401810861,old,0.0025500829324816275,True,False,32000
2025-26,2026-03-18,401810861,new,0.004113431246986593,True,False,32000
2025-26,2026-03-18,401858693,old,0.000817256903305498,True,False,32000
2025-26,2026-03-18,401858693,new,0.0007316326661606885,True,False,32000
2025-26,2026-03-18,401810862,old,0.0012579828451647647,True,False,32000
2025-26,2026-03-18,401810862,new,0.0012666929614943221,True,False,32000
2025-26,2026-03-19,401810864,old,0.00020919604586228606,True,True,32000
2025-26,2026-03-19,401810864,new,0.0005375711991974403,True,True,32000
2025-26,2026-03-19,401810863,old,0.0008717951610176835,True,True,32000
2025-26,2026-03-19,401810863,new,0.0018586525061874291,True,True,32000
2025-26,2026-03-19,401810867,old,0.0035532651177697314,True,True,32000
2025-26,2026-03-19,401810867,new,0.003296428819724244,True,True,32000
2025-26,2026-03-19,401810868,old,0.0016051347529018431,True,True,32000
2025-26,2026-03-19,401810868,new,0.0020241718752622368,True,True,32000
2025-26,2026-03-19,401810865,old,0.00173705574092924,False,True,32000
2025-26,2026-03-19,401810865,new,0.0024139479553935803,False,True,32000
2025-26,2026-03-19,401810866,old,0.002159527661366986,True,True,32000
2025-26,2026-03-19,401810866,new,0.0019148580622921486,True,True,32000
2025-26,2026-03-19,401810869,old,0.0004511530872951108,True,True,32000
2025-26,2026-03-19,401810869,new,0.0002801862377641955,True,True,32000
2025-26,2026-03-19,401810870,old,0.0018392561858422715,True,True,32000
2025-26,2026-03-19,401810870,new,0.00261110614581291,True,True,32000
2025-26,2026-03-20,401810872,old,0.001277429082476373,True,False,32000
2025-26,2026-03-20,401810872,new,0.0011019315818389418,True,False,32000
2025-26,2026-03-20,401810871,old,0.0006632446933031918,False,False,32000
2025-26,2026-03-20,401810871,new,0.0007751186376135324,False,False,32000
2025-26,2026-03-20,401810873,old,0.0037596165332162107,True,False,32000
2025-26,2026-03-20,401810873,new,0.005507093879405853,True,False,32000
2025-26,2026-03-20,401810874,old,0.00045620409956461234,True,False,32000
2025-26,2026-03-20,401810874,new,0.0003449045582685913,True,False,32000
2025-26,2026-03-20,401810875,old,0.002918391094722567,True,False,32000
2025-26,2026-03-20,401810875,new,0.0032026308305984877,True,False,32000
2025-26,2026-03-20,401810876,old,0.0008037626806595622,False,False,32000
2025-26,2026-03-20,401810876,new,0.001101281611940646,False,False,32000
2025-26,2026-03-21,401810877,old,0.00029594707337140944,True,True,32000
2025-26,2026-03-21,401810877,new,0.0006016875762438512,True,True,32000
2025-26,2026-03-21,401810878,old,0.0010798540508714497,False,True,32000
2025-26,2026-03-21,401810878,new,0.0009987488430205002,False,True,32000
2025-26,2026-03-21,401810880,old,0.0016889887372431149,True,True,32000
2025-26,2026-03-21,401810880,new,0.00179184464304728,True,True,32000
2025-26,2026-03-21,401810879,old,0.002799721791027901,True,True,32000
2025-26,2026-03-21,401810879,new,0.004115203540603901,True,True,32000
2025-26,2026-03-21,401810883,old,0.0003519088684167172,True,True,32000
2025-26,2026-03-21,401810883,new,0.00035042718760173173,True,True,32000
2025-26,2026-03-21,401810882,old,0.002793944194127992,True,True,32000
2025-26,2026-03-21,401810882,new,0.003582104746964177,True,True,32000
2025-26,2026-03-21,401810881,old,0.0028438105098885125,True,True,32000
2025-26,2026-03-21,401810881,new,0.004671057658648808,True,True,32000
2025-26,2026-03-21,401810884,old,0.003853964124582229,True,True,32000
2025-26,2026-03-21,401810884,new,0.004085826604699763,True,True,32000
2025-26,2026-03-21,401810885,old,0.002574888905500696,True,True,32000
2025-26,2026-03-21,401810885,new,0.002780348113056417,True,True,32000
2025-26,2026-03-21,401810886,old,0.001996891267558776,True,True,32000
2025-26,2026-03-21,401810886,new,0.0015140921025825046,True,True,32000
2025-26,2026-03-22,401810887,old,0.0020778764976556604,True,False,32000
2025-26,2026-03-22,401810887,new,0.0026654208540380095,True,False,32000
2025-26,2026-03-22,401810888,old,0.0,False,False,32000
2025-26,2026-03-22,401810888,new,0.0,False,False,32000
2025-26,2026-03-22,401810889,old,0.0007150223570679058,True,False,32000
2025-26,2026-03-22,401810889,new,0.0007139230610348238,True,False,32000
2025-26,2026-03-22,401810890,old,0.0009123718702998742,True,False,32000
2025-26,2026-03-22,401810890,new,0.0009031325422157923,True,False,32000
2025-26,2026-03-22,401810891,old,0.0013313384840050752,True,False,32000
2025-26,2026-03-22,401810891,new,0.0021181807626126934,True,False,32000
2025-26,2026-03-23,401810895,old,0.001708354417025581,True,False,32000
2025-26,2026-03-23,401810895,new,0.002706039804166551,True,False,32000
2025-26,2026-03-23,401810896,old,0.0012783119553917955,True,False,32000
2025-26,2026-03-23,401810896,new,0.001895814096452104,True,False,32000
2025-26,2026-03-23,401810893,old,0.0007632774047139493,True,False,32000
2025-26,2026-03-23,401810893,new,0.0007626135341721024,True,False,32000
2025-26,2026-03-23,401810894,old,0.0020981095484423526,True,False,32000
2025-26,2026-03-23,401810894,new,0.003502566111567535,True,False,32000
2025-26,2026-03-23,401810892,old,0.0028809487607320476,True,False,32000
2025-26,2026-03-23,401810892,new,0.004512770918212304,True,False,32000
2025-26,2026-03-23,401810897,old,0.0016260271254720788,True,False,32000
2025-26,2026-03-23,401810897,new,0.0015612443846605725,True,False,32000
2025-26,2026-03-23,401810898,old,0.0009167742328138076,True,False,32000
2025-26,2026-03-23,401810898,new,0.0020476819193651083,True,False,32000
2025-26,2026-03-23,401810900,old,0.0016137262424956917,True,False,32000
2025-26,2026-03-23,401810900,new,0.001693449174060189,True,False,32000
2025-26,2026-03-23,401810899,old,0.0008972612070935832,False,False,32000
2025-26,2026-03-23,401810899,new,0.00011898083293806557,False,False,32000
2025-26,2026-03-23,401810901,old,0.003561721885294058,True,False,32000
2025-26,2026-03-23,401810901,new,0.003932938943759664,True,False,32000
2025-26,2026-03-24,401810902,old,0.0011098111207610672,False,True,32000
2025-26,2026-03-24,401810902,new,0.0018437128687854973,False,True,32000
2025-26,2026-03-24,401810903,old,0.0009539043328650537,True,True,32000
2025-26,2026-03-24,401810903,new,0.0006266644860285488,True,True,32000
2025-26,2026-03-24,401810904,old,0.004030311026689976,True,True,32000
2025-26,2026-03-24,401810904,new,0.0051575319102907255,True,True,32000
2025-26,2026-03-24,401810905,old,0.0019132863786998305,True,True,32000
2025-26,2026-03-24,401810905,new,0.0016169662012916752,True,True,32000
2025-26,2026-03-25,401810908,old,0.002700020241856662,True,False,32000
2025-26,2026-03-25,401810908,new,0.0031369861985058828,True,False,32000
2025-26,2026-03-25,401810907,old,0.0009191136929536531,True,False,32000
2025-26,2026-03-25,401810907,new,0.0009108201248110778,True,False,32000
2025-26,2026-03-25,401810906,old,0.002762076459167729,True,False,32000
2025-26,2026-03-25,401810906,new,0.004302079539433306,True,False,32000
2025-26,2026-03-25,401810910,old,0.003316529290062798,True,False,32000
2025-26,2026-03-25,401810910,new,0.00405950339591218,True,False,32000
2025-26,2026-03-25,401810909,old,0.0007947583182679323,True,False,32000
2025-26,2026-03-25,401810909,new,0.0007947583182679323,True,False,32000
2025-26,2026-03-25,401810911,old,0.0005007697017823249,True,False,32000
2025-26,2026-03-25,401810911,new,0.0003519569725380853,True,False,32000
2025-26,2026-03-25,401810912,old,0.0002350418818149442,True,False,32000
2025-26,2026-03-25,401810912,new,0.0004798642854636128,True,False,32000
2025-26,2026-03-25,401810916,old,0.0013444204274656627,True,False,32000
2025-26,2026-03-25,401810916,new,0.0019119653919981295,True,False,32000
2025-26,2026-03-25,401810913,old,0.0019483037437549157,True,False,32000
2025-26,2026-03-25,401810913,new,0.0019450334962681074,True,False,32000
2025-26,2026-03-25,401810914,old,0.0008780234466306652,False,False,32000
2025-26,2026-03-25,401810914,new,0.0007462330999448777,False,False,32000
2025-26,2026-03-25,401810915,old,0.0003463788298971637,False,False,32000
2025-26,2026-03-25,401810915,new,0.0,False,False,32000
2025-26,2026-03-25,401810917,old,0.003865548031490826,True,False,32000
2025-26,2026-03-25,401810917,new,0.005143541547946872,True,False,32000
2025-26,2026-03-26,401810919,old,0.0004701258444760323,True,True,32000
2025-26,2026-03-26,401810919,new,0.00013998999396566157,True,True,32000
2025-26,2026-03-26,401810918,old,0.0018139017847333312,False,True,32000
2025-26,2026-03-26,401810918,new,0.0026768686813847093,False,True,32000
2025-26,2026-03-26,401810920,old,0.0020761426517653747,True,True,32000
2025-26,2026-03-26,401810920,new,0.00318258812718011,True,True,32000
2025-26,2026-03-27,401810921,old,0.003909741095293453,True,False,32000
2025-26,2026-03-27,401810921,new,0.0043040190516697,True,False,32000
2025-26,2026-03-27,401810922,old,0.002699237710685349,True,False,32000
2025-26,2026-03-27,401810922,new,0.004147324150601477,True,False,32000
2025-26,2026-03-27,401810923,old,0.0033612942787434796,True,False,32000
2025-26,2026-03-27,401810923,new,0.004194389156718719,True,False,32000
2025-26,2026-03-27,401810924,old,0.0012271438078319573,True,False,32000
2025-26,2026-03-27,401810924,new,0.0012631619550038838,True,False,32000
2025-26,2026-03-27,401810925,old,0.0006130232061376908,True,False,32000
2025-26,2026-03-27,401810925,new,0.00042222136774689904,True,False,32000
2025-26,2026-03-27,401810926,old,0.0014460558476796787,True,False,32000
2025-26,2026-03-27,401810926,new,0.002249099923343291,True,False,32000
2025-26,2026-03-27,401810927,old,0.0010364431199201246,True,False,32000
2025-26,2026-03-27,401810927,new,0.0008767325380696222,True,False,32000
2025-26,2026-03-27,401810928,old,0.0001908670391637971,True,False,32000
2025-26,2026-03-27,401810928,new,0.0006652266797995289,True,False,32000
2025-26,2026-03-27,401810929,old,0.0016503921125527769,True,False,32000
2025-26,2026-03-27,401810929,new,0.001750860464934214,True,False,32000
2025-26,2026-03-27,401810930,old,0.0008799549784359931,False,False,32000
2025-26,2026-03-27,401810930,new,0.0011611105360752763,False,False,32000
2025-26,2026-03-28,401810931,old,0.0005989169200400493,True,True,32000
2025-26,2026-03-28,401810931,new,0.00033220443240908223,True,True,32000
2025-26,2026-03-28,401810935,old,0.000796157478956563,True,True,32000
2025-26,2026-03-28,401810935,new,0.0007960283201792291,True,True,32000
2025-26,2026-03-28,401810932,old,0.0018695176812357753,True,True,32000
2025-26,2026-03-28,401810932,new,0.0017691923635149724,True,True,32000
2025-26,2026-03-28,401810933,old,0.0032036495246476576,True,True,32000
2025-26,2026-03-28,401810933,new,0.0052703940481566005,True,True,32000
2025-26,2026-03-28,401810934,old,0.00035388159940288535,True,True,32000
2025-26,2026-03-28,401810934,new,0.0,True,True,32000
2025-26,2026-03-28,401810936,old,0.001345877508240683,True,True,32000
2025-26,2026-03-28,401810936,new,0.0008606835017743486,True,True,32000
2025-26,2026-03-29,401810937,old,0.0031385513730035988,True,False,32000
2025-26,2026-03-29,401810937,new,0.0028092214706577196,True,False,32000
2025-26,2026-03-29,401810938,old,0.0013529107707984222,True,False,32000
2025-26,2026-03-29,401810938,new,0.0021883304900047968,True,False,32000
2025-26,2026-03-29,401810940,old,0.0013861565572081114,False,False,32000
2025-26,2026-03-29,401810940,new,0.0022146276657624606,False,False,32000
2025-26,2026-03-29,401810939,old,0.00010982720600054001,False,False,32000
2025-26,2026-03-29,401810939,new,0.0003536503224919223,False,False,32000
2025-26,2026-03-29,401810941,old,0.0019306291048928055,True,False,32000
2025-26,2026-03-29,401810941,new,0.003250303642639225,True,False,32000
2025-26,2026-03-29,401810942,old,0.0012820974671627478,True,False,32000
2025-26,2026-03-29,401810942,new,0.0015551537933640425,True,False,32000
2025-26,2026-03-29,401810943,old,0.00200833888801862,True,False,32000
2025-26,2026-03-29,401810943,new,0.0013892491713054123,True,False,32000
2025-26,2026-03-29,401810944,old,0.0011994304203025749,True,False,32000
2025-26,2026-03-29,401810944,new,0.0011994304203025749,True,False,32000
2025-26,2026-03-29,401810945,old,0.0017646716225356268,False,False,32000
2025-26,2026-03-29,401810945,new,0.0013484631272708074,False,False,32000
2025-26,2026-03-30,401810946,old,0.0021532412118576284,True,False,32000
2025-26,2026-03-30,401810946,new,0.0027560603682476414,True,False,32000
2025-26,2026-03-30,401810947,old,0.00241051621974139,True,False,32000
2025-26,2026-03-30,401810947,new,0.0035556426380452173,True,False,32000
2025-26,2026-03-30,401810948,old,0.001615652192862613,True,False,32000
2025-26,2026-03-30,401810948,new,0.000610346758922102,True,False,32000
2025-26,2026-03-30,401810949,old,0.0005430186569659196,True,False,32000
2025-26,2026-03-30,401810949,new,0.00032269858321624587,True,False,32000
2025-26,2026-03-30,401810950,old,0.0011300216475251975,True,False,32000
2025-26,2026-03-30,401810950,new,0.0010919027251592584,True,False,32000
2025-26,2026-03-30,401810951,old,0.0022252961405858757,True,False,32000
2025-26,2026-03-30,401810951,new,0.0023742302866823785,True,False,32000
2025-26,2026-03-30,401810953,old,0.0006746940447285363,True,False,32000
2025-26,2026-03-30,401810953,new,0.0012213285073346635,True,False,32000
2025-26,2026-03-30,401810952,old,0.0003207069731849645,True,False,32000
2025-26,2026-03-30,401810952,new,0.0003205626534660498,True,False,32000
2025-26,2026-03-31,401810954,old,0.0021186816890495035,True,False,32000
2025-26,2026-03-31,401810954,new,0.0026705154903653786,True,False,32000
2025-26,2026-03-31,401810955,old,0.0008267754336459672,False,False,32000
2025-26,2026-03-31,401810955,new,0.0013978772146537055,False,False,32000
2025-26,2026-03-31,401858694,old,0.0007163263679860951,True,False,32000
2025-26,2026-03-31,401858694,new,0.0,True,False,32000
2025-26,2026-03-31,401810957,old,0.0013540005929609448,True,False,32000
2025-26,2026-03-31,401810957,new,0.0013536888177443833,True,False,32000
2025-26,2026-03-31,401810956,old,0.0007162627398150724,True,False,32000
2025-26,2026-03-31,401810956,new,0.0011004467527696304,True,False,32000
2025-26,2026-03-31,401810958,old,0.0018950123264938315,True,False,32000
2025-26,2026-03-31,401810958,new,0.001894896871807728,True,False,32000
2025-26,2026-03-31,401810959,old,0.004121452339452948,True,False,32000
2025-26,2026-03-31,401810959,new,0.005004762455840321,True,False,32000
2025-26,2026-04-01,401810960,old,0.0026988152214584248,True,False,32000
2025-26,2026-04-01,401810960,new,0.004010335840989974,True,False,32000
2025-26,2026-04-01,401810962,old,0.0030205534668307104,True,False,32000
2025-26,2026-04-01,401810962,new,0.00474150609911921,True,False,32000
2025-26,2026-04-01,401810961,old,0.0016002770134294004,False,False,32000
2025-26,2026-04-01,401810961,new,0.0026490014492375332,False,False,32000
2025-26,2026-04-01,401810964,old,0.0002131888788361779,True,False,32000
2025-26,2026-04-01,401810964,new,0.00015641586282654673,True,False,32000
2025-26,2026-04-01,401810965,old,0.0023902856700166925,True,False,32000
2025-26,2026-04-01,401810965,new,0.00204069813006409,True,False,32000
2025-26,2026-04-01,401810858,old,0.0011219337846936164,True,False,32000
2025-26,2026-04-01,401810858,new,0.0011768973203679304,True,False,32000
2025-26,2026-04-01,401810963,old,0.0012268030150857413,False,False,32000
2025-26,2026-04-01,401810963,new,0.002251291807883874,False,False,32000
2025-26,2026-04-01,401810967,old,0.0011182456733059745,True,False,32000
2025-26,2026-04-01,401810967,new,0.0012802108945753688,True,False,32000
2025-26,2026-04-01,401810968,old,0.0004839495809366047,True,False,32000
2025-26,2026-04-01,401810968,new,0.00027408212833072114,True,False,32000
2025-26,2026-04-02,401810969,old,0.0008337308463520568,True,False,32000
2025-26,2026-04-02,401810969,new,0.001558142971021732,True,False,32000
2025-26,2026-04-02,401810970,old,0.0008610933313871482,True,False,32000
2025-26,2026-04-02,401810970,new,0.0008610683494233734,True,False,32000
2025-26,2026-04-02,401810971,old,0.0007166717975977303,True,False,32000
2025-26,2026-04-02,401810971,new,0.0007166717975977303,True,False,32000
2025-26,2026-04-02,401810973,old,0.002473828167144795,True,False,32000
2025-26,2026-04-02,401810973,new,0.0024441372209120407,True,False,32000
2025-26,2026-04-02,401810972,old,0.002361524181292117,True,False,32000
2025-26,2026-04-02,401810972,new,0.002361414719538148,True,False,32000
2025-26,2026-04-02,401810974,old,0.005208141877127344,True,False,32000
2025-26,2026-04-02,401810974,new,0.005678734092309125,True,False,32000
2025-26,2026-04-03,401810975,old,0.0010852009791012967,True,True,32000
2025-26,2026-04-03,401810975,new,0.0022499295045853534,True,True,32000
2025-26,2026-04-03,401810976,old,0.0034616356487144665,True,True,32000
2025-26,2026-04-03,401810976,new,0.004389444366985037,True,True,32000
2025-26,2026-04-03,401810977,old,0.0012834945552811932,True,True,32000
2025-26,2026-04-03,401810977,new,0.002070582751481855,True,True,32000
2025-26,2026-04-03,401810978,old,0.0013619566439082387,False,True,32000
2025-26,2026-04-03,401810978,new,0.0012272456161420632,False,True,32000
2025-26,2026-04-03,401810981,old,0.00043191870525722875,True,True,32000
2025-26,2026-04-03,401810981,new,0.0001881157646868653,True,True,32000
2025-26,2026-04-03,401810979,old,0.002188699485760366,True,True,32000
2025-26,2026-04-03,401810979,new,0.0023921932774369965,True,True,32000
2025-26,2026-04-03,401810980,old,0.001593701179371416,True,True,32000
2025-26,2026-04-03,401810980,new,0.001934890951743717,True,True,32000
2025-26,2026-04-03,401810982,old,0.0020402718536107873,True,True,32000
2025-26,2026-04-03,401810982,new,0.002528200818580854,True,True,32000
2025-26,2026-04-03,401810983,old,0.0010918941611328073,True,True,32000
2025-26,2026-04-03,401810983,new,0.0005801839619699184,True,True,32000
2025-26,2026-04-04,401810984,old,0.0010598324984035274,True,False,32000
2025-26,2026-04-04,401810984,new,0.0014894980370349644,True,False,32000
2025-26,2026-04-04,401810985,old,0.001385044631845859,True,False,32000
2025-26,2026-04-04,401810985,new,0.001385044631845859,True,False,32000
2025-26,2026-04-04,401810986,old,0.0023096250835511166,True,False,32000
2025-26,2026-04-04,401810986,new,0.003308899181904634,True,False,32000
2025-26,2026-04-05,401810990,old,0.0008199556485712952,True,False,32000
2025-26,2026-04-05,401810990,new,0.0,True,False,32000
2025-26,2026-04-05,401810987,old,0.0014144352969817724,False,False,32000
2025-26,2026-04-05,401810987,new,0.0021960821698211266,False,False,32000
2025-26,2026-04-05,401810989,old,0.0014778882861610696,True,False,32000
2025-26,2026-04-05,401810989,new,0.0006532451614825486,True,False,32000
2025-26,2026-04-05,401810988,old,0.0,True,False,32000
2025-26,2026-04-05,401810988,new,0.0004771012940458101,True,False,32000
2025-26,2026-04-05,401810991,old,0.0021447434390408082,True,False,32000
2025-26,2026-04-05,401810991,new,0.0028247784065196504,True,False,32000
2025-26,2026-04-05,401810994,old,0.00042724185362265143,True,False,32000
2025-26,2026-04-05,401810994,new,0.0002181342365610152,True,False,32000
2025-26,2026-04-05,401810992,old,0.0015145848557075196,True,False,32000
2025-26,2026-04-05,401810992,new,0.0023300958682819944,True,False,32000
2025-26,2026-04-05,401810993,old,0.002598978350606824,True,False,32000
2025-26,2026-04-05,401810993,new,0.002904629963064494,True,False,32000
2025-26,2026-04-05,401810995,old,0.0009181145941125833,False,False,32000
2025-26,2026-04-05,401810995,new,0.0008862088120901178,False,False,32000
2025-26,2026-04-05,401810996,old,0.004146954997115701,True,False,32000
2025-26,2026-04-05,401810996,new,0.0046808854795348945,True,False,32000
2025-26,2026-04-05,401810997,old,0.0020541418352927362,True,False,32000
2025-26,2026-04-05,401810997,new,0.0020543411222408102,True,False,32000
2025-26,2026-04-06,401810999,old,0.001964856498871371,True,False,32000
2025-26,2026-04-06,401810999,new,0.0037296530451274208,True,False,32000
2025-26,2026-04-06,401810998,old,0.002198375426976254,True,False,32000
2025-26,2026-04-06,401810998,new,0.0025125244071940067,True,False,32000
2025-26,2026-04-06,401811000,old,0.0031117260671586727,True,False,32000
2025-26,2026-04-06,401811000,new,0.002540371003010186,True,False,32000
2025-26,2026-04-06,401811001,old,0.0031896192141700115,True,False,32000
2025-26,2026-04-06,401811001,new,0.004094010383492841,True,False,32000
2025-26,2026-04-06,401811002,old,0.003031030044136181,True,False,32000
2025-26,2026-04-06,401811002,new,0.003484797260382504,True,False,32000
2025-26,2026-04-07,401811007,old,0.00015821275936974116,True,True,32000
2025-26,2026-04-07,401811007,new,0.00043783675821104054,True,True,32000
2025-26,2026-04-07,401811003,old,0.00011228062728235808,True,True,32000
2025-26,2026-04-07,401811003,new,0.0,True,True,32000
2025-26,2026-04-07,401811005,old,0.00019039991291956135,True,True,32000
2025-26,2026-04-07,401811005,new,0.0010761526339011281,True,True,32000
2025-26,2026-04-07,401811006,old,0.0008054766318576727,False,True,32000
2025-26,2026-04-07,401811006,new,0.0015208166868987839,False,True,32000
2025-26,2026-04-07,401811008,old,0.0014267776889048413,True,True,32000
2025-26,2026-04-07,401811008,new,0.0004485260215256733,True,True,32000
2025-26,2026-04-07,401811004,old,0.0016742731725145777,False,True,32000
2025-26,2026-04-07,401811004,new,0.0035739429413841678,False,True,32000
2025-26,2026-04-07,401811009,old,0.0002626712628408838,False,True,32000
2025-26,2026-04-07,401811009,new,0.0003231604061276695,False,True,32000
2025-26,2026-04-07,401811010,old,0.0014118688400712074,True,True,32000
2025-26,2026-04-07,401811010,new,0.0014118688400712074,True,True,32000
2025-26,2026-04-07,401811011,old,0.003808863095970964,True,True,32000
2025-26,2026-04-07,401811011,new,0.004283224908784877,True,True,32000
2025-26,2026-04-07,401811012,old,0.003982413663125979,True,True,32000
2025-26,2026-04-07,401811012,new,0.0032691560750594943,True,True,32000
2025-26,2026-04-08,401811014,old,0.0014438748765359135,True,False,32000
2025-26,2026-04-08,401811014,new,0.004041910832921954,True,False,32000
2025-26,2026-04-08,401811013,old,0.002956469154197027,True,False,32000
2025-26,2026-04-08,401811013,new,0.0031183445602656324,True,False,32000
2025-26,2026-04-08,401811015,old,0.00032525632694165176,True,False,32000
2025-26,2026-04-08,401811015,new,0.0,True,False,32000
2025-26,2026-04-08,401811017,old,0.0014979175756476507,True,False,32000
2025-26,2026-04-08,401811017,new,0.0016082781743425405,True,False,32000
2025-26,2026-04-08,401811016,old,0.001554877064902889,True,False,32000
2025-26,2026-04-08,401811016,new,0.0019968929277613292,True,False,32000
2025-26,2026-04-08,401811019,old,0.0015919890183727354,True,False,32000
2025-26,2026-04-08,401811019,new,0.000711735216291748,True,False,32000
2025-26,2026-04-08,401811018,old,0.0055991698992284055,True,False,32000
2025-26,2026-04-08,401811018,new,0.006257961954677924,True,False,32000
2025-26,2026-04-09,401811021,old,0.0004086457267456648,True,False,32000
2025-26,2026-04-09,401811021,new,0.0,True,False,32000
2025-26,2026-04-09,401811020,old,0.0010564563812934873,False,False,32000
2025-26,2026-04-09,401811020,new,0.00210020203977098,False,False,32000
2025-26,2026-04-09,401811022,old,0.00034908065973096304,True,False,32000
2025-26,2026-04-09,401811022,new,0.001896513216134408,True,False,32000
2025-26,2026-04-09,401811023,old,0.0015832820130980071,False,False,32000
2025-26,2026-04-09,401811023,new,0.0015832820130980071,False,False,32000
2025-26,2026-04-09,401811024,old,0.005653637386786957,True,False,32000
2025-26,2026-04-09,401811024,new,0.006926003420717348,True,False,32000
2025-26,2026-04-09,401811025,old,0.0016835264711300352,False,False,32000
2025-26,2026-04-09,401811025,new,0.001683420558968155,False,False,32000
2025-26,2026-04-10,401811027,old,0.000414515184515255,True,False,32000
2025-26,2026-04-10,401811027,new,0.0,True,False,32000
2025-26,2026-04-10,401811026,old,0.0012108669865797152,True,False,32000
2025-26,2026-04-10,401811026,new,0.0029320348816454407,True,False,32000
2025-26,2026-04-10,401811028,old,0.0039952006617560275,True,False,32000
2025-26,2026-04-10,401811028,new,0.00461621013258122,True,False,32000
2025-26,2026-04-10,401811030,old,0.002718264207882502,True,False,32000
2025-26,2026-04-10,401811030,new,0.0035055700403280672,True,False,32000
2025-26,2026-04-10,401811029,old,0.000795915111275418,True,False,32000
2025-26,2026-04-10,401811029,new,0.0,True,False,32000
2025-26,2026-04-10,401811031,old,0.002606794796745411,False,False,32000
2025-26,2026-04-10,401811031,new,0.00252427734708349,False,False,32000
2025-26,2026-04-10,401811035,old,0.0006581454098498763,True,False,32000
2025-26,2026-04-10,401811035,new,0.0,True,False,32000
2025-26,2026-04-10,401811034,old,0.0009937801944744445,True,False,32000
2025-26,2026-04-10,401811034,new,0.0018343337238901016,True,False,32000
2025-26,2026-04-10,401811032,old,0.0022410067728038593,True,False,32000
2025-26,2026-04-10,401811032,new,0.005066193817672262,True,False,32000
2025-26,2026-04-10,401811037,old,0.0019410791195696223,True,False,32000
2025-26,2026-04-10,401811037,new,0.0019410791195696223,True,False,32000
2025-26,2026-04-10,401811036,old,0.0009365228630315249,True,False,32000
2025-26,2026-04-10,401811036,new,0.0007372325276434101,True,False,32000
2025-26,2026-04-10,401811033,old,0.00381550185718709,True,False,32000
2025-26,2026-04-10,401811033,new,0.00381550185718709,True,False,32000
2025-26,2026-04-10,401811038,old,0.009208399328409226,True,False,32000
2025-26,2026-04-10,401811038,new,0.012420887744603731,True,False,32000
2025-26,2026-04-10,401811039,old,0.0003281249992414365,False,False,32000
2025-26,2026-04-10,401811039,new,0.0002875711993251817,False,False,32000
2025-26,2026-04-10,401811040,old,0.0029670994193637243,True,False,32000
2025-26,2026-04-10,401811040,new,0.0022924107246317673,True,False,32000
2025-26,2026-04-12,401811044,old,0.0016964851036001072,True,False,32000
2025-26,2026-04-12,401811044,new,0.0012465363922138943,True,False,32000
2025-26,2026-04-12,401811045,old,0.0015986269603968251,False,False,32000
2025-26,2026-04-12,401811045,new,0.0011561345524301414,False,False,32000
2025-26,2026-04-12,401811046,old,0.002529177105365251,True,False,32000
2025-26,2026-04-12,401811046,new,0.0020889723822408537,True,False,32000
2025-26,2026-04-12,401811042,old,0.0013080357314715974,True,False,32000
2025-26,2026-04-12,401811042,new,0.0013080357314715974,True,False,32000
2025-26,2026-04-12,401811043,old,0.0,True,False,32000
2025-26,2026-04-12,401811043,new,0.0,True,False,32000
2025-26,2026-04-12,401811047,old,0.002092618343802965,False,False,32000
2025-26,2026-04-12,401811047,new,0.004142041322042571,False,False,32000
2025-26,2026-04-12,401811041,old,0.002728319120557452,True,False,32000
2025-26,2026-04-12,401811041,new,0.0036153412101094583,True,False,32000
2025-26,2026-04-12,401811051,old,0.0003920489612167065,True,False,32000
2025-26,2026-04-12,401811051,new,0.0001662946388634666,True,False,32000
2025-26,2026-04-12,401811049,old,0.0014200160276302473,True,False,32000
2025-26,2026-04-12,401811049,new,0.0013004637285879196,True,False,32000
2025-26,2026-04-12,401811048,old,0.0009254733926802705,False,False,32000
2025-26,2026-04-12,401811048,new,0.0,False,False,32000
2025-26,2026-04-12,401811055,old,0.008162768276101792,True,False,32000
2025-26,2026-04-12,401811055,new,0.010228532829302282,True,False,32000
2025-26,2026-04-12,401811053,old,0.00202267213149704,True,False,32000
2025-26,2026-04-12,401811053,new,0.0017000846380340348,True,False,32000
2025-26,2026-04-12,401811052,old,0.0011630619080562898,True,False,32000
2025-26,2026-04-12,401811052,new,0.0011630619080562898,True,False,32000
2025-26,2026-04-12,401811054,old,0.005887565650285899,True,False,32000
2025-26,2026-04-12,401811054,new,0.007353102460849205,True,False,32000
2025-26,2026-04-12,401811050,old,0.0005704198647460631,True,False,32000
2025-26,2026-04-12,401811050,new,0.0,True,False,32000
