season,rule,game_team,holder,weight
2020-21,new,ATL,BKN,0.006056034526354152
2020-21,new,ATL,BOS,0.02964565858529184
2020-21,new,ATL,CHA,0.04680618274646646
2020-21,new,ATL,CHI,0.002298006886778812
2020-21,new,ATL,CLE,0.0001940031569543326
2020-21,new,ATL,DAL,0.0
2020-21,new,ATL,DEN,0.007261736308172428
2020-21,new,ATL,DET,1.3739224904666432e-05
2020-21,new,ATL,GSW,0.007629915359759185
2020-21,new,ATL,HOU,0.03807246856564045
2020-21,new,ATL,IND,0.04539941570274686
2020-21,new,ATL,LAC,0.0069827586527038705
2020-21,new,ATL,LAL,0.021283849520493288
2020-21,new,ATL,MEM,0.017113120095737212
2020-21,new,ATL,MIA,0.0
2020-21,new,ATL,MIL,0.0
2020-21,new,ATL,MIN,0.003721600374086189
2020-21,new,ATL,NOP,7.492860315831962e-05
2020-21,new,ATL,NYK,0.07483698154566756
2020-21,new,ATL,OKC,0.015072198503606566
2020-21,new,ATL,ORL,0.0026173696686426383
2020-21,new,ATL,PHI,0.00019719827888083877
2020-21,new,ATL,PHX,0.0026939655450204836
2020-21,new,ATL,POR,0.00020662715913454904
2020-21,new,ATL,SAC,0.00458626266848267
2020-21,new,ATL,SAS,0.005922653187555237
2020-21,new,ATL,TOR,0.0010228673936797826
2020-21,new,ATL,UTA,0.0011573276035327078
2020-21,new,ATL,WAS,0.0018409119668132306
2020-21,new,BKN,ATL,0.011330577630437589
2020-21,new,BKN,BOS,0.006948974104750005
2020-21,new,BKN,CHA,0.013906844401632553
2020-21,new,BKN,CHI,0.0002771889682838358
2020-21,new,BKN,CLE,2.814338212272499e-05
2020-21,new,BKN,DAL,0.0
2020-21,new,BKN,DEN,0.04708062169610834
2020-21,new,BKN,DET,3.8523718409625615e-05
2020-21,new,BKN,GSW,0.004965148246199772
2020-21,new,BKN,HOU,0.08119207982919258
2020-21,new,BKN,IND,0.015639354982524188
2020-21,new,BKN,LAC,0.051428879233847924
2020-21,new,BKN,LAL,0.010683197299827397
2020-21,new,BKN,MEM,0.015691435025128864
2020-21,new,BKN,MIA,0.0
2020-21,new,BKN,MIL,0.0
2020-21,new,BKN,MIN,8.202042735696334e-05
2020-21,new,BKN,NOP,0.0162555690621063
2020-21,new,BKN,NYK,0.03547493651114388
2020-21,new,BKN,OKC,0.025824892119211473
2020-21,new,BKN,ORL,0.0004134493237266936
2020-21,new,BKN,PHI,0.027016163892433814
2020-21,new,BKN,PHX,0.01748705907656978
2020-21,new,BKN,POR,0.0081295798859832
2020-21,new,BKN,SAC,0.0007683106207831676
2020-21,new,BKN,SAS,0.006252053306307096
2020-21,new,BKN,TOR,0.00010984829760917199
2020-21,new,BKN,UTA,0.005969827659267546
2020-21,new,BKN,WAS,0.0005470911094748902
2020-21,new,BOS,ATL,0.05680404968078086
2020-21,new,BOS,BKN,0.005834321162667414
2020-21,new,BOS,CHA,0.025551737665193502
2020-21,new,BOS,CHI,0.005901587709892751
2020-21,new,BOS,CLE,0.00016835805058759896
2020-21,new,BOS,DAL,0.0
2020-21,new,BOS,DEN,0.005724629423338658
2020-21,new,BOS,DET,0.0012246767746421086
2020-21,new,BOS,GSW,0.0068367685248044005
2020-21,new,BOS,HOU,0.04912544986621752
2020-21,new,BOS,IND,0.026658424402065162
2020-21,new,BOS,LAC,0.008726831934964768
2020-21,new,BOS,LAL,0.010024774578622678
2020-21,new,BOS,MEM,0.011774889145170204
2020-21,new,BOS,MIA,0.0
2020-21,new,BOS,MIL,2.5423162236432388e-05
2020-21,new,BOS,MIN,0.001097903888034118
2020-21,new,BOS,NOP,0.002928026288495931
2020-21,new,BOS,NYK,0.04655523500559054
2020-21,new,BOS,OKC,0.021250538908844364
2020-21,new,BOS,ORL,0.004578747211837706
2020-21,new,BOS,PHI,0.003608836223660358
2020-21,new,BOS,PHX,0.003797956255795475
2020-21,new,BOS,POR,0.017801185488512193
2020-21,new,BOS,SAC,0.003487758342693217
2020-21,new,BOS,SAS,0.0038089350182073495
2020-21,new,BOS,TOR,0.002945024376208768
2020-21,new,BOS,UTA,0.004212284519834895
2020-21,new,BOS,WAS,0.001888345509783018
2020-21,new,CHA,ATL,0.015303615459099255
2020-21,new,CHA,BKN,0.000156519399747124
2020-21,new,CHA,BOS,0.03564256318205998
2020-21,new,CHA,CHI,0.004429839166052168
2020-21,new,CHA,CLE,0.0006257960836606634
2020-21,new,CHA,DAL,0.0
2020-21,new,CHA,DEN,0.0015865007009867082
2020-21,new,CHA,DET,0.0006255388355027111
2020-21,new,CHA,GSW,0.0048041935903286445
2020-21,new,CHA,HOU,0.02294496563766031
2020-21,new,CHA,IND,0.05128797524594683
2020-21,new,CHA,LAC,0.00022871767519973222
2020-21,new,CHA,LAL,0.004475330957024145
2020-21,new,CHA,MEM,0.010199703242614608
2020-21,new,CHA,MIA,0.0
2020-21,new,CHA,MIL,2.5487841294620765e-05
2020-21,new,CHA,MIN,0.003252941950880436
2020-21,new,CHA,NOP,0.002165700540238175
2020-21,new,CHA,NYK,0.030293298840613447
2020-21,new,CHA,OKC,0.01656276966975038
2020-21,new,CHA,ORL,0.00677991913511958
2020-21,new,CHA,PHI,1.616379334430756e-05
2020-21,new,CHA,PHX,4.5258621364061196e-05
2020-21,new,CHA,POR,7.57004314198576e-05
2020-21,new,CHA,SAC,0.0002498746746254646
2020-21,new,CHA,SAS,0.001595511853009903
2020-21,new,CHA,TOR,0.003589851704876691
2020-21,new,CHA,UTA,1.0775862229538375e-06
2020-21,new,CHA,WAS,0.018524177101548495
2020-21,new,CHI,ATL,0.017066575532612826
2020-21,new,CHI,BKN,0.005512661665782395
2020-21,new,CHI,BOS,0.024872591714993196
2020-21,new,CHI,CHA,0.019467606231618122
2020-21,new,CHI,CLE,0.002511736231782711
2020-21,new,CHI,DAL,0.0
2020-21,new,CHI,DEN,0.010429609526358005
2020-21,new,CHI,DET,0.0023574892474250105
2020-21,new,CHI,GSW,0.0025080788208405465
2020-21,new,CHI,HOU,0.06617538875567228
2020-21,new,CHI,IND,0.02941822008203358
2020-21,new,CHI,LAC,0.005080280135654653
2020-21,new,CHI,LAL,0.0044262152214802186
2020-21,new,CHI,MEM,0.008098493564779161
2020-21,new,CHI,MIA,0.0
2020-21,new,CHI,MIL,6.467916387793775e-08
2020-21,new,CHI,MIN,0.0009674466647685015
2020-21,new,CHI,NOP,0.0025351337795462094
2020-21,new,CHI,NYK,0.03296948484472025
2020-21,new,CHI,OKC,0.03359509707888156
2020-21,new,CHI,ORL,0.025890766777976318
2020-21,new,CHI,PHI,0.002896551718084334
2020-21,new,CHI,PHX,0.0015075244582901841
2020-21,new,CHI,POR,0.0007634698427964709
2020-21,new,CHI,SAC,0.0033983678067945823
2020-21,new,CHI,SAS,0.005261768128629249
2020-21,new,CHI,TOR,0.015564916231359182
2020-21,new,CHI,UTA,4.310344891815348e-06
2020-21,new,CHI,WAS,0.01428313966390767
2020-21,new,CLE,ATL,0.006181756234442555
2020-21,new,CLE,BKN,0.0024466595234517974
2020-21,new,CLE,BOS,0.0072102906523301945
2020-21,new,CLE,CHA,0.008197515580314335
2020-21,new,CLE,CHI,0.016121088668661004
2020-21,new,CLE,DAL,0.0
2020-21,new,CLE,DEN,0.018465876045748373
2020-21,new,CLE,DET,0.004097791227676647
2020-21,new,CLE,GSW,0.003948135047055744
2020-21,new,CLE,HOU,0.0220825722173598
2020-21,new,CLE,IND,0.014965891000777441
2020-21,new,CLE,LAC,0.01974272636827162
2020-21,new,CLE,LAL,0.0006878799564172808
2020-21,new,CLE,MEM,0.0023840593005652545
2020-21,new,CLE,MIA,0.0
2020-21,new,CLE,MIL,2.5431372617684498e-05
2020-21,new,CLE,MIN,0.00571841768864715
2020-21,new,CLE,NOP,0.0025853213014633406
2020-21,new,CLE,NYK,0.013926930290176134
2020-21,new,CLE,OKC,0.011569504659956093
2020-21,new,CLE,ORL,0.010136729571767956
2020-21,new,CLE,PHI,0.009784482817069208
2020-21,new,CLE,PHX,0.0014094176439416201
2020-21,new,CLE,POR,0.0005598060455141141
2020-21,new,CLE,SAC,0.002062023670200904
2020-21,new,CLE,SAS,0.002039965904871539
2020-21,new,CLE,TOR,0.005722616842129448
2020-21,new,CLE,UTA,0.006663793135948223
2020-21,new,CLE,WAS,0.0059115048769617555
2020-21,new,DAL,ATL,0.026973484941676822
2020-21,new,DAL,BKN,0.005724407353053061
2020-21,new,DAL,BOS,0.03450998300673914
2020-21,new,DAL,CHA,0.009445127573738355
2020-21,new,DAL,CHI,0.0011475289446255786
2020-21,new,DAL,CLE,0.0001350336218012342
2020-21,new,DAL,DEN,0.010538392675339504
2020-21,new,DAL,DET,4.6874997727894076e-05
2020-21,new,DAL,GSW,0.028647451059344835
2020-21,new,DAL,HOU,0.06628098098398588
2020-21,new,DAL,IND,0.01214907763350468
2020-21,new,DAL,LAC,0.0036112607785115207
2020-21,new,DAL,LAL,0.04152269309671705
2020-21,new,DAL,MEM,0.04282639269699112
2020-21,new,DAL,MIA,0.0
2020-21,new,DAL,MIL,0.0
2020-21,new,DAL,MIN,1.2042485803813805e-05
2020-21,new,DAL,NOP,0.022373700027065728
2020-21,new,DAL,NYK,0.411948946290228
2020-21,new,DAL,OKC,0.023032597505150302
2020-21,new,DAL,ORL,0.0002800338833458618
2020-21,new,DAL,PHI,0.0018028017527680718
2020-21,new,DAL,PHX,0.0019873520749205485
2020-21,new,DAL,POR,0.08738523831787713
2020-21,new,DAL,SAC,0.004050047338929058
2020-21,new,DAL,SAS,0.02023790191633586
2020-21,new,DAL,TOR,0.0011496946640279046
2020-21,new,DAL,UTA,0.00021441495998417325
2020-21,new,DAL,WAS,0.00027954479290054254
2020-21,new,DEN,ATL,0.018034387744565242
2020-21,new,DEN,BKN,0.02830226296410447
2020-21,new,DEN,BOS,0.010073672845115057
2020-21,new,DEN,CHA,0.010373902116897767
2020-21,new,DEN,CHI,0.0006994666298718672
2020-21,new,DEN,CLE,0.00027235539222601816
2020-21,new,DEN,DAL,0.0
2020-21,new,DEN,DET,0.0
2020-21,new,DEN,GSW,0.014024951936113106
2020-21,new,DEN,HOU,0.07708971022602155
2020-21,new,DEN,IND,0.00917875118798418
2020-21,new,DEN,LAC,0.02863442904875887
2020-21,new,DEN,LAL,0.05695211450866368
2020-21,new,DEN,MEM,0.0030890623350106027
2020-21,new,DEN,MIA,0.0
2020-21,new,DEN,MIL,0.0
2020-21,new,DEN,MIN,0.00036689326878896
2020-21,new,DEN,NOP,0.054525012252596664
2020-21,new,DEN,NYK,0.03444404383423223
2020-21,new,DEN,OKC,0.018335398678298524
2020-21,new,DEN,ORL,0.0007536126244617699
2020-21,new,DEN,PHI,0.015619612056922555
2020-21,new,DEN,PHX,0.005718757303176721
2020-21,new,DEN,POR,0.016683459176726093
2020-21,new,DEN,SAC,9.18868121363732e-05
2020-21,new,DEN,SAS,0.002834949820085511
2020-21,new,DEN,TOR,9.209993826536529e-05
2020-21,new,DEN,UTA,0.0005258620781663419
2020-21,new,DEN,WAS,0.001172043530016175
2020-21,new,DET,ATL,0.007957692193240114
2020-21,new,DET,BKN,0.009304687508747208
2020-21,new,DET,BOS,0.008738502582641814
2020-21,new,DET,CHA,0.006983089011739115
2020-21,new,DET,CHI,0.008539946699731706
2020-21,new,DET,CLE,0.002820932023726623
2020-21,new,DET,DAL,0.0
2020-21,new,DET,DEN,0.007270098727238519
2020-21,new,DET,GSW,0.011146003200983237
2020-21,new,DET,HOU,0.03859618393763757
2020-21,new,DET,IND,0.019794947220437665
2020-21,new,DET,LAC,0.012617457008153874
2020-21,new,DET,LAL,0.014573966777454546
2020-21,new,DET,MEM,0.017115281025622077
2020-21,new,DET,MIA,0.0
2020-21,new,DET,MIL,5.646875353767395e-08
2020-21,new,DET,MIN,0.013704460489145653
2020-21,new,DET,NOP,0.00998169701974628
2020-21,new,DET,NYK,0.03786375039632258
2020-21,new,DET,OKC,0.008845097181479576
2020-21,new,DET,ORL,0.015973476958630637
2020-21,new,DET,PHI,0.00871659494695607
2020-21,new,DET,PHX,0.010413799915183364
2020-21,new,DET,POR,0.008734644539774685
2020-21,new,DET,SAC,0.0017286694745935964
2020-21,new,DET,SAS,0.0018207683689963664
2020-21,new,DET,TOR,0.0016846568396996255
2020-21,new,DET,UTA,0.0021928879459677583
2020-21,new,DET,WAS,0.019004697413120046
2020-21,new,GSW,ATL,0.003526836758456034
2020-21,new,GSW,BKN,0.004025592725595523
2020-21,new,GSW,BOS,0.0041643588510865215
2020-21,new,GSW,CHA,0.00306597054786992
2020-21,new,GSW,CHI,0.00524964028787469
2020-21,new,GSW,CLE,0.0020153690391654685
2020-21,new,GSW,DAL,0.0
2020-21,new,GSW,DEN,0.005796558691491591
2020-21,new,GSW,DET,0.002485991460552182
2020-21,new,GSW,HOU,0.032036637777667326
2020-21,new,GSW,IND,0.003084164710386516
2020-21,new,GSW,LAC,0.004430765120537375
2020-21,new,GSW,LAL,0.0056575108771492
2020-21,new,GSW,MEM,0.08701223905938778
2020-21,new,GSW,MIA,0.0
2020-21,new,GSW,MIL,0.0
2020-21,new,GSW,MIN,0.004232006940221433
2020-21,new,GSW,NOP,0.022340115598255248
2020-21,new,GSW,NYK,0.009926021898894997
2020-21,new,GSW,OKC,0.022660829873599013
2020-21,new,GSW,ORL,0.0062110315817511235
2020-21,new,GSW,PHI,0.003960129351612052
2020-21,new,GSW,PHX,0.003176754252791428
2020-21,new,GSW,POR,0.017013200698420404
2020-21,new,GSW,SAC,0.01354323335117843
2020-21,new,GSW,SAS,0.031766784888443
2020-21,new,GSW,TOR,0.004023376372790624
2020-21,new,GSW,UTA,0.0004870689744611494
2020-21,new,GSW,WAS,0.002888196392216214
2020-21,new,HOU,ATL,0.020535414266630803
2020-21,new,HOU,BKN,8.351293227892241e-06
2020-21,new,HOU,BOS,0.005022670605077709
2020-21,new,HOU,CHA,0.015517287506043743
2020-21,new,HOU,CHI,0.0027920449240046506
2020-21,new,HOU,CLE,0.0003221895405454727
2020-21,new,HOU,DAL,0.0
2020-21,new,HOU,DEN,0.0012143394541864188
2020-21,new,HOU,DET,0.0037502696374350965
2020-21,new,HOU,GSW,0.006175560421100322
2020-21,new,HOU,IND,0.009795627076655598
2020-21,new,HOU,LAC,0.0004124461288226703
2020-21,new,HOU,LAL,0.0050729507498860505
2020-21,new,HOU,MEM,0.00622677788580497
2020-21,new,HOU,MIA,0.0
2020-21,new,HOU,MIL,8.482597793396242e-06
2020-21,new,HOU,MIN,0.00152283884747766
2020-21,new,HOU,NOP,0.02870170017437393
2020-21,new,HOU,NYK,0.06949722789537198
2020-21,new,HOU,OKC,0.016953125156056747
2020-21,new,HOU,ORL,0.001573080888019889
2020-21,new,HOU,PHI,0.002021551731620626
2020-21,new,HOU,PHX,0.007556737015119918
2020-21,new,HOU,POR,0.03604391185430295
2020-21,new,HOU,SAC,0.006575616431863187
2020-21,new,HOU,SAS,0.013283930410438512
2020-21,new,HOU,TOR,0.0011174570782141447
2020-21,new,HOU,UTA,0.0
2020-21,new,HOU,WAS,0.0013362943364628001
2020-21,new,IND,ATL,0.016800055995352205
2020-21,new,IND,BKN,6.169181126410719e-05
2020-21,new,IND,BOS,0.02689383108444694
2020-21,new,IND,CHA,0.03357557097659683
2020-21,new,IND,CHI,0.0037115969102048184
2020-21,new,IND,CLE,0.0009409937588734776
2020-21,new,IND,DAL,0.0
2020-21,new,IND,DEN,0.0007110674808897366
2020-21,new,IND,DET,0.0004216056478466709
2020-21,new,IND,GSW,0.0014518895602682995
2020-21,new,IND,HOU,0.01048156171892609
2020-21,new,IND,LAC,0.0002303340537714419
2020-21,new,IND,LAL,0.0022669097276893087
2020-21,new,IND,MEM,0.0034509866268656445
2020-21,new,IND,MIA,0.0
2020-21,new,IND,MIL,1.695698520554037e-05
2020-21,new,IND,MIN,0.00020138284386358446
2020-21,new,IND,NOP,0.0002563307759259386
2020-21,new,IND,NYK,0.04040719021538598
2020-21,new,IND,OKC,0.015801185539899523
2020-21,new,IND,ORL,0.006123812294883203
2020-21,new,IND,PHI,1.8318965790215234e-05
2020-21,new,IND,PHX,3.987069024929199e-05
2020-21,new,IND,POR,4.4719827871223726e-05
2020-21,new,IND,SAC,0.00025624469338921544
2020-21,new,IND,SAS,0.0010007857683053958
2020-21,new,IND,TOR,0.0038878260173890074
2020-21,new,IND,UTA,0.0
2020-21,new,IND,WAS,0.00229624076902733
2020-21,new,LAC,ATL,0.0018644864785718536
2020-21,new,LAC,BKN,0.04883216622237374
2020-21,new,LAC,BOS,0.001314189697858253
2020-21,new,LAC,CHA,0.0023369268957289845
2020-21,new,LAC,CHI,0.0007770426322294638
2020-21,new,LAC,CLE,0.0006372398217015497
2020-21,new,LAC,DAL,0.0
2020-21,new,LAC,DEN,0.03579283728954034
2020-21,new,LAC,DET,0.0023828126098719773
2020-21,new,LAC,GSW,0.011977427565778543
2020-21,new,LAC,HOU,0.07293322028139113
2020-21,new,LAC,IND,0.0034679314537793965
2020-21,new,LAC,LAL,0.008971572538321558
2020-21,new,LAC,MEM,0.01249359896058225
2020-21,new,LAC,MIA,0.0
2020-21,new,LAC,MIL,5.646875353767395e-08
2020-21,new,LAC,MIN,0.0027197072264519605
2020-21,new,LAC,NOP,0.007062444571517879
2020-21,new,LAC,NYK,0.012253580996686279
2020-21,new,LAC,OKC,0.002521821118244933
2020-21,new,LAC,ORL,0.013562256209204798
2020-21,new,LAC,PHI,0.02718857780468233
2020-21,new,LAC,PHX,0.02065662886966211
2020-21,new,LAC,POR,0.014136584215749311
2020-21,new,LAC,SAC,0.0018058238394902087
2020-21,new,LAC,SAS,0.0023492136397233283
2020-21,new,LAC,TOR,0.0003241110730260865
2020-21,new,LAC,UTA,0.007019396619469826
2020-21,new,LAC,WAS,0.003520365690075532
2020-21,new,LAL,ATL,0.032537044038414085
2020-21,new,LAL,BKN,0.005075700409260804
2020-21,new,LAL,BOS,0.007213618121866284
2020-21,new,LAL,CHA,0.0037070032518242116
2020-21,new,LAL,CHI,0.007056233836697788
2020-21,new,LAL,CLE,0.0009790840949306726
2020-21,new,LAL,DAL,0.0
2020-21,new,LAL,DEN,0.01502632740005803
2020-21,new,LAL,DET,0.0021654096066124795
2020-21,new,LAL,GSW,0.013550659433103395
2020-21,new,LAL,HOU,0.036564655447507206
2020-21,new,LAL,IND,0.002501186687978605
2020-21,new,LAL,LAC,0.010546066885260096
2020-21,new,LAL,MEM,0.032722332590819234
2020-21,new,LAL,MIA,0.0
2020-21,new,LAL,MIL,0.0
2020-21,new,LAL,MIN,0.0032915995560826314
2020-21,new,LAL,NOP,0.08095835451837693
2020-21,new,LAL,NYK,0.1391264508591448
2020-21,new,LAL,OKC,0.0036263469395685353
2020-21,new,LAL,ORL,0.002060258600562175
2020-21,new,LAL,PHI,0.006215517270491169
2020-21,new,LAL,PHX,0.005736591765914988
2020-21,new,LAL,POR,0.18000754404200864
2020-21,new,LAL,SAC,0.00019551694192237648
2020-21,new,LAL,SAS,0.0073786296592477305
2020-21,new,LAL,TOR,8.046451668357069e-05
2020-21,new,LAL,UTA,0.0033663793371444374
2020-21,new,LAL,WAS,0.0006375064729307392
2020-21,new,MEM,ATL,0.014020187656264059
2020-21,new,MEM,BKN,0.0049442349245836
2020-21,new,MEM,BOS,0.014580218914514161
2020-21,new,MEM,CHA,0.00905772533562642
2020-21,new,MEM,CHI,0.0012634186487141194
2020-21,new,MEM,CLE,0.0006377169586234047
2020-21,new,MEM,DAL,0.0
2020-21,new,MEM,DEN,0.003195880234987982
2020-21,new,MEM,DET,0.0019046336896356253
2020-21,new,MEM,GSW,0.07126354181905112
2020-21,new,MEM,HOU,0.04387580798017583
2020-21,new,MEM,IND,0.008782698331695702
2020-21,new,MEM,LAC,0.0022623922760951626
2020-21,new,MEM,LAL,0.01004123149566968
2020-21,new,MEM,MIA,0.0
2020-21,new,MEM,MIL,0.0
2020-21,new,MEM,MIN,0.003909727046786963
2020-21,new,MEM,NOP,0.033468380389419884
2020-21,new,MEM,NYK,0.09100675487122963
2020-21,new,MEM,OKC,0.02303313586184482
2020-21,new,MEM,ORL,0.0010772541174099868
2020-21,new,MEM,PHI,0.0055441810160971675
2020-21,new,MEM,PHX,0.002377303867528851
2020-21,new,MEM,POR,0.05772225279969179
2020-21,new,MEM,SAC,0.01185061646208957
2020-21,new,MEM,SAS,0.04059145534970001
2020-21,new,MEM,TOR,0.0005195365501741579
2020-21,new,MEM,UTA,0.0002187500037413476
2020-21,new,MEM,WAS,0.0007937680398776557
2020-21,new,MIA,ATL,0.035443314573583344
2020-21,new,MIA,BKN,0.0036053340653045872
2020-21,new,MIA,BOS,0.05028673952502383
2020-21,new,MIA,CHA,0.044225533673724955
2020-21,new,MIA,CHI,0.003059408244840506
2020-21,new,MIA,CLE,0.0003931477951119506
2020-21,new,MIA,DAL,0.0
2020-21,new,MIA,DEN,0.009742282074514852
2020-21,new,MIA,DET,4.0948278820623844e-05
2020-21,new,MIA,GSW,0.01588562125417458
2020-21,new,MIA,HOU,0.21007585065585865
2020-21,new,MIA,IND,0.050847646237313
2020-21,new,MIA,LAC,0.008869342787897793
2020-21,new,MIA,LAL,0.013759027029665154
2020-21,new,MIA,MEM,0.015432506063200735
2020-21,new,MIA,MIL,8.474387412144129e-06
2020-21,new,MIA,MIN,2.41882190620518e-05
2020-21,new,MIA,NOP,0.012890629192038788
2020-21,new,MIA,NYK,0.0873296555587802
2020-21,new,MIA,OKC,0.1527629312126223
2020-21,new,MIA,ORL,0.006801699040020532
2020-21,new,MIA,PHI,0.005539870720501219
2020-21,new,MIA,PHX,0.006082914812911346
2020-21,new,MIA,POR,0.022433728901749668
2020-21,new,MIA,SAC,0.002212622334792454
2020-21,new,MIA,SAS,0.01389913520337607
2020-21,new,MIA,TOR,0.004368399481798837
2020-21,new,MIA,UTA,0.0010215517401631021
2020-21,new,MIA,WAS,0.003326603141115792
2020-21,new,MIL,ATL,0.0034626951733148933
2020-21,new,MIL,BKN,0.015767241491101168
2020-21,new,MIL,BOS,0.0020798947085834693
2020-21,new,MIL,CHA,0.0022170708498154496
2020-21,new,MIL,CHI,2.743243177566659e-05
2020-21,new,MIL,CLE,2.6325037850115084e-05
2020-21,new,MIL,DAL,0.0
2020-21,new,MIL,DEN,0.02484744901798437
2020-21,new,MIL,DET,0.00036745693741350197
2020-21,new,MIL,GSW,0.0016540052442751562
2020-21,new,MIL,HOU,0.1455662663012845
2020-21,new,MIL,IND,0.0023053835365173555
2020-21,new,MIL,LAC,0.021361530023940103
2020-21,new,MIL,LAL,0.016216323489040604
2020-21,new,MIL,MEM,0.008437389513172893
2020-21,new,MIL,MIA,0.0
2020-21,new,MIL,MIN,0.0
2020-21,new,MIL,NOP,0.004141667759281442
2020-21,new,MIL,NYK,0.017062254254985407
2020-21,new,MIL,OKC,0.0018841595250856263
2020-21,new,MIL,ORL,0.0054822936991943075
2020-21,new,MIL,PHI,0.014036638038794926
2020-21,new,MIL,PHX,0.010073418119068733
2020-21,new,MIL,POR,0.00048114224997397267
2020-21,new,MIL,SAC,0.002233873136321691
2020-21,new,MIL,SAS,0.005545842650601304
2020-21,new,MIL,TOR,0.0011328777162187681
2020-21,new,MIL,UTA,0.002156250037028101
2020-21,new,MIL,WAS,0.004047495454092348
2020-21,new,MIN,ATL,0.001894333655198711
2020-21,new,MIN,BKN,0.008521821166705823
2020-21,new,MIN,BOS,0.001180911754583196
2020-21,new,MIN,CHA,0.0009467093924217466
2020-21,new,MIN,CHI,0.00035535940077505157
2020-21,new,MIN,CLE,0.0002961776949405348
2020-21,new,MIN,DAL,0.0
2020-21,new,MIN,DEN,0.01162199415541344
2020-21,new,MIN,DET,0.0027306036974488073
2020-21,new,MIN,GSW,0.017421098076806477
2020-21,new,MIN,HOU,0.033588849312021433
2020-21,new,MIN,IND,0.00039549376637700826
2020-21,new,MIN,LAC,0.009539601371727949
2020-21,new,MIN,LAL,0.01639273451117283
2020-21,new,MIN,MEM,0.00037915730782381595
2020-21,new,MIN,MIA,0.0
2020-21,new,MIN,MIL,0.0
2020-21,new,MIN,NOP,0.004622975252240545
2020-21,new,MIN,NYK,0.02244158812047048
2020-21,new,MIN,OKC,0.002845097094641773
2020-21,new,MIN,ORL,0.002931934550462975
2020-21,new,MIN,PHI,0.009837284574831098
2020-21,new,MIN,PHX,0.012398674124208751
2020-21,new,MIN,POR,0.0033157328254109697
2020-21,new,MIN,SAC,0.004922796975436909
2020-21,new,MIN,SAS,0.008914367704597815
2020-21,new,MIN,TOR,0.0001157238518769607
2020-21,new,MIN,UTA,0.0022015086560638556
2020-21,new,MIN,WAS,0.00021989718304603619
2020-21,new,NOP,ATL,0.03488854930294419
2020-21,new,NOP,BKN,0.004577855603821608
2020-21,new,NOP,BOS,0.023253334741919682
2020-21,new,NOP,CHA,0.03748912476506346
2020-21,new,NOP,CHI,0.0025663063224600218
2020-21,new,NOP,CLE,0.00024999887667120387
2020-21,new,NOP,DAL,0.0
2020-21,new,NOP,DEN,0.003209172703030203
2020-21,new,NOP,DET,0.002772090554313637
2020-21,new,NOP,GSW,0.016460671333620745
2020-21,new,NOP,HOU,0.04757262677033552
2020-21,new,NOP,IND,0.042093399767801784
2020-21,new,NOP,LAC,0.00036045258971139916
2020-21,new,NOP,LAL,0.01343080698441255
2020-21,new,NOP,MEM,0.04719762573300883
2020-21,new,NOP,MIA,0.0
2020-21,new,NOP,MIL,3.160055384428077e-05
2020-21,new,NOP,MIN,0.001265415538736456
2020-21,new,NOP,NYK,0.07279842118086748
2020-21,new,NOP,OKC,0.017166756699965664
2020-21,new,NOP,ORL,0.000399905098368961
2020-21,new,NOP,PHI,0.00363469827237764
2020-21,new,NOP,PHX,0.005842137241175053
2020-21,new,NOP,POR,0.10603044207603268
2020-21,new,NOP,SAC,0.009980949813784033
2020-21,new,NOP,SAS,0.02773376407074113
2020-21,new,NOP,TOR,0.0013313666813027337
2020-21,new,NOP,UTA,0.0028211206872947514
2020-21,new,NOP,WAS,0.0008129067628004511
2020-21,new,NYK,ATL,0.05001478715327722
2020-21,new,NYK,BKN,0.004902478454831251
2020-21,new,NYK,BOS,0.03258345129701373
2020-21,new,NYK,CHA,0.03480174007242473
2020-21,new,NYK,CHI,0.004305476950920118
2020-21,new,NYK,CLE,0.00037143387952233024
2020-21,new,NYK,DAL,0.0
2020-21,new,NYK,DEN,0.0054950758671121055
2020-21,new,NYK,DET,0.0006045258983945603
2020-21,new,NYK,GSW,0.010306943513252126
2020-21,new,NYK,HOU,0.07240493333029133
2020-21,new,NYK,IND,0.04092778724166614
2020-21,new,NYK,LAC,0.007784213436815631
2020-21,new,NYK,LAL,0.013487147785639843
2020-21,new,NYK,MEM,0.014208874494796818
2020-21,new,NYK,MIA,0.0
2020-21,new,NYK,MIL,4.001847250288722e-05
2020-21,new,NYK,MIN,0.00011518877788435197
2020-21,new,NYK,NOP,0.00448336721012385
2020-21,new,NYK,OKC,0.05199434295651938
2020-21,new,NYK,ORL,0.000910900950144876
2020-21,new,NYK,PHI,0.004015086215021539
2020-21,new,NYK,PHX,0.00045165173866021656
2020-21,new,NYK,POR,0.009529633795689984
2020-21,new,NYK,SAC,0.0028616988333539576
2020-21,new,NYK,SAS,0.013918554658419315
2020-21,new,NYK,TOR,0.005266116918978161
2020-21,new,NYK,UTA,0.0027683189773032883
2020-21,new,NYK,WAS,0.0009947983122245516
2020-21,new,OKC,ATL,0.0018530114359350271
2020-21,new,OKC,BKN,0.03146336223488545
2020-21,new,OKC,BOS,0.003273742279848929
2020-21,new,OKC,CHA,0.0028353436240592667
2020-21,new,OKC,CHI,0.004955365994238208
2020-21,new,OKC,CLE,0.0018621360592125766
2020-21,new,OKC,DAL,0.0
2020-21,new,OKC,DEN,0.033939347411606535
2020-21,new,OKC,DET,0.006710399141422761
2020-21,new,OKC,GSW,0.008787183486576517
2020-21,new,OKC,HOU,0.029025862096881103
2020-21,new,OKC,IND,0.0024131575805950013
2020-21,new,OKC,LAC,0.010664601382008627
2020-21,new,OKC,LAL,0.005680236587643553
2020-21,new,OKC,MEM,0.042907373976235674
2020-21,new,OKC,MIA,0.0
2020-21,new,OKC,MIL,0.0
2020-21,new,OKC,MIN,0.011242329403555764
2020-21,new,OKC,NOP,0.010163546765488925
2020-21,new,OKC,NYK,0.05247692162378672
2020-21,new,OKC,ORL,0.0154278591942521
2020-21,new,OKC,PHI,0.00725431037593055
2020-21,new,OKC,PHX,0.007133242633687606
2020-21,new,OKC,POR,0.01123976313745892
2020-21,new,OKC,SAC,0.004902048030196944
2020-21,new,OKC,SAS,0.02049778133168586
2020-21,new,OKC,TOR,0.0006007985692445992
2020-21,new,OKC,UTA,0.0022058189967807764
2020-21,new,OKC,WAS,0.004824725725419576
2020-21,new,ORL,ATL,0.007270524215740301
2020-21,new,ORL,BKN,0.014289062446593469
2020-21,new,ORL,BOS,0.004810177017493109
2020-21,new,ORL,CHA,0.001635415094629229
2020-21,new,ORL,CHI,0.0014167417790961593
2020-21,new,ORL,CLE,0.0018669374139808005
2020-21,new,ORL,DAL,0.0
2020-21,new,ORL,DEN,0.010323894924749454
2020-21,new,ORL,DET,0.012666487335648933
2020-21,new,ORL,GSW,0.01699485316718682
2020-21,new,ORL,HOU,0.010841875538186356
2020-21,new,ORL,IND,0.0013794527646904772
2020-21,new,ORL,LAC,0.013174568992670116
2020-21,new,ORL,LAL,0.0010693781261109892
2020-21,new,ORL,MEM,0.00825464092206829
2020-21,new,ORL,MIA,0.0
2020-21,new,ORL,MIL,6.467924047934376e-08
2020-21,new,ORL,MIN,0.012731568191304866
2020-21,new,ORL,NOP,0.01203539799135164
2020-21,new,ORL,NYK,0.01677477716354099
2020-21,new,ORL,OKC,0.013473329526464583
2020-21,new,ORL,PHI,0.0003426724235559332
2020-21,new,ORL,PHX,2.9094828019753613e-05
2020-21,new,ORL,POR,0.028251347230418163
2020-21,new,ORL,SAC,0.0011400343267657328
2020-21,new,ORL,SAS,0.01335349202705521
2020-21,new,ORL,TOR,0.0038643425517589174
2020-21,new,ORL,UTA,0.0
2020-21,new,ORL,WAS,0.0042438252431043905
2020-21,new,PHI,ATL,0.00841295736799952
2020-21,new,PHI,BKN,0.03707165943247925
2020-21,new,PHI,BOS,0.00771839151810425
2020-21,new,PHI,CHA,0.010012264837506014
2020-21,new,PHI,CHI,0.002119848514457987
2020-21,new,PHI,CLE,0.0014913936187905363
2020-21,new,PHI,DAL,0.0
2020-21,new,PHI,DEN,0.03942534217918176
2020-21,new,PHI,DET,0.002292564716410887
2020-21,new,PHI,GSW,0.007493044423719176
2020-21,new,PHI,HOU,0.035346318526323466
2020-21,new,PHI,IND,0.009396451471661802
2020-21,new,PHI,LAC,0.04462634719089316
2020-21,new,PHI,LAL,0.011256428527672922
2020-21,new,PHI,MEM,0.005152787976562592
2020-21,new,PHI,MIA,0.0
2020-21,new,PHI,MIL,0.0
2020-21,new,PHI,MIN,0.008139214334945447
2020-21,new,PHI,NOP,0.00649142666882025
2020-21,new,PHI,NYK,0.026995771255067996
2020-21,new,PHI,OKC,0.017112338189878663
2020-21,new,PHI,ORL,0.0023530435568788186
2020-21,new,PHI,PHX,0.02140628219264758
2020-21,new,PHI,POR,0.0028273168634543005
2020-21,new,PHI,SAC,0.0009964594301448962
2020-21,new,PHI,SAS,0.003032989457850468
2020-21,new,PHI,TOR,0.0011365113299561663
2020-21,new,PHI,UTA,0.0071508868360101105
2020-21,new,PHI,WAS,0.0008032213249936835
2020-21,new,PHX,ATL,0.014850139827464057
2020-21,new,PHX,BKN,0.017474407453214394
2020-21,new,PHX,BOS,0.007658063862443122
2020-21,new,PHX,CHA,0.009506796935127609
2020-21,new,PHX,CHI,0.004837826246863375
2020-21,new,PHX,CLE,0.0004295719574327388
2020-21,new,PHX,DAL,0.0
2020-21,new,PHX,DEN,0.013098276303758448
2020-21,new,PHX,DET,0.0011955820096271298
2020-21,new,PHX,GSW,0.007121075234875366
2020-21,new,PHX,HOU,0.023159932695674925
2020-21,new,PHX,IND,0.004280958467435292
2020-21,new,PHX,LAC,0.02146443981904103
2020-21,new,PHX,LAL,0.007415725824127246
2020-21,new,PHX,MEM,0.007553464411056629
2020-21,new,PHX,MIA,0.0
2020-21,new,PHX,MIL,2.5423162236432388e-05
2020-21,new,PHX,MIN,0.002234908923634567
2020-21,new,PHX,NOP,0.0041409178424311405
2020-21,new,PHX,NYK,0.012353533113253568
2020-21,new,PHX,OKC,0.007008890497442014
2020-21,new,PHX,ORL,0.0032775962524267694
2020-21,new,PHX,PHI,0.02146767256107053
2020-21,new,PHX,POR,0.0006400862181607377
2020-21,new,PHX,SAC,0.0022219591713363083
2020-21,new,PHX,SAS,0.003983208403103559
2020-21,new,PHX,TOR,0.0010542121036871681
2020-21,new,PHX,UTA,0.021940708141502972
2020-21,new,PHX,WAS,0.0006193972689164906
2020-21,new,POR,ATL,0.040571358833694206
2020-21,new,POR,BKN,0.030554957037213552
2020-21,new,POR,BOS,0.013863049537430847
2020-21,new,POR,CHA,0.009234006344566274
2020-21,new,POR,CHI,0.0021219966803362788
2020-21,new,POR,CLE,0.00042387328203913376
2020-21,new,POR,DAL,0.0
2020-21,new,POR,DEN,0.015195779288260436
2020-21,new,POR,DET,3.3943967969991776e-05
2020-21,new,POR,GSW,0.02000516259717878
2020-21,new,POR,HOU,0.15387461183905798
2020-21,new,POR,IND,0.020745736167200057
2020-21,new,POR,LAC,0.028378232713700435
2020-21,new,POR,LAL,0.1046731729862256
2020-21,new,POR,MEM,0.04407878536670904
2020-21,new,POR,MIA,0.0
2020-21,new,POR,MIL,0.0
2020-21,new,POR,MIN,0.00024233393973161293
2020-21,new,POR,NOP,0.10333197954235449
2020-21,new,POR,NYK,0.14938051695776777
2020-21,new,POR,OKC,0.031514008757016015
2020-21,new,POR,ORL,0.0024946648762961304
2020-21,new,POR,PHI,0.01619935343676279
2020-21,new,POR,PHX,0.013341804384049867
2020-21,new,POR,SAC,0.0018042483589434406
2020-21,new,POR,SAS,0.021994702336333088
2020-21,new,POR,TOR,0.0031467866438478504
2020-21,new,POR,UTA,0.00284911326354506
2020-21,new,POR,WAS,0.001876666323010567
2020-21,new,SAC,ATL,0.013317466069009798
2020-21,new,SAC,BKN,0.0026029095317815143
2020-21,new,SAC,BOS,0.009533035655120021
2020-21,new,SAC,CHA,0.0029833440088099187
2020-21,new,SAC,CHI,0.007210580155606296
2020-21,new,SAC,CLE,0.0010472904166631495
2020-21,new,SAC,DAL,0.0
2020-21,new,SAC,DEN,0.008379555875668264
2020-21,new,SAC,DET,0.0014014010188563185
2020-21,new,SAC,GSW,0.021187990910982453
2020-21,new,SAC,HOU,0.012477370773819432
2020-21,new,SAC,IND,0.001929258911362106
2020-21,new,SAC,LAC,0.004292025940215761
2020-21,new,SAC,LAL,0.009370619601422495
2020-21,new,SAC,MEM,0.040121320376231354
2020-21,new,SAC,MIA,0.0
2020-21,new,SAC,MIL,0.0
2020-21,new,SAC,MIN,0.0036384871254477764
2020-21,new,SAC,NOP,0.02877185593243763
2020-21,new,SAC,NYK,0.1183319883054626
2020-21,new,SAC,OKC,0.014683189688788342
2020-21,new,SAC,ORL,0.004203884858813799
2020-21,new,SAC,PHI,0.0020387931323835057
2020-21,new,SAC,PHX,0.014934868751193354
2020-21,new,SAC,POR,0.05086018384916001
2020-21,new,SAC,SAS,0.016920863689189387
2020-21,new,SAC,TOR,0.0015211958033039103
2020-21,new,SAC,UTA,3.340517291156897e-05
2020-21,new,SAC,WAS,0.00016381963532126188
2020-21,new,SAS,ATL,0.016431290629438038
2020-21,new,SAS,BKN,0.0035285560567943587
2020-21,new,SAS,BOS,0.0028198813727397694
2020-21,new,SAS,CHA,0.007755479882950511
2020-21,new,SAS,CHI,0.010004219668965676
2020-21,new,SAS,CLE,0.0006381385965927433
2020-21,new,SAS,DAL,0.0
2020-21,new,SAS,DEN,0.014098611692241917
2020-21,new,SAS,DET,0.00016379310687249205
2020-21,new,SAS,GSW,0.025683937587928987
2020-21,new,SAS,HOU,0.07133270522708009
2020-21,new,SAS,IND,0.005194305247705562
2020-21,new,SAS,LAC,0.007055495661133418
2020-21,new,SAS,LAL,0.019617716474562757
2020-21,new,SAS,MEM,0.03155390499095619
2020-21,new,SAS,MIA,0.0
2020-21,new,SAS,MIL,0.0
2020-21,new,SAS,MIN,0.0011797159150497966
2020-21,new,SAS,NOP,0.030209849690326786
2020-21,new,SAS,NYK,0.03393148061522411
2020-21,new,SAS,OKC,0.007706896740630075
2020-21,new,SAS,ORL,0.006630836200760811
2020-21,new,SAS,PHI,0.004451508678913373
2020-21,new,SAS,PHX,0.003858119407366381
2020-21,new,SAS,POR,0.06899164943917702
2020-21,new,SAS,SAC,0.005182535365214112
2020-21,new,SAS,TOR,0.004219706002708024
2020-21,new,SAS,UTA,0.006894396555947203
2020-21,new,SAS,WAS,0.002129153396921355
2020-21,new,TOR,ATL,0.0020796685067939226
2020-21,new,TOR,BKN,0.008897629396062636
2020-21,new,TOR,BOS,0.002033063275405974
2020-21,new,TOR,CHA,0.003200410034840409
2020-21,new,TOR,CHI,0.02613361559108539
2020-21,new,TOR,CLE,0.0027401542579458308
2020-21,new,TOR,DAL,0.0
2020-21,new,TOR,DEN,0.010847089703025652
2020-21,new,TOR,DET,0.0016212284783551725
2020-21,new,TOR,GSW,0.03277559278689221
2020-21,new,TOR,HOU,0.013952000901363447
2020-21,new,TOR,IND,0.009137423917905887
2020-21,new,TOR,LAC,0.002994342711714001
2020-21,new,TOR,LAL,0.0002894680557559017
2020-21,new,TOR,MEM,0.012815195497456659
2020-21,new,TOR,MIA,0.0
2020-21,new,TOR,MIL,0.0
2020-21,new,TOR,MIN,0.001175230709225318
2020-21,new,TOR,NOP,0.01932449490669276
2020-21,new,TOR,NYK,0.01005319619317152
2020-21,new,TOR,OKC,0.004955549690318455
2020-21,new,TOR,ORL,0.007013629461297599
2020-21,new,TOR,PHI,0.006665948431071793
2020-21,new,TOR,PHX,0.0014288974771245293
2020-21,new,TOR,POR,0.016687769684659574
2020-21,new,TOR,SAC,0.005185560226560557
2020-21,new,TOR,SAS,0.007320869928984135
2020-21,new,TOR,UTA,0.0004687500073060649
2020-21,new,TOR,WAS,0.01676888193820514
2020-21,new,UTA,ATL,0.006981366789812993
2020-21,new,UTA,BKN,0.007434267345815898
2020-21,new,UTA,BOS,0.0014877082737746671
2020-21,new,UTA,CHA,0.0011572626506368543
2020-21,new,UTA,CHI,0.0023935448798849766
2020-21,new,UTA,CLE,0.0006802084186563599
2020-21,new,UTA,DAL,0.0
2020-21,new,UTA,DEN,0.0026390614867052337
2020-21,new,UTA,DET,0.001970905359445043
2020-21,new,UTA,GSW,0.009787783944462416
2020-21,new,UTA,HOU,0.021339977901240266
2020-21,new,UTA,IND,0.0018795635020834938
2020-21,new,UTA,LAC,0.008560883698559462
2020-21,new,UTA,LAL,0.02086017696071079
2020-21,new,UTA,MEM,0.0017510103361125305
2020-21,new,UTA,MIA,0.0
2020-21,new,UTA,MIL,0.0
2020-21,new,UTA,MIN,0.00024102618979731212
2020-21,new,UTA,NOP,0.022137815689162506
2020-21,new,UTA,NYK,0.016546296997271823
2020-21,new,UTA,OKC,0.00276616386816323
2020-21,new,UTA,ORL,0.007219518236527714
2020-21,new,UTA,PHI,0.009716594921794301
2020-21,new,UTA,PHX,0.030052718025832294
2020-21,new,UTA,POR,0.00013604526209307769
2020-21,new,UTA,SAC,0.00011171026181857306
2020-21,new,UTA,SAS,0.00224279361349829
2020-21,new,UTA,TOR,0.004500703368707867
2020-21,new,UTA,WAS,0.0015558702648977014
2020-21,new,WAS,ATL,0.01515013161165919
2020-21,new,WAS,BKN,0.004273168130673403
2020-21,new,WAS,BOS,0.03516153450471899
2020-21,new,WAS,CHA,0.04568145979069696
2020-21,new,WAS,CHI,0.025137083989283354
2020-21,new,WAS,CLE,0.001361424882937442
2020-21,new,WAS,DAL,0.0
2020-21,new,WAS,DEN,0.004016082167139781
2020-21,new,WAS,DET,0.0019412716991942503
2020-21,new,WAS,GSW,0.008233994426752716
2020-21,new,WAS,HOU,0.03599018281560535
2020-21,new,WAS,IND,0.04319666307429563
2020-21,new,WAS,LAC,0.004219827632086578
2020-21,new,WAS,LAL,0.007275769606099755
2020-21,new,WAS,MEM,0.004559554864463949
2020-21,new,WAS,MIA,0.0
2020-21,new,WAS,MIL,8.474387412144129e-06
2020-21,new,WAS,MIN,0.0017500661505929036
2020-21,new,WAS,NOP,0.002350971392805726
2020-21,new,WAS,NYK,0.024217175891495746
2020-21,new,WAS,OKC,0.009459590591522382
2020-21,new,WAS,ORL,0.01008892376004464
2020-21,new,WAS,PHI,0.0038976293280399564
2020-21,new,WAS,PHX,7.241489806088355e-05
2020-21,new,WAS,POR,0.01775646562706117
2020-21,new,WAS,SAC,0.0008639463963507179
2020-21,new,WAS,SAS,0.002064323479250081
2020-21,new,WAS,TOR,0.012367170580382414
2020-21,new,WAS,UTA,0.0017650862177833913
2020-21,old,ATL,BKN,0.006056034526354152
2020-21,old,ATL,BOS,0.0204153509902277
2020-21,old,ATL,CHA,0.027060482185195765
2020-21,old,ATL,CHI,0.006715763012613177
2020-21,old,ATL,CLE,0.0027411905825866193
2020-21,old,ATL,DAL,0.0
2020-21,old,ATL,DEN,0.007264788775301108
2020-21,old,ATL,DET,3.475215312109555e-05
2020-21,old,ATL,GSW,0.0162753463002953
2020-21,old,ATL,HOU,0.032758620142543306
2020-21,old,ATL,IND,0.019229368965112764
2020-21,old,ATL,LAC,0.006961745724748372
2020-21,old,ATL,LAL,0.026015300727503545
2020-21,old,ATL,MEM,0.014059617618122652
2020-21,old,ATL,MIA,0.0
2020-21,old,ATL,MIL,0.0
2020-21,old,ATL,MIN,0.002969617266744179
2020-21,old,ATL,NOP,0.005387244509161532
2020-21,old,ATL,NYK,0.06511405616699861
2020-21,old,ATL,OKC,0.02058997852011214
2020-21,old,ATL,ORL,0.0027006143821476703
2020-21,old,ATL,PHI,0.00019396552021197725
2020-21,old,ATL,PHX,0.002693965747945566
2020-21,old,ATL,POR,0.0003728448343864674
2020-21,old,ATL,SAC,0.01200316760833999
2020-21,old,ATL,SAS,0.015468103042659798
2020-21,old,ATL,TOR,0.004780563494641971
2020-21,old,ATL,UTA,0.0011573276035327078
2020-21,old,ATL,WAS,0.0032945665427614383
2020-21,old,BKN,ATL,0.01043266308951796
2020-21,old,BKN,BOS,0.008584256500135895
2020-21,old,BKN,CHA,0.014285159537726999
2020-21,old,BKN,CHI,0.00020469496690881793
2020-21,old,BKN,CLE,9.290165388807415e-05
2020-21,old,BKN,DAL,0.0
2020-21,old,BKN,DEN,0.04727762061894471
2020-21,old,BKN,DET,0.0007575432340421806
2020-21,old,BKN,GSW,0.015161176281502734
2020-21,old,BKN,HOU,0.061943427219862464
2020-21,old,BKN,IND,0.013629844492065507
2020-21,old,BKN,LAC,0.051465517166070646
2020-21,old,BKN,LAL,0.01010446927322074
2020-21,old,BKN,MEM,0.01137121396431328
2020-21,old,BKN,MIA,0.0
2020-21,old,BKN,MIL,0.0
2020-21,old,BKN,MIN,0.019646119529654484
2020-21,old,BKN,NOP,0.003664231964286296
2020-21,old,BKN,NYK,0.023474727037279267
2020-21,old,BKN,OKC,0.024233028078732753
2020-21,old,BKN,ORL,0.001940814580477145
2020-21,old,BKN,PHI,0.027007543204737635
2020-21,old,BKN,PHX,0.017507543207852753
2020-21,old,BKN,POR,0.003223329768496053
2020-21,old,BKN,SAC,0.002042770290196754
2020-21,old,BKN,SAS,0.004287739599756529
2020-21,old,BKN,TOR,0.0001528074633358138
2020-21,old,BKN,UTA,0.005969827659267546
2020-21,old,BKN,WAS,0.005756234843320929
2020-21,old,BOS,ATL,0.04143237760641698
2020-21,old,BOS,BKN,0.005834321167002881
2020-21,old,BOS,CHA,0.015398028723260281
2020-21,old,BOS,CHI,0.004676426180720574
2020-21,old,BOS,CLE,0.0010169307599669371
2020-21,old,BOS,DAL,0.0
2020-21,old,BOS,DEN,0.005815685157870699
2020-21,old,BOS,DET,0.0024986529698121703
2020-21,old,BOS,GSW,0.01810479790938275
2020-21,old,BOS,HOU,0.043080508949170856
2020-21,old,BOS,IND,0.017314446393612827
2020-21,old,BOS,LAC,0.0087427263325562
2020-21,old,BOS,LAL,0.011989098005817753
2020-21,old,BOS,MEM,0.014167691026429346
2020-21,old,BOS,MIA,0.0
2020-21,old,BOS,MIL,9.912627257139759e-07
2020-21,old,BOS,MIN,0.00914837686012476
2020-21,old,BOS,NOP,0.004817138881443711
2020-21,old,BOS,NYK,0.032711488198502385
2020-21,old,BOS,OKC,0.027126885141920423
2020-21,old,BOS,ORL,0.007352824812672177
2020-21,old,BOS,PHI,0.0036099138098833116
2020-21,old,BOS,PHX,0.0037898707552589403
2020-21,old,BOS,POR,0.013379579791016392
2020-21,old,BOS,SAC,0.00609791373806023
2020-21,old,BOS,SAS,0.005223231304564028
2020-21,old,BOS,TOR,0.0030680842250960464
2020-21,old,BOS,UTA,0.004212284519834895
2020-21,old,BOS,WAS,0.003966035878980197
2020-21,old,CHA,ATL,0.007742308766146987
2020-21,old,CHA,BKN,0.00015517241690821693
2020-21,old,CHA,BOS,0.014778095617178414
2020-21,old,CHA,CHI,0.006340399919146414
2020-21,old,CHA,CLE,0.004014827865454765
2020-21,old,CHA,DAL,0.0
2020-21,old,CHA,DEN,0.0014015746487628209
2020-21,old,CHA,DET,0.0011390086654814537
2020-21,old,CHA,GSW,0.009173768352883534
2020-21,old,CHA,HOU,0.024636812215923842
2020-21,old,CHA,IND,0.02643510212818188
2020-21,old,CHA,LAC,0.00021767241824097172
2020-21,old,CHA,LAL,0.0043064790019163275
2020-21,old,CHA,MEM,0.010560354444338052
2020-21,old,CHA,MIA,0.0
2020-21,old,CHA,MIL,9.911717658067069e-07
2020-21,old,CHA,MIN,0.003263237215819355
2020-21,old,CHA,NOP,0.008062093681107373
2020-21,old,CHA,NYK,0.016221415437714326
2020-21,old,CHA,OKC,0.006840247830520543
2020-21,old,CHA,ORL,0.015999965873560628
2020-21,old,CHA,PHI,1.616379334430756e-05
2020-21,old,CHA,PHX,4.525860021585364e-05
2020-21,old,CHA,POR,0.00042268319667622064
2020-21,old,CHA,SAC,0.008570748746563633
2020-21,old,CHA,SAS,0.009510376060969775
2020-21,old,CHA,TOR,0.00994823409315657
2020-21,old,CHA,UTA,1.0775862229538375e-06
2020-21,old,CHA,WAS,0.013498999567019703
2020-21,old,CHI,ATL,0.009712500673599106
2020-21,old,CHI,BKN,0.005515625027955733
2020-21,old,CHI,BOS,0.014556344720152981
2020-21,old,CHI,CHA,0.009664711419985539
2020-21,old,CHI,CLE,0.009905842933349668
2020-21,old,CHI,DAL,0.0
2020-21,old,CHI,DEN,0.010342032071932928
2020-21,old,CHI,DET,0.0021325430991569654
2020-21,old,CHI,GSW,0.009346996650020704
2020-21,old,CHI,HOU,0.04916898295744965
2020-21,old,CHI,IND,0.014074951762182432
2020-21,old,CHI,LAC,0.005048760739797407
2020-21,old,CHI,LAL,0.004770743072024941
2020-21,old,CHI,MEM,0.01217610693942197
2020-21,old,CHI,MIA,0.0
2020-21,old,CHI,MIL,1.1321751206131169e-06
2020-21,old,CHI,MIN,0.000631848955292107
2020-21,old,CHI,NOP,0.028231476461190917
2020-21,old,CHI,NYK,0.023667735816896334
2020-21,old,CHI,OKC,0.03290759706638898
2020-21,old,CHI,ORL,0.08544372677072598
2020-21,old,CHI,PHI,0.002896551718084334
2020-21,old,CHI,PHX,0.0015086205609876773
2020-21,old,CHI,POR,0.0013359374969852443
2020-21,old,CHI,SAC,0.036978542941947315
2020-21,old,CHI,SAS,0.008495449014687469
2020-21,old,CHI,TOR,0.03244249899590821
2020-21,old,CHI,UTA,4.310344891815348e-06
2020-21,old,CHI,WAS,0.021654240125888465
2020-21,old,CLE,ATL,0.004122981708833683
2020-21,old,CLE,BKN,0.0024450431440571517
2020-21,old,CLE,BOS,0.004685082163226492
2020-21,old,CLE,CHA,0.0063433041063707144
2020-21,old,CLE,CHI,0.022308887658045187
2020-21,old,CLE,DAL,0.0
2020-21,old,CLE,DEN,0.018478567299425423
2020-21,old,CLE,DET,0.007691002236177404
2020-21,old,CLE,GSW,0.029953325385450084
2020-21,old,CLE,HOU,0.01744688788770967
2020-21,old,CLE,IND,0.013262185655369019
2020-21,old,CLE,LAC,0.019740301799269975
2020-21,old,CLE,LAL,0.0005812997859645032
2020-21,old,CLE,MEM,0.006627661855197826
2020-21,old,CLE,MIA,0.0
2020-21,old,CLE,MIL,9.914586965648639e-07
2020-21,old,CLE,MIN,0.0446717680245281
2020-21,old,CLE,NOP,0.012546787227971293
2020-21,old,CLE,NYK,0.008694567899351241
2020-21,old,CLE,OKC,0.01968265079443568
2020-21,old,CLE,ORL,0.01761432642692747
2020-21,old,CLE,PHI,0.009784482817069208
2020-21,old,CLE,PHX,0.00140948277938276
2020-21,old,CLE,POR,0.0001438577655614515
2020-21,old,CLE,SAC,0.008103007360358084
2020-21,old,CLE,SAS,0.005467583520114826
2020-21,old,CLE,TOR,0.009746751643693936
2020-21,old,CLE,UTA,0.006663793135948223
2020-21,old,CLE,WAS,0.010711280613049903
2020-21,old,DAL,ATL,0.023625469921767693
2020-21,old,DAL,BKN,0.005761584075818094
2020-21,old,DAL,BOS,0.023893194967196572
2020-21,old,DAL,CHA,0.012439938243746116
2020-21,old,DAL,CHI,0.02640603201026906
2020-21,old,DAL,CLE,0.01449531425847168
2020-21,old,DAL,DEN,0.008337000422142703
2020-21,old,DAL,DET,0.0004100215822008664
2020-21,old,DAL,GSW,0.0329806088378691
2020-21,old,DAL,HOU,0.05758739599335842
2020-21,old,DAL,IND,0.011634756607411345
2020-21,old,DAL,LAC,0.003280980654245499
2020-21,old,DAL,LAL,0.04105737817479242
2020-21,old,DAL,MEM,0.02020174482088981
2020-21,old,DAL,MIA,0.0
2020-21,old,DAL,MIL,7.017690261160839e-07
2020-21,old,DAL,MIN,5.351475362564394e-05
2020-21,old,DAL,NOP,0.013600060491692975
2020-21,old,DAL,NYK,0.3034770809434732
2020-21,old,DAL,OKC,0.0335568426776846
2020-21,old,DAL,ORL,0.011604154687638367
2020-21,old,DAL,PHI,0.0018028017494763284
2020-21,old,DAL,PHX,0.0017504156050220845
2020-21,old,DAL,POR,0.04103933212744746
2020-21,old,DAL,SAC,0.015493862169457221
2020-21,old,DAL,SAS,0.012826954517996175
2020-21,old,DAL,TOR,0.014104330816191824
2020-21,old,DAL,UTA,0.0002054516228662547
2020-21,old,DAL,WAS,0.012423280250091168
2020-21,old,DEN,ATL,0.01974936887841917
2020-21,old,DEN,BKN,0.02829067892158116
2020-21,old,DEN,BOS,0.009295088475368415
2020-21,old,DEN,CHA,0.007025410396488835
2020-21,old,DEN,CHI,0.0008053901226687583
2020-21,old,DEN,CLE,0.0009604569266658859
2020-21,old,DEN,DAL,0.0
2020-21,old,DEN,DET,1.8857758901692162e-06
2020-21,old,DEN,GSW,0.008340522574538312
2020-21,old,DEN,HOU,0.06588712249844383
2020-21,old,DEN,IND,0.005001757094923623
2020-21,old,DEN,LAC,0.028571120849168255
2020-21,old,DEN,LAL,0.04858952403440655
2020-21,old,DEN,MEM,0.0038680167301774464
2020-21,old,DEN,MIA,0.0
2020-21,old,DEN,MIL,0.0
2020-21,old,DEN,MIN,0.00020662706419547402
2020-21,old,DEN,NOP,0.0030620293952602594
2020-21,old,DEN,NYK,0.0318763287412378
2020-21,old,DEN,OKC,0.021252693956685737
2020-21,old,DEN,ORL,0.0007440151301647319
2020-21,old,DEN,PHI,0.015621767231616481
2020-21,old,DEN,PHX,0.005705036217379279
2020-21,old,DEN,POR,0.010079741420079792
2020-21,old,DEN,SAC,0.00013659283114526976
2020-21,old,DEN,SAS,0.002558729838256234
2020-21,old,DEN,TOR,0.00033941333838386753
2020-21,old,DEN,UTA,0.0005258620781663419
2020-21,old,DEN,WAS,0.0013603100590643964
2020-21,old,DET,ATL,0.008855678284027006
2020-21,old,DET,BKN,0.009312230619011801
2020-21,old,DET,BOS,0.008710405424097704
2020-21,old,DET,CHA,0.00821689575482439
2020-21,old,DET,CHI,0.008813506212194422
2020-21,old,DET,CLE,0.013411824202625947
2020-21,old,DET,DAL,0.0
2020-21,old,DET,DEN,0.0070742312147225785
2020-21,old,DET,GSW,0.02374811201678065
2020-21,old,DET,HOU,0.0429075966951208
2020-21,old,DET,IND,0.014711613373274623
2020-21,old,DET,LAC,0.012516163892819194
2020-21,old,DET,LAL,0.013839919296353457
2020-21,old,DET,MEM,0.019865005139295854
2020-21,old,DET,MIA,0.0
2020-21,old,DET,MIL,2.410447601979052e-09
2020-21,old,DET,MIN,0.013745825304061265
2020-21,old,DET,NOP,0.009529639682664565
2020-21,old,DET,NYK,0.029589250121993614
2020-21,old,DET,OKC,0.030704202133006057
2020-21,old,DET,ORL,0.018751788228929707
2020-21,old,DET,PHI,0.008732758741263814
2020-21,old,DET,PHX,0.010379605220397003
2020-21,old,DET,POR,0.006370959087768729
2020-21,old,DET,SAC,0.00483224110895763
2020-21,old,DET,SAS,0.00507524138660763
2020-21,old,DET,TOR,0.004154109593252788
2020-21,old,DET,UTA,0.0021928879459677583
2020-21,old,DET,WAS,0.015266274053505535
2020-21,old,GSW,ATL,0.004269409293991321
2020-21,old,GSW,BKN,0.004032058247128212
2020-21,old,GSW,BOS,0.01043589346688628
2020-21,old,GSW,CHA,0.007782450627306108
2020-21,old,GSW,CHI,0.020757966702065252
2020-21,old,GSW,CLE,0.01404630895257856
2020-21,old,GSW,DAL,0.0
2020-21,old,GSW,DEN,0.004960755648066696
2020-21,old,GSW,DET,0.004952047372353261
2020-21,old,GSW,HOU,0.029428141217995918
2020-21,old,GSW,IND,0.011789601355973324
2020-21,old,GSW,LAC,0.004356411673321292
2020-21,old,GSW,LAL,0.0038841396596054896
2020-21,old,GSW,MEM,0.0361307874051533
2020-21,old,GSW,MIA,0.0
2020-21,old,GSW,MIL,1.1307678257847835e-06
2020-21,old,GSW,MIN,0.008335145742224423
2020-21,old,GSW,NOP,0.020668790991942063
2020-21,old,GSW,NYK,0.011931075874899553
2020-21,old,GSW,OKC,0.02802693974288935
2020-21,old,GSW,ORL,0.019128055980370748
2020-21,old,GSW,PHI,0.00396228452405796
2020-21,old,GSW,PHX,0.0031827441199944505
2020-21,old,GSW,POR,0.01066971995394099
2020-21,old,GSW,SAC,0.024079518251944786
2020-21,old,GSW,SAS,0.03476019594455133
2020-21,old,GSW,TOR,0.016554139341332593
2020-21,old,GSW,UTA,0.0004870689744611494
2020-21,old,GSW,WAS,0.014452156247587888
2020-21,old,HOU,ATL,0.018654324870955488
2020-21,old,HOU,BKN,9.428879450846078e-06
2020-21,old,HOU,BOS,0.004883269835822993
2020-21,old,HOU,CHA,0.00989695278859514
2020-21,old,HOU,CHI,0.007453626767144857
2020-21,old,HOU,CLE,0.0032319128955819593
2020-21,old,HOU,DAL,0.0
2020-21,old,HOU,DEN,0.0006240153383673805
2020-21,old,HOU,DET,0.004043372697538114
2020-21,old,HOU,GSW,0.009369826308104153
2020-21,old,HOU,IND,0.009316579793958338
2020-21,old,HOU,LAC,0.0003933189738670299
2020-21,old,HOU,LAL,0.007119804354942932
2020-21,old,HOU,MEM,0.006112119198014382
2020-21,old,HOU,MIA,0.0
2020-21,old,HOU,MIL,9.92069765524358e-07
2020-21,old,HOU,MIN,0.0009571362466419793
2020-21,old,HOU,NOP,0.013989312618351745
2020-21,old,HOU,NYK,0.05401572496638479
2020-21,old,HOU,OKC,0.027508620594764627
2020-21,old,HOU,ORL,0.0013592655928472645
2020-21,old,HOU,PHI,0.002023706904066534
2020-21,old,HOU,PHX,0.007549274463679482
2020-21,old,HOU,POR,0.017406250120698605
2020-21,old,HOU,SAC,0.011502948290179912
2020-21,old,HOU,SAS,0.015623004674040243
2020-21,old,HOU,TOR,0.0037826093111712165
2020-21,old,HOU,UTA,0.0
2020-21,old,HOU,WAS,0.002163712562153521
2020-21,old,IND,ATL,0.008966329829798392
2020-21,old,IND,BKN,6.169181126410719e-05
2020-21,old,IND,BOS,0.015832704238927874
2020-21,old,IND,CHA,0.02841753693833763
2020-21,old,IND,CHI,0.007224500429423317
2020-21,old,IND,CLE,0.004599656188274517
2020-21,old,IND,DAL,0.0
2020-21,old,IND,DEN,0.0007890797374417471
2020-21,old,IND,DET,0.0011980064272687863
2020-21,old,IND,GSW,0.005488649360243825
2020-21,old,IND,HOU,0.008565733039647274
2020-21,old,IND,LAC,0.0001885775905423638
2020-21,old,IND,LAL,0.00253641203027949
2020-21,old,IND,MEM,0.007704782668476718
2020-21,old,IND,MIA,0.0
2020-21,old,IND,MIL,9.919541670681866e-07
2020-21,old,IND,MIN,0.0001599754651581399
2020-21,old,IND,NOP,0.006331974686040056
2020-21,old,IND,NYK,0.023161097865567852
2020-21,old,IND,OKC,0.007127693648598604
2020-21,old,IND,ORL,0.013200886431731625
2020-21,old,IND,PHI,1.831896579021523e-05
2020-21,old,IND,PHX,3.987066772290226e-05
2020-21,old,IND,POR,0.00017564655534505592
2020-21,old,IND,SAC,0.004518209127428235
2020-21,old,IND,SAS,0.019753484277867227
2020-21,old,IND,TOR,0.007422292164234162
2020-21,old,IND,UTA,0.0
2020-21,old,IND,WAS,0.01361573825105061
2020-21,old,LAC,ATL,0.0033022608610691517
2020-21,old,LAC,BKN,0.048832166221330006
2020-21,old,LAC,BOS,0.00262185316070416
2020-21,old,LAC,CHA,0.0037967272150492806
2020-21,old,LAC,CHI,0.016424487191402333
2020-21,old,LAC,CLE,0.009181714083869766
2020-21,old,LAC,DAL,0.0
2020-21,old,LAC,DEN,0.03655082486631216
2020-21,old,LAC,DET,0.0022634697648303173
2020-21,old,LAC,GSW,0.016789091700552303
2020-21,old,LAC,HOU,0.07458238124369343
2020-21,old,LAC,IND,0.005969297677534901
2020-21,old,LAC,LAL,0.00796974571183581
2020-21,old,LAC,MEM,0.007797574344960654
2020-21,old,LAC,MIA,0.0
2020-21,old,LAC,MIL,1.5229933908647478e-09
2020-21,old,LAC,MIN,0.01587514690081105
2020-21,old,LAC,NOP,0.008043385827955541
2020-21,old,LAC,NYK,0.007346250989574603
2020-21,old,LAC,OKC,0.005790948344832125
2020-21,old,LAC,ORL,0.014857879766888828
2020-21,old,LAC,PHI,0.02717887952996033
2020-21,old,LAC,PHX,0.020805628757068092
2020-21,old,LAC,POR,0.008235991410308934
2020-21,old,LAC,SAC,0.012513209394515806
2020-21,old,LAC,SAS,0.003408647795520735
2020-21,old,LAC,TOR,0.006569443652462969
2020-21,old,LAC,UTA,0.007019396619469826
2020-21,old,LAC,WAS,0.009060642316658672
2020-21,old,LAL,ATL,0.037961311411507714
2020-21,old,LAL,BKN,0.0050851292807632936
2020-21,old,LAL,BOS,0.009733806037067092
2020-21,old,LAL,CHA,0.0043759449997657
2020-21,old,LAL,CHI,0.0282585961059246
2020-21,old,LAL,CLE,0.00442500337068539
2020-21,old,LAL,DAL,0.0
2020-21,old,LAL,DEN,0.013692417188358024
2020-21,old,LAL,DET,0.002230872876705312
2020-21,old,LAL,GSW,0.016517488616309167
2020-21,old,LAL,HOU,0.034822467941477704
2020-21,old,LAL,IND,0.005943056833750781
2020-21,old,LAL,LAC,0.009810614306359265
2020-21,old,LAL,MEM,0.019398351200395892
2020-21,old,LAL,MIA,0.0
2020-21,old,LAL,MIL,0.0
2020-21,old,LAL,MIN,0.0026448897530176253
2020-21,old,LAL,NOP,0.013880198114516365
2020-21,old,LAL,NYK,0.10405023126600857
2020-21,old,LAL,OKC,0.015126347190877102
2020-21,old,LAL,ORL,0.007828196936123188
2020-21,old,LAL,PHI,0.006223060378949318
2020-21,old,LAL,PHX,0.005590028347027461
2020-21,old,LAL,POR,0.08702182127072493
2020-21,old,LAL,SAC,0.023613619836803355
2020-21,old,LAL,SAS,0.009304178746830469
2020-21,old,LAL,TOR,0.007044212636001275
2020-21,old,LAL,UTA,0.003369612095813299
2020-21,old,LAL,WAS,0.0039568793542728445
2020-21,old,MEM,ATL,0.014789703884326336
2020-21,old,MEM,BKN,0.0049369612186023135
2020-21,old,MEM,BOS,0.01744824435717377
2020-21,old,MEM,CHA,0.013774436926131896
2020-21,old,MEM,CHI,0.012381721806066417
2020-21,old,MEM,CLE,0.002176186786999994
2020-21,old,MEM,DAL,0.0
2020-21,old,MEM,DEN,0.0020837087558046694
2020-21,old,MEM,DET,0.003259428808634198
2020-21,old,MEM,GSW,0.03953232652327015
2020-21,old,MEM,HOU,0.029014711816542266
2020-21,old,MEM,IND,0.010746919841097064
2020-21,old,MEM,LAC,0.002077316842724345
2020-21,old,MEM,LAL,0.008736978780402551
2020-21,old,MEM,MIA,0.0
2020-21,old,MEM,MIL,2.817721030075661e-07
2020-21,old,MEM,MIN,0.004469850838843746
2020-21,old,MEM,NOP,0.013952637421531173
2020-21,old,MEM,NYK,0.06589636782872701
2020-21,old,MEM,OKC,0.02729660605369457
2020-21,old,MEM,ORL,0.0058336126953183265
2020-21,old,MEM,PHI,0.0055398706719279305
2020-21,old,MEM,PHX,0.0023517814139141155
2020-21,old,MEM,POR,0.027110183272964376
2020-21,old,MEM,SAC,0.012248903836385737
2020-21,old,MEM,SAS,0.026766132742443802
2020-21,old,MEM,TOR,0.001604794397393733
2020-21,old,MEM,UTA,0.0002187500037413476
2020-21,old,MEM,WAS,0.0020094498314952467
2020-21,old,MIA,ATL,0.02079568305510349
2020-21,old,MIA,BKN,0.003617456908927877
2020-21,old,MIA,BOS,0.025028330348275837
2020-21,old,MIA,CHA,0.021090473949082072
2020-21,old,MIA,CHI,0.002015441312877067
2020-21,old,MIA,CLE,0.0014514902822977069
2020-21,old,MIA,DAL,0.0
2020-21,old,MIA,DEN,0.007044666928124761
2020-21,old,MIA,DET,3.825431103529086e-05
2020-21,old,MIA,GSW,0.020617416028694824
2020-21,old,MIA,HOU,0.13056842739509164
2020-21,old,MIA,IND,0.02058287556581804
2020-21,old,MIA,LAC,0.008494073382121157
2020-21,old,MIA,LAL,0.01298174766187804
2020-21,old,MIA,MEM,0.020127426217412852
2020-21,old,MIA,MIL,0.0
2020-21,old,MIA,MIN,1.3151623005970719e-05
2020-21,old,MIA,NOP,0.009941286688787175
2020-21,old,MIA,NYK,0.06582239875660358
2020-21,old,MIA,OKC,0.16781492453664623
2020-21,old,MIA,ORL,0.015908021954562063
2020-21,old,MIA,PHI,0.0055323276176631195
2020-21,old,MIA,PHX,0.005851207095565643
2020-21,old,MIA,POR,0.010127155270411407
2020-21,old,MIA,SAC,0.007414499612403897
2020-21,old,MIA,SAS,0.009181744409546253
2020-21,old,MIA,TOR,0.008860362509065434
2020-21,old,MIA,UTA,0.0010215517401631021
2020-21,old,MIA,WAS,0.00464148404700774
2020-21,old,MIL,ATL,0.003971157893247879
2020-21,old,MIL,BKN,0.01577047424840516
2020-21,old,MIL,BOS,0.002980619112442576
2020-21,old,MIL,CHA,0.002694912300212593
2020-21,old,MIL,CHI,0.002842936520908534
2020-21,old,MIL,CLE,0.0009217143250860214
2020-21,old,MIL,DAL,0.0
2020-21,old,MIL,DEN,0.025426299570464873
2020-21,old,MIL,DET,0.0006707974158002638
2020-21,old,MIL,GSW,0.00133783821426409
2020-21,old,MIL,HOU,0.1441208120682357
2020-21,old,MIL,IND,0.004300578456743564
2020-21,old,MIL,LAC,0.021508620570971762
2020-21,old,MIL,LAL,0.01591312116959372
2020-21,old,MIL,MEM,0.004144928352221112
2020-21,old,MIL,MIA,0.0
2020-21,old,MIL,MIN,8.976824036555005e-05
2020-21,old,MIL,NOP,0.019254109013651162
2020-21,old,MIL,NYK,0.012049852350902375
2020-21,old,MIL,OKC,0.005279094946072919
2020-21,old,MIL,ORL,0.024281543422352184
2020-21,old,MIL,PHI,0.014036638036787768
2020-21,old,MIL,PHX,0.010097470884489064
2020-21,old,MIL,POR,4.795258794509773e-05
2020-21,old,MIL,SAC,0.021306875287830415
2020-21,old,MIL,SAS,0.006461525275310517
2020-21,old,MIL,TOR,0.008547909813975189
2020-21,old,MIL,UTA,0.002156250037028101
2020-21,old,MIL,WAS,0.005536979174339109
2020-21,old,MIN,ATL,0.0032696100701963614
2020-21,old,MIN,BKN,0.008520474183565841
2020-21,old,MIN,BOS,0.0027451280223582362
2020-21,old,MIN,CHA,0.0022093517289521612
2020-21,old,MIN,CHI,0.0009650504083882971
2020-21,old,MIN,CLE,0.010741946222894703
2020-21,old,MIN,DAL,0.0
2020-21,old,MIN,DEN,0.011513250716933874
2020-21,old,MIN,DET,0.004617995771816285
2020-21,old,MIN,GSW,0.02783129770074793
2020-21,old,MIN,HOU,0.033699575953470576
2020-21,old,MIN,IND,0.002085243721836075
2020-21,old,MIN,LAC,0.009495150939007452
2020-21,old,MIN,LAL,0.017723576807421225
2020-21,old,MIN,MEM,0.00042522737677926233
2020-21,old,MIN,MIA,0.0
2020-21,old,MIN,MIL,0.0
2020-21,old,MIN,NOP,0.004083661757368329
2020-21,old,MIN,NYK,0.023210114093619397
2020-21,old,MIN,OKC,0.008535291221623052
2020-21,old,MIN,ORL,0.0047082414569158395
2020-21,old,MIN,PHI,0.00983836216105405
2020-21,old,MIN,PHX,0.01237823284694624
2020-21,old,MIN,POR,0.0012354525946811294
2020-21,old,MIN,SAC,0.005007288772147751
2020-21,old,MIN,SAS,0.006466805602935309
2020-21,old,MIN,TOR,0.0005467251024634368
2020-21,old,MIN,UTA,0.0022015086560638556
2020-21,old,MIN,WAS,0.0001775517461922846
2020-21,old,NOP,ATL,0.028356009543626617
2020-21,old,NOP,BKN,0.0045767780175986535
2020-21,old,NOP,BOS,0.015470295648880302
2020-21,old,NOP,CHA,0.02343546237564884
2020-21,old,NOP,CHI,0.04242350954433184
2020-21,old,NOP,CLE,0.0035279491423009035
2020-21,old,NOP,DAL,0.0
2020-21,old,NOP,DEN,0.0032916910713379787
2020-21,old,NOP,DET,0.0023507543077596043
2020-21,old,NOP,GSW,0.01914610412233628
2020-21,old,NOP,HOU,0.03669989230667224
2020-21,old,NOP,IND,0.02032926966659561
2020-21,old,NOP,LAC,0.0003329741449400397
2020-21,old,NOP,LAL,0.01386470135139904
2020-21,old,NOP,MEM,0.01746577123345987
2020-21,old,NOP,MIA,0.0
2020-21,old,NOP,MIL,1.0337832092282162e-10
2020-21,old,NOP,MIN,0.0009283919356538202
2020-21,old,NOP,NYK,0.05415476836029696
2020-21,old,NOP,OKC,0.016141972017358053
2020-21,old,NOP,ORL,0.011555608673518337
2020-21,old,NOP,PHI,0.0036325430999317324
2020-21,old,NOP,PHX,0.005834051928170966
2020-21,old,NOP,POR,0.05460317892132825
2020-21,old,NOP,SAC,0.06426325434948398
2020-21,old,NOP,SAS,0.03159462818848215
2020-21,old,NOP,TOR,0.02405333494496609
2020-21,old,NOP,UTA,0.0028211206872947514
2020-21,old,NOP,WAS,0.025718691807042483
2020-21,old,NYK,ATL,0.03721351282923735
2020-21,old,NYK,BKN,0.004896551730283858
2020-21,old,NYK,BOS,0.02006710592994301
2020-21,old,NYK,CHA,0.016090472502828163
2020-21,old,NYK,CHI,0.008693887273325648
2020-21,old,NYK,CLE,0.002660295748551277
2020-21,old,NYK,DAL,0.0
2020-21,old,NYK,DEN,0.0046767775231510355
2020-21,old,NYK,DET,0.0006177262953032963
2020-21,old,NYK,GSW,0.010964793989634531
2020-21,old,NYK,HOU,0.053266972289521014
2020-21,old,NYK,IND,0.016220621419725686
2020-21,old,NYK,LAC,0.007188038867316209
2020-21,old,NYK,LAL,0.015179451452878877
2020-21,old,NYK,MEM,0.009875676111973937
2020-21,old,NYK,MIA,0.0
2020-21,old,NYK,MIL,1.0294831225047378e-10
2020-21,old,NYK,MIN,0.00010025131650369296
2020-21,old,NYK,NOP,0.0019423751506373042
2020-21,old,NYK,OKC,0.045217133070370355
2020-21,old,NYK,ORL,0.0027269201183714015
2020-21,old,NYK,PHI,0.004020474146136308
2020-21,old,NYK,PHX,0.00039929776666765824
2020-21,old,NYK,POR,0.005369881507478945
2020-21,old,NYK,SAC,0.005927074109150203
2020-21,old,NYK,SAS,0.01173483260353722
2020-21,old,NYK,TOR,0.007406834151593101
2020-21,old,NYK,UTA,0.0027683189773032883
2020-21,old,NYK,WAS,0.005698848806399569
2020-21,old,OKC,ATL,0.002981165254480183
2020-21,old,OKC,BKN,0.03146228465079009
2020-21,old,OKC,BOS,0.007353796530877918
2020-21,old,OKC,CHA,0.008000778433484144
2020-21,old,OKC,CHI,0.027180763948592913
2020-21,old,OKC,CLE,0.027539350348425713
2020-21,old,OKC,DAL,0.0
2020-21,old,OKC,DEN,0.03238766737064608
2020-21,old,OKC,DET,0.01034321121032478
2020-21,old,OKC,GSW,0.022581303249671558
2020-21,old,OKC,HOU,0.028946606476220983
2020-21,old,OKC,IND,0.010634977645606804
2020-21,old,OKC,LAC,0.010553071206608177
2020-21,old,OKC,LAL,0.005608116903190297
2020-21,old,OKC,MEM,0.017469367749466294
2020-21,old,OKC,MIA,0.0
2020-21,old,OKC,MIL,4.2119919116221297e-07
2020-21,old,OKC,MIN,0.03431593050923735
2020-21,old,OKC,NOP,0.024672956545790777
2020-21,old,OKC,NYK,0.04285534724588226
2020-21,old,OKC,ORL,0.024023008478768905
2020-21,old,OKC,PHI,0.007256465548376458
2020-21,old,OKC,PHX,0.007030761766815221
2020-21,old,OKC,POR,0.006099137984404886
2020-21,old,OKC,SAC,0.013921161807614355
2020-21,old,OKC,SAS,0.02113670248036289
2020-21,old,OKC,TOR,0.0176789113499292
2020-21,old,OKC,UTA,0.0022058189967807764
2020-21,old,OKC,WAS,0.01708781900043381
2020-21,old,ORL,ATL,0.00896613158520048
2020-21,old,ORL,BKN,0.01429148701565533
2020-21,old,ORL,BOS,0.00701705829663576
2020-21,old,ORL,CHA,0.0035370336577578436
2020-21,old,ORL,CHI,0.0072702972592504946
2020-21,old,ORL,CLE,0.013572609145596444
2020-21,old,ORL,DAL,0.0
2020-21,old,ORL,DEN,0.010325432539601475
2020-21,old,ORL,DET,0.00995312507192058
2020-21,old,ORL,GSW,0.025491084869797186
2020-21,old,ORL,HOU,0.005609375903069779
2020-21,old,ORL,IND,0.004717100292736289
2020-21,old,ORL,LAC,0.013174568992670116
2020-21,old,ORL,LAL,0.0014058862923732253
2020-21,old,ORL,MEM,0.004563968517960634
2020-21,old,ORL,MIA,0.0
2020-21,old,ORL,MIL,1.5345640015412258e-09
2020-21,old,ORL,MIN,0.024235427868110927
2020-21,old,ORL,NOP,0.0029357898925390182
2020-21,old,ORL,NYK,0.015840995135218236
2020-21,old,ORL,OKC,0.016398168259745872
2020-21,old,ORL,PHI,0.0003426724235559332
2020-21,old,ORL,PHX,2.9094828019753613e-05
2020-21,old,ORL,POR,0.01629876075806256
2020-21,old,ORL,SAC,0.009108096338598945
2020-21,old,ORL,SAS,0.010308868028776504
2020-21,old,ORL,TOR,0.009660098617126823
2020-21,old,ORL,UTA,0.0
2020-21,old,ORL,WAS,0.010561564135773503
2020-21,old,PHI,ATL,0.006129908089580665
2020-21,old,PHI,BKN,0.03707273701394523
2020-21,old,PHI,BOS,0.006902159721208577
2020-21,old,PHI,CHA,0.0062625830611298785
2020-21,old,PHI,CHI,0.005650147845740332
2020-21,old,PHI,CLE,0.01743347059373302
2020-21,old,PHI,DAL,0.0
2020-21,old,PHI,DEN,0.0388634146371681
2020-21,old,PHI,DET,0.003548491443045726
2020-21,old,PHI,GSW,0.018420376656550448
2020-21,old,PHI,HOU,0.03601665651275967
2020-21,old,PHI,IND,0.005328141700396087
2020-21,old,PHI,LAC,0.04460587304334382
2020-21,old,PHI,LAL,0.011384906018434266
2020-21,old,PHI,MEM,0.007564546873631684
2020-21,old,PHI,MIA,0.0
2020-21,old,PHI,MIL,3.5764562866802407e-10
2020-21,old,PHI,MIN,0.023830817658428493
2020-21,old,PHI,NOP,0.0035175259482874534
2020-21,old,PHI,NYK,0.020867575918695126
2020-21,old,PHI,OKC,0.015785021212088454
2020-21,old,PHI,ORL,0.005608162164331743
2020-21,old,PHI,PHX,0.021289381998701392
2020-21,old,PHI,POR,0.001224676742567681
2020-21,old,PHI,SAC,0.0047385373984123675
2020-21,old,PHI,SAS,0.00471231012516424
2020-21,old,PHI,TOR,0.00400873845722669
2020-21,old,PHI,UTA,0.007156250069544103
2020-21,old,PHI,WAS,0.0032222738383401875
2020-21,old,PHX,ATL,0.01248096931402091
2020-21,old,PHX,BKN,0.01747979537991341
2020-21,old,PHX,BOS,0.006903634959417733
2020-21,old,PHX,CHA,0.01733391445494911
2020-21,old,PHX,CHI,0.00915544492859342
2020-21,old,PHX,CLE,0.004022112620726932
2020-21,old,PHX,DAL,0.0
2020-21,old,PHX,DEN,0.012821128116404665
2020-21,old,PHX,DET,0.0022610452207174657
2020-21,old,PHX,GSW,0.014551721639622723
2020-21,old,PHX,HOU,0.01855518453901776
2020-21,old,PHX,IND,0.01817855815881166
2020-21,old,PHX,LAC,0.021380388096199725
2020-21,old,PHX,LAL,0.007585663150663435
2020-21,old,PHX,MEM,0.010850261632162045
2020-21,old,PHX,MIA,0.0
2020-21,old,PHX,MIL,9.923273062468226e-07
2020-21,old,PHX,MIN,0.007399905096205347
2020-21,old,PHX,NOP,0.00606332795096579
2020-21,old,PHX,NYK,0.011824349440594588
2020-21,old,PHX,OKC,0.011174569188633228
2020-21,old,PHX,ORL,0.004135449665943649
2020-21,old,PHX,PHI,0.021468750147935776
2020-21,old,PHX,POR,0.0004164870564649203
2020-21,old,PHX,SAC,0.007202810450695388
2020-21,old,PHX,SAS,0.005928773461310797
2020-21,old,PHX,TOR,0.005573439386120393
2020-21,old,PHX,UTA,0.02193857766663784
2020-21,old,PHX,WAS,0.009181543171212324
2020-21,old,POR,ATL,0.04216234743130145
2020-21,old,POR,BKN,0.03063469841140965
2020-21,old,POR,BOS,0.015572747657824152
2020-21,old,POR,CHA,0.013104775995016074
2020-21,old,POR,CHI,0.002068270028119469
2020-21,old,POR,CLE,0.0013199553102857403
2020-21,old,POR,DAL,0.0
2020-21,old,POR,DEN,0.014250925077995986
2020-21,old,POR,DET,3.31357763558305e-05
2020-21,old,POR,GSW,0.013066110853213558
2020-21,old,POR,HOU,0.16071928783472433
2020-21,old,POR,IND,0.01648839341649768
2020-21,old,POR,LAC,0.028527478467640952
2020-21,old,POR,LAL,0.09175462694663652
2020-21,old,POR,MEM,0.023045573309029833
2020-21,old,POR,MIA,0.0
2020-21,old,POR,MIL,1.4413075193112749e-10
2020-21,old,POR,MIN,0.000117671509679743
2020-21,old,POR,NOP,0.009743144484252219
2020-21,old,POR,NYK,0.10943994460267627
2020-21,old,POR,OKC,0.03352262931022841
2020-21,old,POR,ORL,0.0021783323064364386
2020-21,old,POR,PHI,0.016196120672795022
2020-21,old,POR,PHX,0.013043820402447483
2020-21,old,POR,SAC,0.0034855915945344236
2020-21,old,POR,SAS,0.010935189910682087
2020-21,old,POR,TOR,0.003096814714802074
2020-21,old,POR,UTA,0.0028401499264271413
2020-21,old,POR,WAS,0.007912781375337895
2020-21,old,SAC,ATL,0.015177457998543493
2020-21,old,SAC,BKN,0.002611530220180204
2020-21,old,SAC,BOS,0.013074883198538589
2020-21,old,SAC,CHA,0.004266041284419732
2020-21,old,SAC,CHI,0.05520349617863554
2020-21,old,SAC,CLE,0.012338039112132621
2020-21,old,SAC,DAL,0.0
2020-21,old,SAC,DEN,0.006310853943430767
2020-21,old,SAC,DET,0.002639008635205441
2020-21,old,SAC,GSW,0.021057944582689538
2020-21,old,SAC,HOU,0.014433189612715058
2020-21,old,SAC,IND,0.007420304298835532
2020-21,old,SAC,LAC,0.0039989224974074054
2020-21,old,SAC,LAL,0.009415435845090954
2020-21,old,SAC,MEM,0.022838180819193622
2020-21,old,SAC,MIA,0.0
2020-21,old,SAC,MIL,2.2427627799455287e-10
2020-21,old,SAC,MIN,0.008004071698743303
2020-21,old,SAC,NOP,0.05059080765727955
2020-21,old,SAC,NYK,0.08347243603199901
2020-21,old,SAC,OKC,0.023227370738148175
2020-21,old,SAC,ORL,0.023620768506085705
2020-21,old,SAC,PHI,0.0020409483048294133
2020-21,old,SAC,PHX,0.014854079924987586
2020-21,old,SAC,POR,0.026600484943342526
2020-21,old,SAC,SAS,0.018716301133493932
2020-21,old,SAC,TOR,0.029431479239548572
2020-21,old,SAC,UTA,3.340517291156897e-05
2020-21,old,SAC,WAS,0.014244100900914504
2020-21,old,SAS,ATL,0.016986608992992126
2020-21,old,SAS,BKN,0.00353098062461178
2020-21,old,SAS,BOS,0.006815078865865363
2020-21,old,SAS,CHA,0.027258600244955588
2020-21,old,SAS,CHI,0.013030432710077408
2020-21,old,SAS,CLE,0.005093261089787672
2020-21,old,SAS,DAL,0.0
2020-21,old,SAS,DEN,0.013519155801715546
2020-21,old,SAS,DET,0.0006126077675083973
2020-21,old,SAS,GSW,0.027876015863026293
2020-21,old,SAS,HOU,0.07502236039415884
2020-21,old,SAS,IND,0.03674089133581439
2020-21,old,SAS,LAC,0.007040948246541464
2020-21,old,SAS,LAL,0.01917653229086948
2020-21,old,SAS,MEM,0.019019208512725965
2020-21,old,SAS,MIA,0.0
2020-21,old,SAS,MIL,4.82883160105317e-10
2020-21,old,SAS,MIN,0.0009328675949064212
2020-21,old,SAS,NOP,0.02679943753962581
2020-21,old,SAS,NYK,0.029907027565903813
2020-21,old,SAS,OKC,0.014879579825110028
2020-21,old,SAS,ORL,0.00473982582230304
2020-21,old,SAS,PHI,0.004449353506467465
2020-21,old,SAS,PHX,0.0039212247909832946
2020-21,old,SAS,POR,0.05156492474707695
2020-21,old,SAS,SAC,0.010961108658074138
2020-21,old,SAS,TOR,0.008725186040583269
2020-21,old,SAS,UTA,0.006894396555947203
2020-21,old,SAS,WAS,0.028188437439693084
2020-21,old,TOR,ATL,0.004027988121194823
2020-21,old,TOR,BKN,0.008900862155755149
2020-21,old,TOR,BOS,0.0051781476634767554
2020-21,old,TOR,CHA,0.02029555799867864
2020-21,old,TOR,CHI,0.053967352497298435
2020-21,old,TOR,CLE,0.010637565060709085
2020-21,old,TOR,DAL,0.0
2020-21,old,TOR,DEN,0.01048107945562766
2020-21,old,TOR,DET,0.003048760885641717
2020-21,old,TOR,GSW,0.020620246609387483
2020-21,old,TOR,HOU,0.013281789062360484
2020-21,old,TOR,IND,0.013042977592693173
2020-21,old,TOR,LAC,0.002573814702316605
2020-21,old,TOR,LAL,0.0006409722710162498
2020-21,old,TOR,MEM,0.009057055508322594
2020-21,old,TOR,MIA,0.0
2020-21,old,TOR,MIL,1.2868468240426486e-09
2020-21,old,TOR,MIN,0.0017768093572835915
2020-21,old,TOR,NOP,0.026072995914267493
2020-21,old,TOR,NYK,0.008999837497756747
2020-21,old,TOR,OKC,0.01775915965941687
2020-21,old,TOR,ORL,0.018456639549877255
2020-21,old,TOR,PHI,0.00668103464036088
2020-21,old,TOR,PHX,0.0014116379931772805
2020-21,old,TOR,POR,0.009444234979997293
2020-21,old,TOR,SAC,0.02577649105544882
2020-21,old,TOR,SAS,0.026636082782919283
2020-21,old,TOR,UTA,0.0004687500073060649
2020-21,old,TOR,WAS,0.0343465414838049
2020-21,old,UTA,ATL,0.007822835843438293
2020-21,old,UTA,BKN,0.007434267345815898
2020-21,old,UTA,BOS,0.0016345541192442858
2020-21,old,UTA,CHA,0.0007859485355643324
2020-21,old,UTA,CHI,0.019507150064555223
2020-21,old,UTA,CLE,0.005293362172809005
2020-21,old,UTA,DAL,0.0
2020-21,old,UTA,DEN,0.002629315040428378
2020-21,old,UTA,DET,0.002488415957898189
2020-21,old,UTA,GSW,0.011655477068501828
2020-21,old,UTA,HOU,0.024060883054445537
2020-21,old,UTA,IND,0.003432458545532033
2020-21,old,UTA,LAC,0.00856142249167094
2020-21,old,UTA,LAL,0.019312570228732426
2020-21,old,UTA,MEM,0.0017981317111969495
2020-21,old,UTA,MIA,0.0
2020-21,old,UTA,MIL,0.0
2020-21,old,UTA,MIN,0.0001618967403571873
2020-21,old,UTA,NOP,0.028843575811045352
2020-21,old,UTA,NYK,0.017816641701392064
2020-21,old,UTA,OKC,0.010712823414259815
2020-21,old,UTA,ORL,0.021521500028970353
2020-21,old,UTA,PHI,0.009716594921794301
2020-21,old,UTA,PHX,0.03005280154202151
2020-21,old,UTA,POR,0.00014870689878770116
2020-21,old,UTA,SAC,0.0023319839610219497
2020-21,old,UTA,SAS,0.00548379640985907
2020-21,old,UTA,TOR,0.010601681101221717
2020-21,old,UTA,WAS,0.007663735301397312
2020-21,old,WAS,ATL,0.009366564875016723
2020-21,old,WAS,BKN,0.0042707435616717564
2020-21,old,WAS,BOS,0.012630590449385198
2020-21,old,WAS,CHA,0.02787398496764042
2020-21,old,WAS,CHI,0.02073186840460284
2020-21,old,WAS,CLE,0.007613649443877377
2020-21,old,WAS,DAL,0.0
2020-21,old,WAS,DEN,0.00415522899304348
2020-21,old,WAS,DET,0.004386584180977259
2020-21,old,WAS,GSW,0.016461606088034722
2020-21,old,WAS,HOU,0.031400322543980785
2020-21,old,WAS,IND,0.029839973405988478
2020-21,old,WAS,LAC,0.0040980603859824116
2020-21,old,WAS,LAL,0.009752873928247627
2020-21,old,WAS,MEM,0.0066731190654490315
2020-21,old,WAS,MIA,0.0
2020-21,old,WAS,MIL,1.7158314591417924e-09
2020-21,old,WAS,MIN,0.007292742545073829
2020-21,old,WAS,NOP,0.015416366388290734
2020-21,old,WAS,NYK,0.022544455898223882
2020-21,old,WAS,OKC,0.015418372851463259
2020-21,old,WAS,ORL,0.004759667171373118
2020-21,old,WAS,PHI,0.0038976293280399564
2020-21,old,WAS,PHX,7.651021693106638e-05
2020-21,old,WAS,POR,0.016463092718161005
2020-21,old,WAS,SAC,0.009530859964796003
2020-21,old,WAS,SAS,0.015711304475832164
2020-21,old,WAS,TOR,0.016005822559329835
2020-21,old,WAS,UTA,0.0017650862177833913
2021-22,new,ATL,BKN,0.0040789719003314845
2021-22,new,ATL,BOS,0.0019138387186186762
2021-22,new,ATL,CHA,0.1399266419163778
2021-22,new,ATL,CHI,0.00476508235983477
2021-22,new,ATL,CLE,0.16378435855872425
2021-22,new,ATL,DAL,0.003834206867276448
2021-22,new,ATL,DEN,0.0035379814073165125
2021-22,new,ATL,DET,0.0012502274706293497
2021-22,new,ATL,GSW,0.0010529316649627786
2021-22,new,ATL,HOU,0.07504418108495883
2021-22,new,ATL,IND,0.09547818911004918
2021-22,new,ATL,LAC,0.0
2021-22,new,ATL,LAL,0.0
2021-22,new,ATL,MEM,0.008066173304958775
2021-22,new,ATL,MIA,0.002954741439396708
2021-22,new,ATL,MIL,0.0030948657867426446
2021-22,new,ATL,MIN,0.0011860825447588162
2021-22,new,ATL,NOP,0.008199556101704964
2021-22,new,ATL,NYK,0.0038815563433746226
2021-22,new,ATL,OKC,0.0065059486859736825
2021-22,new,ATL,ORL,0.0014446348477753998
2021-22,new,ATL,PHI,0.0
2021-22,new,ATL,PHX,0.0
2021-22,new,ATL,POR,0.0008827229948223497
2021-22,new,ATL,SAC,0.00197008167759295
2021-22,new,ATL,SAS,0.020278292906002575
2021-22,new,ATL,TOR,0.02892556961170833
2021-22,new,ATL,UTA,5.2432339055337024e-06
2021-22,new,ATL,WAS,0.005075490504059141
2021-22,new,BKN,ATL,0.08834883882656018
2021-22,new,BKN,BOS,0.002060797218174163
2021-22,new,BKN,CHA,0.08289715551752393
2021-22,new,BKN,CHI,0.005796874593975288
2021-22,new,BKN,CLE,0.05123508247668752
2021-22,new,BKN,DAL,0.003973909564830031
2021-22,new,BKN,DEN,0.009301912014085133
2021-22,new,BKN,DET,0.00037712546115266355
2021-22,new,BKN,GSW,0.0018191544856814954
2021-22,new,BKN,HOU,0.3199999986366361
2021-22,new,BKN,IND,0.027024904347050252
2021-22,new,BKN,LAC,0.0
2021-22,new,BKN,LAL,0.0
2021-22,new,BKN,MEM,0.009825196993358043
2021-22,new,BKN,MIA,0.003720905223584349
2021-22,new,BKN,MIL,0.014027741309036355
2021-22,new,BKN,MIN,0.004057912866786226
2021-22,new,BKN,NOP,0.005328527558149707
2021-22,new,BKN,NYK,0.0018916228008919358
2021-22,new,BKN,OKC,0.0021445022398278515
2021-22,new,BKN,ORL,0.0004353547733822128
2021-22,new,BKN,PHI,0.0
2021-22,new,BKN,PHX,0.0
2021-22,new,BKN,POR,0.002405935692447379
2021-22,new,BKN,SAC,0.0006028572083423981
2021-22,new,BKN,SAS,0.06484621905298221
2021-22,new,BKN,TOR,0.016920442603553458
2021-22,new,BKN,UTA,0.00012502583107107054
2021-22,new,BKN,WAS,0.0073642360397108576
2021-22,new,BOS,ATL,0.009833288053516194
2021-22,new,BOS,BKN,0.04652094888732697
2021-22,new,BOS,CHA,0.004767236912462568
2021-22,new,BOS,CHI,0.01832771043248983
2021-22,new,BOS,CLE,0.021981782102428342
2021-22,new,BOS,DAL,0.02920074865115417
2021-22,new,BOS,DEN,0.020289235499842354
2021-22,new,BOS,DET,0.00015400536560618104
2021-22,new,BOS,GSW,0.01992378850411583
2021-22,new,BOS,HOU,0.042994611914659024
2021-22,new,BOS,IND,0.012688068535974381
2021-22,new,BOS,LAC,0.0
2021-22,new,BOS,LAL,0.0
2021-22,new,BOS,MEM,0.015236223025188284
2021-22,new,BOS,MIA,0.01542860989968678
2021-22,new,BOS,MIL,0.03061935865424042
2021-22,new,BOS,MIN,0.029315494361820654
2021-22,new,BOS,NOP,0.0009516722435791053
2021-22,new,BOS,NYK,0.00043209059306615304
2021-22,new,BOS,OKC,0.0005811104610340921
2021-22,new,BOS,ORL,0.00017027137467593188
2021-22,new,BOS,PHI,0.0
2021-22,new,BOS,PHX,0.0
2021-22,new,BOS,POR,0.0004394422850046906
2021-22,new,BOS,SAC,0.0002530202588302152
2021-22,new,BOS,SAS,0.26274391644307504
2021-22,new,BOS,TOR,0.005558213794771978
2021-22,new,BOS,UTA,0.0005955343496309291
2021-22,new,BOS,WAS,0.003276670056521076
2021-22,new,CHA,ATL,0.01513493273563044
2021-22,new,CHA,BKN,0.0032122250615340565
2021-22,new,CHA,BOS,0.0009048915277474159
2021-22,new,CHA,CHI,0.007660841061415457
2021-22,new,CHA,CLE,0.07247033855901211
2021-22,new,CHA,DAL,0.005572794562688448
2021-22,new,CHA,DEN,0.0026803296905469924
2021-22,new,CHA,DET,0.0005460216059879397
2021-22,new,CHA,GSW,0.0017130492672387432
2021-22,new,CHA,HOU,0.10415948250413277
2021-22,new,CHA,IND,0.04612902949048265
2021-22,new,CHA,LAC,0.0
2021-22,new,CHA,LAL,0.0
2021-22,new,CHA,MEM,0.009872096702819048
2021-22,new,CHA,MIA,0.002806034486917457
2021-22,new,CHA,MIL,0.0034886944764567214
2021-22,new,CHA,MIN,0.020740368561499578
2021-22,new,CHA,NOP,0.003737525871694209
2021-22,new,CHA,NYK,0.0018361995479990161
2021-22,new,CHA,OKC,0.002284588172336639
2021-22,new,CHA,ORL,0.0006471854770784378
2021-22,new,CHA,PHI,0.0
2021-22,new,CHA,PHX,0.0
2021-22,new,CHA,POR,0.00020439054412039218
2021-22,new,CHA,SAC,0.0008863616648609408
2021-22,new,CHA,SAS,0.01661526848903297
2021-22,new,CHA,TOR,0.01646559843687112
2021-22,new,CHA,UTA,0.0008768320266659375
2021-22,new,CHA,WAS,0.005569098372792332
2021-22,new,CHI,ATL,0.006192877479204816
2021-22,new,CHI,BKN,0.023232372018882095
2021-22,new,CHI,BOS,0.0026579751978289133
2021-22,new,CHI,CHA,0.018889098819643853
2021-22,new,CHI,CLE,0.019196102767720352
2021-22,new,CHI,DAL,0.024415944573990635
2021-22,new,CHI,DEN,0.02471183432510788
2021-22,new,CHI,DET,0.0003431043837766622
2021-22,new,CHI,GSW,0.011290059373708722
2021-22,new,CHI,HOU,0.018443157466405458
2021-22,new,CHI,IND,0.02420288579566501
2021-22,new,CHI,LAC,0.0
2021-22,new,CHI,LAL,0.0
2021-22,new,CHI,MEM,0.07039534686298862
2021-22,new,CHI,MIA,0.00794504328084917
2021-22,new,CHI,MIL,0.022860813237619897
2021-22,new,CHI,MIN,0.020284356045957713
2021-22,new,CHI,NOP,0.008835136296173218
2021-22,new,CHI,NYK,0.0009283853990366042
2021-22,new,CHI,OKC,0.005804401208559798
2021-22,new,CHI,ORL,0.0004031048607796701
2021-22,new,CHI,PHI,0.0
2021-22,new,CHI,PHX,0.0
2021-22,new,CHI,POR,0.009135371081678324
2021-22,new,CHI,SAC,0.001231845273157624
2021-22,new,CHI,SAS,0.061789467837310895
2021-22,new,CHI,TOR,0.035483707472503574
2021-22,new,CHI,UTA,1.0909897550453902e-05
2021-22,new,CHI,WAS,0.003552656420194252
2021-22,new,CLE,ATL,0.16910622380275336
2021-22,new,CLE,BKN,0.09409777648745903
2021-22,new,CLE,BOS,0.0035187279005742867
2021-22,new,CLE,CHA,0.02122541148320715
2021-22,new,CLE,CHI,0.028486084716603993
2021-22,new,CLE,DAL,0.03217575909638106
2021-22,new,CLE,DEN,0.012568386794301677
2021-22,new,CLE,DET,0.0037177033044086287
2021-22,new,CLE,GSW,0.013411674872594776
2021-22,new,CLE,HOU,0.042159213491249826
2021-22,new,CLE,IND,0.30413584893330675
2021-22,new,CLE,LAC,0.0
2021-22,new,CLE,LAL,0.0
2021-22,new,CLE,MEM,0.023189009866601083
2021-22,new,CLE,MIA,0.007149245796066806
2021-22,new,CLE,MIL,0.019499191120406163
2021-22,new,CLE,MIN,0.01056590404601303
2021-22,new,CLE,NOP,0.02953886932605338
2021-22,new,CLE,NYK,0.006804485204940002
2021-22,new,CLE,OKC,0.014535135032636546
2021-22,new,CLE,ORL,0.004033918791064493
2021-22,new,CLE,PHI,0.0
2021-22,new,CLE,PHX,0.0
2021-22,new,CLE,POR,0.005640559644167055
2021-22,new,CLE,SAC,0.0067694289426621455
2021-22,new,CLE,SAS,0.04035447339536096
2021-22,new,CLE,TOR,0.0549880222939493
2021-22,new,CLE,UTA,0.00017781152626105404
2021-22,new,CLE,WAS,0.006296796222837294
2021-22,new,DAL,ATL,0.02741629932567556
2021-22,new,DAL,BKN,0.0335980606023704
2021-22,new,DAL,BOS,0.0002016593159802153
2021-22,new,DAL,CHA,0.004459159516710346
2021-22,new,DAL,CHI,0.001232646357457995
2021-22,new,DAL,CLE,0.00867858755792409
2021-22,new,DAL,DEN,0.008501900058732238
2021-22,new,DAL,DET,6.344141879669127e-05
2021-22,new,DAL,GSW,0.02853879322354072
2021-22,new,DAL,HOU,0.0365808188101349
2021-22,new,DAL,IND,0.006524167882182665
2021-22,new,DAL,LAC,0.0
2021-22,new,DAL,LAL,0.0
2021-22,new,DAL,MEM,0.008914225823491792
2021-22,new,DAL,MIA,0.012327586215487199
2021-22,new,DAL,MIL,0.04195748642330381
2021-22,new,DAL,MIN,0.0024806416805441926
2021-22,new,DAL,NOP,0.0009349166880361611
2021-22,new,DAL,NYK,0.00026848077035155927
2021-22,new,DAL,OKC,0.0037424307065536434
2021-22,new,DAL,ORL,0.00011991539183044166
2021-22,new,DAL,PHI,0.0
2021-22,new,DAL,PHX,0.0
2021-22,new,DAL,POR,0.00018815134722632957
2021-22,new,DAL,SAC,0.000257657939844664
2021-22,new,DAL,SAS,0.02421239420239279
2021-22,new,DAL,TOR,0.008765203034139519
2021-22,new,DAL,UTA,0.00012410333863421138
2021-22,new,DAL,WAS,0.00029472799118581924
2021-22,new,DEN,ATL,0.01419453144010056
2021-22,new,DEN,BKN,0.029184868370656
2021-22,new,DEN,BOS,0.0002158542884505182
2021-22,new,DEN,CHA,0.004102454826379628
2021-22,new,DEN,CHI,0.024954057174690028
2021-22,new,DEN,CLE,0.025720416273827186
2021-22,new,DEN,DAL,0.03412720993014108
2021-22,new,DEN,DET,0.00023009651403411082
2021-22,new,DEN,GSW,0.009833729344534043
2021-22,new,DEN,HOU,0.03542295251999067
2021-22,new,DEN,IND,0.03019700378534771
2021-22,new,DEN,LAC,0.0
2021-22,new,DEN,LAL,0.0
2021-22,new,DEN,MEM,0.05667414451372031
2021-22,new,DEN,MIA,0.009176724244808327
2021-22,new,DEN,MIL,0.028893788875896994
2021-22,new,DEN,MIN,0.09108605961259633
2021-22,new,DEN,NOP,0.002400103979609907
2021-22,new,DEN,NYK,0.0005134791007705592
2021-22,new,DEN,OKC,0.006372326458440859
2021-22,new,DEN,ORL,0.0002494872393039903
2021-22,new,DEN,PHI,0.0
2021-22,new,DEN,PHX,0.0
2021-22,new,DEN,POR,0.0007665489704906112
2021-22,new,DEN,SAC,0.0003305616991744729
2021-22,new,DEN,SAS,0.116672537382805
2021-22,new,DEN,TOR,0.0026243875837244383
2021-22,new,DEN,UTA,0.004762357988930717
2021-22,new,DEN,WAS,0.0003413461520950449
2021-22,new,DET,ATL,0.04092831421343643
2021-22,new,DET,BKN,0.04386635183578797
2021-22,new,DET,BOS,0.0012574042328084008
2021-22,new,DET,CHA,0.003567132647124913
2021-22,new,DET,CHI,0.003968650311732404
2021-22,new,DET,CLE,0.0003372930269298402
2021-22,new,DET,DAL,0.008300917094024102
2021-22,new,DET,DEN,0.004260102900761118
2021-22,new,DET,GSW,0.010251107355200247
2021-22,new,DET,HOU,0.005028017272807433
2021-22,new,DET,IND,0.027940866693770758
2021-22,new,DET,LAC,0.0
2021-22,new,DET,LAL,0.0
2021-22,new,DET,MEM,0.005874044204321051
2021-22,new,DET,MIA,0.0024655172788008144
2021-22,new,DET,MIL,0.022858383375385666
2021-22,new,DET,MIN,0.0007915574364590938
2021-22,new,DET,NOP,0.0025283271096999092
2021-22,new,DET,NYK,0.002067336847352996
2021-22,new,DET,OKC,0.008325627890519395
2021-22,new,DET,ORL,0.0008103517302366324
2021-22,new,DET,PHI,0.0
2021-22,new,DET,PHX,0.0
2021-22,new,DET,POR,0.0005260914202062065
2021-22,new,DET,SAC,0.0007065778668105583
2021-22,new,DET,SAS,0.03408224455419018
2021-22,new,DET,TOR,0.002737154094194817
2021-22,new,DET,UTA,1.708094544361647e-06
2021-22,new,DET,WAS,0.0005827743057660008
2021-22,new,GSW,ATL,0.0005455091112238978
2021-22,new,GSW,BKN,0.022397016675260666
2021-22,new,GSW,BOS,3.4797090634599265e-06
2021-22,new,GSW,CHA,0.008177622236154812
2021-22,new,GSW,CHI,0.022657228319296396
2021-22,new,GSW,CLE,0.0019559310443482583
2021-22,new,GSW,DAL,0.030950201257634542
2021-22,new,GSW,DEN,0.0140513768302606
2021-22,new,GSW,DET,1.368084267428144e-05
2021-22,new,GSW,HOU,0.0007516163940629766
2021-22,new,GSW,IND,0.004728174090816071
2021-22,new,GSW,LAC,0.0
2021-22,new,GSW,LAL,0.0
2021-22,new,GSW,MEM,0.0411117238181051
2021-22,new,GSW,MIA,0.03224461214392093
2021-22,new,GSW,MIL,0.02535376992298176
2021-22,new,GSW,MIN,0.0108001524444714
2021-22,new,GSW,NOP,0.03764582498649814
2021-22,new,GSW,NYK,2.5694694157793714e-05
2021-22,new,GSW,OKC,0.03099127639930274
2021-22,new,GSW,ORL,1.527393446919675e-05
2021-22,new,GSW,PHI,0.0
2021-22,new,GSW,PHX,0.0
2021-22,new,GSW,POR,0.012288799454727167
2021-22,new,GSW,SAC,0.0004567572054172282
2021-22,new,GSW,SAS,0.05112448625293972
2021-22,new,GSW,TOR,0.003925138157506731
2021-22,new,GSW,UTA,0.0003061894210128262
2021-22,new,GSW,WAS,6.259905568404345e-05
2021-22,new,HOU,ATL,0.008762727103231912
2021-22,new,HOU,BKN,0.00831468471400792
2021-22,new,HOU,BOS,2.023785651968426e-07
2021-22,new,HOU,CHA,0.08471622171555648
2021-22,new,HOU,CHI,0.008504920931452498
2021-22,new,HOU,CLE,0.06725461625462519
2021-22,new,HOU,DAL,0.007873951587352067
2021-22,new,HOU,DEN,0.0030907922708394743
2021-22,new,HOU,DET,0.0017037001849886844
2021-22,new,HOU,GSW,0.006744325312820688
2021-22,new,HOU,IND,0.049218923928052716
2021-22,new,HOU,LAC,0.0
2021-22,new,HOU,LAL,0.0
2021-22,new,HOU,MEM,0.04876472352915097
2021-22,new,HOU,MIA,0.009038793189804358
2021-22,new,HOU,MIL,0.009258660770380721
2021-22,new,HOU,MIN,0.011311762100798352
2021-22,new,HOU,NOP,0.032997979920410155
2021-22,new,HOU,NYK,0.0008641827342310357
2021-22,new,HOU,OKC,0.006664771422598467
2021-22,new,HOU,ORL,0.0021562435575765244
2021-22,new,HOU,PHI,0.0
2021-22,new,HOU,PHX,0.0
2021-22,new,HOU,POR,0.0007786023718996364
2021-22,new,HOU,SAC,0.0011128941923909182
2021-22,new,HOU,SAS,0.012714661942021005
2021-22,new,HOU,TOR,6.038852493259516e-06
2021-22,new,HOU,UTA,7.968320869152957e-05
2021-22,new,HOU,WAS,0.0008684623846593321
2021-22,new,IND,ATL,0.005967466849883972
2021-22,new,IND,BKN,0.010594886525120431
2021-22,new,IND,BOS,0.00012970925471815405
2021-22,new,IND,CHA,0.06631797442400111
2021-22,new,IND,CHI,0.017577395015296707
2021-22,new,IND,CLE,0.02524068832311585
2021-22,new,IND,DAL,0.005702625626473744
2021-22,new,IND,DEN,0.010876405313793264
2021-22,new,IND,DET,0.0008952849805100782
2021-22,new,IND,GSW,0.010610164686066096
2021-22,new,IND,HOU,0.060759698003490355
2021-22,new,IND,LAC,0.0
2021-22,new,IND,LAL,0.0
2021-22,new,IND,MEM,0.020180186450949277
2021-22,new,IND,MIA,0.006103448318156958
2021-22,new,IND,MIL,0.006900790784084608
2021-22,new,IND,MIN,0.0035549164139289623
2021-22,new,IND,NOP,0.029053412762181857
2021-22,new,IND,NYK,0.001144574404937472
2021-22,new,IND,OKC,0.0016449513830722523
2021-22,new,IND,ORL,0.0007772066318602174
2021-22,new,IND,PHI,0.0
2021-22,new,IND,PHX,0.0
2021-22,new,IND,POR,0.005569161122440986
2021-22,new,IND,SAC,0.0007563397745845559
2021-22,new,IND,SAS,0.05010829941280788
2021-22,new,IND,TOR,0.008197984567433298
2021-22,new,IND,UTA,4.193468214051054e-06
2021-22,new,IND,WAS,0.000507368787856131
2021-22,new,LAC,ATL,0.005622115530290387
2021-22,new,LAC,BKN,0.012589987353624973
2021-22,new,LAC,BOS,0.0006165637374064757
2021-22,new,LAC,CHA,0.015233650921237577
2021-22,new,LAC,CHI,0.010325441361431424
2021-22,new,LAC,CLE,0.013799823533703732
2021-22,new,LAC,DAL,0.01397435458945438
2021-22,new,LAC,DEN,0.009032547646370456
2021-22,new,LAC,DET,0.001701549597526523
2021-22,new,LAC,GSW,0.0074849138107825185
2021-22,new,LAC,HOU,0.004349407407069773
2021-22,new,LAC,IND,0.0030138869322254053
2021-22,new,LAC,LAL,0.0
2021-22,new,LAC,MEM,0.021932421167307894
2021-22,new,LAC,MIA,0.013451508669551976
2021-22,new,LAC,MIL,0.004728571276156862
2021-22,new,LAC,MIN,0.008482482224218022
2021-22,new,LAC,NOP,0.024340172982221058
2021-22,new,LAC,NYK,0.00020828585953039616
2021-22,new,LAC,OKC,0.03729253045946773
2021-22,new,LAC,ORL,0.0001249338249516737
2021-22,new,LAC,PHI,0.0
2021-22,new,LAC,PHX,0.0
2021-22,new,LAC,POR,0.01951670865786431
2021-22,new,LAC,SAC,0.00032566129524445045
2021-22,new,LAC,SAS,0.008419796447753963
2021-22,new,LAC,TOR,0.0
2021-22,new,LAC,UTA,0.00039870724956919484
2021-22,new,LAC,WAS,0.00024271064285977476
2021-22,new,LAL,ATL,0.0002564655169684057
2021-22,new,LAL,BKN,0.0014622845022200508
2021-22,new,LAL,BOS,0.0
2021-22,new,LAL,CHA,0.014804640047293325
2021-22,new,LAL,CHI,0.006632696349256079
2021-22,new,LAL,CLE,0.0
2021-22,new,LAL,DAL,0.002190386117616636
2021-22,new,LAL,DEN,0.011226506199196467
2021-22,new,LAL,DET,0.0
2021-22,new,LAL,GSW,1.1853448452492214e-05
2021-22,new,LAL,HOU,0.0005808189091401114
2021-22,new,LAL,IND,0.003353448163493182
2021-22,new,LAL,LAC,0.0
2021-22,new,LAL,MEM,0.044648326016450204
2021-22,new,LAL,MIA,2.3706896904984425e-05
2021-22,new,LAL,MIL,0.0011616379432059054
2021-22,new,LAL,MIN,2.8843282908100865e-05
2021-22,new,LAL,NOP,0.01803537318377619
2021-22,new,LAL,NYK,0.0
2021-22,new,LAL,OKC,0.008739927341053678
2021-22,new,LAL,ORL,0.0
2021-22,new,LAL,PHI,0.0
2021-22,new,LAL,PHX,0.0
2021-22,new,LAL,POR,0.019465333104572925
2021-22,new,LAL,SAC,0.0005471158883170017
2021-22,new,LAL,SAS,0.03175844574843409
2021-22,new,LAL,TOR,0.0
2021-22,new,LAL,UTA,0.002245562328878742
2021-22,new,LAL,WAS,0.0
2021-22,new,MEM,ATL,0.0009256244143201965
2021-22,new,MEM,BKN,0.032625000070186407
2021-22,new,MEM,BOS,0.0
2021-22,new,MEM,CHA,0.011112906564997305
2021-22,new,MEM,CHI,0.006981334994731906
2021-22,new,MEM,CLE,5.019282065765357e-07
2021-22,new,MEM,DAL,0.017888788907438176
2021-22,new,MEM,DEN,0.007877717750700543
2021-22,new,MEM,DET,0.00019765514884495815
2021-22,new,MEM,GSW,0.021779768806613746
2021-22,new,MEM,HOU,0.0007357219206008682
2021-22,new,MEM,IND,0.0006015437340818545
2021-22,new,MEM,LAC,0.0
2021-22,new,MEM,LAL,0.0
2021-22,new,MEM,MIA,0.027807381581113646
2021-22,new,MEM,MIL,0.016073669790762482
2021-22,new,MEM,MIN,0.0006824229671106104
2021-22,new,MEM,NOP,0.013609635300216711
2021-22,new,MEM,NYK,9.121940288580316e-06
2021-22,new,MEM,OKC,0.009246804807197992
2021-22,new,MEM,ORL,0.00017161489707248246
2021-22,new,MEM,PHI,0.0
2021-22,new,MEM,PHX,0.0
2021-22,new,MEM,POR,0.010859154824724805
2021-22,new,MEM,SAC,0.00016050232875594196
2021-22,new,MEM,SAS,0.03926751881805491
2021-22,new,MEM,TOR,1.54302547942942e-05
2021-22,new,MEM,UTA,0.0005376909779967077
2021-22,new,MEM,WAS,4.711827048442413e-05
2021-22,new,MIA,ATL,0.00034823962781513703
2021-22,new,MIA,BKN,0.009168311428606857
2021-22,new,MIA,BOS,7.30926113891624e-05
2021-22,new,MIA,CHA,0.00014796698159232915
2021-22,new,MIA,CHI,0.003358271508189099
2021-22,new,MIA,CLE,0.00022834514542472757
2021-22,new,MIA,DAL,0.011311555739609097
2021-22,new,MIA,DEN,0.012199342747636396
2021-22,new,MIA,DET,1.4762701566390774e-06
2021-22,new,MIA,GSW,0.023753802861906946
2021-22,new,MIA,HOU,0.0007936422415238262
2021-22,new,MIA,IND,0.005182180060289867
2021-22,new,MIA,LAC,0.0
2021-22,new,MIA,LAL,0.0
2021-22,new,MIA,MEM,0.012380333242701234
2021-22,new,MIA,MIL,0.010854936420747113
2021-22,new,MIA,MIN,0.0006550736927145561
2021-22,new,MIA,NOP,0.0005334431279864647
2021-22,new,MIA,NYK,2.6303863926739668e-06
2021-22,new,MIA,OKC,0.00205366511935667
2021-22,new,MIA,ORL,1.6983758044179451e-06
2021-22,new,MIA,PHI,0.0
2021-22,new,MIA,PHX,0.0
2021-22,new,MIA,POR,3.090989282339189e-05
2021-22,new,MIA,SAC,2.387055276554309e-06
2021-22,new,MIA,SAS,0.012904991078692403
2021-22,new,MIA,TOR,0.0007017186907188293
2021-22,new,MIA,UTA,0.0008842482698372778
2021-22,new,MIA,WAS,2.6099833061525246e-06
2021-22,new,MIL,ATL,0.14557810223943185
2021-22,new,MIL,BKN,0.04238649475986644
2021-22,new,MIL,BOS,0.0015154186789869597
2021-22,new,MIL,CHA,0.015162507742477842
2021-22,new,MIL,CHI,0.018523698179422364
2021-22,new,MIL,CLE,0.0048129652714134444
2021-22,new,MIL,DAL,0.04974945327190179
2021-22,new,MIL,DEN,0.02587203240017078
2021-22,new,MIL,DET,0.003470064161848847
2021-22,new,MIL,GSW,0.02360578665440676
2021-22,new,MIL,HOU,0.013167026114433295
2021-22,new,MIL,IND,0.19333868753954978
2021-22,new,MIL,LAC,0.0
2021-22,new,MIL,LAL,0.0
2021-22,new,MIL,MEM,0.03248556614136227
2021-22,new,MIL,MIA,0.021255657492819692
2021-22,new,MIL,MIN,0.007548887981008256
2021-22,new,MIL,NOP,0.0313952132206053
2021-22,new,MIL,NYK,0.004082133037086484
2021-22,new,MIL,OKC,0.014450606837262923
2021-22,new,MIL,ORL,0.003141709310080965
2021-22,new,MIL,PHI,0.0
2021-22,new,MIL,PHX,0.0
2021-22,new,MIL,POR,0.010435680858882522
2021-22,new,MIL,SAC,0.00465673303959716
2021-22,new,MIL,SAS,0.042586082773391196
2021-22,new,MIL,TOR,0.016701408027672865
2021-22,new,MIL,UTA,5.834111948976489e-07
2021-22,new,MIL,WAS,0.00796154721162248
2021-22,new,MIN,ATL,0.0035576361852370864
2021-22,new,MIN,BKN,0.012739265624738646
2021-22,new,MIN,BOS,0.0008121877190129112
2021-22,new,MIN,CHA,0.004320971243654804
2021-22,new,MIN,CHI,0.016194031265733835
2021-22,new,MIN,CLE,2.1402658657032997e-06
2021-22,new,MIN,DAL,0.010813089256031498
2021-22,new,MIN,DEN,0.03197701822326555
2021-22,new,MIN,DET,0.0006489099140763649
2021-22,new,MIN,GSW,0.014048556794720033
2021-22,new,MIN,HOU,0.004259698191629564
2021-22,new,MIN,IND,0.03277310169022771
2021-22,new,MIN,LAC,0.0
2021-22,new,MIN,LAL,0.0
2021-22,new,MIN,MEM,0.0241618017368726
2021-22,new,MIN,MIA,0.004933459119036279
2021-22,new,MIN,MIL,0.010717840134798994
2021-22,new,MIN,NOP,0.02444994762509105
2021-22,new,MIN,NYK,0.00017939493422850064
2021-22,new,MIN,OKC,0.011346756538510337
2021-22,new,MIN,ORL,0.0003876740619915607
2021-22,new,MIN,PHI,0.0
2021-22,new,MIN,PHX,0.0
2021-22,new,MIN,POR,0.013022704806927554
2021-22,new,MIN,SAC,0.0005113042990037811
2021-22,new,MIN,SAS,0.026664660947382703
2021-22,new,MIN,TOR,0.0033353807226025618
2021-22,new,MIN,UTA,0.005787762740816334
2021-22,new,MIN,WAS,0.00018770153485905507
2021-22,new,NOP,ATL,0.0004092922707599396
2021-22,new,NOP,BKN,0.011766987648465902
2021-22,new,NOP,BOS,0.0016904668126818281
2021-22,new,NOP,CHA,0.04466520197358215
2021-22,new,NOP,CHI,0.01614061471579898
2021-22,new,NOP,CLE,0.011649608770366752
2021-22,new,NOP,DAL,0.024090724622847136
2021-22,new,NOP,DEN,0.011710223037275248
2021-22,new,NOP,DET,8.445864752393742e-05
2021-22,new,NOP,GSW,0.0071892515964658565
2021-22,new,NOP,HOU,0.01936126089060744
2021-22,new,NOP,IND,0.006348195211018633
2021-22,new,NOP,LAC,0.0
2021-22,new,NOP,LAL,0.0
2021-22,new,NOP,MEM,0.05286044776909109
2021-22,new,NOP,MIA,0.012798491464185142
2021-22,new,NOP,MIL,0.020856814423133425
2021-22,new,NOP,MIN,0.006800016281794442
2021-22,new,NOP,NYK,0.0006574344058143241
2021-22,new,NOP,OKC,0.02156546551747554
2021-22,new,NOP,ORL,9.695506433597095e-05
2021-22,new,NOP,PHI,0.0
2021-22,new,NOP,PHX,0.0
2021-22,new,NOP,POR,0.02025949580700128
2021-22,new,NOP,SAC,0.0012468424658619696
2021-22,new,NOP,SAS,0.026681293639460986
2021-22,new,NOP,TOR,0.016535899634525716
2021-22,new,NOP,UTA,1.731909371599237e-05
2021-22,new,NOP,WAS,0.0004087164417851554
2021-22,new,NYK,ATL,0.04618734052637197
2021-22,new,NYK,BKN,0.005868859705289783
2021-22,new,NYK,BOS,1.577476048247451e-05
2021-22,new,NYK,CHA,0.021263903173487704
2021-22,new,NYK,CHI,0.00915441537263997
2021-22,new,NYK,CLE,0.033295930250174896
2021-22,new,NYK,DAL,0.006756629689737228
2021-22,new,NYK,DEN,0.02839845748290863
2021-22,new,NYK,DET,0.00035255198872694536
2021-22,new,NYK,GSW,0.0023951940666904264
2021-22,new,NYK,HOU,0.07457300626379759
2021-22,new,NYK,IND,0.018831931402865557
2021-22,new,NYK,LAC,0.0
2021-22,new,NYK,LAL,0.0
2021-22,new,NYK,MEM,0.06601884175811307
2021-22,new,NYK,MIA,0.0028542565317334744
2021-22,new,NYK,MIL,0.007415598691766675
2021-22,new,NYK,MIN,0.009067120644337482
2021-22,new,NYK,NOP,0.0161420903924957
2021-22,new,NYK,OKC,0.0008536825537023449
2021-22,new,NYK,ORL,0.0008268849795427673
2021-22,new,NYK,PHI,0.0
2021-22,new,NYK,PHX,0.0
2021-22,new,NYK,POR,0.00017130745229441304
2021-22,new,NYK,SAC,0.0007586980885988309
2021-22,new,NYK,SAS,0.048199907830650174
2021-22,new,NYK,TOR,0.004178826932580089
2021-22,new,NYK,UTA,6.518277296216748e-06
2021-22,new,NYK,WAS,0.0020420005337815155
2021-22,new,OKC,ATL,0.057187657581423156
2021-22,new,OKC,BKN,0.004670809524337873
2021-22,new,OKC,BOS,2.7303955723651e-05
2021-22,new,OKC,CHA,0.003300152074339558
2021-22,new,OKC,CHI,0.008761400741731954
2021-22,new,OKC,CLE,0.00028852524670127966
2021-22,new,OKC,DAL,0.006523247442390479
2021-22,new,OKC,DEN,0.025595930933698482
2021-22,new,OKC,DET,0.009881844483068183
2021-22,new,OKC,GSW,0.0032181033257569717
2021-22,new,OKC,HOU,0.008380388254540619
2021-22,new,OKC,IND,0.006200767796367312
2021-22,new,OKC,LAC,0.0
2021-22,new,OKC,LAL,0.0
2021-22,new,OKC,MEM,0.042267436131673095
2021-22,new,OKC,MIA,0.0007842133728715047
2021-22,new,OKC,MIL,0.003227783862890755
2021-22,new,OKC,MIN,0.002688546000723977
2021-22,new,OKC,NOP,0.011635904651489823
2021-22,new,OKC,NYK,0.00045843199816898
2021-22,new,OKC,ORL,0.00618986476821331
2021-22,new,OKC,PHI,0.0
2021-22,new,OKC,PHX,0.0
2021-22,new,OKC,POR,0.004237914757084671
2021-22,new,OKC,SAC,0.0007198534908894048
2021-22,new,OKC,SAS,0.022641366221169378
2021-22,new,OKC,TOR,0.000982691272628205
2021-22,new,OKC,UTA,0.00020905417520523397
2021-22,new,OKC,WAS,0.0017256341644278155
2021-22,new,ORL,ATL,0.02795093437020225
2021-22,new,ORL,BKN,0.006099810543539847
2021-22,new,ORL,BOS,0.0006217317036961161
2021-22,new,ORL,CHA,0.014018899374135403
2021-22,new,ORL,CHI,0.02109482386599576
2021-22,new,ORL,CLE,0.01642646322368393
2021-22,new,ORL,DAL,0.005973375159357978
2021-22,new,ORL,DEN,0.007407269075914576
2021-22,new,ORL,DET,0.002214133467970547
2021-22,new,ORL,GSW,0.010430557240802768
2021-22,new,ORL,HOU,0.01851427817899846
2021-22,new,ORL,IND,0.044779460420273934
2021-22,new,ORL,LAC,0.0
2021-22,new,ORL,LAL,0.0
2021-22,new,ORL,MEM,0.010713502141758747
2021-22,new,ORL,MIA,0.0009353448411224988
2021-22,new,ORL,MIL,0.007614015786091817
2021-22,new,ORL,MIN,0.01557559413229675
2021-22,new,ORL,NOP,0.004925458079358396
2021-22,new,ORL,NYK,0.001198192933439817
2021-22,new,ORL,OKC,0.005121017328712687
2021-22,new,ORL,PHI,0.0
2021-22,new,ORL,PHX,0.0
2021-22,new,ORL,POR,0.0010867792181164415
2021-22,new,ORL,SAC,0.0012809953264137936
2021-22,new,ORL,SAS,0.04838384972748254
2021-22,new,ORL,TOR,0.016626056596633024
2021-22,new,ORL,UTA,0.0001221596654193526
2021-22,new,ORL,WAS,0.0015130785752624526
2021-22,new,PHI,ATL,0.025093220391822955
2021-22,new,PHI,BKN,0.1354495581696596
2021-22,new,PHI,BOS,0.0015879948175060382
2021-22,new,PHI,CHA,0.003027814906316657
2021-22,new,PHI,CHI,0.016310030253762983
2021-22,new,PHI,CLE,0.012076382798743374
2021-22,new,PHI,DAL,0.015538953349348369
2021-22,new,PHI,DEN,0.004181467759189778
2021-22,new,PHI,DET,0.0005308841542811662
2021-22,new,PHI,GSW,0.006627249548184952
2021-22,new,PHI,HOU,0.010378502101260074
2021-22,new,PHI,IND,0.022503122641850247
2021-22,new,PHI,LAC,0.0
2021-22,new,PHI,LAL,0.0
2021-22,new,PHI,MEM,0.01426284359516036
2021-22,new,PHI,MIA,0.007457974237261406
2021-22,new,PHI,MIL,0.016367818328172093
2021-22,new,PHI,MIN,0.004847547859601897
2021-22,new,PHI,NOP,0.004199470087062231
2021-22,new,PHI,NYK,0.001085703213608773
2021-22,new,PHI,OKC,0.005801744455987122
2021-22,new,PHI,ORL,0.0006730829843879042
2021-22,new,PHI,PHX,0.0
2021-22,new,PHI,POR,0.0013095655488209088
2021-22,new,PHI,SAC,0.0010851615867380423
2021-22,new,PHI,SAS,0.02115346816174599
2021-22,new,PHI,TOR,0.020718099112975702
2021-22,new,PHI,UTA,1.595928870576606e-05
2021-22,new,PHI,WAS,0.0008508316320462692
2021-22,new,PHX,ATL,0.004856734798099753
2021-22,new,PHX,BKN,0.0027899688787704447
2021-22,new,PHX,BOS,1.1403622543008204e-06
2021-22,new,PHX,CHA,0.00039182023830538196
2021-22,new,PHX,CHI,0.004238505203591418
2021-22,new,PHX,CLE,2.284258576007256e-05
2021-22,new,PHX,DAL,0.00394645823108634
2021-22,new,PHX,DEN,4.544947735839429e-07
2021-22,new,PHX,DET,0.0005937448600336231
2021-22,new,PHX,GSW,0.0007745240173902785
2021-22,new,PHX,HOU,0.0016953125970783354
2021-22,new,PHX,IND,0.0025221728039734855
2021-22,new,PHX,LAC,0.0
2021-22,new,PHX,LAL,0.0
2021-22,new,PHX,MEM,0.006427561291258156
2021-22,new,PHX,MIA,0.0009385776005139382
2021-22,new,PHX,MIL,0.003968029305306617
2021-22,new,PHX,MIN,0.016411681158410837
2021-22,new,PHX,NOP,0.0007712285226069989
2021-22,new,PHX,NYK,1.764844354530898e-05
2021-22,new,PHX,OKC,0.0012273242129841706
2021-22,new,PHX,ORL,0.0006542175430921353
2021-22,new,PHX,PHI,0.0
2021-22,new,PHX,POR,0.0002249579055822903
2021-22,new,PHX,SAC,7.753573483837734e-05
2021-22,new,PHX,SAS,0.006547669893619546
2021-22,new,PHX,TOR,3.38575743655191e-05
2021-22,new,PHX,UTA,0.00029235863314795555
2021-22,new,PHX,WAS,0.00026526318003381426
2021-22,new,POR,ATL,0.009484643077964261
2021-22,new,POR,BKN,0.0048791778616653365
2021-22,new,POR,BOS,0.0006181007079186725
2021-22,new,POR,CHA,0.014069609112623413
2021-22,new,POR,CHI,0.03678928995811106
2021-22,new,POR,CLE,0.0006704096437860684
2021-22,new,POR,DAL,0.003751021901627663
2021-22,new,POR,DEN,0.020721882142718973
2021-22,new,POR,DET,0.0011665457611128958
2021-22,new,POR,GSW,0.00020582916394829454
2021-22,new,POR,HOU,0.0030576509437403353
2021-22,new,POR,IND,0.0042064843155132925
2021-22,new,POR,LAC,0.0
2021-22,new,POR,LAL,0.0
2021-22,new,POR,MEM,0.08220726832096141
2021-22,new,POR,MIA,0.005287984998210269
2021-22,new,POR,MIL,0.0002672512010736459
2021-22,new,POR,MIN,0.0018569292128106357
2021-22,new,POR,NOP,0.08695981443237588
2021-22,new,POR,NYK,0.00033939808482799584
2021-22,new,POR,OKC,0.004677572124416081
2021-22,new,POR,ORL,0.0018804520917055747
2021-22,new,POR,PHI,0.0
2021-22,new,POR,PHX,0.0
2021-22,new,POR,SAC,0.0020739332544291427
2021-22,new,POR,SAS,0.028916551280143414
2021-22,new,POR,TOR,0.0034660592365774005
2021-22,new,POR,UTA,1.1020724279595813e-05
2021-22,new,POR,WAS,0.00014387636952973486
2021-22,new,SAC,ATL,0.010824006990303177
2021-22,new,SAC,BKN,0.020207798203344837
2021-22,new,SAC,BOS,0.00133372797104713
2021-22,new,SAC,CHA,0.010729763360045826
2021-22,new,SAC,CHI,0.012921039800860488
2021-22,new,SAC,CLE,0.001347595454432686
2021-22,new,SAC,DAL,0.02263969918334582
2021-22,new,SAC,DEN,0.013988911209478101
2021-22,new,SAC,DET,0.0006473355901934002
2021-22,new,SAC,GSW,0.01024784499450169
2021-22,new,SAC,HOU,0.03002693952386395
2021-22,new,SAC,IND,0.0076064070586868504
2021-22,new,SAC,LAC,0.0
2021-22,new,SAC,LAL,0.0
2021-22,new,SAC,MEM,0.052407926291132854
2021-22,new,SAC,MIA,0.0043803879981539375
2021-22,new,SAC,MIL,0.01646307421691689
2021-22,new,SAC,MIN,0.010204937167669832
2021-22,new,SAC,NOP,0.007631324664086503
2021-22,new,SAC,NYK,0.0013988309887215291
2021-22,new,SAC,OKC,0.0009753520868005404
2021-22,new,SAC,ORL,0.0005130915969968024
2021-22,new,SAC,PHI,0.0
2021-22,new,SAC,PHX,0.0
2021-22,new,SAC,POR,0.0035136916238218126
2021-22,new,SAC,SAS,0.025721094676510778
2021-22,new,SAC,TOR,0.006789248120778439
2021-22,new,SAC,UTA,6.917740533148046e-05
2021-22,new,SAC,WAS,0.0025592933994839136
2021-22,new,SAS,ATL,0.010170852494864397
2021-22,new,SAS,BKN,0.023467001672541447
2021-22,new,SAS,BOS,0.0005370651804998787
2021-22,new,SAS,CHA,0.011340933256127872
2021-22,new,SAS,CHI,0.0076690085498257
2021-22,new,SAS,CLE,0.0006582767834324626
2021-22,new,SAS,DAL,0.005468499711513029
2021-22,new,SAS,DEN,0.0043329560156404115
2021-22,new,SAS,DET,0.001968111436473922
2021-22,new,SAS,GSW,0.012707984409374571
2021-22,new,SAS,HOU,0.0012152479188958314
2021-22,new,SAS,IND,0.004050114862461741
2021-22,new,SAS,LAC,0.0
2021-22,new,SAS,LAL,0.0
2021-22,new,SAS,MEM,0.05949539356806274
2021-22,new,SAS,MIA,0.011506465529412802
2021-22,new,SAS,MIL,0.023652589929100472
2021-22,new,SAS,MIN,0.0009946572439798532
2021-22,new,SAS,NOP,0.10908589755687056
2021-22,new,SAS,NYK,8.789039659258778e-05
2021-22,new,SAS,OKC,0.0028050267188378043
2021-22,new,SAS,ORL,0.002916152979366219
2021-22,new,SAS,PHI,0.0
2021-22,new,SAS,PHX,0.0
2021-22,new,SAS,POR,0.02170135103646191
2021-22,new,SAS,SAC,0.0016301785545965075
2021-22,new,SAS,TOR,0.0029289669428661305
2021-22,new,SAS,UTA,1.1443024591166064e-05
2021-22,new,SAS,WAS,7.5136864480899e-05
2021-22,new,TOR,ATL,0.022980594484263882
2021-22,new,TOR,BKN,0.05698815885878597
2021-22,new,TOR,BOS,0.00393948331248825
2021-22,new,TOR,CHA,0.01589859786437391
2021-22,new,TOR,CHI,0.047887206667909604
2021-22,new,TOR,CLE,0.07599435415421697
2021-22,new,TOR,DAL,0.02286498291415282
2021-22,new,TOR,DEN,0.03473442146907747
2021-22,new,TOR,DET,0.001372610312785703
2021-22,new,TOR,GSW,0.012426347127997762
2021-22,new,TOR,HOU,0.07104283434389047
2021-22,new,TOR,IND,0.02912787005408849
2021-22,new,TOR,LAC,0.0
2021-22,new,TOR,LAL,0.0
2021-22,new,TOR,MEM,0.04317124923911122
2021-22,new,TOR,MIA,0.01086772630641494
2021-22,new,TOR,MIL,0.027902376253854257
2021-22,new,TOR,MIN,0.02236025878470642
2021-22,new,TOR,NOP,0.005371445156187857
2021-22,new,TOR,NYK,0.0016722716219775846
2021-22,new,TOR,OKC,0.00910315202388595
2021-22,new,TOR,ORL,0.0009614281418311156
2021-22,new,TOR,PHI,0.0
2021-22,new,TOR,PHX,0.0
2021-22,new,TOR,POR,0.0031642085857200588
2021-22,new,TOR,SAC,0.0021613549940027016
2021-22,new,TOR,SAS,0.14050482780383985
2021-22,new,TOR,UTA,0.00028926753845906765
2021-22,new,TOR,WAS,0.0030158775558841895
2021-22,new,UTA,ATL,0.009215404263407063
2021-22,new,UTA,BKN,0.02108712866559629
2021-22,new,UTA,BOS,0.0002440439452581798
2021-22,new,UTA,CHA,0.007704116615515441
2021-22,new,UTA,CHI,0.016343841500035487
2021-22,new,UTA,CLE,0.0038351624492760895
2021-22,new,UTA,DAL,0.021222553628533165
2021-22,new,UTA,DEN,0.050498494596229335
2021-22,new,UTA,DET,0.0024497350447203327
2021-22,new,UTA,GSW,0.008352090718901058
2021-22,new,UTA,HOU,0.0012446120853640205
2021-22,new,UTA,IND,0.009320519147508333
2021-22,new,UTA,LAC,0.0
2021-22,new,UTA,LAL,0.0
2021-22,new,UTA,MEM,0.23935709231201258
2021-22,new,UTA,MIA,0.009595905357955731
2021-22,new,UTA,MIL,0.020566167409476182
2021-22,new,UTA,MIN,0.011087940016062848
2021-22,new,UTA,NOP,0.001001650706880943
2021-22,new,UTA,NYK,0.0001138698396822502
2021-22,new,UTA,OKC,0.002407394083137541
2021-22,new,UTA,ORL,0.0003759029331776324
2021-22,new,UTA,PHI,0.0
2021-22,new,UTA,PHX,0.0
2021-22,new,UTA,POR,0.001230302190633411
2021-22,new,UTA,SAC,0.0004755201356844662
2021-22,new,UTA,SAS,0.04859300167708237
2021-22,new,UTA,TOR,0.005725655353623398
2021-22,new,UTA,WAS,0.00014630823940341885
2021-22,new,WAS,ATL,0.004629533270561661
2021-22,new,WAS,BKN,0.017157156517804556
2021-22,new,WAS,BOS,0.00035396708125123784
2021-22,new,WAS,CHA,0.04614983867951187
2021-22,new,WAS,CHI,0.0139638273683452
2021-22,new,WAS,CLE,0.12321560512188343
2021-22,new,WAS,DAL,0.010733502663667838
2021-22,new,WAS,DEN,0.007626318675875508
2021-22,new,WAS,DET,0.0009411099734877002
2021-22,new,WAS,GSW,0.012543139181979223
2021-22,new,WAS,HOU,0.05806923487446479
2021-22,new,WAS,IND,0.0782237299308127
2021-22,new,WAS,LAC,0.0
2021-22,new,WAS,LAL,0.0
2021-22,new,WAS,MEM,0.019916124575255767
2021-22,new,WAS,MIA,0.013223599176251747
2021-22,new,WAS,MIL,0.013177752633144756
2021-22,new,WAS,MIN,0.015273996672209732
2021-22,new,WAS,NOP,0.017569984353156272
2021-22,new,WAS,NYK,0.003195691341419054
2021-22,new,WAS,OKC,0.0034406887110220168
2021-22,new,WAS,ORL,0.0011091709632764912
2021-22,new,WAS,PHI,0.0
2021-22,new,WAS,PHX,0.0
2021-22,new,WAS,POR,0.00036827319101462313
2021-22,new,WAS,SAC,0.0016093979052547
2021-22,new,WAS,SAS,0.029149736753312703
2021-22,new,WAS,TOR,0.010609453798985254
2021-22,new,WAS,UTA,0.0007902508317643594
2021-22,old,ATL,BKN,0.0038739878653682633
2021-22,old,ATL,BOS,0.0001856592996304052
2021-22,old,ATL,CHA,0.06896345371123937
2021-22,old,ATL,CHI,0.005124786764269917
2021-22,old,ATL,CLE,0.15555271308124852
2021-22,old,ATL,DAL,0.003773789003907039
2021-22,old,ATL,DEN,0.0035077978524174973
2021-22,old,ATL,DET,4.5699067335474243e-05
2021-22,old,ATL,GSW,0.0010538797577455598
2021-22,old,ATL,HOU,0.030237338354887337
2021-22,old,ATL,IND,0.11104597643765574
2021-22,old,ATL,LAC,0.0
2021-22,old,ATL,LAL,0.0
2021-22,old,ATL,MEM,0.042450767473947694
2021-22,old,ATL,MIA,0.0029428879895793464
2021-22,old,ATL,MIL,0.0029706990789028524
2021-22,old,ATL,MIN,0.0032718947799757884
2021-22,old,ATL,NOP,0.033281720983621
2021-22,old,ATL,NYK,0.017846684555032036
2021-22,old,ATL,OKC,0.013365036239358651
2021-22,old,ATL,ORL,0.002789265520814569
2021-22,old,ATL,PHI,0.0
2021-22,old,ATL,PHX,0.0
2021-22,old,ATL,POR,0.010856069053374091
2021-22,old,ATL,SAC,0.0022118251025536003
2021-22,old,ATL,SAS,0.021184836294493792
2021-22,old,ATL,TOR,0.015462728303337964
2021-22,old,ATL,UTA,1.6882677978758075e-06
2021-22,old,ATL,WAS,0.009639109556332901
2021-22,old,BKN,ATL,0.03746442223039785
2021-22,old,BKN,BOS,0.00018371548627858423
2021-22,old,BKN,CHA,0.044149194621858213
2021-22,old,BKN,CHI,0.005468371541022189
2021-22,old,BKN,CLE,0.049554191344186496
2021-22,old,BKN,DAL,0.004333100728486956
2021-22,old,BKN,DEN,0.009135233629159549
2021-22,old,BKN,DET,9.057852213441548e-06
2021-22,old,BKN,GSW,0.0018189655735720651
2021-22,old,BKN,HOU,0.20147360077790177
2021-22,old,BKN,IND,0.030827943150632968
2021-22,old,BKN,LAC,0.0
2021-22,old,BKN,LAL,0.0
2021-22,old,BKN,MEM,0.011161230827990679
2021-22,old,BKN,MIA,0.0036853448768820745
2021-22,old,BKN,MIL,0.01137452799328733
2021-22,old,BKN,MIN,0.003166712780886221
2021-22,old,BKN,NOP,0.01898515399516424
2021-22,old,BKN,NYK,0.0011011609170427522
2021-22,old,BKN,OKC,0.008660858919218854
2021-22,old,BKN,ORL,2.3203211520512925e-05
2021-22,old,BKN,PHI,0.0
2021-22,old,BKN,PHX,0.0
2021-22,old,BKN,POR,0.004161228622922407
2021-22,old,BKN,SAC,8.510550153610925e-06
2021-22,old,BKN,SAS,0.05813872794572373
2021-22,old,BKN,TOR,0.009565020716911024
2021-22,old,BKN,UTA,6.802803997884227e-06
2021-22,old,BKN,WAS,0.015405210574613111
2021-22,old,BOS,ATL,0.004960803929070494
2021-22,old,BOS,BKN,0.0463855828786366
2021-22,old,BOS,CHA,0.0035449034996188314
2021-22,old,BOS,CHI,0.017341862197474835
2021-22,old,BOS,CLE,0.01689734099503161
2021-22,old,BOS,DAL,0.02716249131806794
2021-22,old,BOS,DEN,0.021177117510860693
2021-22,old,BOS,DET,0.00010675856970668626
2021-22,old,BOS,GSW,0.019942003472152185
2021-22,old,BOS,HOU,0.0295304420519548
2021-22,old,BOS,IND,0.015353041613861956
2021-22,old,BOS,LAC,0.0
2021-22,old,BOS,LAL,0.0
2021-22,old,BOS,MEM,0.016268665210511877
2021-22,old,BOS,MIA,0.015399784465994815
2021-22,old,BOS,MIL,0.029435428224724423
2021-22,old,BOS,MIN,0.023313062952454826
2021-22,old,BOS,NOP,0.0014911816198708789
2021-22,old,BOS,NYK,0.00027631634733361817
2021-22,old,BOS,OKC,0.0022898144684656333
2021-22,old,BOS,ORL,1.429185908278433e-06
2021-22,old,BOS,PHI,0.0
2021-22,old,BOS,PHX,0.0
2021-22,old,BOS,POR,0.0026058721062788034
2021-22,old,BOS,SAC,0.0006298256032259084
2021-22,old,BOS,SAS,0.2563019160685336
2021-22,old,BOS,TOR,0.002845166024780449
2021-22,old,BOS,UTA,2.2859039967675314e-05
2021-22,old,BOS,WAS,0.0025910283383429565
2021-22,old,CHA,ATL,0.020285088225223936
2021-22,old,CHA,BKN,0.003079668539487438
2021-22,old,CHA,BOS,5.3091056457618295e-05
2021-22,old,CHA,CHI,0.007708160392957807
2021-22,old,CHA,CLE,0.08153813321625102
2021-22,old,CHA,DAL,0.00560284256831167
2021-22,old,CHA,DEN,0.002768570314447972
2021-22,old,CHA,DET,6.1243100172399655e-06
2021-22,old,CHA,GSW,0.001652437320300313
2021-22,old,CHA,HOU,0.052380657831070425
2021-22,old,CHA,IND,0.06077798491709184
2021-22,old,CHA,LAC,0.0
2021-22,old,CHA,LAL,0.0
2021-22,old,CHA,MEM,0.01517617653891409
2021-22,old,CHA,MIA,0.002820043112954189
2021-22,old,CHA,MIL,0.0034598532355857243
2021-22,old,CHA,MIN,0.009801090881727205
2021-22,old,CHA,NOP,0.018818777185833795
2021-22,old,CHA,NYK,0.014066931735442809
2021-22,old,CHA,OKC,0.007401244788425175
2021-22,old,CHA,ORL,4.126302570231566e-06
2021-22,old,CHA,PHI,0.0
2021-22,old,CHA,PHX,0.0
2021-22,old,CHA,POR,0.0030725776299106032
2021-22,old,CHA,SAC,2.872013485814531e-05
2021-22,old,CHA,SAS,0.01978023746834617
2021-22,old,CHA,TOR,0.007895924440147301
2021-22,old,CHA,UTA,3.7927324658037675e-05
2021-22,old,CHA,WAS,0.005299013303485087
2021-22,old,CHI,ATL,0.004195639424772097
2021-22,old,CHI,BKN,0.022832904876064243
2021-22,old,CHI,BOS,0.00023166641783575257
2021-22,old,CHI,CHA,0.028779821314988806
2021-22,old,CHI,CLE,0.013641230452298727
2021-22,old,CHI,DAL,0.024184750574443796
2021-22,old,CHI,DEN,0.023834156282809046
2021-22,old,CHI,DET,3.531652522661039e-06
2021-22,old,CHI,GSW,0.011290948421011242
2021-22,old,CHI,HOU,0.009748922329604753
2021-22,old,CHI,IND,0.025653366286432836
2021-22,old,CHI,LAC,0.0
2021-22,old,CHI,LAL,0.0
2021-22,old,CHI,MEM,0.11486196361460435
2021-22,old,CHI,MIA,0.007919181210615127
2021-22,old,CHI,MIL,0.023180799274372763
2021-22,old,CHI,MIN,0.02585602115392347
2021-22,old,CHI,NOP,0.041029814368827
2021-22,old,CHI,NYK,0.009026655078447816
2021-22,old,CHI,OKC,0.0065364342191403775
2021-22,old,CHI,ORL,4.576131713917864e-06
2021-22,old,CHI,PHI,0.0
2021-22,old,CHI,PHX,0.0
2021-22,old,CHI,POR,0.02373573162513354
2021-22,old,CHI,SAC,0.002836742865257134
2021-22,old,CHI,SAS,0.060094713643243924
2021-22,old,CHI,TOR,0.017446645325331862
2021-22,old,CHI,UTA,3.5186577744858803e-06
2021-22,old,CHI,WAS,0.015100688196035208
2021-22,old,CLE,ATL,0.058567043024309644
2021-22,old,CLE,BKN,0.09260546918301156
2021-22,old,CLE,BOS,0.0002037261797960813
2021-22,old,CLE,CHA,0.016982029226708995
2021-22,old,CLE,CHI,0.01888730476731862
2021-22,old,CLE,DAL,0.033336134327821954
2021-22,old,CLE,DEN,0.014494313758757468
2021-22,old,CLE,DET,0.00262757773491632
2021-22,old,CLE,GSW,0.01342133627927761
2021-22,old,CLE,HOU,0.029593480746362137
2021-22,old,CLE,IND,0.3503885910882648
2021-22,old,CLE,LAC,0.0
2021-22,old,CLE,LAL,0.0
2021-22,old,CLE,MEM,0.018283371613327454
2021-22,old,CLE,MIA,0.007126077691269719
2021-22,old,CLE,MIL,0.015551763134190435
2021-22,old,CLE,MIN,0.01591579575387417
2021-22,old,CLE,NOP,0.00038671579600562566
2021-22,old,CLE,NYK,0.00018970204605052936
2021-22,old,CLE,OKC,0.008642066467852275
2021-22,old,CLE,ORL,0.0010600358415491452
2021-22,old,CLE,PHI,0.0
2021-22,old,CLE,PHX,0.0
2021-22,old,CLE,POR,0.002585776566264259
2021-22,old,CLE,SAC,0.00255848783690529
2021-22,old,CLE,SAS,0.0317512145304312
2021-22,old,CLE,TOR,0.025401399746243905
2021-22,old,CLE,UTA,1.1456350834312804e-05
2021-22,old,CLE,WAS,0.00039218310475892343
2021-22,old,DAL,ATL,0.006185260120681995
2021-22,old,DAL,BKN,0.0335980606023704
2021-22,old,DAL,BOS,1.7026410437891206e-05
2021-22,old,DAL,CHA,0.0030970682138087044
2021-22,old,DAL,CHI,0.0014177844388414886
2021-22,old,DAL,CLE,0.006361375645371117
2021-22,old,DAL,DEN,0.00787067345371576
2021-22,old,DAL,DET,1.1931082147145387e-05
2021-22,old,DAL,GSW,0.02853879342931849
2021-22,old,DAL,HOU,0.01981600249499275
2021-22,old,DAL,IND,0.006744284189473668
2021-22,old,DAL,LAC,0.0
2021-22,old,DAL,LAL,0.0
2021-22,old,DAL,MEM,0.020447472102684487
2021-22,old,DAL,MIA,0.012328663801710153
2021-22,old,DAL,MIL,0.041987638095302066
2021-22,old,DAL,MIN,0.0005219207614300432
2021-22,old,DAL,NOP,0.022630287405798626
2021-22,old,DAL,NYK,0.006058459502557682
2021-22,old,DAL,OKC,0.006216402839402433
2021-22,old,DAL,ORL,0.00011226244649481267
2021-22,old,DAL,PHI,0.0
2021-22,old,DAL,PHX,0.0
2021-22,old,DAL,POR,0.0006049846325093227
2021-22,old,DAL,SAC,3.935722323194494e-05
2021-22,old,DAL,SAS,0.017425390099896743
2021-22,old,DAL,TOR,0.005137167065763461
2021-22,old,DAL,UTA,4.841992195018845e-06
2021-22,old,DAL,WAS,0.011738673299169708
2021-22,old,DEN,ATL,0.011303384953848474
2021-22,old,DEN,BKN,0.029407280223018674
2021-22,old,DEN,BOS,2.048937314536499e-05
2021-22,old,DEN,CHA,0.004034371234816727
2021-22,old,DEN,CHI,0.029167774505401978
2021-22,old,DEN,CLE,0.020064863776402788
2021-22,old,DEN,DAL,0.028863571153214092
2021-22,old,DEN,DET,0.0015033045823826436
2021-22,old,DEN,GSW,0.009957384164537932
2021-22,old,DEN,HOU,0.014978987097716088
2021-22,old,DEN,IND,0.029653350783337525
2021-22,old,DEN,LAC,0.0
2021-22,old,DEN,LAL,0.0
2021-22,old,DEN,MEM,0.07765730895373514
2021-22,old,DEN,MIA,0.00919827597320144
2021-22,old,DEN,MIL,0.0296317706421107
2021-22,old,DEN,MIN,0.035025522052609954
2021-22,old,DEN,NOP,0.037378629878350424
2021-22,old,DEN,NYK,0.006979968647570684
2021-22,old,DEN,OKC,0.004991079443564304
2021-22,old,DEN,ORL,0.0010092727003512293
2021-22,old,DEN,PHI,0.0
2021-22,old,DEN,PHX,0.0
2021-22,old,DEN,POR,0.006503745869706307
2021-22,old,DEN,SAC,0.00038005381056787393
2021-22,old,DEN,SAS,0.12064773316832593
2021-22,old,DEN,TOR,0.001865647649987329
2021-22,old,DEN,UTA,0.0001973755556537511
2021-22,old,DEN,WAS,0.0003255354075068881
2021-22,old,DET,ATL,0.004466421153433617
2021-22,old,DET,BKN,0.04353698826769141
2021-22,old,DET,BOS,8.638423590812212e-05
2021-22,old,DET,CHA,0.003466693718911667
2021-22,old,DET,CHI,0.0034142932747831087
2021-22,old,DET,CLE,5.473128165932918e-05
2021-22,old,DET,DAL,0.008381469222719075
2021-22,old,DET,DEN,0.004404632520122836
2021-22,old,DET,GSW,0.010251078233860494
2021-22,old,DET,HOU,0.0035404096514685076
2021-22,old,DET,IND,0.03145130726681492
2021-22,old,DET,LAC,0.0
2021-22,old,DET,LAL,0.0
2021-22,old,DET,MEM,0.018796719891441327
2021-22,old,DET,MIA,0.0024439655533381576
2021-22,old,DET,MIL,0.02185858052154823
2021-22,old,DET,MIN,0.0013212300724413407
2021-22,old,DET,NOP,0.01958015677424757
2021-22,old,DET,NYK,0.005478791850898907
2021-22,old,DET,OKC,0.011250900134460414
2021-22,old,DET,ORL,0.0034122826680360934
2021-22,old,DET,PHI,0.0
2021-22,old,DET,PHX,0.0
2021-22,old,DET,POR,0.002094977243306678
2021-22,old,DET,SAC,0.003135270912966149
2021-22,old,DET,SAS,0.037476947449712486
2021-22,old,DET,TOR,0.0009797559126012382
2021-22,old,DET,UTA,6.984870941780776e-07
2021-22,old,DET,WAS,0.00016821086021892782
2021-22,old,GSW,ATL,0.005294362572144249
2021-22,old,GSW,BKN,0.02230015950684977
2021-22,old,GSW,BOS,1.0627906461086681e-05
2021-22,old,GSW,CHA,0.006009208746870103
2021-22,old,GSW,CHI,0.029084502547676947
2021-22,old,GSW,CLE,0.0012033903155651464
2021-22,old,GSW,DAL,0.030619231994737057
2021-22,old,GSW,DEN,0.01380666513264995
2021-22,old,GSW,DET,4.231161380078394e-06
2021-22,old,GSW,HOU,0.004592133537276072
2021-22,old,GSW,IND,0.006409237677553251
2021-22,old,GSW,LAC,0.0
2021-22,old,GSW,LAL,0.0
2021-22,old,GSW,MEM,0.05150889278046755
2021-22,old,GSW,MIA,0.03224461214392093
2021-22,old,GSW,MIL,0.025252121107604913
2021-22,old,GSW,MIN,0.009520023994501145
2021-22,old,GSW,NOP,0.0481577671771416
2021-22,old,GSW,NYK,0.0193536396004041
2021-22,old,GSW,OKC,0.03596551366936634
2021-22,old,GSW,ORL,4.130412281365051e-06
2021-22,old,GSW,PHI,0.0
2021-22,old,GSW,PHX,0.0
2021-22,old,GSW,POR,0.022581715890786228
2021-22,old,GSW,SAC,0.0026206509551978995
2021-22,old,GSW,SAS,0.053513156539248465
2021-22,old,GSW,TOR,0.0022137921762891977
2021-22,old,GSW,UTA,1.476668275850063e-05
2021-22,old,GSW,WAS,0.011806685657137408
2021-22,old,HOU,ATL,0.00032806376273513104
2021-22,old,HOU,BKN,0.008367456789832653
2021-22,old,HOU,BOS,1.4197446616304312e-06
2021-22,old,HOU,CHA,0.04013644970652412
2021-22,old,HOU,CHI,0.008965409683417469
2021-22,old,HOU,CLE,0.07478301603240792
2021-22,old,HOU,DAL,0.007234936997600006
2021-22,old,HOU,DEN,0.002978442541142096
2021-22,old,HOU,DET,0.0065159328559163945
2021-22,old,HOU,GSW,0.006720417885134686
2021-22,old,HOU,IND,0.06323692762753345
2021-22,old,HOU,LAC,0.0
2021-22,old,HOU,LAL,0.0
2021-22,old,HOU,MEM,0.05576288249024153
2021-22,old,HOU,MIA,0.009042025948633793
2021-22,old,HOU,MIL,0.009479761767667062
2021-22,old,HOU,MIN,0.005232151472248385
2021-22,old,HOU,NOP,0.04301853798541161
2021-22,old,HOU,NYK,0.0017431017866677587
2021-22,old,HOU,OKC,0.011612751172191146
2021-22,old,HOU,ORL,0.010441257244925985
2021-22,old,HOU,PHI,0.0
2021-22,old,HOU,PHX,0.0
2021-22,old,HOU,POR,0.013564551387722291
2021-22,old,HOU,SAC,0.0010083681708439002
2021-22,old,HOU,SAS,0.012798683945619834
2021-22,old,HOU,TOR,2.1551184873942385e-05
2021-22,old,HOU,UTA,4.5439093890847676e-06
2021-22,old,HOU,WAS,0.005504936604359565
2021-22,old,IND,ATL,0.006382014249712131
2021-22,old,IND,BKN,0.010596985416732554
2021-22,old,IND,BOS,8.085311404058784e-06
2021-22,old,IND,CHA,0.03652026612440256
2021-22,old,IND,CHI,0.020441733895142387
2021-22,old,IND,CLE,0.02442403686184401
2021-22,old,IND,DAL,0.005744436436635012
2021-22,old,IND,DEN,0.011066331353184244
2021-22,old,IND,DET,0.0030142296457859
2021-22,old,IND,GSW,0.01062069075811118
2021-22,old,IND,HOU,0.0390072736760264
2021-22,old,IND,LAC,0.0
2021-22,old,IND,LAL,0.0
2021-22,old,IND,MEM,0.03688087728571519
2021-22,old,IND,MIA,0.006103448318156958
2021-22,old,IND,MIL,0.006842780239398853
2021-22,old,IND,MIN,0.0048813582307135625
2021-22,old,IND,NOP,0.05677184940748392
2021-22,old,IND,NYK,0.008753410388932908
2021-22,old,IND,OKC,0.010560906623500359
2021-22,old,IND,ORL,0.0021306539258711863
2021-22,old,IND,PHI,0.0
2021-22,old,IND,PHX,0.0
2021-22,old,IND,POR,0.01572451643979288
2021-22,old,IND,SAC,0.017108755248405633
2021-22,old,IND,SAS,0.05465743561807352
2021-22,old,IND,TOR,0.0037783614732500685
2021-22,old,IND,UTA,9.954579236290998e-07
2021-22,old,IND,WAS,0.007028132832831771
2021-22,old,LAC,ATL,0.009070633278456565
2021-22,old,LAC,BKN,0.012413412068813131
2021-22,old,LAC,BOS,4.592086071957785e-05
2021-22,old,LAC,CHA,0.02050465992227354
2021-22,old,LAC,CHI,0.008258371452743218
2021-22,old,LAC,CLE,0.009201011345707421
2021-22,old,LAC,DAL,0.01364489619536736
2021-22,old,LAC,DEN,0.008946695264628882
2021-22,old,LAC,DET,0.0011257313031257312
2021-22,old,LAC,GSW,0.0074849138107825185
2021-22,old,LAC,HOU,0.005835667921848406
2021-22,old,LAC,IND,0.010515827537563928
2021-22,old,LAC,LAL,0.0
2021-22,old,LAC,MEM,0.01618714885329777
2021-22,old,LAC,MIA,0.013451508669551976
2021-22,old,LAC,MIL,0.004385766713758525
2021-22,old,LAC,MIN,0.008107348281234977
2021-22,old,LAC,NOP,0.00728582500135095
2021-22,old,LAC,NYK,0.0012775961839408797
2021-22,old,LAC,OKC,0.05454653506006942
2021-22,old,LAC,ORL,1.2455074750629742e-05
2021-22,old,LAC,PHI,0.0
2021-22,old,LAC,PHX,0.0
2021-22,old,LAC,POR,0.024518164579941236
2021-22,old,LAC,SAC,0.0001395501258180232
2021-22,old,LAC,SAS,0.018243568293539653
2021-22,old,LAC,TOR,0.0002815051663796166
2021-22,old,LAC,UTA,1.618637523483402e-05
2021-22,old,LAC,WAS,0.0015805188654651535
2021-22,old,LAL,ATL,0.0006207446214969844
2021-22,old,LAL,BKN,0.0017479799164758338
2021-22,old,LAL,BOS,5.569658932283391e-07
2021-22,old,LAL,CHA,0.02232197757513528
2021-22,old,LAL,CHI,0.010260867105861588
2021-22,old,LAL,CLE,4.805630235542594e-05
2021-22,old,LAL,DAL,0.0012754951131426378
2021-22,old,LAL,DEN,0.004618797269469095
2021-22,old,LAL,DET,5.407281096841982e-06
2021-22,old,LAL,GSW,1.185351559845643e-05
2021-22,old,LAL,HOU,0.0012559267457430093
2021-22,old,LAL,IND,0.004709335928382849
2021-22,old,LAL,LAC,0.0
2021-22,old,LAL,MEM,0.1609755686459062
2021-22,old,LAL,MIA,2.58620693508921e-05
2021-22,old,LAL,MIL,0.0013461379242020483
2021-22,old,LAL,MIN,0.00019641115714220708
2021-22,old,LAL,NOP,0.11688324422531032
2021-22,old,LAL,NYK,0.01095683957648639
2021-22,old,LAL,OKC,0.004600370979239635
2021-22,old,LAL,ORL,4.101399408574294e-06
2021-22,old,LAL,PHI,0.0
2021-22,old,LAL,PHX,0.0
2021-22,old,LAL,POR,0.03577094084255468
2021-22,old,LAL,SAC,0.0015684261242513568
2021-22,old,LAL,SAS,0.03298167871464409
2021-22,old,LAL,TOR,3.568494329692494e-05
2021-22,old,LAL,UTA,9.361945946799735e-05
2021-22,old,LAL,WAS,0.005356924136852402
2021-22,old,MEM,ATL,0.0027595721195842237
2021-22,old,MEM,BKN,0.03250961537185348
2021-22,old,MEM,BOS,2.4314066721549697e-05
2021-22,old,MEM,CHA,0.02284116109207135
2021-22,old,MEM,CHI,0.0103982963400695
2021-22,old,MEM,CLE,1.3026968143022304e-05
2021-22,old,MEM,DAL,0.016849581229992028
2021-22,old,MEM,DEN,0.005338107323349566
2021-22,old,MEM,DET,0.0010870808008970226
2021-22,old,MEM,GSW,0.021788793136521094
2021-22,old,MEM,HOU,0.004150862042101681
2021-22,old,MEM,IND,0.001433548755408982
2021-22,old,MEM,LAC,0.0
2021-22,old,MEM,LAL,0.0
2021-22,old,MEM,MIA,0.027806034598355022
2021-22,old,MEM,MIL,0.01651215736144547
2021-22,old,MEM,MIN,0.0003589370746312167
2021-22,old,MEM,NOP,0.025801163671973895
2021-22,old,MEM,NYK,0.0071824891567884575
2021-22,old,MEM,OKC,0.0060989998546769715
2021-22,old,MEM,ORL,0.0012206492203582844
2021-22,old,MEM,PHI,0.0
2021-22,old,MEM,PHX,0.0
2021-22,old,MEM,POR,0.02593069421793482
2021-22,old,MEM,SAC,0.0046443173493426835
2021-22,old,MEM,SAS,0.04162983439426239
2021-22,old,MEM,TOR,0.00018117828183317758
2021-22,old,MEM,UTA,2.948025404595588e-05
2021-22,old,MEM,WAS,0.007448071759340888
2021-22,old,MIA,ATL,0.0008652394753124314
2021-22,old,MIA,BKN,0.008995984538087844
2021-22,old,MIA,BOS,3.1207519828842193e-06
2021-22,old,MIA,CHA,0.00019412480029470578
2021-22,old,MIA,CHI,0.004201907960803628
2021-22,old,MIA,CLE,0.00021206927644144854
2021-22,old,MIA,DAL,0.010512790633276054
2021-22,old,MIA,DEN,0.007965898225061527
2021-22,old,MIA,DET,4.294805763595496e-07
2021-22,old,MIA,GSW,0.023776350233678925
2021-22,old,MIA,HOU,0.002325431042178212
2021-22,old,MIA,IND,0.007691749143595904
2021-22,old,MIA,LAC,0.0
2021-22,old,MIA,LAL,0.0
2021-22,old,MIA,MEM,0.01263008219410744
2021-22,old,MIA,MIL,0.010519315241140519
2021-22,old,MIA,MIN,0.00076974730487147
2021-22,old,MIA,NOP,0.001249469324996757
2021-22,old,MIA,NYK,1.85397609184587e-05
2021-22,old,MIA,OKC,0.0013974217156484188
2021-22,old,MIA,ORL,4.7252621762800563e-07
2021-22,old,MIA,PHI,0.0
2021-22,old,MIA,PHX,0.0
2021-22,old,MIA,POR,0.005307251548482257
2021-22,old,MIA,SAC,9.040157510973493e-09
2021-22,old,MIA,SAS,0.014315395959195985
2021-22,old,MIA,TOR,0.0003255100869066559
2021-22,old,MIA,UTA,3.197108224023839e-05
2021-22,old,MIA,WAS,9.381008046243614e-05
2021-22,old,MIL,ATL,0.05177679317855007
2021-22,old,MIL,BKN,0.04206698021490282
2021-22,old,MIL,BOS,8.39510750346739e-05
2021-22,old,MIL,CHA,0.021686895980234613
2021-22,old,MIL,CHI,0.023332721933848208
2021-22,old,MIL,CLE,0.0027633067363450024
2021-22,old,MIL,DAL,0.04995975693134953
2021-22,old,MIL,DEN,0.02638951765217673
2021-22,old,MIL,DET,0.0013810243744475652
2021-22,old,MIL,GSW,0.023620689196017855
2021-22,old,MIL,HOU,0.01785748976806644
2021-22,old,MIL,IND,0.22359048504482487
2021-22,old,MIL,LAC,0.0
2021-22,old,MIL,LAL,0.0
2021-22,old,MIL,MEM,0.07244065717768476
2021-22,old,MIL,MIA,0.02123383637397261
2021-22,old,MIL,MIN,0.008097922538319558
2021-22,old,MIL,NOP,0.07784149662637034
2021-22,old,MIL,NYK,0.01077593187079854
2021-22,old,MIL,OKC,0.006998076271294014
2021-22,old,MIL,ORL,0.0005381200883582347
2021-22,old,MIL,PHI,0.0
2021-22,old,MIL,PHX,0.0
2021-22,old,MIL,POR,0.018017169976343964
2021-22,old,MIL,SAC,0.003985429909855132
2021-22,old,MIL,SAS,0.02927973258777212
2021-22,old,MIL,TOR,0.006726852463089211
2021-22,old,MIL,UTA,1.071711183260568e-08
2021-22,old,MIL,WAS,0.007179827446916604
2021-22,old,MIN,ATL,0.005543903705435709
2021-22,old,MIN,BKN,0.01263220666855203
2021-22,old,MIN,BOS,6.0335948722480734e-05
2021-22,old,MIN,CHA,0.007875070964535335
2021-22,old,MIN,CHI,0.022745357918158866
2021-22,old,MIN,CLE,0.00020199317855203376
2021-22,old,MIN,DAL,0.008371841933507089
2021-22,old,MIN,DEN,0.014718469564366498
2021-22,old,MIN,DET,0.0004962691149594993
2021-22,old,MIN,GSW,0.014255183674584511
2021-22,old,MIN,HOU,0.007431842624972545
2021-22,old,MIN,IND,0.03773885288928041
2021-22,old,MIN,LAC,0.0
2021-22,old,MIN,LAL,0.0
2021-22,old,MIN,MEM,0.10638639507702126
2021-22,old,MIN,MIA,0.004931034550054705
2021-22,old,MIN,MIL,0.01008379339035097
2021-22,old,MIN,NOP,0.11793383680386291
2021-22,old,MIN,NYK,0.00561485295292097
2021-22,old,MIN,OKC,0.008595586008674995
2021-22,old,MIN,ORL,0.00019998262793980413
2021-22,old,MIN,PHI,0.0
2021-22,old,MIN,PHX,0.0
2021-22,old,MIN,POR,0.024769470384083333
2021-22,old,MIN,SAC,0.0022353995529033645
2021-22,old,MIN,SAS,0.02968424789619213
2021-22,old,MIN,TOR,0.001470933425432924
2021-22,old,MIN,UTA,0.00024999756108235843
2021-22,old,MIN,WAS,0.005490989072064079
2021-22,old,NOP,ATL,0.0029093301845705675
2021-22,old,NOP,BKN,0.011107971871855657
2021-22,old,NOP,BOS,0.00010720661486853982
2021-22,old,NOP,CHA,0.0922443323057124
2021-22,old,NOP,CHI,0.02167459792535471
2021-22,old,NOP,CLE,0.008470394211480525
2021-22,old,NOP,DAL,0.02434281655444534
2021-22,old,NOP,DEN,0.012148492386230746
2021-22,old,NOP,DET,1.366076054322683e-05
2021-22,old,NOP,GSW,0.007198275985310738
2021-22,old,NOP,HOU,0.011670527938323834
2021-22,old,NOP,IND,0.005480563106981596
2021-22,old,NOP,LAC,0.0
2021-22,old,NOP,LAL,0.0
2021-22,old,NOP,MEM,0.12270570592316152
2021-22,old,NOP,MIA,0.012779094913075197
2021-22,old,NOP,MIL,0.019566922145991206
2021-22,old,NOP,MIN,0.008297936445871812
2021-22,old,NOP,NYK,0.038975709179582166
2021-22,old,NOP,OKC,0.009196192801363311
2021-22,old,NOP,ORL,1.0590705807678352e-05
2021-22,old,NOP,PHI,0.0
2021-22,old,NOP,PHX,0.0
2021-22,old,NOP,POR,0.053844189742843926
2021-22,old,NOP,SAC,0.004571755869690645
2021-22,old,NOP,SAS,0.03815038774993878
2021-22,old,NOP,TOR,0.00834661612567723
2021-22,old,NOP,UTA,2.848363971322155e-06
2021-22,old,NOP,WAS,0.02506022068896653
2021-22,old,NYK,ATL,0.020522043654830163
2021-22,old,NYK,BKN,0.005876081104645596
2021-22,old,NYK,BOS,2.5818512013179924e-06
2021-22,old,NYK,CHA,0.022143174061549895
2021-22,old,NYK,CHI,0.015600033055669597
2021-22,old,NYK,CLE,0.033049308912081084
2021-22,old,NYK,DAL,0.006567912271752697
2021-22,old,NYK,DEN,0.027619791668045207
2021-22,old,NYK,DET,0.00016367650985867047
2021-22,old,NYK,GSW,0.0023849924304050907
2021-22,old,NYK,HOU,0.03706061461350302
2021-22,old,NYK,IND,0.023879174326753894
2021-22,old,NYK,LAC,0.0
2021-22,old,NYK,LAL,0.0
2021-22,old,NYK,MEM,0.07475055637601426
2021-22,old,NYK,MIA,0.002855603514271307
2021-22,old,NYK,MIL,0.007421726323403082
2021-22,old,NYK,MIN,0.00949118896755176
2021-22,old,NYK,NOP,0.11070567892487891
2021-22,old,NYK,OKC,0.0024953687497926503
2021-22,old,NYK,ORL,0.00048207232725640703
2021-22,old,NYK,PHI,0.0
2021-22,old,NYK,PHX,0.0
2021-22,old,NYK,POR,0.01244132104582938
2021-22,old,NYK,SAC,0.0032499683212930436
2021-22,old,NYK,SAS,0.05794643447625609
2021-22,old,NYK,TOR,0.002034314901709573
2021-22,old,NYK,UTA,3.2435762389907026e-06
2021-22,old,NYK,WAS,0.03396677419233572
2021-22,old,OKC,ATL,0.006400046563806331
2021-22,old,OKC,BKN,0.004724145234632764
2021-22,old,OKC,BOS,5.881572626270292e-06
2021-22,old,OKC,CHA,0.00819691681597226
2021-22,old,OKC,CHI,0.00974026452470636
2021-22,old,OKC,CLE,0.00012056949686422297
2021-22,old,OKC,DAL,0.005680105095477671
2021-22,old,OKC,DEN,0.020571993077265253
2021-22,old,OKC,DET,0.008696087204796024
2021-22,old,OKC,GSW,0.0032048415761872055
2021-22,old,OKC,HOU,0.005868534420793552
2021-22,old,OKC,IND,0.02181167012646348
2021-22,old,OKC,LAC,0.0
2021-22,old,OKC,LAL,0.0
2021-22,old,OKC,MEM,0.061782173874012226
2021-22,old,OKC,MIA,0.0007844827694272431
2021-22,old,OKC,MIL,0.003880029295088923
2021-22,old,OKC,MIN,0.0034326744377246236
2021-22,old,OKC,NOP,0.042562971354312466
2021-22,old,OKC,NYK,0.003553967809510146
2021-22,old,OKC,ORL,0.005384914892843169
2021-22,old,OKC,PHI,0.0
2021-22,old,OKC,PHX,0.0
2021-22,old,OKC,POR,0.0121067592019894
2021-22,old,OKC,SAC,0.012433253966977155
2021-22,old,OKC,SAS,0.028531390998947154
2021-22,old,OKC,TOR,0.00045888937208783274
2021-22,old,OKC,UTA,8.25362228163884e-06
2021-22,old,OKC,WAS,0.00619001070847134
2021-22,old,ORL,ATL,0.006575181917839867
2021-22,old,ORL,BKN,0.006073495993572913
2021-22,old,ORL,BOS,5.821274896256871e-05
2021-22,old,ORL,CHA,0.00795267701601114
2021-22,old,ORL,CHI,0.01734104916702725
2021-22,old,ORL,CLE,0.011543341588518618
2021-22,old,ORL,DAL,0.005079842528877212
2021-22,old,ORL,DEN,0.008110436194561966
2021-22,old,ORL,DET,0.007067483952179345
2021-22,old,ORL,GSW,0.010436423056567211
2021-22,old,ORL,HOU,0.011096713660457488
2021-22,old,ORL,IND,0.04753120162344084
2021-22,old,ORL,LAC,0.0
2021-22,old,ORL,LAL,0.0
2021-22,old,ORL,MEM,0.010287840590303446
2021-22,old,ORL,MIA,0.0009428879432380201
2021-22,old,ORL,MIL,0.006054439117618332
2021-22,old,ORL,MIN,0.015526258154114129
2021-22,old,ORL,NOP,0.0012087582278266624
2021-22,old,ORL,NYK,0.0011626554026544513
2021-22,old,ORL,OKC,0.007757676684881329
2021-22,old,ORL,PHI,0.0
2021-22,old,ORL,PHX,0.0
2021-22,old,ORL,POR,0.00032094610227837117
2021-22,old,ORL,SAC,0.0029536313054411047
2021-22,old,ORL,SAS,0.04177544784281066
2021-22,old,ORL,TOR,0.008143320613057807
2021-22,old,ORL,UTA,2.1265970303340115e-06
2021-22,old,ORL,WAS,0.00039858024691910685
2021-22,old,PHI,ATL,0.004891751210595705
2021-22,old,PHI,BKN,0.13446190353523388
2021-22,old,PHI,BOS,0.00010291264613096842
2021-22,old,PHI,CHA,0.0018318816549342024
2021-22,old,PHI,CHI,0.008291738653787304
2021-22,old,PHI,CLE,0.008234411466187419
2021-22,old,PHI,DAL,0.015388813546306649
2021-22,old,PHI,DEN,0.0038911065650010517
2021-22,old,PHI,DET,1.1504507748294242e-08
2021-22,old,PHI,GSW,0.006627155257270116
2021-22,old,PHI,HOU,0.0055670795786788635
2021-22,old,PHI,IND,0.028363390438122863
2021-22,old,PHI,LAC,0.0
2021-22,old,PHI,LAL,0.0
2021-22,old,PHI,MEM,0.014723177833747906
2021-22,old,PHI,MIA,0.007457974237261406
2021-22,old,PHI,MIL,0.015334417967232311
2021-22,old,PHI,MIN,0.008258427028923307
2021-22,old,PHI,NOP,2.175896732403522e-05
2021-22,old,PHI,NYK,1.834176782970259e-05
2021-22,old,PHI,OKC,0.007716893282632209
2021-22,old,PHI,ORL,7.617604544869421e-06
2021-22,old,PHI,PHX,0.0
2021-22,old,PHI,POR,1.254257261718284e-05
2021-22,old,PHI,SAC,4.011737162336402e-06
2021-22,old,PHI,SAS,0.02864783641937923
2021-22,old,PHI,TOR,0.009308907352155827
2021-22,old,PHI,UTA,2.379100046004294e-06
2021-22,old,PHI,WAS,0.0001457388822736442
2021-22,old,PHX,ATL,0.0017320558345557072
2021-22,old,PHX,BKN,0.002804959720008394
2021-22,old,PHX,BOS,3.4017554537272936e-08
2021-22,old,PHX,CHA,0.004576999414406404
2021-22,old,PHX,CHI,0.00461458671522335
2021-22,old,PHX,CLE,5.544066801212987e-06
2021-22,old,PHX,DAL,0.0037840988843228247
2021-22,old,PHX,DEN,5.684806537339158e-06
2021-22,old,PHX,DET,0.0022958253617126616
2021-22,old,PHX,GSW,0.0007532325639376396
2021-22,old,PHX,HOU,0.0033203125411668663
2021-22,old,PHX,IND,0.008516004909598734
2021-22,old,PHX,LAC,0.0
2021-22,old,PHX,LAL,0.0
2021-22,old,PHX,MEM,0.015285824112444437
2021-22,old,PHX,MIA,0.0009385776005139382
2021-22,old,PHX,MIL,0.003994913996273295
2021-22,old,PHX,MIN,0.006515551133291255
2021-22,old,PHX,NOP,0.018689485067933827
2021-22,old,PHX,NYK,0.0001930130760212547
2021-22,old,PHX,OKC,0.008592283509322975
2021-22,old,PHX,ORL,0.0013841765523475767
2021-22,old,PHX,PHI,0.0
2021-22,old,PHX,POR,0.004161380954095408
2021-22,old,PHX,SAC,0.0035384015485678596
2021-22,old,PHX,SAS,0.013460802602269286
2021-22,old,PHX,TOR,3.892960655502708e-05
2021-22,old,PHX,UTA,1.7052307848355076e-05
2021-22,old,PHX,WAS,0.0024368697530922803
2021-22,old,POR,ATL,0.003497870127389339
2021-22,old,POR,BKN,0.004711977141604275
2021-22,old,POR,BOS,4.605441172617962e-05
2021-22,old,POR,CHA,0.02784537140543024
2021-22,old,POR,CHI,0.06244401327008557
2021-22,old,POR,CLE,0.0005851037288104484
2021-22,old,POR,DAL,0.003892102893840209
2021-22,old,POR,DEN,0.020843531842151555
2021-22,old,POR,DET,0.0016870068361791886
2021-22,old,POR,GSW,0.0002058193673253731
2021-22,old,POR,HOU,0.0027087824055643996
2021-22,old,POR,IND,0.005247574384074654
2021-22,old,POR,LAC,0.0
2021-22,old,POR,LAL,0.0
2021-22,old,POR,MEM,0.11173703046824723
2021-22,old,POR,MIA,0.005267241465586141
2021-22,old,POR,MIL,0.00026985384556106633
2021-22,old,POR,MIN,0.0017215796972830317
2021-22,old,POR,NOP,0.1212803773968766
2021-22,old,POR,NYK,0.011497222682808542
2021-22,old,POR,OKC,0.004203157851318646
2021-22,old,POR,ORL,0.0016461861207677198
2021-22,old,POR,PHI,0.0
2021-22,old,POR,PHX,0.0
2021-22,old,POR,SAC,0.016220752573160153
2021-22,old,POR,SAS,0.031055624930974607
2021-22,old,POR,TOR,0.0019073642595209422
2021-22,old,POR,UTA,6.6649341000486425e-06
2021-22,old,POR,WAS,0.016956022834130974
2021-22,old,SAC,ATL,0.004428125065371511
2021-22,old,SAC,BKN,0.020237481739160554
2021-22,old,SAC,BOS,0.0001352253148174105
2021-22,old,SAC,CHA,0.007737677857670211
2021-22,old,SAC,CHI,0.013712776498113382
2021-22,old,SAC,CLE,0.0007859060557966269
2021-22,old,SAC,DAL,0.022702239297412552
2021-22,old,SAC,DEN,0.014148499065086795
2021-22,old,SAC,DET,0.002090219550042757
2021-22,old,SAC,GSW,0.010247844994103323
2021-22,old,SAC,HOU,0.02512877174079066
2021-22,old,SAC,IND,0.009943897226822533
2021-22,old,SAC,LAC,0.0
2021-22,old,SAC,LAL,0.0
2021-22,old,SAC,MEM,0.05378570800759788
2021-22,old,SAC,MIA,0.004379310412733848
2021-22,old,SAC,MIL,0.01644859851540212
2021-22,old,SAC,MIN,0.008098082295585339
2021-22,old,SAC,NOP,0.022668564396813164
2021-22,old,SAC,NYK,0.004057460950643532
2021-22,old,SAC,OKC,0.0034677270028978563
2021-22,old,SAC,ORL,0.0026218087037264545
2021-22,old,SAC,PHI,0.0
2021-22,old,SAC,PHX,0.0
2021-22,old,SAC,POR,0.01659796459707394
2021-22,old,SAC,SAS,0.024146801248759578
2021-22,old,SAC,TOR,0.003383018589177895
2021-22,old,SAC,UTA,8.510348227275787e-06
2021-22,old,SAC,WAS,0.0030729816871023137
2021-22,old,SAS,ATL,0.0011594929886023597
2021-22,old,SAS,BKN,0.022946823668117476
2021-22,old,SAS,BOS,4.10434915272654e-05
2021-22,old,SAS,CHA,0.03053143188324245
2021-22,old,SAS,CHI,0.011063377899377298
2021-22,old,SAS,CLE,0.00041411715583972896
2021-22,old,SAS,DAL,0.005530005751570704
2021-22,old,SAS,DEN,0.004400456110128216
2021-22,old,SAS,DET,0.003752677119118081
2021-22,old,SAS,GSW,0.012707974632953367
2021-22,old,SAS,HOU,0.0011010235902283267
2021-22,old,SAS,IND,0.006386449485241763
2021-22,old,SAS,LAC,0.0
2021-22,old,SAS,LAL,0.0
2021-22,old,SAS,MEM,0.08957925050305304
2021-22,old,SAS,MIA,0.01149245690923698
2021-22,old,SAS,MIL,0.023342377428214767
2021-22,old,SAS,MIN,0.0014280029338003038
2021-22,old,SAS,NOP,0.18266078110867517
2021-22,old,SAS,NYK,0.01576157831346117
2021-22,old,SAS,OKC,0.005098324765091083
2021-22,old,SAS,ORL,0.0039665289043139314
2021-22,old,SAS,PHI,0.0
2021-22,old,SAS,PHX,0.0
2021-22,old,SAS,POR,0.0557701886400949
2021-22,old,SAS,SAC,0.01515453473106803
2021-22,old,SAS,TOR,0.0011503371443056939
2021-22,old,SAS,UTA,4.552922667385987e-06
2021-22,old,SAS,WAS,0.03428970510468829
2021-22,old,TOR,ATL,0.011858504729091647
2021-22,old,TOR,BKN,0.05630518540322457
2021-22,old,TOR,BOS,0.0002583437534427416
2021-22,old,TOR,CHA,0.019238685719838285
2021-22,old,TOR,CHI,0.03711241295804414
2021-22,old,TOR,CLE,0.05395647022091549
2021-22,old,TOR,DAL,0.022698040594971918
2021-22,old,TOR,DEN,0.03613794593722092
2021-22,old,TOR,DET,0.0026444751151791716
2021-22,old,TOR,GSW,0.012433189834730818
2021-22,old,TOR,HOU,0.04067214441278966
2021-22,old,TOR,IND,0.0265865439522964
2021-22,old,TOR,LAC,0.0
2021-22,old,TOR,LAL,0.0
2021-22,old,TOR,MEM,0.05156746098220351
2021-22,old,TOR,MIA,0.01083836208185952
2021-22,old,TOR,MIL,0.02374103382903151
2021-22,old,TOR,MIN,0.024947288701187058
2021-22,old,TOR,NOP,0.010962812832065643
2021-22,old,TOR,NYK,0.0028738241703608826
2021-22,old,TOR,OKC,0.015873124101415236
2021-22,old,TOR,ORL,3.1931847921551786e-06
2021-22,old,TOR,PHI,0.0
2021-22,old,TOR,PHX,0.0
2021-22,old,TOR,POR,0.007866454176542704
2021-22,old,TOR,SAC,0.0025921912487875693
2021-22,old,TOR,SAS,0.14980462578431894
2021-22,old,TOR,UTA,5.407337734839657e-06
2021-22,old,TOR,WAS,0.009276589635778393
2021-22,old,UTA,ATL,0.0017335184317136187
2021-22,old,UTA,BKN,0.02142512370949238
2021-22,old,UTA,BOS,2.216567433317876e-05
2021-22,old,UTA,CHA,0.016700530583338195
2021-22,old,UTA,CHI,0.019625166963647165
2021-22,old,UTA,CLE,0.0027882176225768308
2021-22,old,UTA,DAL,0.02054037972222122
2021-22,old,UTA,DEN,0.04673423819922078
2021-22,old,UTA,DET,0.0026091838341673825
2021-22,old,UTA,GSW,0.008339734482635116
2021-22,old,UTA,HOU,0.0018060344976878826
2021-22,old,UTA,IND,0.012747743947187678
2021-22,old,UTA,LAC,0.0
2021-22,old,UTA,LAL,0.0
2021-22,old,UTA,MEM,0.20311106333045834
2021-22,old,UTA,MIA,0.009601293289793079
2021-22,old,UTA,MIL,0.02079083994065362
2021-22,old,UTA,MIN,0.007834023181579655
2021-22,old,UTA,NOP,0.03194307959806111
2021-22,old,UTA,NYK,0.0025977142818226283
2021-22,old,UTA,OKC,0.002659744865396345
2021-22,old,UTA,ORL,0.0010173954133960723
2021-22,old,UTA,PHI,0.0
2021-22,old,UTA,PHX,0.0
2021-22,old,UTA,POR,0.006211966155337278
2021-22,old,UTA,SAC,0.0010388079132518076
2021-22,old,UTA,SAS,0.046085002070524975
2021-22,old,UTA,TOR,0.002745948805411969
2021-22,old,UTA,WAS,0.009412832195854821
2021-22,old,WAS,ATL,0.013372231410880158
2021-22,old,WAS,BKN,0.017256113212928793
2021-22,old,WAS,BOS,3.7591885937632514e-05
2021-22,old,WAS,CHA,0.02506540098668062
2021-22,old,WAS,CHI,0.018145703998862343
2021-22,old,WAS,CLE,0.12581507661444055
2021-22,old,WAS,DAL,0.010078678985697368
2021-22,old,WAS,DEN,0.007814585225796086
2021-22,old,WAS,DET,1.6200354257505865e-05
2021-22,old,WAS,GSW,0.01254418134240092
2021-22,old,WAS,HOU,0.02180334115123922
2021-22,old,WAS,IND,0.09559188507090163
2021-22,old,WAS,LAC,0.0
2021-22,old,WAS,LAL,0.0
2021-22,old,WAS,MEM,0.10539794623980563
2021-22,old,WAS,MIA,0.01322306038314027
2021-22,old,WAS,MIL,0.012488288315993471
2021-22,old,WAS,MIN,0.008265582092716904
2021-22,old,WAS,NOP,0.15104412859930014
2021-22,old,WAS,NYK,0.04595609812557289
2021-22,old,WAS,OKC,0.009956588142954588
2021-22,old,WAS,ORL,0.0007700202525337839
2021-22,old,WAS,PHI,0.0
2021-22,old,WAS,PHX,0.0
2021-22,old,WAS,POR,0.012063626905943217
2021-22,old,WAS,SAC,0.0021556761498899555
2021-22,old,WAS,SAS,0.027698378047182906
2021-22,old,WAS,TOR,0.006046189181327361
2021-22,old,WAS,UTA,2.797468481845659e-05
2022-23,new,ATL,BKN,0.014740577387038175
2022-23,new,ATL,BOS,0.0
2022-23,new,ATL,CHA,0.001304886368173063
2022-23,new,ATL,CHI,0.03584976827931105
2022-23,new,ATL,CLE,0.001729218498373311
2022-23,new,ATL,DAL,0.02456198968676489
2022-23,new,ATL,DEN,0.0
2022-23,new,ATL,DET,7.2748457794273615e-06
2022-23,new,ATL,GSW,0.014260725401063648
2022-23,new,ATL,HOU,0.01047629334175044
2022-23,new,ATL,IND,0.012872819933709076
2022-23,new,ATL,LAC,0.0028230065143474477
2022-23,new,ATL,LAL,0.011972790983373073
2022-23,new,ATL,MEM,0.0024159483093736246
2022-23,new,ATL,MIA,0.011393157283322911
2022-23,new,ATL,MIL,0.0
2022-23,new,ATL,MIN,0.0
2022-23,new,ATL,NOP,0.006856142151418367
2022-23,new,ATL,NYK,0.06598785787014165
2022-23,new,ATL,OKC,0.018708782345176957
2022-23,new,ATL,ORL,0.0058437148926210785
2022-23,new,ATL,PHI,0.0
2022-23,new,ATL,PHX,0.0
2022-23,new,ATL,POR,0.004937351761426053
2022-23,new,ATL,SAC,0.009998717013124407
2022-23,new,ATL,SAS,2.1071456839336114e-05
2022-23,new,ATL,TOR,0.10224098275853757
2022-23,new,ATL,UTA,0.07944206170156844
2022-23,new,ATL,WAS,0.02950703997748226
2022-23,new,BKN,ATL,0.004086026376601445
2022-23,new,BKN,BOS,0.0
2022-23,new,BKN,CHA,0.00020041064801405194
2022-23,new,BKN,CHI,0.008476721679795763
2022-23,new,BKN,CLE,0.00019336784676240843
2022-23,new,BKN,DAL,0.035892195618572695
2022-23,new,BKN,DEN,0.0
2022-23,new,BKN,DET,9.99444824008994e-06
2022-23,new,BKN,GSW,0.027777398755937384
2022-23,new,BKN,HOU,0.01901643360479221
2022-23,new,BKN,IND,0.0059747949543055585
2022-23,new,BKN,LAC,0.016418642380419353
2022-23,new,BKN,LAL,0.027287715804514244
2022-23,new,BKN,MEM,0.006170855121790423
2022-23,new,BKN,MIA,0.045052458386153064
2022-23,new,BKN,MIL,0.0
2022-23,new,BKN,MIN,0.0
2022-23,new,BKN,NOP,0.05140328641856441
2022-23,new,BKN,NYK,0.03295596082587955
2022-23,new,BKN,OKC,0.012009698254325232
2022-23,new,BKN,ORL,0.0015088065752774844
2022-23,new,BKN,PHI,0.0
2022-23,new,BKN,PHX,0.0
2022-23,new,BKN,POR,0.014043627550309475
2022-23,new,BKN,SAC,0.010690509465966202
2022-23,new,BKN,SAS,2.807281967026766e-05
2022-23,new,BKN,TOR,0.009633591909434235
2022-23,new,BKN,UTA,0.15843005066040328
2022-23,new,BKN,WAS,0.01516105774555125
2022-23,new,BOS,ATL,0.0003389822080188173
2022-23,new,BOS,BKN,0.005647894906829576
2022-23,new,BOS,CHA,0.026077886764158745
2022-23,new,BOS,CHI,0.00041801433507097154
2022-23,new,BOS,CLE,0.0
2022-23,new,BOS,DAL,0.005848316095538598
2022-23,new,BOS,DEN,0.0
2022-23,new,BOS,DET,0.0
2022-23,new,BOS,GSW,0.003800049976746401
2022-23,new,BOS,HOU,0.0006570581763035393
2022-23,new,BOS,IND,0.06097626923368682
2022-23,new,BOS,LAC,0.013899245664902866
2022-23,new,BOS,LAL,0.007182650898948535
2022-23,new,BOS,MEM,0.008674569086830036
2022-23,new,BOS,MIA,0.002524413106464259
2022-23,new,BOS,MIL,0.0
2022-23,new,BOS,MIN,0.0
2022-23,new,BOS,NOP,0.004924030212227832
2022-23,new,BOS,NYK,0.003071364709907609
2022-23,new,BOS,OKC,0.006157058213339668
2022-23,new,BOS,ORL,1.6163793424594008e-05
2022-23,new,BOS,PHI,0.0
2022-23,new,BOS,PHX,0.0
2022-23,new,BOS,POR,0.005549178194617139
2022-23,new,BOS,SAC,0.0039364224426641035
2022-23,new,BOS,SAS,0.0
2022-23,new,BOS,TOR,7.14028488982877e-05
2022-23,new,BOS,UTA,0.021877155205764772
2022-23,new,BOS,WAS,3.4709572130317415e-05
2022-23,new,CHA,ATL,0.014260312915287158
2022-23,new,CHA,BKN,0.0056474466563379835
2022-23,new,CHA,BOS,0.0
2022-23,new,CHA,CHI,0.03298594200645242
2022-23,new,CHA,CLE,0.0
2022-23,new,CHA,DAL,4.953172928535738e-06
2022-23,new,CHA,DEN,0.0
2022-23,new,CHA,DET,8.721994637779005e-06
2022-23,new,CHA,GSW,0.0028047772884422268
2022-23,new,CHA,HOU,0.0023006465313514567
2022-23,new,CHA,IND,0.019032425060730895
2022-23,new,CHA,LAC,0.0039057112573084004
2022-23,new,CHA,LAL,0.011189385661253196
2022-23,new,CHA,MEM,0.005426724229232761
2022-23,new,CHA,MIA,0.0038951978357075513
2022-23,new,CHA,MIL,0.0
2022-23,new,CHA,MIN,0.0
2022-23,new,CHA,NOP,0.011930226251595361
2022-23,new,CHA,NYK,0.048605049923558456
2022-23,new,CHA,OKC,0.009310883622243197
2022-23,new,CHA,ORL,0.00018850058502846987
2022-23,new,CHA,PHI,0.0
2022-23,new,CHA,PHX,0.0
2022-23,new,CHA,POR,0.0031437558921882966
2022-23,new,CHA,SAC,0.00457435347035463
2022-23,new,CHA,SAS,0.00015458419635967075
2022-23,new,CHA,TOR,9.631481279907825e-05
2022-23,new,CHA,UTA,0.014620000429848488
2022-23,new,CHA,WAS,9.384167646407272e-06
2022-23,new,CHI,ATL,0.05559815473550614
2022-23,new,CHI,BKN,0.025891818733558034
2022-23,new,CHI,BOS,0.0
2022-23,new,CHI,CHA,0.009752357051428568
2022-23,new,CHI,CLE,0.00033866127697341775
2022-23,new,CHI,DAL,0.023769232826990925
2022-23,new,CHI,DEN,0.0
2022-23,new,CHI,DET,1.9701461608405153e-05
2022-23,new,CHI,GSW,0.014666865929865613
2022-23,new,CHI,HOU,0.013790678929312733
2022-23,new,CHI,IND,0.01531696161860106
2022-23,new,CHI,LAC,0.018104795331621123
2022-23,new,CHI,LAL,0.001985452601742321
2022-23,new,CHI,MEM,0.0024698276157844173
2022-23,new,CHI,MIA,0.01198526359667005
2022-23,new,CHI,MIL,0.0
2022-23,new,CHI,MIN,0.0
2022-23,new,CHI,NOP,0.03378151942301414
2022-23,new,CHI,NYK,0.059158012681036695
2022-23,new,CHI,OKC,0.014859105636032524
2022-23,new,CHI,ORL,0.028861254546508525
2022-23,new,CHI,PHI,0.0
2022-23,new,CHI,PHX,0.0
2022-23,new,CHI,POR,0.0019999382871889104
2022-23,new,CHI,SAC,0.0006685871426557747
2022-23,new,CHI,SAS,4.994750655445424e-05
2022-23,new,CHI,TOR,0.06111057704107865
2022-23,new,CHI,UTA,0.040454261955272595
2022-23,new,CHI,WAS,0.023837392021043912
2022-23,new,CLE,ATL,0.015503922901587152
2022-23,new,CLE,BKN,0.020442412071284825
2022-23,new,CLE,BOS,0.0
2022-23,new,CLE,CHA,0.006546599659480731
2022-23,new,CLE,CHI,0.006601840018327029
2022-23,new,CLE,DAL,2.936049859954437e-05
2022-23,new,CLE,DEN,0.0
2022-23,new,CLE,DET,1.4213326733946808e-05
2022-23,new,CLE,GSW,0.002137107048449098
2022-23,new,CLE,HOU,0.004735452654341974
2022-23,new,CLE,IND,0.09991060882693288
2022-23,new,CLE,LAC,0.003113146557849992
2022-23,new,CLE,LAL,0.002018049501247929
2022-23,new,CLE,MEM,0.03526724118386107
2022-23,new,CLE,MIA,0.0077094422331750925
2022-23,new,CLE,MIL,0.0
2022-23,new,CLE,MIN,0.0
2022-23,new,CLE,NOP,0.0001527478463811287
2022-23,new,CLE,NYK,0.007877039287932108
2022-23,new,CLE,OKC,0.00021605603667859252
2022-23,new,CLE,ORL,0.0014075095665573218
2022-23,new,CLE,PHI,0.0
2022-23,new,CLE,PHX,0.0
2022-23,new,CLE,POR,0.014373145483200305
2022-23,new,CLE,SAC,0.02349968866081713
2022-23,new,CLE,SAS,0.00015095078989659291
2022-23,new,CLE,TOR,0.005650108500536935
2022-23,new,CLE,UTA,0.008161532821093652
2022-23,new,CLE,WAS,0.020493335569871665
2022-23,new,DAL,ATL,0.0020016281563076865
2022-23,new,DAL,BKN,0.014735402782192849
2022-23,new,DAL,BOS,0.0
2022-23,new,DAL,CHA,0.0019698275961302987
2022-23,new,DAL,CHI,0.002719768731330989
2022-23,new,DAL,CLE,0.0
2022-23,new,DAL,DEN,0.0
2022-23,new,DAL,DET,2.0923982204075047e-07
2022-23,new,DAL,GSW,0.012209306239542143
2022-23,new,DAL,HOU,0.010932920265055648
2022-23,new,DAL,IND,0.0037492516922643044
2022-23,new,DAL,LAC,0.00831519406296891
2022-23,new,DAL,LAL,0.020584859846015303
2022-23,new,DAL,MEM,0.004412311094794608
2022-23,new,DAL,MIA,0.004299246601409588
2022-23,new,DAL,MIL,0.0
2022-23,new,DAL,MIN,0.0
2022-23,new,DAL,NOP,0.03730253214054692
2022-23,new,DAL,NYK,0.13292953436016275
2022-23,new,DAL,OKC,0.016354525891064408
2022-23,new,DAL,ORL,0.0003164412625945826
2022-23,new,DAL,PHI,0.0
2022-23,new,DAL,PHX,0.0
2022-23,new,DAL,POR,0.0033300200279878602
2022-23,new,DAL,SAC,0.003502811458778464
2022-23,new,DAL,SAS,1.6835244343622386e-05
2022-23,new,DAL,TOR,0.001016108125058179
2022-23,new,DAL,UTA,0.05057637352041811
2022-23,new,DAL,WAS,1.4321365699194347e-05
2022-23,new,DEN,ATL,0.026473966538569267
2022-23,new,DEN,BKN,0.017615686535452785
2022-23,new,DEN,BOS,0.0
2022-23,new,DEN,CHA,0.13219048328856794
2022-23,new,DEN,CHI,0.014898298565754602
2022-23,new,DEN,CLE,0.00019352438389362228
2022-23,new,DEN,DAL,0.029681123639811312
2022-23,new,DEN,DET,6.354117513984353e-06
2022-23,new,DEN,GSW,0.01628609945029843
2022-23,new,DEN,HOU,0.04036664857422723
2022-23,new,DEN,IND,0.04205153150533471
2022-23,new,DEN,LAC,0.009942079808498764
2022-23,new,DEN,LAL,0.03296470921968336
2022-23,new,DEN,MEM,0.013113243031740588
2022-23,new,DEN,MIA,0.01948551461323813
2022-23,new,DEN,MIL,0.0
2022-23,new,DEN,MIN,0.0
2022-23,new,DEN,NOP,0.002615840528662124
2022-23,new,DEN,NYK,0.03414040707879319
2022-23,new,DEN,OKC,0.022766433006979465
2022-23,new,DEN,ORL,0.003648178531896482
2022-23,new,DEN,PHI,0.0
2022-23,new,DEN,PHX,0.0
2022-23,new,DEN,POR,0.024447796564027905
2022-23,new,DEN,SAC,0.008210607100967037
2022-23,new,DEN,SAS,1.8178535540300797e-05
2022-23,new,DEN,TOR,0.002774883948811121
2022-23,new,DEN,UTA,0.046402299046335145
2022-23,new,DEN,WAS,0.025803030726665104
2022-23,new,DET,ATL,0.009337360663894206
2022-23,new,DET,BKN,0.005610588860529337
2022-23,new,DET,BOS,0.0
2022-23,new,DET,CHA,0.0022536735545598914
2022-23,new,DET,CHI,0.029904756782607525
2022-23,new,DET,CLE,5.3474713960566005e-05
2022-23,new,DET,DAL,0.0035461945435324273
2022-23,new,DET,DEN,0.0
2022-23,new,DET,GSW,0.005923654754203238
2022-23,new,DET,HOU,0.005909213320922168
2022-23,new,DET,IND,0.0036234018418765442
2022-23,new,DET,LAC,0.0018001077742444292
2022-23,new,DET,LAL,0.007466864410691476
2022-23,new,DET,MEM,1.4015863463759285e-05
2022-23,new,DET,MIA,0.0005558660371318283
2022-23,new,DET,MIL,0.0
2022-23,new,DET,MIN,0.0
2022-23,new,DET,NOP,0.003677532326968001
2022-23,new,DET,NYK,0.0257433755418559
2022-23,new,DET,OKC,0.001466325431829318
2022-23,new,DET,ORL,0.004936383543227153
2022-23,new,DET,PHI,0.0
2022-23,new,DET,PHX,0.0
2022-23,new,DET,POR,0.005289308161844358
2022-23,new,DET,SAC,0.00011485537815711518
2022-23,new,DET,SAS,0.0005006414001486018
2022-23,new,DET,TOR,0.008158713291754636
2022-23,new,DET,UTA,0.004712854497116487
2022-23,new,DET,WAS,0.007562049150120118
2022-23,new,GSW,ATL,0.002746767246180439
2022-23,new,GSW,BKN,0.014204565350748023
2022-23,new,GSW,BOS,0.0
2022-23,new,GSW,CHA,0.0016260776056201546
2022-23,new,GSW,CHI,0.0005981138122904462
2022-23,new,GSW,CLE,0.0
2022-23,new,GSW,DAL,0.05491897007091217
2022-23,new,GSW,DEN,0.0
2022-23,new,GSW,DET,0.0
2022-23,new,GSW,HOU,0.056217133650648524
2022-23,new,GSW,IND,0.006260775966521609
2022-23,new,GSW,LAC,0.011672952733432137
2022-23,new,GSW,LAL,0.02969396555485155
2022-23,new,GSW,MEM,8.738805409597385e-05
2022-23,new,GSW,MIA,0.009983836171088804
2022-23,new,GSW,MIL,0.0
2022-23,new,GSW,MIN,0.0
2022-23,new,GSW,NOP,0.038440463288329896
2022-23,new,GSW,NYK,0.08619116368980038
2022-23,new,GSW,OKC,0.035847521658167875
2022-23,new,GSW,ORL,0.0006314655293806878
2022-23,new,GSW,PHI,0.0
2022-23,new,GSW,PHX,0.0
2022-23,new,GSW,POR,0.004596948251706321
2022-23,new,GSW,SAC,0.00613183616967286
2022-23,new,GSW,SAS,0.0
2022-23,new,GSW,TOR,0.001482758576387604
2022-23,new,GSW,UTA,0.20334483186471222
2022-23,new,GSW,WAS,0.0
2022-23,new,HOU,ATL,6.891886817176533e-05
2022-23,new,HOU,BKN,0.0010984107893537401
2022-23,new,HOU,BOS,0.0
2022-23,new,HOU,CHA,0.01581464099359029
2022-23,new,HOU,CHI,0.01929775133792646
2022-23,new,HOU,CLE,1.979678809063977e-07
2022-23,new,HOU,DAL,0.001916288344097337
2022-23,new,HOU,DEN,0.0
2022-23,new,HOU,DET,1.2938892793091969e-05
2022-23,new,HOU,GSW,0.0030398747770552046
2022-23,new,HOU,IND,0.02706152795623047
2022-23,new,HOU,LAC,0.0006796875051905179
2022-23,new,HOU,LAL,0.00293238145786996
2022-23,new,HOU,MEM,0.008047078846123849
2022-23,new,HOU,MIA,0.00013636793055842768
2022-23,new,HOU,MIL,0.0
2022-23,new,HOU,MIN,0.0
2022-23,new,HOU,NOP,0.0024401939652884254
2022-23,new,HOU,NYK,0.0007361621574983896
2022-23,new,HOU,OKC,0.0016309267278471632
2022-23,new,HOU,ORL,3.77245744041453e-05
2022-23,new,HOU,PHI,0.0
2022-23,new,HOU,PHX,0.0
2022-23,new,HOU,POR,0.0024396315625611763
2022-23,new,HOU,SAC,0.010716879853725481
2022-23,new,HOU,SAS,3.5819135605222657e-06
2022-23,new,HOU,TOR,5.3981207803221384e-05
2022-23,new,HOU,UTA,0.0193536126978565
2022-23,new,HOU,WAS,4.471297898754559e-05
2022-23,new,IND,ATL,0.01858261995702049
2022-23,new,IND,BKN,0.0012586340864489073
2022-23,new,IND,BOS,0.0
2022-23,new,IND,CHA,0.006596141896442579
2022-23,new,IND,CHI,0.025896799216514003
2022-23,new,IND,CLE,2.7753622103569668e-05
2022-23,new,IND,DAL,1.3445902293529908e-05
2022-23,new,IND,DEN,0.0
2022-23,new,IND,DET,1.547862580279675e-05
2022-23,new,IND,GSW,0.00046264197057850056
2022-23,new,IND,HOU,0.0007642780309783871
2022-23,new,IND,LAC,0.0027653556261291916
2022-23,new,IND,LAL,0.00033863147523992786
2022-23,new,IND,MEM,0.003484913838690083
2022-23,new,IND,MIA,0.0038650752578827845
2022-23,new,IND,MIL,0.0
2022-23,new,IND,MIN,0.0
2022-23,new,IND,NOP,6.815732675524239e-05
2022-23,new,IND,NYK,0.00859604471171403
2022-23,new,IND,OKC,0.00028205819152986067
2022-23,new,IND,ORL,0.008478088623034228
2022-23,new,IND,PHI,0.0
2022-23,new,IND,PHX,0.0
2022-23,new,IND,POR,0.002378785326690629
2022-23,new,IND,SAC,0.0013966767691404851
2022-23,new,IND,SAS,1.5647718159768908e-05
2022-23,new,IND,TOR,0.007638382352121628
2022-23,new,IND,UTA,0.027929379248643228
2022-23,new,IND,WAS,0.01945649786111307
2022-23,new,LAC,ATL,0.0029137679229620916
2022-23,new,LAC,BKN,0.07129431558248953
2022-23,new,LAC,BOS,0.0
2022-23,new,LAC,CHA,0.011108733244725267
2022-23,new,LAC,CHI,0.001980594773077469
2022-23,new,LAC,CLE,0.0
2022-23,new,LAC,DAL,0.015809312657124597
2022-23,new,LAC,DEN,0.0
2022-23,new,LAC,DET,3.2212883306827736e-06
2022-23,new,LAC,GSW,0.034081788694528194
2022-23,new,LAC,HOU,0.1949903026135269
2022-23,new,LAC,IND,0.0027903900175554404
2022-23,new,LAC,LAL,0.032647898868087624
2022-23,new,LAC,MEM,0.0009098113754330056
2022-23,new,LAC,MIA,0.012015317416834696
2022-23,new,LAC,MIL,0.0
2022-23,new,LAC,MIN,0.0
2022-23,new,LAC,NOP,0.06992914860096663
2022-23,new,LAC,NYK,0.0034709932725353536
2022-23,new,LAC,OKC,0.08280845878734092
2022-23,new,LAC,ORL,5.000373413989127e-05
2022-23,new,LAC,PHI,0.0
2022-23,new,LAC,PHX,0.0
2022-23,new,LAC,POR,0.006947422662500987
2022-23,new,LAC,SAC,0.005877128221187223
2022-23,new,LAC,SAS,8.769202901523135e-06
2022-23,new,LAC,TOR,0.0008841801636295338
2022-23,new,LAC,UTA,0.03771522310820217
2022-23,new,LAC,WAS,3.35309468732703e-05
2022-23,new,LAL,ATL,0.03365678339654363
2022-23,new,LAL,BKN,0.05943909067339021
2022-23,new,LAL,BOS,0.0
2022-23,new,LAL,CHA,1.5659937424939486e-05
2022-23,new,LAL,CHI,0.009708847212241498
2022-23,new,LAL,CLE,0.0
2022-23,new,LAL,DAL,0.05095387346899859
2022-23,new,LAL,DEN,0.0
2022-23,new,LAL,DET,4.5185631268872125e-06
2022-23,new,LAL,GSW,0.05793390310489081
2022-23,new,LAL,HOU,0.024110991204968367
2022-23,new,LAL,IND,0.005552493749999323
2022-23,new,LAL,LAC,0.013668373017190507
2022-23,new,LAL,MEM,0.0007389625166904118
2022-23,new,LAL,MIA,0.013334903419391784
2022-23,new,LAL,MIL,0.0
2022-23,new,LAL,MIN,0.0
2022-23,new,LAL,NOP,0.13623491351470626
2022-23,new,LAL,NYK,0.018837591250568816
2022-23,new,LAL,OKC,0.027546605572489828
2022-23,new,LAL,ORL,0.0028559486483880343
2022-23,new,LAL,PHI,0.0
2022-23,new,LAL,PHX,0.0
2022-23,new,LAL,POR,0.007485306798839964
2022-23,new,LAL,SAC,0.004006263218446319
2022-23,new,LAL,SAS,1.2311466349305633e-05
2022-23,new,LAL,TOR,0.008149188533395222
2022-23,new,LAL,UTA,0.04941851831025375
2022-23,new,LAL,WAS,0.014677597501657086
2022-23,new,MEM,ATL,0.0012220089929892628
2022-23,new,MEM,BKN,0.005977425260517004
2022-23,new,MEM,BOS,0.0
2022-23,new,MEM,CHA,0.005532142873486041
2022-23,new,MEM,CHI,0.015710666472186975
2022-23,new,MEM,CLE,0.0
2022-23,new,MEM,DAL,0.016414062496442054
2022-23,new,MEM,DEN,0.0
2022-23,new,MEM,DET,1.1801246364023912e-05
2022-23,new,MEM,GSW,0.0008322417629676299
2022-23,new,MEM,HOU,0.005871497909879666
2022-23,new,MEM,IND,0.030546536685078614
2022-23,new,MEM,LAC,0.0008706896751316198
2022-23,new,MEM,LAL,0.011044181040769189
2022-23,new,MEM,MIA,0.0022344202668412695
2022-23,new,MEM,MIL,0.0
2022-23,new,MEM,MIN,0.0
2022-23,new,MEM,NOP,0.005349946048086638
2022-23,new,MEM,NYK,0.004721240033948577
2022-23,new,MEM,OKC,0.009589709053016747
2022-23,new,MEM,ORL,0.0004075302798016851
2022-23,new,MEM,PHI,0.0
2022-23,new,MEM,PHX,0.0
2022-23,new,MEM,POR,0.005700216845583928
2022-23,new,MEM,SAC,0.019974137845465204
2022-23,new,MEM,SAS,1.8223166850067872e-06
2022-23,new,MEM,TOR,0.020706768407549134
2022-23,new,MEM,UTA,0.018953462387446978
2022-23,new,MEM,WAS,0.002697047797103183
2022-23,new,MIA,ATL,0.01403491586167107
2022-23,new,MIA,BKN,0.060554829469725235
2022-23,new,MIA,BOS,0.0
2022-23,new,MIA,CHA,0.00045897601100997835
2022-23,new,MIA,CHI,0.006585155725656516
2022-23,new,MIA,CLE,0.001757096328328143
2022-23,new,MIA,DAL,1.599199109320133e-05
2022-23,new,MIA,DEN,0.0
2022-23,new,MIA,DET,2.700006384831132e-06
2022-23,new,MIA,GSW,0.01132501065046893
2022-23,new,MIA,HOU,0.025638200839768675
2022-23,new,MIA,IND,0.02351186670011959
2022-23,new,MIA,LAC,2.9364224535348863e-05
2022-23,new,MIA,LAL,0.008246767340099503
2022-23,new,MIA,MEM,0.006712284437300446
2022-23,new,MIA,MIL,0.0
2022-23,new,MIA,MIN,0.0
2022-23,new,MIA,NOP,0.001559806031170944
2022-23,new,MIA,NYK,0.016150549019204326
2022-23,new,MIA,OKC,0.0011163793174060188
2022-23,new,MIA,ORL,0.010727777983818881
2022-23,new,MIA,PHI,0.0
2022-23,new,MIA,PHX,0.0
2022-23,new,MIA,POR,0.017756749792482016
2022-23,new,MIA,SAC,0.00909587821515399
2022-23,new,MIA,SAS,7.804120150193084e-06
2022-23,new,MIA,TOR,0.020437163782468563
2022-23,new,MIA,UTA,0.0044738562397416025
2022-23,new,MIA,WAS,0.024712979435633074
2022-23,new,MIL,ATL,0.0065905747822010445
2022-23,new,MIL,BKN,0.07408256478905159
2022-23,new,MIL,BOS,0.0
2022-23,new,MIL,CHA,0.01720138389698193
2022-23,new,MIL,CHI,0.000865578798296916
2022-23,new,MIL,CLE,4.149988313680171e-05
2022-23,new,MIL,DAL,0.00498792433219938
2022-23,new,MIL,DEN,0.0
2022-23,new,MIL,DET,1.0049264694281379e-05
2022-23,new,MIL,GSW,0.008291736454627937
2022-23,new,MIL,HOU,0.009765086247834601
2022-23,new,MIL,IND,0.0288881464659001
2022-23,new,MIL,LAC,0.03976158407723515
2022-23,new,MIL,LAL,0.006173491508916726
2022-23,new,MIL,MEM,0.002261269518725197
2022-23,new,MIL,MIA,0.006478381499320071
2022-23,new,MIL,MIN,0.0
2022-23,new,MIL,NOP,0.0024830280639761095
2022-23,new,MIL,NYK,0.007112834723886614
2022-23,new,MIL,OKC,0.004009159560905417
2022-23,new,MIL,ORL,0.006996568767383548
2022-23,new,MIL,PHI,0.0
2022-23,new,MIL,PHX,0.0
2022-23,new,MIL,POR,0.008585249660746615
2022-23,new,MIL,SAC,0.006138195897638631
2022-23,new,MIL,SAS,2.2231944344570882e-05
2022-23,new,MIL,TOR,0.004676423863692089
2022-23,new,MIL,UTA,0.016524232583939816
2022-23,new,MIL,WAS,0.009103143867380956
2022-23,new,MIN,ATL,0.02646319598353361
2022-23,new,MIN,BKN,0.015471451575108167
2022-23,new,MIN,BOS,0.0
2022-23,new,MIN,CHA,3.396202301557054e-05
2022-23,new,MIN,CHI,0.027480640980005154
2022-23,new,MIN,CLE,0.00019418224224072498
2022-23,new,MIN,DAL,0.08741530504556304
2022-23,new,MIN,DEN,0.0
2022-23,new,MIN,DET,1.2664635546406778e-05
2022-23,new,MIN,GSW,0.049019870530064194
2022-23,new,MIN,HOU,0.02392753258678693
2022-23,new,MIN,IND,0.005913858967260377
2022-23,new,MIN,LAC,0.027879310635456435
2022-23,new,MIN,LAL,0.07039008611664656
2022-23,new,MIN,MEM,0.0022934142694320415
2022-23,new,MIN,MIA,0.024853982221648755
2022-23,new,MIN,MIL,0.0
2022-23,new,MIN,NOP,0.1311255389339981
2022-23,new,MIN,NYK,0.059333667439393944
2022-23,new,MIN,OKC,0.06438011857805419
2022-23,new,MIN,ORL,0.003039893237139004
2022-23,new,MIN,PHI,0.0
2022-23,new,MIN,PHX,0.0
2022-23,new,MIN,POR,0.015158110064620412
2022-23,new,MIN,SAC,0.00936068223235162
2022-23,new,MIN,SAS,2.938612773473794e-05
2022-23,new,MIN,TOR,0.029130489703032347
2022-23,new,MIN,UTA,0.6214580007355934
2022-23,new,MIN,WAS,0.010037544980819366
2022-23,new,NOP,ATL,0.0014989223663598819
2022-23,new,NOP,BKN,0.010216787209147137
2022-23,new,NOP,BOS,0.0
2022-23,new,NOP,CHA,0.014411638024632403
2022-23,new,NOP,CHI,0.002104732127002747
2022-23,new,NOP,CLE,0.0
2022-23,new,NOP,DAL,0.03872281117317979
2022-23,new,NOP,DEN,0.0
2022-23,new,NOP,DET,0.0
2022-23,new,NOP,GSW,0.038214527489243234
2022-23,new,NOP,HOU,0.017253771687010783
2022-23,new,NOP,IND,0.015770474282928323
2022-23,new,NOP,LAC,0.015080280329546378
2022-23,new,NOP,LAL,0.0748890088512442
2022-23,new,NOP,MEM,0.0064461206697762514
2022-23,new,NOP,MIA,0.004627155068988817
2022-23,new,NOP,MIL,0.0
2022-23,new,NOP,MIN,0.0
2022-23,new,NOP,NYK,0.019737830403161738
2022-23,new,NOP,OKC,0.025039062271906255
2022-23,new,NOP,ORL,0.0004946120751315152
2022-23,new,NOP,PHI,0.0
2022-23,new,NOP,PHX,0.0
2022-23,new,NOP,POR,0.0084439007811627
2022-23,new,NOP,SAC,7.691659606405606e-05
2022-23,new,NOP,SAS,0.0
2022-23,new,NOP,TOR,0.0010107757972457035
2022-23,new,NOP,UTA,0.04632641471607114
2022-23,new,NOP,WAS,0.0
2022-23,new,NYK,ATL,0.0024010550350891152
2022-23,new,NYK,BKN,0.0359202120387744
2022-23,new,NYK,BOS,0.0
2022-23,new,NYK,CHA,0.015787715524643784
2022-23,new,NYK,CHI,0.007813437249983665
2022-23,new,NYK,CLE,0.00011061279604950083
2022-23,new,NYK,DAL,0.0023725526752308356
2022-23,new,NYK,DEN,0.0
2022-23,new,NYK,DET,0.0
2022-23,new,NYK,GSW,0.002519540291045049
2022-23,new,NYK,HOU,0.010054418450594751
2022-23,new,NYK,IND,0.007328766189999315
2022-23,new,NYK,LAC,0.0012257543288508492
2022-23,new,NYK,LAL,0.001409213388166069
2022-23,new,NYK,MEM,0.005836206878744195
2022-23,new,NYK,MIA,0.013189469507367525
2022-23,new,NYK,MIL,0.0
2022-23,new,NYK,MIN,0.0
2022-23,new,NYK,NOP,0.0015126616222551094
2022-23,new,NYK,OKC,0.0014121767460842263
2022-23,new,NYK,ORL,0.00035785655571262087
2022-23,new,NYK,PHI,0.0
2022-23,new,NYK,PHX,0.0
2022-23,new,NYK,POR,0.03325093303535109
2022-23,new,NYK,SAC,0.011719827495419005
2022-23,new,NYK,SAS,0.0
2022-23,new,NYK,TOR,0.003648073447817642
2022-23,new,NYK,UTA,0.007680127804599633
2022-23,new,NYK,WAS,0.0001918811899111986
2022-23,new,OKC,ATL,0.0017316948451063115
2022-23,new,OKC,BKN,0.011803935549781312
2022-23,new,OKC,BOS,0.0
2022-23,new,OKC,CHA,0.00016163793504880416
2022-23,new,OKC,CHI,0.00407454945122932
2022-23,new,OKC,CLE,1.3826599506187604e-05
2022-23,new,OKC,DAL,0.06716701840245588
2022-23,new,OKC,DEN,0.0
2022-23,new,OKC,DET,0.0
2022-23,new,OKC,GSW,0.009996923707970985
2022-23,new,OKC,HOU,0.02738900857020153
2022-23,new,OKC,IND,0.005498769709956832
2022-23,new,OKC,LAC,0.019143588557048574
2022-23,new,OKC,LAL,0.03690625013237626
2022-23,new,OKC,MEM,0.004157312691129528
2022-23,new,OKC,MIA,0.012122018658455688
2022-23,new,OKC,MIL,0.0
2022-23,new,OKC,MIN,0.0
2022-23,new,OKC,NOP,0.05156977355028583
2022-23,new,OKC,NYK,0.0387779042544304
2022-23,new,OKC,ORL,0.0005920410303989577
2022-23,new,OKC,PHI,0.0
2022-23,new,OKC,PHX,0.0
2022-23,new,OKC,POR,0.003991264995393256
2022-23,new,OKC,SAC,0.00436266882908089
2022-23,new,OKC,SAS,0.0
2022-23,new,OKC,TOR,0.001228667770397994
2022-23,new,OKC,UTA,0.042984349297605834
2022-23,new,OKC,WAS,1.3826599506187604e-05
2022-23,new,ORL,ATL,0.0027083198824942502
2022-23,new,ORL,BKN,0.008750280320982573
2022-23,new,ORL,BOS,0.0
2022-23,new,ORL,CHA,0.0002673888026365916
2022-23,new,ORL,CHI,0.0016635615278207674
2022-23,new,ORL,CLE,2.0084618238891787e-08
2022-23,new,ORL,DAL,0.007743386840476009
2022-23,new,ORL,DEN,0.0
2022-23,new,ORL,DET,2.9586360491222764e-05
2022-23,new,ORL,GSW,0.010285747904797719
2022-23,new,ORL,HOU,0.029060075431199067
2022-23,new,ORL,IND,0.01697588672065026
2022-23,new,ORL,LAC,7.165948382643021e-05
2022-23,new,ORL,LAL,0.003852909553619422
2022-23,new,ORL,MEM,0.010323275657820291
2022-23,new,ORL,MIA,0.025711344926483616
2022-23,new,ORL,MIL,0.0
2022-23,new,ORL,MIN,0.0
2022-23,new,ORL,NOP,0.0012852909590382578
2022-23,new,ORL,NYK,0.006404007537854527
2022-23,new,ORL,OKC,0.009480334073264984
2022-23,new,ORL,PHI,0.0
2022-23,new,ORL,PHX,0.0
2022-23,new,ORL,POR,0.005626277339479248
2022-23,new,ORL,SAC,0.004920258769396177
2022-23,new,ORL,SAS,3.5049447996839423e-05
2022-23,new,ORL,TOR,0.0006058901487900942
2022-23,new,ORL,UTA,0.009375962251822486
2022-23,new,ORL,WAS,0.00028494725143249453
2022-23,new,PHI,ATL,0.023127869800810982
2022-23,new,PHI,BKN,0.006858825364953834
2022-23,new,PHI,BOS,0.0
2022-23,new,PHI,CHA,0.020481621516581013
2022-23,new,PHI,CHI,0.03462200766028692
2022-23,new,PHI,CLE,1.388685336090428e-05
2022-23,new,PHI,DAL,0.005065183908359123
2022-23,new,PHI,DEN,0.0
2022-23,new,PHI,DET,7.739043847814055e-06
2022-23,new,PHI,GSW,0.012030256985456164
2022-23,new,PHI,HOU,0.0050336745725382635
2022-23,new,PHI,IND,0.02384634023055167
2022-23,new,PHI,LAC,0.010625269454221466
2022-23,new,PHI,LAL,0.011841056030002775
2022-23,new,PHI,MEM,0.01382825590275702
2022-23,new,PHI,MIA,0.004012217084829504
2022-23,new,PHI,MIL,0.0
2022-23,new,PHI,MIN,0.0
2022-23,new,PHI,NOP,0.011109913686944715
2022-23,new,PHI,NYK,0.03009295420368337
2022-23,new,PHI,OKC,0.005455549569370963
2022-23,new,PHI,ORL,0.006209195738356986
2022-23,new,PHI,PHX,0.0
2022-23,new,PHI,POR,0.005095282239366103
2022-23,new,PHI,SAC,0.002698804267343638
2022-23,new,PHI,SAS,2.0738036038327948e-05
2022-23,new,PHI,TOR,0.013997608097922772
2022-23,new,PHI,UTA,0.10434134949708952
2022-23,new,PHI,WAS,0.01543841115006383
2022-23,new,PHX,ATL,0.0016613180974631655
2022-23,new,PHX,BKN,0.1818173193112809
2022-23,new,PHX,BOS,0.0
2022-23,new,PHX,CHA,0.004894396554004272
2022-23,new,PHX,CHI,0.0014448723312927838
2022-23,new,PHX,CLE,0.0
2022-23,new,PHX,DAL,0.016101832231798723
2022-23,new,PHX,DEN,0.0
2022-23,new,PHX,DET,0.0
2022-23,new,PHX,GSW,0.021152484689724846
2022-23,new,PHX,HOU,0.050933459131508776
2022-23,new,PHX,IND,0.004395474086933094
2022-23,new,PHX,LAC,0.016185075499173578
2022-23,new,PHX,LAL,0.009874461524385219
2022-23,new,PHX,MEM,0.0020050360460626944
2022-23,new,PHX,MIA,0.012352370780507296
2022-23,new,PHX,MIL,0.0
2022-23,new,PHX,MIN,0.0
2022-23,new,PHX,NOP,0.023694504216305333
2022-23,new,PHX,NYK,0.010088270892987299
2022-23,new,PHX,OKC,0.0283205819614071
2022-23,new,PHX,ORL,0.00013513304101634503
2022-23,new,PHX,PHI,0.0
2022-23,new,PHX,POR,0.010825730565763823
2022-23,new,PHX,SAC,0.007769500817550946
2022-23,new,PHX,SAS,0.0
2022-23,new,PHX,TOR,0.0006077586038937344
2022-23,new,PHX,UTA,0.021681562626728546
2022-23,new,PHX,WAS,1.4024567398933115e-05
2022-23,new,POR,ATL,0.0014914064161411235
2022-23,new,POR,BKN,0.015948580484863972
2022-23,new,POR,BOS,0.0
2022-23,new,POR,CHA,0.003760947822012644
2022-23,new,POR,CHI,0.06037775002169175
2022-23,new,POR,CLE,6.992486905456361e-05
2022-23,new,POR,DAL,0.04859070329639613
2022-23,new,POR,DEN,0.0
2022-23,new,POR,DET,3.8849555510045926e-08
2022-23,new,POR,GSW,0.03851727519218288
2022-23,new,POR,HOU,0.07178717788076028
2022-23,new,POR,IND,0.019604388382461774
2022-23,new,POR,LAC,0.010900053977625092
2022-23,new,POR,LAL,0.050932381449564336
2022-23,new,POR,MEM,0.0040338828442678465
2022-23,new,POR,MIA,0.013690366128905833
2022-23,new,POR,MIL,0.0
2022-23,new,POR,MIN,0.0
2022-23,new,POR,NOP,0.09173060331714403
2022-23,new,POR,NYK,0.021585935648632294
2022-23,new,POR,OKC,0.04740867443711913
2022-23,new,POR,ORL,0.00043116562458384727
2022-23,new,POR,PHI,0.0
2022-23,new,POR,PHX,0.0
2022-23,new,POR,SAC,0.010203750662619021
2022-23,new,POR,SAS,2.84952470165394e-06
2022-23,new,POR,TOR,0.000461575074123332
2022-23,new,POR,UTA,0.06342087895890285
2022-23,new,POR,WAS,0.0001606963914888371
2022-23,new,SAC,ATL,0.005696659301923727
2022-23,new,SAC,BKN,0.015901627502737714
2022-23,new,SAC,BOS,0.0
2022-23,new,SAC,CHA,0.0016790275282987128
2022-23,new,SAC,CHI,0.013046942738720521
2022-23,new,SAC,CLE,0.0
2022-23,new,SAC,DAL,0.016457442714701072
2022-23,new,SAC,DEN,0.0
2022-23,new,SAC,DET,6.734397478817102e-07
2022-23,new,SAC,GSW,0.026292498037252504
2022-23,new,SAC,HOU,0.019089170403613964
2022-23,new,SAC,IND,0.012717206375746172
2022-23,new,SAC,LAC,0.01585102383960601
2022-23,new,SAC,LAL,0.04953421351305161
2022-23,new,SAC,MEM,0.013189640175806207
2022-23,new,SAC,MIA,0.005427011540775854
2022-23,new,SAC,MIL,0.0
2022-23,new,SAC,MIN,0.0
2022-23,new,SAC,NOP,0.0024046335857289304
2022-23,new,SAC,NYK,0.025411306514206172
2022-23,new,SAC,OKC,0.012203663676587768
2022-23,new,SAC,ORL,0.004053945799862738
2022-23,new,SAC,PHI,0.0
2022-23,new,SAC,PHX,0.0
2022-23,new,SAC,POR,0.013182752946731463
2022-23,new,SAC,SAS,1.840619053899869e-06
2022-23,new,SAC,TOR,0.003556854537990007
2022-23,new,SAC,UTA,0.03845979351126556
2022-23,new,SAC,WAS,0.0
2022-23,new,SAS,ATL,0.0012391279318707269
2022-23,new,SAS,BKN,0.010312251337146304
2022-23,new,SAS,BOS,0.0
2022-23,new,SAS,CHA,0.020510459080408515
2022-23,new,SAS,CHI,0.00382937595007004
2022-23,new,SAS,CLE,1.388685336090428e-05
2022-23,new,SAS,DAL,6.07252619832268e-05
2022-23,new,SAS,DEN,0.0
2022-23,new,SAS,DET,2.6745992478820253e-05
2022-23,new,SAS,GSW,0.0019248797657299968
2022-23,new,SAS,HOU,0.00507650874244001
2022-23,new,SAS,IND,0.023262006175682318
2022-23,new,SAS,LAC,0.016491648750961756
2022-23,new,SAS,LAL,0.02798949324698508
2022-23,new,SAS,MEM,0.0008857758788006573
2022-23,new,SAS,MIA,0.0027895785510998338
2022-23,new,SAS,MIL,0.0
2022-23,new,SAS,MIN,0.0
2022-23,new,SAS,NOP,0.07012931065015687
2022-23,new,SAS,NYK,0.0021364241703643
2022-23,new,SAS,OKC,0.004799568988382815
2022-23,new,SAS,ORL,0.0009523656675376764
2022-23,new,SAS,PHI,0.0
2022-23,new,SAS,PHX,0.0
2022-23,new,SAS,POR,0.0011044398180432534
2022-23,new,SAS,SAC,0.000305135592638061
2022-23,new,SAS,TOR,0.0023339164539659947
2022-23,new,SAS,UTA,0.11868994103517505
2022-23,new,SAS,WAS,0.004442379818299282
2022-23,new,TOR,ATL,0.09221951184100964
2022-23,new,TOR,BKN,0.011549368199020483
2022-23,new,TOR,BOS,0.0
2022-23,new,TOR,CHA,0.02900557388762436
2022-23,new,TOR,CHI,0.09146176801350886
2022-23,new,TOR,CLE,0.0003703002209134991
2022-23,new,TOR,DAL,0.03921833754532998
2022-23,new,TOR,DEN,0.0
2022-23,new,TOR,DET,1.4937557636976593e-05
2022-23,new,TOR,GSW,0.02336039783864825
2022-23,new,TOR,HOU,0.008275054059360689
2022-23,new,TOR,IND,0.035716843118113295
2022-23,new,TOR,LAC,0.010047413899205977
2022-23,new,TOR,LAL,0.012147090556441231
2022-23,new,TOR,MEM,0.006039877944483657
2022-23,new,TOR,MIA,0.03196864205049902
2022-23,new,TOR,MIL,0.0
2022-23,new,TOR,MIN,0.0
2022-23,new,TOR,NOP,0.02902155164143488
2022-23,new,TOR,NYK,0.08165693261863605
2022-23,new,TOR,OKC,0.01945043090427824
2022-23,new,TOR,ORL,0.012120010463996607
2022-23,new,TOR,PHI,0.0
2022-23,new,TOR,PHX,0.0
2022-23,new,TOR,POR,0.016768315755562715
2022-23,new,TOR,SAC,0.003533295434574199
2022-23,new,TOR,SAS,0.0005232934351825112
2022-23,new,TOR,UTA,0.08593588587573005
2022-23,new,TOR,WAS,0.06882302986828895
2022-23,new,UTA,ATL,0.0013609912777158987
2022-23,new,UTA,BKN,0.0048491264380237445
2022-23,new,UTA,BOS,0.0
2022-23,new,UTA,CHA,0.027071120578651155
2022-23,new,UTA,CHI,0.001448294695392492
2022-23,new,UTA,CLE,0.0
2022-23,new,UTA,DAL,0.020303298877426705
2022-23,new,UTA,DEN,0.0
2022-23,new,UTA,DET,0.0
2022-23,new,UTA,GSW,0.03338405965228958
2022-23,new,UTA,HOU,0.01064951510867104
2022-23,new,UTA,IND,0.01883512932606491
2022-23,new,UTA,LAC,0.006877963416707895
2022-23,new,UTA,LAL,0.016344288763497826
2022-23,new,UTA,MEM,0.004578663704210315
2022-23,new,UTA,MIA,0.003614224173241005
2022-23,new,UTA,MIL,0.0
2022-23,new,UTA,MIN,0.0
2022-23,new,UTA,NOP,0.053793103402612966
2022-23,new,UTA,NYK,0.00919501631829659
2022-23,new,UTA,OKC,0.018607758540632038
2022-23,new,UTA,ORL,0.0006088362090642856
2022-23,new,UTA,PHI,0.0
2022-23,new,UTA,PHX,0.0
2022-23,new,UTA,POR,0.000914510637470771
2022-23,new,UTA,SAC,0.0002931034529645896
2022-23,new,UTA,SAS,0.0
2022-23,new,UTA,TOR,0.001043103383532886
2022-23,new,UTA,WAS,0.0
2022-23,new,WAS,ATL,0.034357646878417955
2022-23,new,WAS,BKN,0.013244499979774999
2022-23,new,WAS,BOS,0.0
2022-23,new,WAS,CHA,0.01873828214596622
2022-23,new,WAS,CHI,0.04851340483681209
2022-23,new,WAS,CLE,0.00042164618507450566
2022-23,new,WAS,DAL,0.009113288054321636
2022-23,new,WAS,DEN,0.0
2022-23,new,WAS,DET,2.362797749316658e-05
2022-23,new,WAS,GSW,0.009158472813831793
2022-23,new,WAS,HOU,0.007055495846775712
2022-23,new,WAS,IND,0.01987637905686972
2022-23,new,WAS,LAC,0.0061301185581873275
2022-23,new,WAS,LAL,0.008271821153988447
2022-23,new,WAS,MEM,0.008973748727233938
2022-23,new,WAS,MIA,0.012266688293099754
2022-23,new,WAS,MIL,0.0
2022-23,new,WAS,MIN,0.0
2022-23,new,WAS,NOP,0.003823275876528551
2022-23,new,WAS,NYK,0.1977054017256064
2022-23,new,WAS,OKC,0.007552262917662779
2022-23,new,WAS,ORL,0.026001111251211396
2022-23,new,WAS,PHI,0.0
2022-23,new,WAS,PHX,0.0
2022-23,new,WAS,POR,0.013831152740168919
2022-23,new,WAS,SAC,0.00698897204422362
2022-23,new,WAS,SAS,7.759441076863748e-05
2022-23,new,WAS,TOR,0.02122925389611796
2022-23,new,WAS,UTA,0.06792303496900283
2022-23,old,ATL,BKN,0.010473342162198526
2022-23,old,ATL,BOS,0.0
2022-23,old,ATL,CHA,0.0012923645043453596
2022-23,old,ATL,CHI,0.016074425112092283
2022-23,old,ATL,CLE,0.000911620864997263
2022-23,old,ATL,DAL,0.03632777516267132
2022-23,old,ATL,DEN,0.0
2022-23,old,ATL,DET,2.5609802436651234e-06
2022-23,old,ATL,GSW,0.010614817097271608
2022-23,old,ATL,HOU,0.009698275780698668
2022-23,old,ATL,IND,0.013754217966329491
2022-23,old,ATL,LAC,0.00027451508919355166
2022-23,old,ATL,LAL,0.013170797208159488
2022-23,old,ATL,MEM,0.0024621876049836164
2022-23,old,ATL,MIA,0.004023627151332904
2022-23,old,ATL,MIL,0.0
2022-23,old,ATL,MIN,0.0
2022-23,old,ATL,NOP,0.014042025678831251
2022-23,old,ATL,NYK,0.10362163859026093
2022-23,old,ATL,OKC,0.018608836187852612
2022-23,old,ATL,ORL,0.03924182552880935
2022-23,old,ATL,PHI,0.0
2022-23,old,ATL,PHX,0.0
2022-23,old,ATL,POR,0.005642155080446029
2022-23,old,ATL,SAC,0.009978005509907347
2022-23,old,ATL,SAS,3.5300537489967264e-06
2022-23,old,ATL,TOR,0.03546907662177832
2022-23,old,ATL,UTA,0.07740468298679871
2022-23,old,ATL,WAS,0.033944076059784334
2022-23,old,BKN,ATL,0.011151003148969513
2022-23,old,BKN,BOS,0.0
2022-23,old,BKN,CHA,0.00018206385849763715
2022-23,old,BKN,CHI,0.009876971793380953
2022-23,old,BKN,CLE,0.00014003264121486018
2022-23,old,BKN,DAL,0.019701563546706498
2022-23,old,BKN,DEN,0.0
2022-23,old,BKN,DET,5.501687786595895e-06
2022-23,old,BKN,GSW,0.015890062365302483
2022-23,old,BKN,HOU,0.018518588397639868
2022-23,old,BKN,IND,0.007757326428523994
2022-23,old,BKN,LAC,0.00018507543479590196
2022-23,old,BKN,LAL,0.017480872656953333
2022-23,old,BKN,MEM,0.006225803227467632
2022-23,old,BKN,MIA,0.01896518622400208
2022-23,old,BKN,MIL,0.0
2022-23,old,BKN,MIN,0.0
2022-23,old,BKN,NOP,0.02663523697201965
2022-23,old,BKN,NYK,0.02662921136381248
2022-23,old,BKN,OKC,0.00994127156172783
2022-23,old,BKN,ORL,0.004633905850172283
2022-23,old,BKN,PHI,0.0
2022-23,old,BKN,PHX,0.0
2022-23,old,BKN,POR,0.006080292038298825
2022-23,old,BKN,SAC,0.010584025573698667
2022-23,old,BKN,SAS,8.801352284241782e-06
2022-23,old,BKN,TOR,0.016450101795686442
2022-23,old,BKN,UTA,0.12062852202586147
2022-23,old,BKN,WAS,0.023358337541759127
2022-23,old,BOS,ATL,0.0023067120323298175
2022-23,old,BOS,BKN,0.0052339858763691335
2022-23,old,BOS,CHA,0.026008746088096665
2022-23,old,BOS,CHI,0.005163270631535356
2022-23,old,BOS,CLE,4.022265474330335e-10
2022-23,old,BOS,DAL,0.0037792080598147413
2022-23,old,BOS,DEN,0.0
2022-23,old,BOS,DET,0.00019859985663438294
2022-23,old,BOS,GSW,0.0029606036393305937
2022-23,old,BOS,HOU,0.0017982221658718917
2022-23,old,BOS,IND,0.06479645710119347
2022-23,old,BOS,LAC,0.014959590512123122
2022-23,old,BOS,LAL,0.006717133590718729
2022-23,old,BOS,MEM,0.008678879426824378
2022-23,old,BOS,MIA,0.0013639477326495622
2022-23,old,BOS,MIL,0.0
2022-23,old,BOS,MIN,0.0
2022-23,old,BOS,NOP,0.007260775926647354
2022-23,old,BOS,NYK,0.0012717390584875386
2022-23,old,BOS,OKC,0.006196120726245714
2022-23,old,BOS,ORL,0.000986780195420933
2022-23,old,BOS,PHI,0.0
2022-23,old,BOS,PHX,0.0
2022-23,old,BOS,POR,0.00802491447197235
2022-23,old,BOS,SAC,0.003948372902737463
2022-23,old,BOS,SAS,1.2368114531756737e-06
2022-23,old,BOS,TOR,0.003648608467395209
2022-23,old,BOS,UTA,0.021861314314604693
2022-23,old,BOS,WAS,0.004421900889747578
2022-23,old,CHA,ATL,0.01305898399153912
2022-23,old,CHA,BKN,0.004824728379779413
2022-23,old,CHA,BOS,0.0
2022-23,old,CHA,CHI,0.009985885698669417
2022-23,old,CHA,CLE,0.0
2022-23,old,CHA,DAL,0.012771963365459757
2022-23,old,CHA,DEN,0.0
2022-23,old,CHA,DET,7.895910237833632e-06
2022-23,old,CHA,GSW,0.003411227520694561
2022-23,old,CHA,HOU,0.00461557100932435
2022-23,old,CHA,IND,0.020114096701504054
2022-23,old,CHA,LAC,0.00011584051896753755
2022-23,old,CHA,LAL,0.007545797305025064
2022-23,old,CHA,MEM,0.0054256466424478025
2022-23,old,CHA,MIA,0.0018666974465570518
2022-23,old,CHA,MIL,0.0
2022-23,old,CHA,MIN,0.0
2022-23,old,CHA,NOP,0.014980603386668071
2022-23,old,CHA,NYK,0.10253078079169244
2022-23,old,CHA,OKC,0.014043372674415626
2022-23,old,CHA,ORL,0.00915657126390727
2022-23,old,CHA,PHI,0.0
2022-23,old,CHA,PHX,0.0
2022-23,old,CHA,POR,0.0037284328754729717
2022-23,old,CHA,SAC,0.004576508646011995
2022-23,old,CHA,SAS,8.03890321662694e-05
2022-23,old,CHA,TOR,0.005115590808346879
2022-23,old,CHA,UTA,0.021718304606918735
2022-23,old,CHA,WAS,0.0014633633008151639
2022-23,old,CHI,ATL,0.02542804722058754
2022-23,old,CHI,BKN,0.019276866503004964
2022-23,old,CHI,BOS,0.0
2022-23,old,CHI,CHA,0.009772183597206694
2022-23,old,CHI,CLE,0.0001954379137877295
2022-23,old,CHI,DAL,0.03997108490469514
2022-23,old,CHI,DEN,0.0
2022-23,old,CHI,DET,4.977085392876404e-06
2022-23,old,CHI,GSW,0.013141658297732553
2022-23,old,CHI,HOU,0.013962553742859542
2022-23,old,CHI,IND,0.01656975658975323
2022-23,old,CHI,LAC,0.013340517283027896
2022-23,old,CHI,LAL,0.008861799578760467
2022-23,old,CHI,MEM,0.0024880312283641153
2022-23,old,CHI,MIA,0.004798990013928081
2022-23,old,CHI,MIL,0.0
2022-23,old,CHI,MIN,0.0
2022-23,old,CHI,NOP,0.04392214408758547
2022-23,old,CHI,NYK,0.09988158380340324
2022-23,old,CHI,OKC,0.013918911599441723
2022-23,old,CHI,ORL,0.08992316364249968
2022-23,old,CHI,PHI,0.0
2022-23,old,CHI,PHX,0.0
2022-23,old,CHI,POR,0.006891982968642303
2022-23,old,CHI,SAC,0.001146052893914784
2022-23,old,CHI,SAS,4.9290632599007575e-06
2022-23,old,CHI,TOR,0.03259886584975463
2022-23,old,CHI,UTA,0.037052061066025516
2022-23,old,CHI,WAS,0.03421988714590655
2022-23,old,CLE,ATL,0.009921998279215414
2022-23,old,CLE,BKN,0.01671240715140102
2022-23,old,CLE,BOS,0.0
2022-23,old,CLE,CHA,0.006530884872490916
2022-23,old,CLE,CHI,0.004586417254298939
2022-23,old,CLE,DAL,0.0038085635367331363
2022-23,old,CLE,DEN,0.0
2022-23,old,CLE,DET,0.0005722232111462083
2022-23,old,CLE,GSW,0.0056205883583062026
2022-23,old,CLE,HOU,0.004251616470162468
2022-23,old,CLE,IND,0.1081095085949679
2022-23,old,CLE,LAC,0.003312769392465145
2022-23,old,CLE,LAL,0.005681573259062136
2022-23,old,CLE,MEM,0.03524782609267933
2022-23,old,CLE,MIA,0.00351204266847971
2022-23,old,CLE,MIL,0.0
2022-23,old,CLE,MIN,0.0
2022-23,old,CLE,NOP,0.004092941867099306
2022-23,old,CLE,NYK,0.011505461056713458
2022-23,old,CLE,OKC,0.00356815747822362
2022-23,old,CLE,ORL,0.0012377489360170931
2022-23,old,CLE,PHI,0.0
2022-23,old,CLE,PHX,0.0
2022-23,old,CLE,POR,0.0146638144802226
2022-23,old,CLE,SAC,0.023138890832065547
2022-23,old,CLE,SAS,0.0016096676620257684
2022-23,old,CLE,TOR,0.002539779768347092
2022-23,old,CLE,UTA,0.012236111456790103
2022-23,old,CLE,WAS,0.02774081260997584
2022-23,old,DAL,ATL,0.007010504156681894
2022-23,old,DAL,BKN,0.01335728631151881
2022-23,old,DAL,BOS,0.0
2022-23,old,DAL,CHA,0.0019680466676991557
2022-23,old,DAL,CHI,0.00751143699353069
2022-23,old,DAL,CLE,2.119175037641082e-06
2022-23,old,DAL,DEN,0.0
2022-23,old,DAL,DET,2.1524058143166887e-06
2022-23,old,DAL,GSW,0.007751969432300554
2022-23,old,DAL,HOU,0.012499730476973066
2022-23,old,DAL,IND,0.003988436576890344
2022-23,old,DAL,LAC,0.0005915948352575753
2022-23,old,DAL,LAL,0.011502155011142441
2022-23,old,DAL,MEM,0.004388615278018593
2022-23,old,DAL,MIA,0.006034846680114748
2022-23,old,DAL,MIL,0.0
2022-23,old,DAL,MIN,0.0
2022-23,old,DAL,NOP,0.04633566806130994
2022-23,old,DAL,NYK,0.13023608401230907
2022-23,old,DAL,OKC,0.015399784513604669
2022-23,old,DAL,ORL,0.0019753011513628585
2022-23,old,DAL,PHI,0.0
2022-23,old,DAL,PHX,0.0
2022-23,old,DAL,POR,0.006407174646696718
2022-23,old,DAL,SAC,0.0031188994524466765
2022-23,old,DAL,SAS,8.221011645187752e-06
2022-23,old,DAL,TOR,0.009613305705603647
2022-23,old,DAL,UTA,0.04087200800234218
2022-23,old,DAL,WAS,0.005374244998497297
2022-23,old,DEN,ATL,0.02204032806357398
2022-23,old,DEN,BKN,0.016700101640581118
2022-23,old,DEN,BOS,0.0
2022-23,old,DEN,CHA,0.13228377345886516
2022-23,old,DEN,CHI,0.017762099779160805
2022-23,old,DEN,CLE,0.00010521730710243325
2022-23,old,DEN,DAL,0.04438681164312962
2022-23,old,DEN,DET,0.0009544776528752652
2022-23,old,DEN,GSW,0.011358489865900136
2022-23,old,DEN,HOU,0.04712661624962368
2022-23,old,DEN,IND,0.03596154202577054
2022-23,old,DEN,LAC,0.009292295312083422
2022-23,old,DEN,LAL,0.028108027904165975
2022-23,old,DEN,MEM,0.013146043092335172
2022-23,old,DEN,MIA,0.013339975294726938
2022-23,old,DEN,MIL,0.0
2022-23,old,DEN,MIN,0.0
2022-23,old,DEN,NOP,0.0126376617547518
2022-23,old,DEN,NYK,0.0581366623615429
2022-23,old,DEN,OKC,0.021512392279210278
2022-23,old,DEN,ORL,0.004296892403313893
2022-23,old,DEN,PHI,0.0
2022-23,old,DEN,PHX,0.0
2022-23,old,DEN,POR,0.03320089425619976
2022-23,old,DEN,SAC,0.0074122472978811705
2022-23,old,DEN,SAS,0.0015149916347064396
2022-23,old,DEN,TOR,0.008952452665077612
2022-23,old,DEN,UTA,0.032308095172304596
2022-23,old,DEN,WAS,0.04134256171215074
2022-23,old,DET,ATL,0.009473253168159173
2022-23,old,DET,BKN,0.005240578932201959
2022-23,old,DET,BOS,0.0
2022-23,old,DET,CHA,0.00145570444409126
2022-23,old,DET,CHI,0.03897193832907003
2022-23,old,DET,CLE,2.386327266593669e-09
2022-23,old,DET,DAL,0.011478350761447329
2022-23,old,DET,DEN,0.0
2022-23,old,DET,GSW,0.01080329840939787
2022-23,old,DET,HOU,0.00876346973939156
2022-23,old,DET,IND,0.010762252048507472
2022-23,old,DET,LAC,0.0005309806123640837
2022-23,old,DET,LAL,0.012403286409098654
2022-23,old,DET,MEM,7.917607981499974e-06
2022-23,old,DET,MIA,0.0006745675824606052
2022-23,old,DET,MIL,0.0
2022-23,old,DET,MIN,0.0
2022-23,old,DET,NOP,0.015751885959320575
2022-23,old,DET,NYK,0.025467756942762463
2022-23,old,DET,OKC,0.010228987233331908
2022-23,old,DET,ORL,0.004010207042476651
2022-23,old,DET,PHI,0.0
2022-23,old,DET,PHX,0.0
2022-23,old,DET,POR,0.006818263819073627
2022-23,old,DET,SAC,0.00032402421965119785
2022-23,old,DET,SAS,0.002921052148406893
2022-23,old,DET,TOR,0.011034959906072098
2022-23,old,DET,UTA,0.017652331034865014
2022-23,old,DET,WAS,0.014408491107064813
2022-23,old,GSW,ATL,0.007952615017152644
2022-23,old,GSW,BKN,0.013025656754599773
2022-23,old,GSW,BOS,0.0
2022-23,old,GSW,CHA,0.00162822094325825
2022-23,old,GSW,CHI,0.006345683243961038
2022-23,old,GSW,CLE,1.6657881940332366e-07
2022-23,old,GSW,DAL,0.09101724773812134
2022-23,old,GSW,DEN,0.0
2022-23,old,GSW,DET,1.450177885087722e-06
2022-23,old,GSW,HOU,0.0694929950792495
2022-23,old,GSW,IND,0.006440275806874069
2022-23,old,GSW,LAC,0.00022063577914979823
2022-23,old,GSW,LAL,0.019001347112092025
2022-23,old,GSW,MEM,6.908422680279302e-05
2022-23,old,GSW,MIA,0.014345779431311044
2022-23,old,GSW,MIL,0.0
2022-23,old,GSW,MIN,0.0
2022-23,old,GSW,NOP,0.017401939961208222
2022-23,old,GSW,NYK,0.0829589344810475
2022-23,old,GSW,OKC,0.017454471995387678
2022-23,old,GSW,ORL,0.0023734383366222416
2022-23,old,GSW,PHI,0.0
2022-23,old,GSW,PHX,0.0
2022-23,old,GSW,POR,0.004799785170533243
2022-23,old,GSW,SAC,0.005965111337196163
2022-23,old,GSW,SAS,3.1568977718114337e-06
2022-23,old,GSW,TOR,0.007857753348838838
2022-23,old,GSW,UTA,0.1469567497495414
2022-23,old,GSW,WAS,0.001700697530484151
2022-23,old,HOU,ATL,0.0017267748828769217
2022-23,old,HOU,BKN,0.0008002119868460377
2022-23,old,HOU,BOS,0.0
2022-23,old,HOU,CHA,0.015575835039257356
2022-23,old,HOU,CHI,0.030963866249745602
2022-23,old,HOU,CLE,1.1741751945548302e-06
2022-23,old,HOU,DAL,0.001402840346579424
2022-23,old,HOU,DEN,0.0
2022-23,old,HOU,DET,0.0018304356304262815
2022-23,old,HOU,GSW,0.0030385166441647612
2022-23,old,HOU,IND,0.02945098355308383
2022-23,old,HOU,LAC,0.00011018319181889166
2022-23,old,HOU,LAL,0.0030889008538235486
2022-23,old,HOU,MEM,0.008040948091734355
2022-23,old,HOU,MIA,0.000631113163770474
2022-23,old,HOU,MIL,0.0
2022-23,old,HOU,MIN,0.0
2022-23,old,HOU,NOP,0.004948814675344379
2022-23,old,HOU,NYK,0.00033011657191302457
2022-23,old,HOU,OKC,0.004250000059516329
2022-23,old,HOU,ORL,0.0003656812802469254
2022-23,old,HOU,PHI,0.0
2022-23,old,HOU,PHX,0.0
2022-23,old,HOU,POR,0.002470933043324474
2022-23,old,HOU,SAC,0.010437016956476728
2022-23,old,HOU,SAS,0.005342297387676102
2022-23,old,HOU,TOR,0.00250933868313689
2022-23,old,HOU,UTA,0.020376800836018782
2022-23,old,HOU,WAS,0.0029231375863461528
2022-23,old,IND,ATL,0.01199170109811634
2022-23,old,IND,BKN,0.0016554212537091524
2022-23,old,IND,BOS,0.0
2022-23,old,IND,CHA,0.0064801846537419815
2022-23,old,IND,CHI,0.025831629701093532
2022-23,old,IND,CLE,0.00014029099118927264
2022-23,old,IND,DAL,0.011848920656063064
2022-23,old,IND,DEN,0.0
2022-23,old,IND,DET,0.0010104351047679457
2022-23,old,IND,GSW,0.003643116878875634
2022-23,old,IND,HOU,0.001826778092453705
2022-23,old,IND,LAC,0.0028809267439646644
2022-23,old,IND,LAL,0.006214439595431286
2022-23,old,IND,MEM,0.003484913249426523
2022-23,old,IND,MIA,0.002017682562611575
2022-23,old,IND,MIL,0.0
2022-23,old,IND,MIN,0.0
2022-23,old,IND,NOP,0.012330279979124219
2022-23,old,IND,NYK,0.020885959114877565
2022-23,old,IND,OKC,0.012878771706821465
2022-23,old,IND,ORL,0.003928752536168822
2022-23,old,IND,PHI,0.0
2022-23,old,IND,PHX,0.0
2022-23,old,IND,POR,0.012784633546539727
2022-23,old,IND,SAC,0.0013944955116392487
2022-23,old,IND,SAS,9.532333325427938e-06
2022-23,old,IND,TOR,0.009815092864822201
2022-23,old,IND,UTA,0.046107455652924886
2022-23,old,IND,WAS,0.025682379267953012
2022-23,old,LAC,ATL,0.006883274917023587
2022-23,old,LAC,BKN,0.06076388420798732
2022-23,old,LAC,BOS,0.0
2022-23,old,LAC,CHA,0.011143257257929041
2022-23,old,LAC,CHI,0.0024423039074155887
2022-23,old,LAC,CLE,1.177154414888432e-06
2022-23,old,LAC,DAL,0.0013091497287717993
2022-23,old,LAC,DEN,0.0
2022-23,old,LAC,DET,9.018918185406591e-06
2022-23,old,LAC,GSW,0.02149577006677985
2022-23,old,LAC,HOU,0.2230835127526019
2022-23,old,LAC,IND,0.012679271192598728
2022-23,old,LAC,LAL,0.02309294170762236
2022-23,old,LAC,MEM,0.0008805488559303055
2022-23,old,LAC,MIA,0.01704225483760117
2022-23,old,LAC,MIL,0.0
2022-23,old,LAC,MIN,0.0
2022-23,old,LAC,NOP,0.025946389832594115
2022-23,old,LAC,NYK,0.010729046556433176
2022-23,old,LAC,OKC,0.0293424028093758
2022-23,old,LAC,ORL,0.008419803592825289
2022-23,old,LAC,PHI,0.0
2022-23,old,LAC,PHX,0.0
2022-23,old,LAC,POR,0.0060923768809074425
2022-23,old,LAC,SAC,0.004253195302767317
2022-23,old,LAC,SAS,1.713897833244053e-05
2022-23,old,LAC,TOR,0.002569691009728454
2022-23,old,LAC,UTA,0.015817341306279917
2022-23,old,LAC,WAS,0.0028051407752534814
2022-23,old,LAL,ATL,0.01512060814827903
2022-23,old,LAL,BKN,0.04927610211974371
2022-23,old,LAL,BOS,0.0
2022-23,old,LAL,CHA,8.489266027302915e-06
2022-23,old,LAL,CHI,0.015157295542343617
2022-23,old,LAL,CLE,2.119447753802745e-06
2022-23,old,LAL,DAL,0.07192610350995882
2022-23,old,LAL,DEN,0.0
2022-23,old,LAL,DET,2.902638017821671e-06
2022-23,old,LAL,GSW,0.027605395312361197
2022-23,old,LAL,HOU,0.02462122842013146
2022-23,old,LAL,IND,0.008354017909076193
2022-23,old,LAL,LAC,0.00023383621090284455
2022-23,old,LAL,MEM,0.0006977844001605702
2022-23,old,LAL,MIA,0.014553921528105496
2022-23,old,LAL,MIL,0.0
2022-23,old,LAL,MIN,0.0
2022-23,old,LAL,NOP,0.1246877688326038
2022-23,old,LAL,NYK,0.10930721459154308
2022-23,old,LAL,OKC,0.019127963708858168
2022-23,old,LAL,ORL,0.02050998553883316
2022-23,old,LAL,PHI,0.0
2022-23,old,LAL,PHX,0.0
2022-23,old,LAL,POR,0.008592080240318527
2022-23,old,LAL,SAC,0.0034497178993928438
2022-23,old,LAL,SAS,5.4378567238452126e-06
2022-23,old,LAL,TOR,0.013599369424842564
2022-23,old,LAL,UTA,0.02098505417480672
2022-23,old,LAL,WAS,0.02748239012018322
2022-23,old,MEM,ATL,0.0034769529575945342
2022-23,old,MEM,BKN,0.005411036965139422
2022-23,old,MEM,BOS,0.0
2022-23,old,MEM,CHA,0.005353031295652509
2022-23,old,MEM,CHI,0.004951157153603008
2022-23,old,MEM,CLE,3.800180017409189e-11
2022-23,old,MEM,DAL,0.011713386593186999
2022-23,old,MEM,DEN,0.0
2022-23,old,MEM,DET,0.0005285913262551752
2022-23,old,MEM,GSW,0.0020218140792382312
2022-23,old,MEM,HOU,0.006601831963374119
2022-23,old,MEM,IND,0.024025681463043118
2022-23,old,MEM,LAC,3.232758668861513e-05
2022-23,old,MEM,LAL,0.009234374862421176
2022-23,old,MEM,MIA,0.003724786969793141
2022-23,old,MEM,MIL,0.0
2022-23,old,MEM,MIN,0.0
2022-23,old,MEM,NOP,0.006748922209432029
2022-23,old,MEM,NYK,0.014037395522499267
2022-23,old,MEM,OKC,0.008976023709782848
2022-23,old,MEM,ORL,0.009668840707992125
2022-23,old,MEM,PHI,0.0
2022-23,old,MEM,PHX,0.0
2022-23,old,MEM,POR,0.005499691066968916
2022-23,old,MEM,SAC,0.019974137845465204
2022-23,old,MEM,SAS,0.0014154637072054798
2022-23,old,MEM,TOR,0.012273196158377339
2022-23,old,MEM,UTA,0.013010123321136678
2022-23,old,MEM,WAS,0.00846334315228918
2022-23,old,MIA,ATL,0.00883193824885485
2022-23,old,MIA,BKN,0.041248695888177665
2022-23,old,MIA,BOS,0.0
2022-23,old,MIA,CHA,0.0004516374787654863
2022-23,old,MIA,CHI,0.0024674455974344127
2022-23,old,MIA,CLE,0.0008066603529961661
2022-23,old,MIA,DAL,0.0044138105401659725
2022-23,old,MIA,DEN,0.0
2022-23,old,MIA,DET,1.0151927062254554e-06
2022-23,old,MIA,GSW,0.016482926792154576
2022-23,old,MIA,HOU,0.02233593756628046
2022-23,old,MIA,IND,0.025945446548301446
2022-23,old,MIA,LAC,0.00018992457127375205
2022-23,old,MIA,LAL,0.014751885686539401
2022-23,old,MIA,MEM,0.006738127848148935
2022-23,old,MIA,MIL,0.0
2022-23,old,MIA,MIN,0.0
2022-23,old,MIA,NOP,0.012186691874762644
2022-23,old,MIA,NYK,0.022684019640950088
2022-23,old,MIA,OKC,0.0064574355062434535
2022-23,old,MIA,ORL,0.00785280764591971
2022-23,old,MIA,PHI,0.0
2022-23,old,MIA,PHX,0.0
2022-23,old,MIA,POR,0.01882168898873801
2022-23,old,MIA,SAC,0.00915637312379973
2022-23,old,MIA,SAS,8.032798166162807e-06
2022-23,old,MIA,TOR,0.01284256419338763
2022-23,old,MIA,UTA,0.011288880937226154
2022-23,old,MIA,WAS,0.031128177847831884
2022-23,old,MIL,ATL,0.006733130669182255
2022-23,old,MIL,BKN,0.06485198209386016
2022-23,old,MIL,BOS,0.0
2022-23,old,MIL,CHA,0.01674590736589183
2022-23,old,MIL,CHI,0.0009594262235575359
2022-23,old,MIL,CLE,1.1759624066243667e-06
2022-23,old,MIL,DAL,0.005752003968621966
2022-23,old,MIL,DEN,0.0
2022-23,old,MIL,DET,0.00019791445862506855
2022-23,old,MIL,GSW,0.007687909880294283
2022-23,old,MIL,HOU,0.010488955002551061
2022-23,old,MIL,IND,0.02713234798633577
2022-23,old,MIL,LAC,0.039530980669038276
2022-23,old,MIL,LAL,0.0055457974499661545
2022-23,old,MIL,MEM,0.002258016937785606
2022-23,old,MIL,MIA,0.008025618394891118
2022-23,old,MIL,MIN,0.0
2022-23,old,MIL,NOP,0.0041982759006225084
2022-23,old,MIL,NYK,0.015663107370426414
2022-23,old,MIL,OKC,0.004716325426345757
2022-23,old,MIL,ORL,0.017884117277179434
2022-23,old,MIL,PHI,0.0
2022-23,old,MIL,PHX,0.0
2022-23,old,MIL,POR,0.014869519569325617
2022-23,old,MIL,SAC,0.006057773851954158
2022-23,old,MIL,SAS,3.431840288170801e-06
2022-23,old,MIL,TOR,0.006465343060663966
2022-23,old,MIL,UTA,0.015742996551619957
2022-23,old,MIL,WAS,0.01225864491696966
2022-23,old,MIN,ATL,0.02299057542723012
2022-23,old,MIN,BKN,0.011930267318777894
2022-23,old,MIN,BOS,0.0
2022-23,old,MIN,CHA,6.78373903173733e-06
2022-23,old,MIN,CHI,0.02184788755063421
2022-23,old,MIN,CLE,6.901660928076683e-05
2022-23,old,MIN,DAL,0.019547104501831412
2022-23,old,MIN,DEN,0.0
2022-23,old,MIN,DET,2.4321395361007997e-06
2022-23,old,MIN,GSW,0.017685334412509593
2022-23,old,MIN,HOU,0.01691729560827612
2022-23,old,MIN,IND,0.005360770680990316
2022-23,old,MIN,LAC,0.0003310883675445
2022-23,old,MIN,LAL,0.024672682888480707
2022-23,old,MIN,MEM,0.002248584562323962
2022-23,old,MIN,MIA,0.01183494998311945
2022-23,old,MIN,MIL,0.0
2022-23,old,MIN,NOP,0.0471713364693328
2022-23,old,MIN,NYK,0.05331494280333198
2022-23,old,MIN,OKC,0.026193426231400044
2022-23,old,MIN,ORL,0.010607421917726338
2022-23,old,MIN,PHI,0.0
2022-23,old,MIN,PHX,0.0
2022-23,old,MIN,POR,0.013111627831647014
2022-23,old,MIN,SAC,0.006563090827331205
2022-23,old,MIN,SAS,3.1175687255343198e-06
2022-23,old,MIN,TOR,0.028282588387150493
2022-23,old,MIN,UTA,0.46488383588728677
2022-23,old,MIN,WAS,0.013752438970308287
2022-23,old,NOP,ATL,0.011587398851094742
2022-23,old,NOP,BKN,0.009833075715014463
2022-23,old,NOP,BOS,0.0
2022-23,old,NOP,CHA,0.014412811598466694
2022-23,old,NOP,CHI,0.00584831759071676
2022-23,old,NOP,CLE,1.056627454529902e-09
2022-23,old,NOP,DAL,0.032109104676323476
2022-23,old,NOP,DEN,0.0
2022-23,old,NOP,DET,2.8661642079467898e-06
2022-23,old,NOP,GSW,0.019226127077285066
2022-23,old,NOP,HOU,0.018503502008910613
2022-23,old,NOP,IND,0.014831267174881844
2022-23,old,NOP,LAC,0.0009593211347839378
2022-23,old,NOP,LAL,0.058935883544598194
2022-23,old,NOP,MEM,0.0064415108939534765
2022-23,old,NOP,MIA,0.007483780548779786
2022-23,old,NOP,MIL,0.0
2022-23,old,NOP,MIN,0.0
2022-23,old,NOP,NYK,0.017297606217354454
2022-23,old,NOP,OKC,0.018965786546850095
2022-23,old,NOP,ORL,0.003728456017175008
2022-23,old,NOP,PHI,0.0
2022-23,old,NOP,PHX,0.0
2022-23,old,NOP,POR,0.012488962815123482
2022-23,old,NOP,SAC,7.611883674703585e-05
2022-23,old,NOP,SAS,4.274215666307314e-06
2022-23,old,NOP,TOR,0.012845890517100096
2022-23,old,NOP,UTA,0.022073968795759014
2022-23,old,NOP,WAS,0.004746010397195306
2022-23,old,NYK,ATL,0.0026296781998998023
2022-23,old,NYK,BKN,0.02858209270969059
2022-23,old,NYK,BOS,0.0
2022-23,old,NYK,CHA,0.01579117151435656
2022-23,old,NYK,CHI,0.014283603951109227
2022-23,old,NYK,CLE,5.26084251897229e-05
2022-23,old,NYK,DAL,0.0071430939268290455
2022-23,old,NYK,DEN,0.0
2022-23,old,NYK,DET,1.779518794982597e-06
2022-23,old,NYK,GSW,0.0036692319593241212
2022-23,old,NYK,HOU,0.007310075579122802
2022-23,old,NYK,IND,0.006171552735791652
2022-23,old,NYK,LAC,0.0009533944110795534
2022-23,old,NYK,LAL,0.0019267241640923672
2022-23,old,NYK,MEM,0.0058415948087349534
2022-23,old,NYK,MIA,0.006373432320432861
2022-23,old,NYK,MIL,0.0
2022-23,old,NYK,MIN,0.0
2022-23,old,NYK,NOP,0.003878232704391221
2022-23,old,NYK,OKC,0.0046920797974272675
2022-23,old,NYK,ORL,0.001127266843679609
2022-23,old,NYK,PHI,0.0
2022-23,old,NYK,PHX,0.0
2022-23,old,NYK,POR,0.0337910190389216
2022-23,old,NYK,SAC,0.011731680812036637
2022-23,old,NYK,SAS,2.5697442919346127e-06
2022-23,old,NYK,TOR,0.005026888809329158
2022-23,old,NYK,UTA,0.011962047622007295
2022-23,old,NYK,WAS,0.004537121004217101
2022-23,old,OKC,ATL,0.010438427690708518
2022-23,old,OKC,BKN,0.010701951977130747
2022-23,old,OKC,BOS,0.0
2022-23,old,OKC,CHA,0.00016166945778838917
2022-23,old,OKC,CHI,0.006936654900416433
2022-23,old,OKC,CLE,1.8710629697678615e-05
2022-23,old,OKC,DAL,0.10950277248454945
2022-23,old,OKC,DEN,0.0
2022-23,old,OKC,DET,4.664377352079518e-06
2022-23,old,OKC,GSW,0.006395184332664407
2022-23,old,OKC,HOU,0.03426320028832536
2022-23,old,OKC,IND,0.007129934334469922
2022-23,old,OKC,LAC,0.0007174030283931643
2022-23,old,OKC,LAL,0.02642376076905779
2022-23,old,OKC,MEM,0.004144094785652694
2022-23,old,OKC,MIA,0.011305601462547922
2022-23,old,OKC,MIL,0.0
2022-23,old,OKC,MIN,0.0
2022-23,old,OKC,NOP,0.031368265187584565
2022-23,old,OKC,NYK,0.08277446010314604
2022-23,old,OKC,ORL,0.003612876023354015
2022-23,old,OKC,PHI,0.0
2022-23,old,OKC,PHX,0.0
2022-23,old,OKC,POR,0.005223218036044725
2022-23,old,OKC,SAC,0.004386853755863601
2022-23,old,OKC,SAS,8.849379711320506e-06
2022-23,old,OKC,TOR,0.012258353732609676
2022-23,old,OKC,UTA,0.03341316520353979
2022-23,old,OKC,WAS,0.009671311906561734
2022-23,old,ORL,ATL,0.003333172767211093
2022-23,old,ORL,BKN,0.008766392721390962
2022-23,old,ORL,BOS,0.0
2022-23,old,ORL,CHA,0.00018869844420060653
2022-23,old,ORL,CHI,0.004619129117101539
2022-23,old,ORL,CLE,9.159893942339656e-10
2022-23,old,ORL,DAL,0.0036565995341937114
2022-23,old,ORL,DEN,0.0
2022-23,old,ORL,DET,0.0008854689047711993
2022-23,old,ORL,GSW,0.008782900104537231
2022-23,old,ORL,HOU,0.03340355620083222
2022-23,old,ORL,IND,0.03180692106741983
2022-23,old,ORL,LAC,4.2834052362415046e-05
2022-23,old,ORL,LAL,0.003188847008598809
2022-23,old,ORL,MEM,0.010323275657820291
2022-23,old,ORL,MIA,0.015615283169675396
2022-23,old,ORL,MIL,0.0
2022-23,old,ORL,MIN,0.0
2022-23,old,ORL,NOP,0.0005280172852759153
2022-23,old,ORL,NYK,0.009806195853084431
2022-23,old,ORL,OKC,0.0048615301245068816
2022-23,old,ORL,PHI,0.0
2022-23,old,ORL,PHX,0.0
2022-23,old,ORL,POR,0.006582161815315278
2022-23,old,ORL,SAC,0.0049202587686736
2022-23,old,ORL,SAS,6.854505139628936e-06
2022-23,old,ORL,TOR,0.0017894072612015058
2022-23,old,ORL,UTA,0.00664877535114901
2022-23,old,ORL,WAS,0.013366214222023226
2022-23,old,PHI,ATL,0.017627200319701167
2022-23,old,PHI,BKN,0.00657916038729422
2022-23,old,PHI,BOS,0.0
2022-23,old,PHI,CHA,0.020505280744632502
2022-23,old,PHI,CHI,0.04908151981907551
2022-23,old,PHI,CLE,0.0001227534828474005
2022-23,old,PHI,DAL,0.015872603857698328
2022-23,old,PHI,DEN,0.0
2022-23,old,PHI,DET,6.261338053324694e-06
2022-23,old,PHI,GSW,0.010803698224085438
2022-23,old,PHI,HOU,0.007608566765557045
2022-23,old,PHI,IND,0.0198347684260905
2022-23,old,PHI,LAC,0.007204202615037753
2022-23,old,PHI,LAL,0.0139450430480667
2022-23,old,PHI,MEM,0.01384051706537634
2022-23,old,PHI,MIA,0.004322545539158704
2022-23,old,PHI,MIL,0.0
2022-23,old,PHI,MIN,0.0
2022-23,old,PHI,NOP,0.02297629307259019
2022-23,old,PHI,NYK,0.022547627845996194
2022-23,old,PHI,OKC,0.01599730622081552
2022-23,old,PHI,ORL,0.018742798575922693
2022-23,old,PHI,PHX,0.0
2022-23,old,PHI,POR,0.009569595053518773
2022-23,old,PHI,SAC,0.002843301934099012
2022-23,old,PHI,SAS,8.030568621951053e-06
2022-23,old,PHI,TOR,0.020624276330011022
2022-23,old,PHI,UTA,0.11640603434033407
2022-23,old,PHI,WAS,0.029686677465305074
2022-23,old,PHX,ATL,0.005580261027414595
2022-23,old,PHX,BKN,0.1560609990320146
2022-23,old,PHX,BOS,0.0
2022-23,old,PHX,CHA,0.004895252639200785
2022-23,old,PHX,CHI,0.003745973541538774
2022-23,old,PHX,CLE,2.3519821800127786e-06
2022-23,old,PHX,DAL,0.009703803781890522
2022-23,old,PHX,DEN,0.0
2022-23,old,PHX,DET,2.1038457782633022e-06
2022-23,old,PHX,GSW,0.013153639454052601
2022-23,old,PHX,HOU,0.05387661689537143
2022-23,old,PHX,IND,0.00500274312901997
2022-23,old,PHX,LAC,0.014271012948673415
2022-23,old,PHX,LAL,0.007718480667561004
2022-23,old,PHX,MEM,0.0019333712104904442
2022-23,old,PHX,MIA,0.015806005938668582
2022-23,old,PHX,MIL,0.0
2022-23,old,PHX,MIN,0.0
2022-23,old,PHX,NOP,0.020665948078807058
2022-23,old,PHX,NYK,0.012138461946334203
2022-23,old,PHX,OKC,0.016629040982084477
2022-23,old,PHX,ORL,0.0005640347300952048
2022-23,old,PHX,PHI,0.0
2022-23,old,PHX,POR,0.010229817339529941
2022-23,old,PHX,SAC,0.006732814868579971
2022-23,old,PHX,SAS,1.2071777063933831e-06
2022-23,old,PHX,TOR,0.00471594419726902
2022-23,old,PHX,UTA,0.01606679128940811
2022-23,old,PHX,WAS,0.001673846779548299
2022-23,old,POR,ATL,0.01581357880148879
2022-23,old,POR,BKN,0.014128698095912369
2022-23,old,POR,BOS,0.0
2022-23,old,POR,CHA,0.003658271051223605
2022-23,old,POR,CHI,0.1006749618927636
2022-23,old,POR,CLE,3.624778411354909e-05
2022-23,old,POR,DAL,0.04184456550829362
2022-23,old,POR,DEN,0.0
2022-23,old,POR,DET,0.0007002492661568072
2022-23,old,POR,GSW,0.027483229036240828
2022-23,old,POR,HOU,0.0767764005433479
2022-23,old,POR,IND,0.031784862734805186
2022-23,old,POR,LAC,0.0011481681271809441
2022-23,old,POR,LAL,0.039146012468123007
2022-23,old,POR,MEM,0.004030172676284977
2022-23,old,POR,MIA,0.014450858964033173
2022-23,old,POR,MIL,0.0
2022-23,old,POR,MIN,0.0
2022-23,old,POR,NOP,0.05768992408684552
2022-23,old,POR,NYK,0.014629940545161571
2022-23,old,POR,OKC,0.029449084157240575
2022-23,old,POR,ORL,0.019842732322274702
2022-23,old,POR,PHI,0.0
2022-23,old,POR,PHX,0.0
2022-23,old,POR,SAC,0.009879716174813764
2022-23,old,POR,SAS,0.0020243872276584558
2022-23,old,POR,TOR,0.01927981711765427
2022-23,old,POR,UTA,0.05864462153319569
2022-23,old,POR,WAS,0.027452970180656698
2022-23,old,SAC,ATL,0.010434014959659687
2022-23,old,SAC,BKN,0.016147694230621526
2022-23,old,SAC,BOS,0.0
2022-23,old,SAC,CHA,0.0016739030576613106
2022-23,old,SAC,CHI,0.011116639528361325
2022-23,old,SAC,CLE,1.175401455910938e-06
2022-23,old,SAC,DAL,0.009072336296130381
2022-23,old,SAC,DEN,0.0
2022-23,old,SAC,DET,2.311156500205127e-06
2022-23,old,SAC,GSW,0.0151313069009645
2022-23,old,SAC,HOU,0.021901131352943626
2022-23,old,SAC,IND,0.007694107589872828
2022-23,old,SAC,LAC,0.0005048491459155199
2022-23,old,SAC,LAL,0.044227370603736646
2022-23,old,SAC,MEM,0.0131696573361911
2022-23,old,SAC,MIA,0.006421735283094999
2022-23,old,SAC,MIL,0.0
2022-23,old,SAC,MIN,0.0
2022-23,old,SAC,NOP,0.011034752198189883
2022-23,old,SAC,NYK,0.022930085600834205
2022-23,old,SAC,OKC,0.01064170260624639
2022-23,old,SAC,ORL,0.0035246558018830593
2022-23,old,SAC,PHI,0.0
2022-23,old,SAC,PHX,0.0
2022-23,old,SAC,POR,0.01601515658831198
2022-23,old,SAC,SAS,3.13356760877169e-06
2022-23,old,SAC,TOR,0.013762569951997579
2022-23,old,SAC,UTA,0.029156552101583813
2022-23,old,SAC,WAS,0.005678358804683882
2022-23,old,SAS,ATL,0.00802213333150243
2022-23,old,SAS,BKN,0.011302529883805245
2022-23,old,SAS,BOS,0.0
2022-23,old,SAS,CHA,0.01986187781616605
2022-23,old,SAS,CHI,0.011396795724232927
2022-23,old,SAS,CLE,1.7538842438161592e-05
2022-23,old,SAS,DAL,0.002849451722560996
2022-23,old,SAS,DEN,0.0
2022-23,old,SAS,DET,0.0031684907880745387
2022-23,old,SAS,GSW,0.0021829243596989574
2022-23,old,SAS,HOU,0.006903017909779886
2022-23,old,SAS,IND,0.025815675729296824
2022-23,old,SAS,LAC,0.01127586207107705
2022-23,old,SAS,LAL,0.007958782563138561
2022-23,old,SAS,MEM,0.0008857758788006573
2022-23,old,SAS,MIA,0.0036140181490848674
2022-23,old,SAS,MIL,0.0
2022-23,old,SAS,MIN,0.0
2022-23,old,SAS,NOP,0.0263456360969877
2022-23,old,SAS,NYK,0.005354469491574345
2022-23,old,SAS,OKC,0.006373652967259064
2022-23,old,SAS,ORL,0.0032417921767120203
2022-23,old,SAS,PHI,0.0
2022-23,old,SAS,PHX,0.0
2022-23,old,SAS,POR,0.006497758871036517
2022-23,old,SAS,SAC,0.00030821965585288793
2022-23,old,SAS,TOR,0.011350191391163117
2022-23,old,SAS,UTA,0.06729430109739887
2022-23,old,SAS,WAS,0.007867237682573733
2022-23,old,TOR,ATL,0.05070885373632359
2022-23,old,TOR,BKN,0.011172467773151526
2022-23,old,TOR,BOS,0.0
2022-23,old,TOR,CHA,0.028342228644734152
2022-23,old,TOR,CHI,0.04215537099179089
2022-23,old,TOR,CLE,0.0001753618046990335
2022-23,old,TOR,DAL,0.04979628068806809
2022-23,old,TOR,DEN,0.0
2022-23,old,TOR,DET,7.877905391568183e-06
2022-23,old,TOR,GSW,0.0193042174338827
2022-23,old,TOR,HOU,0.011379040840587678
2022-23,old,TOR,IND,0.038950304818646954
2022-23,old,TOR,LAC,0.005093480624089916
2022-23,old,TOR,LAL,0.01895608805661925
2022-23,old,TOR,MEM,0.0060229058430059474
2022-23,old,TOR,MIA,0.012404527512338245
2022-23,old,TOR,MIL,0.0
2022-23,old,TOR,MIN,0.0
2022-23,old,TOR,NOP,0.05402720862937336
2022-23,old,TOR,NYK,0.16004148365167617
2022-23,old,TOR,OKC,0.02845123927359839
2022-23,old,TOR,ORL,0.017344763222433994
2022-23,old,TOR,PHI,0.0
2022-23,old,TOR,PHX,0.0
2022-23,old,TOR,POR,0.021954543900656997
2022-23,old,TOR,SAC,0.003615143778002379
2022-23,old,TOR,SAS,0.0008446808938992416
2022-23,old,TOR,UTA,0.09110272252020851
2022-23,old,TOR,WAS,0.08309040533560115
2022-23,old,UTA,ATL,0.008255942697693296
2022-23,old,UTA,BKN,0.004010008957997997
2022-23,old,UTA,BOS,0.0
2022-23,old,UTA,CHA,0.027084642057637637
2022-23,old,UTA,CHI,0.007105090723899232
2022-23,old,UTA,CLE,4.022265474330335e-10
2022-23,old,UTA,DAL,0.06865933609723225
2022-23,old,UTA,DEN,0.0
2022-23,old,UTA,DET,6.175226970373754e-06
2022-23,old,UTA,GSW,0.019873584674787982
2022-23,old,UTA,HOU,0.011112069020746278
2022-23,old,UTA,IND,0.027718869070432514
2022-23,old,UTA,LAC,0.0029399245679137655
2022-23,old,UTA,LAL,0.014095904992528033
2022-23,old,UTA,MEM,0.004578663704210315
2022-23,old,UTA,MIA,0.006258948583398749
2022-23,old,UTA,MIL,0.0
2022-23,old,UTA,MIN,0.0
2022-23,old,UTA,NOP,0.034362877246257376
2022-23,old,UTA,NYK,0.04854875464752383
2022-23,old,UTA,OKC,0.021001616568979007
2022-23,old,UTA,ORL,0.0037976947025925847
2022-23,old,UTA,PHI,0.0
2022-23,old,UTA,PHX,0.0
2022-23,old,UTA,POR,0.0038450574613837986
2022-23,old,UTA,SAC,0.0002931034529645896
2022-23,old,UTA,SAS,1.300121469477804e-05
2022-23,old,UTA,TOR,0.009651325865789318
2022-23,old,UTA,WAS,0.01842272989741385
2022-23,old,WAS,ATL,0.020355132192839822
2022-23,old,WAS,BKN,0.010684273167496228
2022-23,old,WAS,BOS,0.0
2022-23,old,WAS,CHA,0.018674761582707568
2022-23,old,WAS,CHI,0.04067665024779939
2022-23,old,WAS,CLE,0.00029936202149861567
2022-23,old,WAS,DAL,0.035743097930018945
2022-23,old,WAS,DEN,0.0
2022-23,old,WAS,DET,7.326852939125528e-06
2022-23,old,WAS,GSW,0.00697717792236267
2022-23,old,WAS,HOU,0.008591325393604946
2022-23,old,WAS,IND,0.020750428806655424
2022-23,old,WAS,LAC,0.0045366379558028445
2022-23,old,WAS,LAL,0.012184536541041376
2022-23,old,WAS,MEM,0.008906187027250026
2022-23,old,WAS,MIA,0.0075421736053930275
2022-23,old,WAS,MIL,0.0
2022-23,old,WAS,MIN,0.0
2022-23,old,WAS,NOP,0.02088981670801175
2022-23,old,WAS,NYK,0.2584701107017127
2022-23,old,WAS,OKC,0.014493534296132819
2022-23,old,WAS,ORL,0.02274805231483314
2022-23,old,WAS,PHI,0.0
2022-23,old,WAS,PHX,0.0
2022-23,old,WAS,POR,0.026441853881163407
2022-23,old,WAS,SAC,0.004460239158129023
2022-23,old,WAS,SAS,0.0010046103874610734
2022-23,old,WAS,TOR,0.019106624339942625
2022-23,old,WAS,UTA,0.07909741262719247
2023-24,new,ATL,BKN,0.0
2023-24,new,ATL,BOS,0.0
2023-24,new,ATL,CHA,4.06840231068261e-05
2023-24,new,ATL,CHI,0.0010872751707891985
2023-24,new,ATL,CLE,0.00712734293002328
2023-24,new,ATL,DAL,0.013940573013164911
2023-24,new,ATL,DEN,0.0007543103469150334
2023-24,new,ATL,DET,8.86056572135654e-06
2023-24,new,ATL,GSW,0.006843361185378212
2023-24,new,ATL,HOU,0.015233329148438848
2023-24,new,ATL,IND,0.0014524774928078097
2023-24,new,ATL,LAC,0.0
2023-24,new,ATL,LAL,0.0
2023-24,new,ATL,MEM,0.004891433313264158
2023-24,new,ATL,MIA,0.008184640398084296
2023-24,new,ATL,MIL,0.006913793178773005
2023-24,new,ATL,MIN,0.01036099148577015
2023-24,new,ATL,NOP,0.029189673036394734
2023-24,new,ATL,NYK,0.0027462114375524658
2023-24,new,ATL,OKC,0.0010325969983462308
2023-24,new,ATL,ORL,0.011725638365177102
2023-24,new,ATL,PHI,0.00803415200449034
2023-24,new,ATL,PHX,0.002672952637758812
2023-24,new,ATL,POR,0.0027860861613372423
2023-24,new,ATL,SAC,0.016773729185462726
2023-24,new,ATL,SAS,0.0030939758155171864
2023-24,new,ATL,TOR,0.004688175964361644
2023-24,new,ATL,UTA,0.008575431058536573
2023-24,new,ATL,WAS,0.033609644504312176
2023-24,new,BKN,ATL,0.01838591205094305
2023-24,new,BKN,BOS,0.0
2023-24,new,BKN,CHA,0.0010593724105362127
2023-24,new,BKN,CHI,0.004504396315973409
2023-24,new,BKN,CLE,0.008127286292531961
2023-24,new,BKN,DAL,9.947508474249684e-05
2023-24,new,BKN,DEN,0.00033943966159532803
2023-24,new,BKN,DET,0.00015385496898990582
2023-24,new,BKN,GSW,0.0002571405009992575
2023-24,new,BKN,HOU,0.030179650551642838
2023-24,new,BKN,IND,0.004307041433625983
2023-24,new,BKN,LAC,0.0
2023-24,new,BKN,LAL,0.0
2023-24,new,BKN,MEM,0.0002408405015815114
2023-24,new,BKN,MIA,0.01621706967760273
2023-24,new,BKN,MIL,0.0013044181165429926
2023-24,new,BKN,MIN,0.0020561099580580617
2023-24,new,BKN,NOP,0.016735772898212306
2023-24,new,BKN,NYK,0.022923845338179268
2023-24,new,BKN,OKC,0.0008116918009432866
2023-24,new,BKN,ORL,0.009593440140193922
2023-24,new,BKN,PHI,0.011946201278356793
2023-24,new,BKN,PHX,0.004799568984127636
2023-24,new,BKN,POR,0.0023392598464403716
2023-24,new,BKN,SAC,6.915450711561816e-05
2023-24,new,BKN,SAS,0.006668729211690665
2023-24,new,BKN,TOR,0.007915581418737749
2023-24,new,BKN,UTA,0.001924838406045857
2023-24,new,BKN,WAS,0.007938847004050583
2023-24,new,BOS,ATL,0.013012142975486245
2023-24,new,BOS,BKN,0.0
2023-24,new,BOS,CHA,8.44247768213595e-05
2023-24,new,BOS,CHI,0.00023847414077569977
2023-24,new,BOS,CLE,0.012615629677973878
2023-24,new,BOS,DAL,0.01780731175675333
2023-24,new,BOS,DEN,0.002378663681344639
2023-24,new,BOS,DET,6.195516947949226e-06
2023-24,new,BOS,GSW,0.012831680006182712
2023-24,new,BOS,HOU,0.001085930511794419
2023-24,new,BOS,IND,0.0039004278402246977
2023-24,new,BOS,LAC,0.0
2023-24,new,BOS,LAL,0.0
2023-24,new,BOS,MEM,0.005932112211273212
2023-24,new,BOS,MIA,0.010227106413244818
2023-24,new,BOS,MIL,0.01536314673155771
2023-24,new,BOS,MIN,0.004100330393279177
2023-24,new,BOS,NOP,0.04656178515485247
2023-24,new,BOS,NYK,0.009706887349071595
2023-24,new,BOS,OKC,0.00024811422915984715
2023-24,new,BOS,ORL,0.01271523043365266
2023-24,new,BOS,PHI,0.006517150215447233
2023-24,new,BOS,PHX,0.015015086263362
2023-24,new,BOS,POR,0.006697289175975343
2023-24,new,BOS,SAC,0.03400898748206925
2023-24,new,BOS,SAS,0.0004013315558493417
2023-24,new,BOS,TOR,0.008057293726294889
2023-24,new,BOS,UTA,0.0032922952745816324
2023-24,new,BOS,WAS,0.017143319035310238
2023-24,new,CHA,ATL,0.012179581023876174
2023-24,new,CHA,BKN,0.0
2023-24,new,CHA,BOS,0.0
2023-24,new,CHA,CHI,0.009669029417785545
2023-24,new,CHA,CLE,0.001710269971397355
2023-24,new,CHA,DAL,0.0022278569724844296
2023-24,new,CHA,DEN,0.00010040255053824914
2023-24,new,CHA,DET,0.0006374846394254717
2023-24,new,CHA,GSW,0.003078662847308993
2023-24,new,CHA,HOU,0.0027880409624474888
2023-24,new,CHA,IND,0.005223506835412841
2023-24,new,CHA,LAC,0.0
2023-24,new,CHA,LAL,0.0
2023-24,new,CHA,MEM,0.0008127693909196312
2023-24,new,CHA,MIA,0.015513455565144085
2023-24,new,CHA,MIL,0.0027209052329497606
2023-24,new,CHA,MIN,0.00020912715842706387
2023-24,new,CHA,NOP,0.019384798789734845
2023-24,new,CHA,NYK,0.033546631112862636
2023-24,new,CHA,OKC,0.008673491489407126
2023-24,new,CHA,ORL,0.012131825194293315
2023-24,new,CHA,PHI,0.011875206692601559
2023-24,new,CHA,PHX,0.006875538912276608
2023-24,new,CHA,POR,0.006279392573185331
2023-24,new,CHA,SAC,0.004287497438298748
2023-24,new,CHA,SAS,0.017457019590766044
2023-24,new,CHA,TOR,0.011897274625688459
2023-24,new,CHA,UTA,0.0020029633898079264
2023-24,new,CHA,WAS,0.007382273794701804
2023-24,new,CHI,ATL,0.003918119053388152
2023-24,new,CHI,BKN,0.0
2023-24,new,CHI,BOS,2.1551724459076748e-05
2023-24,new,CHI,CHA,0.00043345925116055126
2023-24,new,CHI,CLE,0.009596933773485632
2023-24,new,CHI,DAL,0.00021179975543151003
2023-24,new,CHI,DEN,0.004980603472313619
2023-24,new,CHI,DET,4.964399471765742e-05
2023-24,new,CHI,GSW,0.0022996440391185495
2023-24,new,CHI,HOU,0.00124034700906709
2023-24,new,CHI,IND,0.021829698816530345
2023-24,new,CHI,LAC,0.0
2023-24,new,CHI,LAL,0.0
2023-24,new,CHI,MEM,0.00041971980582055605
2023-24,new,CHI,MIA,0.016182675447989195
2023-24,new,CHI,MIL,0.004375808173730358
2023-24,new,CHI,MIN,0.00577823306695289
2023-24,new,CHI,NOP,0.009361923334136846
2023-24,new,CHI,NYK,0.01668009192151642
2023-24,new,CHI,OKC,0.002434536661442915
2023-24,new,CHI,ORL,0.010772090808411048
2023-24,new,CHI,PHI,0.038764022586273365
2023-24,new,CHI,PHX,0.004133351341588423
2023-24,new,CHI,POR,0.0020171816279180776
2023-24,new,CHI,SAC,0.00034874822839206596
2023-24,new,CHI,SAS,0.0018772203954769931
2023-24,new,CHI,TOR,0.045205410568339356
2023-24,new,CHI,UTA,0.0048356681698852955
2023-24,new,CHI,WAS,0.02289439658499885
2023-24,new,CLE,ATL,0.04964261767473763
2023-24,new,CLE,BKN,0.0
2023-24,new,CLE,BOS,0.00026185345225806893
2023-24,new,CLE,CHA,9.05900745520144e-05
2023-24,new,CLE,CHI,0.005633604068503103
2023-24,new,CLE,DAL,0.005708686366623709
2023-24,new,CLE,DEN,0.008195043099433957
2023-24,new,CLE,DET,6.265409171144963e-05
2023-24,new,CLE,GSW,0.008647370577742113
2023-24,new,CLE,HOU,0.0001327020560456574
2023-24,new,CLE,IND,0.005939428729795428
2023-24,new,CLE,LAC,0.0
2023-24,new,CLE,LAL,0.0
2023-24,new,CLE,MEM,0.0020843211977124403
2023-24,new,CLE,MIA,0.022663969195088028
2023-24,new,CLE,MIL,0.03160748942159037
2023-24,new,CLE,MIN,0.009733405418812945
2023-24,new,CLE,NOP,0.11250440441346653
2023-24,new,CLE,NYK,0.055112089645013795
2023-24,new,CLE,OKC,0.00014709052127978665
2023-24,new,CLE,ORL,0.01962419936017854
2023-24,new,CLE,PHI,0.011316267992915982
2023-24,new,CLE,PHX,0.02565840540457806
2023-24,new,CLE,POR,0.002819292101026511
2023-24,new,CLE,SAC,0.07295841020559155
2023-24,new,CLE,SAS,0.0027860481146910463
2023-24,new,CLE,TOR,0.015149531026201488
2023-24,new,CLE,UTA,0.009877155171044911
2023-24,new,CLE,WAS,0.022354795405328084
2023-24,new,DAL,ATL,0.07262716473078601
2023-24,new,DAL,BKN,0.0
2023-24,new,DAL,BOS,5.172413886235706e-05
2023-24,new,DAL,CHA,0.00029156291288508153
2023-24,new,DAL,CHI,0.00985069672646575
2023-24,new,DAL,CLE,0.016941618911382315
2023-24,new,DAL,DEN,0.0007093325633247237
2023-24,new,DAL,DET,5.034090526304941e-05
2023-24,new,DAL,GSW,0.03933180534945583
2023-24,new,DAL,HOU,0.00024772125176884954
2023-24,new,DAL,IND,7.234072857068036e-05
2023-24,new,DAL,LAC,0.0
2023-24,new,DAL,LAL,0.0
2023-24,new,DAL,MEM,0.013457974464660672
2023-24,new,DAL,MIA,0.013134902039084151
2023-24,new,DAL,MIL,0.00975969844168566
2023-24,new,DAL,MIN,0.004282974333460704
2023-24,new,DAL,NOP,0.10398367110366595
2023-24,new,DAL,NYK,0.12128058125062068
2023-24,new,DAL,OKC,0.004851831988339184
2023-24,new,DAL,ORL,0.0215810167729963
2023-24,new,DAL,PHI,0.01091634195737284
2023-24,new,DAL,PHX,0.06957596989772041
2023-24,new,DAL,POR,0.02330798877873191
2023-24,new,DAL,SAC,0.12561289093331282
2023-24,new,DAL,SAS,0.0010740286676417551
2023-24,new,DAL,TOR,0.027894835184587848
2023-24,new,DAL,UTA,0.006832974103865503
2023-24,new,DAL,WAS,0.03585937550662745
2023-24,new,DEN,ATL,0.019368108889849064
2023-24,new,DEN,BKN,0.0
2023-24,new,DEN,BOS,0.00031142241955766915
2023-24,new,DEN,CHA,0.002168969888112308
2023-24,new,DEN,CHI,0.004825354551261481
2023-24,new,DEN,CLE,0.013631693290598249
2023-24,new,DEN,DAL,0.01932459782590055
2023-24,new,DEN,DET,8.636508206139666e-05
2023-24,new,DEN,GSW,0.017384584471700288
2023-24,new,DEN,HOU,0.00016635134892800055
2023-24,new,DEN,IND,0.003028136563223339
2023-24,new,DEN,LAC,0.0
2023-24,new,DEN,LAL,0.0
2023-24,new,DEN,MEM,0.0067860992723104445
2023-24,new,DEN,MIA,0.005888732532437741
2023-24,new,DEN,MIL,0.011227909611048307
2023-24,new,DEN,MIN,0.041126292892985125
2023-24,new,DEN,NOP,0.03973138738611305
2023-24,new,DEN,NYK,0.01916668699586681
2023-24,new,DEN,OKC,0.0007079741452692143
2023-24,new,DEN,ORL,0.017510755640503837
2023-24,new,DEN,PHI,0.012033276546163792
2023-24,new,DEN,PHX,0.0161945043700137
2023-24,new,DEN,POR,0.006750541565620846
2023-24,new,DEN,SAC,0.03786143137375593
2023-24,new,DEN,SAS,0.0013540074047106658
2023-24,new,DEN,TOR,0.01124592782809509
2023-24,new,DEN,UTA,0.04385506468429633
2023-24,new,DEN,WAS,0.02356088375192987
2023-24,new,DET,ATL,0.018305068635040726
2023-24,new,DET,BKN,0.0
2023-24,new,DET,BOS,5.387931114769187e-06
2023-24,new,DET,CHA,0.0009580322744745871
2023-24,new,DET,CHI,0.01198974645476618
2023-24,new,DET,CLE,0.009378981771420922
2023-24,new,DET,DAL,0.0001461178062093452
2023-24,new,DET,DEN,0.0038378356121393157
2023-24,new,DET,GSW,0.00897193011138128
2023-24,new,DET,HOU,0.00030701102482561335
2023-24,new,DET,IND,0.007130519100529947
2023-24,new,DET,LAC,0.0
2023-24,new,DET,LAL,0.0
2023-24,new,DET,MEM,0.0016091056085384354
2023-24,new,DET,MIA,0.016608276961948307
2023-24,new,DET,MIL,0.009996767421794958
2023-24,new,DET,MIN,0.0025979849382372707
2023-24,new,DET,NOP,0.033199591744027264
2023-24,new,DET,NYK,0.039243276901486594
2023-24,new,DET,OKC,0.0005641163866726104
2023-24,new,DET,ORL,0.032974831005970776
2023-24,new,DET,PHI,0.029320094911595616
2023-24,new,DET,PHX,0.01898733843103902
2023-24,new,DET,POR,0.005089342030654163
2023-24,new,DET,SAC,0.011811435688087539
2023-24,new,DET,SAS,0.004175796636140039
2023-24,new,DET,TOR,0.043105872684130735
2023-24,new,DET,UTA,0.003177532324816326
2023-24,new,DET,WAS,0.012006465657533888
2023-24,new,GSW,ATL,0.04898190597523518
2023-24,new,GSW,BKN,0.0
2023-24,new,GSW,BOS,0.0
2023-24,new,GSW,CHA,0.0014820229127476322
2023-24,new,GSW,CHI,0.003697505251842931
2023-24,new,GSW,CLE,0.007108595967171906
2023-24,new,GSW,DAL,0.0323957600129731
2023-24,new,GSW,DEN,0.00020219001017307334
2023-24,new,GSW,DET,0.00017627132681066597
2023-24,new,GSW,HOU,0.0012408728598023021
2023-24,new,GSW,IND,0.00016925340366508474
2023-24,new,GSW,LAC,0.0
2023-24,new,GSW,LAL,0.0
2023-24,new,GSW,MEM,0.0037979526166474955
2023-24,new,GSW,MIA,0.004351706404216664
2023-24,new,GSW,MIL,0.005375538930850874
2023-24,new,GSW,MIN,7.503954222117722e-05
2023-24,new,GSW,NOP,0.1220057763744869
2023-24,new,GSW,NYK,0.05223679833114333
2023-24,new,GSW,OKC,0.006800107807503082
2023-24,new,GSW,ORL,0.0071918015035095945
2023-24,new,GSW,PHI,0.0030406694717031954
2023-24,new,GSW,PHX,0.025595905179707813
2023-24,new,GSW,POR,0.059693692293484535
2023-24,new,GSW,SAC,0.0949114517762292
2023-24,new,GSW,SAS,0.009222824560040468
2023-24,new,GSW,TOR,0.003373910824496121
2023-24,new,GSW,UTA,0.0036169181689860875
2023-24,new,GSW,WAS,0.012327855738273275
2023-24,new,HOU,ATL,0.00337962898607155
2023-24,new,HOU,BKN,0.0
2023-24,new,HOU,BOS,1.0775862229538386e-06
2023-24,new,HOU,CHA,0.0016329969737045045
2023-24,new,HOU,CHI,0.0016700260663384176
2023-24,new,HOU,CLE,0.0007126618721111165
2023-24,new,HOU,DAL,0.014982509879857027
2023-24,new,HOU,DEN,0.007920880867971486
2023-24,new,HOU,DET,0.0002895384166189897
2023-24,new,HOU,GSW,0.02702852941231256
2023-24,new,HOU,IND,0.004777202217980084
2023-24,new,HOU,LAC,0.0
2023-24,new,HOU,LAL,0.0
2023-24,new,HOU,MEM,0.0012863685446389916
2023-24,new,HOU,MIA,0.004297184635623024
2023-24,new,HOU,MIL,0.013122844953182281
2023-24,new,HOU,MIN,0.0002961211242780275
2023-24,new,HOU,NOP,0.004109071399823181
2023-24,new,HOU,NYK,0.0034662850094938713
2023-24,new,HOU,OKC,0.015826239303930595
2023-24,new,HOU,ORL,0.0020098801517296518
2023-24,new,HOU,PHI,0.012631606405857308
2023-24,new,HOU,PHX,0.00789143330863163
2023-24,new,HOU,POR,0.00859420472572142
2023-24,new,HOU,SAC,0.007856292226971524
2023-24,new,HOU,SAS,0.0019358527909856423
2023-24,new,HOU,TOR,0.006079935273489519
2023-24,new,HOU,UTA,0.007702855657151867
2023-24,new,HOU,WAS,0.003951239282614553
2023-24,new,IND,ATL,0.037374231952507025
2023-24,new,IND,BKN,0.0
2023-24,new,IND,BOS,0.0
2023-24,new,IND,CHA,0.00013498966386109638
2023-24,new,IND,CHI,0.026563516077317145
2023-24,new,IND,CLE,0.005774071011699483
2023-24,new,IND,DAL,0.023119491245076132
2023-24,new,IND,DEN,0.00045637007116526774
2023-24,new,IND,DET,1.2146981012236813e-05
2023-24,new,IND,GSW,0.015633259692510663
2023-24,new,IND,HOU,0.000903923677000262
2023-24,new,IND,LAC,0.0
2023-24,new,IND,LAL,0.0
2023-24,new,IND,MEM,0.004796336316603943
2023-24,new,IND,MIA,0.047290762293511486
2023-24,new,IND,MIL,0.009846983048462725
2023-24,new,IND,MIN,0.0005544505837925217
2023-24,new,IND,NOP,0.10148229056330013
2023-24,new,IND,NYK,0.03908259205543072
2023-24,new,IND,OKC,0.004245420383401857
2023-24,new,IND,ORL,0.032808384047225844
2023-24,new,IND,PHI,0.044872085089455144
2023-24,new,IND,PHX,0.035629310420963206
2023-24,new,IND,POR,0.005943068115616291
2023-24,new,IND,SAC,0.0713576269975338
2023-24,new,IND,SAS,0.004319459376163036
2023-24,new,IND,TOR,0.17118560339230451
2023-24,new,IND,UTA,0.0005528017280398515
2023-24,new,IND,WAS,0.04830414899855708
2023-24,new,LAC,ATL,0.03414249335880686
2023-24,new,LAC,BKN,0.0
2023-24,new,LAC,BOS,9.159482846935756e-05
2023-24,new,LAC,CHA,7.035413031773448e-05
2023-24,new,LAC,CHI,0.0023228628051919914
2023-24,new,LAC,CLE,0.017632814557405257
2023-24,new,LAC,DAL,0.006609863802859489
2023-24,new,LAC,DEN,0.0065810348225631005
2023-24,new,LAC,DET,5.916179023527404e-06
2023-24,new,LAC,GSW,0.005845478648152415
2023-24,new,LAC,HOU,0.004599620908029713
2023-24,new,LAC,IND,0.008720416342153411
2023-24,new,LAC,LAL,0.0
2023-24,new,LAC,MEM,0.002315732797965054
2023-24,new,LAC,MIA,0.02253097025680002
2023-24,new,LAC,MIL,0.03070581925735841
2023-24,new,LAC,MIN,0.009249138294298657
2023-24,new,LAC,NOP,0.048863439290061664
2023-24,new,LAC,NYK,0.010074699956225472
2023-24,new,LAC,OKC,0.008464709279219749
2023-24,new,LAC,ORL,0.007710726706578928
2023-24,new,LAC,PHI,0.030989845339313385
2023-24,new,LAC,PHX,0.016053879467292753
2023-24,new,LAC,POR,0.0017528521632926319
2023-24,new,LAC,SAC,0.00956364650778218
2023-24,new,LAC,SAS,0.00044681768180008266
2023-24,new,LAC,TOR,0.0392609559259298
2023-24,new,LAC,UTA,0.006282597081314225
2023-24,new,LAC,WAS,0.14512203724015152
2023-24,new,LAL,ATL,0.09336123679548104
2023-24,new,LAL,BKN,0.0
2023-24,new,LAL,BOS,0.0
2023-24,new,LAL,CHA,6.867983796114715e-05
2023-24,new,LAL,CHI,0.0005450533219584871
2023-24,new,LAL,CLE,0.0034266206935998043
2023-24,new,LAL,DAL,0.017908209539345146
2023-24,new,LAL,DEN,0.00019400021217100226
2023-24,new,LAL,DET,2.873731161754164e-05
2023-24,new,LAL,GSW,0.013468015064541244
2023-24,new,LAL,HOU,8.7123477859631e-05
2023-24,new,LAL,IND,0.0003291068508832005
2023-24,new,LAL,LAC,0.0
2023-24,new,LAL,MEM,0.007627963562805108
2023-24,new,LAL,MIA,0.014164769134111964
2023-24,new,LAL,MIL,0.008480872778434727
2023-24,new,LAL,MIN,0.00010129310503794719
2023-24,new,LAL,NOP,0.32256359909432614
2023-24,new,LAL,NYK,0.021584608953058096
2023-24,new,LAL,OKC,0.003081896631870065
2023-24,new,LAL,ORL,0.010863403276253958
2023-24,new,LAL,PHI,0.008223809481375919
2023-24,new,LAL,PHX,0.04328205809414643
2023-24,new,LAL,POR,0.010480913824236108
2023-24,new,LAL,SAC,0.15902994940652884
2023-24,new,LAL,SAS,0.00019664401468108493
2023-24,new,LAL,TOR,0.030568465144980635
2023-24,new,LAL,UTA,0.0010024245999801647
2023-24,new,LAL,WAS,0.015533135897752931
2023-24,new,MEM,ATL,0.003614173836204398
2023-24,new,MEM,BKN,0.0
2023-24,new,MEM,BOS,2.155172445907675e-06
2023-24,new,MEM,CHA,2.0161659628129325e-05
2023-24,new,MEM,CHI,0.0021525178127551068
2023-24,new,MEM,CLE,0.0010327645949593915
2023-24,new,MEM,DAL,6.418295078422727e-05
2023-24,new,MEM,DEN,1.215941986056977e-08
2023-24,new,MEM,DET,0.00018312608282375844
2023-24,new,MEM,GSW,0.00023460778268588058
2023-24,new,MEM,HOU,0.003796092487395482
2023-24,new,MEM,IND,0.0031501012033539606
2023-24,new,MEM,LAC,0.0
2023-24,new,MEM,LAL,0.0
2023-24,new,MEM,MIA,0.009470347221483119
2023-24,new,MEM,MIL,0.0005369073381559155
2023-24,new,MEM,MIN,0.00467241378019339
2023-24,new,MEM,NOP,0.0009432545857613806
2023-24,new,MEM,NYK,0.005468622013298126
2023-24,new,MEM,OKC,0.001189655162442219
2023-24,new,MEM,ORL,0.008853930191153127
2023-24,new,MEM,PHI,5.277151892468035e-05
2023-24,new,MEM,PHX,0.00029903018638363166
2023-24,new,MEM,POR,0.0002579154630544462
2023-24,new,MEM,SAC,6.580685485457284e-05
2023-24,new,MEM,SAS,0.004371659755555702
2023-24,new,MEM,TOR,0.007471692030918763
2023-24,new,MEM,UTA,0.007366109972715314
2023-24,new,MEM,WAS,0.0017101293030106623
2023-24,new,MIA,ATL,0.01884233772481821
2023-24,new,MIA,BKN,0.0
2023-24,new,MIA,BOS,5.0646552799976085e-05
2023-24,new,MIA,CHA,0.00048081787738077516
2023-24,new,MIA,CHI,0.010346083944418322
2023-24,new,MIA,CLE,0.008805534727679008
2023-24,new,MIA,DAL,0.006710538908223421
2023-24,new,MIA,DEN,0.0005215524451266212
2023-24,new,MIA,DET,1.5678154381852247e-05
2023-24,new,MIA,GSW,0.003076251671951656
2023-24,new,MIA,HOU,0.0001273168966309476
2023-24,new,MIA,IND,0.017011101783136837
2023-24,new,MIA,LAC,0.0
2023-24,new,MIA,LAL,0.0
2023-24,new,MIA,MEM,0.0005759698434748911
2023-24,new,MIA,MIL,0.0037133621223720496
2023-24,new,MIA,MIN,0.004482567871896679
2023-24,new,MIA,NOP,0.02348279686788342
2023-24,new,MIA,NYK,0.026849544657575133
2023-24,new,MIA,OKC,0.0004889547557706528
2023-24,new,MIA,ORL,0.02862207563488292
2023-24,new,MIA,PHI,0.039000715142992484
2023-24,new,MIA,PHX,0.012448814574163407
2023-24,new,MIA,POR,0.003419312518201462
2023-24,new,MIA,SAC,7.628321272148179e-05
2023-24,new,MIA,SAS,0.00288572049342992
2023-24,new,MIA,TOR,0.03133112256598467
2023-24,new,MIA,UTA,0.005526400918787312
2023-24,new,MIA,WAS,0.005033674612561048
2023-24,new,MIL,ATL,0.007896627941643235
2023-24,new,MIL,BKN,0.0
2023-24,new,MIL,BOS,5.387931114769187e-06
2023-24,new,MIL,CHA,1.590810113946642e-05
2023-24,new,MIL,CHI,5.872569651426698e-05
2023-24,new,MIL,CLE,0.01535561652076812
2023-24,new,MIL,DAL,0.01662751653571765
2023-24,new,MIL,DEN,0.002772629326209426
2023-24,new,MIL,DET,1.5827458786371402e-06
2023-24,new,MIL,GSW,0.0066103984205098
2023-24,new,MIL,HOU,0.0023277746289296877
2023-24,new,MIL,IND,0.0033363616843267857
2023-24,new,MIL,LAC,0.0
2023-24,new,MIL,LAL,0.0
2023-24,new,MIL,MEM,0.004531250070250624
2023-24,new,MIL,MIA,0.0028810175661082293
2023-24,new,MIL,MIN,0.005412715643419531
2023-24,new,MIL,NOP,0.03607699993477575
2023-24,new,MIL,NYK,0.014371251353221485
2023-24,new,MIL,OKC,0.00022737069278232883
2023-24,new,MIL,ORL,0.006038665457870426
2023-24,new,MIL,PHI,0.005659572646425927
2023-24,new,MIL,PHX,0.0023978987342180235
2023-24,new,MIL,POR,0.002449419877018996
2023-24,new,MIL,SAC,0.019698052123222235
2023-24,new,MIL,SAS,0.000259924295986924
2023-24,new,MIL,TOR,0.0029457085811040594
2023-24,new,MIL,UTA,0.0037761314786521004
2023-24,new,MIL,WAS,0.02346821113088136
2023-24,new,MIN,ATL,0.01380044809565971
2023-24,new,MIN,BKN,0.0
2023-24,new,MIN,BOS,0.00014008620922485813
2023-24,new,MIN,CHA,0.00013148771729815141
2023-24,new,MIN,CHI,0.0001929914725301946
2023-24,new,MIN,CLE,0.0018196066047927405
2023-24,new,MIN,DAL,0.010741047846885255
2023-24,new,MIN,DEN,0.00990883608177808
2023-24,new,MIN,DET,5.8438664889191114e-05
2023-24,new,MIN,GSW,0.011815762638098339
2023-24,new,MIN,HOU,1.5755380083983886e-07
2023-24,new,MIN,IND,2.739742130227663e-05
2023-24,new,MIN,LAC,0.0
2023-24,new,MIN,LAL,0.0
2023-24,new,MIN,MEM,0.0011064116265785333
2023-24,new,MIN,MIA,0.0025172505800019817
2023-24,new,MIN,MIL,0.0012753232567699565
2023-24,new,MIN,NOP,0.01933213140290122
2023-24,new,MIN,NYK,0.0017569024277504582
2023-24,new,MIN,OKC,0.0033911638102164985
2023-24,new,MIN,ORL,0.0025235558881724273
2023-24,new,MIN,PHI,0.0016259339228536938
2023-24,new,MIN,PHX,0.007950430986981293
2023-24,new,MIN,POR,0.005452723754233609
2023-24,new,MIN,SAC,0.0013798659536936263
2023-24,new,MIN,SAS,0.0003858099020805309
2023-24,new,MIN,TOR,0.0023307569700400854
2023-24,new,MIN,UTA,0.011879579781650983
2023-24,new,MIN,WAS,0.0020177802508335625
2023-24,new,NOP,ATL,0.061702636561245014
2023-24,new,NOP,BKN,0.0
2023-24,new,NOP,BOS,1.0775862229538386e-06
2023-24,new,NOP,CHA,1.8156257120012768e-05
2023-24,new,NOP,CHI,0.004584885390626563
2023-24,new,NOP,CLE,0.012630697412058496
2023-24,new,NOP,DAL,0.0449948512615359
2023-24,new,NOP,DEN,0.0025652774224253646
2023-24,new,NOP,DET,9.38744747339934e-06
2023-24,new,NOP,GSW,0.024786397029592202
2023-24,new,NOP,HOU,0.0011042108395521032
2023-24,new,NOP,IND,0.00027509973971436447
2023-24,new,NOP,LAC,0.0
2023-24,new,NOP,LAL,0.0
2023-24,new,NOP,MEM,0.00331330826110608
2023-24,new,NOP,MIA,0.014236947103663865
2023-24,new,NOP,MIL,0.03666190761087286
2023-24,new,NOP,MIN,0.0021706902598741403
2023-24,new,NOP,NYK,0.023796429686156
2023-24,new,NOP,OKC,0.001282327594837688
2023-24,new,NOP,ORL,0.009796303560166359
2023-24,new,NOP,PHI,0.0176300040170849
2023-24,new,NOP,PHX,0.044685883844443934
2023-24,new,NOP,POR,0.008578532050229458
2023-24,new,NOP,SAC,0.025517516318565695
2023-24,new,NOP,SAS,0.004752322326053921
2023-24,new,NOP,TOR,0.037507329614566244
2023-24,new,NOP,UTA,0.0014323814768657283
2023-24,new,NOP,WAS,0.011666487286164394
2023-24,new,NYK,ATL,0.016660531276725198
2023-24,new,NYK,BKN,0.0
2023-24,new,NYK,BOS,5.387931114769187e-06
2023-24,new,NYK,CHA,0.001851690284682986
2023-24,new,NYK,CHI,0.006542634679161028
2023-24,new,NYK,CLE,0.035391879049997264
2023-24,new,NYK,DAL,4.8403932164546857e-05
2023-24,new,NYK,DEN,0.0018394396932602955
2023-24,new,NYK,DET,6.950657726551507e-05
2023-24,new,NYK,GSW,0.0004122351620796884
2023-24,new,NYK,HOU,0.005270956247328159
2023-24,new,NYK,IND,0.0083870129870563
2023-24,new,NYK,LAC,0.0
2023-24,new,NYK,LAL,0.0
2023-24,new,NYK,MEM,0.00019181034537754847
2023-24,new,NYK,MIA,0.01957004520034849
2023-24,new,NYK,MIL,0.021084321456286925
2023-24,new,NYK,MIN,0.004311422421677231
2023-24,new,NYK,NOP,0.041191504959408105
2023-24,new,NYK,OKC,0.00018938579496221032
2023-24,new,NYK,ORL,0.03600929791601461
2023-24,new,NYK,PHI,0.01969432321921769
2023-24,new,NYK,PHX,0.021882004394870383
2023-24,new,NYK,POR,0.0032282326651497427
2023-24,new,NYK,SAC,0.00013603438992473016
2023-24,new,NYK,SAS,0.003331203026245616
2023-24,new,NYK,TOR,0.022042266462935643
2023-24,new,NYK,UTA,0.006265355552996285
2023-24,new,NYK,WAS,0.014426455027484016
2023-24,new,OKC,ATL,0.008970063216380138
2023-24,new,OKC,BKN,0.0
2023-24,new,OKC,BOS,7.758620757095768e-05
2023-24,new,OKC,CHA,1.0444971787574656e-05
2023-24,new,OKC,CHI,0.0009885911115224758
2023-24,new,OKC,CLE,0.0033334666484404626
2023-24,new,OKC,DAL,0.011694870085115765
2023-24,new,OKC,DEN,0.013234051966619201
2023-24,new,OKC,DET,2.207556668334464e-06
2023-24,new,OKC,GSW,0.0025521363280884167
2023-24,new,OKC,HOU,1.1436316736195431e-05
2023-24,new,OKC,IND,0.001209513964870674
2023-24,new,OKC,LAC,0.0
2023-24,new,OKC,LAL,0.0
2023-24,new,OKC,MEM,0.00627289880291912
2023-24,new,OKC,MIA,0.0059793649176038115
2023-24,new,OKC,MIL,0.0007058189362929813
2023-24,new,OKC,MIN,0.013301088533332627
2023-24,new,OKC,NOP,0.03544817712251391
2023-24,new,OKC,NYK,0.0040464172686188234
2023-24,new,OKC,ORL,0.007818653820346542
2023-24,new,OKC,PHI,0.00037507235624204195
2023-24,new,OKC,PHX,0.00016648706024641112
2023-24,new,OKC,POR,0.00047284092325387025
2023-24,new,OKC,SAC,0.02418183599162721
2023-24,new,OKC,SAS,2.2945349251131116e-05
2023-24,new,OKC,TOR,0.00385532315951566
2023-24,new,OKC,UTA,0.0281664868616218
2023-24,new,OKC,WAS,0.00952182105146268
2023-24,new,ORL,ATL,0.013617858085883807
2023-24,new,ORL,BKN,0.0
2023-24,new,ORL,BOS,0.00025646552114329973
2023-24,new,ORL,CHA,4.2974434112975677e-07
2023-24,new,ORL,CHI,0.0033624897439850114
2023-24,new,ORL,CLE,0.00884321424473757
2023-24,new,ORL,DAL,0.005397806225332008
2023-24,new,ORL,DEN,0.0030474137509209588
2023-24,new,ORL,DET,5.2704289937831436e-05
2023-24,new,ORL,GSW,0.000756702270619857
2023-24,new,ORL,HOU,0.004260988843977845
2023-24,new,ORL,IND,0.005864461044516326
2023-24,new,ORL,LAC,0.0
2023-24,new,ORL,LAL,0.0
2023-24,new,ORL,MEM,0.000711206904520152
2023-24,new,ORL,MIA,0.04135736232908835
2023-24,new,ORL,MIL,0.015419450528891602
2023-24,new,ORL,MIN,0.00442887938019402
2023-24,new,ORL,NOP,0.023265642166420387
2023-24,new,ORL,NYK,0.031528357703640104
2023-24,new,ORL,OKC,0.0034143320189845144
2023-24,new,ORL,PHI,0.04049136064427801
2023-24,new,ORL,PHX,0.011124192030622686
2023-24,new,ORL,POR,0.00347997761348459
2023-24,new,ORL,SAC,0.0055389247936276365
2023-24,new,ORL,SAS,0.0021952205650817925
2023-24,new,ORL,TOR,0.01816113907839145
2023-24,new,ORL,UTA,0.004278556034269999
2023-24,new,ORL,WAS,0.04990005407010703
2023-24,new,PHI,ATL,0.013069717424972791
2023-24,new,PHI,BKN,0.0
2023-24,new,PHI,BOS,0.0
2023-24,new,PHI,CHA,6.9017802717384855e-06
2023-24,new,PHI,CHI,0.01858684224663506
2023-24,new,PHI,CLE,0.004310013204611881
2023-24,new,PHI,DAL,0.015491193236029946
2023-24,new,PHI,DEN,0.0089903017159166
2023-24,new,PHI,DET,4.4900177813919297e-05
2023-24,new,PHI,GSW,0.0011146704809013534
2023-24,new,PHI,HOU,0.006800897847846793
2023-24,new,PHI,IND,0.018501586115904845
2023-24,new,PHI,LAC,0.0
2023-24,new,PHI,LAL,0.0
2023-24,new,PHI,MEM,0.001323545287294988
2023-24,new,PHI,MIA,0.044339184760730996
2023-24,new,PHI,MIL,0.005102909529172205
2023-24,new,PHI,MIN,0.00702586207522786
2023-24,new,PHI,NOP,0.030029928137409765
2023-24,new,PHI,NYK,0.03642139462801122
2023-24,new,PHI,OKC,0.0014380388068043275
2023-24,new,PHI,ORL,0.03109317664691522
2023-24,new,PHI,PHX,0.016372305893836994
2023-24,new,PHI,POR,0.0028078114985862802
2023-24,new,PHI,SAC,3.2320290622713804e-05
2023-24,new,PHI,SAS,0.0026585857297480933
2023-24,new,PHI,TOR,0.024765446878193372
2023-24,new,PHI,UTA,0.016449353449560448
2023-24,new,PHI,WAS,0.010651131601450193
2023-24,new,PHX,ATL,0.034469588294560996
2023-24,new,PHX,BKN,0.0
2023-24,new,PHX,BOS,5.280172492473804e-05
2023-24,new,PHX,CHA,0.0012683723694845467
2023-24,new,PHX,CHI,0.0006732941956258044
2023-24,new,PHX,CLE,0.012521732301026576
2023-24,new,PHX,DAL,0.09243358258360691
2023-24,new,PHX,DEN,0.0064854097072815555
2023-24,new,PHX,DET,3.536883488066151e-05
2023-24,new,PHX,GSW,0.0350110132745321
2023-24,new,PHX,HOU,0.0014887400783516547
2023-24,new,PHX,IND,6.493724791802192e-05
2023-24,new,PHX,LAC,0.0
2023-24,new,PHX,LAL,0.0
2023-24,new,PHX,MEM,0.03596875062427114
2023-24,new,PHX,MIA,0.010788967700853067
2023-24,new,PHX,MIL,0.004449353509036632
2023-24,new,PHX,MIN,0.012488703428173504
2023-24,new,PHX,NOP,0.1423779528549282
2023-24,new,PHX,NYK,0.017050279812334486
2023-24,new,PHX,OKC,0.0015856681387582472
2023-24,new,PHX,ORL,0.01488627438087268
2023-24,new,PHX,PHI,0.006376648650125072
2023-24,new,PHX,POR,0.010460884565264157
2023-24,new,PHX,SAC,0.11663179255885303
2023-24,new,PHX,SAS,4.366743412158866e-05
2023-24,new,PHX,TOR,0.00782126047330346
2023-24,new,PHX,UTA,0.019956626984198443
2023-24,new,PHX,WAS,0.07314978419823154
2023-24,new,POR,ATL,0.026126203335253912
2023-24,new,POR,BKN,0.0
2023-24,new,POR,BOS,0.0
2023-24,new,POR,CHA,0.0007222578817114265
2023-24,new,POR,CHI,0.006878372032040534
2023-24,new,POR,CLE,0.0015505455720141903
2023-24,new,POR,DAL,0.0004677862308035857
2023-24,new,POR,DEN,1.215941986056977e-08
2023-24,new,POR,DET,0.00016491456385934054
2023-24,new,POR,GSW,0.00866886063916826
2023-24,new,POR,HOU,0.003828730939579173
2023-24,new,POR,IND,0.004941737990959256
2023-24,new,POR,LAC,0.0
2023-24,new,POR,LAL,0.0
2023-24,new,POR,MEM,0.0004453125395731806
2023-24,new,POR,MIA,0.0004787052042458964
2023-24,new,POR,MIL,5.387931114769184e-06
2023-24,new,POR,MIN,0.0
2023-24,new,POR,NOP,0.03601809895665108
2023-24,new,POR,NYK,0.0022401782379773234
2023-24,new,POR,OKC,0.005139547461334712
2023-24,new,POR,ORL,0.004710547461564985
2023-24,new,POR,PHI,0.007832638097504029
2023-24,new,POR,PHX,0.0017365302115574413
2023-24,new,POR,SAC,0.04637687542882833
2023-24,new,POR,SAS,0.00554251150810881
2023-24,new,POR,TOR,0.011202679757767618
2023-24,new,POR,UTA,0.0006570582062704489
2023-24,new,POR,WAS,0.0015134698566017224
2023-24,new,SAC,ATL,0.16297754292372857
2023-24,new,SAC,BKN,0.0
2023-24,new,SAC,BOS,0.00013900862300190428
2023-24,new,SAC,CHA,0.0007264688762382153
2023-24,new,SAC,CHI,0.0051488123437909705
2023-24,new,SAC,CLE,0.01808801456016286
2023-24,new,SAC,DAL,0.068817115237376
2023-24,new,SAC,DEN,0.0058266614288347875
2023-24,new,SAC,DET,2.0697661244600757e-05
2023-24,new,SAC,GSW,0.037089206019312496
2023-24,new,SAC,HOU,9.250755022537523e-05
2023-24,new,SAC,IND,0.006367593388880988
2023-24,new,SAC,LAC,0.0
2023-24,new,SAC,LAL,0.0
2023-24,new,SAC,MEM,0.008787446261006245
2023-24,new,SAC,MIA,0.017110840046859414
2023-24,new,SAC,MIL,0.016248114371094212
2023-24,new,SAC,MIN,0.001078904655988826
2023-24,new,SAC,NOP,0.16691546226027887
2023-24,new,SAC,NYK,0.06184903644358967
2023-24,new,SAC,OKC,0.0031123384373093923
2023-24,new,SAC,ORL,0.01873255617271593
2023-24,new,SAC,PHI,0.011690027475201458
2023-24,new,SAC,PHX,0.07560775841130668
2023-24,new,SAC,POR,0.008430072416248668
2023-24,new,SAC,SAS,0.0002408752492629712
2023-24,new,SAC,TOR,0.017512232727343886
2023-24,new,SAC,UTA,0.0049897629618725
2023-24,new,SAC,WAS,0.0385608841957131
2023-24,new,SAS,ATL,0.030550883780638548
2023-24,new,SAS,BKN,0.0
2023-24,new,SAS,BOS,0.0
2023-24,new,SAS,CHA,0.008724992622878281
2023-24,new,SAS,CHI,0.007222344510130869
2023-24,new,SAS,CLE,0.00926603404022558
2023-24,new,SAS,DAL,0.04348357954526667
2023-24,new,SAS,DEN,0.0012842039411336845
2023-24,new,SAS,DET,0.0002223700258544121
2023-24,new,SAS,GSW,0.007029373351768238
2023-24,new,SAS,HOU,0.005472515480230197
2023-24,new,SAS,IND,0.0004429364564432764
2023-24,new,SAS,LAC,0.0
2023-24,new,SAS,LAL,0.0
2023-24,new,SAS,MEM,0.0075748922487977755
2023-24,new,SAS,MIA,0.005884000161527244
2023-24,new,SAS,MIL,0.005877424667966711
2023-24,new,SAS,MIN,0.006878703819949868
2023-24,new,SAS,NOP,0.06273302729735263
2023-24,new,SAS,NYK,0.010706270715314175
2023-24,new,SAS,OKC,0.0019154095644701333
2023-24,new,SAS,ORL,0.010862181173179943
2023-24,new,SAS,PHI,0.004083046229652339
2023-24,new,SAS,PHX,0.018252693973160514
2023-24,new,SAS,POR,0.020085670486898778
2023-24,new,SAS,SAC,0.03201609836811299
2023-24,new,SAS,TOR,0.005022117002419003
2023-24,new,SAS,UTA,0.010239224242596438
2023-24,new,SAS,WAS,0.01691082978303994
2023-24,new,TOR,ATL,0.04387627679613948
2023-24,new,TOR,BKN,0.0
2023-24,new,TOR,BOS,0.0
2023-24,new,TOR,CHA,0.00023013218151935009
2023-24,new,TOR,CHI,0.005898779103121705
2023-24,new,TOR,CLE,0.005409888483050983
2023-24,new,TOR,DAL,0.023706713799074196
2023-24,new,TOR,DEN,0.00022047428472684138
2023-24,new,TOR,DET,3.185930818129488e-05
2023-24,new,TOR,GSW,0.007323339924797695
2023-24,new,TOR,HOU,0.008948101532904821
2023-24,new,TOR,IND,0.0008386058283193753
2023-24,new,TOR,LAC,0.0
2023-24,new,TOR,LAL,0.0
2023-24,new,TOR,MEM,0.004155172570508198
2023-24,new,TOR,MIA,0.01902717772686607
2023-24,new,TOR,MIL,0.003823545335767919
2023-24,new,TOR,MIN,0.0003545258673518126
2023-24,new,TOR,NOP,0.07997552501400432
2023-24,new,TOR,NYK,0.021094808846689034
2023-24,new,TOR,OKC,0.0014552802153549897
2023-24,new,TOR,ORL,0.014341392542219004
2023-24,new,TOR,PHI,0.01862091784700886
2023-24,new,TOR,PHX,0.03210075422129914
2023-24,new,TOR,POR,0.024052685139933708
2023-24,new,TOR,SAC,0.06749210478599457
2023-24,new,TOR,SAS,0.016059324171810132
2023-24,new,TOR,UTA,0.0009350754510498896
2023-24,new,TOR,WAS,0.011487607917435274
2023-24,new,UTA,ATL,0.013795215350168078
2023-24,new,UTA,BKN,0.0
2023-24,new,UTA,BOS,0.00011314655405244439
2023-24,new,UTA,CHA,0.00019330003413408042
2023-24,new,UTA,CHI,0.00043697301863510426
2023-24,new,UTA,CLE,0.008404547907899091
2023-24,new,UTA,DAL,0.001142119397500604
2023-24,new,UTA,DEN,1.2646180264960887e-06
2023-24,new,UTA,DET,0.0001578547715056716
2023-24,new,UTA,GSW,0.017182263856870876
2023-24,new,UTA,HOU,6.603624740544309e-05
2023-24,new,UTA,IND,0.0004158401601877304
2023-24,new,UTA,LAC,0.0
2023-24,new,UTA,LAL,0.0
2023-24,new,UTA,MEM,0.002307920364285658
2023-24,new,UTA,MIA,0.0068685393228475385
2023-24,new,UTA,MIL,0.003750538827714928
2023-24,new,UTA,MIN,0.004289870700670471
2023-24,new,UTA,NOP,0.036359303216882556
2023-24,new,UTA,NYK,0.03340931943454957
2023-24,new,UTA,OKC,0.01021901949489457
2023-24,new,UTA,ORL,0.01402779284979357
2023-24,new,UTA,PHI,0.002454239879160464
2023-24,new,UTA,PHX,0.02690678886360697
2023-24,new,UTA,POR,0.005935177519941341
2023-24,new,UTA,SAC,0.04361055406969017
2023-24,new,UTA,SAS,0.0027094512121547247
2023-24,new,UTA,TOR,0.007835263020735844
2023-24,new,UTA,WAS,0.017450700644483983
2023-24,new,WAS,ATL,0.0034409438020440407
2023-24,new,WAS,BKN,0.0
2023-24,new,WAS,BOS,4.094827647224583e-05
2023-24,new,WAS,CHA,0.000952827400523603
2023-24,new,WAS,CHI,0.0006936354065431198
2023-24,new,WAS,CLE,0.011623958563319077
2023-24,new,WAS,DAL,0.015472411508052319
2023-24,new,WAS,DEN,0.002810344856457206
2023-24,new,WAS,DET,3.3817927338548844e-05
2023-24,new,WAS,GSW,0.003942314555647779
2023-24,new,WAS,HOU,3.775745482053153e-05
2023-24,new,WAS,IND,0.0013463506244460865
2023-24,new,WAS,LAC,0.0
2023-24,new,WAS,LAL,0.0
2023-24,new,WAS,MEM,0.0018122306659793606
2023-24,new,WAS,MIA,0.004204375775279969
2023-24,new,WAS,MIL,0.008098599186913785
2023-24,new,WAS,MIN,0.004354525910497739
2023-24,new,WAS,NOP,0.017263529508868204
2023-24,new,WAS,NYK,0.02190657540991032
2023-24,new,WAS,OKC,0.0012572737424513967
2023-24,new,WAS,ORL,0.006544247601193634
2023-24,new,WAS,PHI,0.005017851965269539
2023-24,new,WAS,PHX,0.013067349100280713
2023-24,new,WAS,POR,0.001441304871616486
2023-24,new,WAS,SAC,0.0022707533824898006
2023-24,new,WAS,SAS,0.0038262510401977055
2023-24,new,WAS,TOR,0.0028073983766248403
2023-24,new,WAS,UTA,0.005027747896584232
2023-24,old,ATL,BKN,0.0
2023-24,old,ATL,BOS,0.0
2023-24,old,ATL,CHA,0.0013688945155304834
2023-24,old,ATL,CHI,0.012394704371402325
2023-24,old,ATL,CLE,0.0072521769248619
2023-24,old,ATL,DAL,0.0006164936511745262
2023-24,old,ATL,DEN,0.0007543103469150334
2023-24,old,ATL,DET,2.012132499407296e-05
2023-24,old,ATL,GSW,0.0012605189481234556
2023-24,old,ATL,HOU,0.0362563917934873
2023-24,old,ATL,IND,0.00018449373659153544
2023-24,old,ATL,LAC,0.0
2023-24,old,ATL,LAL,0.0
2023-24,old,ATL,MEM,0.0011355065136690267
2023-24,old,ATL,MIA,0.008584361350930122
2023-24,old,ATL,MIL,0.006904094896584366
2023-24,old,ATL,MIN,0.010362069042745423
2023-24,old,ATL,NOP,0.0190607186060942
2023-24,old,ATL,NYK,0.011106917325447354
2023-24,old,ATL,OKC,0.06850323234793151
2023-24,old,ATL,ORL,0.010011771646741429
2023-24,old,ATL,PHI,0.0075727681403245945
2023-24,old,ATL,PHX,0.0031810345272894874
2023-24,old,ATL,POR,0.005241646551497694
2023-24,old,ATL,SAC,0.00946098680747657
2023-24,old,ATL,SAS,0.001980013421470476
2023-24,old,ATL,TOR,0.0063342722561349225
2023-24,old,ATL,UTA,0.09098572215280128
2023-24,old,ATL,WAS,0.024887931098386742
2023-24,old,BKN,ATL,0.021731179629604087
2023-24,old,BKN,BOS,0.0
2023-24,old,BKN,CHA,0.0015050144591563961
2023-24,old,BKN,CHI,0.002474955737533042
2023-24,old,BKN,CLE,0.00790611046328043
2023-24,old,BKN,DAL,0.00020212799073126734
2023-24,old,BKN,DEN,0.0003394404360520484
2023-24,old,BKN,DET,0.0010037942480901792
2023-24,old,BKN,GSW,0.0006677863508122855
2023-24,old,BKN,HOU,0.10598856612900238
2023-24,old,BKN,IND,0.0005258741779773106
2023-24,old,BKN,LAC,0.0
2023-24,old,BKN,LAL,0.0
2023-24,old,BKN,MEM,0.010465517473077918
2023-24,old,BKN,MIA,0.010681996039929862
2023-24,old,BKN,MIL,0.0012920258742564455
2023-24,old,BKN,MIN,0.0020560345332345234
2023-24,old,BKN,NOP,0.019812349120827136
2023-24,old,BKN,NYK,0.0206476516020104
2023-24,old,BKN,OKC,0.03932192872920683
2023-24,old,BKN,ORL,0.007160134010114045
2023-24,old,BKN,PHI,0.006989702705102052
2023-24,old,BKN,PHX,0.0067222522343067335
2023-24,old,BKN,POR,0.006917970478621963
2023-24,old,BKN,SAC,0.00020494196368379383
2023-24,old,BKN,SAS,0.05659262986912772
2023-24,old,BKN,TOR,0.019347580035609945
2023-24,old,BKN,UTA,0.06713604521146845
2023-24,old,BKN,WAS,0.008714978406005054
2023-24,old,BOS,ATL,0.014424583258320897
2023-24,old,BOS,BKN,0.0
2023-24,old,BOS,CHA,0.0001593079475757461
2023-24,old,BOS,CHI,0.0025198719990991826
2023-24,old,BOS,CLE,0.012518163273851586
2023-24,old,BOS,DAL,0.0012603597698762478
2023-24,old,BOS,DEN,0.0023868534776017966
2023-24,old,BOS,DET,0.0010904799497348404
2023-24,old,BOS,GSW,0.0024720302187237198
2023-24,old,BOS,HOU,0.004036911591700265
2023-24,old,BOS,IND,0.0008950593891816369
2023-24,old,BOS,LAC,0.0
2023-24,old,BOS,LAL,0.0
2023-24,old,BOS,MEM,0.0008297414045403549
2023-24,old,BOS,MIA,0.010020957029411246
2023-24,old,BOS,MIL,0.015370689453797989
2023-24,old,BOS,MIN,0.0041120689091596885
2023-24,old,BOS,NOP,0.032954194209349495
2023-24,old,BOS,NYK,0.04905587170485067
2023-24,old,BOS,OKC,0.015277478346392384
2023-24,old,BOS,ORL,0.012575702593358983
2023-24,old,BOS,PHI,0.007418605121882568
2023-24,old,BOS,PHX,0.013571659622890555
2023-24,old,BOS,POR,0.009579208811097006
2023-24,old,BOS,SAC,0.021661619185001292
2023-24,old,BOS,SAS,0.0006463615531001518
2023-24,old,BOS,TOR,0.009995916162379168
2023-24,old,BOS,UTA,0.021884429087633557
2023-24,old,BOS,WAS,0.0059924569055598625
2023-24,old,CHA,ATL,0.01822196051120835
2023-24,old,CHA,BKN,0.0
2023-24,old,CHA,BOS,0.0
2023-24,old,CHA,CHI,0.006580878190716682
2023-24,old,CHA,CLE,0.001581279578348271
2023-24,old,CHA,DAL,0.0004912186547260585
2023-24,old,CHA,DEN,0.00010129523612625719
2023-24,old,CHA,DET,0.0007874739171311397
2023-24,old,CHA,GSW,0.0012679956034576405
2023-24,old,CHA,HOU,0.020092735270069696
2023-24,old,CHA,IND,0.0008381417073055622
2023-24,old,CHA,LAC,0.0
2023-24,old,CHA,LAL,0.0
2023-24,old,CHA,MEM,0.0031266164759390764
2023-24,old,CHA,MIA,0.012427960759701909
2023-24,old,CHA,MIL,0.0027241379882465924
2023-24,old,CHA,MIN,0.00020905179487680096
2023-24,old,CHA,NOP,0.022222537513553645
2023-24,old,CHA,NYK,0.025138725059235683
2023-24,old,CHA,OKC,0.07145501021105105
2023-24,old,CHA,ORL,0.010139213533706753
2023-24,old,CHA,PHI,0.009355135736464421
2023-24,old,CHA,PHX,0.01000080835046086
2023-24,old,CHA,POR,0.023061952952223595
2023-24,old,CHA,SAC,0.005153055227858897
2023-24,old,CHA,SAS,0.024867333761933116
2023-24,old,CHA,TOR,0.03238319881427473
2023-24,old,CHA,UTA,0.008931034529212347
2023-24,old,CHA,WAS,0.006075969944057729
2023-24,old,CHI,ATL,0.014444735654976486
2023-24,old,CHI,BKN,0.0
2023-24,old,CHI,BOS,2.1551724459076748e-05
2023-24,old,CHI,CHA,0.000590115075503207
2023-24,old,CHI,CLE,0.009458989228533908
2023-24,old,CHI,DAL,0.0009210499583914015
2023-24,old,CHI,DEN,0.004982758643014612
2023-24,old,CHI,DET,0.0009240196390029288
2023-24,old,CHI,GSW,0.003915753914072702
2023-24,old,CHI,HOU,0.019328067493415684
2023-24,old,CHI,IND,0.0035475744698054428
2023-24,old,CHI,LAC,0.0
2023-24,old,CHI,LAL,0.0
2023-24,old,CHI,MEM,0.000985991413833509
2023-24,old,CHI,MIA,0.010000441711921527
2023-24,old,CHI,MIL,0.004353448253622727
2023-24,old,CHI,MIN,0.005753232767362692
2023-24,old,CHI,NOP,0.010382373466259129
2023-24,old,CHI,NYK,0.010761281663149998
2023-24,old,CHI,OKC,0.033318965373769535
2023-24,old,CHI,ORL,0.007623726391373527
2023-24,old,CHI,PHI,0.016197307240043493
2023-24,old,CHI,PHX,0.004725754408784019
2023-24,old,CHI,POR,0.003480762210067398
2023-24,old,CHI,SAC,0.0005021556911712514
2023-24,old,CHI,SAS,0.0013455653740057215
2023-24,old,CHI,TOR,0.047368145438251116
2023-24,old,CHI,UTA,0.03931519417959297
2023-24,old,CHI,WAS,0.023474676688683437
2023-24,old,CLE,ATL,0.05360067546309249
2023-24,old,CLE,BKN,0.0
2023-24,old,CLE,BOS,0.00026185345225806893
2023-24,old,CLE,CHA,0.00010699467121092558
2023-24,old,CLE,CHI,0.0032978657784832875
2023-24,old,CLE,DAL,0.000306416909774993
2023-24,old,CLE,DEN,0.008185313381181548
2023-24,old,CLE,DET,6.612913592689989e-05
2023-24,old,CLE,GSW,0.003060424518886283
2023-24,old,CLE,HOU,0.008028877964644375
2023-24,old,CLE,IND,0.0007283983644961029
2023-24,old,CLE,LAC,0.0
2023-24,old,CLE,LAL,0.0
2023-24,old,CLE,MEM,0.0011640624829230765
2023-24,old,CLE,MIA,0.018653611273900094
2023-24,old,CLE,MIL,0.03128771567893825
2023-24,old,CLE,MIN,0.009731976021555655
2023-24,old,CLE,NOP,0.09701718223462714
2023-24,old,CLE,NYK,0.05371445485597737
2023-24,old,CLE,OKC,0.004269935429409338
2023-24,old,CLE,ORL,0.018467858284246807
2023-24,old,CLE,PHI,0.009952717544635802
2023-24,old,CLE,PHX,0.018437500219503095
2023-24,old,CLE,POR,0.010163702658989544
2023-24,old,CLE,SAC,0.05339830106471443
2023-24,old,CLE,SAS,0.0016403281395767039
2023-24,old,CLE,TOR,0.015409824315697802
2023-24,old,CLE,UTA,0.009494612053245434
2023-24,old,CLE,WAS,0.024184806307854044
2023-24,old,DAL,ATL,0.06884103062854317
2023-24,old,DAL,BKN,0.0
2023-24,old,DAL,BOS,5.172413886235706e-05
2023-24,old,DAL,CHA,0.00032190903172299375
2023-24,old,DAL,CHI,0.006419650217807983
2023-24,old,DAL,CLE,0.01761053082913614
2023-24,old,DAL,DEN,0.0005907972092859661
2023-24,old,DAL,DET,3.508249861772245e-07
2023-24,old,DAL,GSW,0.006047735916783401
2023-24,old,DAL,HOU,0.009974940897900287
2023-24,old,DAL,IND,0.0008065177320200094
2023-24,old,DAL,LAC,0.0
2023-24,old,DAL,LAL,0.0
2023-24,old,DAL,MEM,0.0014022090827548427
2023-24,old,DAL,MIA,0.018479981592309538
2023-24,old,DAL,MIL,0.009876077755370402
2023-24,old,DAL,MIN,0.004278312171675147
2023-24,old,DAL,NOP,0.05456043319725365
2023-24,old,DAL,NYK,0.40868093306110365
2023-24,old,DAL,OKC,0.030150592668897247
2023-24,old,DAL,ORL,0.023367693502900303
2023-24,old,DAL,PHI,0.01571431440427138
2023-24,old,DAL,PHX,0.04611368503702547
2023-24,old,DAL,POR,0.06547047287280686
2023-24,old,DAL,SAC,0.08285749603468641
2023-24,old,DAL,SAS,0.0008310843844380456
2023-24,old,DAL,TOR,0.04159183474079312
2023-24,old,DAL,UTA,0.005743803821789133
2023-24,old,DAL,WAS,0.015013739481239161
2023-24,old,DEN,ATL,0.022060431512134014
2023-24,old,DEN,BKN,0.0
2023-24,old,DEN,BOS,0.00031142241955766915
2023-24,old,DEN,CHA,0.003847974360534667
2023-24,old,DEN,CHI,0.008053632533409525
2023-24,old,DEN,CLE,0.013632764755445748
2023-24,old,DEN,DAL,0.0015211240304399964
2023-24,old,DEN,DET,0.000674866177893179
2023-24,old,DEN,GSW,0.0025840110462725554
2023-24,old,DEN,HOU,0.017718702702358
2023-24,old,DEN,IND,0.0006924829738656402
2023-24,old,DEN,LAC,0.0
2023-24,old,DEN,LAL,0.0
2023-24,old,DEN,MEM,0.0012984914322191014
2023-24,old,DEN,MIA,0.007865506573353772
2023-24,old,DEN,MIL,0.011204741480679991
2023-24,old,DEN,MIN,0.041148412097890864
2023-24,old,DEN,NOP,0.02864665346424143
2023-24,old,DEN,NYK,0.056139373132286986
2023-24,old,DEN,OKC,0.04504445050062275
2023-24,old,DEN,ORL,0.01720509772614457
2023-24,old,DEN,PHI,0.011741841260025808
2023-24,old,DEN,PHX,0.014993265040363348
2023-24,old,DEN,POR,0.014601626910419002
2023-24,old,DEN,SAC,0.024524575546496383
2023-24,old,DEN,SAS,0.013046893938089804
2023-24,old,DEN,TOR,0.029310691414669226
2023-24,old,DEN,UTA,0.043351562470880116
2023-24,old,DEN,WAS,0.010800646662587654
2023-24,old,DET,ATL,0.02294714095346533
2023-24,old,DET,BKN,0.0
2023-24,old,DET,BOS,5.387931114769187e-06
2023-24,old,DET,CHA,0.0016981729394675497
2023-24,old,DET,CHI,0.006276991742906095
2023-24,old,DET,CLE,0.008969671612951575
2023-24,old,DET,DAL,0.000312587695345969
2023-24,old,DET,DEN,0.003850247029685965
2023-24,old,DET,GSW,0.0023558171479820724
2023-24,old,DET,HOU,0.008343923714769021
2023-24,old,DET,IND,0.0009715620783250689
2023-24,old,DET,LAC,0.0
2023-24,old,DET,LAL,0.0
2023-24,old,DET,MEM,0.004272898839092171
2023-24,old,DET,MIA,0.014085103676373025
2023-24,old,DET,MIL,0.009882543292538872
2023-24,old,DET,MIN,0.002608053604141252
2023-24,old,DET,NOP,0.03320976526632233
2023-24,old,DET,NYK,0.04784025412179118
2023-24,old,DET,OKC,0.004008890015578925
2023-24,old,DET,ORL,0.025464671264626083
2023-24,old,DET,PHI,0.02195003038448058
2023-24,old,DET,PHX,0.021235183238268604
2023-24,old,DET,POR,0.011502487986476455
2023-24,old,DET,SAC,0.008399176439119508
2023-24,old,DET,SAS,0.022777755798064705
2023-24,old,DET,TOR,0.04489888327187328
2023-24,old,DET,UTA,0.011157866093061122
2023-24,old,DET,WAS,0.011527748248852982
2023-24,old,GSW,ATL,0.05313957665327278
2023-24,old,GSW,BKN,0.0
2023-24,old,GSW,BOS,0.0
2023-24,old,GSW,CHA,0.002938122812206589
2023-24,old,GSW,CHI,0.0041935348633109866
2023-24,old,GSW,CLE,0.007699990271797886
2023-24,old,GSW,DAL,0.0025953153431271794
2023-24,old,GSW,DEN,0.00010971160302279429
2023-24,old,GSW,DET,0.0004921002518043492
2023-24,old,GSW,HOU,0.014026234223209089
2023-24,old,GSW,IND,0.000957492401891887
2023-24,old,GSW,LAC,0.0
2023-24,old,GSW,LAL,0.0
2023-24,old,GSW,MEM,0.0029027479084545818
2023-24,old,GSW,MIA,0.013629743394894506
2023-24,old,GSW,MIL,0.005327316946891971
2023-24,old,GSW,MIN,7.74911444735568e-05
2023-24,old,GSW,NOP,0.08342332022619119
2023-24,old,GSW,NYK,0.09381754311103956
2023-24,old,GSW,OKC,0.012571659013789543
2023-24,old,GSW,ORL,0.011800282972445064
2023-24,old,GSW,PHI,0.01463988716129313
2023-24,old,GSW,PHX,0.017034752113114365
2023-24,old,GSW,POR,0.14521483186329534
2023-24,old,GSW,SAC,0.07570544932677621
2023-24,old,GSW,SAS,0.02310467858125267
2023-24,old,GSW,TOR,0.00648371545259976
2023-24,old,GSW,UTA,0.008012392310554098
2023-24,old,GSW,WAS,0.006287446257032068
2023-24,old,HOU,ATL,0.009981919695225484
2023-24,old,HOU,BKN,0.0
2023-24,old,HOU,BOS,1.0775862229538386e-06
2023-24,old,HOU,CHA,0.0031885230113503
2023-24,old,HOU,CHI,0.015537706080776812
2023-24,old,HOU,CLE,0.0007408061035394812
2023-24,old,HOU,DAL,0.0007034076639326497
2023-24,old,HOU,DEN,0.007783705021458902
2023-24,old,HOU,DET,0.00025774669322211447
2023-24,old,HOU,GSW,0.009325606216385925
2023-24,old,HOU,IND,0.000816363680487966
2023-24,old,HOU,LAC,0.0
2023-24,old,HOU,LAL,0.0
2023-24,old,HOU,MEM,0.004250808234711916
2023-24,old,HOU,MIA,0.00425441752991054
2023-24,old,HOU,MIL,0.012968750139858962
2023-24,old,HOU,MIN,0.00027968467524033596
2023-24,old,HOU,NOP,0.0027334944664365616
2023-24,old,HOU,NYK,0.009633226777359576
2023-24,old,HOU,OKC,0.06592079747422068
2023-24,old,HOU,ORL,0.002613167273912825
2023-24,old,HOU,PHI,0.009460840635227216
2023-24,old,HOU,PHX,0.005222252212978642
2023-24,old,HOU,POR,0.0071939307279828895
2023-24,old,HOU,SAC,0.004524625822969073
2023-24,old,HOU,SAS,0.0041907489757611795
2023-24,old,HOU,TOR,0.008705966086230598
2023-24,old,HOU,UTA,0.06713981697717201
2023-24,old,HOU,WAS,0.0024929956951708493
2023-24,old,IND,ATL,0.03968830385338195
2023-24,old,IND,BKN,0.0
2023-24,old,IND,BOS,0.0
2023-24,old,IND,CHA,0.00022854176008550148
2023-24,old,IND,CHI,0.009861046100362682
2023-24,old,IND,CLE,0.006007785908112467
2023-24,old,IND,DAL,0.0011301001155666743
2023-24,old,IND,DEN,0.0004633937139882728
2023-24,old,IND,DET,7.05568050036707e-07
2023-24,old,IND,GSW,0.003630492563539806
2023-24,old,IND,HOU,0.009828802223763759
2023-24,old,IND,LAC,0.0
2023-24,old,IND,LAL,0.0
2023-24,old,IND,MEM,0.0034471981956800124
2023-24,old,IND,MIA,0.02542037440794326
2023-24,old,IND,MIL,0.009657327872219271
2023-24,old,IND,MIN,0.0005452586992313586
2023-24,old,IND,NOP,0.07274968110040583
2023-24,old,IND,NYK,0.06130110434172411
2023-24,old,IND,OKC,0.005956626905465563
2023-24,old,IND,ORL,0.016022921466657007
2023-24,old,IND,PHI,0.023533621134356305
2023-24,old,IND,PHX,0.022759159359025186
2023-24,old,IND,POR,0.009922981373157242
2023-24,old,IND,SAC,0.04952879050302497
2023-24,old,IND,SAS,0.018796389630438663
2023-24,old,IND,TOR,0.19678848598031254
2023-24,old,IND,UTA,0.006071659565626256
2023-24,old,IND,WAS,0.03653582986117067
2023-24,old,LAC,ATL,0.030313128653339093
2023-24,old,LAC,BKN,0.0
2023-24,old,LAC,BOS,9.159482846935756e-05
2023-24,old,LAC,CHA,0.00013217413039426427
2023-24,old,LAC,CHI,0.001910179685378287
2023-24,old,LAC,CLE,0.018358648748900617
2023-24,old,LAC,DAL,0.00075901826350334
2023-24,old,LAC,DEN,0.006557112122998282
2023-24,old,LAC,DET,0.0008992959292603047
2023-24,old,LAC,GSW,0.002124955921242366
2023-24,old,LAC,HOU,0.008028216679794902
2023-24,old,LAC,IND,0.0015547141951606583
2023-24,old,LAC,LAL,0.0
2023-24,old,LAC,MEM,0.00023599139645551177
2023-24,old,LAC,MIA,0.015801052765318138
2023-24,old,LAC,MIL,0.030670258820233554
2023-24,old,LAC,MIN,0.00922306042228793
2023-24,old,LAC,NOP,0.02469036038075091
2023-24,old,LAC,NYK,0.010771217510647427
2023-24,old,LAC,OKC,0.015751077258570025
2023-24,old,LAC,ORL,0.007494246172880219
2023-24,old,LAC,PHI,0.016934402802019292
2023-24,old,LAC,PHX,0.014328663869307312
2023-24,old,LAC,POR,0.0054219702681761114
2023-24,old,LAC,SAC,0.004617044949941857
2023-24,old,LAC,SAS,0.0007545093717968609
2023-24,old,LAC,TOR,0.044903257818334916
2023-24,old,LAC,UTA,0.0259310346823547
2023-24,old,LAC,WAS,0.1344628234462138
2023-24,old,LAL,ATL,0.09132612562432516
2023-24,old,LAL,BKN,0.0
2023-24,old,LAL,BOS,0.0
2023-24,old,LAL,CHA,5.730510976757376e-06
2023-24,old,LAL,CHI,0.00083432338610763
2023-24,old,LAL,CLE,0.003677425613715779
2023-24,old,LAL,DAL,0.0012931069878558215
2023-24,old,LAL,DEN,0.00010971160302279429
2023-24,old,LAL,DET,7.074299221793591e-07
2023-24,old,LAL,GSW,0.006208743772600616
2023-24,old,LAL,HOU,0.001161978700636343
2023-24,old,LAL,IND,0.0003019211583928389
2023-24,old,LAL,LAC,0.0
2023-24,old,LAL,MEM,0.0023892779491946174
2023-24,old,LAL,MIA,0.011514909182991247
2023-24,old,LAL,MIL,0.008256195994346916
2023-24,old,LAL,MIN,9.913792576556117e-05
2023-24,old,LAL,NOP,0.24417296523498122
2023-24,old,LAL,NYK,0.015779014341778756
2023-24,old,LAL,OKC,0.0015035020860899564
2023-24,old,LAL,ORL,0.006456049484805977
2023-24,old,LAL,PHI,0.008765573237347994
2023-24,old,LAL,PHX,0.0211252694855974
2023-24,old,LAL,POR,0.031871230144072685
2023-24,old,LAL,SAC,0.11898674660698244
2023-24,old,LAL,SAS,0.010750125684895636
2023-24,old,LAL,TOR,0.03704297036509689
2023-24,old,LAL,UTA,0.001199622863365723
2023-24,old,LAL,WAS,0.004004579790273746
2023-24,old,MEM,ATL,0.0048306990048196385
2023-24,old,MEM,BKN,0.0
2023-24,old,MEM,BOS,2.155172445907675e-06
2023-24,old,MEM,CHA,0.0021906364842825764
2023-24,old,MEM,CHI,0.0003187441319227273
2023-24,old,MEM,CLE,0.0005402472421142812
2023-24,old,MEM,DAL,6.291011196499157e-06
2023-24,old,MEM,DEN,1.435374094451119e-10
2023-24,old,MEM,DET,0.0002761225704838386
2023-24,old,MEM,GSW,0.0008448676274478347
2023-24,old,MEM,HOU,0.026197888711035747
2023-24,old,MEM,IND,0.0004458355769293375
2023-24,old,MEM,LAC,0.0
2023-24,old,MEM,LAL,0.0
2023-24,old,MEM,MIA,0.007857586860403486
2023-24,old,MEM,MIL,0.0005538793221308755
2023-24,old,MEM,MIN,0.004672413851349897
2023-24,old,MEM,NOP,0.0037296538068140807
2023-24,old,MEM,NYK,0.003064035003475171
2023-24,old,MEM,OKC,0.0025657327248160885
2023-24,old,MEM,ORL,0.004906038501189565
2023-24,old,MEM,PHI,2.1623123397981797e-05
2023-24,old,MEM,PHX,0.0007661638084542137
2023-24,old,MEM,POR,0.00400408043072659
2023-24,old,MEM,SAC,0.0005992117922938412
2023-24,old,MEM,SAS,0.03816784961294723
2023-24,old,MEM,TOR,0.04724099231558704
2023-24,old,MEM,UTA,0.013117187439949766
2023-24,old,MEM,WAS,0.0003930495882703889
2023-24,old,MIA,ATL,0.02758761264579409
2023-24,old,MIA,BKN,0.0
2023-24,old,MIA,BOS,5.0646552799976085e-05
2023-24,old,MIA,CHA,0.0033293426070549626
2023-24,old,MIA,CHI,0.0038263869814002616
2023-24,old,MIA,CLE,0.00878857144882915
2023-24,old,MIA,DAL,0.0004935657621120556
2023-24,old,MIA,DEN,0.0004733553724094988
2023-24,old,MIA,DET,2.1535117853185785e-06
2023-24,old,MIA,GSW,0.0017093691775371374
2023-24,old,MIA,HOU,0.0006086908860025835
2023-24,old,MIA,IND,0.0019392679228832518
2023-24,old,MIA,LAC,0.0
2023-24,old,MIA,LAL,0.0
2023-24,old,MIA,MEM,9.832975135489914e-05
2023-24,old,MIA,MIL,0.003752155230653569
2023-24,old,MIA,MIN,0.004456113906159992
2023-24,old,MIA,NOP,0.022297884524551517
2023-24,old,MIA,NYK,0.022838813490300657
2023-24,old,MIA,OKC,0.0009967672191801128
2023-24,old,MIA,ORL,0.020373195044643373
2023-24,old,MIA,PHI,0.026592315508302343
2023-24,old,MIA,PHX,0.014030980567291278
2023-24,old,MIA,POR,0.007381052040526961
2023-24,old,MIA,SAC,0.0006514895411111417
2023-24,old,MIA,SAS,0.0023862122277657502
2023-24,old,MIA,TOR,0.021095857872493465
2023-24,old,MIA,UTA,0.005340517287198774
2023-24,old,MIA,WAS,0.0038213899908667633
2023-24,old,MIL,ATL,0.005984671396325688
2023-24,old,MIL,BKN,0.0
2023-24,old,MIL,BOS,5.387931114769187e-06
2023-24,old,MIL,CHA,0.00013003669301519976
2023-24,old,MIL,CHI,0.0003674055866715869
2023-24,old,MIL,CLE,0.015211860147928134
2023-24,old,MIL,DAL,0.0008635938304799408
2023-24,old,MIL,DEN,0.002774784498655334
2023-24,old,MIL,DET,0.0011851613711553197
2023-24,old,MIL,GSW,0.001136300152459141
2023-24,old,MIL,HOU,0.009838305572674262
2023-24,old,MIL,IND,0.0005610182371815415
2023-24,old,MIL,LAC,0.0
2023-24,old,MIL,LAL,0.0
2023-24,old,MIL,MEM,0.0018289332005901843
2023-24,old,MIL,MIA,0.0045649904896958955
2023-24,old,MIL,MIN,0.005411638050293134
2023-24,old,MIL,NOP,0.030671641495348338
2023-24,old,MIL,NYK,0.02026385688932377
2023-24,old,MIL,OKC,0.00859213354989308
2023-24,old,MIL,ORL,0.007191836325436242
2023-24,old,MIL,PHI,0.003722849190445687
2023-24,old,MIL,PHX,0.002428071167067111
2023-24,old,MIL,POR,0.0033875005676731636
2023-24,old,MIL,SAC,0.010726631116064386
2023-24,old,MIL,SAS,0.0021207328465076584
2023-24,old,MIL,TOR,0.00724746995124161
2023-24,old,MIL,UTA,0.012636584320109626
2023-24,old,MIL,WAS,0.014221982745240955
2023-24,old,MIN,ATL,0.007075908106256854
2023-24,old,MIN,BKN,0.0
2023-24,old,MIN,BOS,0.00014008620922485813
2023-24,old,MIN,CHA,1.0260929372319964e-07
2023-24,old,MIN,CHI,0.00203546073895082
2023-24,old,MIN,CLE,0.0017962534752417427
2023-24,old,MIN,DAL,0.00048006497904468613
2023-24,old,MIN,DEN,0.009914870707334243
2023-24,old,MIN,DET,4.285566184632651e-08
2023-24,old,MIN,GSW,0.0033169962478483465
2023-24,old,MIN,HOU,3.633656095865405e-05
2023-24,old,MIN,IND,9.80211858201065e-05
2023-24,old,MIN,LAC,0.0
2023-24,old,MIN,LAL,0.0
2023-24,old,MIN,MEM,5.360991475252627e-05
2023-24,old,MIN,MIA,0.0036753524959914326
2023-24,old,MIN,MIL,0.0012758620402872052
2023-24,old,MIN,NOP,0.010752503676565838
2023-24,old,MIN,NYK,0.007935038893571236
2023-24,old,MIN,OKC,0.00440894385177546
2023-24,old,MIN,ORL,0.003302715581122519
2023-24,old,MIN,PHI,0.003965530627713086
2023-24,old,MIN,PHX,0.00545501071584395
2023-24,old,MIN,POR,0.006302024273764269
2023-24,old,MIN,SAC,0.0008437121045563356
2023-24,old,MIN,SAS,7.604830282143724e-07
2023-24,old,MIN,TOR,0.002797996799326819
2023-24,old,MIN,UTA,0.011319504360997538
2023-24,old,MIN,WAS,0.0017198275709685322
2023-24,old,NOP,ATL,0.05174270939278941
2023-24,old,NOP,BKN,0.0
2023-24,old,NOP,BOS,1.0775862229538386e-06
2023-24,old,NOP,CHA,3.577991131425111e-06
2023-24,old,NOP,CHI,0.0032795925639685
2023-24,old,NOP,CLE,0.01253607927986326
2023-24,old,NOP,DAL,0.0018394917373008928
2023-24,old,NOP,DEN,0.0024281015759127795
2023-24,old,NOP,DET,1.120132760810729e-06
2023-24,old,NOP,GSW,0.0031848285669256737
2023-24,old,NOP,HOU,0.0062822343353532316
2023-24,old,NOP,IND,0.0001010225952989741
2023-24,old,NOP,LAC,0.0
2023-24,old,NOP,LAL,0.0
2023-24,old,NOP,MEM,0.0046029095148772065
2023-24,old,NOP,MIA,0.012767041862211538
2023-24,old,NOP,MIL,0.03643965551838407
2023-24,old,NOP,MIN,0.0021539019171760397
2023-24,old,NOP,NYK,0.032135238196574045
2023-24,old,NOP,OKC,0.017870958865929296
2023-24,old,NOP,ORL,0.010115098677257099
2023-24,old,NOP,PHI,0.01559430127833522
2023-24,old,NOP,PHX,0.022786099182919538
2023-24,old,NOP,POR,0.011921908734667495
2023-24,old,NOP,SAC,0.014229962716569707
2023-24,old,NOP,SAS,0.016788565230617086
2023-24,old,NOP,TOR,0.040876873597359795
2023-24,old,NOP,UTA,0.029331896644334537
2023-24,old,NOP,WAS,0.007244073306671986
2023-24,old,NYK,ATL,0.019107995197059097
2023-24,old,NYK,BKN,0.0
2023-24,old,NYK,BOS,5.387931114769187e-06
2023-24,old,NYK,CHA,0.0029552014796280814
2023-24,old,NYK,CHI,0.0024377825158632825
2023-24,old,NYK,CLE,0.035827699184488894
2023-24,old,NYK,DAL,7.68306681311982e-05
2023-24,old,NYK,DEN,0.0018469827834099073
2023-24,old,NYK,DET,3.794997372638601e-05
2023-24,old,NYK,GSW,0.0006146803784102859
2023-24,old,NYK,HOU,0.012454988353214567
2023-24,old,NYK,IND,0.0008742040874428038
2023-24,old,NYK,LAC,0.0
2023-24,old,NYK,LAL,0.0
2023-24,old,NYK,MEM,0.0006330819037975744
2023-24,old,NYK,MIA,0.015578787019232035
2023-24,old,NYK,MIL,0.021040678766760808
2023-24,old,NYK,MIN,0.004313577564393739
2023-24,old,NYK,NOP,0.04555888691035902
2023-24,old,NYK,OKC,0.028116379151409805
2023-24,old,NYK,ORL,0.031223861346498256
2023-24,old,NYK,PHI,0.016179069591420216
2023-24,old,NYK,PHX,0.02632165976679595
2023-24,old,NYK,POR,0.007593192290129953
2023-24,old,NYK,SAC,0.00035961476874905195
2023-24,old,NYK,SAS,0.00255747229027922
2023-24,old,NYK,TOR,0.01858554563974645
2023-24,old,NYK,UTA,0.036058728410179965
2023-24,old,NYK,WAS,0.013316272084886241
2023-24,old,OKC,ATL,0.00834448761463224
2023-24,old,OKC,BKN,0.0
2023-24,old,OKC,BOS,7.758620757095768e-05
2023-24,old,OKC,CHA,1.0054111621145997e-07
2023-24,old,OKC,CHI,0.0007086896048815247
2023-24,old,OKC,CLE,0.004146382683147279
2023-24,old,OKC,DAL,0.0004793594092224361
2023-24,old,OKC,DEN,0.013209051680831429
2023-24,old,OKC,DET,3.485630929574304e-08
2023-24,old,OKC,GSW,0.001459948695578726
2023-24,old,OKC,HOU,0.001008166175605692
2023-24,old,OKC,IND,0.00021472559414059377
2023-24,old,OKC,LAC,0.0
2023-24,old,OKC,LAL,0.0
2023-24,old,OKC,MEM,0.000472521580823954
2023-24,old,OKC,MIA,0.006560410779702956
2023-24,old,OKC,MIL,0.0006950430767128952
2023-24,old,OKC,MIN,0.01331573277727926
2023-24,old,OKC,NOP,0.01845038147669055
2023-24,old,OKC,NYK,0.01026272336174857
2023-24,old,OKC,ORL,0.006983632038879836
2023-24,old,OKC,PHI,0.0010509919935131908
2023-24,old,OKC,PHX,0.0006753771482557381
2023-24,old,OKC,POR,0.003145767163842882
2023-24,old,OKC,SAC,0.01619134055227756
2023-24,old,OKC,SAS,1.3493545262739257e-07
2023-24,old,OKC,TOR,0.005660542948062298
2023-24,old,OKC,UTA,0.028042295048964726
2023-24,old,OKC,WAS,0.003018318978519628
2023-24,old,ORL,ATL,0.016593636170051225
2023-24,old,ORL,BKN,0.0
2023-24,old,ORL,BOS,0.00025646552114329973
2023-24,old,ORL,CHA,8.508447830505783e-06
2023-24,old,ORL,CHI,0.0017656236330473429
2023-24,old,ORL,CLE,0.008417074681602061
2023-24,old,ORL,DAL,0.00038365247602440236
2023-24,old,ORL,DEN,0.0030387616188915023
2023-24,old,ORL,DET,6.102125427278436e-05
2023-24,old,ORL,GSW,0.0005221885438969061
2023-24,old,ORL,HOU,0.01334809578742124
2023-24,old,ORL,IND,0.0005473139391159734
2023-24,old,ORL,LAC,0.0
2023-24,old,ORL,LAL,0.0
2023-24,old,ORL,MEM,0.005303340614652903
2023-24,old,ORL,MIA,0.026535766163439743
2023-24,old,ORL,MIL,0.015350215584200265
2023-24,old,ORL,MIN,0.004428879373367541
2023-24,old,ORL,NOP,0.022546567614245408
2023-24,old,ORL,NYK,0.03092232522419238
2023-24,old,ORL,OKC,0.004703933211717883
2023-24,old,ORL,PHI,0.023322854962910842
2023-24,old,ORL,PHX,0.014855873100138431
2023-24,old,ORL,POR,0.005004440870337788
2023-24,old,ORL,SAC,0.00321212224847148
2023-24,old,ORL,SAS,0.02306174750493646
2023-24,old,ORL,TOR,0.012663722739552267
2023-24,old,ORL,UTA,0.012757542915582043
2023-24,old,ORL,WAS,0.046593749946071614
2023-24,old,PHI,ATL,0.016896539422944126
2023-24,old,PHI,BKN,0.0
2023-24,old,PHI,BOS,0.0
2023-24,old,PHI,CHA,3.626366573665785e-06
2023-24,old,PHI,CHI,0.008975547507939264
2023-24,old,PHI,CLE,0.004602157061762001
2023-24,old,PHI,DAL,0.0006525724220733368
2023-24,old,PHI,DEN,0.008994612047397349
2023-24,old,PHI,DET,6.702476158293262e-05
2023-24,old,PHI,GSW,0.002859666023504407
2023-24,old,PHI,HOU,0.016374058021517306
2023-24,old,PHI,IND,0.002246721195374115
2023-24,old,PHI,LAC,0.0
2023-24,old,PHI,LAL,0.0
2023-24,old,PHI,MEM,0.0016077587011888432
2023-24,old,PHI,MIA,0.02947067960155115
2023-24,old,PHI,MIL,0.00510964438477772
2023-24,old,PHI,MIN,0.0070258620765088695
2023-24,old,PHI,NOP,0.028379911113455447
2023-24,old,PHI,NYK,0.03842067396260118
2023-24,old,PHI,OKC,0.011317618620112248
2023-24,old,PHI,ORL,0.021502903492643898
2023-24,old,PHI,PHX,0.014432111888489654
2023-24,old,PHI,POR,0.008810341048438912
2023-24,old,PHI,SAC,0.0014159115166069527
2023-24,old,PHI,SAS,0.005857548322534688
2023-24,old,PHI,TOR,0.02404004960112581
2023-24,old,PHI,UTA,0.032990571052630854
2023-24,old,PHI,WAS,0.008041756572462776
2023-24,old,PHX,ATL,0.028728403717454963
2023-24,old,PHX,BKN,0.0
2023-24,old,PHX,BOS,5.280172492473804e-05
2023-24,old,PHX,CHA,0.0016782616983489931
2023-24,old,PHX,CHI,0.002465218426775384
2023-24,old,PHX,CLE,0.014037095356083105
2023-24,old,PHX,DAL,0.0046627402500335246
2023-24,old,PHX,DEN,0.006391443747249011
2023-24,old,PHX,DET,0.00044133719249143087
2023-24,old,PHX,GSW,0.004919604489867761
2023-24,old,PHX,HOU,0.0037497940500593892
2023-24,old,PHX,IND,0.0006291749183494125
2023-24,old,PHX,LAC,0.0
2023-24,old,PHX,LAL,0.0
2023-24,old,PHX,MEM,0.0033246229658031768
2023-24,old,PHX,MIA,0.017768279219388738
2023-24,old,PHX,MIL,0.004553879349460377
2023-24,old,PHX,MIN,0.012512930924750785
2023-24,old,PHX,NOP,0.0736696276556239
2023-24,old,PHX,NYK,0.09732642213389754
2023-24,old,PHX,OKC,0.010065193988065683
2023-24,old,PHX,ORL,0.020810250274838203
2023-24,old,PHX,PHI,0.013392393644882762
2023-24,old,PHX,POR,0.017851181286976634
2023-24,old,PHX,SAC,0.07169855244652495
2023-24,old,PHX,SAS,5.498775606169545e-06
2023-24,old,PHX,TOR,0.01574508075431838
2023-24,old,PHX,UTA,0.03172090489553801
2023-24,old,PHX,WAS,0.011883890219133122
2023-24,old,POR,ATL,0.03128435748841424
2023-24,old,POR,BKN,0.0
2023-24,old,POR,BOS,0.0
2023-24,old,POR,CHA,0.011102916161155456
2023-24,old,POR,CHI,0.007266383639703206
2023-24,old,POR,CLE,0.00139644547749258
2023-24,old,POR,DAL,6.981873159538287e-05
2023-24,old,POR,DEN,0.0
2023-24,old,POR,DET,0.00013085766314267354
2023-24,old,POR,GSW,0.003876870639381569
2023-24,old,POR,HOU,0.01635537076385725
2023-24,old,POR,IND,0.0007935358659684753
2023-24,old,POR,LAC,0.0
2023-24,old,POR,LAL,0.0
2023-24,old,POR,MEM,0.0031702585948494683
2023-24,old,POR,MIA,0.0051480059480636334
2023-24,old,POR,MIL,4.3103448918153475e-06
2023-24,old,POR,MIN,7.11565071998754e-11
2023-24,old,POR,NOP,0.02609165925246408
2023-24,old,POR,NYK,0.0015429481899987222
2023-24,old,POR,OKC,0.02035775859300288
2023-24,old,POR,ORL,0.00638705475346853
2023-24,old,POR,PHI,0.010879323145756434
2023-24,old,POR,PHX,0.001845366399281594
2023-24,old,POR,SAC,0.03872709043735488
2023-24,old,POR,SAS,0.03454039409690847
2023-24,old,POR,TOR,0.02209137804060353
2023-24,old,POR,UTA,0.01867591603763466
2023-24,old,POR,WAS,0.00015975216760878155
2023-24,old,SAC,ATL,0.1290839344608727
2023-24,old,SAC,BKN,0.0
2023-24,old,SAC,BOS,0.00013900862300190428
2023-24,old,SAC,CHA,0.0010416271002029827
2023-24,old,SAC,CHI,0.003321547860052446
2023-24,old,SAC,CLE,0.019067290602781457
2023-24,old,SAC,DAL,0.003085259718383851
2023-24,old,SAC,DEN,0.005435600624696149
2023-24,old,SAC,DET,0.0016891519179461725
2023-24,old,SAC,GSW,0.007195502814510035
2023-24,old,SAC,HOU,0.001010294064612038
2023-24,old,SAC,IND,0.0009784984009316424
2023-24,old,SAC,LAC,0.0
2023-24,old,SAC,LAL,0.0
2023-24,old,SAC,MEM,0.0005630388071335018
2023-24,old,SAC,MIA,0.019095859255877715
2023-24,old,SAC,MIL,0.0162823276631213
2023-24,old,SAC,MIN,0.0010335070783586506
2023-24,old,SAC,NOP,0.09547138683696771
2023-24,old,SAC,NYK,0.10724514906686029
2023-24,old,SAC,OKC,0.0009458512824895822
2023-24,old,SAC,ORL,0.021643511115101297
2023-24,old,SAC,PHI,0.015556974862376314
2023-24,old,SAC,PHX,0.04608782299302502
2023-24,old,SAC,POR,0.017805546195148736
2023-24,old,SAC,SAS,0.0003210524380857351
2023-24,old,SAC,TOR,0.020030345114812605
2023-24,old,SAC,UTA,0.0049515086451168
2023-24,old,SAC,WAS,0.030115571377742713
2023-24,old,SAS,ATL,0.027467680864782473
2023-24,old,SAS,BKN,0.0
2023-24,old,SAS,BOS,0.0
2023-24,old,SAS,CHA,0.01309695672856458
2023-24,old,SAS,CHI,0.0034242781237289917
2023-24,old,SAS,CLE,0.009743601468109615
2023-24,old,SAS,DAL,0.002739331333252917
2023-24,old,SAS,DEN,0.0009353055841560058
2023-24,old,SAS,DET,0.0024437143374260325
2023-24,old,SAS,GSW,0.0012074480905627904
2023-24,old,SAS,HOU,0.01140284711680072
2023-24,old,SAS,IND,0.0005226846438448492
2023-24,old,SAS,LAC,0.0
2023-24,old,SAS,LAL,0.0
2023-24,old,SAS,MEM,0.002292564661635471
2023-24,old,SAS,MIA,0.009476634390337687
2023-24,old,SAS,MIL,0.005824353525912838
2023-24,old,SAS,MIN,0.006866776086261731
2023-24,old,SAS,NOP,0.03600725410298563
2023-24,old,SAS,NYK,0.02486236258389395
2023-24,old,SAS,OKC,0.02737149803533925
2023-24,old,SAS,ORL,0.01366442241078606
2023-24,old,SAS,PHI,0.008273386925035382
2023-24,old,SAS,PHX,0.013738685289783207
2023-24,old,SAS,POR,0.039998421601306205
2023-24,old,SAS,SAC,0.019225461713655075
2023-24,old,SAS,TOR,0.01568482574532933
2023-24,old,SAS,UTA,0.04839197208673356
2023-24,old,SAS,WAS,0.006742187707066725
2023-24,old,TOR,ATL,0.04704688213701323
2023-24,old,TOR,BKN,0.0
2023-24,old,TOR,BOS,0.0
2023-24,old,TOR,CHA,0.0020262959552732845
2023-24,old,TOR,CHI,0.003456914275438741
2023-24,old,TOR,CLE,0.0059250230719872544
2023-24,old,TOR,DAL,0.0015588344263425084
2023-24,old,TOR,DEN,0.00021444044648111468
2023-24,old,TOR,DET,4.3171919212284235e-05
2023-24,old,TOR,GSW,0.0028141582409988456
2023-24,old,TOR,HOU,0.05184990237973051
2023-24,old,TOR,IND,0.00041475956368063554
2023-24,old,TOR,LAC,0.0
2023-24,old,TOR,LAL,0.0
2023-24,old,TOR,MEM,0.021346982650555162
2023-24,old,TOR,MIA,0.01795720242676856
2023-24,old,TOR,MIL,0.0037855604044482877
2023-24,old,TOR,MIN,0.00035677901332948725
2023-24,old,TOR,NOP,0.06222492805405951
2023-24,old,TOR,NYK,0.03214611633966029
2023-24,old,TOR,OKC,0.025110183149949526
2023-24,old,TOR,ORL,0.013785326813669806
2023-24,old,TOR,PHI,0.01620039381467229
2023-24,old,TOR,PHX,0.025673221841028986
2023-24,old,TOR,POR,0.04023725646233816
2023-24,old,TOR,SAC,0.05060015211533561
2023-24,old,TOR,SAS,0.15901485708529348
2023-24,old,TOR,UTA,0.03016891203407229
2023-24,old,TOR,WAS,0.00437957994109983
2023-24,old,UTA,ATL,0.0245808870486112
2023-24,old,UTA,BKN,0.0
2023-24,old,UTA,BOS,0.00011314655405244439
2023-24,old,UTA,CHA,2.0794694738540526e-06
2023-24,old,UTA,CHI,0.009607401795167418
2023-24,old,UTA,CLE,0.009109584909314877
2023-24,old,UTA,DAL,0.00029666567181990385
2023-24,old,UTA,DEN,1.0797173915502878e-06
2023-24,old,UTA,DET,0.00012576312327075895
2023-24,old,UTA,GSW,0.005181495028716289
2023-24,old,UTA,HOU,0.030768091269542667
2023-24,old,UTA,IND,0.0003295446009175425
2023-24,old,UTA,LAC,0.0
2023-24,old,UTA,LAL,0.0
2023-24,old,UTA,MEM,0.004353178911942764
2023-24,old,UTA,MIA,0.00891866582058016
2023-24,old,UTA,MIL,0.0037435345121273967
2023-24,old,UTA,MIN,0.004289870767812508
2023-24,old,UTA,NOP,0.026692369700598698
2023-24,old,UTA,NYK,0.09573027484877734
2023-24,old,UTA,OKC,0.14889574340520553
2023-24,old,UTA,ORL,0.015851122639765527
2023-24,old,UTA,PHI,0.005623815927438796
2023-24,old,UTA,PHX,0.020022898705451393
2023-24,old,UTA,POR,0.006938895940448441
2023-24,old,UTA,SAC,0.025709554929545825
2023-24,old,UTA,SAS,0.001674212059519418
2023-24,old,UTA,TOR,0.010810360675028535
2023-24,old,UTA,WAS,0.010606411734318907
2023-24,old,WAS,ATL,0.008872824879417368
2023-24,old,WAS,BKN,0.0
2023-24,old,WAS,BOS,4.094827647224583e-05
2023-24,old,WAS,CHA,0.0018943327837982042
2023-24,old,WAS,CHI,0.00010478100168052775
2023-24,old,WAS,CLE,0.01177597811234286
2023-24,old,WAS,DAL,0.0005603922072214381
2023-24,old,WAS,DEN,0.0028114224426801604
2023-24,old,WAS,DET,0.005979082775249866
2023-24,old,WAS,GSW,0.0017558185687810374
2023-24,old,WAS,HOU,0.00232838110640512
2023-24,old,WAS,IND,0.0002944075827606077
2023-24,old,WAS,LAC,0.0
2023-24,old,WAS,LAL,0.0
2023-24,old,WAS,MEM,0.00018857759505847536
2023-24,old,WAS,MIA,0.005173936514842912
2023-24,old,WAS,MIL,0.008068965553418444
2023-24,old,WAS,MIN,0.0043545257840767095
2023-24,old,WAS,NOP,0.012772122427250555
2023-24,old,WAS,NYK,0.02379358960804861
2023-24,old,WAS,OKC,0.0017559268610383358
2023-24,old,WAS,ORL,0.00729283480436007
2023-24,old,WAS,PHI,0.004403413283510618
2023-24,old,WAS,PHX,0.00992241384501665
2023-24,old,WAS,POR,0.002931949320057361
2023-24,old,WAS,SAC,0.0009854480376005415
2023-24,old,WAS,SAS,0.004264479712795295
2023-24,old,WAS,TOR,0.0036733221099851106
2023-24,old,WAS,UTA,0.005247306087945491
2024-25,new,ATL,BKN,0.011426666013705105
2024-25,new,ATL,BOS,9.590517424432369e-05
2024-25,new,ATL,CHA,0.0007408413994338995
2024-25,new,ATL,CHI,0.022168362455611414
2024-25,new,ATL,CLE,0.0
2024-25,new,ATL,DAL,0.0030122809744578954
2024-25,new,ATL,DEN,9.988774978214331e-05
2024-25,new,ATL,DET,0.004137361845351087
2024-25,new,ATL,GSW,0.0019362354200277727
2024-25,new,ATL,HOU,0.0009897629103968564
2024-25,new,ATL,IND,0.004637139985904175
2024-25,new,ATL,LAC,0.00026912716193253105
2024-25,new,ATL,LAL,0.0
2024-25,new,ATL,MEM,0.00011848659629798544
2024-25,new,ATL,MIA,0.050889926362262895
2024-25,new,ATL,MIL,0.0
2024-25,new,ATL,MIN,0.005385349843257604
2024-25,new,ATL,NOP,0.0012643527414653412
2024-25,new,ATL,NYK,0.0008432516251916227
2024-25,new,ATL,OKC,0.04879368012265904
2024-25,new,ATL,ORL,0.02423457968438564
2024-25,new,ATL,PHI,0.0029757185352808184
2024-25,new,ATL,PHX,0.0
2024-25,new,ATL,POR,0.0012147251467835238
2024-25,new,ATL,SAC,0.002332963708107244
2024-25,new,ATL,SAS,0.14703505711056564
2024-25,new,ATL,TOR,0.001031748327212138
2024-25,new,ATL,UTA,0.0032515687381878466
2024-25,new,ATL,WAS,0.021110837823712855
2024-25,new,BKN,ATL,0.01955383481879334
2024-25,new,BKN,BOS,6.034482848541489e-05
2024-25,new,BKN,CHA,0.00033053869192239797
2024-25,new,BKN,CHI,0.0007901030854492908
2024-25,new,BKN,CLE,0.0
2024-25,new,BKN,DAL,0.0
2024-25,new,BKN,DEN,0.0
2024-25,new,BKN,DET,0.0
2024-25,new,BKN,GSW,1.6338810884431516e-05
2024-25,new,BKN,HOU,0.0041858836690542
2024-25,new,BKN,IND,0.006140086134205219
2024-25,new,BKN,LAC,0.004173491374782189
2024-25,new,BKN,LAL,0.0
2024-25,new,BKN,MEM,6.6971945790132365e-06
2024-25,new,BKN,MIA,8.556080854967558e-05
2024-25,new,BKN,MIL,0.0
2024-25,new,BKN,MIN,2.1551724459076704e-06
2024-25,new,BKN,NOP,3.776800431149569e-05
2024-25,new,BKN,NYK,0.00015407472422659677
2024-25,new,BKN,OKC,0.00888285398429104
2024-25,new,BKN,ORL,0.007824311388554507
2024-25,new,BKN,PHI,0.00022672215486150454
2024-25,new,BKN,PHX,0.004391163781461915
2024-25,new,BKN,POR,0.00012491170606247984
2024-25,new,BKN,SAC,0.005068428097479698
2024-25,new,BKN,SAS,2.3458970871741195e-06
2024-25,new,BKN,TOR,6.949341159875936e-05
2024-25,new,BKN,UTA,3.184121666859498e-05
2024-25,new,BKN,WAS,0.0002091728310677291
2024-25,new,BOS,ATL,0.0258235166973887
2024-25,new,BOS,BKN,0.022154570539195406
2024-25,new,BOS,CHA,1.9858398881635043e-05
2024-25,new,BOS,CHI,0.005779494333515481
2024-25,new,BOS,CLE,0.0
2024-25,new,BOS,DAL,0.004789831747400277
2024-25,new,BOS,DEN,0.0001524031195218601
2024-25,new,BOS,DET,1.0992058589871359e-07
2024-25,new,BOS,GSW,0.009720762824625653
2024-25,new,BOS,HOU,0.013316540955545799
2024-25,new,BOS,IND,0.008641163831303733
2024-25,new,BOS,LAC,0.00041325430809279335
2024-25,new,BOS,LAL,0.0
2024-25,new,BOS,MEM,5.724485466542114e-07
2024-25,new,BOS,MIA,0.005084020331292665
2024-25,new,BOS,MIL,0.0
2024-25,new,BOS,MIN,0.0019181781692503219
2024-25,new,BOS,NOP,3.117776355429512e-05
2024-25,new,BOS,NYK,5.623479797362861e-05
2024-25,new,BOS,OKC,0.018470848946612172
2024-25,new,BOS,ORL,0.005837762804268859
2024-25,new,BOS,PHI,3.1430934431916774e-05
2024-25,new,BOS,PHX,0.0021282327567741016
2024-25,new,BOS,POR,0.0017396422010009197
2024-25,new,BOS,SAC,0.021096536685669715
2024-25,new,BOS,SAS,6.527077812039344e-05
2024-25,new,BOS,TOR,2.2388360154644114e-05
2024-25,new,BOS,UTA,0.016609016827860264
2024-25,new,BOS,WAS,0.020665524458050602
2024-25,new,CHA,ATL,0.06250970452287255
2024-25,new,CHA,BKN,0.016189033532104574
2024-25,new,CHA,BOS,0.00021875000342020192
2024-25,new,CHA,CHI,0.004412240503637273
2024-25,new,CHA,CLE,0.0
2024-25,new,CHA,DAL,0.016788911382065834
2024-25,new,CHA,DEN,0.008539453113005907
2024-25,new,CHA,DET,3.414269602597264e-05
2024-25,new,CHA,GSW,0.032017866944445535
2024-25,new,CHA,HOU,0.00852532331450393
2024-25,new,CHA,IND,0.010106681179463993
2024-25,new,CHA,LAC,0.0055398706950504206
2024-25,new,CHA,LAL,0.0
2024-25,new,CHA,MEM,0.0024628568363250143
2024-25,new,CHA,MIA,0.023639651485431276
2024-25,new,CHA,MIL,0.0
2024-25,new,CHA,MIN,0.003594087133762007
2024-25,new,CHA,NOP,0.011821387329546266
2024-25,new,CHA,NYK,0.0008738969999734108
2024-25,new,CHA,OKC,0.04478233563129751
2024-25,new,CHA,ORL,0.019275493550146367
2024-25,new,CHA,PHI,0.0014807969341193805
2024-25,new,CHA,PHX,0.004845905163453828
2024-25,new,CHA,POR,0.0055585184753845105
2024-25,new,CHA,SAC,0.037928097689613874
2024-25,new,CHA,SAS,0.0011582777784774076
2024-25,new,CHA,TOR,0.0011332127662902185
2024-25,new,CHA,UTA,0.04711732182233501
2024-25,new,CHA,WAS,0.013591234482060536
2024-25,new,CHI,ATL,0.05121540346012824
2024-25,new,CHI,BKN,0.028969386649079443
2024-25,new,CHI,BOS,0.00041702586346594914
2024-25,new,CHI,CHA,0.0001852094944815631
2024-25,new,CHI,CLE,0.0
2024-25,new,CHI,DAL,0.0070073580461628695
2024-25,new,CHI,DEN,0.00014978820149345225
2024-25,new,CHI,DET,5.7062432602524505e-05
2024-25,new,CHI,GSW,0.005292705153485659
2024-25,new,CHI,HOU,0.00995501083219504
2024-25,new,CHI,IND,0.007516722923294243
2024-25,new,CHI,LAC,0.009376616411770147
2024-25,new,CHI,LAL,0.0
2024-25,new,CHI,MEM,0.003415613435916469
2024-25,new,CHI,MIA,0.08463796276612556
2024-25,new,CHI,MIL,0.0
2024-25,new,CHI,MIN,0.0011908553125732624
2024-25,new,CHI,NOP,0.00027847346505708724
2024-25,new,CHI,NYK,0.0001722523680226118
2024-25,new,CHI,OKC,0.05143210729523802
2024-25,new,CHI,ORL,0.10388589481697008
2024-25,new,CHI,PHI,0.0016888380110095444
2024-25,new,CHI,PHX,0.0022855603510256984
2024-25,new,CHI,POR,0.0015862831406010768
2024-25,new,CHI,SAC,0.0031465809950150733
2024-25,new,CHI,SAS,0.04492100336800156
2024-25,new,CHI,TOR,0.003265746587888849
2024-25,new,CHI,UTA,0.012752429261794858
2024-25,new,CHI,WAS,0.010081990473084435
2024-25,new,CLE,ATL,0.015463333256414632
2024-25,new,CLE,BKN,0.011266289281905255
2024-25,new,CLE,BOS,0.0031260775771505874
2024-25,new,CLE,CHA,0.00016324215303263866
2024-25,new,CLE,CHI,0.0011164253295277737
2024-25,new,CLE,DAL,0.0016548072910386566
2024-25,new,CLE,DEN,4.4332571116628655e-05
2024-25,new,CLE,DET,2.1984117179742718e-07
2024-25,new,CLE,GSW,0.0018721144114758352
2024-25,new,CLE,HOU,0.0015088901148530942
2024-25,new,CLE,IND,0.002182112085504522
2024-25,new,CLE,LAC,0.02281681033038005
2024-25,new,CLE,LAL,0.0
2024-25,new,CLE,MEM,0.000250481879520167
2024-25,new,CLE,MIA,0.04256296267891112
2024-25,new,CLE,MIL,0.0
2024-25,new,CLE,MIN,0.00020381326562544233
2024-25,new,CLE,NOP,0.0010823996561432083
2024-25,new,CLE,NYK,0.00026353244767254484
2024-25,new,CLE,OKC,0.04104552333841996
2024-25,new,CLE,ORL,0.044096870178545265
2024-25,new,CLE,PHI,0.0007110784251671216
2024-25,new,CLE,PHX,0.027915948302854366
2024-25,new,CLE,POR,0.001096531196176666
2024-25,new,CLE,SAC,0.0023822500035810905
2024-25,new,CLE,SAS,0.02490921530302071
2024-25,new,CLE,TOR,0.00022366209655646786
2024-25,new,CLE,UTA,0.01738498059155408
2024-25,new,CLE,WAS,0.018581649407353903
2024-25,new,DAL,ATL,0.06341556122902586
2024-25,new,DAL,BKN,0.028367011422178155
2024-25,new,DAL,BOS,7.543103560676865e-06
2024-25,new,DAL,CHA,2.853554843945878e-05
2024-25,new,DAL,CHI,0.026830027932863206
2024-25,new,DAL,CLE,0.0
2024-25,new,DAL,DEN,0.0019386250199869344
2024-25,new,DAL,DET,0.00047322964582695325
2024-25,new,DAL,GSW,0.03248989088116585
2024-25,new,DAL,HOU,0.022044450488937054
2024-25,new,DAL,IND,0.01104903264623281
2024-25,new,DAL,LAC,0.0018313577789451992
2024-25,new,DAL,LAL,0.0
2024-25,new,DAL,MEM,0.026958455167989795
2024-25,new,DAL,MIA,0.05052067736576586
2024-25,new,DAL,MIL,0.0
2024-25,new,DAL,MIN,0.008966889424360473
2024-25,new,DAL,NOP,0.0014752390397445123
2024-25,new,DAL,NYK,9.031737941346944e-05
2024-25,new,DAL,OKC,0.09446887902766803
2024-25,new,DAL,ORL,0.007933095557090162
2024-25,new,DAL,PHI,0.0002046044088052325
2024-25,new,DAL,PHX,0.0
2024-25,new,DAL,POR,0.0073322652277056696
2024-25,new,DAL,SAC,0.03471134230974272
2024-25,new,DAL,SAS,0.004039141948589534
2024-25,new,DAL,TOR,0.00010386344463238231
2024-25,new,DAL,UTA,0.033806158933054095
2024-25,new,DAL,WAS,0.027139366425133187
2024-25,new,DEN,ATL,0.05888400031370584
2024-25,new,DEN,BKN,0.07699408887758027
2024-25,new,DEN,BOS,0.0011239224414598063
2024-25,new,DEN,CHA,0.00015084715394262464
2024-25,new,DEN,CHI,0.00017720761717087213
2024-25,new,DEN,CLE,0.0
2024-25,new,DEN,DAL,0.002762915270612242
2024-25,new,DEN,DET,0.0006813738824532796
2024-25,new,DEN,GSW,0.001817160935164796
2024-25,new,DEN,HOU,0.003705818930516373
2024-25,new,DEN,IND,0.025262984922361467
2024-25,new,DEN,LAC,0.003098060406507635
2024-25,new,DEN,LAL,0.0
2024-25,new,DEN,MEM,0.014686173629881671
2024-25,new,DEN,MIA,0.07127646860539114
2024-25,new,DEN,MIL,0.0
2024-25,new,DEN,MIN,0.004257355035213563
2024-25,new,DEN,NOP,0.004129451931669986
2024-25,new,DEN,NYK,0.0041835383378391955
2024-25,new,DEN,OKC,0.08235278927638764
2024-25,new,DEN,ORL,0.28252652047900795
2024-25,new,DEN,PHI,9.041425468658782e-05
2024-25,new,DEN,PHX,3.2327586688615123e-06
2024-25,new,DEN,POR,0.0004109947635530526
2024-25,new,DEN,SAC,0.0020421787965272213
2024-25,new,DEN,SAS,0.0016289117197377657
2024-25,new,DEN,TOR,1.909222808834356e-05
2024-25,new,DEN,UTA,0.02855225140538008
2024-25,new,DEN,WAS,0.012168229331470496
2024-25,new,DET,ATL,0.00410093547059193
2024-25,new,DET,BKN,0.04393784124093042
2024-25,new,DET,BOS,8.728448494241153e-05
2024-25,new,DET,CHA,0.0021307956525463555
2024-25,new,DET,CHI,0.0036571153470032467
2024-25,new,DET,CLE,0.0
2024-25,new,DET,DAL,0.0024435873604106073
2024-25,new,DET,DEN,4.3784063413552536e-06
2024-25,new,DET,GSW,0.0007177106852697711
2024-25,new,DET,HOU,0.0005608835907307738
2024-25,new,DET,IND,0.01800713472345015
2024-25,new,DET,LAC,0.004225754320344503
2024-25,new,DET,LAL,0.0
2024-25,new,DET,MEM,3.040070252333874e-05
2024-25,new,DET,MIA,0.02878270754536897
2024-25,new,DET,MIL,0.0
2024-25,new,DET,MIN,0.08436026856628373
2024-25,new,DET,NOP,0.002865753345497425
2024-25,new,DET,NYK,0.004148250541240383
2024-25,new,DET,OKC,0.042736981771687325
2024-25,new,DET,ORL,0.014080225075341127
2024-25,new,DET,PHI,0.0028313390176963027
2024-25,new,DET,PHX,0.0037941810385934234
2024-25,new,DET,POR,0.001067461095205512
2024-25,new,DET,SAC,0.005855285601992248
2024-25,new,DET,SAS,0.04716194870911817
2024-25,new,DET,TOR,0.0011464881117330768
2024-25,new,DET,UTA,0.008566550242464055
2024-25,new,DET,WAS,0.010973704064425462
2024-25,new,GSW,ATL,0.030379675020377167
2024-25,new,GSW,BKN,0.03572709733822751
2024-25,new,GSW,BOS,0.0002187500020553326
2024-25,new,GSW,CHA,7.661383133112457e-05
2024-25,new,GSW,CHI,0.0010254891800932722
2024-25,new,GSW,CLE,0.0
2024-25,new,GSW,DAL,0.025209602111965514
2024-25,new,GSW,DEN,0.033279234649841595
2024-25,new,GSW,DET,0.002197739607347293
2024-25,new,GSW,HOU,0.007154364219870707
2024-25,new,GSW,IND,0.025024597047595257
2024-25,new,GSW,LAC,0.002307112106936984
2024-25,new,GSW,LAL,0.0
2024-25,new,GSW,MEM,0.028201208897282837
2024-25,new,GSW,MIA,0.23191043591156618
2024-25,new,GSW,MIL,0.0
2024-25,new,GSW,MIN,0.006670592490426001
2024-25,new,GSW,NOP,0.00205947675005094
2024-25,new,GSW,NYK,0.00010370006165048599
2024-25,new,GSW,OKC,0.1884706042478409
2024-25,new,GSW,ORL,0.10573937912827377
2024-25,new,GSW,PHI,0.0002869564176772354
2024-25,new,GSW,PHX,0.0
2024-25,new,GSW,POR,0.0013385589964600604
2024-25,new,GSW,SAC,0.03480528143199453
2024-25,new,GSW,SAS,0.010275109938146301
2024-25,new,GSW,TOR,0.00015674504529621474
2024-25,new,GSW,UTA,0.05875988099749122
2024-25,new,GSW,WAS,0.003904342912496137
2024-25,new,HOU,ATL,0.073655341437625
2024-25,new,HOU,BKN,0.10656868675502813
2024-25,new,HOU,BOS,0.00031681034818355897
2024-25,new,HOU,CHA,4.377092931538486e-05
2024-25,new,HOU,CHI,0.011589955642994188
2024-25,new,HOU,CLE,0.0
2024-25,new,HOU,DAL,0.0013816704004872425
2024-25,new,HOU,DEN,0.00019027737652506447
2024-25,new,HOU,DET,0.0009879144725220305
2024-25,new,HOU,GSW,0.008383887703811443
2024-25,new,HOU,IND,0.03380665525123137
2024-25,new,HOU,LAC,0.02180037735973421
2024-25,new,HOU,LAL,0.0
2024-25,new,HOU,MEM,0.01705195423726729
2024-25,new,HOU,MIA,0.04609863539441336
2024-25,new,HOU,MIL,0.0
2024-25,new,HOU,MIN,0.0031971578643746872
2024-25,new,HOU,NOP,0.00014814574515354637
2024-25,new,HOU,NYK,5.905021568134154e-05
2024-25,new,HOU,OKC,0.09288526291533214
2024-25,new,HOU,ORL,0.15959596385567987
2024-25,new,HOU,PHI,0.0004383803942474663
2024-25,new,HOU,PHX,0.004716594843193887
2024-25,new,HOU,POR,6.420123428756205e-05
2024-25,new,HOU,SAC,0.0017817409120736752
2024-25,new,HOU,SAS,0.005726787470056446
2024-25,new,HOU,TOR,0.002228861990506777
2024-25,new,HOU,UTA,0.0424551521995526
2024-25,new,HOU,WAS,0.02511610537182269
2024-25,new,IND,ATL,0.03441291140544566
2024-25,new,IND,BKN,0.10418186354966766
2024-25,new,IND,BOS,3.017241424270747e-05
2024-25,new,IND,CHA,6.785288798964251e-05
2024-25,new,IND,CHI,0.0012256250333658723
2024-25,new,IND,CLE,0.0
2024-25,new,IND,DAL,0.009551260813178086
2024-25,new,IND,DEN,0.00016875979468286974
2024-25,new,IND,DET,0.0005046975479594635
2024-25,new,IND,GSW,0.013687418494266303
2024-25,new,IND,HOU,0.012956357763714866
2024-25,new,IND,LAC,0.0002004310438521849
2024-25,new,IND,LAL,0.0
2024-25,new,IND,MEM,0.0007918548226055381
2024-25,new,IND,MIA,0.04408554818307732
2024-25,new,IND,MIL,0.0
2024-25,new,IND,MIN,0.012330635808024184
2024-25,new,IND,NOP,0.0019260991486298332
2024-25,new,IND,NYK,0.002611761636978077
2024-25,new,IND,OKC,0.09239285387249188
2024-25,new,IND,ORL,0.0350180770642657
2024-25,new,IND,PHI,7.603689595486258e-05
2024-25,new,IND,PHX,0.0
2024-25,new,IND,POR,0.002598359780021495
2024-25,new,IND,SAC,0.008035356799644452
2024-25,new,IND,SAS,0.001923951513481537
2024-25,new,IND,TOR,1.007700532347743e-05
2024-25,new,IND,UTA,0.04870382160971311
2024-25,new,IND,WAS,0.01586475009729106
2024-25,new,LAC,ATL,0.05845061760677172
2024-25,new,LAC,BKN,0.04300458229217712
2024-25,new,LAC,BOS,0.00039008621238814347
2024-25,new,LAC,CHA,0.0009073441079035254
2024-25,new,LAC,CHI,0.023146441434529662
2024-25,new,LAC,CLE,0.0
2024-25,new,LAC,DAL,0.021155885362863672
2024-25,new,LAC,DEN,0.036246447452871505
2024-25,new,LAC,DET,0.0001889799003996312
2024-25,new,LAC,GSW,0.07073656864140225
2024-25,new,LAC,HOU,0.004377155238581854
2024-25,new,LAC,IND,0.03135452608682279
2024-25,new,LAC,LAL,0.0
2024-25,new,LAC,MEM,0.09046746348095618
2024-25,new,LAC,MIA,0.10325618845187051
2024-25,new,LAC,MIL,0.0
2024-25,new,LAC,MIN,0.00999510321225396
2024-25,new,LAC,NOP,7.675731133846446e-05
2024-25,new,LAC,NYK,0.0012174881855077048
2024-25,new,LAC,OKC,0.45839319857784905
2024-25,new,LAC,ORL,0.05408774601713402
2024-25,new,LAC,PHI,9.196674515419936e-05
2024-25,new,LAC,PHX,0.003141163772550123
2024-25,new,LAC,POR,0.0009108794832778385
2024-25,new,LAC,SAC,0.05405084824180885
2024-25,new,LAC,SAS,0.00529377774158196
2024-25,new,LAC,TOR,3.16493195175539e-05
2024-25,new,LAC,UTA,0.07875698511490445
2024-25,new,LAC,WAS,0.013759168102535003
2024-25,new,LAL,ATL,0.3432130827218105
2024-25,new,LAL,BKN,0.05739645907295929
2024-25,new,LAL,BOS,0.00029310345312516235
2024-25,new,LAL,CHA,0.0005380121493368988
2024-25,new,LAL,CHI,5.0265908927219155e-05
2024-25,new,LAL,CLE,0.0
2024-25,new,LAL,DAL,0.011423929089307505
2024-25,new,LAL,DEN,0.001993280642470321
2024-25,new,LAL,DET,8.539236150681972e-06
2024-25,new,LAL,GSW,0.023536826449175183
2024-25,new,LAL,HOU,0.0008348599255711226
2024-25,new,LAL,IND,0.0383114223687203
2024-25,new,LAL,LAC,0.0025673491561560534
2024-25,new,LAL,MEM,0.021498011230192553
2024-25,new,LAL,MIA,0.022237499524874083
2024-25,new,LAL,MIL,0.0
2024-25,new,LAL,MIN,0.0031800438227043634
2024-25,new,LAL,NOP,0.001237743706499918
2024-25,new,LAL,NYK,0.00012587874529577608
2024-25,new,LAL,OKC,0.04330857003272462
2024-25,new,LAL,ORL,0.07101530809208009
2024-25,new,LAL,PHI,0.00016504459935370912
2024-25,new,LAL,PHX,0.0014030172393239776
2024-25,new,LAL,POR,0.00010822742880325418
2024-25,new,LAL,SAC,0.008449942998863945
2024-25,new,LAL,SAS,0.005484924404129208
2024-25,new,LAL,TOR,0.00013827353406150442
2024-25,new,LAL,UTA,0.09996295634087088
2024-25,new,LAL,WAS,0.02008693053383755
2024-25,new,MEM,ATL,0.04156238095570053
2024-25,new,MEM,BKN,0.06406154963950783
2024-25,new,MEM,BOS,0.00019504309631884103
2024-25,new,MEM,CHA,0.00011195085555092695
2024-25,new,MEM,CHI,0.01060398735983729
2024-25,new,MEM,CLE,0.0
2024-25,new,MEM,DAL,0.00406049845875899
2024-25,new,MEM,DEN,0.008957077299703674
2024-25,new,MEM,DET,0.001086372996083523
2024-25,new,MEM,GSW,0.042333188588155705
2024-25,new,MEM,HOU,0.0024108298088158964
2024-25,new,MEM,IND,0.031244309829908924
2024-25,new,MEM,LAC,0.008823545310096334
2024-25,new,MEM,LAL,0.0
2024-25,new,MEM,MIA,0.04174618405647641
2024-25,new,MEM,MIL,0.0
2024-25,new,MEM,MIN,0.0070774606973771775
2024-25,new,MEM,NOP,0.001421285769947665
2024-25,new,MEM,NYK,0.00010350078902073733
2024-25,new,MEM,OKC,0.09209164088020771
2024-25,new,MEM,ORL,0.050773216188491496
2024-25,new,MEM,PHI,0.0005271914473137512
2024-25,new,MEM,PHX,0.008601293115924788
2024-25,new,MEM,POR,0.0014879929639972874
2024-25,new,MEM,SAC,0.011967055782115927
2024-25,new,MEM,SAS,0.026826091343627356
2024-25,new,MEM,TOR,0.0008472149483257545
2024-25,new,MEM,UTA,0.058341497347062614
2024-25,new,MEM,WAS,0.16078330280529066
2024-25,new,MIA,ATL,0.009280697811932274
2024-25,new,MIA,BKN,0.04638478306585661
2024-25,new,MIA,BOS,6.465517337723024e-06
2024-25,new,MIA,CHA,0.0004036808588110477
2024-25,new,MIA,CHI,0.019679022548769895
2024-25,new,MIA,CLE,0.0
2024-25,new,MIA,DAL,0.004546874053612845
2024-25,new,MIA,DEN,0.0001487755282827273
2024-25,new,MIA,DET,0.014644738654652455
2024-25,new,MIA,GSW,0.014135444508205098
2024-25,new,MIA,HOU,0.0010382543088755863
2024-25,new,MIA,IND,0.010753649648311433
2024-25,new,MIA,LAC,0.0018917026098592782
2024-25,new,MIA,LAL,0.0
2024-25,new,MIA,MEM,0.006770816843652055
2024-25,new,MIA,MIL,0.0
2024-25,new,MIA,MIN,0.01703669283505111
2024-25,new,MIA,NOP,0.011115689277382353
2024-25,new,MIA,NYK,0.0014750858937949275
2024-25,new,MIA,OKC,0.1524530961242446
2024-25,new,MIA,ORL,0.055253858565332006
2024-25,new,MIA,PHI,0.0034084977081280756
2024-25,new,MIA,PHX,0.0
2024-25,new,MIA,POR,0.0006093323737605095
2024-25,new,MIA,SAC,0.013500550630877722
2024-25,new,MIA,SAS,0.05233201132045791
2024-25,new,MIA,TOR,0.002989904459033998
2024-25,new,MIA,UTA,0.06184672717551698
2024-25,new,MIA,WAS,0.025575941585194124
2024-25,new,MIL,ATL,0.010913684794446661
2024-25,new,MIL,BKN,0.13758020482327538
2024-25,new,MIL,BOS,0.00080495691745831
2024-25,new,MIL,CHA,0.0001281392752243184
2024-25,new,MIL,CHI,0.00032716345941699175
2024-25,new,MIL,CLE,0.0
2024-25,new,MIL,DAL,0.002360309768531307
2024-25,new,MIL,DEN,0.0024211101426515396
2024-25,new,MIL,DET,0.007049183263810968
2024-25,new,MIL,GSW,0.012213557483738199
2024-25,new,MIL,HOU,0.0001581357817912219
2024-25,new,MIL,IND,0.011048159568887026
2024-25,new,MIL,LAC,0.00033755388891661614
2024-25,new,MIL,LAL,0.0
2024-25,new,MIL,MEM,0.020167396840526326
2024-25,new,MIL,MIA,0.019976699867166076
2024-25,new,MIL,MIN,0.008409483415164464
2024-25,new,MIL,NOP,0.011122259898376518
2024-25,new,MIL,NYK,0.00015113243999125556
2024-25,new,MIL,OKC,0.03389003881233052
2024-25,new,MIL,ORL,0.03817873095548939
2024-25,new,MIL,PHI,0.0005947702938691938
2024-25,new,MIL,PHX,3.2327586688615123e-06
2024-25,new,MIL,POR,0.00021688606325833033
2024-25,new,MIL,SAC,0.00030257402752797524
2024-25,new,MIL,SAS,0.009523433136504614
2024-25,new,MIL,TOR,0.00016038192944965395
2024-25,new,MIL,UTA,0.09177817821907937
2024-25,new,MIL,WAS,0.012602486118757994
2024-25,new,MIN,ATL,0.04598882664192956
2024-25,new,MIN,BKN,0.04658596123734154
2024-25,new,MIN,BOS,0.0008275862096744622
2024-25,new,MIN,CHA,0.0011346094748133577
2024-25,new,MIN,CHI,0.0009150598846146348
2024-25,new,MIN,CLE,0.0
2024-25,new,MIN,DAL,0.020327536678558362
2024-25,new,MIN,DEN,0.018582904066748628
2024-25,new,MIN,DET,0.00417270946277493
2024-25,new,MIN,GSW,0.10996674681711613
2024-25,new,MIN,HOU,0.002076778060772681
2024-25,new,MIN,IND,0.027335043192611805
2024-25,new,MIN,LAC,0.005701778033760312
2024-25,new,MIN,LAL,0.0
2024-25,new,MIN,MEM,0.06000916927344592
2024-25,new,MIN,MIA,0.030489848960695447
2024-25,new,MIN,MIL,0.0
2024-25,new,MIN,NOP,0.00021486161505556946
2024-25,new,MIN,NYK,0.0055449057662893516
2024-25,new,MIN,OKC,0.06845108739522904
2024-25,new,MIN,ORL,0.05067048430801952
2024-25,new,MIN,PHI,0.0002940480906805722
2024-25,new,MIN,PHX,0.004338362075645349
2024-25,new,MIN,POR,0.0001561622411426011
2024-25,new,MIN,SAC,0.02086873741177418
2024-25,new,MIN,SAS,0.0055413708052016505
2024-25,new,MIN,TOR,0.00012775049922399178
2024-25,new,MIN,UTA,0.298901952441629
2024-25,new,MIN,WAS,0.01996723897171415
2024-25,new,NOP,ATL,0.08700571171274327
2024-25,new,NOP,BKN,0.015127564640463635
2024-25,new,NOP,BOS,0.0
2024-25,new,NOP,CHA,0.006271818903686808
2024-25,new,NOP,CHI,0.0005836313179109857
2024-25,new,NOP,CLE,0.0
2024-25,new,NOP,DAL,0.006294446994820672
2024-25,new,NOP,DEN,0.001624003711961749
2024-25,new,NOP,DET,1.8520541943440417e-05
2024-25,new,NOP,GSW,0.026152669065675902
2024-25,new,NOP,HOU,0.005414062515924814
2024-25,new,NOP,IND,0.01500648845908426
2024-25,new,NOP,LAC,0.000499461217590704
2024-25,new,NOP,LAL,0.0
2024-25,new,NOP,MEM,0.02265831358110342
2024-25,new,NOP,MIA,0.014599350373415296
2024-25,new,NOP,MIL,0.0
2024-25,new,NOP,MIN,0.011452576534227436
2024-25,new,NOP,NYK,0.009872621037680418
2024-25,new,NOP,OKC,0.07863169536070426
2024-25,new,NOP,ORL,0.010051243385704792
2024-25,new,NOP,PHI,0.0005413068999729375
2024-25,new,NOP,PHX,0.0
2024-25,new,NOP,POR,0.0009316395210400587
2024-25,new,NOP,SAC,0.047717687788302106
2024-25,new,NOP,SAS,0.004098148333180861
2024-25,new,NOP,TOR,0.00013347793314926376
2024-25,new,NOP,UTA,0.09264908414501304
2024-25,new,NOP,WAS,0.015148725760053782
2024-25,new,NYK,ATL,0.04377471386675604
2024-25,new,NYK,BKN,0.06325440737450859
2024-25,new,NYK,BOS,0.0005937500074826952
2024-25,new,NYK,CHA,9.66090792728331e-06
2024-25,new,NYK,CHI,0.00028886098875255845
2024-25,new,NYK,CLE,0.0
2024-25,new,NYK,DAL,0.007202985367165309
2024-25,new,NYK,DEN,0.00018080270687448162
2024-25,new,NYK,DET,4.3968234359485436e-07
2024-25,new,NYK,GSW,0.01235481405462177
2024-25,new,NYK,HOU,0.0011971983209388846
2024-25,new,NYK,IND,0.012418103503175723
2024-25,new,NYK,LAC,0.001702586222271403
2024-25,new,NYK,LAL,0.0
2024-25,new,NYK,MEM,0.009249812729770114
2024-25,new,NYK,MIA,0.028824008434391535
2024-25,new,NYK,MIL,0.0
2024-25,new,NYK,MIN,0.002739523067303111
2024-25,new,NYK,NOP,1.1416168366558812e-05
2024-25,new,NYK,OKC,0.058358789936325255
2024-25,new,NYK,ORL,0.025271142051317627
2024-25,new,NYK,PHI,5.137012178693113e-05
2024-25,new,NYK,PHX,0.0008157327564047842
2024-25,new,NYK,POR,0.0006186328653762493
2024-25,new,NYK,SAC,0.023711638528754794
2024-25,new,NYK,SAS,0.00020329482429423456
2024-25,new,NYK,TOR,1.170427222279676e-05
2024-25,new,NYK,UTA,0.02037702254661828
2024-25,new,NYK,WAS,0.010540508769691936
2024-25,new,OKC,ATL,0.05646559176756673
2024-25,new,OKC,BKN,0.0512306640955281
2024-25,new,OKC,BOS,0.0013771551816949047
2024-25,new,OKC,CHA,5.663216770841717e-05
2024-25,new,OKC,CHI,0.0030273188610947625
2024-25,new,OKC,CLE,0.0
2024-25,new,OKC,DAL,0.013411814150694578
2024-25,new,OKC,DEN,0.0011407918604227152
2024-25,new,OKC,DET,5.892118708194677e-07
2024-25,new,OKC,GSW,0.033088848084471455
2024-25,new,OKC,HOU,0.0014014008837543303
2024-25,new,OKC,IND,0.02773575770168149
2024-25,new,OKC,LAC,0.02488954746874917
2024-25,new,OKC,LAL,0.0
2024-25,new,OKC,MEM,0.014074406234650927
2024-25,new,OKC,MIA,0.028237104069258123
2024-25,new,OKC,MIL,0.0
2024-25,new,OKC,MIN,0.01741166339970081
2024-25,new,OKC,NOP,9.435880867039061e-05
2024-25,new,OKC,NYK,6.949100711019221e-05
2024-25,new,OKC,ORL,0.041717052713989206
2024-25,new,OKC,PHI,0.00019799858962643227
2024-25,new,OKC,PHX,0.031925646556573435
2024-25,new,OKC,POR,0.00015457788032290315
2024-25,new,OKC,SAC,0.009322442122214709
2024-25,new,OKC,SAS,0.007965890435799133
2024-25,new,OKC,TOR,0.00010964456368347614
2024-25,new,OKC,UTA,0.08497697342390673
2024-25,new,OKC,WAS,0.03684312279999801
2024-25,new,ORL,ATL,0.02042967281100473
2024-25,new,ORL,BKN,0.022907207219049174
2024-25,new,ORL,BOS,6.465517337723023e-06
2024-25,new,ORL,CHA,0.0005182201148544104
2024-25,new,ORL,CHI,0.07478899567612572
2024-25,new,ORL,CLE,0.0
2024-25,new,ORL,DAL,0.011304414026337323
2024-25,new,ORL,DEN,0.00031587596152499414
2024-25,new,ORL,DET,0.011147115572750704
2024-25,new,ORL,GSW,0.011316981132783238
2024-25,new,ORL,HOU,0.008552262912070828
2024-25,new,ORL,IND,0.007334465920292997
2024-25,new,ORL,LAC,0.006546605652567514
2024-25,new,ORL,LAL,0.0
2024-25,new,ORL,MEM,0.021363750830591804
2024-25,new,ORL,MIA,0.09614295351706066
2024-25,new,ORL,MIL,0.0
2024-25,new,ORL,MIN,0.008730611885248355
2024-25,new,ORL,NOP,0.0030099346140507253
2024-25,new,ORL,NYK,0.0006294229676611534
2024-25,new,ORL,OKC,0.11579636430225261
2024-25,new,ORL,PHI,0.0019142058288996113
2024-25,new,ORL,PHX,0.0
2024-25,new,ORL,POR,0.0027925655680366775
2024-25,new,ORL,SAC,0.022879885047755216
2024-25,new,ORL,SAS,0.09376915170677415
2024-25,new,ORL,TOR,0.0008394473071194337
2024-25,new,ORL,UTA,0.02940017473538383
2024-25,new,ORL,WAS,0.006778955974782427
2024-25,new,PHI,ATL,0.0012245166315803095
2024-25,new,PHI,BKN,0.0012840642116677403
2024-25,new,PHI,BOS,2.6939655573845946e-05
2024-25,new,PHI,CHA,1.4956542495051248e-05
2024-25,new,PHI,CHI,0.005908079232842187
2024-25,new,PHI,CLE,0.0
2024-25,new,PHI,DAL,0.0003518258132746556
2024-25,new,PHI,DEN,1.5639929197003107e-07
2024-25,new,PHI,DET,0.0026044678066321123
2024-25,new,PHI,GSW,0.0007132471200574008
2024-25,new,PHI,HOU,0.0005234374956565043
2024-25,new,PHI,IND,2.475368804880419e-05
2024-25,new,PHI,LAC,0.005918372874529551
2024-25,new,PHI,LAL,0.0
2024-25,new,PHI,MEM,3.3847774453247385e-06
2024-25,new,PHI,MIA,0.002868131394313726
2024-25,new,PHI,MIL,0.0
2024-25,new,PHI,MIN,0.0001450401076628644
2024-25,new,PHI,NOP,8.583848063652804e-05
2024-25,new,PHI,NYK,1.2652585024843558e-05
2024-25,new,PHI,OKC,0.00820899991414536
2024-25,new,PHI,ORL,0.005474555451998632
2024-25,new,PHI,PHX,0.006037715539850036
2024-25,new,PHI,POR,4.753894807351992e-06
2024-25,new,PHI,SAC,0.002214095724910815
2024-25,new,PHI,SAS,0.012354104901574346
2024-25,new,PHI,TOR,0.000821764562021853
2024-25,new,PHI,UTA,0.00012603202395022913
2024-25,new,PHI,WAS,1.1103520138908319e-05
2024-25,new,PHX,ATL,0.028830597285164013
2024-25,new,PHX,BKN,0.012076366981661655
2024-25,new,PHX,BOS,0.00021120690114410782
2024-25,new,PHX,CHA,0.0005561650780240504
2024-25,new,PHX,CHI,0.0020745844255090637
2024-25,new,PHX,CLE,0.0
2024-25,new,PHX,DAL,0.01674080755953931
2024-25,new,PHX,DEN,0.006782062888310362
2024-25,new,PHX,DET,4.545311506037391e-05
2024-25,new,PHX,GSW,0.006223926564020726
2024-25,new,PHX,HOU,0.04148760766501474
2024-25,new,PHX,IND,0.008804957004472744
2024-25,new,PHX,LAC,0.0001627155209706839
2024-25,new,PHX,LAL,0.0
2024-25,new,PHX,MEM,0.01759817976264517
2024-25,new,PHX,MIA,0.05530054589652794
2024-25,new,PHX,MIL,0.0
2024-25,new,PHX,MIN,0.00032571021727185437
2024-25,new,PHX,NOP,0.00010372722838221485
2024-25,new,PHX,NYK,0.0001832782216703164
2024-25,new,PHX,OKC,0.03430513912662647
2024-25,new,PHX,ORL,0.045187274486343194
2024-25,new,PHX,PHI,0.0027938536347921405
2024-25,new,PHX,POR,0.0048115741871530724
2024-25,new,PHX,SAC,0.035711330497980705
2024-25,new,PHX,SAS,0.002541051840627821
2024-25,new,PHX,TOR,0.0009178533994977474
2024-25,new,PHX,UTA,0.024746624028588092
2024-25,new,PHX,WAS,0.003982966995957609
2024-25,new,POR,ATL,0.06231962283852274
2024-25,new,POR,BKN,0.027147372333795286
2024-25,new,POR,BOS,0.0002575431065633894
2024-25,new,POR,CHA,3.195481865787162e-05
2024-25,new,POR,CHI,0.0160292411910335
2024-25,new,POR,CLE,0.0
2024-25,new,POR,DAL,0.007502704628943485
2024-25,new,POR,DEN,0.0001159886306007552
2024-25,new,POR,DET,8.817625928026312e-06
2024-25,new,POR,GSW,0.005792247615165274
2024-25,new,POR,HOU,0.007072198263084485
2024-25,new,POR,IND,0.008881465385523464
2024-25,new,POR,LAC,0.005088631500678682
2024-25,new,POR,LAL,0.0
2024-25,new,POR,MEM,3.878748038300124e-05
2024-25,new,POR,MIA,0.02729800145434598
2024-25,new,POR,MIL,0.0
2024-25,new,POR,MIN,0.00047333720893869534
2024-25,new,POR,NOP,5.164458529838911e-05
2024-25,new,POR,NYK,2.9703318403358865e-05
2024-25,new,POR,OKC,0.03530842726553961
2024-25,new,POR,ORL,0.027711526380340884
2024-25,new,POR,PHI,0.0001159533776937065
2024-25,new,POR,PHX,0.004964439631439745
2024-25,new,POR,SAC,0.009060596535153537
2024-25,new,POR,SAS,0.0063622550009618155
2024-25,new,POR,TOR,0.0008271780775393282
2024-25,new,POR,UTA,0.008764982119630761
2024-25,new,POR,WAS,0.023008017849624755
2024-25,new,SAC,ATL,0.08741295580363938
2024-25,new,SAC,BKN,0.006626377685326259
2024-25,new,SAC,BOS,0.00011961207106902167
2024-25,new,SAC,CHA,3.216368878552838e-05
2024-25,new,SAC,CHI,0.007514828569502566
2024-25,new,SAC,CLE,0.0
2024-25,new,SAC,DAL,0.01299722887328435
2024-25,new,SAC,DEN,8.091762632461568e-05
2024-25,new,SAC,DET,2.2794698577007662e-06
2024-25,new,SAC,GSW,0.016411397710473247
2024-25,new,SAC,HOU,0.013489762942752288
2024-25,new,SAC,IND,0.0009547413743486433
2024-25,new,SAC,LAC,0.006204471986516026
2024-25,new,SAC,LAL,0.0
2024-25,new,SAC,MEM,0.00503298042602905
2024-25,new,SAC,MIA,0.011008316348460416
2024-25,new,SAC,MIL,0.0
2024-25,new,SAC,MIN,0.0046199779490730015
2024-25,new,SAC,NOP,0.002102570605545951
2024-25,new,SAC,NYK,2.865289455533736e-05
2024-25,new,SAC,OKC,0.02184802149473954
2024-25,new,SAC,ORL,0.0017458532112298766
2024-25,new,SAC,PHI,0.0004273249058281755
2024-25,new,SAC,PHX,0.0059601293547592825
2024-25,new,SAC,POR,0.007594629437845162
2024-25,new,SAC,SAS,0.0003314002351169803
2024-25,new,SAC,TOR,4.2850160301122506e-05
2024-25,new,SAC,UTA,0.012955006854779058
2024-25,new,SAC,WAS,0.007473422617091215
2024-25,new,SAS,ATL,0.03325744116235038
2024-25,new,SAS,BKN,0.021753548737248697
2024-25,new,SAS,BOS,0.0013717672390991759
2024-25,new,SAS,CHA,0.0015885215260578337
2024-25,new,SAS,CHI,0.0010766520461022399
2024-25,new,SAS,CLE,0.0
2024-25,new,SAS,DAL,0.008576977422847413
2024-25,new,SAS,DEN,0.007625796332733116
2024-25,new,SAS,DET,2.1711208262998077e-05
2024-25,new,SAS,GSW,0.019520502989940403
2024-25,new,SAS,HOU,0.0016126077785357379
2024-25,new,SAS,IND,0.0068157865185688535
2024-25,new,SAS,LAC,0.0025635775927743266
2024-25,new,SAS,LAL,0.0
2024-25,new,SAS,MEM,0.027092555856882913
2024-25,new,SAS,MIA,0.012188090104436394
2024-25,new,SAS,MIL,0.0
2024-25,new,SAS,MIN,0.0011483158006991552
2024-25,new,SAS,NOP,8.337577121231488e-05
2024-25,new,SAS,NYK,0.00214686149510784
2024-25,new,SAS,OKC,0.10417180618040264
2024-25,new,SAS,ORL,0.019829796287279218
2024-25,new,SAS,PHI,0.0007094516179098531
2024-25,new,SAS,PHX,0.003488146546296775
2024-25,new,SAS,POR,0.002001474458194386
2024-25,new,SAS,SAC,0.007782429381761286
2024-25,new,SAS,TOR,9.935610612553664e-05
2024-25,new,SAS,UTA,0.03078437939645906
2024-25,new,SAS,WAS,0.008075439399538593
2024-25,new,TOR,ATL,0.004897958398201023
2024-25,new,TOR,BKN,0.008112468955447231
2024-25,new,TOR,BOS,0.0
2024-25,new,TOR,CHA,9.610201422425752e-05
2024-25,new,TOR,CHI,0.004075854868045247
2024-25,new,TOR,CLE,0.0
2024-25,new,TOR,DAL,0.0015755496700834866
2024-25,new,TOR,DEN,7.877538645034134e-07
2024-25,new,TOR,DET,4.009662100482445e-05
2024-25,new,TOR,GSW,0.004660764707577509
2024-25,new,TOR,HOU,0.010838092618866762
2024-25,new,TOR,IND,0.0008760775815984549
2024-25,new,TOR,LAC,7.031250142909842e-05
2024-25,new,TOR,LAL,0.0
2024-25,new,TOR,MEM,2.1484791065195848e-05
2024-25,new,TOR,MIA,0.0043124465773236005
2024-25,new,TOR,MIL,0.0
2024-25,new,TOR,MIN,0.011958481906250462
2024-25,new,TOR,NOP,0.0017408467515009824
2024-25,new,TOR,NYK,0.00023169383858803993
2024-25,new,TOR,OKC,0.011447556012636393
2024-25,new,TOR,ORL,0.0008108668147825377
2024-25,new,TOR,PHI,0.004026646148392143
2024-25,new,TOR,PHX,0.0
2024-25,new,TOR,POR,0.0008381953060277664
2024-25,new,TOR,SAC,0.00836391829811731
2024-25,new,TOR,SAS,0.00043143490142840383
2024-25,new,TOR,UTA,0.0015669898249714054
2024-25,new,TOR,WAS,0.0014863777046604592
2024-25,new,UTA,ATL,0.012448890440421544
2024-25,new,UTA,BKN,0.028526814494626303
2024-25,new,UTA,BOS,0.0010344827560515239
2024-25,new,UTA,CHA,0.0005000217595319368
2024-25,new,UTA,CHI,0.003112140659270481
2024-25,new,UTA,CLE,0.0
2024-25,new,UTA,DAL,0.0013212565801594797
2024-25,new,UTA,DEN,0.015697379759220673
2024-25,new,UTA,DET,1.7095063023897056e-05
2024-25,new,UTA,GSW,0.049941805439043786
2024-25,new,UTA,HOU,0.0003407866486693444
2024-25,new,UTA,IND,0.013560777755806941
2024-25,new,UTA,LAC,0.0064256466074308774
2024-25,new,UTA,LAL,0.0
2024-25,new,UTA,MEM,0.02410077613264162
2024-25,new,UTA,MIA,0.02781512103144767
2024-25,new,UTA,MIL,0.0
2024-25,new,UTA,MIN,0.019755264078251716
2024-25,new,UTA,NOP,0.005995839433535993
2024-25,new,UTA,NYK,0.009276487871052484
2024-25,new,UTA,OKC,0.054720877633473164
2024-25,new,UTA,ORL,0.044086542946634236
2024-25,new,UTA,PHI,0.0021100838946687545
2024-25,new,UTA,PHX,0.0031864224062782935
2024-25,new,UTA,POR,0.00014266121039337976
2024-25,new,UTA,SAC,0.0026351888082725224
2024-25,new,UTA,SAS,0.0005809440492098005
2024-25,new,UTA,TOR,8.380066890416752e-06
2024-25,new,UTA,WAS,0.015240268692822283
2024-25,new,WAS,ATL,0.01642702114844978
2024-25,new,WAS,BKN,0.0275011723591437
2024-25,new,WAS,BOS,8.943965706717349e-05
2024-25,new,WAS,CHA,0.0008241556089580496
2024-25,new,WAS,CHI,0.003831125271834104
2024-25,new,WAS,CLE,0.0
2024-25,new,WAS,DAL,0.0006191531264951969
2024-25,new,WAS,DEN,8.899181196410126e-07
2024-25,new,WAS,DET,0.010705387014915748
2024-25,new,WAS,GSW,0.0005661824463124789
2024-25,new,WAS,HOU,0.000325700419910798
2024-25,new,WAS,IND,0.006208060818508176
2024-25,new,WAS,LAC,0.0002456896623861494
2024-25,new,WAS,LAL,0.0
2024-25,new,WAS,MEM,0.0002972611630304229
2024-25,new,WAS,MIA,0.041873416756577624
2024-25,new,WAS,MIL,0.0
2024-25,new,WAS,MIN,0.023158079385596872
2024-25,new,WAS,NOP,0.004534554877820942
2024-25,new,WAS,NYK,0.019192846619300017
2024-25,new,WAS,OKC,0.07675487825660314
2024-25,new,WAS,ORL,0.04668150812345254
2024-25,new,WAS,PHI,0.001306547106700695
2024-25,new,WAS,PHX,0.0
2024-25,new,WAS,POR,0.0005109507325137939
2024-25,new,WAS,SAC,0.0022735307196741416
2024-25,new,WAS,SAS,0.03034402657769972
2024-25,new,WAS,TOR,0.0004332705823635353
2024-25,new,WAS,UTA,0.02029798134324541
2024-25,old,ATL,BKN,0.013338435135795764
2024-25,old,ATL,BOS,9.590517424432369e-05
2024-25,old,ATL,CHA,5.0563598199060474e-05
2024-25,old,ATL,CHI,0.014278028535275648
2024-25,old,ATL,CLE,0.0
2024-25,old,ATL,DAL,0.01037346365701933
2024-25,old,ATL,DEN,9.97799141021446e-07
2024-25,old,ATL,DET,0.0015771922175043093
2024-25,old,ATL,GSW,0.0005363297034225464
2024-25,old,ATL,HOU,0.006260237120922881
2024-25,old,ATL,IND,0.004621814667863827
2024-25,old,ATL,LAC,0.00033351293347519016
2024-25,old,ATL,LAL,0.0
2024-25,old,ATL,MEM,1.5433542100905093e-08
2024-25,old,ATL,MIA,0.04274848826311493
2024-25,old,ATL,MIL,0.0
2024-25,old,ATL,MIN,0.005362223117255114
2024-25,old,ATL,NOP,0.000309888049649486
2024-25,old,ATL,NYK,0.0
2024-25,old,ATL,OKC,0.09302755757359872
2024-25,old,ATL,ORL,0.01352146180728779
2024-25,old,ATL,PHI,0.0013531931492776373
2024-25,old,ATL,PHX,0.0
2024-25,old,ATL,POR,0.00998176753086699
2024-25,old,ATL,SAC,0.05044157361122239
2024-25,old,ATL,SAS,0.14759638820176255
2024-25,old,ATL,TOR,0.003613876658139349
2024-25,old,ATL,UTA,0.0036172379760384525
2024-25,old,ATL,WAS,0.020698240979034426
2024-25,old,BKN,ATL,0.03582901826641138
2024-25,old,BKN,BOS,6.034482848541489e-05
2024-25,old,BKN,CHA,0.0005574781812782872
2024-25,old,BKN,CHI,0.0021382953865918663
2024-25,old,BKN,CLE,0.0
2024-25,old,BKN,DAL,3.7270102226901083e-06
2024-25,old,BKN,DEN,1.5089123002574576e-07
2024-25,old,BKN,DET,4.454580339235481e-09
2024-25,old,BKN,GSW,1.502521165515081e-06
2024-25,old,BKN,HOU,0.004243803691532431
2024-25,old,BKN,IND,0.006140088024574822
2024-25,old,BKN,LAC,0.00416163791613332
2024-25,old,BKN,LAL,0.0
2024-25,old,BKN,MEM,3.51468172791803e-05
2024-25,old,BKN,MIA,0.0013613250985497153
2024-25,old,BKN,MIL,0.0
2024-25,old,BKN,MIN,1.5090161077889426e-05
2024-25,old,BKN,NOP,0.001961769678472854
2024-25,old,BKN,NYK,0.0
2024-25,old,BKN,OKC,0.07330994175763084
2024-25,old,BKN,ORL,0.010414204053262712
2024-25,old,BKN,PHI,0.07455090704819356
2024-25,old,BKN,PHX,0.004391163781461915
2024-25,old,BKN,POR,0.0006768397146739726
2024-25,old,BKN,SAC,0.02615321936382016
2024-25,old,BKN,SAS,0.0035718661056947042
2024-25,old,BKN,TOR,0.0041002892439431305
2024-25,old,BKN,UTA,3.715816338451787e-05
2024-25,old,BKN,WAS,3.8488289618921105e-05
2024-25,old,BOS,ATL,0.054675897300255585
2024-25,old,BOS,BKN,0.022810098854458474
2024-25,old,BOS,CHA,0.000113783855304986
2024-25,old,BOS,CHI,0.01641879144964823
2024-25,old,BOS,CLE,0.0
2024-25,old,BOS,DAL,0.009199368975246902
2024-25,old,BOS,DEN,5.674376777760253e-06
2024-25,old,BOS,DET,1.1661160180664743e-06
2024-25,old,BOS,GSW,0.00024088487423768598
2024-25,old,BOS,HOU,0.047180225631776124
2024-25,old,BOS,IND,0.009342672801925578
2024-25,old,BOS,LAC,0.00038766163891052895
2024-25,old,BOS,LAL,0.0
2024-25,old,BOS,MEM,0.00017539448511747532
2024-25,old,BOS,MIA,0.017560265678547647
2024-25,old,BOS,MIL,0.0
2024-25,old,BOS,MIN,0.002849152169183146
2024-25,old,BOS,NOP,0.0006664616885992287
2024-25,old,BOS,NYK,0.0
2024-25,old,BOS,OKC,0.029465351607785486
2024-25,old,BOS,ORL,0.010189329371331976
2024-25,old,BOS,PHI,0.02332843295550012
2024-25,old,BOS,PHX,0.0021282327567741016
2024-25,old,BOS,POR,0.010235244267568909
2024-25,old,BOS,SAC,0.0554720723876959
2024-25,old,BOS,SAS,0.008398654615650031
2024-25,old,BOS,TOR,0.0014498882628375728
2024-25,old,BOS,UTA,0.00972105302886529
2024-25,old,BOS,WAS,0.025427457664421556
2024-25,old,CHA,ATL,0.16679373869274122
2024-25,old,CHA,BKN,0.01674746591124986
2024-25,old,CHA,BOS,0.00021875000342020192
2024-25,old,CHA,CHI,0.007177796945674352
2024-25,old,CHA,CLE,0.0
2024-25,old,CHA,DAL,0.01414503100649458
2024-25,old,CHA,DEN,0.00044202599939492985
2024-25,old,CHA,DET,0.0003860708495984695
2024-25,old,CHA,GSW,0.001458703758959101
2024-25,old,CHA,HOU,0.011699084101389324
2024-25,old,CHA,IND,0.011651725420727472
2024-25,old,CHA,LAC,0.0059671336504959925
2024-25,old,CHA,LAL,0.0
2024-25,old,CHA,MEM,0.0017954359102663809
2024-25,old,CHA,MIA,0.05258231136970453
2024-25,old,CHA,MIL,0.0
2024-25,old,CHA,MIN,0.005657946971361705
2024-25,old,CHA,NOP,0.007228209074924576
2024-25,old,CHA,NYK,0.0
2024-25,old,CHA,OKC,0.04274079228327964
2024-25,old,CHA,ORL,0.02022147321840907
2024-25,old,CHA,PHI,0.0015590150353848615
2024-25,old,CHA,PHX,0.004845905163453828
2024-25,old,CHA,POR,0.013962461713461598
2024-25,old,CHA,SAC,0.008909295734997581
2024-25,old,CHA,SAS,0.010576475053873309
2024-25,old,CHA,TOR,0.0016744270051622647
2024-25,old,CHA,UTA,0.01890018296729158
2024-25,old,CHA,WAS,0.02693954471700307
2024-25,old,CHI,ATL,0.1198816747392521
2024-25,old,CHI,BKN,0.025123291857719072
2024-25,old,CHI,BOS,0.00041702586346594914
2024-25,old,CHI,CHA,7.69490736995073e-06
2024-25,old,CHI,CLE,0.0
2024-25,old,CHI,DAL,0.022356806089937092
2024-25,old,CHI,DEN,6.416980281413704e-06
2024-25,old,CHI,DET,5.7034613321409715e-05
2024-25,old,CHI,GSW,0.00013450787552260466
2024-25,old,CHI,HOU,0.04568938608642604
2024-25,old,CHI,IND,0.0078389311459761
2024-25,old,CHI,LAC,0.009117726409157482
2024-25,old,CHI,LAL,0.0
2024-25,old,CHI,MEM,0.0016132995903421902
2024-25,old,CHI,MIA,0.11436755477671824
2024-25,old,CHI,MIL,0.0
2024-25,old,CHI,MIN,0.001337783220700906
2024-25,old,CHI,NOP,9.61157920337578e-06
2024-25,old,CHI,NYK,0.0
2024-25,old,CHI,OKC,0.07335296469020333
2024-25,old,CHI,ORL,0.04417898043113707
2024-25,old,CHI,PHI,0.0011066639076454756
2024-25,old,CHI,PHX,0.0022855603510256984
2024-25,old,CHI,POR,0.01607687309268232
2024-25,old,CHI,SAC,0.10273485064427768
2024-25,old,CHI,SAS,0.029584348660363177
2024-25,old,CHI,TOR,0.0043738825005964176
2024-25,old,CHI,UTA,0.008619243004463437
2024-25,old,CHI,WAS,0.010116327445000718
2024-25,old,CLE,ATL,0.03496292965879393
2024-25,old,CLE,BKN,0.010976052394998962
2024-25,old,CLE,BOS,0.0031260775771505874
2024-25,old,CLE,CHA,0.000575980912036767
2024-25,old,CLE,CHI,0.004962941312161889
2024-25,old,CLE,DAL,0.009520366003024439
2024-25,old,CLE,DEN,4.873452583076289e-08
2024-25,old,CLE,DET,0.00017570061532627535
2024-25,old,CLE,GSW,7.525025584579034e-05
2024-25,old,CLE,HOU,0.008754310343968522
2024-25,old,CLE,IND,0.002312715212432085
2024-25,old,CLE,LAC,0.022549838335735015
2024-25,old,CLE,LAL,0.0
2024-25,old,CLE,MEM,0.0004036649948343342
2024-25,old,CLE,MIA,0.04988013268300824
2024-25,old,CLE,MIL,0.0
2024-25,old,CLE,MIN,0.0006399328269621479
2024-25,old,CLE,NOP,0.0011071413190859296
2024-25,old,CLE,NYK,0.0
2024-25,old,CLE,OKC,0.05965209139378207
2024-25,old,CLE,ORL,0.03345612825502488
2024-25,old,CLE,PHI,0.019428291790531058
2024-25,old,CLE,PHX,0.027915948302854366
2024-25,old,CLE,POR,0.012512263045751672
2024-25,old,CLE,SAC,0.012386674497699162
2024-25,old,CLE,SAS,0.01519785231700519
2024-25,old,CLE,TOR,0.0036515155008883856
2024-25,old,CLE,UTA,0.017068044432092495
2024-25,old,CLE,WAS,0.020741006933095052
2024-25,old,DAL,ATL,0.13477844590579072
2024-25,old,DAL,BKN,0.036313708978536585
2024-25,old,DAL,BOS,7.543103560676865e-06
2024-25,old,DAL,CHA,5.093073828095678e-06
2024-25,old,DAL,CHI,0.022547745240363695
2024-25,old,DAL,CLE,0.0
2024-25,old,DAL,DEN,0.00011552771435009146
2024-25,old,DAL,DET,0.0014854937313299554
2024-25,old,DAL,GSW,0.00159363915795686
2024-25,old,DAL,HOU,0.022552263064185517
2024-25,old,DAL,IND,0.012479548351486671
2024-25,old,DAL,LAC,0.0013273168343785695
2024-25,old,DAL,LAL,0.0
2024-25,old,DAL,MEM,0.01278905845678948
2024-25,old,DAL,MIA,0.06239032265306389
2024-25,old,DAL,MIL,0.0
2024-25,old,DAL,MIN,0.010886452647792293
2024-25,old,DAL,NOP,0.0019267388256011177
2024-25,old,DAL,NYK,0.0
2024-25,old,DAL,OKC,0.09621669663590109
2024-25,old,DAL,ORL,0.008091144778231786
2024-25,old,DAL,PHI,0.027606999058962526
2024-25,old,DAL,PHX,0.0
2024-25,old,DAL,POR,0.01176701946958474
2024-25,old,DAL,SAC,0.16854472691828465
2024-25,old,DAL,SAS,0.017902038900505082
2024-25,old,DAL,TOR,0.0003527754334972428
2024-25,old,DAL,UTA,0.020749932340481517
2024-25,old,DAL,WAS,0.040365107170967376
2024-25,old,DEN,ATL,0.05789862178868658
2024-25,old,DEN,BKN,0.07988693637422571
2024-25,old,DEN,BOS,0.0011239224414598063
2024-25,old,DEN,CHA,0.0009363992646056742
2024-25,old,DEN,CHI,0.001460297096624956
2024-25,old,DEN,CLE,0.0
2024-25,old,DEN,DAL,0.004186479094381949
2024-25,old,DEN,DET,0.0001296733991914567
2024-25,old,DEN,GSW,9.217016914663438e-05
2024-25,old,DEN,HOU,0.020406519431773375
2024-25,old,DEN,IND,0.025723674427207303
2024-25,old,DEN,LAC,0.0030783944602068188
2024-25,old,DEN,LAL,0.0
2024-25,old,DEN,MEM,0.007909062060926664
2024-25,old,DEN,MIA,0.08004774101058108
2024-25,old,DEN,MIL,0.0
2024-25,old,DEN,MIN,0.004849260998483567
2024-25,old,DEN,NOP,0.0011701477912482697
2024-25,old,DEN,NYK,0.0
2024-25,old,DEN,OKC,0.03809387120256852
2024-25,old,DEN,ORL,0.2583912242433748
2024-25,old,DEN,PHI,0.00045169836018920984
2024-25,old,DEN,PHX,3.2327586688615123e-06
2024-25,old,DEN,POR,0.005327903444529689
2024-25,old,DEN,SAC,0.007475156136244698
2024-25,old,DEN,SAS,0.006029235669233956
2024-25,old,DEN,TOR,0.00046960985831269496
2024-25,old,DEN,UTA,0.02420116501539645
2024-25,old,DEN,WAS,0.012454281967080984
2024-25,old,DET,ATL,0.006690293421594325
2024-25,old,DET,BKN,0.0519153717834143
2024-25,old,DET,BOS,8.728448494241153e-05
2024-25,old,DET,CHA,0.003311397098194761
2024-25,old,DET,CHI,0.007482058588871401
2024-25,old,DET,CLE,0.0
2024-25,old,DET,DAL,0.00664384811793773
2024-25,old,DET,DEN,2.812183876081288e-07
2024-25,old,DET,GSW,0.0005257402907170401
2024-25,old,DET,HOU,0.005623114122989077
2024-25,old,DET,IND,0.017369373945130186
2024-25,old,DET,LAC,0.004259698293894401
2024-25,old,DET,LAL,0.0
2024-25,old,DET,MEM,1.837992557606216e-08
2024-25,old,DET,MIA,0.028173923374292826
2024-25,old,DET,MIL,0.0
2024-25,old,DET,MIN,0.1061605896645434
2024-25,old,DET,NOP,0.001527002248142199
2024-25,old,DET,NYK,0.0
2024-25,old,DET,OKC,0.047323098300839764
2024-25,old,DET,ORL,0.009145693462192208
2024-25,old,DET,PHI,0.004518906501513046
2024-25,old,DET,PHX,0.0037941810385934234
2024-25,old,DET,POR,0.006181400523576364
2024-25,old,DET,SAC,0.007900806551440404
2024-25,old,DET,SAS,0.03883036232422374
2024-25,old,DET,TOR,0.0010383557481327133
2024-25,old,DET,UTA,0.011387858123860596
2024-25,old,DET,WAS,0.0179437389856974
2024-25,old,GSW,ATL,0.033464581934806094
2024-25,old,GSW,BKN,0.038534571871192594
2024-25,old,GSW,BOS,0.0002187500020553326
2024-25,old,GSW,CHA,1.930621239408377e-06
2024-25,old,GSW,CHI,0.005198308492279993
2024-25,old,GSW,CLE,0.0
2024-25,old,GSW,DAL,0.013857419119610376
2024-25,old,GSW,DEN,0.001631575216236032
2024-25,old,GSW,DET,0.001536966334958652
2024-25,old,GSW,HOU,0.0318203116206107
2024-25,old,GSW,IND,0.025285600821616717
2024-25,old,GSW,LAC,0.0018763470163785626
2024-25,old,GSW,LAL,0.0
2024-25,old,GSW,MEM,0.015452474470180281
2024-25,old,GSW,MIA,0.3633128908513564
2024-25,old,GSW,MIL,0.0
2024-25,old,GSW,MIN,0.008886166769399517
2024-25,old,GSW,NOP,0.0006572523794840847
2024-25,old,GSW,NYK,0.0
2024-25,old,GSW,OKC,0.12759080917905516
2024-25,old,GSW,ORL,0.07712318386733241
2024-25,old,GSW,PHI,0.00010697986143536309
2024-25,old,GSW,PHX,0.0
2024-25,old,GSW,POR,0.014587559580340116
2024-25,old,GSW,SAC,0.014667229031529188
2024-25,old,GSW,SAS,0.009110241108754132
2024-25,old,GSW,TOR,0.00010082414318314103
2024-25,old,GSW,UTA,0.028880029014610478
2024-25,old,GSW,WAS,0.013503236725467261
2024-25,old,HOU,ATL,0.07197702073695081
2024-25,old,HOU,BKN,0.09431020420396102
2024-25,old,HOU,BOS,0.00031681034818355897
2024-25,old,HOU,CHA,0.0006036692791884064
2024-25,old,HOU,CHI,0.006747317968940924
2024-25,old,HOU,CLE,0.0
2024-25,old,HOU,DAL,0.0036813124304742703
2024-25,old,HOU,DEN,7.818689133114516e-06
2024-25,old,HOU,DET,0.00039436121047326216
2024-25,old,HOU,GSW,0.00019213354258526316
2024-25,old,HOU,IND,0.03427966431329393
2024-25,old,HOU,LAC,0.023741379771441834
2024-25,old,HOU,LAL,0.0
2024-25,old,HOU,MEM,0.008469997222700334
2024-25,old,HOU,MIA,0.050311212826049515
2024-25,old,HOU,MIL,0.0
2024-25,old,HOU,MIN,0.003372578412538111
2024-25,old,HOU,NOP,5.9864598944833015e-05
2024-25,old,HOU,NYK,0.0
2024-25,old,HOU,OKC,0.05812063259002232
2024-25,old,HOU,ORL,0.1350492605453716
2024-25,old,HOU,PHI,0.0004943279382646868
2024-25,old,HOU,PHX,0.004716594843193887
2024-25,old,HOU,POR,0.005728044060260951
2024-25,old,HOU,SAC,0.006604497240387627
2024-25,old,HOU,SAS,0.008225576325755421
2024-25,old,HOU,TOR,0.0030727258573224423
2024-25,old,HOU,UTA,0.03412225904066002
2024-25,old,HOU,WAS,0.023540042023435202
2024-25,old,IND,ATL,0.11537613603708148
2024-25,old,IND,BKN,0.11303935174067012
2024-25,old,IND,BOS,3.017241424270747e-05
2024-25,old,IND,CHA,0.0026126456997084702
2024-25,old,IND,CHI,0.0018026187909699009
2024-25,old,IND,CLE,0.0
2024-25,old,IND,DAL,0.011122595065756602
2024-25,old,IND,DEN,7.818053152256873e-06
2024-25,old,IND,DET,0.0004492587996744456
2024-25,old,IND,GSW,0.0008243653618058567
2024-25,old,IND,HOU,0.012893318904338986
2024-25,old,IND,LAC,0.0002443426791859534
2024-25,old,IND,LAL,0.0
2024-25,old,IND,MEM,0.0004221661798360187
2024-25,old,IND,MIA,0.04506260435399747
2024-25,old,IND,MIL,0.0
2024-25,old,IND,MIN,0.012539490080753377
2024-25,old,IND,NOP,0.000576536179297499
2024-25,old,IND,NYK,0.0
2024-25,old,IND,OKC,0.08255706666830677
2024-25,old,IND,ORL,0.037289007983661804
2024-25,old,IND,PHI,0.00011109161055092111
2024-25,old,IND,PHX,0.0
2024-25,old,IND,POR,0.004954857097645662
2024-25,old,IND,SAC,0.012323168594408409
2024-25,old,IND,SAS,0.0046328102965354535
2024-25,old,IND,TOR,2.652428027070153e-05
2024-25,old,IND,UTA,0.045009057069155166
2024-25,old,IND,WAS,0.017289827329468613
2024-25,old,LAC,ATL,0.059735421794672824
2024-25,old,LAC,BKN,0.05235297339443981
2024-25,old,LAC,BOS,0.00039008621238814347
2024-25,old,LAC,CHA,0.0011888494270457877
2024-25,old,LAC,CHI,0.012427968527091113
2024-25,old,LAC,CLE,0.0
2024-25,old,LAC,DAL,0.014513892294456892
2024-25,old,LAC,DEN,0.0017796349400857115
2024-25,old,LAC,DET,0.0006203329940215222
2024-25,old,LAC,GSW,0.002440286911666144
2024-25,old,LAC,HOU,0.00771982746405511
2024-25,old,LAC,IND,0.0338867587133162
2024-25,old,LAC,LAL,0.0
2024-25,old,LAC,MEM,0.04711952106956895
2024-25,old,LAC,MIA,0.13356719675982992
2024-25,old,LAC,MIL,0.0
2024-25,old,LAC,MIN,0.016071269958072575
2024-25,old,LAC,NOP,1.2105599167191719e-05
2024-25,old,LAC,NYK,0.0
2024-25,old,LAC,OKC,0.30970538531695035
2024-25,old,LAC,ORL,0.02670692436693773
2024-25,old,LAC,PHI,0.0023391982248177788
2024-25,old,LAC,PHX,0.003141163772550123
2024-25,old,LAC,POR,0.003186233088384251
2024-25,old,LAC,SAC,0.04344820068022895
2024-25,old,LAC,SAS,0.009857825569178018
2024-25,old,LAC,TOR,0.0009302908644881868
2024-25,old,LAC,UTA,0.042842690823685074
2024-25,old,LAC,WAS,0.016325046821880077
2024-25,old,LAL,ATL,0.2965286009959895
2024-25,old,LAL,BKN,0.05683240782999854
2024-25,old,LAL,BOS,0.00029310345312516235
2024-25,old,LAL,CHA,0.0006697747468179983
2024-25,old,LAL,CHI,4.6267328652996496e-05
2024-25,old,LAL,CLE,0.0
2024-25,old,LAL,DAL,0.007906797040751213
2024-25,old,LAL,DEN,0.0001017273597397405
2024-25,old,LAL,DET,0.00010944364963541248
2024-25,old,LAL,GSW,0.0008161981674738984
2024-25,old,LAL,HOU,0.015933190403437915
2024-25,old,LAL,IND,0.03938781456049866
2024-25,old,LAL,LAC,0.0027874461344266632
2024-25,old,LAL,MEM,0.010735223731066713
2024-25,old,LAL,MIA,0.03253357253919052
2024-25,old,LAL,MIL,0.0
2024-25,old,LAL,MIN,0.003915920111085354
2024-25,old,LAL,NOP,0.0010705466089954135
2024-25,old,LAL,NYK,0.0
2024-25,old,LAL,OKC,0.060775129469880444
2024-25,old,LAL,ORL,0.05800857189128257
2024-25,old,LAL,PHI,0.023416026257431936
2024-25,old,LAL,PHX,0.0014030172393239776
2024-25,old,LAL,POR,0.004395269114013558
2024-25,old,LAL,SAC,0.00999453989183539
2024-25,old,LAL,SAS,0.0055755540139838695
2024-25,old,LAL,TOR,0.0002410366847377642
2024-25,old,LAL,UTA,0.06766198587802015
2024-25,old,LAL,WAS,0.021670698586728605
2024-25,old,MEM,ATL,0.09724246853047594
2024-25,old,MEM,BKN,0.07199801341323712
2024-25,old,MEM,BOS,0.00019504309631884103
2024-25,old,MEM,CHA,2.779611310847954e-06
2024-25,old,MEM,CHI,0.024611423885586146
2024-25,old,MEM,CLE,0.0
2024-25,old,MEM,DAL,0.006078667740589967
2024-25,old,MEM,DEN,0.0004683272133833077
2024-25,old,MEM,DET,0.0009785456382151142
2024-25,old,MEM,GSW,0.0012842998242902403
2024-25,old,MEM,HOU,0.013184805913438924
2024-25,old,MEM,IND,0.03326043719915035
2024-25,old,MEM,LAC,0.008237877169258665
2024-25,old,MEM,LAL,0.0
2024-25,old,MEM,MIA,0.043625347171622
2024-25,old,MEM,MIL,0.0
2024-25,old,MEM,MIN,0.008519792584928984
2024-25,old,MEM,NOP,0.0006880913139838118
2024-25,old,MEM,NYK,0.0
2024-25,old,MEM,OKC,0.07884768812123913
2024-25,old,MEM,ORL,0.03529927799462739
2024-25,old,MEM,PHI,0.0010551263437324685
2024-25,old,MEM,PHX,0.008601293115924788
2024-25,old,MEM,POR,0.0068873208041781014
2024-25,old,MEM,SAC,0.0904833894172172
2024-25,old,MEM,SAS,0.037775380779870096
2024-25,old,MEM,TOR,0.00195014431993511
2024-25,old,MEM,UTA,0.03838913746730368
2024-25,old,MEM,WAS,0.19900719439371836
2024-25,old,MIA,ATL,0.02928857487134143
2024-25,old,MIA,BKN,0.0480950554482367
2024-25,old,MIA,BOS,6.465517337723024e-06
2024-25,old,MIA,CHA,0.001675701057369788
2024-25,old,MIA,CHI,0.032293158010650136
2024-25,old,MIA,CLE,0.0
2024-25,old,MIA,DAL,0.007235615004454809
2024-25,old,MIA,DEN,9.971806231404183e-06
2024-25,old,MIA,DET,0.008619350947928832
2024-25,old,MIA,GSW,0.0007261010669570909
2024-25,old,MIA,HOU,0.024703125140995028
2024-25,old,MIA,IND,0.01135420370887884
2024-25,old,MIA,LAC,0.0019105603771910453
2024-25,old,MIA,LAL,0.0
2024-25,old,MIA,MEM,0.0038653055324618392
2024-25,old,MIA,MIL,0.0
2024-25,old,MIA,MIN,0.020653165953158442
2024-25,old,MIA,NOP,0.0032930630094754544
2024-25,old,MIA,NYK,0.0
2024-25,old,MIA,OKC,0.17013627872578335
2024-25,old,MIA,ORL,0.034218884571551256
2024-25,old,MIA,PHI,0.0010556612945717976
2024-25,old,MIA,PHX,0.0
2024-25,old,MIA,POR,0.022312710450186266
2024-25,old,MIA,SAC,0.02827330385350277
2024-25,old,MIA,SAS,0.05522887241018134
2024-25,old,MIA,TOR,0.0036551400933782538
2024-25,old,MIA,UTA,0.050918518959155695
2024-25,old,MIA,WAS,0.02709141543795256
2024-25,old,MIL,ATL,0.0145521094846644
2024-25,old,MIL,BKN,0.16531840755087723
2024-25,old,MIL,BOS,0.00080495691745831
2024-25,old,MIL,CHA,1.2152120710796555e-07
2024-25,old,MIL,CHI,0.000271365195531906
2024-25,old,MIL,CLE,0.0
2024-25,old,MIL,DAL,0.003956845475676164
2024-25,old,MIL,DEN,0.00014852263730191653
2024-25,old,MIL,DET,0.004864833543131625
2024-25,old,MIL,GSW,0.0004899621044921779
2024-25,old,MIL,HOU,0.000994342690843543
2024-25,old,MIL,IND,0.011431190519860366
2024-25,old,MIL,LAC,0.0004275323396974146
2024-25,old,MIL,LAL,0.0
2024-25,old,MIL,MEM,0.010013183770165628
2024-25,old,MIL,MIA,0.02345581940133535
2024-25,old,MIL,MIN,0.008449249152293108
2024-25,old,MIL,NOP,0.00201446212252255
2024-25,old,MIL,NYK,0.0
2024-25,old,MIL,OKC,0.024317500054227597
2024-25,old,MIL,ORL,0.03272633840971041
2024-25,old,MIL,PHI,0.00020404868079017876
2024-25,old,MIL,PHX,3.2327586688615123e-06
2024-25,old,MIL,POR,0.0005310643635364711
2024-25,old,MIL,SAC,0.0057434642336912
2024-25,old,MIL,SAS,0.005349346300912938
2024-25,old,MIL,TOR,5.9771901224954175e-05
2024-25,old,MIL,UTA,0.07241365500686199
2024-25,old,MIL,WAS,0.01995145012050479
2024-25,old,MIN,ATL,0.04751523708658327
2024-25,old,MIN,BKN,0.050798235889924485
2024-25,old,MIN,BOS,0.0008275862096744622
2024-25,old,MIN,CHA,0.0015127405871994577
2024-25,old,MIN,CHI,0.0006869920152805419
2024-25,old,MIN,CLE,0.0
2024-25,old,MIN,DAL,0.010136409401042202
2024-25,old,MIN,DEN,0.0009019283327406385
2024-25,old,MIN,DET,0.002207645585740681
2024-25,old,MIN,GSW,0.003055037792207652
2024-25,old,MIN,HOU,0.0012351832061339618
2024-25,old,MIN,IND,0.03079903541345802
2024-25,old,MIN,LAC,0.00644719831248071
2024-25,old,MIN,LAL,0.0
2024-25,old,MIN,MEM,0.030858691146423083
2024-25,old,MIN,MIA,0.051598296940823594
2024-25,old,MIN,MIL,0.0
2024-25,old,MIN,NOP,1.5247121214706998e-05
2024-25,old,MIN,NYK,0.0
2024-25,old,MIN,OKC,0.03781666322810942
2024-25,old,MIN,ORL,0.033648431335734516
2024-25,old,MIN,PHI,0.0010415643909598975
2024-25,old,MIN,PHX,0.004338362075645349
2024-25,old,MIN,POR,0.0005833983526423206
2024-25,old,MIN,SAC,0.004073397859704017
2024-25,old,MIN,SAS,0.004938031840487241
2024-25,old,MIN,TOR,2.3847682629287346e-05
2024-25,old,MIN,UTA,0.21185594719231743
2024-25,old,MIN,WAS,0.011172348911069297
2024-25,old,NOP,ATL,0.08094703651806967
2024-25,old,NOP,BKN,0.019088832741997117
2024-25,old,NOP,BOS,0.0
2024-25,old,NOP,CHA,0.009002305178020469
2024-25,old,NOP,CHI,0.00530347174621081
2024-25,old,NOP,CLE,0.0
2024-25,old,NOP,DAL,0.004402783529257187
2024-25,old,NOP,DEN,7.833137785901099e-05
2024-25,old,NOP,DET,0.00025522801291766095
2024-25,old,NOP,GSW,0.0017312039680119076
2024-25,old,NOP,HOU,0.023333512761425403
2024-25,old,NOP,IND,0.017934319393372887
2024-25,old,NOP,LAC,0.0004989224200634734
2024-25,old,NOP,LAL,0.0
2024-25,old,NOP,MEM,0.01141372170320239
2024-25,old,NOP,MIA,0.02477861394541556
2024-25,old,NOP,MIL,0.0
2024-25,old,NOP,MIN,0.016972015577449057
2024-25,old,NOP,NYK,0.0
2024-25,old,NOP,OKC,0.07658820025904187
2024-25,old,NOP,ORL,0.012544809205981637
2024-25,old,NOP,PHI,0.04052320394453185
2024-25,old,NOP,PHX,0.0
2024-25,old,NOP,POR,0.013888761020224506
2024-25,old,NOP,SAC,0.02239962245731601
2024-25,old,NOP,SAS,0.00808890232648924
2024-25,old,NOP,TOR,0.0044791984093720365
2024-25,old,NOP,UTA,0.054167657396239924
2024-25,old,NOP,WAS,0.00512378482398557
2024-25,old,NYK,ATL,0.02912878444374699
2024-25,old,NYK,BKN,0.062498599044564396
2024-25,old,NYK,BOS,0.0005937500074826952
2024-25,old,NYK,CHA,9.560597954754934e-07
2024-25,old,NYK,CHI,0.003666370563436857
2024-25,old,NYK,CLE,0.0
2024-25,old,NYK,DAL,0.0060032494613216645
2024-25,old,NYK,DEN,8.524015109278678e-06
2024-25,old,NYK,DET,0.00016283118858775823
2024-25,old,NYK,GSW,0.0005194316857042603
2024-25,old,NYK,HOU,0.0026839978726990207
2024-25,old,NYK,IND,0.013153164248592348
2024-25,old,NYK,LAC,0.0010821659612100059
2024-25,old,NYK,LAL,0.0
2024-25,old,NYK,MEM,0.005787887584425903
2024-25,old,NYK,MIA,0.04135265688309873
2024-25,old,NYK,MIL,0.0
2024-25,old,NYK,MIN,0.004130769673908916
2024-25,old,NYK,NOP,1.9794872216840447e-06
2024-25,old,NYK,OKC,0.04300423232687673
2024-25,old,NYK,ORL,0.0246117392263102
2024-25,old,NYK,PHI,0.002954605314523896
2024-25,old,NYK,PHX,0.0008157327564047842
2024-25,old,NYK,POR,0.004807939687579076
2024-25,old,NYK,SAC,0.0024095460586000543
2024-25,old,NYK,SAS,0.0009733025942384064
2024-25,old,NYK,TOR,0.00242133538735804
2024-25,old,NYK,UTA,0.010356981484819018
2024-25,old,NYK,WAS,0.010651600350514724
2024-25,old,OKC,ATL,0.07255650599447551
2024-25,old,OKC,BKN,0.049760773341794115
2024-25,old,OKC,BOS,0.0013771551816949047
2024-25,old,OKC,CHA,6.505508825100635e-06
2024-25,old,OKC,CHI,0.005970672678203507
2024-25,old,OKC,CLE,0.0
2024-25,old,OKC,DAL,0.009723225992374155
2024-25,old,OKC,DEN,5.116381031719664e-05
2024-25,old,OKC,DET,0.00025990910984315086
2024-25,old,OKC,GSW,0.001182174469799483
2024-25,old,OKC,HOU,0.011361261151735032
2024-25,old,OKC,IND,0.029125315244227745
2024-25,old,OKC,LAC,0.026951778129220876
2024-25,old,OKC,LAL,0.0
2024-25,old,OKC,MEM,0.006791821522859683
2024-25,old,OKC,MIA,0.043928116531115
2024-25,old,OKC,MIL,0.0
2024-25,old,OKC,MIN,0.022672518004528876
2024-25,old,OKC,NOP,7.24656295436448e-05
2024-25,old,OKC,NYK,0.0
2024-25,old,OKC,ORL,0.03202439280655001
2024-25,old,OKC,PHI,0.0002397564217676835
2024-25,old,OKC,PHX,0.031925646556573435
2024-25,old,OKC,POR,0.0034890665931280843
2024-25,old,OKC,SAC,0.022519390324304153
2024-25,old,OKC,SAS,0.011532377576835956
2024-25,old,OKC,TOR,0.0037213057079048036
2024-25,old,OKC,UTA,0.05837505685143397
2024-25,old,OKC,WAS,0.04012870248269645
2024-25,old,ORL,ATL,0.06196024444630771
2024-25,old,ORL,BKN,0.020360485684952582
2024-25,old,ORL,BOS,6.465517337723023e-06
2024-25,old,ORL,CHA,0.00024121769214357006
2024-25,old,ORL,CHI,0.037228750671693574
2024-25,old,ORL,CLE,0.0
2024-25,old,ORL,DAL,0.01650010198932454
2024-25,old,ORL,DEN,7.826136194503633e-06
2024-25,old,ORL,DET,0.0074432188265381345
2024-25,old,ORL,GSW,0.0006658310508253598
2024-25,old,ORL,HOU,0.01206276978637044
2024-25,old,ORL,IND,0.00873230399748218
2024-25,old,ORL,LAC,0.007418103576156087
2024-25,old,ORL,LAL,0.0
2024-25,old,ORL,MEM,0.011769023074556448
2024-25,old,ORL,MIA,0.11641418480081735
2024-25,old,ORL,MIL,0.0
2024-25,old,ORL,MIN,0.010100898050219935
2024-25,old,ORL,NOP,0.0003053487689919741
2024-25,old,ORL,NYK,0.0
2024-25,old,ORL,OKC,0.09056231766537731
2024-25,old,ORL,PHI,0.0002346201254890748
2024-25,old,ORL,PHX,0.0
2024-25,old,ORL,POR,0.007357970900049254
2024-25,old,ORL,SAC,0.09164346061781195
2024-25,old,ORL,SAS,0.08776887183962073
2024-25,old,ORL,TOR,0.00022631557454749125
2024-25,old,ORL,UTA,0.016508404533779122
2024-25,old,ORL,WAS,0.005919760418246766
2024-25,old,PHI,ATL,0.05091161908910957
2024-25,old,PHI,BKN,0.008904856306930654
2024-25,old,PHI,BOS,2.6939655573845946e-05
2024-25,old,PHI,CHA,5.679836994518691e-05
2024-25,old,PHI,CHI,0.004430502340190191
2024-25,old,PHI,CLE,0.0
2024-25,old,PHI,DAL,0.009107338774431824
2024-25,old,PHI,DEN,6.26871514294439e-09
2024-25,old,PHI,DET,0.001000036246332689
2024-25,old,PHI,GSW,0.00023830388911450323
2024-25,old,PHI,HOU,0.005031788812544809
2024-25,old,PHI,IND,1.357658068002327e-05
2024-25,old,PHI,LAC,0.005916487051430961
2024-25,old,PHI,LAL,0.0
2024-25,old,PHI,MEM,9.665619722139683e-09
2024-25,old,PHI,MIA,0.01045131138731498
2024-25,old,PHI,MIL,0.0
2024-25,old,PHI,MIN,0.0006995978513259226
2024-25,old,PHI,NOP,0.0007268775611718509
2024-25,old,PHI,NYK,0.0
2024-25,old,PHI,OKC,0.07148515582409182
2024-25,old,PHI,ORL,0.005987604948948506
2024-25,old,PHI,PHX,0.006037715539850036
2024-25,old,PHI,POR,0.0006719831796555849
2024-25,old,PHI,SAC,0.061938225435761995
2024-25,old,PHI,SAS,0.019446101406608608
2024-25,old,PHI,TOR,0.009033691993140277
2024-25,old,PHI,UTA,6.784764642385404e-05
2024-25,old,PHI,WAS,1.1707886697358976e-05
2024-25,old,PHX,ATL,0.2372367543735573
2024-25,old,PHX,BKN,0.013674379977625575
2024-25,old,PHX,BOS,0.00021120690114410782
2024-25,old,PHX,CHA,0.0011701630300293706
2024-25,old,PHX,CHI,0.021380473206339845
2024-25,old,PHX,CLE,0.0
2024-25,old,PHX,DAL,0.02893761151611865
2024-25,old,PHX,DEN,0.0003787580519683851
2024-25,old,PHX,DET,0.0006930819689912731
2024-25,old,PHX,GSW,0.0018830046354302917
2024-25,old,PHX,HOU,0.17212014928317615
2024-25,old,PHX,IND,0.009342842350672644
2024-25,old,PHX,LAC,0.0001492456913973879
2024-25,old,PHX,LAL,0.0
2024-25,old,PHX,MEM,0.010118662599149293
2024-25,old,PHX,MIA,0.09365307844824422
2024-25,old,PHX,MIL,0.0
2024-25,old,PHX,MIN,0.0005063859812145356
2024-25,old,PHX,NOP,0.0001865886020178605
2024-25,old,PHX,NYK,0.0
2024-25,old,PHX,OKC,0.03440876111198489
2024-25,old,PHX,ORL,0.043273982344424713
2024-25,old,PHX,PHI,0.01527841362211099
2024-25,old,PHX,POR,0.044292021997737005
2024-25,old,PHX,SAC,0.09881107645098892
2024-25,old,PHX,SAS,0.028872585036939256
2024-25,old,PHX,TOR,0.002085367023876912
2024-25,old,PHX,UTA,0.012587621167182516
2024-25,old,PHX,WAS,0.006242291966988428
2024-25,old,POR,ATL,0.17624878273398353
2024-25,old,POR,BKN,0.028997144365299793
2024-25,old,POR,BOS,0.0002575431065633894
2024-25,old,POR,CHA,1.904399083604855e-05
2024-25,old,POR,CHI,0.033535098760285306
2024-25,old,POR,CLE,0.0
2024-25,old,POR,DAL,0.014295933702223094
2024-25,old,POR,DEN,5.058279823121366e-06
2024-25,old,POR,DET,9.112038247155238e-05
2024-25,old,POR,GSW,0.00043820312606977996
2024-25,old,POR,HOU,0.03901778041965184
2024-25,old,POR,IND,0.009178447419018876
2024-25,old,POR,LAC,0.0049135237220064585
2024-25,old,POR,LAL,0.0
2024-25,old,POR,MEM,0.0001784163948701801
2024-25,old,POR,MIA,0.0316099731928735
2024-25,old,POR,MIL,0.0
2024-25,old,POR,MIN,0.0007010321637375449
2024-25,old,POR,NOP,0.00046159289373328175
2024-25,old,POR,NYK,0.0
2024-25,old,POR,OKC,0.06474598059384078
2024-25,old,POR,ORL,0.024358306528181793
2024-25,old,POR,PHI,0.0006100215730434678
2024-25,old,POR,PHX,0.004964439631439745
2024-25,old,POR,SAC,0.042355989547437564
2024-25,old,POR,SAS,0.01923550825641972
2024-25,old,POR,TOR,0.00400855888546577
2024-25,old,POR,UTA,0.00546175354637678
2024-25,old,POR,WAS,0.0243284382734549
2024-25,old,SAC,ATL,0.47514642832787407
2024-25,old,SAC,BKN,0.005227193662420495
2024-25,old,SAC,BOS,0.00011961207106902167
2024-25,old,SAC,CHA,4.975675818306942e-06
2024-25,old,SAC,CHI,0.025276804909995065
2024-25,old,SAC,CLE,0.0
2024-25,old,SAC,DAL,0.0399629323690512
2024-25,old,SAC,DEN,9.897537211581741e-06
2024-25,old,SAC,DET,0.0005634014815856756
2024-25,old,SAC,GSW,0.0006649276453708406
2024-25,old,SAC,HOU,0.031994342618513506
2024-25,old,SAC,IND,0.0014311149979746051
2024-25,old,SAC,LAC,0.005762392245674635
2024-25,old,SAC,LAL,0.0
2024-25,old,SAC,MEM,0.0043555469921141895
2024-25,old,SAC,MIA,0.02460439913355626
2024-25,old,SAC,MIL,0.0
2024-25,old,SAC,MIN,0.006091013770859748
2024-25,old,SAC,NOP,0.0011171607144918614
2024-25,old,SAC,NYK,0.0
2024-25,old,SAC,OKC,0.01699497827433928
2024-25,old,SAC,ORL,0.00889212214693966
2024-25,old,SAC,PHI,0.002395804422409316
2024-25,old,SAC,PHX,0.0059601293547592825
2024-25,old,SAC,POR,0.02106573688396219
2024-25,old,SAC,SAS,0.017141234563756803
2024-25,old,SAC,TOR,0.0015630946286365555
2024-25,old,SAC,UTA,0.010838921532964813
2024-25,old,SAC,WAS,0.00930703647037678
2024-25,old,SAS,ATL,0.0166524500180374
2024-25,old,SAS,BKN,0.026113752101432762
2024-25,old,SAS,BOS,0.0013717672390991759
2024-25,old,SAS,CHA,0.0025482288126172856
2024-25,old,SAS,CHI,0.01816267494491772
2024-25,old,SAS,CLE,0.0
2024-25,old,SAS,DAL,0.00867075758357741
2024-25,old,SAS,DEN,0.0004214439735472184
2024-25,old,SAS,DET,0.0003627692004764444
2024-25,old,SAS,GSW,0.0015507732744348846
2024-25,old,SAS,HOU,0.01844935361177516
2024-25,old,SAS,IND,0.007741790391855517
2024-25,old,SAS,LAC,0.0022262931022801087
2024-25,old,SAS,LAL,0.0
2024-25,old,SAS,MEM,0.014312513039964841
2024-25,old,SAS,MIA,0.025504161719543346
2024-25,old,SAS,MIL,0.0
2024-25,old,SAS,MIN,0.001933367416037211
2024-25,old,SAS,NOP,4.9019528634598626e-05
2024-25,old,SAS,NYK,0.0
2024-25,old,SAS,OKC,0.08443761379786231
2024-25,old,SAS,ORL,0.024695016205175044
2024-25,old,SAS,PHI,0.024224803292822623
2024-25,old,SAS,PHX,0.003488146546296775
2024-25,old,SAS,POR,0.027881525231177817
2024-25,old,SAS,SAC,0.0103616032438477
2024-25,old,SAS,TOR,0.009767540308319132
2024-25,old,SAS,UTA,0.015355487485815892
2024-25,old,SAS,WAS,0.0064273043483017425
2024-25,old,TOR,ATL,0.026404152007021287
2024-25,old,TOR,BKN,0.012212732087901352
2024-25,old,TOR,BOS,0.0
2024-25,old,TOR,CHA,0.0011107314992033948
2024-25,old,TOR,CHI,0.009418767186812
2024-25,old,TOR,CLE,0.0
2024-25,old,TOR,DAL,0.0019817972973746063
2024-25,old,TOR,DEN,7.181716544309065e-07
2024-25,old,TOR,DET,0.0006492401210385163
2024-25,old,TOR,GSW,0.0015092560035318225
2024-25,old,TOR,HOU,0.025079471782102774
2024-25,old,TOR,IND,0.000893702856221212
2024-25,old,TOR,LAC,4.9838362269681585e-05
2024-25,old,TOR,LAL,0.0
2024-25,old,TOR,MEM,1.76785313345701e-05
2024-25,old,TOR,MIA,0.006022333569788198
2024-25,old,TOR,MIL,0.0
2024-25,old,TOR,MIN,0.014583649882506773
2024-25,old,TOR,NOP,0.0009055605439851174
2024-25,old,TOR,NYK,0.0
2024-25,old,TOR,OKC,0.037923594188888805
2024-25,old,TOR,ORL,0.004201660481195879
2024-25,old,TOR,PHI,0.04212015677518244
2024-25,old,TOR,PHX,0.0
2024-25,old,TOR,POR,0.006457777155922487
2024-25,old,TOR,SAC,0.030803945966789936
2024-25,old,TOR,SAS,0.0067441682775899545
2024-25,old,TOR,UTA,0.0007863086106411367
2024-25,old,TOR,WAS,0.0029518790509903406
2024-25,old,UTA,ATL,0.013385599969925395
2024-25,old,UTA,BKN,0.03107700745658941
2024-25,old,UTA,BOS,0.0010344827560515239
2024-25,old,UTA,CHA,0.003489188903306514
2024-25,old,UTA,CHI,0.004868534283311872
2024-25,old,UTA,CLE,0.0
2024-25,old,UTA,DAL,0.0026187352515008666
2024-25,old,UTA,DEN,0.000733500541297052
2024-25,old,UTA,DET,1.3385588592784502e-09
2024-25,old,UTA,GSW,0.001140073611303769
2024-25,old,UTA,HOU,0.0006077586414878546
2024-25,old,UTA,IND,0.014821787489114075
2024-25,old,UTA,LAC,0.006558189718293606
2024-25,old,UTA,LAL,0.0
2024-25,old,UTA,MEM,0.012766433794090402
2024-25,old,UTA,MIA,0.03968869872682488
2024-25,old,UTA,MIL,0.0
2024-25,old,UTA,MIN,0.0237850858456385
2024-25,old,UTA,NOP,0.003437830366725635
2024-25,old,UTA,NYK,6.055289532014285e-09
2024-25,old,UTA,OKC,0.03444923261313025
2024-25,old,UTA,ORL,0.031217756479715555
2024-25,old,UTA,PHI,0.015418055267532269
2024-25,old,UTA,PHX,0.0031864224062782935
2024-25,old,UTA,POR,0.0005288197147331098
2024-25,old,UTA,SAC,0.0007409347433202274
2024-25,old,UTA,SAS,0.0019356896235007786
2024-25,old,UTA,TOR,0.00017182572619444934
2024-25,old,UTA,WAS,0.014448623028060166
2024-25,old,WAS,ATL,0.03146158917410359
2024-25,old,WAS,BKN,0.02730316311589066
2024-25,old,WAS,BOS,8.943965706717349e-05
2024-25,old,WAS,CHA,0.006815703573104571
2024-25,old,WAS,CHI,0.011149354820509326
2024-25,old,WAS,CLE,0.0
2024-25,old,WAS,DAL,0.0028863232259884936
2024-25,old,WAS,DEN,2.4834686861449345e-08
2024-25,old,WAS,DET,0.007814324099384052
2024-25,old,WAS,GSW,0.0005356112245674415
2024-25,old,WAS,HOU,0.015413254470773182
2024-25,old,WAS,IND,0.005610222575825626
2024-25,old,WAS,LAC,0.00021928879645139235
2024-25,old,WAS,LAL,0.0
2024-25,old,WAS,MEM,0.00022806597951436147
2024-25,old,WAS,MIA,0.03709907897495071
2024-25,old,WAS,MIL,0.0
2024-25,old,WAS,MIN,0.027288349274279203
2024-25,old,WAS,NOP,0.00230089094780969
2024-25,old,WAS,NYK,6.055289532014285e-09
2024-25,old,WAS,OKC,0.07977808072053817
2024-25,old,WAS,ORL,0.041555230898440966
2024-25,old,WAS,PHI,0.0006373639597172134
2024-25,old,WAS,PHX,0.0
2024-25,old,WAS,POR,0.00684223208537177
2024-25,old,WAS,SAC,0.019562733770366592
2024-25,old,WAS,SAS,0.020213916040046694
2024-25,old,WAS,TOR,0.00016426199018066605
2024-25,old,WAS,UTA,0.021944620019697318
2025-26,new,ATL,BKN,0.0
2025-26,new,ATL,BOS,0.00018827090759918194
2025-26,new,ATL,CHA,0.04403856402314008
2025-26,new,ATL,CHI,0.0009670072582082805
2025-26,new,ATL,CLE,7.543103560676863e-06
2025-26,new,ATL,DAL,0.0
2025-26,new,ATL,DEN,0.01364224140371742
2025-26,new,ATL,DET,0.00476804976911557
2025-26,new,ATL,GSW,0.0011443965313635
2025-26,new,ATL,HOU,0.0
2025-26,new,ATL,IND,0.0
2025-26,new,ATL,LAC,0.0
2025-26,new,ATL,LAL,0.01908728469909843
2025-26,new,ATL,MEM,0.005557920155175642
2025-26,new,ATL,MIA,0.029563847374625484
2025-26,new,ATL,MIL,0.002152209123456047
2025-26,new,ATL,MIN,0.005148168164666679
2025-26,new,ATL,NOP,0.0
2025-26,new,ATL,NYK,0.014343110699031467
2025-26,new,ATL,OKC,0.062201346094137494
2025-26,new,ATL,ORL,0.0
2025-26,new,ATL,PHI,0.023951277475755976
2025-26,new,ATL,PHX,0.0
2025-26,new,ATL,POR,0.0
2025-26,new,ATL,SAC,0.0
2025-26,new,ATL,SAS,0.2302413781329283
2025-26,new,ATL,TOR,0.04522871629026462
2025-26,new,ATL,UTA,0.0003599137935691097
2025-26,new,ATL,WAS,3.4752155690261256e-05
2025-26,new,BKN,ATL,0.03217429958227701
2025-26,new,BKN,BOS,0.008579741521690297
2025-26,new,BKN,CHA,0.011637664578405963
2025-26,new,BKN,CHI,0.02909406095776657
2025-26,new,BKN,CLE,0.006019396601598067
2025-26,new,BKN,DAL,0.004175055306117553
2025-26,new,BKN,DEN,0.010483628674844835
2025-26,new,BKN,DET,0.008508082034592197
2025-26,new,BKN,GSW,0.0032563815272796497
2025-26,new,BKN,HOU,7.004310449199944e-06
2025-26,new,BKN,IND,0.003513115419339964
2025-26,new,BKN,LAC,0.007340411476070584
2025-26,new,BKN,LAL,0.0039280069918701515
2025-26,new,BKN,MEM,0.021290140159263532
2025-26,new,BKN,MIA,0.009686160405966399
2025-26,new,BKN,MIL,0.001776400993032188
2025-26,new,BKN,MIN,0.011033405188073662
2025-26,new,BKN,NOP,0.0
2025-26,new,BKN,NYK,0.021841325171287812
2025-26,new,BKN,OKC,0.03159517050619386
2025-26,new,BKN,ORL,0.0
2025-26,new,BKN,PHI,0.021021825409356616
2025-26,new,BKN,PHX,0.0
2025-26,new,BKN,POR,4.707904099112856e-06
2025-26,new,BKN,SAC,0.010713735738718868
2025-26,new,BKN,SAS,0.010901400997014395
2025-26,new,BKN,TOR,0.00623997686391089
2025-26,new,BKN,UTA,0.0238141166490045
2025-26,new,BKN,WAS,0.03345177820355808
2025-26,new,BOS,ATL,0.007907866482293748
2025-26,new,BOS,BKN,2.609605612907875e-07
2025-26,new,BOS,CHA,0.018550268104942855
2025-26,new,BOS,CHI,0.006728653895013209
2025-26,new,BOS,CLE,0.003460129325374447
2025-26,new,BOS,DAL,0.0009422171642938008
2025-26,new,BOS,DEN,0.004558807315609649
2025-26,new,BOS,DET,0.006095097066497365
2025-26,new,BOS,GSW,2.281633114817254e-05
2025-26,new,BOS,HOU,0.0004156788871101715
2025-26,new,BOS,IND,0.0006707047860627153
2025-26,new,BOS,LAC,0.0013994707925590727
2025-26,new,BOS,LAL,0.007039090993023677
2025-26,new,BOS,MEM,0.007652747945454582
2025-26,new,BOS,MIA,0.011283759000947927
2025-26,new,BOS,MIL,8.755388366588369e-05
2025-26,new,BOS,MIN,0.005189924625707951
2025-26,new,BOS,NOP,0.0
2025-26,new,BOS,NYK,0.007903286564938626
2025-26,new,BOS,OKC,0.020249392659613386
2025-26,new,BOS,ORL,0.0
2025-26,new,BOS,PHI,0.010438820303727187
2025-26,new,BOS,PHX,0.0
2025-26,new,BOS,POR,0.0124069296382566
2025-26,new,BOS,SAC,0.0005220826523483195
2025-26,new,BOS,SAS,0.05402505344510527
2025-26,new,BOS,TOR,0.013441359421071702
2025-26,new,BOS,UTA,0.003159752215142361
2025-26,new,BOS,WAS,0.00384725219204797
2025-26,new,CHA,ATL,0.004449353566341071
2025-26,new,CHA,BKN,0.0017904322848653266
2025-26,new,CHA,BOS,0.0034026136671334436
2025-26,new,CHA,CHI,0.0017225024998858362
2025-26,new,CHA,CLE,0.0012510776210672644
2025-26,new,CHA,DAL,0.0001745850584479191
2025-26,new,CHA,DEN,0.005907546544340654
2025-26,new,CHA,DET,0.002999461255867259
2025-26,new,CHA,GSW,0.0006109007439361503
2025-26,new,CHA,HOU,0.0
2025-26,new,CHA,IND,0.0008985452652655112
2025-26,new,CHA,LAC,0.0018750033818615737
2025-26,new,CHA,LAL,0.003956929053526402
2025-26,new,CHA,MEM,0.06496901943019175
2025-26,new,CHA,MIA,0.03066878289074621
2025-26,new,CHA,MIL,0.005918372876356067
2025-26,new,CHA,MIN,0.004561422487182927
2025-26,new,CHA,NOP,0.0
2025-26,new,CHA,NYK,0.009589745429865586
2025-26,new,CHA,OKC,0.007527883617514174
2025-26,new,CHA,ORL,0.0
2025-26,new,CHA,PHI,0.04991849820088081
2025-26,new,CHA,PHX,0.0
2025-26,new,CHA,POR,0.00044999140972348713
2025-26,new,CHA,SAC,0.003530521796498154
2025-26,new,CHA,SAS,0.02763523726561508
2025-26,new,CHA,TOR,0.01093259381882184
2025-26,new,CHA,UTA,0.007175107745730703
2025-26,new,CHA,WAS,0.00679364234736944
2025-26,new,CHI,ATL,0.035691001824753626
2025-26,new,CHI,BKN,0.0
2025-26,new,CHI,BOS,0.004635775924804781
2025-26,new,CHI,CHA,0.00581203445394545
2025-26,new,CHI,CLE,0.008772629326819603
2025-26,new,CHI,DAL,0.014737068959030099
2025-26,new,CHI,DEN,0.012809670952192393
2025-26,new,CHI,DET,0.01291163783458238
2025-26,new,CHI,GSW,0.0010004036675547525
2025-26,new,CHI,HOU,0.0
2025-26,new,CHI,IND,0.0
2025-26,new,CHI,LAC,0.0
2025-26,new,CHI,LAL,0.009227370740283795
2025-26,new,CHI,MEM,0.003393319020176243
2025-26,new,CHI,MIA,0.004212932330340581
2025-26,new,CHI,MIL,0.000916487126779775
2025-26,new,CHI,MIN,0.009557920340488761
2025-26,new,CHI,NOP,0.0
2025-26,new,CHI,NYK,0.008332569711186306
2025-26,new,CHI,OKC,0.005202439058287791
2025-26,new,CHI,ORL,0.0
2025-26,new,CHI,PHI,0.03398927885374523
2025-26,new,CHI,PHX,0.0
2025-26,new,CHI,POR,7.356661173052372e-05
2025-26,new,CHI,SAC,0.0
2025-26,new,CHI,SAS,0.002095635795247227
2025-26,new,CHI,TOR,0.002157143560038219
2025-26,new,CHI,UTA,2.074353435028602e-05
2025-26,new,CHI,WAS,2.8825431343585534e-05
2025-26,new,CLE,ATL,0.2232764005133931
2025-26,new,CLE,BKN,1.8469752584372864e-05
2025-26,new,CLE,BOS,0.021490302077125243
2025-26,new,CLE,CHA,0.04410313668665402
2025-26,new,CLE,CHI,0.0001879417310022132
2025-26,new,CLE,DAL,0.009360094693984765
2025-26,new,CLE,DEN,0.0418168436455188
2025-26,new,CLE,DET,0.027755657555696006
2025-26,new,CLE,GSW,0.0002848228413437314
2025-26,new,CLE,HOU,0.0
2025-26,new,CLE,IND,0.0005791836834669868
2025-26,new,CLE,LAC,0.001212099701766686
2025-26,new,CLE,LAL,0.03524572301434427
2025-26,new,CLE,MEM,0.048185883674786656
2025-26,new,CLE,MIA,0.010298432281729532
2025-26,new,CLE,MIL,0.0002850216749557777
2025-26,new,CLE,MIN,0.02066783421735102
2025-26,new,CLE,NOP,0.0
2025-26,new,CLE,NYK,0.037828933293429394
2025-26,new,CLE,OKC,0.015914441289810826
2025-26,new,CLE,ORL,0.0
2025-26,new,CLE,PHI,0.046368082514062194
2025-26,new,CLE,PHX,0.0
2025-26,new,CLE,POR,4.87661618624825e-06
2025-26,new,CLE,SAC,0.00029403837284340973
2025-26,new,CLE,SAS,0.04362904066348383
2025-26,new,CLE,TOR,0.03521616907729069
2025-26,new,CLE,UTA,0.003060883648135571
2025-26,new,CLE,WAS,0.0049867996121636315
2025-26,new,DAL,ATL,0.03274380389464505
2025-26,new,DAL,BKN,4.1076833899957155e-05
2025-26,new,DAL,BOS,0.0031918104294013107
2025-26,new,DAL,CHA,0.00775184296817579
2025-26,new,DAL,CHI,0.033689217278309556
2025-26,new,DAL,CLE,0.0
2025-26,new,DAL,DEN,0.004503245732767942
2025-26,new,DAL,DET,0.003922144445863648
2025-26,new,DAL,GSW,0.002813211918523212
2025-26,new,DAL,HOU,1.4547414009876808e-05
2025-26,new,DAL,IND,2.5220204251076182e-05
2025-26,new,DAL,LAC,4.534608449204546e-05
2025-26,new,DAL,LAL,0.005197154406174037
2025-26,new,DAL,MEM,0.01137311427572999
2025-26,new,DAL,MIA,0.007553515935269536
2025-26,new,DAL,MIL,0.002957704789326365
2025-26,new,DAL,MIN,0.000597521563578429
2025-26,new,DAL,NOP,0.0
2025-26,new,DAL,NYK,0.005231681132131127
2025-26,new,DAL,OKC,0.033045221562917546
2025-26,new,DAL,ORL,0.0
2025-26,new,DAL,PHI,0.009351868284799227
2025-26,new,DAL,PHX,0.0
2025-26,new,DAL,POR,0.005280268389621784
2025-26,new,DAL,SAC,3.734871517167199e-05
2025-26,new,DAL,SAS,0.008716056096901442
2025-26,new,DAL,TOR,0.0028460329187328273
2025-26,new,DAL,UTA,0.0023238146489743023
2025-26,new,DAL,WAS,0.0004908405283289353
2025-26,new,DEN,ATL,0.03799676722278898
2025-26,new,DEN,BKN,0.00030282717401261457
2025-26,new,DEN,BOS,0.007451508746418203
2025-26,new,DEN,CHA,0.007315110582380604
2025-26,new,DEN,CHI,0.006681933854447486
2025-26,new,DEN,CLE,0.00849892243068537
2025-26,new,DEN,DAL,0.012351163902172729
2025-26,new,DEN,DET,0.01668642230223511
2025-26,new,DEN,GSW,0.011545981556133905
2025-26,new,DEN,HOU,0.0002276400901409315
2025-26,new,DEN,IND,4.721503589710719e-05
2025-26,new,DEN,LAC,9.802867294073896e-05
2025-26,new,DEN,LAL,0.026831023917898635
2025-26,new,DEN,MEM,0.008634698463619911
2025-26,new,DEN,MIA,0.001856704833987906
2025-26,new,DEN,MIL,0.00037634701295434633
2025-26,new,DEN,MIN,0.009168642351066628
2025-26,new,DEN,NOP,0.0
2025-26,new,DEN,NYK,0.030729795423605287
2025-26,new,DEN,OKC,0.04245149956732538
2025-26,new,DEN,ORL,0.0
2025-26,new,DEN,PHI,0.06462016963829047
2025-26,new,DEN,PHX,0.0
2025-26,new,DEN,POR,0.012447795105408777
2025-26,new,DEN,SAC,0.0002907678534315578
2025-26,new,DEN,SAS,0.0007179418143190059
2025-26,new,DEN,TOR,0.004573272786519129
2025-26,new,DEN,UTA,0.00010290948158242459
2025-26,new,DEN,WAS,0.0016255388363738189
2025-26,new,DET,ATL,0.05620635796944483
2025-26,new,DET,BKN,0.0005184751821654102
2025-26,new,DET,BOS,0.02058836227563884
2025-26,new,DET,CHA,0.02254363431403563
2025-26,new,DET,CHI,0.00013390067682729343
2025-26,new,DET,CLE,0.029174569025716
2025-26,new,DET,DAL,0.01968577360006234
2025-26,new,DET,DEN,0.013204741509518876
2025-26,new,DET,GSW,0.0003311785518635177
2025-26,new,DET,HOU,1.4008620898399888e-05
2025-26,new,DET,IND,0.0009329910534632229
2025-26,new,DET,LAC,0.001947782162156641
2025-26,new,DET,LAL,0.008214488849622425
2025-26,new,DET,MEM,0.01085614257128829
2025-26,new,DET,MIA,0.021554344326833466
2025-26,new,DET,MIL,6.196121703271332e-05
2025-26,new,DET,MIN,0.06623976327575229
2025-26,new,DET,NOP,0.0
2025-26,new,DET,NYK,0.03220851292054908
2025-26,new,DET,OKC,0.05347895739899887
2025-26,new,DET,ORL,0.0
2025-26,new,DET,PHI,0.030561341934378906
2025-26,new,DET,PHX,0.0
2025-26,new,DET,POR,1.37860266047953e-06
2025-26,new,DET,SAC,0.0014991658535206918
2025-26,new,DET,SAS,0.026441810926651287
2025-26,new,DET,TOR,0.03417648155060946
2025-26,new,DET,UTA,0.0047376078385097005
2025-26,new,DET,WAS,0.007872844873004239
2025-26,new,GSW,ATL,0.009446929003742268
2025-26,new,GSW,BKN,0.0005885432138967022
2025-26,new,GSW,BOS,0.004346982767034708
2025-26,new,GSW,CHA,0.005649297978022346
2025-26,new,GSW,CHI,0.017855434792534326
2025-26,new,GSW,CLE,0.006141163804327491
2025-26,new,GSW,DAL,0.008661299488868741
2025-26,new,GSW,DEN,0.005985469854894269
2025-26,new,GSW,DET,0.006582166000995945
2025-26,new,GSW,HOU,0.0005261314749629398
2025-26,new,GSW,IND,0.00012122165503407013
2025-26,new,GSW,LAC,0.00025217605968358485
2025-26,new,GSW,LAL,0.007565075528514405
2025-26,new,GSW,MEM,0.008685075475248221
2025-26,new,GSW,MIA,0.0014975742618773718
2025-26,new,GSW,MIL,5.0915952727744444e-05
2025-26,new,GSW,MIN,0.008240301780932551
2025-26,new,GSW,NOP,0.0
2025-26,new,GSW,NYK,0.01771875014277737
2025-26,new,GSW,OKC,0.02224801025691573
2025-26,new,GSW,ORL,0.0
2025-26,new,GSW,PHI,0.007831080184666144
2025-26,new,GSW,PHX,0.0
2025-26,new,GSW,POR,0.032176677414588184
2025-26,new,GSW,SAC,0.0017333902502219129
2025-26,new,GSW,SAS,0.0005396012983541809
2025-26,new,GSW,TOR,0.0013182546662315526
2025-26,new,GSW,UTA,0.004014816862643408
2025-26,new,GSW,WAS,0.0003935883777087619
2025-26,new,HOU,ATL,0.020925915805072977
2025-26,new,HOU,BKN,0.00032989371645400967
2025-26,new,HOU,BOS,0.012900458606542589
2025-26,new,HOU,CHA,0.00910955742213738
2025-26,new,HOU,CHI,0.0018104735077123099
2025-26,new,HOU,CLE,0.001966594881618974
2025-26,new,HOU,DAL,8.842939279941614e-05
2025-26,new,HOU,DEN,0.019294305534512484
2025-26,new,HOU,DET,0.019072737241814172
2025-26,new,HOU,GSW,0.0014812247398972116
2025-26,new,HOU,IND,0.0003241540352076825
2025-26,new,HOU,LAC,0.0006764398372537282
2025-26,new,HOU,LAL,0.017911279690573916
2025-26,new,HOU,MEM,0.011350215686051626
2025-26,new,HOU,MIA,0.008087670400414939
2025-26,new,HOU,MIL,0.0033397091213204304
2025-26,new,HOU,MIN,0.009580549753214844
2025-26,new,HOU,NOP,0.0
2025-26,new,HOU,NYK,0.01295046754046027
2025-26,new,HOU,OKC,0.010362137831661736
2025-26,new,HOU,ORL,0.0
2025-26,new,HOU,PHI,0.1661599148513758
2025-26,new,HOU,PHX,0.0
2025-26,new,HOU,POR,0.0013750356686784337
2025-26,new,HOU,SAC,8.034426057673139e-05
2025-26,new,HOU,SAS,0.008936961101657098
2025-26,new,HOU,TOR,0.006815963204615016
2025-26,new,HOU,UTA,0.00020743534241899334
2025-26,new,HOU,WAS,0.0019442349562927245
2025-26,new,IND,ATL,0.00016217669415897844
2025-26,new,IND,BKN,0.0007409128114980782
2025-26,new,IND,BOS,2.155172445907677e-06
2025-26,new,IND,CHA,0.008684802017744468
2025-26,new,IND,CHI,0.03160587917675953
2025-26,new,IND,CLE,0.0
2025-26,new,IND,DAL,1.6576752191056198e-05
2025-26,new,IND,DEN,0.00015412802658663002
2025-26,new,IND,DET,0.00048383621201882596
2025-26,new,IND,GSW,0.002049648499542767
2025-26,new,IND,HOU,2.235991412629213e-05
2025-26,new,IND,LAC,0.0074721014156490006
2025-26,new,IND,LAL,3.746333011780861e-09
2025-26,new,IND,MEM,0.04607139019530411
2025-26,new,IND,MIA,0.013256092366448377
2025-26,new,IND,MIL,0.00012957971894326788
2025-26,new,IND,MIN,0.0008160021687568773
2025-26,new,IND,NOP,0.0
2025-26,new,IND,NYK,0.019108566949886652
2025-26,new,IND,OKC,0.03818065467017647
2025-26,new,IND,ORL,0.0
2025-26,new,IND,PHI,0.009336357794251751
2025-26,new,IND,PHX,0.0
2025-26,new,IND,POR,0.0550581112976013
2025-26,new,IND,SAC,0.0011047057693495245
2025-26,new,IND,SAS,0.013253771690129913
2025-26,new,IND,TOR,0.009193093632064603
2025-26,new,IND,UTA,0.0019727909890934828
2025-26,new,IND,WAS,0.003755387964212849
2025-26,new,LAC,ATL,0.007301454738561255
2025-26,new,LAC,BKN,0.0001851419123443947
2025-26,new,LAC,BOS,0.003919181086379907
2025-26,new,LAC,CHA,0.018664221712721005
2025-26,new,LAC,CHI,0.23027785750222843
2025-26,new,LAC,CLE,0.0012015086403598303
2025-26,new,LAC,DAL,0.0005806897278237709
2025-26,new,LAC,DEN,0.005927914305856231
2025-26,new,LAC,DET,0.009767780340786477
2025-26,new,LAC,GSW,0.04088700263989808
2025-26,new,LAC,HOU,0.00043992457608290914
2025-26,new,LAC,IND,2.3468221765542377e-07
2025-26,new,LAC,LAL,0.009871815523456775
2025-26,new,LAC,MEM,0.019096444251642017
2025-26,new,LAC,MIA,0.002407337755379158
2025-26,new,LAC,MIL,0.00037392242502517483
2025-26,new,LAC,MIN,0.0011826508716230508
2025-26,new,LAC,NOP,0.0
2025-26,new,LAC,NYK,0.008042295314211013
2025-26,new,LAC,OKC,0.23631088331632782
2025-26,new,LAC,ORL,0.0
2025-26,new,LAC,PHI,0.008993265185673753
2025-26,new,LAC,PHX,0.0
2025-26,new,LAC,POR,0.2854085564387938
2025-26,new,LAC,SAC,0.0005303920600219715
2025-26,new,LAC,SAS,0.0017882543442578167
2025-26,new,LAC,TOR,0.0023911606310048406
2025-26,new,LAC,UTA,0.0019717134114411055
2025-26,new,LAC,WAS,0.0020449892783152134
2025-26,new,LAL,ATL,0.05570339421813923
2025-26,new,LAL,BKN,0.0001297538171218485
2025-26,new,LAL,BOS,0.016798491328954696
2025-26,new,LAL,CHA,0.01693764313878946
2025-26,new,LAL,CHI,0.0003354655564887787
2025-26,new,LAL,CLE,0.002729525835140898
2025-26,new,LAL,DAL,0.0003468166062245065
2025-26,new,LAL,DEN,0.016675510376953757
2025-26,new,LAL,DET,0.01295447207041936
2025-26,new,LAL,GSW,0.001057722493279502
2025-26,new,LAL,HOU,0.00016918103700375248
2025-26,new,LAL,IND,0.00026091514550177536
2025-26,new,LAL,LAC,0.0005445384147781717
2025-26,new,LAL,MEM,0.014664062699463605
2025-26,new,LAL,MIA,0.0007328016280294884
2025-26,new,LAL,MIL,0.0006500538887159002
2025-26,new,LAL,MIN,0.008384967756212754
2025-26,new,LAL,NOP,0.0
2025-26,new,LAL,NYK,0.018188308270844826
2025-26,new,LAL,OKC,0.010315879877344638
2025-26,new,LAL,ORL,0.0
2025-26,new,LAL,PHI,0.016267598497475073
2025-26,new,LAL,PHX,0.0
2025-26,new,LAL,POR,0.0005718984167124818
2025-26,new,LAL,SAC,0.002516178536278512
2025-26,new,LAL,SAS,0.012272360038417713
2025-26,new,LAL,TOR,0.011150233227306286
2025-26,new,LAL,UTA,0.004287446155694538
2025-26,new,LAL,WAS,0.004755657361318551
2025-26,new,MEM,ATL,0.02000862074945652
2025-26,new,MEM,BKN,0.000222351289882342
2025-26,new,MEM,BOS,0.0015323276162661353
2025-26,new,MEM,CHA,0.026012888140226825
2025-26,new,MEM,CHI,0.007819358880634944
2025-26,new,MEM,CLE,0.0001303879332985601
2025-26,new,MEM,DAL,1.2158974497714519e-05
2025-26,new,MEM,DEN,0.010132183934512509
2025-26,new,MEM,DET,0.01710856685264374
2025-26,new,MEM,GSW,0.015299673992807834
2025-26,new,MEM,HOU,7.246767349364557e-05
2025-26,new,MEM,IND,0.0002326645356988827
2025-26,new,MEM,LAC,0.0004885387345583448
2025-26,new,MEM,LAL,0.019593601880027012
2025-26,new,MEM,MIA,0.015040741177324365
2025-26,new,MEM,MIL,0.0007839439795874379
2025-26,new,MEM,MIN,0.0010818965729036977
2025-26,new,MEM,NOP,0.0
2025-26,new,MEM,NYK,0.016246497999708138
2025-26,new,MEM,OKC,0.039349516607363126
2025-26,new,MEM,ORL,0.0
2025-26,new,MEM,PHI,0.045204511308767334
2025-26,new,MEM,PHX,0.0
2025-26,new,MEM,POR,0.013793031649322557
2025-26,new,MEM,SAC,1.0220362629955815e-06
2025-26,new,MEM,SAS,0.0695975213926406
2025-26,new,MEM,TOR,0.015198530981476152
2025-26,new,MEM,UTA,0.002027209048171464
2025-26,new,MEM,WAS,0.0021155711545825717
2025-26,new,MIA,ATL,0.03532731697314565
2025-26,new,MIA,BKN,5.0335264508060486e-05
2025-26,new,MIA,BOS,0.004956896582072408
2025-26,new,MIA,CHA,0.08870054543624761
2025-26,new,MIA,CHI,0.0004909344389932755
2025-26,new,MIA,CLE,0.005818965532254941
2025-26,new,MIA,DAL,0.0027072264205902498
2025-26,new,MIA,DEN,0.009356971022704668
2025-26,new,MIA,DET,0.011663793029327844
2025-26,new,MIA,GSW,0.0004038150620471508
2025-26,new,MIA,HOU,2.2629310682030588e-05
2025-26,new,MIA,IND,0.0006483747734656106
2025-26,new,MIA,LAC,0.0013540739453184929
2025-26,new,MIA,LAL,0.0047619024684400916
2025-26,new,MIA,MEM,0.039199084273282565
2025-26,new,MIA,MIL,0.001398706930721628
2025-26,new,MIA,MIN,0.004108566816169607
2025-26,new,MIA,NOP,0.0
2025-26,new,MIA,NYK,0.02117995680251624
2025-26,new,MIA,OKC,0.016678095320328733
2025-26,new,MIA,ORL,0.0
2025-26,new,MIA,PHI,0.029979852699586355
2025-26,new,MIA,PHX,0.0
2025-26,new,MIA,POR,1.4222720824657952e-05
2025-26,new,MIA,SAC,0.0010636718555630566
2025-26,new,MIA,SAS,0.031033405602191057
2025-26,new,MIA,TOR,0.03028230232143885
2025-26,new,MIA,UTA,0.007226293240432979
2025-26,new,MIA,WAS,0.007505926712424141
2025-26,new,MIL,ATL,0.013728986983087138
2025-26,new,MIL,BKN,0.0012899345821743135
2025-26,new,MIL,BOS,0.0030409483646909735
2025-26,new,MIL,CHA,0.007918856004006368
2025-26,new,MIL,CHI,0.029919733749338852
2025-26,new,MIL,CLE,0.00022198276232992267
2025-26,new,MIL,DAL,6.243647548311353e-05
2025-26,new,MIL,DEN,0.0039350745911812335
2025-26,new,MIL,DET,0.003960668158894083
2025-26,new,MIL,GSW,0.0017985008319437775
2025-26,new,MIL,HOU,0.0
2025-26,new,MIL,IND,0.0002702668691345339
2025-26,new,MIL,LAC,0.002164990040616023
2025-26,new,MIL,LAL,0.0020258718990304354
2025-26,new,MIL,MEM,0.005071390167597263
2025-26,new,MIL,MIA,0.006336698326963521
2025-26,new,MIL,MIN,0.0007825969948617997
2025-26,new,MIL,NOP,0.0
2025-26,new,MIL,NYK,0.0044649784691061754
2025-26,new,MIL,OKC,0.04203410274653713
2025-26,new,MIL,ORL,0.0
2025-26,new,MIL,PHI,0.0023632362564472943
2025-26,new,MIL,PHX,0.0
2025-26,new,MIL,POR,0.05204163263724882
2025-26,new,MIL,SAC,0.0011721349784909695
2025-26,new,MIL,SAS,0.00727020481535121
2025-26,new,MIL,TOR,0.0012523502781832008
2025-26,new,MIL,UTA,0.0007812500093734407
2025-26,new,MIL,WAS,0.005882812569676577
2025-26,new,MIN,ATL,0.015773706993846833
2025-26,new,MIN,BKN,0.0
2025-26,new,MIN,BOS,0.006880388041829755
2025-26,new,MIN,CHA,0.04524738255166305
2025-26,new,MIN,CHI,0.008555188848920432
2025-26,new,MIN,CLE,0.003264008627337372
2025-26,new,MIN,DAL,0.004683189669479456
2025-26,new,MIN,DEN,0.020496472481787854
2025-26,new,MIN,DET,0.047966325300854054
2025-26,new,MIN,GSW,0.0072834912532027335
2025-26,new,MIN,HOU,0.0002607758659749003
2025-26,new,MIN,IND,0.0
2025-26,new,MIN,LAC,0.0
2025-26,new,MIN,LAL,0.019842993031909298
2025-26,new,MIN,MEM,0.10741298498338941
2025-26,new,MIN,MIA,0.012356590133626296
2025-26,new,MIN,MIL,0.0002863685384288367
2025-26,new,MIN,NOP,0.0
2025-26,new,MIN,NYK,0.014195582143167547
2025-26,new,MIN,OKC,0.03750931504954773
2025-26,new,MIN,ORL,0.0
2025-26,new,MIN,PHI,0.025998671405109707
2025-26,new,MIN,PHX,0.0
2025-26,new,MIN,POR,0.014812680689129156
2025-26,new,MIN,SAC,7.089473553511703e-07
2025-26,new,MIN,SAS,0.01116810362505052
2025-26,new,MIN,TOR,0.016710253563553188
2025-26,new,MIN,UTA,0.0007957974362090746
2025-26,new,MIN,WAS,0.0002699353506162378
2025-26,new,NOP,ATL,0.0028785021180600125
2025-26,new,NOP,BKN,0.0001915762694089796
2025-26,new,NOP,BOS,0.0003900862119867112
2025-26,new,NOP,CHA,0.03346367958017393
2025-26,new,NOP,CHI,0.022595158944606772
2025-26,new,NOP,CLE,2.478448312793828e-05
2025-26,new,NOP,DAL,7.252329083587087e-06
2025-26,new,NOP,DEN,0.006985678295246108
2025-26,new,NOP,DET,0.0026341595359403503
2025-26,new,NOP,GSW,0.00599680451860328
2025-26,new,NOP,HOU,0.000278556038633567
2025-26,new,NOP,IND,0.00013276682126631606
2025-26,new,NOP,LAC,0.0002774724831114922
2025-26,new,NOP,LAL,0.0009950353612437903
2025-26,new,NOP,MEM,0.022823006477174824
2025-26,new,NOP,MIA,0.01952042031005599
2025-26,new,NOP,MIL,0.000909213333125708
2025-26,new,NOP,MIN,0.005311422516222529
2025-26,new,NOP,NYK,0.0011371228653247116
2025-26,new,NOP,OKC,0.041140549095517634
2025-26,new,NOP,ORL,0.0
2025-26,new,NOP,PHI,0.019029492515195486
2025-26,new,NOP,PHX,0.0
2025-26,new,NOP,POR,0.03920750942790547
2025-26,new,NOP,SAC,0.0001845096679056136
2025-26,new,NOP,SAS,0.01895097006752621
2025-26,new,NOP,TOR,0.0034353546939084752
2025-26,new,NOP,UTA,0.0009216055853075572
2025-26,new,NOP,WAS,0.00139762934269223
2025-26,new,NYK,ATL,0.03168642258355876
2025-26,new,NYK,BKN,0.0002655824786208917
2025-26,new,NYK,BOS,0.018220905428431158
2025-26,new,NYK,CHA,0.014330293922477184
2025-26,new,NYK,CHI,0.002133836997375997
2025-26,new,NYK,CLE,0.002514008609818872
2025-26,new,NYK,DAL,0.003852265619747853
2025-26,new,NYK,DEN,0.014852790501898114
2025-26,new,NYK,DET,0.0172486531765979
2025-26,new,NYK,GSW,0.0006308046163143176
2025-26,new,NYK,HOU,1.4278017454138347e-05
2025-26,new,NYK,IND,8.135973742339737e-05
2025-26,new,NYK,LAC,0.00017084876391695137
2025-26,new,NYK,LAL,0.02079083106653968
2025-26,new,NYK,MEM,0.006389816959553142
2025-26,new,NYK,MIA,0.010189519609079087
2025-26,new,NYK,MIL,4.0948289017000336e-05
2025-26,new,NYK,MIN,0.010035829815315079
2025-26,new,NYK,NOP,0.0
2025-26,new,NYK,OKC,0.014725965087396289
2025-26,new,NYK,ORL,0.0
2025-26,new,NYK,PHI,0.04595859540955388
2025-26,new,NYK,PHX,0.0
2025-26,new,NYK,POR,0.003458224693990373
2025-26,new,NYK,SAC,0.00030733032003025005
2025-26,new,NYK,SAS,0.008114224212497053
2025-26,new,NYK,TOR,0.003841324940341788
2025-26,new,NYK,UTA,1.0775862229538375e-06
2025-26,new,NYK,WAS,0.0009617457136407429
2025-26,new,OKC,ATL,0.007870959076199455
2025-26,new,OKC,BKN,0.0
2025-26,new,OKC,BOS,0.0038609914569152073
2025-26,new,OKC,CHA,0.030967114341504478
2025-26,new,OKC,CHI,0.06540311480223769
2025-26,new,OKC,CLE,0.023631465537553846
2025-26,new,OKC,DAL,0.04111961211270556
2025-26,new,OKC,DEN,0.008228061803329498
2025-26,new,OKC,DET,0.01196605606610758
2025-26,new,OKC,GSW,0.0012576005138619402
2025-26,new,OKC,HOU,0.00023841595182853652
2025-26,new,OKC,IND,0.0
2025-26,new,OKC,LAC,0.0
2025-26,new,OKC,LAL,0.011904766224184831
2025-26,new,OKC,MEM,0.02707381500738095
2025-26,new,OKC,MIA,0.014986931281587047
2025-26,new,OKC,MIL,0.00028151936491887115
2025-26,new,OKC,MIN,0.011787715542957124
2025-26,new,OKC,NOP,0.0
2025-26,new,OKC,NYK,0.0074687501158693746
2025-26,new,OKC,ORL,0.0
2025-26,new,OKC,PHI,0.008039602283042142
2025-26,new,OKC,PHX,0.0
2025-26,new,OKC,POR,0.11448629178077932
2025-26,new,OKC,SAC,0.0
2025-26,new,OKC,SAS,0.017044719899924284
2025-26,new,OKC,TOR,0.01723308628962921
2025-26,new,OKC,UTA,0.00026373923232313244
2025-26,new,OKC,WAS,0.0005805495808679803
2025-26,new,ORL,ATL,0.03343480614220708
2025-26,new,ORL,BKN,0.001280108636161332
2025-26,new,ORL,BOS,0.006388334739772133
2025-26,new,ORL,CHA,0.05657675531869731
2025-26,new,ORL,CHI,0.0016866861197463593
2025-26,new,ORL,CLE,3.448275889366352e-05
2025-26,new,ORL,DAL,3.1682513139897075e-05
2025-26,new,ORL,DEN,0.006322576828072137
2025-26,new,ORL,DET,0.029502693888016754
2025-26,new,ORL,GSW,0.001350353199710928
2025-26,new,ORL,HOU,0.00015571120921682952
2025-26,new,ORL,IND,0.001026231268694793
2025-26,new,ORL,LAC,0.0027670614490432786
2025-26,new,ORL,LAL,0.006694519450195263
2025-26,new,ORL,MEM,0.3180215517594078
2025-26,new,ORL,MIA,0.08099008772278764
2025-26,new,ORL,MIL,0.0038987069351373825
2025-26,new,ORL,MIN,0.00914170273553564
2025-26,new,ORL,NOP,0.0
2025-26,new,ORL,NYK,0.02908708882761544
2025-26,new,ORL,OKC,0.03165129666604885
2025-26,new,ORL,PHI,0.045544886529634884
2025-26,new,ORL,PHX,0.0
2025-26,new,ORL,POR,0.0005667894610895739
2025-26,new,ORL,SAC,0.0011167850121687635
2025-26,new,ORL,SAS,0.050339709357438804
2025-26,new,ORL,TOR,0.044418426406533575
2025-26,new,ORL,UTA,0.0048512931767819
2025-26,new,ORL,WAS,0.002828394426795622
2025-26,new,PHI,ATL,0.0007820581702579714
2025-26,new,PHI,BKN,0.0023942787850733263
2025-26,new,PHI,BOS,0.003298184689960306
2025-26,new,PHI,CHA,0.05482226034179466
2025-26,new,PHI,CHI,0.014954242198211181
2025-26,new,PHI,CLE,0.013607758678303196
2025-26,new,PHI,DAL,0.00655363008940185
2025-26,new,PHI,DEN,0.0028618049764366324
2025-26,new,PHI,DET,0.0047195582820206946
2025-26,new,PHI,GSW,0.0036882633122693105
2025-26,new,PHI,HOU,8.081896672153776e-07
2025-26,new,PHI,IND,0.00011915141542478273
2025-26,new,PHI,LAC,0.0002489380773790642
2025-26,new,PHI,LAL,0.003048487815038493
2025-26,new,PHI,MEM,0.032537715710530955
2025-26,new,PHI,MIA,0.053801109411845516
2025-26,new,PHI,MIL,0.00251131475381232
2025-26,new,PHI,MIN,0.008343750101911579
2025-26,new,PHI,NOP,0.0
2025-26,new,PHI,NYK,0.004964069726990821
2025-26,new,PHI,OKC,0.14582792754260954
2025-26,new,PHI,ORL,0.0
2025-26,new,PHI,PHX,0.0
2025-26,new,PHI,POR,2.519333597304248e-07
2025-26,new,PHI,SAC,0.0
2025-26,new,PHI,SAS,0.13590436441956313
2025-26,new,PHI,TOR,0.07592818079040861
2025-26,new,PHI,UTA,0.003914062542828796
2025-26,new,PHI,WAS,0.004731142296564187
2025-26,new,PHX,ATL,0.0050355603726950065
2025-26,new,PHX,BKN,0.000613215548814976
2025-26,new,PHX,BOS,0.0017844827565492998
2025-26,new,PHX,CHA,0.0788510543978644
2025-26,new,PHX,CHI,0.005324104700412645
2025-26,new,PHX,CLE,0.01546228453332301
2025-26,new,PHX,DAL,0.004305338862878221
2025-26,new,PHX,DEN,0.01603224238778208
2025-26,new,PHX,DET,0.011016433303914806
2025-26,new,PHX,GSW,0.011890065392692889
2025-26,new,PHX,HOU,0.002649784535932322
2025-26,new,PHX,IND,0.0005811212818948934
2025-26,new,PHX,LAC,0.0012125474644857337
2025-26,new,PHX,LAL,0.01564990044455295
2025-26,new,PHX,MEM,0.08559859910152916
2025-26,new,PHX,MIA,0.028150541408886894
2025-26,new,PHX,MIL,0.00046497848633564385
2025-26,new,PHX,MIN,0.023304687887309765
2025-26,new,PHX,NOP,0.0
2025-26,new,PHX,NYK,0.004515625009963545
2025-26,new,PHX,OKC,0.02606509550565661
2025-26,new,PHX,ORL,0.0
2025-26,new,PHX,PHI,0.013624666219379196
2025-26,new,PHX,POR,0.010086708933850346
2025-26,new,PHX,SAC,3.646191719091238e-07
2025-26,new,PHX,SAS,0.0017602369291426867
2025-26,new,PHX,TOR,0.010221251079668042
2025-26,new,PHX,UTA,0.004399515091108382
2025-26,new,PHX,WAS,0.00602747844245108
2025-26,new,POR,ATL,0.00022171337137416266
2025-26,new,POR,BKN,2.0539597902950778e-08
2025-26,new,POR,BOS,0.0
2025-26,new,POR,CHA,0.014175340940697886
2025-26,new,POR,CHI,0.17001252230451722
2025-26,new,POR,CLE,0.0004342672470475321
2025-26,new,POR,DAL,0.00018764417735618385
2025-26,new,POR,DEN,0.00026561963396739755
2025-26,new,POR,DET,0.0005676185443459465
2025-26,new,POR,GSW,0.007920711743687161
2025-26,new,POR,HOU,2.2629310682030588e-05
2025-26,new,POR,IND,4.923866941351598e-05
2025-26,new,POR,LAC,0.00010317618132517204
2025-26,new,POR,LAL,0.00011206538992500379
2025-26,new,POR,MEM,0.010445312650529026
2025-26,new,POR,MIA,0.009210731705073232
2025-26,new,POR,MIL,0.00010614226074439698
2025-26,new,POR,MIN,0.0012341056241862605
2025-26,new,POR,NOP,0.0
2025-26,new,POR,NYK,0.002051454720665411
2025-26,new,POR,OKC,0.1448996645741823
2025-26,new,POR,ORL,0.0
2025-26,new,POR,PHI,9.152704468290502e-05
2025-26,new,POR,PHX,0.0
2025-26,new,POR,SAC,0.0026254495681478297
2025-26,new,POR,SAS,0.014838631585208255
2025-26,new,POR,TOR,0.01162146352106091
2025-26,new,POR,UTA,0.003382273704166813
2025-26,new,POR,WAS,0.00282273709930576
2025-26,new,SAC,ATL,0.0025086206866123174
2025-26,new,SAC,BKN,0.007112444675092711
2025-26,new,SAC,BOS,0.00010385192507940169
2025-26,new,SAC,CHA,0.03292960713254402
2025-26,new,SAC,CHI,0.0027843282883178873
2025-26,new,SAC,CLE,3.232758668861513e-06
2025-26,new,SAC,DAL,0.000167917936442195
2025-26,new,SAC,DEN,0.006748155290147167
2025-26,new,SAC,DET,0.003728987108394184
2025-26,new,SAC,GSW,0.005586145828506537
2025-26,new,SAC,HOU,0.00026670259018107486
2025-26,new,SAC,IND,0.0016449984186950694
2025-26,new,SAC,LAC,0.0034431639527637233
2025-26,new,SAC,LAL,0.009487534901707013
2025-26,new,SAC,MEM,0.06103340502198111
2025-26,new,SAC,MIA,0.023943132773104437
2025-26,new,SAC,MIL,0.0028038793090120737
2025-26,new,SAC,MIN,0.008001616515303513
2025-26,new,SAC,NOP,0.0
2025-26,new,SAC,NYK,0.015244146842828273
2025-26,new,SAC,OKC,0.03460953574108189
2025-26,new,SAC,ORL,0.0
2025-26,new,SAC,PHI,0.010783370238069663
2025-26,new,SAC,PHX,0.0
2025-26,new,SAC,POR,0.0031870274095727974
2025-26,new,SAC,SAS,0.02643615325437136
2025-26,new,SAC,TOR,0.015540886703102807
2025-26,new,SAC,UTA,0.011133620704399775
2025-26,new,SAC,WAS,0.01841136873820154
2025-26,new,SAS,ATL,0.01632435356704358
2025-26,new,SAS,BKN,6.712455765390083e-07
2025-26,new,SAS,BOS,0.007047413792140011
2025-26,new,SAS,CHA,0.06888668605776074
2025-26,new,SAS,CHI,0.03147718223839455
2025-26,new,SAS,CLE,0.04680926739687806
2025-26,new,SAS,DAL,0.014476009111443526
2025-26,new,SAS,DEN,0.010964259972348246
2025-26,new,SAS,DET,0.011435614231700912
2025-26,new,SAS,GSW,0.007200666176813136
2025-26,new,SAS,HOU,0.002257273754221387
2025-26,new,SAS,IND,5.471737744230643e-07
2025-26,new,SAS,LAC,8.013762579076716e-08
2025-26,new,SAS,LAL,0.012022367751585612
2025-26,new,SAS,MEM,0.048519396955038985
2025-26,new,SAS,MIA,0.01222333175666412
2025-26,new,SAS,MIL,0.0003717672541849957
2025-26,new,SAS,MIN,0.027435614443424256
2025-26,new,SAS,NOP,0.0
2025-26,new,SAS,NYK,0.01071524796515687
2025-26,new,SAS,OKC,0.06141142395758552
2025-26,new,SAS,ORL,0.0
2025-26,new,SAS,PHI,0.02334286113034789
2025-26,new,SAS,PHX,0.0
2025-26,new,SAS,POR,0.0036015161239990427
2025-26,new,SAS,SAC,5.174318686511406e-07
2025-26,new,SAS,TOR,0.01906933460702617
2025-26,new,SAS,UTA,0.00021659483161658573
2025-26,new,SAS,WAS,0.0010646551735659033
2025-26,new,TOR,ATL,0.004813038868355919
2025-26,new,TOR,BKN,0.0003582246252157628
2025-26,new,TOR,BOS,0.00514547416683415
2025-26,new,TOR,CHA,0.05889261120334595
2025-26,new,TOR,CHI,0.0003341245163415292
2025-26,new,TOR,CLE,0.006232758695982269
2025-26,new,TOR,DAL,0.0013294506079483683
2025-26,new,TOR,DEN,0.006007543184136137
2025-26,new,TOR,DET,0.006708243465861946
2025-26,new,TOR,GSW,0.0013924312724233891
2025-26,new,TOR,HOU,0.0
2025-26,new,TOR,IND,2.5714522514982526e-05
2025-26,new,TOR,LAC,5.414136709516932e-05
2025-26,new,TOR,LAL,0.004921355983714683
2025-26,new,TOR,MEM,0.03452020507651092
2025-26,new,TOR,MIA,0.05038463432849388
2025-26,new,TOR,MIL,0.0004070581750269853
2025-26,new,TOR,MIN,0.02080953688039605
2025-26,new,TOR,NOP,0.0
2025-26,new,TOR,NYK,0.002178744191282774
2025-26,new,TOR,OKC,0.045887931134694276
2025-26,new,TOR,ORL,0.0
2025-26,new,TOR,PHI,0.042304021584765504
2025-26,new,TOR,PHX,0.0
2025-26,new,TOR,POR,3.215104847487871e-07
2025-26,new,TOR,SAC,0.0002603670211251954
2025-26,new,TOR,SAS,0.04794881559818068
2025-26,new,TOR,UTA,0.0004773706816144866
2025-26,new,TOR,WAS,0.0008876616548313279
2025-26,new,UTA,ATL,0.01762526919067725
2025-26,new,UTA,BKN,0.0039941885543452495
2025-26,new,UTA,BOS,0.006282327693549851
2025-26,new,UTA,CHA,0.0184112072519659
2025-26,new,UTA,CHI,0.00024098685671492218
2025-26,new,UTA,CLE,0.0007112069156598944
2025-26,new,UTA,DAL,6.458921808032378e-05
2025-26,new,UTA,DEN,0.007401660617411039
2025-26,new,UTA,DET,0.012688846878490633
2025-26,new,UTA,GSW,0.0008539574926894817
2025-26,new,UTA,HOU,7.004310449199944e-06
2025-26,new,UTA,IND,0.000916603060761645
2025-26,new,UTA,LAC,0.0019161520841452055
2025-26,new,UTA,LAL,0.010430196154813878
2025-26,new,UTA,MEM,0.008913793079695536
2025-26,new,UTA,MIA,0.010122862238763686
2025-26,new,UTA,MIL,0.00018857764939231615
2025-26,new,UTA,MIN,0.0035463362841080103
2025-26,new,UTA,NOP,0.0
2025-26,new,UTA,NYK,0.011074084080775782
2025-26,new,UTA,OKC,0.04754244541193484
2025-26,new,UTA,ORL,0.0
2025-26,new,UTA,PHI,0.04488190994698841
2025-26,new,UTA,PHX,0.0
2025-26,new,UTA,POR,0.0004092488776557579
2025-26,new,UTA,SAC,0.0017213228135888753
2025-26,new,UTA,SAS,0.011575700728451545
2025-26,new,UTA,TOR,0.0029816111547078176
2025-26,new,UTA,WAS,0.011344558406332188
2025-26,new,WAS,ATL,0.0012459590222188752
2025-26,new,WAS,BKN,0.002245511696384772
2025-26,new,WAS,BOS,0.0023362069242987135
2025-26,new,WAS,CHA,0.030399344527278483
2025-26,new,WAS,CHI,0.0008087350693029235
2025-26,new,WAS,CLE,0.0023782327560836376
2025-26,new,WAS,DAL,0.0002347036689420277
2025-26,new,WAS,DEN,0.0003567142385091121
2025-26,new,WAS,DET,0.00030630388515921113
2025-26,new,WAS,GSW,0.0002656304880112885
2025-26,new,WAS,HOU,7.004310449199944e-06
2025-26,new,WAS,IND,0.0010035495015378322
2025-26,new,WAS,LAC,0.007342899534353286
2025-26,new,WAS,LAL,0.0010140455843765676
2025-26,new,WAS,MEM,0.03782462288420808
2025-26,new,WAS,MIA,0.009991039717310937
2025-26,new,WAS,MIL,0.0014657866768739672
2025-26,new,WAS,MIN,0.006346174641432046
2025-26,new,WAS,NOP,0.0
2025-26,new,WAS,NYK,0.06327370710377903
2025-26,new,WAS,OKC,0.0035027374886271914
2025-26,new,WAS,ORL,0.0
2025-26,new,WAS,PHI,0.009090558264009568
2025-26,new,WAS,PHX,0.0
2025-26,new,WAS,POR,0.0009525654278549485
2025-26,new,WAS,SAC,0.003881213403801039
2025-26,new,WAS,SAS,0.009820043200161312
2025-26,new,WAS,TOR,0.0053262974084907645
2025-26,new,WAS,UTA,0.013540948502165428
2025-26,old,ATL,BKN,1.1237354407829555e-05
2025-26,old,ATL,BOS,0.0001698250515983091
2025-26,old,ATL,CHA,0.029104457835286777
2025-26,old,ATL,CHI,0.0020623664356804235
2025-26,old,ATL,CLE,7.543103560676863e-06
2025-26,old,ATL,DAL,0.003534068093831967
2025-26,old,ATL,DEN,0.013858269435920452
2025-26,old,ATL,DET,0.00529256486514551
2025-26,old,ATL,GSW,0.0011015631119028636
2025-26,old,ATL,HOU,7.812500116415322e-06
2025-26,old,ATL,IND,1.2727237923125798e-05
2025-26,old,ATL,LAC,1.4349740516211814e-05
2025-26,old,ATL,LAL,0.019425983409606606
2025-26,old,ATL,MEM,0.0032745149769169966
2025-26,old,ATL,MIA,0.015334145208692659
2025-26,old,ATL,MIL,0.005704202604006397
2025-26,old,ATL,MIN,0.005855872906395234
2025-26,old,ATL,NOP,0.0
2025-26,old,ATL,NYK,0.014367133940626876
2025-26,old,ATL,OKC,0.07962759710397066
2025-26,old,ATL,ORL,0.0
2025-26,old,ATL,PHI,0.015021899042688889
2025-26,old,ATL,PHX,0.0
2025-26,old,ATL,POR,0.0037116106355299236
2025-26,old,ATL,SAC,0.00012187088419522817
2025-26,old,ATL,SAS,0.16677101349987986
2025-26,old,ATL,TOR,0.03028581763456427
2025-26,old,ATL,UTA,0.0026516703092733973
2025-26,old,ATL,WAS,2.7209052691589424e-05
2025-26,old,BKN,ATL,0.03273706913943771
2025-26,old,BKN,BOS,0.008579741521770583
2025-26,old,BKN,CHA,0.010061506579385966
2025-26,old,BKN,CHI,0.03278929370808594
2025-26,old,BKN,CLE,0.006019396601598067
2025-26,old,BKN,DAL,0.004239193394335187
2025-26,old,BKN,DEN,0.010566433286885725
2025-26,old,BKN,DET,0.008454741507082182
2025-26,old,BKN,GSW,0.007681322530796873
2025-26,old,BKN,HOU,0.0
2025-26,old,BKN,IND,0.010985076048914027
2025-26,old,BKN,LAC,0.0055141242681154175
2025-26,old,BKN,LAL,0.004148863493354334
2025-26,old,BKN,MEM,0.013586745719437422
2025-26,old,BKN,MIA,0.007686436050968488
2025-26,old,BKN,MIL,0.0015078124451121827
2025-26,old,BKN,MIN,0.011255388012846352
2025-26,old,BKN,NOP,0.0
2025-26,old,BKN,NYK,0.014924299651447792
2025-26,old,BKN,OKC,0.02529305060554945
2025-26,old,BKN,ORL,0.0
2025-26,old,BKN,PHI,0.011797922867498698
2025-26,old,BKN,PHX,0.0
2025-26,old,BKN,POR,0.004081929849209532
2025-26,old,BKN,SAC,0.010407430960402468
2025-26,old,BKN,SAS,0.006117187452819679
2025-26,old,BKN,TOR,0.004506581385750116
2025-26,old,BKN,UTA,0.01261018326162794
2025-26,old,BKN,WAS,0.009007273476956214
2025-26,old,BOS,ATL,0.006772090631982728
2025-26,old,BOS,BKN,1.817805887199288e-07
2025-26,old,BOS,CHA,0.014019891228936182
2025-26,old,BOS,CHI,0.008009777750642566
2025-26,old,BOS,CLE,0.003460129325374447
2025-26,old,BOS,DAL,0.0008062645202654626
2025-26,old,BOS,DEN,0.005166482059347322
2025-26,old,BOS,DET,0.006798760867798058
2025-26,old,BOS,GSW,3.8273786220238346e-05
2025-26,old,BOS,HOU,2.2629310682030588e-05
2025-26,old,BOS,IND,0.001840581053339943
2025-26,old,BOS,LAC,0.0006372355220317505
2025-26,old,BOS,LAL,0.006421347117776167
2025-26,old,BOS,MEM,0.004869612060960961
2025-26,old,BOS,MIA,0.007431984930831859
2025-26,old,BOS,MIL,0.0007319504474610865
2025-26,old,BOS,MIN,0.004168103442162051
2025-26,old,BOS,NOP,0.0
2025-26,old,BOS,NYK,0.010930236721737369
2025-26,old,BOS,OKC,0.01340732211235662
2025-26,old,BOS,ORL,0.0
2025-26,old,BOS,PHI,0.008664886484547489
2025-26,old,BOS,PHX,0.0
2025-26,old,BOS,POR,0.012185941789238245
2025-26,old,BOS,SAC,0.0010574882645334141
2025-26,old,BOS,SAS,0.036679418021110535
2025-26,old,BOS,TOR,0.009549860739503698
2025-26,old,BOS,UTA,0.0015325970696646648
2025-26,old,BOS,WAS,0.0014181033882175993
2025-26,old,CHA,ATL,0.006284482889780615
2025-26,old,CHA,BKN,0.0016951840927954397
2025-26,old,CHA,BOS,0.003415948351251025
2025-26,old,CHA,CHI,0.004647340591418898
2025-26,old,CHA,CLE,0.0012510776210672644
2025-26,old,CHA,DAL,0.0007247198528050596
2025-26,old,CHA,DEN,0.005704984760883934
2025-26,old,CHA,DET,0.0033054957302399617
2025-26,old,CHA,GSW,0.010020711614815322
2025-26,old,CHA,HOU,2.963362113123053e-05
2025-26,old,CHA,IND,0.002107330560352903
2025-26,old,CHA,LAC,0.0004574613607007507
2025-26,old,CHA,LAL,0.0036120590674417943
2025-26,old,CHA,MEM,0.034634698128432104
2025-26,old,CHA,MIA,0.01789051498217977
2025-26,old,CHA,MIL,0.008797144451246856
2025-26,old,CHA,MIN,0.004123114279033777
2025-26,old,CHA,NOP,0.0
2025-26,old,CHA,NYK,0.004486676266424127
2025-26,old,CHA,OKC,0.021556287451385235
2025-26,old,CHA,ORL,0.0
2025-26,old,CHA,PHI,0.03183797282141942
2025-26,old,CHA,PHX,0.0
2025-26,old,CHA,POR,0.012497447466053033
2025-26,old,CHA,SAC,0.0029872830008769247
2025-26,old,CHA,SAS,0.018547413567370125
2025-26,old,CHA,TOR,0.007791456872321628
2025-26,old,CHA,UTA,0.007490571146782744
2025-26,old,CHA,WAS,0.0033469826368623043
2025-26,old,CHI,ATL,0.038105064395851276
2025-26,old,CHI,BKN,1.1949373490301156e-05
2025-26,old,CHI,BOS,0.004635775928417671
2025-26,old,CHI,CHA,0.004043061578990139
2025-26,old,CHI,CLE,0.008772629326819603
2025-26,old,CHI,DAL,0.01685735634605292
2025-26,old,CHI,DEN,0.012943611462316672
2025-26,old,CHI,DET,0.013659213335927704
2025-26,old,CHI,GSW,0.0024423267066058336
2025-26,old,CHI,HOU,7.543103560676863e-06
2025-26,old,CHI,IND,3.061739948411632e-05
2025-26,old,CHI,LAC,0.00013756641894012138
2025-26,old,CHI,LAL,0.009470917033286619
2025-26,old,CHI,MEM,0.005123653227106087
2025-26,old,CHI,MIA,0.002739830367221834
2025-26,old,CHI,MIL,0.019547953682526105
2025-26,old,CHI,MIN,0.01065059279266279
2025-26,old,CHI,NOP,0.0
2025-26,old,CHI,NYK,0.00834256797326408
2025-26,old,CHI,OKC,0.006480531581193213
2025-26,old,CHI,ORL,0.0
2025-26,old,CHI,PHI,0.03271671954948607
2025-26,old,CHI,PHX,0.0
2025-26,old,CHI,POR,0.0010181495504241569
2025-26,old,CHI,SAC,2.3649834612762393e-06
2025-26,old,CHI,SAS,0.0028833513516442967
2025-26,old,CHI,TOR,0.002019853150177864
2025-26,old,CHI,UTA,0.0013098060574727774
2025-26,old,CHI,WAS,4.445043402515226e-05
2025-26,old,CLE,ATL,0.23094450398811928
2025-26,old,CLE,BKN,0.00040228071070153883
2025-26,old,CLE,BOS,0.02149030207720553
2025-26,old,CLE,CHA,0.03302039356034332
2025-26,old,CLE,CHI,0.0010115405930512821
2025-26,old,CLE,DAL,0.009593558923562964
2025-26,old,CLE,DEN,0.04159906639366434
2025-26,old,CLE,DET,0.028171336442966752
2025-26,old,CLE,GSW,0.0013422673457751662
2025-26,old,CLE,HOU,7.004310449199944e-06
2025-26,old,CLE,IND,0.004066735249825185
2025-26,old,CLE,LAC,0.0025381210812927364
2025-26,old,CLE,LAL,0.03521778811142185
2025-26,old,CLE,MEM,0.03503124981381979
2025-26,old,CLE,MIA,0.006206748263216123
2025-26,old,CLE,MIL,0.005787176998665328
2025-26,old,CLE,MIN,0.02171147649543729
2025-26,old,CLE,NOP,0.0
2025-26,old,CLE,NYK,0.04171282375101805
2025-26,old,CLE,OKC,0.025893177845944176
2025-26,old,CLE,ORL,0.0
2025-26,old,CLE,PHI,0.04485896303830732
2025-26,old,CLE,PHX,0.0
2025-26,old,CLE,POR,0.0013283683085235681
2025-26,old,CLE,SAC,0.0010445960121116267
2025-26,old,CLE,SAS,0.03110937531591905
2025-26,old,CLE,TOR,0.025887656361577915
2025-26,old,CLE,UTA,0.009098060272357041
2025-26,old,CLE,WAS,0.0014525861543169686
2025-26,old,DAL,ATL,0.05517753226068353
2025-26,old,DAL,BKN,0.0006310488229076224
2025-26,old,DAL,BOS,0.0031918104294013107
2025-26,old,DAL,CHA,0.011352647005489084
2025-26,old,DAL,CHI,0.04735923941882444
2025-26,old,DAL,CLE,0.0
2025-26,old,DAL,DEN,0.004536133228081918
2025-26,old,DAL,DET,0.003816002222030938
2025-26,old,DAL,GSW,0.007146240255152561
2025-26,old,DAL,HOU,0.0
2025-26,old,DAL,IND,0.00047330685894040534
2025-26,old,DAL,LAC,0.00028195996212908845
2025-26,old,DAL,LAL,0.0052444677213084314
2025-26,old,DAL,MEM,0.034375268930954675
2025-26,old,DAL,MIA,0.008278514169391887
2025-26,old,DAL,MIL,0.006889547429585445
2025-26,old,DAL,MIN,0.0006056034604713705
2025-26,old,DAL,NOP,0.0
2025-26,old,DAL,NYK,0.00599865274976695
2025-26,old,DAL,OKC,0.03767698359598179
2025-26,old,DAL,ORL,0.0
2025-26,old,DAL,PHI,0.007023594370272224
2025-26,old,DAL,PHX,0.0
2025-26,old,DAL,POR,0.01125352029299376
2025-26,old,DAL,SAC,0.00157099295006411
2025-26,old,DAL,SAS,0.0070641162326752095
2025-26,old,DAL,TOR,0.004176715947128956
2025-26,old,DAL,UTA,0.018603448368777552
2025-26,old,DAL,WAS,0.0016446660104577015
2025-26,old,DEN,ATL,0.02881088365880965
2025-26,old,DEN,BKN,0.0006391821433790142
2025-26,old,DEN,BOS,0.007443935276091749
2025-26,old,DEN,CHA,0.006427115383811927
2025-26,old,DEN,CHI,0.00804323011611841
2025-26,old,DEN,CLE,0.00849892243068537
2025-26,old,DEN,DAL,0.023021217124778694
2025-26,old,DEN,DET,0.01731896534527989
2025-26,old,DEN,GSW,0.005394799872087331
2025-26,old,DEN,HOU,2.155172445907675e-05
2025-26,old,DEN,IND,0.0002471746292532739
2025-26,old,DEN,LAC,0.00016989963438000954
2025-26,old,DEN,LAL,0.025006180368806356
2025-26,old,DEN,MEM,0.005516163893204567
2025-26,old,DEN,MIA,0.0038200911250141595
2025-26,old,DEN,MIL,0.0025651938873664315
2025-26,old,DEN,MIN,0.007845366470864975
2025-26,old,DEN,NOP,0.0
2025-26,old,DEN,NYK,0.031908815666192115
2025-26,old,DEN,OKC,0.034855855727915525
2025-26,old,DEN,ORL,0.0
2025-26,old,DEN,PHI,0.06389932077929095
2025-26,old,DEN,PHX,0.0
2025-26,old,DEN,POR,0.012240376674729872
2025-26,old,DEN,SAC,0.002641700084938557
2025-26,old,DEN,SAS,0.00207004314874588
2025-26,old,DEN,TOR,0.0041724721840945
2025-26,old,DEN,UTA,3.7446127610345346e-05
2025-26,old,DEN,WAS,0.0006282327685842354
2025-26,old,DET,ATL,0.05823033442576255
2025-26,old,DET,BKN,0.0011100325365207297
2025-26,old,DET,BOS,0.020588362278288294
2025-26,old,DET,CHA,0.023253941308655372
2025-26,old,DET,CHI,0.009626455555398422
2025-26,old,DET,CLE,0.029174569025716
2025-26,old,DET,DAL,0.019357967178630548
2025-26,old,DET,DEN,0.013343573104424676
2025-26,old,DET,GSW,0.0006802757030017587
2025-26,old,DET,HOU,0.0
2025-26,old,DET,IND,0.0020746378466862344
2025-26,old,DET,LAC,0.0015912906608504538
2025-26,old,DET,LAL,0.008353567354546967
2025-26,old,DET,MEM,0.007844019421709475
2025-26,old,DET,MIA,0.011823240274395852
2025-26,old,DET,MIL,8.674569397859665e-05
2025-26,old,DET,MIN,0.06764547462803953
2025-26,old,DET,NOP,0.0
2025-26,old,DET,NYK,0.017140894498463302
2025-26,old,DET,OKC,0.04904973399600751
2025-26,old,DET,ORL,0.0
2025-26,old,DET,PHI,0.01916236564207836
2025-26,old,DET,PHX,0.0
2025-26,old,DET,POR,0.000305950251347679
2025-26,old,DET,SAC,0.0020651476036980727
2025-26,old,DET,SAS,0.018848599174666084
2025-26,old,DET,TOR,0.018773845473182373
2025-26,old,DET,UTA,0.0020412176792863113
2025-26,old,DET,WAS,0.0014463901029024583
2025-26,old,GSW,ATL,0.011385237193497799
2025-26,old,GSW,BKN,0.0015355340180339748
2025-26,old,GSW,BOS,0.004346982767034708
2025-26,old,GSW,CHA,0.010264145595612329
2025-26,old,GSW,CHI,0.029827157084870146
2025-26,old,GSW,CLE,0.006141163804327491
2025-26,old,GSW,DAL,0.008709610876102763
2025-26,old,GSW,DEN,0.00601661825633818
2025-26,old,GSW,DET,0.007262661703601319
2025-26,old,GSW,HOU,4.4450431696845795e-05
2025-26,old,GSW,IND,0.0002094567230683797
2025-26,old,GSW,LAC,0.0009312864801782567
2025-26,old,GSW,LAL,0.00605283684971597
2025-26,old,GSW,MEM,0.010705549476652181
2025-26,old,GSW,MIA,0.005125721311516059
2025-26,old,GSW,MIL,0.0017896012440203417
2025-26,old,GSW,MIN,0.00715247845961632
2025-26,old,GSW,NOP,0.0
2025-26,old,GSW,NYK,0.0034251183902147273
2025-26,old,GSW,OKC,0.018423629500639055
2025-26,old,GSW,ORL,0.0
2025-26,old,GSW,PHI,0.007669699166225706
2025-26,old,GSW,PHX,0.0
2025-26,old,GSW,POR,0.04957261674334927
2025-26,old,GSW,SAC,0.002081608885629134
2025-26,old,GSW,SAS,0.005004849134129474
2025-26,old,GSW,TOR,0.0032677973974439716
2025-26,old,GSW,UTA,0.005987068948071
2025-26,old,GSW,WAS,0.00010668104034768231
2025-26,old,HOU,ATL,0.014381465784771817
2025-26,old,HOU,BKN,0.0009619758621443549
2025-26,old,HOU,BOS,0.012914870876240832
2025-26,old,HOU,CHA,0.007561896386635539
2025-26,old,HOU,CHI,0.0034933791433809378
2025-26,old,HOU,CLE,0.001966594881618974
2025-26,old,HOU,DAL,0.005085366660833961
2025-26,old,HOU,DEN,0.01863340627487222
2025-26,old,HOU,DET,0.018853987189318893
2025-26,old,HOU,GSW,0.001753125382561556
2025-26,old,HOU,IND,0.0032480909681075823
2025-26,old,HOU,LAC,0.001988311992078527
2025-26,old,HOU,LAL,0.016122638545944177
2025-26,old,HOU,MEM,0.007085398662140881
2025-26,old,HOU,MIA,0.005911525843491458
2025-26,old,HOU,MIL,0.010520474133503236
2025-26,old,HOU,MIN,0.006416217801422041
2025-26,old,HOU,NOP,0.0
2025-26,old,HOU,NYK,0.015755533820425768
2025-26,old,HOU,OKC,0.02399761520137837
2025-26,old,HOU,ORL,0.0
2025-26,old,HOU,PHI,0.161682913291026
2025-26,old,HOU,PHX,0.0
2025-26,old,HOU,POR,0.0028213066760956287
2025-26,old,HOU,SAC,0.00022694237671555865
2025-26,old,HOU,SAS,0.008428879401582327
2025-26,old,HOU,TOR,0.0074963712872999615
2025-26,old,HOU,UTA,0.0010536099361568882
2025-26,old,HOU,WAS,0.0029234913855405715
2025-26,old,IND,ATL,0.0020406788969733595
2025-26,old,IND,BKN,0.0027411542851993502
2025-26,old,IND,BOS,2.155172445907677e-06
2025-26,old,IND,CHA,0.011580203243857622
2025-26,old,IND,CHI,0.03955729877492842
2025-26,old,IND,CLE,0.0
2025-26,old,IND,DAL,0.0012733357201373304
2025-26,old,IND,DEN,0.00015851132953480728
2025-26,old,IND,DET,0.0004757543183172701
2025-26,old,IND,GSW,0.002752712896902287
2025-26,old,IND,HOU,0.0
2025-26,old,IND,LAC,0.015637322147614062
2025-26,old,IND,LAL,1.3638280369820475e-08
2025-26,old,IND,MEM,0.028690194148843266
2025-26,old,IND,MIA,0.009224853842054504
2025-26,old,IND,MIL,4.1217654622320606e-05
2025-26,old,IND,MIN,0.0008068426843563992
2025-26,old,IND,NOP,0.0
2025-26,old,IND,NYK,0.0026807649118096404
2025-26,old,IND,OKC,0.034661985667638756
2025-26,old,IND,ORL,0.0
2025-26,old,IND,PHI,0.0019168120446085867
2025-26,old,IND,PHX,0.0
2025-26,old,IND,POR,0.04388984812699691
2025-26,old,IND,SAC,0.0017928392131533635
2025-26,old,IND,SAS,0.00791056038299977
2025-26,old,IND,TOR,0.006576283830467453
2025-26,old,IND,UTA,0.004320581873762421
2025-26,old,IND,WAS,0.0037656250124765067
2025-26,old,LAC,ATL,0.017575161704805622
2025-26,old,LAC,BKN,0.0012094280522187443
2025-26,old,LAC,BOS,0.003912685202918698
2025-26,old,LAC,CHA,0.026228790681068523
2025-26,old,LAC,CHI,0.25735631607764886
2025-26,old,LAC,CLE,0.0012015086403598303
2025-26,old,LAC,DAL,0.005449230578571027
2025-26,old,LAC,DEN,0.004591825111743638
2025-26,old,LAC,DET,0.011158405162699137
2025-26,old,LAC,GSW,0.025161965387782512
2025-26,old,LAC,HOU,5.8728449150984144e-05
2025-26,old,LAC,IND,2.115993722119963e-05
2025-26,old,LAC,LAL,0.008248020571503747
2025-26,old,LAC,MEM,0.01639304947814551
2025-26,old,LAC,MIA,0.016939430437425268
2025-26,old,LAC,MIL,0.003041756527783381
2025-26,old,LAC,MIN,0.0011667564751154838
2025-26,old,LAC,NOP,0.0
2025-26,old,LAC,NYK,0.007316681981168945
2025-26,old,LAC,OKC,0.1732627395317587
2025-26,old,LAC,ORL,0.0
2025-26,old,LAC,PHI,0.009196188690899476
2025-26,old,LAC,PHX,0.0
2025-26,old,LAC,POR,0.2296338385757331
2025-26,old,LAC,SAC,0.0006740356792072276
2025-26,old,LAC,SAS,0.010806034357800826
2025-26,old,LAC,TOR,0.00638663400933641
2025-26,old,LAC,UTA,0.004371497897824659
2025-26,old,LAC,WAS,0.0012723600896524957
2025-26,old,LAL,ATL,0.06282031257070828
2025-26,old,LAL,BKN,0.0004564440033872732
2025-26,old,LAL,BOS,0.016801724087623558
2025-26,old,LAL,CHA,0.011821239180669138
2025-26,old,LAL,CHI,0.0007463346229253061
2025-26,old,LAL,CLE,0.002729525835140898
2025-26,old,LAL,DAL,0.0030684588703550645
2025-26,old,LAL,DEN,0.01591243693083791
2025-26,old,LAL,DET,0.013494073384549823
2025-26,old,LAL,GSW,0.0008522504400307942
2025-26,old,LAL,HOU,2.9364224575492072e-05
2025-26,old,LAL,IND,0.001496300934633852
2025-26,old,LAL,LAC,0.0014185112438094435
2025-26,old,LAL,MEM,0.0069070580180790615
2025-26,old,LAL,MIA,0.0009356432480889478
2025-26,old,LAL,MIL,0.0010940194409942772
2025-26,old,LAL,MIN,0.007406250066826408
2025-26,old,LAL,NOP,0.0
2025-26,old,LAL,NYK,0.0226357759246683
2025-26,old,LAL,OKC,0.011309111788469389
2025-26,old,LAL,ORL,0.0
2025-26,old,LAL,PHI,0.010942141970673462
2025-26,old,LAL,PHX,0.0
2025-26,old,LAL,POR,0.0008277005091932644
2025-26,old,LAL,SAC,0.0024050141822532204
2025-26,old,LAL,SAS,0.00638092680539181
2025-26,old,LAL,TOR,0.007994435746550283
2025-26,old,LAL,UTA,0.00539870698554923
2025-26,old,LAL,WAS,0.002993803900879292
2025-26,old,MEM,ATL,0.007655442188742793
2025-26,old,MEM,BKN,0.0006620451462032122
2025-26,old,MEM,BOS,0.0015323276162661353
2025-26,old,MEM,CHA,0.020291069685674793
2025-26,old,MEM,CHI,0.018673373697141442
2025-26,old,MEM,CLE,0.0001303879332985601
2025-26,old,MEM,DAL,0.021359212608143614
2025-26,old,MEM,DEN,0.009401881234343485
2025-26,old,MEM,DET,0.017699084000979103
2025-26,old,MEM,GSW,0.006803411407010208
2025-26,old,MEM,HOU,2.235991412629213e-05
2025-26,old,MEM,IND,0.0005624783944746474
2025-26,old,MEM,LAC,9.684219644172807e-05
2025-26,old,MEM,LAL,0.017446175453100954
2025-26,old,MEM,MIA,0.00975338616272091
2025-26,old,MEM,MIL,0.006504849036452999
2025-26,old,MEM,MIN,0.0008240840651078853
2025-26,old,MEM,NOP,0.0
2025-26,old,MEM,NYK,0.015781788493956745
2025-26,old,MEM,OKC,0.04031140518375592
2025-26,old,MEM,ORL,0.0
2025-26,old,MEM,PHI,0.03895850210804151
2025-26,old,MEM,PHX,0.0
2025-26,old,MEM,POR,0.014691600437328752
2025-26,old,MEM,SAC,0.00024103538425360171
2025-26,old,MEM,SAS,0.04623141178760901
2025-26,old,MEM,TOR,0.011473912633703199
2025-26,old,MEM,UTA,0.011168103521320458
2025-26,old,MEM,WAS,0.0009240302666499894
2025-26,old,MIA,ATL,0.03481465536071357
2025-26,old,MIA,BKN,0.0014209044371364654
2025-26,old,MIA,BOS,0.004956896582072408
2025-26,old,MIA,CHA,0.05286488613715458
2025-26,old,MIA,CHI,0.002892581626720622
2025-26,old,MIA,CLE,0.005818965532254941
2025-26,old,MIA,DAL,0.0028921622118893054
2025-26,old,MIA,DEN,0.009363538585389916
2025-26,old,MIA,DET,0.011857219764376701
2025-26,old,MIA,GSW,0.0031847627600262384
2025-26,old,MIA,HOU,2.235991412629213e-05
2025-26,old,MIA,IND,0.001752991827436488
2025-26,old,MIA,LAC,0.0022435464805652455
2025-26,old,MIA,LAL,0.004937625338212752
2025-26,old,MIA,MEM,0.029632812552334707
2025-26,old,MIA,MIL,0.0009994611870658033
2025-26,old,MIA,MIN,0.0044084051735538594
2025-26,old,MIA,NOP,0.0
2025-26,old,MIA,NYK,0.011094019378892725
2025-26,old,MIA,OKC,0.036747829032158154
2025-26,old,MIA,ORL,0.0
2025-26,old,MIA,PHI,0.006679532239271292
2025-26,old,MIA,PHX,0.0
2025-26,old,MIA,POR,0.006736299892041066
2025-26,old,MIA,SAC,0.0015120114177383326
2025-26,old,MIA,SAS,0.01621201519549278
2025-26,old,MIA,TOR,0.01947459255289241
2025-26,old,MIA,UTA,0.0021408943919432825
2025-26,old,MIA,WAS,0.0014598598893820142
2025-26,old,MIL,ATL,0.024852640235491486
2025-26,old,MIL,BKN,0.002953372359407277
2025-26,old,MIL,BOS,0.0030409483646909735
2025-26,old,MIL,CHA,0.010324010934824471
2025-26,old,MIL,CHI,0.07261517575316392
2025-26,old,MIL,CLE,0.00022198276232992267
2025-26,old,MIL,DAL,0.0037979052615314114
2025-26,old,MIL,DEN,0.0039342722501496475
2025-26,old,MIL,DET,0.003751347049255856
2025-26,old,MIL,GSW,0.003682451050449594
2025-26,old,MIL,HOU,7.273707004938403e-06
2025-26,old,MIL,IND,0.0021148995960505986
2025-26,old,MIL,LAC,0.002139662980604033
2025-26,old,MIL,LAL,0.0020067078831052325
2025-26,old,MIL,MEM,0.010949353476833746
2025-26,old,MIL,MIA,0.005651300545893467
2025-26,old,MIL,MIN,0.0008758082031874498
2025-26,old,MIL,NOP,0.0
2025-26,old,MIL,NYK,0.0004232219911726385
2025-26,old,MIL,OKC,0.04183445572590726
2025-26,old,MIL,ORL,0.0
2025-26,old,MIL,PHI,0.0036145060851050775
2025-26,old,MIL,PHX,0.0
2025-26,old,MIL,POR,0.045324024006787006
2025-26,old,MIL,SAC,0.0036145734550163387
2025-26,old,MIL,SAS,0.00794234892720726
2025-26,old,MIL,TOR,0.0020101905092399673
2025-26,old,MIL,UTA,0.0008372844579019423
2025-26,old,MIL,WAS,0.003025053712109842
2025-26,old,MIN,ATL,0.015058728554627282
2025-26,old,MIN,BKN,7.072599925071617e-06
2025-26,old,MIN,BOS,0.006882543213633372
2025-26,old,MIN,CHA,0.015836694777531857
2025-26,old,MIN,CHI,0.013238873683894443
2025-26,old,MIN,CLE,0.003264008627337372
2025-26,old,MIN,DAL,0.006457863530318525
2025-26,old,MIN,DEN,0.01744941376881837
2025-26,old,MIN,DET,0.04993723011975065
2025-26,old,MIN,GSW,0.005541550740213524
2025-26,old,MIN,HOU,1.6163793344307563e-05
2025-26,old,MIN,IND,1.4743705869010978e-05
2025-26,old,MIN,LAC,7.9256791318823e-06
2025-26,old,MIN,LAL,0.016734852994080767
2025-26,old,MIN,MEM,0.0524577052588173
2025-26,old,MIN,MIA,0.009996074548539523
2025-26,old,MIN,MIL,0.0015767779820076795
2025-26,old,MIN,NOP,0.0
2025-26,old,MIN,NYK,0.014330011026608629
2025-26,old,MIN,OKC,0.04362310754481201
2025-26,old,MIN,ORL,0.0
2025-26,old,MIN,PHI,0.016010725226001787
2025-26,old,MIN,PHX,0.0
2025-26,old,MIN,POR,0.014752709480225825
2025-26,old,MIN,SAC,7.300144292153865e-06
2025-26,old,MIN,SAS,0.008108566732282333
2025-26,old,MIN,TOR,0.014265491478050932
2025-26,old,MIN,UTA,0.0006255388023644878
2025-26,old,MIN,WAS,0.00023141164398864558
2025-26,old,NOP,ATL,0.03180684247487707
2025-26,old,NOP,BKN,0.0013001175805565227
2025-26,old,NOP,BOS,0.0003933189706555728
2025-26,old,NOP,CHA,0.02626588016418306
2025-26,old,NOP,CHI,0.02737064095371489
2025-26,old,NOP,CLE,2.478448312793828e-05
2025-26,old,NOP,DAL,0.01090652411840432
2025-26,old,NOP,DEN,0.006572142660704251
2025-26,old,NOP,DET,0.0037095906017629173
2025-26,old,NOP,GSW,0.0045971267463387104
2025-26,old,NOP,HOU,1.4008620898399888e-05
2025-26,old,NOP,IND,0.0013897193022810483
2025-26,old,NOP,LAC,0.0008531670665089996
2025-26,old,NOP,LAL,0.001122078420004484
2025-26,old,NOP,MEM,0.00654552785228087
2025-26,old,NOP,MIA,0.013674323459874788
2025-26,old,NOP,MIL,0.005758081955457876
2025-26,old,NOP,MIN,0.004920797495548773
2025-26,old,NOP,NYK,0.0028181574615006207
2025-26,old,NOP,OKC,0.04623674498767826
2025-26,old,NOP,ORL,0.0
2025-26,old,NOP,PHI,0.006412829829257838
2025-26,old,NOP,PHX,0.0
2025-26,old,NOP,POR,0.034333645805379974
2025-26,old,NOP,SAC,0.0010116904553828484
2025-26,old,NOP,SAS,0.012872305995491651
2025-26,old,NOP,TOR,0.004148402997573961
2025-26,old,NOP,UTA,0.015509698436723956
2025-26,old,NOP,WAS,0.001722521565067742
2025-26,old,NYK,ATL,0.02402047422644281
2025-26,old,NYK,BKN,0.001506517683570518
2025-26,old,NYK,BOS,0.01822090543108061
2025-26,old,NYK,CHA,0.01525860226616167
2025-26,old,NYK,CHI,0.007023401043657317
2025-26,old,NYK,CLE,0.002514008609818872
2025-26,old,NYK,DAL,0.006935723569930718
2025-26,old,NYK,DEN,0.015015569254225676
2025-26,old,NYK,DET,0.017500808361098817
2025-26,old,NYK,GSW,0.0020605095248523017
2025-26,old,NYK,HOU,7.273707004938403e-06
2025-26,old,NYK,IND,0.00040960638087360416
2025-26,old,NYK,LAC,0.00025946172456933894
2025-26,old,NYK,LAL,0.02109200456371043
2025-26,old,NYK,MEM,0.0061936961112600145
2025-26,old,NYK,MIA,0.0069860660060958955
2025-26,old,NYK,MIL,0.0008631466010561343
2025-26,old,NYK,MIN,0.010688847084810705
2025-26,old,NYK,NOP,0.0
2025-26,old,NYK,OKC,0.034744852570400976
2025-26,old,NYK,ORL,0.0
2025-26,old,NYK,PHI,0.04784410299061259
2025-26,old,NYK,PHX,0.0
2025-26,old,NYK,POR,0.013551494974400651
2025-26,old,NYK,SAC,0.0007749104002394993
2025-26,old,NYK,SAS,0.00847952573377527
2025-26,old,NYK,TOR,0.0042254685726367935
2025-26,old,NYK,UTA,0.00021147629625469064
2025-26,old,NYK,WAS,0.0004991918173016466
2025-26,old,OKC,ATL,0.01105360995428155
2025-26,old,OKC,BKN,3.3328592297591475e-06
2025-26,old,OKC,BOS,0.003863146628718824
2025-26,old,OKC,CHA,0.02999967159557411
2025-26,old,OKC,CHI,0.0699785741988453
2025-26,old,OKC,CLE,0.023631465537553846
2025-26,old,OKC,DAL,0.04216475025518533
2025-26,old,OKC,DEN,0.006745783799806771
2025-26,old,OKC,DET,0.012287715483990758
2025-26,old,OKC,GSW,0.0016606368273633285
2025-26,old,OKC,HOU,1.5086207121353725e-05
2025-26,old,OKC,IND,4.0407754801320595e-06
2025-26,old,OKC,LAC,4.446721807787957e-06
2025-26,old,OKC,LAL,0.009376075040454802
2025-26,old,OKC,MEM,0.021431034446637756
2025-26,old,OKC,MIA,0.014848752648010062
2025-26,old,OKC,MIL,0.007564655990833575
2025-26,old,OKC,MIN,0.012317618577387826
2025-26,old,OKC,NOP,0.0
2025-26,old,OKC,NYK,0.007465786746851619
2025-26,old,OKC,ORL,0.0
2025-26,old,OKC,PHI,0.008508425294110356
2025-26,old,OKC,PHX,0.0
2025-26,old,OKC,POR,0.09150791722180743
2025-26,old,OKC,SAC,1.1017614669176784e-06
2025-26,old,OKC,SAS,0.01153259710069537
2025-26,old,OKC,TOR,0.012863722910165614
2025-26,old,OKC,UTA,0.00019369612676733782
2025-26,old,OKC,WAS,0.00014978448400707476
2025-26,old,ORL,ATL,0.0327095907246734
2025-26,old,ORL,BKN,0.002696655460509302
2025-26,old,ORL,BOS,0.0063836207472044845
2025-26,old,ORL,CHA,0.04287960720928426
2025-26,old,ORL,CHI,0.003959835831732158
2025-26,old,ORL,CLE,3.448275889366352e-05
2025-26,old,ORL,DAL,0.0005107590230335208
2025-26,old,ORL,DEN,0.005767953759784494
2025-26,old,ORL,DET,0.030335129113920074
2025-26,old,ORL,GSW,0.009995058865380374
2025-26,old,ORL,HOU,5.980603537393798e-05
2025-26,old,ORL,IND,0.0033016505189979836
2025-26,old,ORL,LAC,0.0032083666143502033
2025-26,old,ORL,LAL,0.006165869461207553
2025-26,old,ORL,MEM,0.19155387985102573
2025-26,old,ORL,MIA,0.04088343575971827
2025-26,old,ORL,MIL,0.003654364162658599
2025-26,old,ORL,MIN,0.00903071132131274
2025-26,old,ORL,NOP,0.0
2025-26,old,ORL,NYK,0.01178145459915899
2025-26,old,ORL,OKC,0.047899266944637024
2025-26,old,ORL,PHI,0.012784949469614181
2025-26,old,ORL,PHX,0.0
2025-26,old,ORL,POR,0.009024595725899226
2025-26,old,ORL,SAC,0.001531760992539698
2025-26,old,ORL,SAS,0.030849406875063795
2025-26,old,ORL,TOR,0.03313353353499529
2025-26,old,ORL,UTA,0.0028566810028057476
2025-26,old,ORL,WAS,0.002249191816021076
2025-26,old,PHI,ATL,0.0007629310450083094
2025-26,old,PHI,BKN,0.0018670668056130744
2025-26,old,PHI,BOS,0.0032797388339594327
2025-26,old,PHI,CHA,0.03878333962882709
2025-26,old,PHI,CHI,0.020030253317290383
2025-26,old,PHI,CLE,0.013607758678303196
2025-26,old,PHI,DAL,0.007193288784214708
2025-26,old,PHI,DEN,0.003237809745241731
2025-26,old,PHI,DET,0.005367726396813442
2025-26,old,PHI,GSW,0.007443487625990741
2025-26,old,PHI,HOU,1.4547414009876808e-05
2025-26,old,PHI,IND,0.00023035934746014843
2025-26,old,PHI,LAC,4.737533234350531e-05
2025-26,old,PHI,LAL,0.003614503941114499
2025-26,old,PHI,MEM,0.019960398567852502
2025-26,old,PHI,MIA,0.02760212702901038
2025-26,old,PHI,MIL,0.005535829753418262
2025-26,old,PHI,MIN,0.008841325556257225
2025-26,old,PHI,NOP,0.0
2025-26,old,PHI,NYK,0.0013207977251878484
2025-26,old,PHI,OKC,0.16662840399550957
2025-26,old,PHI,ORL,0.0
2025-26,old,PHI,PHX,0.0
2025-26,old,PHI,POR,0.005450777930122937
2025-26,old,PHI,SAC,4.474775666422731e-07
2025-26,old,PHI,SAS,0.09451320077029683
2025-26,old,PHI,TOR,0.040603756003629844
2025-26,old,PHI,UTA,0.0034509697019580177
2025-26,old,PHI,WAS,0.0008852370462083286
2025-26,old,PHX,ATL,0.013581357839565468
2025-26,old,PHX,BKN,0.0011627080382251413
2025-26,old,PHX,BOS,0.001756465515555364
2025-26,old,PHX,CHA,0.0874985267815304
2025-26,old,PHX,CHI,0.006484692369571841
2025-26,old,PHX,CLE,0.01546228453332301
2025-26,old,PHX,DAL,0.004518957075799373
2025-26,old,PHX,DEN,0.009402461947114584
2025-26,old,PHX,DET,0.008314385884541795
2025-26,old,PHX,GSW,0.006939055923760238
2025-26,old,PHX,HOU,0.00022575431370882898
2025-26,old,PHX,IND,0.0016290121045975025
2025-26,old,PHX,LAC,0.00045515740260507225
2025-26,old,PHX,LAL,0.008599887409528696
2025-26,old,PHX,MEM,0.06771147572776659
2025-26,old,PHX,MIA,0.017866726295543055
2025-26,old,PHX,MIL,0.0019515086655858248
2025-26,old,PHX,MIN,0.01174111015201498
2025-26,old,PHX,NOP,0.0
2025-26,old,PHX,NYK,0.0011710668309262537
2025-26,old,PHX,OKC,0.025341465745764333
2025-26,old,PHX,ORL,0.0
2025-26,old,PHX,PHI,0.005540168334855837
2025-26,old,PHX,POR,0.00997001413797248
2025-26,old,PHX,SAC,1.5737046683448392e-07
2025-26,old,PHX,SAS,0.0058795796151088296
2025-26,old,PHX,TOR,0.017281467271464096
2025-26,old,PHX,UTA,0.0017540409102040375
2025-26,old,PHX,WAS,0.0024269935458392736
2025-26,old,POR,ATL,0.0019970367593160868
2025-26,old,POR,BKN,2.7071741483631092e-05
2025-26,old,POR,BOS,0.0
2025-26,old,POR,CHA,0.011178405387192126
2025-26,old,POR,CHI,0.18033864822282958
2025-26,old,POR,CLE,0.0004342672470475321
2025-26,old,POR,DAL,0.0002794660320914465
2025-26,old,POR,DEN,0.00024237825144124114
2025-26,old,POR,DET,0.0005026939747541951
2025-26,old,POR,GSW,0.016248307641942756
2025-26,old,POR,HOU,0.0
2025-26,old,POR,IND,8.938045219043116e-05
2025-26,old,POR,LAC,0.00042601486564218565
2025-26,old,POR,LAL,7.38643414278737e-05
2025-26,old,POR,MEM,0.005796605564818461
2025-26,old,POR,MIA,0.013573718052860265
2025-26,old,POR,MIL,0.0008879310490587603
2025-26,old,POR,MIN,0.0009964978620851542
2025-26,old,POR,NOP,0.0
2025-26,old,POR,NYK,9.15948289510762e-06
2025-26,old,POR,OKC,0.08794096211693551
2025-26,old,POR,ORL,0.0
2025-26,old,POR,PHI,0.0007602126480566721
2025-26,old,POR,PHX,0.0
2025-26,old,POR,SAC,0.0021161410002606676
2025-26,old,POR,SAS,0.0068903557562012335
2025-26,old,POR,TOR,0.006317961787587466
2025-26,old,POR,UTA,0.004206088483955809
2025-26,old,POR,WAS,0.0008693426411703279
2025-26,old,SAC,ATL,0.0022551185676450668
2025-26,old,SAC,BKN,0.00619233417237479
2025-26,old,SAC,BOS,0.00010344827740356841
2025-26,old,SAC,CHA,0.029496755462053798
2025-26,old,SAC,CHI,0.007357637650317789
2025-26,old,SAC,CLE,3.232758668861513e-06
2025-26,old,SAC,DAL,0.006219282516947676
2025-26,old,SAC,DEN,0.004214684851375486
2025-26,old,SAC,DET,0.002898168153538979
2025-26,old,SAC,GSW,0.008715925598493634
2025-26,old,SAC,HOU,1.4278017454138349e-05
2025-26,old,SAC,IND,0.004052819939851618
2025-26,old,SAC,LAC,0.0013409883843890778
2025-26,old,SAC,LAL,0.004969811417734593
2025-26,old,SAC,MEM,0.0402311421666447
2025-26,old,SAC,MIA,0.013970817621843538
2025-26,old,SAC,MIL,0.003924030100621668
2025-26,old,SAC,MIN,0.005540678983971733
2025-26,old,SAC,NOP,0.0
2025-26,old,SAC,NYK,0.001656993552243923
2025-26,old,SAC,OKC,0.05808187388634574
2025-26,old,SAC,ORL,0.0
2025-26,old,SAC,PHI,0.003404473126373819
2025-26,old,SAC,PHX,0.0
2025-26,old,SAC,POR,0.008584385895192108
2025-26,old,SAC,SAS,0.015474407115172402
2025-26,old,SAC,TOR,0.010664158893761929
2025-26,old,SAC,UTA,0.011391163622410489
2025-26,old,SAC,WAS,0.005641433070393694
2025-26,old,SAS,ATL,0.016370689781896517
2025-26,old,SAS,BKN,4.5174465581484706e-07
2025-26,old,SAS,BOS,0.007016163792477214
2025-26,old,SAS,CHA,0.05998688060869467
2025-26,old,SAS,CHI,0.030825849475411577
2025-26,old,SAS,CLE,0.04680926739687806
2025-26,old,SAS,DAL,0.014476526437617866
2025-26,old,SAS,DEN,0.007132038182657223
2025-26,old,SAS,DET,0.010042834051479266
2025-26,old,SAS,GSW,0.00608172906134728
2025-26,old,SAS,HOU,0.00020393319269401377
2025-26,old,SAS,IND,2.544605229714604e-06
2025-26,old,SAS,LAC,2.2533673014873554e-06
2025-26,old,SAS,LAL,0.009906960278748513
2025-26,old,SAS,MEM,0.028324084127048867
2025-26,old,SAS,MIA,0.014589954209843778
2025-26,old,SAS,MIL,0.0004692888026856337
2025-26,old,SAS,MIN,0.019679148826238314
2025-26,old,SAS,NOP,0.0
2025-26,old,SAS,NYK,0.010833782445185751
2025-26,old,SAS,OKC,0.05077719011562533
2025-26,old,SAS,ORL,0.0
2025-26,old,SAS,PHI,0.014801850909925023
2025-26,old,SAS,PHX,0.0
2025-26,old,SAS,POR,0.005070210530181226
2025-26,old,SAS,SAC,5.093449757153853e-07
2025-26,old,SAS,TOR,0.016386460606112555
2025-26,old,SAS,UTA,5.792025948376877e-05
2025-26,old,SAS,WAS,0.00024515086760872924
2025-26,old,TOR,ATL,0.01890651897316526
2025-26,old,TOR,BKN,0.0014385096809340742
2025-26,old,TOR,BOS,0.00514547417044704
2025-26,old,TOR,CHA,0.04502234542975676
2025-26,old,TOR,CHI,0.0006292389947620857
2025-26,old,TOR,CLE,0.006232758695982269
2025-26,old,TOR,DAL,0.009614521882891188
2025-26,old,TOR,DEN,0.006673073693037436
2025-26,old,TOR,DET,0.008433189678872969
2025-26,old,TOR,GSW,0.0031845084997749024
2025-26,old,TOR,HOU,7.543103560676863e-06
2025-26,old,TOR,IND,0.0002306645106929357
2025-26,old,TOR,LAC,0.00026492961513229423
2025-26,old,TOR,LAL,0.005600011150496707
2025-26,old,TOR,MEM,0.013818965583903203
2025-26,old,TOR,MIA,0.030172510180261715
2025-26,old,TOR,MIL,0.006070581976151701
2025-26,old,TOR,MIN,0.023888470157378765
2025-26,old,TOR,NOP,0.0
2025-26,old,TOR,NYK,0.0018786670965595636
2025-26,old,TOR,OKC,0.04910461860951322
2025-26,old,TOR,ORL,0.0
2025-26,old,TOR,PHI,0.012550139914496203
2025-26,old,TOR,PHX,0.0
2025-26,old,TOR,POR,0.0016246392778085387
2025-26,old,TOR,SAC,0.0026605312221905466
2025-26,old,TOR,SAS,0.032767511108982496
2025-26,old,TOR,UTA,0.010782058292453914
2025-26,old,TOR,WAS,0.0004067887892496997
2025-26,old,UTA,ATL,0.019536368493793595
2025-26,old,UTA,BKN,0.006273329519999938
2025-26,old,UTA,BOS,0.006283405279772805
2025-26,old,UTA,CHA,0.015129176815862804
2025-26,old,UTA,CHI,0.011140019903714498
2025-26,old,UTA,CLE,0.0007112069156598944
2025-26,old,UTA,DAL,0.01498060369018175
2025-26,old,UTA,DEN,0.007112436809586589
2025-26,old,UTA,DET,0.012589439564557136
2025-26,old,UTA,GSW,0.0014451875278434806
2025-26,old,UTA,HOU,0.0
2025-26,old,UTA,IND,0.006246044053300295
2025-26,old,UTA,LAC,0.003983275254377732
2025-26,old,UTA,LAL,0.010294783538864908
2025-26,old,UTA,MEM,0.00942699358888886
2025-26,old,UTA,MIA,0.0063089451455725105
2025-26,old,UTA,MIL,0.0010786638072298456
2025-26,old,UTA,MIN,0.002985991445040844
2025-26,old,UTA,NOP,0.0
2025-26,old,UTA,NYK,0.009564385851728923
2025-26,old,UTA,OKC,0.08358842523051739
2025-26,old,UTA,ORL,0.0
2025-26,old,UTA,PHI,0.038233995882037075
2025-26,old,UTA,PHX,0.0
2025-26,old,UTA,POR,0.002072555242583139
2025-26,old,UTA,SAC,0.008859000122643363
2025-26,old,UTA,SAS,0.008080549665931452
2025-26,old,UTA,TOR,0.0030267376313437943
2025-26,old,UTA,WAS,0.006388739210870597
2025-26,old,WAS,ATL,0.0012184806003492199
2025-26,old,WAS,BKN,0.005480625336656817
2025-26,old,WAS,BOS,0.0023362069242987135
2025-26,old,WAS,CHA,0.015564432535340763
2025-26,old,WAS,CHI,0.00392607857889736
2025-26,old,WAS,CLE,0.0023782327560836376
2025-26,old,WAS,DAL,0.0018478201597951051
2025-26,old,WAS,DEN,0.0004250077743543884
2025-26,old,WAS,DET,0.0003542564721007286
2025-26,old,WAS,GSW,0.00246796614112988
2025-26,old,WAS,HOU,7.273707004938403e-06
2025-26,old,WAS,IND,0.0028018454614860923
2025-26,old,WAS,LAC,0.018013111033055133
2025-26,old,WAS,LAL,0.001185951549578148
2025-26,old,WAS,MEM,0.03277236013456472
2025-26,old,WAS,MIA,0.005269779096730605
2025-26,old,WAS,MIL,0.001357219762184882
2025-26,old,WAS,MIN,0.006481681121412888
2025-26,old,WAS,NOP,0.0
2025-26,old,WAS,NYK,0.006337014925125145
2025-26,old,WAS,OKC,0.01843556411344619
2025-26,old,WAS,ORL,0.0
2025-26,old,WAS,PHI,0.0015219953640700898
2025-26,old,WAS,PHX,0.0
2025-26,old,WAS,POR,0.009370799302101591
2025-26,old,WAS,SAC,0.004526944900087518
2025-26,old,WAS,SAS,0.005265894278739416
2025-26,old,WAS,TOR,0.0040058079893293165
2025-26,old,WAS,UTA,0.008173221953490203
