season,rule,game_team,holder,weight
2020-21,new,ATL,BKN,0.012228987135438666
2020-21,new,ATL,BOS,0.11109743448865086
2020-21,new,ATL,CHA,0.1650265191293545
2020-21,new,ATL,CHI,0.01462380324103223
2020-21,new,ATL,CLE,0.0030850700042181108
2020-21,new,ATL,DAL,0.0
2020-21,new,ATL,DEN,0.012809639259990041
2020-21,new,ATL,DET,0.002485722008357948
2020-21,new,ATL,GSW,0.023545074719260223
2020-21,new,ATL,HOU,0.18325596504168815
2020-21,new,ATL,IND,0.12375439296433603
2020-21,new,ATL,LAC,0.009123383688716347
2020-21,new,ATL,LAL,0.06360581215795084
2020-21,new,ATL,MEM,0.04910327958299379
2020-21,new,ATL,MIA,0.0
2020-21,new,ATL,MIL,1.689230614735199e-05
2020-21,new,ATL,MIN,0.005877108478266333
2020-21,new,ATL,NOP,0.02582389235999147
2020-21,new,ATL,NYK,0.179792574285659
2020-21,new,ATL,OKC,0.0505921342659838
2020-21,new,ATL,ORL,0.010656068342991121
2020-21,new,ATL,PHI,0.01103556048117
2020-21,new,ATL,PHX,0.006313796282667117
2020-21,new,ATL,POR,0.018347791261501323
2020-21,new,ATL,SAC,0.014941739058138991
2020-21,new,ATL,SAS,0.019405522792652116
2020-21,new,ATL,TOR,0.013027834053426154
2020-21,new,ATL,UTA,0.009340517285825878
2020-21,new,ATL,WAS,0.007601947596662371
2020-21,new,BKN,ATL,0.026250192843383018
2020-21,new,BKN,BOS,0.02094168705344802
2020-21,new,BKN,CHA,0.042664726657806115
2020-21,new,BKN,CHI,0.0027333304967449867
2020-21,new,BKN,CLE,0.0007144364902981988
2020-21,new,BKN,DAL,0.0
2020-21,new,BKN,DEN,0.09301995295818122
2020-21,new,BKN,DET,0.000610991460913471
2020-21,new,BKN,GSW,0.010489188876015246
2020-21,new,BKN,HOU,0.09989358775851574
2020-21,new,BKN,IND,0.03836618280882096
2020-21,new,BKN,LAC,0.09564628236238637
2020-21,new,BKN,LAL,0.02252481564400805
2020-21,new,BKN,MEM,0.011967928274984836
2020-21,new,BKN,MIA,0.0
2020-21,new,BKN,MIL,0.0
2020-21,new,BKN,MIN,0.00024987787214129274
2020-21,new,BKN,NOP,0.012827788079782396
2020-21,new,BKN,NYK,0.06807825086170365
2020-21,new,BKN,OKC,0.035770474076612276
2020-21,new,BKN,ORL,0.010022133833314972
2020-21,new,BKN,PHI,0.05888038854548257
2020-21,new,BKN,PHX,0.04742387664190933
2020-21,new,BKN,POR,0.01892268351054397
2020-21,new,BKN,SAC,0.0028961484969137734
2020-21,new,BKN,SAS,0.011666514766069148
2020-21,new,BKN,TOR,0.00606007605481277
2020-21,new,BKN,UTA,0.009474162782315599
2020-21,new,BKN,WAS,0.00591854499753811
2020-21,new,BOS,ATL,0.12495921794994151
2020-21,new,BOS,BKN,0.02013254323857836
2020-21,new,BOS,CHA,0.08180252662743254
2020-21,new,BOS,CHI,0.016972796720625048
2020-21,new,BOS,CLE,0.0014487544774288187
2020-21,new,BOS,DAL,0.0
2020-21,new,BOS,DEN,0.017525691949198202
2020-21,new,BOS,DET,0.0021675648082625752
2020-21,new,BOS,GSW,0.015560501122378013
2020-21,new,BOS,HOU,0.20482966562161262
2020-21,new,BOS,IND,0.09957002782757131
2020-21,new,BOS,LAC,0.021214709164301772
2020-21,new,BOS,LAL,0.027452700750198462
2020-21,new,BOS,MEM,0.04310680234061601
2020-21,new,BOS,MIA,0.0
2020-21,new,BOS,MIL,4.243661611890902e-05
2020-21,new,BOS,MIN,0.004353062597158381
2020-21,new,BOS,NOP,0.01698464454920109
2020-21,new,BOS,NYK,0.16435051722120605
2020-21,new,BOS,OKC,0.09509563798213315
2020-21,new,BOS,ORL,0.011016355157959725
2020-21,new,BOS,PHI,0.015470905295203858
2020-21,new,BOS,PHX,0.014126578267064998
2020-21,new,BOS,POR,0.025363685764665394
2020-21,new,BOS,SAC,0.009394116514156678
2020-21,new,BOS,SAS,0.017966425240143823
2020-21,new,BOS,TOR,0.014580466429772168
2020-21,new,BOS,UTA,0.007423491414379456
2020-21,new,BOS,WAS,0.0072068275862058485
2020-21,new,CHA,ATL,0.07802555239081407
2020-21,new,CHA,BKN,0.031895743700242125
2020-21,new,CHA,BOS,0.08803533832314916
2020-21,new,CHA,CHI,0.019035753561673446
2020-21,new,CHA,CLE,0.0023109405041256545
2020-21,new,CHA,DAL,0.0
2020-21,new,CHA,DEN,0.025307770474236466
2020-21,new,CHA,DET,0.001505657411882943
2020-21,new,CHA,GSW,0.02266641950580798
2020-21,new,CHA,HOU,0.13144131905882236
2020-21,new,CHA,IND,0.20639031938201344
2020-21,new,CHA,LAC,0.019736530452761962
2020-21,new,CHA,LAL,0.01621160120854513
2020-21,new,CHA,MEM,0.023791421424110497
2020-21,new,CHA,MIA,0.0
2020-21,new,CHA,MIL,4.232323400581914e-05
2020-21,new,CHA,MIN,0.007775783162466533
2020-21,new,CHA,NOP,0.011424834360181576
2020-21,new,CHA,NYK,0.07647318988821418
2020-21,new,CHA,OKC,0.0721907335335132
2020-21,new,CHA,ORL,0.010860643103116303
2020-21,new,CHA,PHI,0.017491379461556284
2020-21,new,CHA,PHX,0.00983840268614358
2020-21,new,CHA,POR,0.017250808444062796
2020-21,new,CHA,SAC,0.002644111510719355
2020-21,new,CHA,SAS,0.011271828243990784
2020-21,new,CHA,TOR,0.014084421850292432
2020-21,new,CHA,UTA,0.0013631465779778001
2020-21,new,CHA,WAS,0.23308309285423634
2020-21,new,CHI,ATL,0.03352916079575375
2020-21,new,CHI,BKN,0.013119612138493565
2020-21,new,CHI,BOS,0.054401634034785366
2020-21,new,CHI,CHA,0.04595998855004492
2020-21,new,CHI,CLE,0.008540982019962068
2020-21,new,CHI,DAL,0.0
2020-21,new,CHI,DEN,0.041662159321876197
2020-21,new,CHI,DET,0.0045598061704116965
2020-21,new,CHI,GSW,0.017524059741715385
2020-21,new,CHI,HOU,0.11886391386124759
2020-21,new,CHI,IND,0.06588017424298519
2020-21,new,CHI,LAC,0.038118803988166694
2020-21,new,CHI,LAL,0.012686742361001473
2020-21,new,CHI,MEM,0.028247665860510054
2020-21,new,CHI,MIA,0.0
2020-21,new,CHI,MIL,2.5544310124759848e-05
2020-21,new,CHI,MIN,0.00582995834918314
2020-21,new,CHI,NOP,0.012821723665629892
2020-21,new,CHI,NYK,0.08469837329064839
2020-21,new,CHI,OKC,0.06758243578829369
2020-21,new,CHI,ORL,0.081846248090562
2020-21,new,CHI,PHI,0.014599138097676998
2020-21,new,CHI,PHX,0.009304568584584302
2020-21,new,CHI,POR,0.014118804109347018
2020-21,new,CHI,SAC,0.006761866323892737
2020-21,new,CHI,SAS,0.010023435811695196
2020-21,new,CHI,TOR,0.053484797551836
2020-21,new,CHI,UTA,0.003383620732046407
2020-21,new,CHI,WAS,0.041229281040227564
2020-21,new,CLE,ATL,0.030642418438517796
2020-21,new,CLE,BKN,0.007437769525828931
2020-21,new,CLE,BOS,0.03381334893713492
2020-21,new,CLE,CHA,0.04331583771192182
2020-21,new,CLE,CHI,0.039686724457303944
2020-21,new,CLE,DAL,0.0
2020-21,new,CLE,DEN,0.008826255489544407
2020-21,new,CLE,DET,0.013129311843257363
2020-21,new,CLE,GSW,0.01892292242017881
2020-21,new,CLE,HOU,0.0875218659651046
2020-21,new,CLE,IND,0.06864823672000088
2020-21,new,CLE,LAC,0.008032597120758949
2020-21,new,CLE,LAL,0.01727747358936518
2020-21,new,CLE,MEM,0.03706900089378971
2020-21,new,CLE,MIA,0.0
2020-21,new,CLE,MIL,8.587324919219477e-06
2020-21,new,CLE,MIN,0.014220942816043747
2020-21,new,CLE,NOP,0.03356348175120115
2020-21,new,CLE,NYK,0.06309314811732605
2020-21,new,CLE,OKC,0.058582167059488204
2020-21,new,CLE,ORL,0.03126315922354745
2020-21,new,CLE,PHI,0.007121767265850614
2020-21,new,CLE,PHX,0.007499844541057825
2020-21,new,CLE,POR,0.012404903243115202
2020-21,new,CLE,SAC,0.010174884716984899
2020-21,new,CLE,SAS,0.016038259164998264
2020-21,new,CLE,TOR,0.02051130307729846
2020-21,new,CLE,UTA,0.007835154032830454
2020-21,new,CLE,WAS,0.01526922084169859
2020-21,new,DAL,ATL,0.07527555972840896
2020-21,new,DAL,BKN,0.01657516170319186
2020-21,new,DAL,BOS,0.05906540575878687
2020-21,new,DAL,CHA,0.03825155930330236
2020-21,new,DAL,CHI,0.009289363526671415
2020-21,new,DAL,CLE,0.0010193445848262503
2020-21,new,DAL,DEN,0.04527462452933858
2020-21,new,DAL,DET,0.0022066274562304645
2020-21,new,DAL,GSW,0.07207523278507692
2020-21,new,DAL,HOU,0.13074461258325626
2020-21,new,DAL,IND,0.028463520838501424
2020-21,new,DAL,LAC,0.026662984910352835
2020-21,new,DAL,LAL,0.10613630845635696
2020-21,new,DAL,MEM,0.09891339188789605
2020-21,new,DAL,MIA,0.0
2020-21,new,DAL,MIL,0.0
2020-21,new,DAL,MIN,0.006716477695146134
2020-21,new,DAL,NOP,0.05783485316437618
2020-21,new,DAL,NYK,0.9813997857031062
2020-21,new,DAL,OKC,0.03563362185094617
2020-21,new,DAL,ORL,0.005125569380976859
2020-21,new,DAL,PHI,0.00860129320488215
2020-21,new,DAL,PHX,0.011080689014588172
2020-21,new,DAL,POR,0.2550829779080934
2020-21,new,DAL,SAC,0.009646770809700179
2020-21,new,DAL,SAS,0.033219855244463393
2020-21,new,DAL,TOR,0.008815733683548425
2020-21,new,DAL,UTA,0.000814605791719855
2020-21,new,DAL,WAS,0.0013180006822127229
2020-21,new,DEN,ATL,0.03340647950028535
2020-21,new,DEN,BKN,0.1011387391288259
2020-21,new,DEN,BOS,0.03029661630044571
2020-21,new,DEN,CHA,0.02768177739143769
2020-21,new,DEN,CHI,0.011695240397155368
2020-21,new,DEN,CLE,0.0013361452229311362
2020-21,new,DEN,DAL,0.0
2020-21,new,DEN,DET,0.001767241402653624
2020-21,new,DEN,GSW,0.030434041524678483
2020-21,new,DEN,HOU,0.1353187858249168
2020-21,new,DEN,IND,0.04085311934293943
2020-21,new,DEN,LAC,0.08227235995417717
2020-21,new,DEN,LAL,0.05516806663405815
2020-21,new,DEN,MEM,0.022334142809626423
2020-21,new,DEN,MIA,0.0
2020-21,new,DEN,MIL,2.5423162236432388e-05
2020-21,new,DEN,MIN,0.0016480821276395388
2020-21,new,DEN,NOP,0.03801662916568986
2020-21,new,DEN,NYK,0.09960840173549375
2020-21,new,DEN,OKC,0.0380700436156195
2020-21,new,DEN,ORL,0.006806611050650343
2020-21,new,DEN,PHI,0.0590711209153885
2020-21,new,DEN,PHX,0.03654851130448319
2020-21,new,DEN,POR,0.05440571190899735
2020-21,new,DEN,SAC,0.007814806295077921
2020-21,new,DEN,SAS,0.013205185321844596
2020-21,new,DEN,TOR,0.0019858539836201494
2020-21,new,DEN,UTA,0.006532302972798414
2020-21,new,DEN,WAS,0.043133469436052535
2020-21,new,DET,ATL,0.02436872378177603
2020-21,new,DET,BKN,0.026543642153345245
2020-21,new,DET,BOS,0.031245354012564463
2020-21,new,DET,CHA,0.03542488584748541
2020-21,new,DET,CHI,0.0327049472777414
2020-21,new,DET,CLE,0.008901920519916614
2020-21,new,DET,DAL,0.0
2020-21,new,DET,DEN,0.01674062929981039
2020-21,new,DET,GSW,0.0549019104784597
2020-21,new,DET,HOU,0.06636018383730172
2020-21,new,DET,IND,0.054588069964253194
2020-21,new,DET,LAC,0.021676454652534344
2020-21,new,DET,LAL,0.029394992540312574
2020-21,new,DET,MEM,0.02529924054361886
2020-21,new,DET,MIA,0.0
2020-21,new,DET,MIL,0.0
2020-21,new,DET,MIN,0.03664482939720654
2020-21,new,DET,NOP,0.021653051903873274
2020-21,new,DET,NYK,0.09151513742876241
2020-21,new,DET,OKC,0.033230874279819037
2020-21,new,DET,ORL,0.03742749534130367
2020-21,new,DET,PHI,0.018756465599390454
2020-21,new,DET,PHX,0.01797748968312115
2020-21,new,DET,POR,0.025359914212744555
2020-21,new,DET,SAC,0.005912299556840393
2020-21,new,DET,SAS,0.010938903757090527
2020-21,new,DET,TOR,0.017695599031320532
2020-21,new,DET,UTA,0.0027823276338488625
2020-21,new,DET,WAS,0.03955635446556702
2020-21,new,GSW,ATL,0.01867155168014841
2020-21,new,GSW,BKN,0.014908405259203422
2020-21,new,GSW,BOS,0.03061758552282774
2020-21,new,GSW,CHA,0.024099653643921696
2020-21,new,GSW,CHI,0.011788577979721706
2020-21,new,GSW,CLE,0.0036597415663997255
2020-21,new,GSW,DAL,0.0
2020-21,new,GSW,DEN,0.006880126106617836
2020-21,new,GSW,DET,0.006900323933102833
2020-21,new,GSW,HOU,0.10128987106293888
2020-21,new,GSW,IND,0.02677850747856477
2020-21,new,GSW,LAC,0.01701346993596887
2020-21,new,GSW,LAL,0.013998575267723346
2020-21,new,GSW,MEM,0.29271882385679465
2020-21,new,GSW,MIA,0.0
2020-21,new,GSW,MIL,0.0
2020-21,new,GSW,MIN,0.008568680385557095
2020-21,new,GSW,NOP,0.04346701390432995
2020-21,new,GSW,NYK,0.04626286922475375
2020-21,new,GSW,OKC,0.06048141198551909
2020-21,new,GSW,ORL,0.011623288793962374
2020-21,new,GSW,PHI,0.018587284532680718
2020-21,new,GSW,PHX,0.016984809808147653
2020-21,new,GSW,POR,0.05829041054251539
2020-21,new,GSW,SAC,0.02844799138463868
2020-21,new,GSW,SAS,0.06932588232596462
2020-21,new,GSW,TOR,0.009216452779183858
2020-21,new,GSW,UTA,0.010459051774092148
2020-21,new,GSW,WAS,0.004406791926778116
2020-21,new,HOU,ATL,0.04436427638755727
2020-21,new,HOU,BKN,0.037417564695311614
2020-21,new,HOU,BOS,0.017233775458238426
2020-21,new,HOU,CHA,0.03146815552198155
2020-21,new,HOU,CHI,0.010875219295277034
2020-21,new,HOU,CLE,0.0009667604917838893
2020-21,new,HOU,DAL,0.0
2020-21,new,HOU,DEN,0.03525872544370956
2020-21,new,HOU,DET,0.005877155493804382
2020-21,new,HOU,GSW,0.013452545417943437
2020-21,new,HOU,IND,0.03559464631244068
2020-21,new,HOU,LAC,0.024616918239184528
2020-21,new,HOU,LAL,0.03483101174281937
2020-21,new,HOU,MEM,0.02847064846902152
2020-21,new,HOU,MIA,0.0
2020-21,new,HOU,MIL,8.474387412144129e-06
2020-21,new,HOU,MIN,0.001961795331496652
2020-21,new,HOU,NOP,0.05915433476445621
2020-21,new,HOU,NYK,0.12522491879796765
2020-21,new,HOU,OKC,0.05154175601044573
2020-21,new,HOU,ORL,0.00569107943310908
2020-21,new,HOU,PHI,0.040010775781461394
2020-21,new,HOU,PHX,0.02041613493141719
2020-21,new,HOU,POR,0.05507435394916683
2020-21,new,HOU,SAC,0.008486111646198823
2020-21,new,HOU,SAS,0.01837913892294401
2020-21,new,HOU,TOR,0.003107320922382289
2020-21,new,HOU,UTA,0.004593750016988609
2020-21,new,HOU,WAS,0.0032951775382556708
2020-21,new,IND,ATL,0.07466616370026818
2020-21,new,IND,BKN,0.01239520485187752
2020-21,new,IND,BOS,0.10558014433608102
2020-21,new,IND,CHA,0.2979506424488829
2020-21,new,IND,CHI,0.040579839297221684
2020-21,new,IND,CLE,0.0020023234114819
2020-21,new,IND,DAL,0.0
2020-21,new,IND,DEN,0.023139171412920826
2020-21,new,IND,DET,0.005115302019543817
2020-21,new,IND,GSW,0.020420760232584094
2020-21,new,IND,HOU,0.1243608347138923
2020-21,new,IND,LAC,0.014904094916800486
2020-21,new,IND,LAL,0.017515874415345536
2020-21,new,IND,MEM,0.02404703206791231
2020-21,new,IND,MIA,0.0
2020-21,new,IND,MIL,3.3841080971640244e-05
2020-21,new,IND,MIN,0.005075725059200322
2020-21,new,IND,NOP,0.044081743256967273
2020-21,new,IND,NYK,0.21316479822397552
2020-21,new,IND,OKC,0.08416621867713822
2020-21,new,IND,ORL,0.013478345583661622
2020-21,new,IND,PHI,0.01500862082185481
2020-21,new,IND,PHX,0.020111169030323738
2020-21,new,IND,POR,0.07572413837462905
2020-21,new,IND,SAC,0.007272628491223169
2020-21,new,IND,SAS,0.012468565183887939
2020-21,new,IND,TOR,0.03268785032716786
2020-21,new,IND,UTA,0.005497844903729855
2020-21,new,IND,WAS,0.09659907013731417
2020-21,new,LAC,ATL,0.024850164943511395
2020-21,new,LAC,BKN,0.10516567922070831
2020-21,new,LAC,BOS,0.02628891493156655
2020-21,new,LAC,CHA,0.017186396700092702
2020-21,new,LAC,CHI,0.0023214957615525318
2020-21,new,LAC,CLE,0.0006725859545196145
2020-21,new,LAC,DAL,0.0
2020-21,new,LAC,DEN,0.08158430103490219
2020-21,new,LAC,DET,0.0017793643638563887
2020-21,new,LAC,GSW,0.012947742567153062
2020-21,new,LAC,HOU,0.09793833896671303
2020-21,new,LAC,IND,0.044149981429666016
2020-21,new,LAC,LAL,0.028906204443452113
2020-21,new,LAC,MEM,0.01599153387685848
2020-21,new,LAC,MIA,0.0
2020-21,new,LAC,MIL,0.0
2020-21,new,LAC,MIN,0.0009871785578027454
2020-21,new,LAC,NOP,0.030690641817310786
2020-21,new,LAC,NYK,0.06502738382020234
2020-21,new,LAC,OKC,0.01546066842308862
2020-21,new,LAC,ORL,0.006303834670382904
2020-21,new,LAC,PHI,0.0830517241589179
2020-21,new,LAC,PHX,0.05174300438903596
2020-21,new,LAC,POR,0.04118534529198299
2020-21,new,LAC,SAC,0.0011288661735346698
2020-21,new,LAC,SAS,0.003836028809235334
2020-21,new,LAC,TOR,0.0018871651442599066
2020-21,new,LAC,UTA,0.014252155291173478
2020-21,new,LAC,WAS,0.03859116223879649
2020-21,new,LAL,ATL,0.07471929809696207
2020-21,new,LAL,BKN,0.03417052787333197
2020-21,new,LAL,BOS,0.04432955653851025
2020-21,new,LAL,CHA,0.06028025016671083
2020-21,new,LAL,CHI,0.010493667007335951
2020-21,new,LAL,CLE,0.0011063256877888888
2020-21,new,LAL,DAL,0.0
2020-21,new,LAL,DEN,0.053246346764838616
2020-21,new,LAL,DET,0.00318211222350485
2020-21,new,LAL,GSW,0.025065190237904267
2020-21,new,LAL,HOU,0.1299361534892674
2020-21,new,LAL,IND,0.03833755098125337
2020-21,new,LAL,LAC,0.03287715533971064
2020-21,new,LAL,MEM,0.05860296806267497
2020-21,new,LAL,MIA,0.0
2020-21,new,LAL,MIL,2.5423162236432388e-05
2020-21,new,LAL,MIN,0.0037790100712257703
2020-21,new,LAL,NOP,0.22408456450355746
2020-21,new,LAL,NYK,0.2552153263855349
2020-21,new,LAL,OKC,0.03154498939302044
2020-21,new,LAL,ORL,0.003132169509278262
2020-21,new,LAL,PHI,0.038612069113035524
2020-21,new,LAL,PHX,0.024008046186925286
2020-21,new,LAL,POR,0.2765810915739034
2020-21,new,LAL,SAC,0.0014419661939041898
2020-21,new,LAL,SAS,0.008899127288734524
2020-21,new,LAL,TOR,0.0020627499739493296
2020-21,new,LAL,UTA,0.008189679902028853
2020-21,new,LAL,WAS,0.046631189700506545
2020-21,new,MEM,ATL,0.043068139208800996
2020-21,new,MEM,BKN,0.021514816862141618
2020-21,new,MEM,BOS,0.04854803618126803
2020-21,new,MEM,CHA,0.02943340562614005
2020-21,new,MEM,CHI,0.010842454792119765
2020-21,new,MEM,CLE,0.0031196050136856604
2020-21,new,MEM,DAL,0.0
2020-21,new,MEM,DEN,0.014906742345299491
2020-21,new,MEM,DET,0.0028340519334647224
2020-21,new,MEM,GSW,0.29581816315835113
2020-21,new,MEM,HOU,0.11752633325330832
2020-21,new,MEM,IND,0.034887712285155255
2020-21,new,MEM,LAC,0.012539332038261287
2020-21,new,MEM,LAL,0.026155590669436977
2020-21,new,MEM,MIA,0.0
2020-21,new,MEM,MIL,8.41791873520786e-06
2020-21,new,MEM,MIN,0.006524456491889638
2020-21,new,MEM,NOP,0.07904859082181762
2020-21,new,MEM,NYK,0.16108558896666533
2020-21,new,MEM,OKC,0.044090517832724996
2020-21,new,MEM,ORL,0.00931082008059099
2020-21,new,MEM,PHI,0.01554310358900192
2020-21,new,MEM,PHX,0.012714056340212299
2020-21,new,MEM,POR,0.16944989441442387
2020-21,new,MEM,SAC,0.030723812179454742
2020-21,new,MEM,SAS,0.09951876869251959
2020-21,new,MEM,TOR,0.00943716555279603
2020-21,new,MEM,UTA,0.0009644396661716546
2020-21,new,MEM,WAS,0.003402537995864859
2020-21,new,MIA,ATL,0.1126172433391887
2020-21,new,MIA,BKN,0.018261853502822466
2020-21,new,MIA,BOS,0.11020260587630104
2020-21,new,MIA,CHA,0.10150976509764446
2020-21,new,MIA,CHI,0.00671900288767439
2020-21,new,MIA,CLE,0.00018855507646671593
2020-21,new,MIA,DAL,0.0
2020-21,new,MIA,DEN,0.018470644286188224
2020-21,new,MIA,DET,0.002248922648241519
2020-21,new,MIA,GSW,0.0164991719168338
2020-21,new,MIA,HOU,0.5141421131517313
2020-21,new,MIA,IND,0.11861009604888405
2020-21,new,MIA,LAC,0.028880118777200675
2020-21,new,MIA,LAL,0.036703491060392515
2020-21,new,MIA,MEM,0.02867116025611151
2020-21,new,MIA,MIL,5.07898557959285e-05
2020-21,new,MIA,MIN,0.002240772734893563
2020-21,new,MIA,NOP,0.024691297933290373
2020-21,new,MIA,NYK,0.1750071796402426
2020-21,new,MIA,OKC,0.4026497864645728
2020-21,new,MIA,ORL,0.010363203013097134
2020-21,new,MIA,PHI,0.01354849147489937
2020-21,new,MIA,PHX,0.015221982869753164
2020-21,new,MIA,POR,0.026119612564356874
2020-21,new,MIA,SAC,0.005167256359123565
2020-21,new,MIA,SAS,0.011895637892672973
2020-21,new,MIA,TOR,0.006136290984602869
2020-21,new,MIA,UTA,0.005454741430083483
2020-21,new,MIA,WAS,0.008988199263372656
2020-21,new,MIL,ATL,0.05685768186297728
2020-21,new,MIL,BKN,0.07942025840858495
2020-21,new,MIL,BOS,0.037317200120735236
2020-21,new,MIL,CHA,0.09437021516577915
2020-21,new,MIL,CHI,0.011357637881684741
2020-21,new,MIL,CLE,0.0019933409901079432
2020-21,new,MIL,DAL,0.0
2020-21,new,MIL,DEN,0.08867058727613178
2020-21,new,MIL,DET,0.004929418322180622
2020-21,new,MIL,GSW,0.0261375090227943
2020-21,new,MIL,HOU,0.5015916748539192
2020-21,new,MIL,IND,0.034806722300559596
2020-21,new,MIL,LAC,0.07073491384748948
2020-21,new,MIL,LAL,0.04976898796776765
2020-21,new,MIL,MEM,0.024345889967204094
2020-21,new,MIL,MIA,0.0
2020-21,new,MIL,MIN,0.0037420203935436933
2020-21,new,MIL,NOP,0.025671441361642042
2020-21,new,MIL,NYK,0.11924189628952087
2020-21,new,MIL,OKC,0.035383082736857585
2020-21,new,MIL,ORL,0.0017259294060718697
2020-21,new,MIL,PHI,0.04729741423053604
2020-21,new,MIL,PHX,0.03940944985277436
2020-21,new,MIL,POR,0.02670312534786905
2020-21,new,MIL,SAC,0.004866571178093594
2020-21,new,MIL,SAS,0.010907093641191443
2020-21,new,MIL,TOR,0.012221015742236932
2020-21,new,MIL,UTA,0.011058189784385391
2020-21,new,MIL,WAS,0.023358675577375518
2020-21,new,MIN,ATL,0.023022258541141774
2020-21,new,MIN,BKN,0.02275915959651245
2020-21,new,MIN,BOS,0.020392492343182706
2020-21,new,MIN,CHA,0.018350748301619542
2020-21,new,MIN,CHI,0.009036429624616512
2020-21,new,MIN,CLE,0.0038880963609129017
2020-21,new,MIN,DAL,0.0
2020-21,new,MIN,DEN,0.02206685927009012
2020-21,new,MIN,DET,0.010626348154097473
2020-21,new,MIN,GSW,0.108261119930604
2020-21,new,MIN,HOU,0.07216182025233835
2020-21,new,MIN,IND,0.0211602403597042
2020-21,new,MIN,LAC,0.02524380398781745
2020-21,new,MIN,LAL,0.01392264852994953
2020-21,new,MIN,MEM,0.030332808326843562
2020-21,new,MIN,MIA,0.0
2020-21,new,MIN,MIL,1.211479940170177e-07
2020-21,new,MIN,NOP,0.01444475643185344
2020-21,new,MIN,NYK,0.07525232615150008
2020-21,new,MIN,OKC,0.030275862521094536
2020-21,new,MIN,ORL,0.015177795296695166
2020-21,new,MIN,PHI,0.014556034606849323
2020-21,new,MIN,PHX,0.022478162150878233
2020-21,new,MIN,POR,0.04424811496180563
2020-21,new,MIN,SAC,0.007930129551352623
2020-21,new,MIN,SAS,0.029530272917338885
2020-21,new,MIN,TOR,0.008198081280095516
2020-21,new,MIN,UTA,0.002822148921389678
2020-21,new,MIN,WAS,0.0033159747670481977
2020-21,new,NOP,ATL,0.025720420982822113
2020-21,new,NOP,BKN,0.013530980696468135
2020-21,new,NOP,BOS,0.025271321641050993
2020-21,new,NOP,CHA,0.03970734012465508
2020-21,new,NOP,CHI,0.005421857230567322
2020-21,new,NOP,CLE,0.0012918477320071748
2020-21,new,NOP,DAL,0.0
2020-21,new,NOP,DEN,0.018703844710127746
2020-21,new,NOP,DET,0.006613416241477885
2020-21,new,NOP,GSW,0.06712455942781213
2020-21,new,NOP,HOU,0.06013522250955612
2020-21,new,NOP,IND,0.05040264690014735
2020-21,new,NOP,LAC,0.015941271678231464
2020-21,new,NOP,LAL,0.022886295180726053
2020-21,new,NOP,MEM,0.10110193579291855
2020-21,new,NOP,MIA,0.0
2020-21,new,NOP,MIL,3.401048715565186e-05
2020-21,new,NOP,MIN,0.0032827591115822024
2020-21,new,NOP,NYK,0.11211740049106851
2020-21,new,NOP,OKC,0.02512500030323783
2020-21,new,NOP,ORL,0.0029790582513762854
2020-21,new,NOP,PHI,0.010973060470524019
2020-21,new,NOP,PHX,0.020662547456261345
2020-21,new,NOP,POR,0.04010614287931119
2020-21,new,NOP,SAC,0.026413276007135333
2020-21,new,NOP,SAS,0.07640452186166939
2020-21,new,NOP,TOR,0.001794505071261973
2020-21,new,NOP,UTA,0.004331896589860192
2020-21,new,NOP,WAS,0.03509680543401472
2020-21,new,NYK,ATL,0.12225301458143414
2020-21,new,NYK,BKN,0.02321390112073177
2020-21,new,NYK,BOS,0.11098431973834053
2020-21,new,NYK,CHA,0.06738728736835115
2020-21,new,NYK,CHI,0.021267074577630534
2020-21,new,NYK,CLE,0.001209454097833424
2020-21,new,NYK,DAL,0.0
2020-21,new,NYK,DEN,0.018461373398328797
2020-21,new,NYK,DET,0.00040032330996774376
2020-21,new,NYK,GSW,0.04292461141919402
2020-21,new,NYK,HOU,0.17818684288477202
2020-21,new,NYK,IND,0.15462207548029652
2020-21,new,NYK,LAC,0.025064116406439133
2020-21,new,NYK,LAL,0.04128126609502341
2020-21,new,NYK,MEM,0.02188238729752168
2020-21,new,NYK,MIA,0.0
2020-21,new,NYK,MIL,2.5423162236432388e-05
2020-21,new,NYK,MIN,0.0003274794788609063
2020-21,new,NYK,NOP,0.03626595311305973
2020-21,new,NYK,OKC,0.09380899914512247
2020-21,new,NYK,ORL,0.004812674297573762
2020-21,new,NYK,PHI,0.021514008692064285
2020-21,new,NYK,PHX,0.009794708444076917
2020-21,new,NYK,POR,0.07017941928362265
2020-21,new,NYK,SAC,0.0037926061283653787
2020-21,new,NYK,SAS,0.015940672638518453
2020-21,new,NYK,TOR,0.01226564396146667
2020-21,new,NYK,UTA,0.0037252155514755124
2020-21,new,NYK,WAS,0.09452183549242425
2020-21,new,OKC,ATL,0.01784162658554683
2020-21,new,OKC,BKN,0.01589843751850602
2020-21,new,OKC,BOS,0.012398474751683835
2020-21,new,OKC,CHA,0.02696422479438231
2020-21,new,OKC,CHI,0.025816187693350288
2020-21,new,OKC,CLE,0.006907489395931991
2020-21,new,OKC,DAL,0.0
2020-21,new,OKC,DEN,0.01982706767129135
2020-21,new,OKC,DET,0.01594154256177215
2020-21,new,OKC,GSW,0.028462585716630753
2020-21,new,OKC,HOU,0.04707408417640495
2020-21,new,OKC,IND,0.01606107845416965
2020-21,new,OKC,LAC,0.014320312641392429
2020-21,new,OKC,LAL,0.011146398900653947
2020-21,new,OKC,MEM,0.07937115359135534
2020-21,new,OKC,MIA,0.0
2020-21,new,OKC,MIL,0.0
2020-21,new,OKC,MIN,0.02786569945571461
2020-21,new,OKC,NOP,0.01915501429426581
2020-21,new,OKC,NYK,0.07508459003764398
2020-21,new,OKC,ORL,0.026572173365412042
2020-21,new,OKC,PHI,0.00645905178265068
2020-21,new,OKC,PHX,0.021251979908953576
2020-21,new,OKC,POR,0.021189655521121845
2020-21,new,OKC,SAC,0.012028298409042135
2020-21,new,OKC,SAS,0.03903363469031534
2020-21,new,OKC,TOR,0.010576987471287389
2020-21,new,OKC,UTA,0.0014816810549557978
2020-21,new,OKC,WAS,0.011394432285367257
2020-21,new,ORL,ATL,0.0215449790280701
2020-21,new,ORL,BKN,0.035751077540837034
2020-21,new,ORL,BOS,0.015183010375313978
2020-21,new,ORL,CHA,0.012628483973665408
2020-21,new,ORL,CHI,0.014919621250125024
2020-21,new,ORL,CLE,0.006749219348425851
2020-21,new,ORL,DAL,0.0
2020-21,new,ORL,DEN,0.0335162893486332
2020-21,new,ORL,DET,0.03393938681265291
2020-21,new,ORL,GSW,0.04590603563832518
2020-21,new,ORL,HOU,0.10294753608525407
2020-21,new,ORL,IND,0.00475158106520816
2020-21,new,ORL,LAC,0.032423760938951905
2020-21,new,ORL,LAL,0.029880615992246343
2020-21,new,ORL,MEM,0.028457823738981477
2020-21,new,ORL,MIA,0.0
2020-21,new,ORL,MIL,0.0
2020-21,new,ORL,MIN,0.023491114538569335
2020-21,new,ORL,NOP,0.02767355914603895
2020-21,new,ORL,NYK,0.08487665695697583
2020-21,new,ORL,OKC,0.0435398705908025
2020-21,new,ORL,PHI,0.014183189806705023
2020-21,new,ORL,PHX,0.015389191193874748
2020-21,new,ORL,POR,0.0332001619462269
2020-21,new,ORL,SAC,0.008015442261067516
2020-21,new,ORL,SAS,0.02193416707418741
2020-21,new,ORL,TOR,0.008528245459217975
2020-21,new,ORL,UTA,0.002827561550647229
2020-21,new,ORL,WAS,0.008647175001156939
2020-21,new,PHI,ATL,0.020131597453555423
2020-21,new,PHI,BKN,0.07256007541673545
2020-21,new,PHI,BOS,0.004199221313522507
2020-21,new,PHI,CHA,0.03243008421397816
2020-21,new,PHI,CHI,0.006113639769921128
2020-21,new,PHI,CLE,0.0015816210972081708
2020-21,new,PHI,DAL,0.0
2020-21,new,PHI,DEN,0.06202591836172493
2020-21,new,PHI,DET,0.0030872846694647103
2020-21,new,PHI,GSW,0.016445760081731486
2020-21,new,PHI,HOU,0.10223261461117265
2020-21,new,PHI,IND,0.009833320901791986
2020-21,new,PHI,LAC,0.10109967699364741
2020-21,new,PHI,LAL,0.026567239578483483
2020-21,new,PHI,MEM,0.025427435766851254
2020-21,new,PHI,MIA,0.0
2020-21,new,PHI,MIL,0.0
2020-21,new,PHI,MIN,0.007969694898553105
2020-21,new,PHI,NOP,0.010416702831463306
2020-21,new,PHI,NYK,0.07797567075399324
2020-21,new,PHI,OKC,0.039529364238099746
2020-21,new,PHI,ORL,0.005591998206693255
2020-21,new,PHI,PHX,0.07801057685749302
2020-21,new,PHI,POR,0.03483836256698224
2020-21,new,PHI,SAC,0.007280740644346811
2020-21,new,PHI,SAS,0.023552904111347445
2020-21,new,PHI,TOR,0.002955585943827874
2020-21,new,PHI,UTA,0.021632543280319282
2020-21,new,PHI,WAS,0.011313530780838374
2020-21,new,PHX,ATL,0.05098269995583497
2020-21,new,PHX,BKN,0.06140894457677797
2020-21,new,PHX,BOS,0.0473694818873837
2020-21,new,PHX,CHA,0.034392484098720026
2020-21,new,PHX,CHI,0.01297919739969212
2020-21,new,PHX,CLE,0.0022069089961758957
2020-21,new,PHX,DAL,0.0
2020-21,new,PHX,DEN,0.04414046300774011
2020-21,new,PHX,DET,0.002891702776923294
2020-21,new,PHX,GSW,0.015077937369427724
2020-21,new,PHX,HOU,0.14941993340010634
2020-21,new,PHX,IND,0.03700270479377272
2020-21,new,PHX,LAC,0.07808459104117053
2020-21,new,PHX,LAL,0.04950564043536072
2020-21,new,PHX,MEM,0.04157455479231887
2020-21,new,PHX,MIA,0.0
2020-21,new,PHX,MIL,3.379237791673874e-05
2020-21,new,PHX,MIN,0.003076739543022116
2020-21,new,PHX,NOP,0.038886212084554
2020-21,new,PHX,NYK,0.0825714138647547
2020-21,new,PHX,OKC,0.054606142867083554
2020-21,new,PHX,ORL,0.01084393272789535
2020-21,new,PHX,PHI,0.10577586253912283
2020-21,new,PHX,POR,0.026485722487920832
2020-21,new,PHX,SAC,0.003344983367260872
2020-21,new,PHX,SAS,0.006497396665438597
2020-21,new,PHX,TOR,0.007016780437598773
2020-21,new,PHX,UTA,0.06110021575578841
2020-21,new,PHX,WAS,0.0036895408121515685
2020-21,new,POR,ATL,0.056085588600463004
2020-21,new,POR,BKN,0.016242457027005126
2020-21,new,POR,BOS,0.02644849447098273
2020-21,new,POR,CHA,0.02094895281293145
2020-21,new,POR,CHI,0.01001767056838393
2020-21,new,POR,CLE,0.0012227701748157489
2020-21,new,POR,DAL,0.0
2020-21,new,POR,DEN,0.027655997209979157
2020-21,new,POR,DET,0.002372306232212176
2020-21,new,POR,GSW,0.024439351545327705
2020-21,new,POR,HOU,0.19758656649223322
2020-21,new,POR,IND,0.032688660825295375
2020-21,new,POR,LAC,0.01519019397925023
2020-21,new,POR,LAL,0.135291962046829
2020-21,new,POR,MEM,0.06298527024514165
2020-21,new,POR,MIA,0.0
2020-21,new,POR,MIL,2.5423162236432388e-05
2020-21,new,POR,MIN,0.0029988039395013773
2020-21,new,POR,NOP,0.1264672836247641
2020-21,new,POR,NYK,0.23177088266810075
2020-21,new,POR,OKC,0.034407058526352376
2020-21,new,POR,ORL,0.008066271340607712
2020-21,new,POR,PHI,0.023404094895653045
2020-21,new,POR,PHX,0.016460028100856384
2020-21,new,POR,SAC,0.004886986301637802
2020-21,new,POR,SAS,0.028663485886223295
2020-21,new,POR,TOR,0.0012529557728157327
2020-21,new,POR,UTA,0.005628257490772803
2020-21,new,POR,WAS,0.0038097129723944217
2020-21,new,SAC,ATL,0.009991808587301497
2020-21,new,SAC,BKN,0.008124191917274308
2020-21,new,SAC,BOS,0.014582191618651041
2020-21,new,SAC,CHA,0.025850877785651177
2020-21,new,SAC,CHI,0.01519228673794565
2020-21,new,SAC,CLE,0.0036481748935059477
2020-21,new,SAC,DAL,0.0
2020-21,new,SAC,DEN,0.011134027751644177
2020-21,new,SAC,DET,0.00693238243384383
2020-21,new,SAC,GSW,0.0556132015261514
2020-21,new,SAC,HOU,0.041360991499607536
2020-21,new,SAC,IND,0.009280118745173165
2020-21,new,SAC,LAC,0.012534213461431448
2020-21,new,SAC,LAL,0.013227487428153217
2020-21,new,SAC,MEM,0.05109642874581023
2020-21,new,SAC,MIA,0.0
2020-21,new,SAC,MIL,0.0
2020-21,new,SAC,MIN,0.012963810856611668
2020-21,new,SAC,NOP,0.0271931904872624
2020-21,new,SAC,NYK,0.10732695073699276
2020-21,new,SAC,OKC,0.012301724054007626
2020-21,new,SAC,ORL,0.013175428843118677
2020-21,new,SAC,PHI,0.009434267381800277
2020-21,new,SAC,PHX,0.006118873373744619
2020-21,new,SAC,POR,0.03543184315956375
2020-21,new,SAC,SAS,0.03754123331492432
2020-21,new,SAC,TOR,0.006944323680959785
2020-21,new,SAC,UTA,0.0028965517626433025
2020-21,new,SAC,WAS,0.0035225298171221147
2020-21,new,SAS,ATL,0.03348755106886868
2020-21,new,SAS,BKN,0.024422144561801265
2020-21,new,SAS,BOS,0.026562929854628846
2020-21,new,SAS,CHA,0.027410291960352825
2020-21,new,SAS,CHI,0.01738402645855779
2020-21,new,SAS,CLE,0.0016835035960576763
2020-21,new,SAS,DAL,0.0
2020-21,new,SAS,DEN,0.03512304262650923
2020-21,new,SAS,DET,0.0029202588016151226
2020-21,new,SAS,GSW,0.06699056364643548
2020-21,new,SAS,HOU,0.13087634731742454
2020-21,new,SAS,IND,0.020023266116655638
2020-21,new,SAS,LAC,0.028846174479996115
2020-21,new,SAS,LAL,0.03474942156513258
2020-21,new,SAS,MEM,0.07893880755529506
2020-21,new,SAS,MIA,0.0
2020-21,new,SAS,MIL,0.0
2020-21,new,SAS,MIN,0.002065676698818826
2020-21,new,SAS,NOP,0.08498070131444072
2020-21,new,SAS,NYK,0.09767416356265245
2020-21,new,SAS,OKC,0.02343076537594055
2020-21,new,SAS,ORL,0.011225042714039781
2020-21,new,SAS,PHI,0.026853448452010494
2020-21,new,SAS,PHX,0.025029116771366045
2020-21,new,SAS,POR,0.10030765216319885
2020-21,new,SAS,SAC,0.03484346690044507
2020-21,new,SAS,TOR,0.016318328042756926
2020-21,new,SAS,UTA,0.007164870729461184
2020-21,new,SAS,WAS,0.004620361629733348
2020-21,new,TOR,ATL,0.023176792482440336
2020-21,new,TOR,BKN,0.031170797544041784
2020-21,new,TOR,BOS,0.03004435225892013
2020-21,new,TOR,CHA,0.03402458103653198
2020-21,new,TOR,CHI,0.07768119009879448
2020-21,new,TOR,CLE,0.0072791103846410205
2020-21,new,TOR,DAL,0.0
2020-21,new,TOR,DEN,0.026968934951962786
2020-21,new,TOR,DET,0.0023106143827919426
2020-21,new,TOR,GSW,0.03739329915374596
2020-21,new,TOR,HOU,0.06593588381933432
2020-21,new,TOR,IND,0.044799928712586846
2020-21,new,TOR,LAC,0.018135506517518763
2020-21,new,TOR,LAL,0.022234901988252127
2020-21,new,TOR,MEM,0.021395708026876948
2020-21,new,TOR,MIA,0.0
2020-21,new,TOR,MIL,0.0
2020-21,new,TOR,MIN,0.0016656870824323475
2020-21,new,TOR,NOP,0.024059430770134938
2020-21,new,TOR,NYK,0.07037463870433858
2020-21,new,TOR,OKC,0.020531519594068383
2020-21,new,TOR,ORL,0.03444610221805694
2020-21,new,TOR,PHI,0.019828663892273248
2020-21,new,TOR,PHX,0.013511987247413143
2020-21,new,TOR,POR,0.026257004776672498
2020-21,new,TOR,SAC,0.0063294850732561045
2020-21,new,TOR,SAS,0.013905446740727077
2020-21,new,TOR,UTA,0.0017122845124485425
2020-21,new,TOR,WAS,0.037172670137179294
2020-21,new,UTA,ATL,0.01774918260765248
2020-21,new,UTA,BKN,0.021857220046081708
2020-21,new,UTA,BOS,0.013328580229276027
2020-21,new,UTA,CHA,0.010294939728851225
2020-21,new,UTA,CHI,0.00920936768906043
2020-21,new,UTA,CLE,0.0022043028507565446
2020-21,new,UTA,DAL,0.0
2020-21,new,UTA,DEN,0.022353947698134542
2020-21,new,UTA,DET,0.0064326512575518845
2020-21,new,UTA,GSW,0.03640662716098621
2020-21,new,UTA,HOU,0.0545274809518601
2020-21,new,UTA,IND,0.009213133887520696
2020-21,new,UTA,LAC,0.024016164024621405
2020-21,new,UTA,LAL,0.03844734457440046
2020-21,new,UTA,MEM,0.04571176022253908
2020-21,new,UTA,MIA,0.0
2020-21,new,UTA,MIL,8.210486941669812e-09
2020-21,new,UTA,MIN,0.002038459216241633
2020-21,new,UTA,NOP,0.06546841648667541
2020-21,new,UTA,NYK,0.10141133002493191
2020-21,new,UTA,OKC,0.010577855677532574
2020-21,new,UTA,ORL,0.019478210729820537
2020-21,new,UTA,PHI,0.04280603477137227
2020-21,new,UTA,PHX,0.07792222522303205
2020-21,new,UTA,POR,0.03956169250902944
2020-21,new,UTA,SAC,0.01676086569742761
2020-21,new,UTA,SAS,0.030044265098007845
2020-21,new,UTA,TOR,0.011801399651737899
2020-21,new,UTA,WAS,0.005529169205823924
2020-21,new,WAS,ATL,0.02555146174288512
2020-21,new,WAS,BKN,0.012169450299677857
2020-21,new,WAS,BOS,0.03358565591363517
2020-21,new,WAS,CHA,0.1465212237278243
2020-21,new,WAS,CHI,0.06131948756503043
2020-21,new,WAS,CLE,0.003858428358327712
2020-21,new,WAS,DAL,0.0
2020-21,new,WAS,DEN,0.011657791439204757
2020-21,new,WAS,DET,0.003088901095204698
2020-21,new,WAS,GSW,0.007549583107840044
2020-21,new,WAS,HOU,0.07511883458084474
2020-21,new,WAS,IND,0.1103719139081695
2020-21,new,WAS,LAC,0.009663793151266874
2020-21,new,WAS,LAL,0.025495665608355787
2020-21,new,WAS,MEM,0.015834703773528025
2020-21,new,WAS,MIA,0.0
2020-21,new,WAS,MIL,1.6948774824288258e-05
2020-21,new,WAS,MIN,0.0017045131277169522
2020-21,new,WAS,NOP,0.009260161310546846
2020-21,new,WAS,NYK,0.11549213509911789
2020-21,new,WAS,OKC,0.017841325769449808
2020-21,new,WAS,ORL,0.02145170341365139
2020-21,new,WAS,PHI,0.005606681098920646
2020-21,new,WAS,PHX,0.0021304138447497865
2020-21,new,WAS,POR,0.04031276980782297
2020-21,new,WAS,SAC,0.0028082842027060944
2020-21,new,WAS,SAS,0.005058856896057615
2020-21,new,WAS,TOR,0.03268472713627464
2020-21,new,WAS,UTA,0.0013717672482518285
2020-21,old,ATL,BKN,0.01223060351483331
2020-21,old,ATL,BOS,0.0723266925205368
2020-21,old,ATL,CHA,0.08917817257542852
2020-21,old,ATL,CHI,0.022555754617348926
2020-21,old,ATL,CLE,0.01613510055704471
2020-21,old,ATL,DAL,0.0
2020-21,old,ATL,DEN,0.01221387447069822
2020-21,old,ATL,DET,0.0021799568411219722
2020-21,old,ATL,GSW,0.03875248360500475
2020-21,old,ATL,HOU,0.1670840517253781
2020-21,old,ATL,IND,0.05599313186694594
2020-21,old,ATL,LAC,0.00897198282609742
2020-21,old,ATL,LAL,0.07285971355074383
2020-21,old,ATL,MEM,0.040644746244536824
2020-21,old,ATL,MIA,0.0
2020-21,old,ATL,MIL,4.524765135751695e-10
2020-21,old,ATL,MIN,0.011956330324612562
2020-21,old,ATL,NOP,0.036438228352502114
2020-21,old,ATL,NYK,0.13887834690392972
2020-21,old,ATL,OKC,0.043605064786147674
2020-21,old,ATL,ORL,0.02066527841272394
2020-21,old,ATL,PHI,0.01103879323983886
2020-21,old,ATL,PHX,0.006264109919438255
2020-21,old,ATL,POR,0.008836206991229494
2020-21,old,ATL,SAC,0.046105504474557725
2020-21,old,ATL,SAS,0.04341386369370067
2020-21,old,ATL,TOR,0.022909097119704354
2020-21,old,ATL,UTA,0.009340517285825878
2020-21,old,ATL,WAS,0.020594968799567216
2020-21,old,BKN,ATL,0.02050813009465586
2020-21,old,BKN,BOS,0.015432917459890507
2020-21,old,BKN,CHA,0.027965291723768666
2020-21,old,BKN,CHI,0.00670323193309247
2020-21,old,BKN,CLE,0.003836673191402188
2020-21,old,BKN,DAL,0.0
2020-21,old,BKN,DEN,0.09128898341237494
2020-21,old,BKN,DET,0.0024286100772763415
2020-21,old,BKN,GSW,0.019512265697477583
2020-21,old,BKN,HOU,0.09356842640763276
2020-21,old,BKN,IND,0.028318189487574374
2020-21,old,BKN,LAC,0.0959946121127698
2020-21,old,BKN,LAL,0.022913432607198324
2020-21,old,BKN,MEM,0.013072999260596123
2020-21,old,BKN,MIA,0.0
2020-21,old,BKN,MIL,0.0
2020-21,old,BKN,MIN,0.00016431614451709834
2020-21,old,BKN,NOP,0.0280932794364392
2020-21,old,BKN,NYK,0.04777617686773472
2020-21,old,BKN,OKC,0.034964440015008154
2020-21,old,BKN,ORL,0.04585290489229875
2020-21,old,BKN,PHI,0.05887176785401292
2020-21,old,BKN,PHX,0.0476801445775578
2020-21,old,BKN,POR,0.007983566828489563
2020-21,old,BKN,SAC,0.032867531169373604
2020-21,old,BKN,SAS,0.018593144060606703
2020-21,old,BKN,TOR,0.013507589743529183
2020-21,old,BKN,UTA,0.009477370843403686
2020-21,old,BKN,WAS,0.015248598050840587
2020-21,old,BOS,ATL,0.07767138839947241
2020-21,old,BOS,BKN,0.02012904107319753
2020-21,old,BOS,CHA,0.05122705342056642
2020-21,old,BOS,CHI,0.01330171435431191
2020-21,old,BOS,CLE,0.016218717441133727
2020-21,old,BOS,DAL,0.0
2020-21,old,BOS,DEN,0.015846305200001014
2020-21,old,BOS,DET,0.00482219826317681
2020-21,old,BOS,GSW,0.05016441548470809
2020-21,old,BOS,HOU,0.1539767094846847
2020-21,old,BOS,IND,0.05525762476948078
2020-21,old,BOS,LAC,0.021230603574056595
2020-21,old,BOS,LAL,0.029139890487774975
2020-21,old,BOS,MEM,0.0420303670484698
2020-21,old,BOS,MIA,0.0
2020-21,old,BOS,MIL,7.106312546840918e-07
2020-21,old,BOS,MIN,0.01738521464734735
2020-21,old,BOS,NOP,0.018217664713388648
2020-21,old,BOS,NYK,0.11196506031182518
2020-21,old,BOS,OKC,0.09017941918268253
2020-21,old,BOS,ORL,0.02711860548398211
2020-21,old,BOS,PHI,0.015469827708980904
2020-21,old,BOS,PHX,0.014142512012726025
2020-21,old,BOS,POR,0.015338362200458632
2020-21,old,BOS,SAC,0.020012703620406434
2020-21,old,BOS,SAS,0.018895959660479526
2020-21,old,BOS,TOR,0.01720655149950649
2020-21,old,BOS,UTA,0.007423491414379456
2020-21,old,BOS,WAS,0.010834767938336438
2020-21,old,CHA,ATL,0.05196588494190475
2020-21,old,CHA,BKN,0.031898168273338384
2020-21,old,CHA,BOS,0.048711128170972604
2020-21,old,CHA,CHI,0.029027076912143977
2020-21,old,CHA,CLE,0.012062198831945724
2020-21,old,CHA,DAL,0.0
2020-21,old,CHA,DEN,0.022982962240683368
2020-21,old,CHA,DET,0.002322467713464244
2020-21,old,CHA,GSW,0.037670956971542525
2020-21,old,CHA,HOU,0.10935332623440851
2020-21,old,CHA,IND,0.10789927578268875
2020-21,old,CHA,LAC,0.019016433474708126
2020-21,old,CHA,LAL,0.018902638341286204
2020-21,old,CHA,MEM,0.03703767259706262
2020-21,old,CHA,MIA,0.0
2020-21,old,CHA,MIL,2.13033369310996e-06
2020-21,old,CHA,MIN,0.0099808379832385
2020-21,old,CHA,NOP,0.021166893750699755
2020-21,old,CHA,NYK,0.0462534366264263
2020-21,old,CHA,OKC,0.057952855819302374
2020-21,old,CHA,ORL,0.03038598861189571
2020-21,old,CHA,PHI,0.017493534634002193
2020-21,old,CHA,PHX,0.009774183439794732
2020-21,old,CHA,POR,0.008613146571121338
2020-21,old,CHA,SAC,0.03005281369786179
2020-21,old,CHA,SAS,0.05173836425488201
2020-21,old,CHA,TOR,0.029117140932140396
2020-21,old,CHA,UTA,0.0013631465779778001
2020-21,old,CHA,WAS,0.10397663569343774
2020-21,old,CHI,ATL,0.026111056905038593
2020-21,old,CHI,BKN,0.013124461276496857
2020-21,old,CHI,BOS,0.04034103284323337
2020-21,old,CHI,CHA,0.031931341966661635
2020-21,old,CHI,CLE,0.031563882102415675
2020-21,old,CHI,DAL,0.0
2020-21,old,CHI,DEN,0.041353030833812865
2020-21,old,CHI,DET,0.004786368619152826
2020-21,old,CHI,GSW,0.03424516680016071
2020-21,old,CHI,HOU,0.08573099794301385
2020-21,old,CHI,IND,0.038930186153913644
2020-21,old,CHI,LAC,0.03814062511833416
2020-21,old,CHI,LAL,0.014151487386370997
2020-21,old,CHI,MEM,0.03945520397829508
2020-21,old,CHI,MIA,0.0
2020-21,old,CHI,MIL,7.110394317955125e-07
2020-21,old,CHI,MIN,0.006939653297170986
2020-21,old,CHI,NOP,0.06838314621003878
2020-21,old,CHI,NYK,0.06372569459577458
2020-21,old,CHI,OKC,0.07668345869400395
2020-21,old,CHI,ORL,0.24671826342364397
2020-21,old,CHI,PHI,0.014599138097676998
2020-21,old,CHI,PHX,0.009286444511594237
2020-21,old,CHI,POR,0.0068717673162785224
2020-21,old,CHI,SAC,0.0917744983840642
2020-21,old,CHI,SAS,0.02229105841352793
2020-21,old,CHI,TOR,0.106695957816605
2020-21,old,CHI,UTA,0.003383620732046407
2020-21,old,CHI,WAS,0.05586083291259753
2020-21,old,CLE,ATL,0.027378606678360874
2020-21,old,CLE,BKN,0.007436961339052027
2020-21,old,CLE,BOS,0.026534707879002306
2020-21,old,CLE,CHA,0.03956435218805032
2020-21,old,CLE,CHI,0.05641659957497866
2020-21,old,CLE,DAL,0.0
2020-21,old,CLE,DEN,0.007816771301022284
2020-21,old,CLE,DET,0.022737876663791363
2020-21,old,CLE,GSW,0.06423268150318305
2020-21,old,CLE,HOU,0.06932920470265366
2020-21,old,CLE,IND,0.04248709628098035
2020-21,old,CLE,LAC,0.00800000013358056
2020-21,old,CLE,LAL,0.017457197552512915
2020-21,old,CLE,MEM,0.03145272932937054
2020-21,old,CLE,MIA,0.0
2020-21,old,CLE,MIL,2.144975745221112e-09
2020-21,old,CLE,MIN,0.07485961437882194
2020-21,old,CLE,NOP,0.04221484835108428
2020-21,old,CLE,NYK,0.058679937748735186
2020-21,old,CLE,OKC,0.08654445022966809
2020-21,old,CLE,ORL,0.06782253236327945
2020-21,old,CLE,PHI,0.007122844852073568
2020-21,old,CLE,PHX,0.00741664084866592
2020-21,old,CLE,POR,0.007872575546960057
2020-21,old,CLE,SAC,0.03491433906222992
2020-21,old,CLE,SAS,0.03631634826618244
2020-21,old,CLE,TOR,0.02956606808920108
2020-21,old,CLE,UTA,0.007839439680141494
2020-21,old,CLE,WAS,0.034510117050737796
2020-21,old,DAL,ATL,0.06771980419527711
2020-21,old,DAL,BKN,0.016599407389575365
2020-21,old,DAL,BOS,0.05018583770529899
2020-21,old,DAL,CHA,0.03607966430186568
2020-21,old,DAL,CHI,0.043593896967467294
2020-21,old,DAL,CLE,0.011696948495451477
2020-21,old,DAL,DEN,0.03768297625570886
2020-21,old,DAL,DET,0.005471982436218491
2020-21,old,DAL,GSW,0.05498415769393886
2020-21,old,DAL,HOU,0.11986287912223408
2020-21,old,DAL,IND,0.027181501502067756
2020-21,old,DAL,LAC,0.025677801742166252
2020-21,old,DAL,LAL,0.10039251129128288
2020-21,old,DAL,MEM,0.047223518348080994
2020-21,old,DAL,MIA,0.0
2020-21,old,DAL,MIL,3.425375433411758e-09
2020-21,old,DAL,MIN,0.014498722310141394
2020-21,old,DAL,NOP,0.027635382234041692
2020-21,old,DAL,NYK,0.7136922033304476
2020-21,old,DAL,OKC,0.05471497874138957
2020-21,old,DAL,ORL,0.019469729866522723
2020-21,old,DAL,PHI,0.008613146649561181
2020-21,old,DAL,PHX,0.011053052072941359
2020-21,old,DAL,POR,0.11591514069438462
2020-21,old,DAL,SAC,0.027364957095316843
2020-21,old,DAL,SAS,0.022095602886881557
2020-21,old,DAL,TOR,0.027821027539088727
2020-21,old,DAL,UTA,0.0008071120833207305
2020-21,old,DAL,WAS,0.01388897371409995
2020-21,old,DEN,ATL,0.033427718850876496
2020-21,old,DEN,BKN,0.10112877142860491
2020-21,old,DEN,BOS,0.030138562065252804
2020-21,old,DEN,CHA,0.021116864909490426
2020-21,old,DEN,CHI,0.036342739509479104
2020-21,old,DEN,CLE,0.015841752519023148
2020-21,old,DEN,DAL,0.0
2020-21,old,DEN,DET,0.0020096982937458704
2020-21,old,DEN,GSW,0.040338048319607175
2020-21,old,DEN,HOU,0.11535176239837489
2020-21,old,DEN,IND,0.034723952969855
2020-21,old,DEN,LAC,0.08168318970171044
2020-21,old,DEN,LAL,0.05436613887978878
2020-21,old,DEN,MEM,0.02073294980489852
2020-21,old,DEN,MIA,0.0
2020-21,old,DEN,MIL,1.1311022479213566e-06
2020-21,old,DEN,MIN,0.0023988520898122947
2020-21,old,DEN,NOP,0.029959129356956157
2020-21,old,DEN,NYK,0.06316566611265818
2020-21,old,DEN,OKC,0.05339520433136855
2020-21,old,DEN,ORL,0.013247154193925137
2020-21,old,DEN,PHI,0.05907543125931688
2020-21,old,DEN,PHX,0.03641046742228462
2020-21,old,DEN,POR,0.025612877246116862
2020-21,old,DEN,SAC,0.02851781504305701
2020-21,old,DEN,SAS,0.021326883878135347
2020-21,old,DEN,TOR,0.011283240887874097
2020-21,old,DEN,UTA,0.006529094911710329
2020-21,old,DEN,WAS,0.030605606163797542
2020-21,old,DET,ATL,0.019638850057230407
2020-21,old,DET,BKN,0.026550377067559854
2020-21,old,DET,BOS,0.027034974110760415
2020-21,old,DET,CHA,0.026688615613051588
2020-21,old,DET,CHI,0.04245264457714554
2020-21,old,DET,CLE,0.03909239817335415
2020-21,old,DET,DAL,0.0
2020-21,old,DET,DEN,0.015995551063545776
2020-21,old,DET,GSW,0.08173549040747922
2020-21,old,DET,HOU,0.06955819103156331
2020-21,old,DET,IND,0.03762626056802975
2020-21,old,DET,LAC,0.02150350205461767
2020-21,old,DET,LAL,0.028706163231912236
2020-21,old,DET,MEM,0.024424005863554716
2020-21,old,DET,MIA,0.0
2020-21,old,DET,MIL,1.5684280540995132e-09
2020-21,old,DET,MIN,0.0417985345738099
2020-21,old,DET,NOP,0.037470263798878856
2020-21,old,DET,NYK,0.07003848189526075
2020-21,old,DET,OKC,0.044172682352825704
2020-21,old,DET,ORL,0.04875957244372668
2020-21,old,DET,PHI,0.018766163875959044
2020-21,old,DET,PHX,0.017962285201682367
2020-21,old,DET,POR,0.016956896734612602
2020-21,old,DET,SAC,0.025608432364236534
2020-21,old,DET,SAS,0.029398690123418596
2020-21,old,DET,TOR,0.036110309996152015
2020-21,old,DET,UTA,0.0027823276338488625
2020-21,old,DET,WAS,0.031437090994865066
2020-21,old,GSW,ATL,0.017830193973203543
2020-21,old,GSW,BKN,0.014912176815319228
2020-21,old,GSW,BOS,0.03955652347082001
2020-21,old,GSW,CHA,0.040519331721072256
2020-21,old,GSW,CHI,0.04143907268169111
2020-21,old,GSW,CLE,0.023296835914326585
2020-21,old,GSW,DAL,0.0
2020-21,old,GSW,DEN,0.007519448377051343
2020-21,old,GSW,DET,0.010104256419902502
2020-21,old,GSW,HOU,0.0882209054501687
2020-21,old,GSW,IND,0.04003247134496288
2020-21,old,GSW,LAC,0.017071928989045835
2020-21,old,GSW,LAL,0.014441713524071462
2020-21,old,GSW,MEM,0.11238398731921634
2020-21,old,GSW,MIA,0.0
2020-21,old,GSW,MIL,3.337807898847247e-12
2020-21,old,GSW,MIN,0.018082828771780267
2020-21,old,GSW,NOP,0.05574115311354027
2020-21,old,GSW,NYK,0.041267723966652826
2020-21,old,GSW,OKC,0.08138389021824598
2020-21,old,GSW,ORL,0.03441473535476703
2020-21,old,GSW,PHI,0.018592672463795486
2020-21,old,GSW,PHX,0.017052292723859462
2020-21,old,GSW,POR,0.048418642678819915
2020-21,old,GSW,SAC,0.06825343373901768
2020-21,old,GSW,SAS,0.09010521251606562
2020-21,old,GSW,TOR,0.029122988323982423
2020-21,old,GSW,UTA,0.010459051774092148
2020-21,old,GSW,WAS,0.033559232337002254
2020-21,old,HOU,ATL,0.03976266744140375
2020-21,old,HOU,BKN,0.037425107789799926
2020-21,old,HOU,BOS,0.01515634615438465
2020-21,old,HOU,CHA,0.023127607692959594
2020-21,old,HOU,CHI,0.017213661947076096
2020-21,old,HOU,CLE,0.005961999461475175
2020-21,old,HOU,DAL,0.0
2020-21,old,HOU,DEN,0.03461666930576219
2020-21,old,HOU,DET,0.011151131344999276
2020-21,old,HOU,GSW,0.02361887108791461
2020-21,old,HOU,IND,0.026217154074658272
2020-21,old,HOU,LAC,0.024480603599824523
2020-21,old,HOU,LAL,0.03271957966637117
2020-21,old,HOU,MEM,0.02165591811598913
2020-21,old,HOU,MIA,0.0
2020-21,old,HOU,MIL,2.470046129318383e-10
2020-21,old,HOU,MIN,0.0010866915315482794
2020-21,old,HOU,NOP,0.02229392922823353
2020-21,old,HOU,NYK,0.09546189275176291
2020-21,old,HOU,OKC,0.06683081871575014
2020-21,old,HOU,ORL,0.004921214943671421
2020-21,old,HOU,PHI,0.04001508612635321
2020-21,old,HOU,PHX,0.020419182597656155
2020-21,old,HOU,POR,0.02630199365568717
2020-21,old,HOU,SAC,0.019612188413303637
2020-21,old,HOU,SAS,0.02885977862337076
2020-21,old,HOU,TOR,0.007958389100856757
2020-21,old,HOU,UTA,0.004593750016988609
2020-21,old,HOU,WAS,0.00827178063039278
2020-21,old,IND,ATL,0.04630882965585251
2020-21,old,IND,BKN,0.012396282435912669
2020-21,old,IND,BOS,0.05943671774452384
2020-21,old,IND,CHA,0.1481401998444242
2020-21,old,IND,CHI,0.032177565493092364
2020-21,old,IND,CLE,0.012986664263336422
2020-21,old,IND,DAL,0.0
2020-21,old,IND,DEN,0.021551879098101245
2020-21,old,IND,DET,0.008570581828304245
2020-21,old,IND,GSW,0.04551275711838271
2020-21,old,IND,HOU,0.09114987624821688
2020-21,old,IND,LAC,0.014886314747855067
2020-21,old,IND,LAL,0.018502180947643835
2020-21,old,IND,MEM,0.02546070602430235
2020-21,old,IND,MIA,0.0
2020-21,old,IND,MIL,1.407363360515635e-06
2020-21,old,IND,MIN,0.021346706825248852
2020-21,old,IND,NOP,0.054939680018968436
2020-21,old,IND,NYK,0.13015890044078762
2020-21,old,IND,OKC,0.06168345891079738
2020-21,old,IND,ORL,0.029503884791577867
2020-21,old,IND,PHI,0.015010775994300719
2020-21,old,IND,PHX,0.020051118745020077
2020-21,old,IND,POR,0.038483028072916
2020-21,old,IND,SAC,0.0351297180744358
2020-21,old,IND,SAS,0.06315048128639528
2020-21,old,IND,TOR,0.036952411598999764
2020-21,old,IND,UTA,0.005498922489952809
2020-21,old,IND,WAS,0.07988097086367284
2020-21,old,LAC,ATL,0.02444379187617029
2020-21,old,LAC,BKN,0.10516487101287629
2020-21,old,LAC,BOS,0.019226891032805036
2020-21,old,LAC,CHA,0.012649060397453338
2020-21,old,LAC,CHI,0.02620697088129105
2020-21,old,LAC,CLE,0.004495149667583223
2020-21,old,LAC,DAL,0.0
2020-21,old,LAC,DEN,0.08265731725595543
2020-21,old,LAC,DET,0.002300915884291591
2020-21,old,LAC,GSW,0.012937451567656064
2020-21,old,LAC,HOU,0.09078879348507363
2020-21,old,LAC,IND,0.026315301016966275
2020-21,old,LAC,LAL,0.02960576962600985
2020-21,old,LAC,MEM,0.013506279645532865
2020-21,old,LAC,MIA,0.0
2020-21,old,LAC,MIL,4.316993755574376e-10
2020-21,old,LAC,MIN,0.0005605570178072756
2020-21,old,LAC,NOP,0.012237165149538723
2020-21,old,LAC,NYK,0.04039949911137309
2020-21,old,LAC,OKC,0.01795312485420787
2020-21,old,LAC,ORL,0.014385218639235281
2020-21,old,LAC,PHI,0.08304633622724113
2020-21,old,LAC,PHX,0.051863441605932176
2020-21,old,LAC,POR,0.021297144465397336
2020-21,old,LAC,SAC,0.015002825978882629
2020-21,old,LAC,SAS,0.014266671947014095
2020-21,old,LAC,TOR,0.008684778549023522
2020-21,old,LAC,UTA,0.014252155291173478
2020-21,old,LAC,WAS,0.03002877430200082
2020-21,old,LAL,ATL,0.07679171419711428
2020-21,old,LAL,BKN,0.03417941798915654
2020-21,old,LAL,BOS,0.04163031881122304
2020-21,old,LAL,CHA,0.037367987224685796
2020-21,old,LAL,CHI,0.02189854003605498
2020-21,old,LAL,CLE,0.0065614012173852805
2020-21,old,LAL,DAL,0.0
2020-21,old,LAL,DEN,0.05057053512222976
2020-21,old,LAL,DET,0.003204471953474145
2020-21,old,LAL,GSW,0.029075628910002458
2020-21,old,LAL,HOU,0.11825918269486183
2020-21,old,LAL,IND,0.02232511069972831
2020-21,old,LAL,LAC,0.032266702791816426
2020-21,old,LAL,MEM,0.04042019600689425
2020-21,old,LAL,MIA,0.0
2020-21,old,LAL,MIL,1.421712237623586e-06
2020-21,old,LAL,MIN,0.0027388945921855055
2020-21,old,LAL,NOP,0.021144861555885734
2020-21,old,LAL,NYK,0.18607098991525164
2020-21,old,LAL,OKC,0.05020420281965174
2020-21,old,LAL,ORL,0.0033515570834334713
2020-21,old,LAL,PHI,0.038627155328185524
2020-21,old,LAL,PHX,0.02387138535140578
2020-21,old,LAL,POR,0.12800323330046579
2020-21,old,LAL,SAC,0.009764403135180951
2020-21,old,LAL,SAS,0.022027812520158042
2020-21,old,LAL,TOR,0.007642937652489743
2020-21,old,LAL,UTA,0.008193965549339892
2020-21,old,LAL,WAS,0.028478891347046956
2020-21,old,MEM,ATL,0.04826058180821029
2020-21,old,MEM,BKN,0.02150592677509974
2020-21,old,MEM,BOS,0.05821925177215749
2020-21,old,MEM,CHA,0.05246985085724617
2020-21,old,MEM,CHI,0.03695724100607367
2020-21,old,MEM,CLE,0.011488882643871597
2020-21,old,MEM,DAL,0.0
2020-21,old,MEM,DEN,0.011889995401203191
2020-21,old,MEM,DET,0.005339439803080084
2020-21,old,MEM,GSW,0.1254006262150955
2020-21,old,MEM,HOU,0.0824718045971832
2020-21,old,MEM,IND,0.04595584881128454
2020-21,old,MEM,LAC,0.012510506608804432
2020-21,old,MEM,LAL,0.028847130336855032
2020-21,old,MEM,MIA,0.0
2020-21,old,MEM,MIL,1.4069366368168063e-06
2020-21,old,MEM,MIN,0.0071466672804657546
2020-21,old,MEM,NOP,0.06274765992398991
2020-21,old,MEM,NYK,0.11832399322530818
2020-21,old,MEM,OKC,0.05243857820405914
2020-21,old,MEM,ORL,0.031005985856414
2020-21,old,MEM,PHI,0.015539870830333057
2020-21,old,MEM,PHX,0.01279041192034033
2020-21,old,MEM,POR,0.0766586747920293
2020-21,old,MEM,SAC,0.043665850631713674
2020-21,old,MEM,SAS,0.07545471761246672
2020-21,old,MEM,TOR,0.012672555149195713
2020-21,old,MEM,UTA,0.0009644396661716546
2020-21,old,MEM,WAS,0.01963490480003886
2020-21,old,MIA,ATL,0.08090323725241165
2020-21,old,MIA,BKN,0.018210937553125528
2020-21,old,MIA,BOS,0.06057231465729291
2020-21,old,MIA,CHA,0.055583926182321164
2020-21,old,MIA,CHI,0.00838339470344499
2020-21,old,MIA,CLE,0.002034460574444972
2020-21,old,MIA,DAL,0.0
2020-21,old,MIA,DEN,0.017567389574559385
2020-21,old,MIA,DET,0.0038744610800319507
2020-21,old,MIA,GSW,0.03496912945158124
2020-21,old,MIA,HOU,0.2919668512962405
2020-21,old,MIA,IND,0.04900651150345817
2020-21,old,MIA,LAC,0.0288378235024946
2020-21,old,MIA,LAL,0.04184951239816145
2020-21,old,MIA,MEM,0.04197076603593897
2020-21,old,MIA,MIL,3.2489288213361516e-06
2020-21,old,MIA,MIN,0.008511921436976643
2020-21,old,MIA,NOP,0.01926362195677002
2020-21,old,MIA,NYK,0.1311036171279925
2020-21,old,MIA,OKC,0.42877855669305626
2020-21,old,MIA,ORL,0.026352779892001084
2020-21,old,MIA,PHI,0.013550646648469286
2020-21,old,MIA,PHX,0.01523048677669802
2020-21,old,MIA,POR,0.013638470028928516
2020-21,old,MIA,SAC,0.01774962530945078
2020-21,old,MIA,SAS,0.014888741753406985
2020-21,old,MIA,TOR,0.017759817980543054
2020-21,old,MIA,UTA,0.005454741430083483
2020-21,old,MIA,WAS,0.013681294425388629
2020-21,old,MIL,ATL,0.04680056568383006
2020-21,old,MIL,BKN,0.07941433167183401
2020-21,old,MIL,BOS,0.031156828079899106
2020-21,old,MIL,CHA,0.059983565734895876
2020-21,old,MIL,CHI,0.011620646084051344
2020-21,old,MIL,CLE,0.009596206956714367
2020-21,old,MIL,DAL,0.0
2020-21,old,MIL,DEN,0.08945831737783344
2020-21,old,MIL,DET,0.005362607723599748
2020-21,old,MIL,GSW,0.03250039643151416
2020-21,old,MIL,HOU,0.48787438874751127
2020-21,old,MIL,IND,0.03846543817033994
2020-21,old,MIL,LAC,0.07122144403030438
2020-21,old,MIL,LAL,0.051039959647027316
2020-21,old,MIL,MEM,0.026785120134261216
2020-21,old,MIL,MIA,0.0
2020-21,old,MIL,MIN,0.011792309448866008
2020-21,old,MIL,NOP,0.032058097205356004
2020-21,old,MIL,NYK,0.0879425958923747
2020-21,old,MIL,OKC,0.06167672532923712
2020-21,old,MIL,ORL,0.004015129283052569
2020-21,old,MIL,PHI,0.04729310388789223
2020-21,old,MIL,PHX,0.03943248301913152
2020-21,old,MIL,POR,0.010980334106174395
2020-21,old,MIL,SAC,0.019078086440217162
2020-21,old,MIL,SAS,0.028875638578366728
2020-21,old,MIL,TOR,0.015419975275151458
2020-21,old,MIL,UTA,0.011058189784385391
2020-21,old,MIL,WAS,0.020224187599715546
2020-21,old,MIN,ATL,0.018954444636233494
2020-21,old,MIN,BKN,0.02276104537262341
2020-21,old,MIN,BOS,0.019616209912489534
2020-21,old,MIN,CHA,0.023642495571572615
2020-21,old,MIN,CHI,0.01671715891731829
2020-21,old,MIN,CLE,0.029440723728067535
2020-21,old,MIN,DAL,0.0
2020-21,old,MIN,DEN,0.02094432634201173
2020-21,old,MIN,DET,0.01772063558995482
2020-21,old,MIN,GSW,0.1320939043263851
2020-21,old,MIN,HOU,0.06334340072327278
2020-21,old,MIN,IND,0.026539244628380698
2020-21,old,MIN,LAC,0.02478852381273414
2020-21,old,MIN,LAL,0.014701982526553492
2020-21,old,MIN,MEM,0.021590383937458574
2020-21,old,MIN,MIA,0.0
2020-21,old,MIN,MIL,1.7540213229753575e-09
2020-21,old,MIN,NOP,0.023696403632839477
2020-21,old,MIN,NYK,0.05669618118220624
2020-21,old,MIN,OKC,0.0380633089476835
2020-21,old,MIN,ORL,0.02574763752597692
2020-21,old,MIN,PHI,0.014557112193072277
2020-21,old,MIN,PHX,0.022425948163814977
2020-21,old,MIN,POR,0.028532597137582973
2020-21,old,MIN,SAC,0.02164377193791221
2020-21,old,MIN,SAS,0.03615768357273532
2020-21,old,MIN,TOR,0.017967658562135138
2020-21,old,MIN,UTA,0.0028157327992135075
2020-21,old,MIN,WAS,0.011761235873274828
2020-21,old,NOP,ATL,0.021113954256527345
2020-21,old,NOP,BKN,0.013531250094689817
2020-21,old,NOP,BOS,0.030896249891768868
2020-21,old,NOP,CHA,0.039004967678209476
2020-21,old,NOP,CHI,0.09809898593143491
2020-21,old,NOP,CLE,0.02007882493712543
2020-21,old,NOP,DAL,0.0
2020-21,old,NOP,DEN,0.016766651668755045
2020-21,old,NOP,DET,0.009455280340766401
2020-21,old,NOP,GSW,0.07696827198100234
2020-21,old,NOP,HOU,0.05065874553262624
2020-21,old,NOP,IND,0.050265630905394605
2020-21,old,NOP,LAC,0.015675377300579163
2020-21,old,NOP,LAL,0.023500127613225223
2020-21,old,NOP,MEM,0.04712381119721401
2020-21,old,NOP,MIA,0.0
2020-21,old,NOP,MIL,1.1333294485711402e-06
2020-21,old,NOP,MIN,0.006101571358405559
2020-21,old,NOP,NYK,0.08333791780385033
2020-21,old,NOP,OKC,0.056406789041035944
2020-21,old,NOP,ORL,0.03040177474054001
2020-21,old,NOP,PHI,0.01097629322919288
2020-21,old,NOP,PHX,0.020403325548408992
2020-21,old,NOP,POR,0.028682381645515405
2020-21,old,NOP,SAC,0.12943877600513945
2020-21,old,NOP,SAS,0.09788734116993864
2020-21,old,NOP,TOR,0.059493439487549225
2020-21,old,NOP,UTA,0.004331896589860192
2020-21,old,NOP,WAS,0.06810705827940239
2020-21,old,NYK,ATL,0.08805660328533427
2020-21,old,NYK,BKN,0.023214709308211182
2020-21,old,NYK,BOS,0.059279851974971993
2020-21,old,NYK,CHA,0.044037658641770366
2020-21,old,NYK,CHI,0.029073406946141352
2020-21,old,NYK,CLE,0.0072993783515073
2020-21,old,NYK,DAL,0.0
2020-21,old,NYK,DEN,0.017817546595790403
2020-21,old,NYK,DET,0.0011856141990524358
2020-21,old,NYK,GSW,0.04193740100212561
2020-21,old,NYK,HOU,0.13132522950095427
2020-21,old,NYK,IND,0.08413544395813066
2020-21,old,NYK,LAC,0.02420339440242468
2020-21,old,NYK,LAL,0.04684877719472804
2020-21,old,NYK,MEM,0.03176254995140665
2020-21,old,NYK,MIA,0.0
2020-21,old,NYK,MIL,1.1332127243396575e-06
2020-21,old,NYK,MIN,0.0001291383556324823
2020-21,old,NYK,NOP,0.022615928013257933
2020-21,old,NYK,OKC,0.07780118577100001
2020-21,old,NYK,ORL,0.010666758651039623
2020-21,old,NYK,PHI,0.021516163865152486
2020-21,old,NYK,PHX,0.00975460558633208
2020-21,old,NYK,POR,0.03178556052044612
2020-21,old,NYK,SAC,0.028016274169133108
2020-21,old,NYK,SAS,0.03848180045697368
2020-21,old,NYK,TOR,0.015600350896272855
2020-21,old,NYK,UTA,0.0037252155514755124
2020-21,old,NYK,WAS,0.05843221176964745
2020-21,old,OKC,ATL,0.01409089580545497
2020-21,old,OKC,BKN,0.01589924570819331
2020-21,old,OKC,BOS,0.0145191738823691
2020-21,old,OKC,CHA,0.029226568779089517
2020-21,old,OKC,CHI,0.08979587181186838
2020-21,old,OKC,CLE,0.05942620206200726
2020-21,old,OKC,DAL,0.0
2020-21,old,OKC,DEN,0.018013111039481652
2020-21,old,OKC,DET,0.028241648716783817
2020-21,old,OKC,GSW,0.06637616872804646
2020-21,old,OKC,HOU,0.0467440738444717
2020-21,old,OKC,IND,0.032319878439790735
2020-21,old,OKC,LAC,0.013925107870479757
2020-21,old,OKC,LAL,0.010577702664239498
2020-21,old,OKC,MEM,0.03665517350813406
2020-21,old,OKC,MIA,0.0
2020-21,old,OKC,MIL,8.144266475155319e-10
2020-21,old,OKC,MIN,0.07431171704431172
2020-21,old,OKC,NOP,0.07923691455628555
2020-21,old,OKC,NYK,0.05499817373255325
2020-21,old,OKC,ORL,0.06402723238141741
2020-21,old,OKC,PHI,0.006464439713765448
2020-21,old,OKC,PHX,0.021221816843493252
2020-21,old,OKC,POR,0.012260506527843593
2020-21,old,OKC,SAC,0.05012310980932921
2020-21,old,OKC,SAS,0.056267691549161024
2020-21,old,OKC,TOR,0.0508351155918637
2020-21,old,OKC,UTA,0.0014816810549557978
2020-21,old,OKC,WAS,0.041099988387162126
2020-21,old,ORL,ATL,0.022313395379155204
2020-21,old,ORL,BKN,0.035743803811853686
2020-21,old,ORL,BOS,0.0157141090208746
2020-21,old,ORL,CHA,0.012480740595471666
2020-21,old,ORL,CHI,0.03362325217270379
2020-21,old,ORL,CLE,0.051248244346104116
2020-21,old,ORL,DAL,0.0
2020-21,old,ORL,DEN,0.031105995813929248
2020-21,old,ORL,DET,0.029287715259586157
2020-21,old,ORL,GSW,0.08063329300343434
2020-21,old,ORL,HOU,0.08561236944650846
2020-21,old,ORL,IND,0.009753314870294485
2020-21,old,ORL,LAC,0.03197144413366913
2020-21,old,ORL,LAL,0.03464812846450481
2020-21,old,ORL,MEM,0.02099890191821013
2020-21,old,ORL,MIA,0.0
2020-21,old,ORL,MIL,4.946450717415423e-10
2020-21,old,ORL,MIN,0.050013494402175854
2020-21,old,ORL,NOP,0.012915996690842788
2020-21,old,ORL,NYK,0.06858062418952608
2020-21,old,ORL,OKC,0.03255307127637306
2020-21,old,ORL,PHI,0.014185344980355228
2020-21,old,ORL,PHX,0.015178294293041997
2020-21,old,ORL,POR,0.016488416031954393
2020-21,old,ORL,SAC,0.02093680661728741
2020-21,old,ORL,SAS,0.019590995822049043
2020-21,old,ORL,TOR,0.020900820070852703
2020-21,old,ORL,UTA,0.0028243534895591436
2020-21,old,ORL,WAS,0.029179091823862986
2020-21,old,PHI,ATL,0.021128038367514743
2020-21,old,PHI,BKN,0.07257058187094836
2020-21,old,PHI,BOS,0.00799892660874826
2020-21,old,PHI,CHA,0.027143799464078466
2020-21,old,PHI,CHI,0.017510563740090163
2020-21,old,PHI,CLE,0.018842405656839475
2020-21,old,PHI,DAL,0.0
2020-21,old,PHI,DEN,0.06309502519960512
2020-21,old,PHI,DET,0.004851023738637788
2020-21,old,PHI,GSW,0.02642582867977135
2020-21,old,PHI,HOU,0.09656436228877785
2020-21,old,PHI,IND,0.013768245418143539
2020-21,old,PHI,LAC,0.10134671363479794
2020-21,old,PHI,LAL,0.02731680507818395
2020-21,old,PHI,MEM,0.018014785174130233
2020-21,old,PHI,MIA,0.0
2020-21,old,PHI,MIL,0.0
2020-21,old,PHI,MIN,0.019531471612773584
2020-21,old,PHI,NOP,0.01595279820828573
2020-21,old,PHI,NYK,0.06151370110536966
2020-21,old,PHI,OKC,0.055293372811705405
2020-21,old,PHI,ORL,0.015058025035702452
2020-21,old,PHI,PHX,0.07803201241587263
2020-21,old,PHI,POR,0.020570312646791693
2020-21,old,PHI,SAC,0.021235988082458853
2020-21,old,PHI,SAS,0.02969367397963575
2020-21,old,PHI,TOR,0.01646248266087869
2020-21,old,PHI,UTA,0.021632543280319282
2020-21,old,PHI,WAS,0.019388863573754463
2020-21,old,PHX,ATL,0.04483586387646071
2020-21,old,PHX,BKN,0.06137607820362157
2020-21,old,PHX,BOS,0.04234391938564834
2020-21,old,PHX,CHA,0.03183951965389358
2020-21,old,PHX,CHI,0.024931691285814548
2020-21,old,PHX,CLE,0.013396648721576072
2020-21,old,PHX,DAL,0.0
2020-21,old,PHX,DEN,0.0433835007664403
2020-21,old,PHX,DET,0.005135506385343212
2020-21,old,PHX,GSW,0.03108520595359534
2020-21,old,PHX,HOU,0.12667809445950892
2020-21,old,PHX,IND,0.03542966320033303
2020-21,old,PHX,LAC,0.07807112120684026
2020-21,old,PHX,LAL,0.05013652743992304
2020-21,old,PHX,MEM,0.03389051186562395
2020-21,old,PHX,MIA,0.0
2020-21,old,PHX,MIL,1.4208138023165922e-06
2020-21,old,PHX,MIN,0.0084219017511156
2020-21,old,PHX,NOP,0.024039253979829096
2020-21,old,PHX,NYK,0.07715359103824841
2020-21,old,PHX,OKC,0.07682192872998961
2020-21,old,PHX,ORL,0.023386149483174006
2020-21,old,PHX,PHI,0.1057790952977917
2020-21,old,PHX,POR,0.01196093767277238
2020-21,old,PHX,SAC,0.01593156130828937
2020-21,old,PHX,SAS,0.016448563547602355
2020-21,old,PHX,TOR,0.01927987727537737
2020-21,old,PHX,UTA,0.06110021575578841
2020-21,old,PHX,WAS,0.024294362040830592
2020-21,old,POR,ATL,0.05785904498226506
2020-21,old,POR,BKN,0.016272090636113467
2020-21,old,POR,BOS,0.026461766506059338
2020-21,old,POR,CHA,0.023114405298862068
2020-21,old,POR,CHI,0.013177891273681271
2020-21,old,POR,CLE,0.005790101327957655
2020-21,old,POR,DAL,0.0
2020-21,old,POR,DEN,0.02184901559023824
2020-21,old,POR,DET,0.002477909479699707
2020-21,old,POR,GSW,0.027306551041273587
2020-21,old,POR,HOU,0.2588945746300782
2020-21,old,POR,IND,0.023171474074349996
2020-21,old,POR,LAC,0.015542834079041591
2020-21,old,POR,LAL,0.12476180116209012
2020-21,old,POR,MEM,0.029373676095303582
2020-21,old,POR,MIA,0.0
2020-21,old,POR,MIL,1.407566295497251e-06
2020-21,old,POR,MIN,0.009351456842292874
2020-21,old,POR,NOP,0.01845528355804506
2020-21,old,POR,NYK,0.1545083384167144
2020-21,old,POR,OKC,0.03738389001615298
2020-21,old,POR,ORL,0.008491445255764174
2020-21,old,POR,PHI,0.023404094888668125
2020-21,old,POR,PHX,0.01669813068392363
2020-21,old,POR,SAC,0.010861314328989022
2020-21,old,POR,SAS,0.015993128642960576
2020-21,old,POR,TOR,0.004475449998934411
2020-21,old,POR,UTA,0.0056293103794149806
2020-21,old,POR,WAS,0.013567995725387522
2020-21,old,SAC,ATL,0.012800715150559572
2020-21,old,SAC,BKN,0.008127963469616651
2020-21,old,SAC,BOS,0.019959179112067665
2020-21,old,SAC,CHA,0.022956491543659523
2020-21,old,SAC,CHI,0.09994246845474773
2020-21,old,SAC,CLE,0.027599552939171833
2020-21,old,SAC,DAL,0.0
2020-21,old,SAC,DEN,0.010479494729879003
2020-21,old,SAC,DET,0.011874461147295921
2020-21,old,SAC,GSW,0.0659156102302472
2020-21,old,SAC,HOU,0.03955603446844992
2020-21,old,SAC,IND,0.02760560631918685
2020-21,old,SAC,LAC,0.012231681120887012
2020-21,old,SAC,LAL,0.013173849257955297
2020-21,old,SAC,MEM,0.03131659903787869
2020-21,old,SAC,MIA,0.0
2020-21,old,SAC,MIL,2.6927811643319945e-10
2020-21,old,SAC,MIN,0.030047112508757093
2020-21,old,SAC,NOP,0.1033920690126309
2020-21,old,SAC,NYK,0.08534289223336664
2020-21,old,SAC,OKC,0.03538227369260155
2020-21,old,SAC,ORL,0.052925935757865264
2020-21,old,SAC,PHI,0.009436422554246185
2020-21,old,SAC,PHX,0.006057703027699979
2020-21,old,SAC,POR,0.01833755403321542
2020-21,old,SAC,SAS,0.05532003416921117
2020-21,old,SAC,TOR,0.044635591902085346
2020-21,old,SAC,UTA,0.0028965517626433025
2020-21,old,SAC,WAS,0.03585216632243163
2020-21,old,SAS,ATL,0.030420618861747635
2020-21,old,SAS,BKN,0.024432920428647274
2020-21,old,SAS,BOS,0.021713286961578027
2020-21,old,SAS,CHA,0.05699270493560769
2020-21,old,SAS,CHI,0.036400023913793135
2020-21,old,SAS,CLE,0.011728962612520355
2020-21,old,SAS,DAL,0.0
2020-21,old,SAS,DEN,0.03309670774441309
2020-21,old,SAS,DET,0.003039062555481936
2020-21,old,SAS,GSW,0.07530699531614034
2020-21,old,SAS,HOU,0.1269525886115159
2020-21,old,SAS,IND,0.07446877449589859
2020-21,old,SAS,LAC,0.028051185252883568
2020-21,old,SAS,LAL,0.03525415215547728
2020-21,old,SAS,MEM,0.04770384573404937
2020-21,old,SAS,MIA,0.0
2020-21,old,SAS,MIL,4.3825778670065535e-09
2020-21,old,SAS,MIN,0.0014462979584248612
2020-21,old,SAS,NOP,0.09522787875681946
2020-21,old,SAS,NYK,0.07005492535342889
2020-21,old,SAS,OKC,0.035360452711786915
2020-21,old,SAS,ORL,0.02105890598141141
2020-21,old,SAS,PHI,0.02685668121075964
2020-21,old,SAS,PHX,0.02498070985710462
2020-21,old,SAS,POR,0.06893184305220877
2020-21,old,SAS,SAC,0.059386244828020796
2020-21,old,SAS,TOR,0.03107657896755865
2020-21,old,SAS,UTA,0.007164870729461184
2020-21,old,SAS,WAS,0.06405657362595688
2020-21,old,TOR,ATL,0.02066941283643499
2020-21,old,TOR,BKN,0.03117376090786099
2020-21,old,TOR,BOS,0.026974844716481948
2020-21,old,TOR,CHA,0.02759376595716115
2020-21,old,TOR,CHI,0.1438995423868752
2020-21,old,TOR,CLE,0.02458644681313856
2020-21,old,TOR,DAL,0.0
2020-21,old,TOR,DEN,0.02536636106514157
2020-21,old,TOR,DET,0.004923491412031078
2020-21,old,TOR,GSW,0.03484222818664004
2020-21,old,TOR,HOU,0.06471012761480358
2020-21,old,TOR,IND,0.03803088045104014
2020-21,old,TOR,LAC,0.01776643327220568
2020-21,old,TOR,LAL,0.02305638538656124
2020-21,old,TOR,MEM,0.02156206896311946
2020-21,old,TOR,MIA,0.0
2020-21,old,TOR,MIL,2.7365646248672852e-09
2020-21,old,TOR,MIN,0.001762838021762391
2020-21,old,TOR,NOP,0.06516305895151267
2020-21,old,TOR,NYK,0.05414897631245075
2020-21,old,TOR,OKC,0.041600754356316834
2020-21,old,TOR,ORL,0.06457297435887396
2020-21,old,TOR,PHI,0.019842672520557998
2020-21,old,TOR,PHX,0.01347688462760797
2020-21,old,TOR,POR,0.012316541018321756
2020-21,old,TOR,SAC,0.07239396675500784
2020-21,old,TOR,SAS,0.02798299937029657
2020-21,old,TOR,UTA,0.0017122845124485425
2020-21,old,TOR,WAS,0.05842935510784601
2020-21,old,UTA,ATL,0.023685278982280896
2020-21,old,UTA,BKN,0.02185856703919728
2020-21,old,UTA,BOS,0.021845088181736787
2020-21,old,UTA,CHA,0.02082565970678864
2020-21,old,UTA,CHI,0.040714479357247146
2020-21,old,UTA,CLE,0.021492107897892555
2020-21,old,UTA,DAL,0.0
2020-21,old,UTA,DEN,0.019447165720062852
2020-21,old,UTA,DET,0.006078663657134363
2020-21,old,UTA,GSW,0.044033595693883695
2020-21,old,UTA,HOU,0.0611406254059092
2020-21,old,UTA,IND,0.02433768905519804
2020-21,old,UTA,LAC,0.023882812711566778
2020-21,old,UTA,LAL,0.03603831719144318
2020-21,old,UTA,MEM,0.02429947753073523
2020-21,old,UTA,MIA,0.0
2020-21,old,UTA,MIL,8.110888396166846e-10
2020-21,old,UTA,MIN,0.010953399615119831
2020-21,old,UTA,NOP,0.04312008488514585
2020-21,old,UTA,NYK,0.07618243763131315
2020-21,old,UTA,OKC,0.031712284805795084
2020-21,old,UTA,ORL,0.03366876215547787
2020-21,old,UTA,PHI,0.04282004339363554
2020-21,old,UTA,PHX,0.07802300042315521
2020-21,old,UTA,POR,0.01896336224951765
2020-21,old,UTA,SAC,0.03557217703774772
2020-21,old,UTA,SAS,0.026254209985986623
2020-21,old,UTA,TOR,0.02957345033134756
2020-21,old,UTA,WAS,0.02986788730842448
2020-21,old,WAS,ATL,0.0186052237749544
2020-21,old,WAS,BKN,0.012169180903102046
2020-21,old,WAS,BOS,0.021053683946903844
2020-21,old,WAS,CHA,0.08220552731341428
2020-21,old,WAS,CHI,0.06823503146300232
2020-21,old,WAS,CLE,0.02490863097460994
2020-21,old,WAS,DAL,0.0
2020-21,old,WAS,DEN,0.011290425549078324
2020-21,old,WAS,DET,0.005357758645931708
2020-21,old,WAS,GSW,0.029798041733506565
2020-21,old,WAS,HOU,0.06893265027494068
2020-21,old,WAS,IND,0.07329900569120845
2020-21,old,WAS,LAC,0.009138200466083525
2020-21,old,WAS,LAL,0.029711517605696104
2020-21,old,WAS,MEM,0.01620378819007543
2020-21,old,WAS,MIA,0.0
2020-21,old,WAS,MIL,2.6927811643319945e-10
2020-21,old,WAS,MIN,0.01775697720152938
2020-21,old,WAS,NOP,0.04887040524618752
2020-21,old,WAS,NYK,0.09331088858980378
2020-21,old,WAS,OKC,0.030264816638925274
2020-21,old,WAS,ORL,0.02040337671140838
2020-21,old,WAS,PHI,0.0056077586851436
2020-21,old,WAS,PHX,0.002125294925804559
2020-21,old,WAS,POR,0.02742510784407355
2020-21,old,WAS,SAC,0.038576407159118295
2020-21,old,WAS,SAS,0.05562707891535351
2020-21,old,WAS,TOR,0.05045420372113704
2020-21,old,WAS,UTA,0.0013717672482518285
2021-22,new,ATL,BKN,0.019365452199237274
2021-22,new,ATL,BOS,0.003733711449040365
2021-22,new,ATL,CHA,0.1191876088864266
2021-22,new,ATL,CHI,0.02058193443506753
2021-22,new,ATL,CLE,0.14705595802339544
2021-22,new,ATL,DAL,0.01961952354812986
2021-22,new,ATL,DEN,0.014154834969478017
2021-22,new,ATL,DET,0.0011938873327041145
2021-22,new,ATL,GSW,0.007213826719907701
2021-22,new,ATL,HOU,0.18884617529576647
2021-22,new,ATL,IND,0.11338758902824526
2021-22,new,ATL,LAC,0.0
2021-22,new,ATL,LAL,0.0
2021-22,new,ATL,MEM,0.027727438235541007
2021-22,new,ATL,MIA,0.018483836468598195
2021-22,new,ATL,MIL,0.02198960598453315
2021-22,new,ATL,MIN,0.005691133771375752
2021-22,new,ATL,NOP,0.021257597964604767
2021-22,new,ATL,NYK,0.009151945376142806
2021-22,new,ATL,OKC,0.013896429023977069
2021-22,new,ATL,ORL,0.003555492777823959
2021-22,new,ATL,PHI,0.0
2021-22,new,ATL,PHX,0.0
2021-22,new,ATL,POR,0.0024808402303913703
2021-22,new,ATL,SAC,0.0016802507693804447
2021-22,new,ATL,SAS,0.07853062450420754
2021-22,new,ATL,TOR,0.09758148158211459
2021-22,new,ATL,UTA,8.98647083884161e-05
2021-22,new,ATL,WAS,0.02168462901124325
2021-22,new,BKN,ATL,0.2519553371283799
2021-22,new,BKN,BOS,0.00498334188950373
2021-22,new,BKN,CHA,0.11790855712074352
2021-22,new,BKN,CHI,0.022610071012995003
2021-22,new,BKN,CLE,0.10474644149782482
2021-22,new,BKN,DAL,0.020644504833376275
2021-22,new,BKN,DEN,0.02178984300950038
2021-22,new,BKN,DET,0.0012685290532028206
2021-22,new,BKN,GSW,0.017941537850313043
2021-22,new,BKN,HOU,0.6132483825024523
2021-22,new,BKN,IND,0.06525022106335952
2021-22,new,BKN,LAC,0.0
2021-22,new,BKN,LAL,0.0
2021-22,new,BKN,MEM,0.07065730325495538
2021-22,new,BKN,MIA,0.015336476450420692
2021-22,new,BKN,MIL,0.025127140763864655
2021-22,new,BKN,MIN,0.00959808157884113
2021-22,new,BKN,NOP,0.021291879858314634
2021-22,new,BKN,NYK,0.003484364662145246
2021-22,new,BKN,OKC,0.006328669500319507
2021-22,new,BKN,ORL,0.001091913156957739
2021-22,new,BKN,PHI,0.0
2021-22,new,BKN,PHX,0.0
2021-22,new,BKN,POR,0.0026221285178700967
2021-22,new,BKN,SAC,0.0012848110113707996
2021-22,new,BKN,SAS,0.09337691533378951
2021-22,new,BKN,TOR,0.08627726962754295
2021-22,new,BKN,UTA,0.00011732603668560279
2021-22,new,BKN,WAS,0.01602548659752651
2021-22,new,BOS,ATL,0.0222320882293318
2021-22,new,BOS,BKN,0.0818104076784365
2021-22,new,BOS,CHA,0.007507460868371589
2021-22,new,BOS,CHI,0.035552770232526655
2021-22,new,BOS,CLE,0.014883034132638777
2021-22,new,BOS,DAL,0.04162614874774721
2021-22,new,BOS,DEN,0.04430219882615842
2021-22,new,BOS,DET,0.001806788747771861
2021-22,new,BOS,GSW,0.02148052895526735
2021-22,new,BOS,HOU,0.048438308124635204
2021-22,new,BOS,IND,0.024731620476577343
2021-22,new,BOS,LAC,0.0
2021-22,new,BOS,LAL,0.0
2021-22,new,BOS,MEM,0.08732284711339279
2021-22,new,BOS,MIA,0.01931761870269086
2021-22,new,BOS,MIL,0.050163769580841025
2021-22,new,BOS,MIN,0.04039190165455706
2021-22,new,BOS,NOP,0.0019268358621044805
2021-22,new,BOS,NYK,0.0004770467314852699
2021-22,new,BOS,OKC,0.0028924419002831466
2021-22,new,BOS,ORL,0.00247665374774339
2021-22,new,BOS,PHI,0.0
2021-22,new,BOS,PHX,0.0
2021-22,new,BOS,POR,0.0006766839989396429
2021-22,new,BOS,SAC,0.00024149380486706374
2021-22,new,BOS,SAS,0.6001702381283679
2021-22,new,BOS,TOR,0.03237706901374221
2021-22,new,BOS,UTA,0.0006256515964416223
2021-22,new,BOS,WAS,0.003740539125950464
2021-22,new,CHA,ATL,0.05639521477901162
2021-22,new,CHA,BKN,0.018591140970391717
2021-22,new,CHA,BOS,0.003611864570578469
2021-22,new,CHA,CHI,0.017840573884644224
2021-22,new,CHA,CLE,0.03183345175052787
2021-22,new,CHA,DAL,0.017459120911568544
2021-22,new,CHA,DEN,0.024691620494717775
2021-22,new,CHA,DET,0.0012369837179497392
2021-22,new,CHA,GSW,0.007492505241541748
2021-22,new,CHA,HOU,0.17113496885374027
2021-22,new,CHA,IND,0.03742679812540824
2021-22,new,CHA,LAC,0.0
2021-22,new,CHA,LAL,0.0
2021-22,new,CHA,MEM,0.062305675178642814
2021-22,new,CHA,MIA,0.005750000077331889
2021-22,new,CHA,MIL,0.026716342822412392
2021-22,new,CHA,MIN,0.009545566073019903
2021-22,new,CHA,NOP,0.011394677780712462
2021-22,new,CHA,NYK,0.0073748671310005865
2021-22,new,CHA,OKC,0.01201330230065923
2021-22,new,CHA,ORL,0.002290457730362455
2021-22,new,CHA,PHI,0.0
2021-22,new,CHA,PHX,0.0
2021-22,new,CHA,POR,0.01361101890066305
2021-22,new,CHA,SAC,0.0009495593015876343
2021-22,new,CHA,SAS,0.04658697757267284
2021-22,new,CHA,TOR,0.03343706221771569
2021-22,new,CHA,UTA,0.00030592224449108236
2021-22,new,CHA,WAS,0.027048767028792744
2021-22,new,CHI,ATL,0.0060228150821966565
2021-22,new,CHI,BKN,0.07701051727222628
2021-22,new,CHI,BOS,0.003295094087665042
2021-22,new,CHI,CHA,0.02872780299510854
2021-22,new,CHI,CLE,0.05619412011924888
2021-22,new,CHI,DAL,0.04161709014453568
2021-22,new,CHI,DEN,0.03924650918702243
2021-22,new,CHI,DET,0.0006179139499233024
2021-22,new,CHI,GSW,0.01875899791315035
2021-22,new,CHI,HOU,0.0358857761579365
2021-22,new,CHI,IND,0.041798938164946085
2021-22,new,CHI,LAC,0.0
2021-22,new,CHI,LAL,0.0
2021-22,new,CHI,MEM,0.09060926184616973
2021-22,new,CHI,MIA,0.016846713546386536
2021-22,new,CHI,MIL,0.036515986254669563
2021-22,new,CHI,MIN,0.03311203298596195
2021-22,new,CHI,NOP,0.012763644899128916
2021-22,new,CHI,NYK,0.0016082995798392804
2021-22,new,CHI,OKC,0.0069697617222369964
2021-22,new,CHI,ORL,0.0007696332194499735
2021-22,new,CHI,PHI,0.0
2021-22,new,CHI,PHX,0.0
2021-22,new,CHI,POR,0.010951602249393094
2021-22,new,CHI,SAC,0.001590854674445247
2021-22,new,CHI,SAS,0.09458800799087605
2021-22,new,CHI,TOR,0.059818218974526764
2021-22,new,CHI,UTA,1.4847783599540485e-05
2021-22,new,CHI,WAS,0.006491772157587927
2021-22,new,CLE,ATL,0.04241198993235912
2021-22,new,CLE,BKN,0.0926329069674862
2021-22,new,CLE,BOS,0.006148101670129273
2021-22,new,CLE,CHA,0.01999459884256709
2021-22,new,CLE,CHI,0.06831632426103275
2021-22,new,CLE,DAL,0.030423718132387426
2021-22,new,CLE,DEN,0.0296589809766509
2021-22,new,CLE,DET,0.002568148063619603
2021-22,new,CLE,GSW,0.011734086377556581
2021-22,new,CLE,HOU,0.04543399802934989
2021-22,new,CLE,IND,0.1579965653105867
2021-22,new,CLE,LAC,0.0
2021-22,new,CLE,LAL,0.0
2021-22,new,CLE,MEM,0.051165930819078664
2021-22,new,CLE,MIA,0.010358297597167308
2021-22,new,CLE,MIL,0.04072168457585728
2021-22,new,CLE,MIN,0.032890735018593416
2021-22,new,CLE,NOP,0.038632189178440364
2021-22,new,CLE,NYK,0.006500019661844992
2021-22,new,CLE,OKC,0.010255991218572064
2021-22,new,CLE,ORL,0.003340706002230668
2021-22,new,CLE,PHI,0.0
2021-22,new,CLE,PHX,0.0
2021-22,new,CLE,POR,0.012104275301425972
2021-22,new,CLE,SAC,0.004679072186521785
2021-22,new,CLE,SAS,0.056484693293377665
2021-22,new,CLE,TOR,0.11149092712057329
2021-22,new,CLE,UTA,0.0005944971232796233
2021-22,new,CLE,WAS,0.012476437987713224
2021-22,new,DAL,ATL,0.03438633631098483
2021-22,new,DAL,BKN,0.1050342726955572
2021-22,new,DAL,BOS,0.000292285066753007
2021-22,new,DAL,CHA,0.015117459740612795
2021-22,new,DAL,CHI,0.029924339840818385
2021-22,new,DAL,CLE,0.010308516864090575
2021-22,new,DAL,DEN,0.0824722978481441
2021-22,new,DAL,DET,0.00047576503478672
2021-22,new,DAL,GSW,0.05177226528468901
2021-22,new,DAL,HOU,0.04673868514093619
2021-22,new,DAL,IND,0.02605590703318897
2021-22,new,DAL,LAC,0.0
2021-22,new,DAL,LAL,0.0
2021-22,new,DAL,MEM,0.14185672445953576
2021-22,new,DAL,MIA,0.0414789875035961
2021-22,new,DAL,MIL,0.07136074270518449
2021-22,new,DAL,MIN,0.03365752004422319
2021-22,new,DAL,NOP,0.02923076753626336
2021-22,new,DAL,NYK,0.0009273784029283124
2021-22,new,DAL,OKC,0.00844433751712727
2021-22,new,DAL,ORL,0.0008921716139644923
2021-22,new,DAL,PHI,0.0
2021-22,new,DAL,PHX,0.0
2021-22,new,DAL,POR,0.003775375682643502
2021-22,new,DAL,SAC,0.0004922753944893543
2021-22,new,DAL,SAS,0.10818213874806323
2021-22,new,DAL,TOR,0.010793761444255643
2021-22,new,DAL,UTA,0.0017875465083155317
2021-22,new,DAL,WAS,0.0005140460963092004
2021-22,new,DEN,ATL,0.011934952957951403
2021-22,new,DEN,BKN,0.0830237696305354
2021-22,new,DEN,BOS,0.0006768536558786508
2021-22,new,DEN,CHA,0.009125499285014316
2021-22,new,DEN,CHI,0.050811934289019214
2021-22,new,DEN,CLE,0.012279997204366407
2021-22,new,DEN,DAL,0.05902421854622815
2021-22,new,DEN,DET,0.0008448166574584385
2021-22,new,DEN,GSW,0.013065657711950443
2021-22,new,DEN,HOU,0.012047144506399618
2021-22,new,DEN,IND,0.04097930001792529
2021-22,new,DEN,LAC,0.0
2021-22,new,DEN,LAL,0.0
2021-22,new,DEN,MEM,0.0580781161334325
2021-22,new,DEN,MIA,0.01957866399444575
2021-22,new,DEN,MIL,0.047840109693574884
2021-22,new,DEN,MIN,0.1624232441204154
2021-22,new,DEN,NOP,0.006393192759830296
2021-22,new,DEN,NYK,0.000682388836372305
2021-22,new,DEN,OKC,0.011234589190910025
2021-22,new,DEN,ORL,0.0013099976736616417
2021-22,new,DEN,PHI,0.0
2021-22,new,DEN,PHX,0.0
2021-22,new,DEN,POR,0.004582555755773537
2021-22,new,DEN,SAC,0.0006447182080397879
2021-22,new,DEN,SAS,0.14711497693507491
2021-22,new,DEN,TOR,0.01510976542112369
2021-22,new,DEN,UTA,0.005662287183143332
2021-22,new,DEN,WAS,0.0006500987146876294
2021-22,new,DET,ATL,0.08042604733606323
2021-22,new,DET,BKN,0.03160102367652881
2021-22,new,DET,BOS,0.0025148312142127824
2021-22,new,DET,CHA,0.044878087111415166
2021-22,new,DET,CHI,0.03659926060276379
2021-22,new,DET,CLE,0.04376880702342916
2021-22,new,DET,DAL,0.02183013251455282
2021-22,new,DET,DEN,0.022771559697418002
2021-22,new,DET,GSW,0.016096752771856647
2021-22,new,DET,HOU,0.0871422419596287
2021-22,new,DET,IND,0.05665840713699395
2021-22,new,DET,LAC,0.0
2021-22,new,DET,LAL,0.0
2021-22,new,DET,MEM,0.027127157967206692
2021-22,new,DET,MIA,0.005181034587319651
2021-22,new,DET,MIL,0.04136962410406207
2021-22,new,DET,MIN,0.013304814883265974
2021-22,new,DET,NOP,0.015503714316240827
2021-22,new,DET,NYK,0.0033072818355599828
2021-22,new,DET,OKC,0.018529212287083922
2021-22,new,DET,ORL,0.00919851914223633
2021-22,new,DET,PHI,0.0
2021-22,new,DET,PHX,0.0
2021-22,new,DET,POR,0.003035635209578369
2021-22,new,DET,SAC,0.0017790207080753734
2021-22,new,DET,SAS,0.13972761854706847
2021-22,new,DET,TOR,0.0554277320473906
2021-22,new,DET,UTA,5.4460546346000176e-05
2021-22,new,DET,WAS,0.0032482526455162764
2021-22,new,GSW,ATL,0.005100969219917641
2021-22,new,GSW,BKN,0.056317265841062183
2021-22,new,GSW,BOS,3.4797090634599265e-06
2021-22,new,GSW,CHA,0.018960499030183466
2021-22,new,GSW,CHI,0.03884906514234047
2021-22,new,GSW,CLE,0.007353032081338181
2021-22,new,GSW,DAL,0.06415737004520641
2021-22,new,GSW,DEN,0.021087519702126304
2021-22,new,GSW,DET,0.0012057352936645904
2021-22,new,GSW,HOU,0.011185883866735444
2021-22,new,GSW,IND,0.017453679699648457
2021-22,new,GSW,LAC,0.0
2021-22,new,GSW,LAL,0.0
2021-22,new,GSW,MEM,0.07619796444889657
2021-22,new,GSW,MIA,0.05883512956186616
2021-22,new,GSW,MIL,0.05468243445555533
2021-22,new,GSW,MIN,0.03936249481107888
2021-22,new,GSW,NOP,0.05567787745288005
2021-22,new,GSW,NYK,0.0005917109190675861
2021-22,new,GSW,OKC,0.03298442736458314
2021-22,new,GSW,ORL,7.058297827479827e-05
2021-22,new,GSW,PHI,0.0
2021-22,new,GSW,PHX,0.0
2021-22,new,GSW,POR,0.02065575450582599
2021-22,new,GSW,SAC,0.000878119029605651
2021-22,new,GSW,SAS,0.08294014304966099
2021-22,new,GSW,TOR,0.005511900782108532
2021-22,new,GSW,UTA,0.0007401755639275978
2021-22,new,GSW,WAS,0.0002322738684614969
2021-22,new,HOU,ATL,0.015920487816392992
2021-22,new,HOU,BKN,0.026415008464039557
2021-22,new,HOU,BOS,1.2931884993581034e-06
2021-22,new,HOU,CHA,0.010133946355699967
2021-22,new,HOU,CHI,0.02785665246670374
2021-22,new,HOU,CLE,7.413475705253985e-06
2021-22,new,HOU,DAL,0.014019484172039378
2021-22,new,HOU,DEN,0.02095993750014999
2021-22,new,HOU,DET,0.0016998044540754366
2021-22,new,HOU,GSW,0.019896657566358292
2021-22,new,HOU,IND,0.013568739012085204
2021-22,new,HOU,LAC,0.0
2021-22,new,HOU,LAL,0.0
2021-22,new,HOU,MEM,0.09435818369865563
2021-22,new,HOU,MIA,0.015118534597809073
2021-22,new,HOU,MIL,0.023125396501651223
2021-22,new,HOU,MIN,0.024397369519065515
2021-22,new,HOU,NOP,0.020113778292261627
2021-22,new,HOU,NYK,6.0874468871793835e-05
2021-22,new,HOU,OKC,0.02572905780324519
2021-22,new,HOU,ORL,0.00254113472867368
2021-22,new,HOU,PHI,0.0
2021-22,new,HOU,PHX,0.0
2021-22,new,HOU,POR,0.013466561864396343
2021-22,new,HOU,SAC,0.0005846192885694374
2021-22,new,HOU,SAS,0.031968772991201405
2021-22,new,HOU,TOR,1.6543968364228692e-05
2021-22,new,HOU,UTA,0.0003230972324306568
2021-22,new,HOU,WAS,5.667226307446368e-05
2021-22,new,IND,ATL,0.014365344919104924
2021-22,new,IND,BKN,0.048662610434307835
2021-22,new,IND,BOS,0.0011992300012208205
2021-22,new,IND,CHA,0.01600085089409625
2021-22,new,IND,CHI,0.021325894368793126
2021-22,new,IND,CLE,0.008018887837949913
2021-22,new,IND,DAL,0.014245002077055226
2021-22,new,IND,DEN,0.017155953565681156
2021-22,new,IND,DET,0.0013257095917645616
2021-22,new,IND,GSW,0.019043410039577355
2021-22,new,IND,HOU,0.023134698444005935
2021-22,new,IND,LAC,0.0
2021-22,new,IND,LAL,0.0
2021-22,new,IND,MEM,0.025450905244634094
2021-22,new,IND,MIA,0.012038523741849248
2021-22,new,IND,MIL,0.012586381143104848
2021-22,new,IND,MIN,0.004788827349829678
2021-22,new,IND,NOP,0.028545266803628806
2021-22,new,IND,NYK,0.0019156358721776532
2021-22,new,IND,OKC,0.0021617438789700207
2021-22,new,IND,ORL,0.0015074248296950983
2021-22,new,IND,PHI,0.0
2021-22,new,IND,PHX,0.0
2021-22,new,IND,POR,0.005345520266527378
2021-22,new,IND,SAC,0.0006271731187945332
2021-22,new,IND,SAS,0.07563684525769215
2021-22,new,IND,TOR,0.020562604742134057
2021-22,new,IND,UTA,2.9682083995676915e-06
2021-22,new,IND,WAS,0.0008945086669569424
2021-22,new,LAC,ATL,0.013571016082671966
2021-22,new,LAC,BKN,0.06257705893450895
2021-22,new,LAC,BOS,0.001247400394043174
2021-22,new,LAC,CHA,0.04504428800093868
2021-22,new,LAC,CHI,0.0345429048038956
2021-22,new,LAC,CLE,0.016091516483257996
2021-22,new,LAC,DAL,0.03503804100785316
2021-22,new,LAC,DEN,0.035008148804987815
2021-22,new,LAC,DET,0.00045797602910199015
2021-22,new,LAC,GSW,0.01812415233699069
2021-22,new,LAC,HOU,0.02405603469092528
2021-22,new,LAC,IND,0.011758357765381759
2021-22,new,LAC,LAL,0.0
2021-22,new,LAC,MEM,0.15829259180596164
2021-22,new,LAC,MIA,0.023498922659903124
2021-22,new,LAC,MIL,0.026522782586138216
2021-22,new,LAC,MIN,0.06011808971965629
2021-22,new,LAC,NOP,0.12166972256550164
2021-22,new,LAC,NYK,0.0020461855074430865
2021-22,new,LAC,OKC,0.13845137693147275
2021-22,new,LAC,ORL,0.001294515958631288
2021-22,new,LAC,PHI,0.0
2021-22,new,LAC,PHX,0.0
2021-22,new,LAC,POR,0.06188407286453224
2021-22,new,LAC,SAC,0.0011457735306351557
2021-22,new,LAC,SAS,0.05356038926564343
2021-22,new,LAC,TOR,0.0302383939489911
2021-22,new,LAC,UTA,0.0014329091834696752
2021-22,new,LAC,WAS,0.0020787388050709362
2021-22,new,LAL,ATL,0.006353493786893517
2021-22,new,LAL,BKN,0.07286548394442874
2021-22,new,LAL,BOS,0.0007420017487787974
2021-22,new,LAL,CHA,0.04202105109342043
2021-22,new,LAL,CHI,0.06756127109160137
2021-22,new,LAL,CLE,0.03116865795534491
2021-22,new,LAL,DAL,0.030907880887304277
2021-22,new,LAL,DEN,0.033478136164711195
2021-22,new,LAL,DET,0.0004637864676552465
2021-22,new,LAL,GSW,0.014080041105089383
2021-22,new,LAL,HOU,0.011700700454690882
2021-22,new,LAL,IND,0.025565470509690675
2021-22,new,LAL,LAC,0.0
2021-22,new,LAL,MEM,0.21652026196434948
2021-22,new,LAL,MIA,0.021596174904663146
2021-22,new,LAL,MIL,0.03411415409734061
2021-22,new,LAL,MIN,0.02020979813191148
2021-22,new,LAL,NOP,0.29173511175530376
2021-22,new,LAL,NYK,0.0015059861727793344
2021-22,new,LAL,OKC,0.052059970778899754
2021-22,new,LAL,ORL,0.0005098843731156498
2021-22,new,LAL,PHI,0.0
2021-22,new,LAL,PHX,0.0
2021-22,new,LAL,POR,0.0891010186335599
2021-22,new,LAL,SAC,0.0027258519358465305
2021-22,new,LAL,SAS,0.05777098427202535
2021-22,new,LAL,TOR,0.011686093861257405
2021-22,new,LAL,UTA,0.0026720761940695332
2021-22,new,LAL,WAS,0.0008020890128641316
2021-22,new,MEM,ATL,0.022327834821270563
2021-22,new,MEM,BKN,0.017704561954607276
2021-22,new,MEM,BOS,6.282386614996399e-05
2021-22,new,MEM,CHA,0.042313267439580374
2021-22,new,MEM,CHI,0.02365095679057782
2021-22,new,MEM,CLE,0.025586599380757757
2021-22,new,MEM,DAL,0.01832283889273451
2021-22,new,MEM,DEN,0.014061441628384162
2021-22,new,MEM,DET,0.0014881361665800312
2021-22,new,MEM,GSW,0.059461786668393544
2021-22,new,MEM,HOU,0.0601263470434913
2021-22,new,MEM,IND,0.016201997311674515
2021-22,new,MEM,LAC,0.0
2021-22,new,MEM,LAL,0.0
2021-22,new,MEM,MIA,0.05403556031841335
2021-22,new,MEM,MIL,0.01879279665291837
2021-22,new,MEM,MIN,0.016030641165684537
2021-22,new,MEM,NOP,0.014915505872136045
2021-22,new,MEM,NYK,0.0008360876261467923
2021-22,new,MEM,OKC,0.01519178254729804
2021-22,new,MEM,ORL,0.0022036312554361663
2021-22,new,MEM,PHI,0.0
2021-22,new,MEM,PHX,0.0
2021-22,new,MEM,POR,0.00681259882511304
2021-22,new,MEM,SAC,0.001418911318147233
2021-22,new,MEM,SAS,0.06193279624727074
2021-22,new,MEM,TOR,0.018356661229559753
2021-22,new,MEM,UTA,0.0005143205067107877
2021-22,new,MEM,WAS,0.0016396800786360852
2021-22,new,MIA,ATL,0.033851317235424595
2021-22,new,MIA,BKN,0.10087320565177738
2021-22,new,MIA,BOS,0.002128007656779432
2021-22,new,MIA,CHA,0.01038968855651224
2021-22,new,MIA,CHI,0.027999167040321227
2021-22,new,MIA,CLE,0.00917636125169159
2021-22,new,MIA,DAL,0.035645302912721444
2021-22,new,MIA,DEN,0.031359468746461845
2021-22,new,MIA,DET,0.001997211130628196
2021-22,new,MIA,GSW,0.05265341213983453
2021-22,new,MIA,HOU,0.045593750196376605
2021-22,new,MIA,IND,0.03512643761845341
2021-22,new,MIA,LAC,0.0
2021-22,new,MIA,LAL,0.0
2021-22,new,MIA,MEM,0.0718104928818816
2021-22,new,MIA,MIL,0.0290186110057383
2021-22,new,MIA,MIN,0.01350161414331532
2021-22,new,MIA,NOP,0.009798739633589588
2021-22,new,MIA,NYK,0.0009419625036229373
2021-22,new,MIA,OKC,0.006478309731993615
2021-22,new,MIA,ORL,0.002228695347318045
2021-22,new,MIA,PHI,0.0
2021-22,new,MIA,PHX,0.0
2021-22,new,MIA,POR,0.006344562021449275
2021-22,new,MIA,SAC,0.0004731399988842288
2021-22,new,MIA,SAS,0.038744825492497525
2021-22,new,MIA,TOR,0.021969444834400963
2021-22,new,MIA,UTA,0.000941277936201717
2021-22,new,MIA,WAS,0.007522196389395889
2021-22,new,MIL,ATL,0.01785802955303862
2021-22,new,MIL,BKN,0.13366005233985276
2021-22,new,MIL,BOS,0.0027343409769094587
2021-22,new,MIL,CHA,0.021213916031061885
2021-22,new,MIL,CHI,0.02730713704555129
2021-22,new,MIL,CLE,0.015721559729737468
2021-22,new,MIL,DAL,0.046953334603103254
2021-22,new,MIL,DEN,0.04865071225619883
2021-22,new,MIL,DET,0.0013928253076601626
2021-22,new,MIL,GSW,0.026023691585613993
2021-22,new,MIL,HOU,0.04112446139917854
2021-22,new,MIL,IND,0.019660481706635497
2021-22,new,MIL,LAC,0.0
2021-22,new,MIL,LAL,0.0
2021-22,new,MIL,MEM,0.09113644353710443
2021-22,new,MIL,MIA,0.028800107988866116
2021-22,new,MIL,MIN,0.013349673886250035
2021-22,new,MIL,NOP,0.01651544032933521
2021-22,new,MIL,NYK,0.0003522382525997807
2021-22,new,MIL,OKC,0.009717872263690067
2021-22,new,MIL,ORL,0.000695150677161614
2021-22,new,MIL,PHI,0.0
2021-22,new,MIL,PHX,0.0
2021-22,new,MIL,POR,0.010046433725370086
2021-22,new,MIL,SAC,0.001146906232643383
2021-22,new,MIL,SAS,0.10970268284281261
2021-22,new,MIL,TOR,0.03384328334904008
2021-22,new,MIL,UTA,0.0008757412213300156
2021-22,new,MIL,WAS,0.003019117347705182
2021-22,new,MIN,ATL,0.01796052261488059
2021-22,new,MIN,BKN,0.06730029871723298
2021-22,new,MIN,BOS,0.00209851972047699
2021-22,new,MIN,CHA,0.010160078747837874
2021-22,new,MIN,CHI,0.055311215545656045
2021-22,new,MIN,CLE,0.004456578652847902
2021-22,new,MIN,DAL,0.031782322947133394
2021-22,new,MIN,DEN,0.15505547004077458
2021-22,new,MIN,DET,0.0009722269139722412
2021-22,new,MIN,GSW,0.025479124023788612
2021-22,new,MIN,HOU,0.020197198628749028
2021-22,new,MIN,IND,0.03576069334416942
2021-22,new,MIN,LAC,0.0
2021-22,new,MIN,LAL,0.0
2021-22,new,MIN,MEM,0.06498254835220448
2021-22,new,MIN,MIA,0.015970366595288867
2021-22,new,MIN,MIL,0.029652357480631903
2021-22,new,MIN,NOP,0.06591567950562144
2021-22,new,MIN,NYK,0.0008083665071525604
2021-22,new,MIN,OKC,0.028400390538818328
2021-22,new,MIN,ORL,0.00031538291100748355
2021-22,new,MIN,PHI,0.0
2021-22,new,MIN,PHX,0.0
2021-22,new,MIN,POR,0.018779275953621985
2021-22,new,MIN,SAC,0.0011341858668559117
2021-22,new,MIN,SAS,0.0526922606790258
2021-22,new,MIN,TOR,0.007858518757198606
2021-22,new,MIN,UTA,0.012465233877733588
2021-22,new,MIN,WAS,0.003783095790289308
2021-22,new,NOP,ATL,0.008910024068612854
2021-22,new,NOP,BKN,0.016184013708284355
2021-22,new,NOP,BOS,0.0018895711357668162
2021-22,new,NOP,CHA,0.09962560773058027
2021-22,new,NOP,CHI,0.03861547840181281
2021-22,new,NOP,CLE,0.013489723808498012
2021-22,new,NOP,DAL,0.011450530972775362
2021-22,new,NOP,DEN,0.01637279461967122
2021-22,new,NOP,DET,0.000218123729545511
2021-22,new,NOP,GSW,0.011903785566231173
2021-22,new,NOP,HOU,0.04146497874701364
2021-22,new,NOP,IND,0.011881540345223375
2021-22,new,NOP,LAC,0.0
2021-22,new,NOP,LAL,0.0
2021-22,new,NOP,MEM,0.07698177682773902
2021-22,new,NOP,MIA,0.013895743657445439
2021-22,new,NOP,MIL,0.013323834920008486
2021-22,new,NOP,MIN,0.010623901364904542
2021-22,new,NOP,NYK,0.002678239174325728
2021-22,new,NOP,OKC,0.03433696771407666
2021-22,new,NOP,ORL,0.0003464711574931719
2021-22,new,NOP,PHI,0.0
2021-22,new,NOP,PHX,0.0
2021-22,new,NOP,POR,0.041768941297557566
2021-22,new,NOP,SAC,0.002292965696495794
2021-22,new,NOP,SAS,0.04439270330877219
2021-22,new,NOP,TOR,0.018964342365966058
2021-22,new,NOP,UTA,8.470877883176064e-05
2021-22,new,NOP,WAS,0.004364768848739724
2021-22,new,NYK,ATL,0.07954301637430287
2021-22,new,NYK,BKN,0.047035206577416756
2021-22,new,NYK,BOS,0.0011301006550268635
2021-22,new,NYK,CHA,0.039077774314257484
2021-22,new,NYK,CHI,0.01818205114346131
2021-22,new,NYK,CLE,0.04811012576536164
2021-22,new,NYK,DAL,0.01926881256458495
2021-22,new,NYK,DEN,0.014544013467073989
2021-22,new,NYK,DET,0.00047854864677512215
2021-22,new,NYK,GSW,0.01827303321424677
2021-22,new,NYK,HOU,0.16328340452035955
2021-22,new,NYK,IND,0.03285207819796201
2021-22,new,NYK,LAC,0.0
2021-22,new,NYK,LAL,0.0
2021-22,new,NYK,MEM,0.061348891959804856
2021-22,new,NYK,MIA,0.009656788895894164
2021-22,new,NYK,MIL,0.01855127803170784
2021-22,new,NYK,MIN,0.00571845860034008
2021-22,new,NYK,NOP,0.017973008776482356
2021-22,new,NYK,OKC,0.0019900527740560675
2021-22,new,NYK,ORL,0.0010068373793024152
2021-22,new,NYK,PHI,0.0
2021-22,new,NYK,PHX,0.0
2021-22,new,NYK,POR,0.00047930729469774087
2021-22,new,NYK,SAC,0.0009119108809343781
2021-22,new,NYK,SAS,0.02874464628032299
2021-22,new,NYK,TOR,0.02388788894594036
2021-22,new,NYK,UTA,1.3210408074287287e-05
2021-22,new,NYK,WAS,0.006837535137633577
2021-22,new,OKC,ATL,0.08617435475688494
2021-22,new,OKC,BKN,0.018531919318367653
2021-22,new,OKC,BOS,2.2353046859638563e-05
2021-22,new,OKC,CHA,0.004395330844982913
2021-22,new,OKC,CHI,0.01759632131810856
2021-22,new,OKC,CLE,0.0013349929072853145
2021-22,new,OKC,DAL,0.022814811409096844
2021-22,new,OKC,DEN,0.03150767162844141
2021-22,new,OKC,DET,0.01308649051488765
2021-22,new,OKC,GSW,0.017391473674134652
2021-22,new,OKC,HOU,0.015065733090139408
2021-22,new,OKC,IND,0.01246883025885769
2021-22,new,OKC,LAC,0.0
2021-22,new,OKC,LAL,0.0
2021-22,new,OKC,MEM,0.05877106270537747
2021-22,new,OKC,MIA,0.007906519463627021
2021-22,new,OKC,MIL,0.016316015148892343
2021-22,new,OKC,MIN,0.012225971880914222
2021-22,new,OKC,NOP,0.016616953250890222
2021-22,new,OKC,NYK,0.0015510329538988954
2021-22,new,OKC,ORL,0.0119531847820848
2021-22,new,OKC,PHI,0.0
2021-22,new,OKC,PHX,0.0
2021-22,new,OKC,POR,0.008077000067762725
2021-22,new,OKC,SAC,0.0014028021416760904
2021-22,new,OKC,SAS,0.06948608728062557
2021-22,new,OKC,TOR,0.0020644104498222836
2021-22,new,OKC,UTA,0.0002528204575079842
2021-22,new,OKC,WAS,0.003996533201349304
2021-22,new,ORL,ATL,0.06560754104285428
2021-22,new,ORL,BKN,0.050605778797027955
2021-22,new,ORL,BOS,0.0011549461959200595
2021-22,new,ORL,CHA,0.013341030647088022
2021-22,new,ORL,CHI,0.02179834963523138
2021-22,new,ORL,CLE,0.02808461650861874
2021-22,new,ORL,DAL,0.02063971939868942
2021-22,new,ORL,DEN,0.021437666040362048
2021-22,new,ORL,DET,0.0054791755746052
2021-22,new,ORL,GSW,0.007149360992844349
2021-22,new,ORL,HOU,0.0637438043557581
2021-22,new,ORL,IND,0.018632820266452223
2021-22,new,ORL,LAC,0.0
2021-22,new,ORL,LAL,0.0
2021-22,new,ORL,MEM,0.023581369555223556
2021-22,new,ORL,MIA,0.013877155259733315
2021-22,new,ORL,MIL,0.018289496948338858
2021-22,new,ORL,MIN,0.015815880811452923
2021-22,new,ORL,NOP,0.0022400849261731298
2021-22,new,ORL,NYK,0.0016079938198547972
2021-22,new,ORL,OKC,0.0083904582632388
2021-22,new,ORL,PHI,0.0
2021-22,new,ORL,PHX,0.0
2021-22,new,ORL,POR,0.0005589358097542409
2021-22,new,ORL,SAC,0.0009491641345888966
2021-22,new,ORL,SAS,0.06076599890334977
2021-22,new,ORL,TOR,0.010637281107131672
2021-22,new,ORL,UTA,0.0006940262540266109
2021-22,new,ORL,WAS,0.004998520947632701
2021-22,new,PHI,ATL,0.033103383422747705
2021-22,new,PHI,BKN,0.6956880493362457
2021-22,new,PHI,BOS,0.002181479241816617
2021-22,new,PHI,CHA,0.01800577768795358
2021-22,new,PHI,CHI,0.04121419334606085
2021-22,new,PHI,CLE,0.018125129711423913
2021-22,new,PHI,DAL,0.06755071252688331
2021-22,new,PHI,DEN,0.04623241709906824
2021-22,new,PHI,DET,0.0011008184652709912
2021-22,new,PHI,GSW,0.049660127200800895
2021-22,new,PHI,HOU,0.04753151951389837
2021-22,new,PHI,IND,0.036923451211124884
2021-22,new,PHI,LAC,0.0
2021-22,new,PHI,LAL,0.0
2021-22,new,PHI,MEM,0.06817597676697798
2021-22,new,PHI,MIA,0.035905172903861464
2021-22,new,PHI,MIL,0.061923565492499645
2021-22,new,PHI,MIN,0.031515833227883094
2021-22,new,PHI,NOP,0.026182378375794152
2021-22,new,PHI,NYK,0.0016645403044068152
2021-22,new,PHI,OKC,0.013877338480524902
2021-22,new,PHI,ORL,0.0006535166543227149
2021-22,new,PHI,PHX,0.0
2021-22,new,PHI,POR,0.012973872935653824
2021-22,new,PHI,SAC,0.0011342297997062446
2021-22,new,PHI,SAS,0.15003188709403992
2021-22,new,PHI,TOR,0.053667695681647476
2021-22,new,PHI,UTA,0.0012066297520909632
2021-22,new,PHI,WAS,0.0030769446819385714
2021-22,new,PHX,ATL,0.01175101814581898
2021-22,new,PHX,BKN,0.006500004896478034
2021-22,new,PHX,BOS,0.0003774989446843778
2021-22,new,PHX,CHA,0.021373474367300912
2021-22,new,PHX,CHI,0.028466340045821985
2021-22,new,PHX,CLE,0.0145472071682569
2021-22,new,PHX,DAL,0.008952060391257838
2021-22,new,PHX,DEN,0.025647536893498274
2021-22,new,PHX,DET,0.0007193507013276649
2021-22,new,PHX,GSW,0.0019110562342811279
2021-22,new,PHX,HOU,0.009731142298350561
2021-22,new,PHX,IND,0.008014756367612322
2021-22,new,PHX,LAC,0.0
2021-22,new,PHX,LAL,0.0
2021-22,new,PHX,MEM,0.03736559197380482
2021-22,new,PHX,MIA,0.001144396572871583
2021-22,new,PHX,MIL,0.007711885311465044
2021-22,new,PHX,MIN,0.02610919762552704
2021-22,new,PHX,NOP,0.03743696320437177
2021-22,new,PHX,NYK,0.0002476505988441847
2021-22,new,PHX,OKC,0.023159320290231378
2021-22,new,PHX,ORL,0.0008871020959003757
2021-22,new,PHX,PHI,0.0
2021-22,new,PHX,POR,0.01723109150619615
2021-22,new,PHX,SAC,0.000859512012819866
2021-22,new,PHX,SAS,0.04138457669553905
2021-22,new,PHX,TOR,0.0061333304688026375
2021-22,new,PHX,UTA,0.0012538683147959443
2021-22,new,PHX,WAS,0.0005240259763514069
2021-22,new,POR,ATL,0.024434401759238212
2021-22,new,POR,BKN,0.0057679947188678336
2021-22,new,POR,BOS,0.0006597892430528125
2021-22,new,POR,CHA,0.038205289747274405
2021-22,new,POR,CHI,0.09219525250705436
2021-22,new,POR,CLE,0.016877412501720424
2021-22,new,POR,DAL,0.008846763652805687
2021-22,new,POR,DEN,0.021410668174727726
2021-22,new,POR,DET,0.0002994080788436376
2021-22,new,POR,GSW,0.0052495834981982235
2021-22,new,POR,HOU,0.0494614762510173
2021-22,new,POR,IND,0.018690997727149626
2021-22,new,POR,LAC,0.0
2021-22,new,POR,LAL,0.0
2021-22,new,POR,MEM,0.08723329373650446
2021-22,new,POR,MIA,0.006622844893918855
2021-22,new,POR,MIL,0.0031580615248856247
2021-22,new,POR,MIN,0.0024152821387560005
2021-22,new,POR,NOP,0.18093273867828444
2021-22,new,POR,NYK,0.0010052436549205842
2021-22,new,POR,OKC,0.014743945824008682
2021-22,new,POR,ORL,0.001900432916639226
2021-22,new,POR,PHI,0.0
2021-22,new,POR,PHX,0.0
2021-22,new,POR,SAC,0.00354943797460232
2021-22,new,POR,SAS,0.03166161653433325
2021-22,new,POR,TOR,0.012357185029491922
2021-22,new,POR,UTA,0.0009597862188136453
2021-22,new,POR,WAS,0.0008373778421805231
2021-22,new,SAC,ATL,0.00951775928227233
2021-22,new,SAC,BKN,0.03246808509966881
2021-22,new,SAC,BOS,0.0015623000473937837
2021-22,new,SAC,CHA,0.021283517363640158
2021-22,new,SAC,CHI,0.02678338488313015
2021-22,new,SAC,CLE,0.005611373406215754
2021-22,new,SAC,DAL,0.029037832830099967
2021-22,new,SAC,DEN,0.02868162383187367
2021-22,new,SAC,DET,0.0003297819504420141
2021-22,new,SAC,GSW,0.006912425704554309
2021-22,new,SAC,HOU,0.030515624938596934
2021-22,new,SAC,IND,0.019326284565332995
2021-22,new,SAC,LAC,0.0
2021-22,new,SAC,LAL,0.0
2021-22,new,SAC,MEM,0.07782041131911377
2021-22,new,SAC,MIA,0.01163011878686716
2021-22,new,SAC,MIL,0.02913884188438162
2021-22,new,SAC,MIN,0.023402155691616734
2021-22,new,SAC,NOP,0.020984846055670414
2021-22,new,SAC,NYK,0.001413888851477357
2021-22,new,SAC,OKC,0.003628350764298273
2021-22,new,SAC,ORL,0.0002954076452044414
2021-22,new,SAC,PHI,0.0
2021-22,new,SAC,PHX,0.0
2021-22,new,SAC,POR,0.010810340437877177
2021-22,new,SAC,SAS,0.07348954856908714
2021-22,new,SAC,TOR,0.012855568922462132
2021-22,new,SAC,UTA,0.00016037804860788728
2021-22,new,SAC,WAS,0.002900737576577007
2021-22,new,SAS,ATL,0.01874806371128395
2021-22,new,SAS,BKN,0.022379157407911215
2021-22,new,SAS,BOS,0.0007398160114592328
2021-22,new,SAS,CHA,0.03168239171550629
2021-22,new,SAS,CHI,0.04146745709678837
2021-22,new,SAS,CLE,0.003114302748641335
2021-22,new,SAS,DAL,0.027766655485784775
2021-22,new,SAS,DEN,0.03427724490589352
2021-22,new,SAS,DET,0.001455141307337485
2021-22,new,SAS,GSW,0.005805080512100792
2021-22,new,SAS,HOU,0.01239412734323133
2021-22,new,SAS,IND,0.011133991941233184
2021-22,new,SAS,LAC,0.0
2021-22,new,SAS,LAL,0.0
2021-22,new,SAS,MEM,0.11634277102640547
2021-22,new,SAS,MIA,0.011582435425411075
2021-22,new,SAS,MIL,0.027822834803772435
2021-22,new,SAS,MIN,0.0036115178927223377
2021-22,new,SAS,NOP,0.15361861261086768
2021-22,new,SAS,NYK,0.0007787457230436455
2021-22,new,SAS,OKC,0.006607227893645465
2021-22,new,SAS,ORL,0.0025994836987027975
2021-22,new,SAS,PHI,0.0
2021-22,new,SAS,PHX,0.0
2021-22,new,SAS,POR,0.05628301261450301
2021-22,new,SAS,SAC,0.0023902516453888144
2021-22,new,SAS,TOR,0.008979667755556676
2021-22,new,SAS,UTA,0.0010375448948699208
2021-22,new,SAS,WAS,0.003693088640711232
2021-22,new,TOR,ATL,0.03326124543918674
2021-22,new,TOR,BKN,0.1122580239888969
2021-22,new,TOR,BOS,0.008355136690319153
2021-22,new,TOR,CHA,0.0280340696798991
2021-22,new,TOR,CHI,0.07351024476188661
2021-22,new,TOR,CLE,0.12012306231040307
2021-22,new,TOR,DAL,0.03770140180322856
2021-22,new,TOR,DEN,0.04379229008890519
2021-22,new,TOR,DET,0.0016251464416762197
2021-22,new,TOR,GSW,0.016023707386375208
2021-22,new,TOR,HOU,0.051222252784886985
2021-22,new,TOR,IND,0.03583382231124173
2021-22,new,TOR,LAC,0.0
2021-22,new,TOR,LAL,0.0
2021-22,new,TOR,MEM,0.06260168011036123
2021-22,new,TOR,MIA,0.006915140171467069
2021-22,new,TOR,MIL,0.05492227854433092
2021-22,new,TOR,MIN,0.03237773175569443
2021-22,new,TOR,NOP,0.04478563483974656
2021-22,new,TOR,NYK,0.0029822796746858493
2021-22,new,TOR,OKC,0.015179529004129468
2021-22,new,TOR,ORL,0.0013345281839434481
2021-22,new,TOR,PHI,0.0
2021-22,new,TOR,PHX,0.0
2021-22,new,TOR,POR,0.017609331208780034
2021-22,new,TOR,SAC,0.0025159723382390414
2021-22,new,TOR,SAS,0.14672693514396717
2021-22,new,TOR,UTA,0.0005894200891612593
2021-22,new,TOR,WAS,0.009745589506791646
2021-22,new,UTA,ATL,0.028141439471697293
2021-22,new,UTA,BKN,0.04733896260134693
2021-22,new,UTA,BOS,0.00028952353401946545
2021-22,new,UTA,CHA,0.032686330329234105
2021-22,new,UTA,CHI,0.03818039496653835
2021-22,new,UTA,CLE,0.013303736138166248
2021-22,new,UTA,DAL,0.054021362867335235
2021-22,new,UTA,DEN,0.0752539697957687
2021-22,new,UTA,DET,0.002551646361683175
2021-22,new,UTA,GSW,0.02765918233094407
2021-22,new,UTA,HOU,0.0507887932732059
2021-22,new,UTA,IND,0.02504528094098132
2021-22,new,UTA,LAC,0.0
2021-22,new,UTA,LAL,0.0
2021-22,new,UTA,MEM,0.6293870722117292
2021-22,new,UTA,MIA,0.029041756960896548
2021-22,new,UTA,MIL,0.05327633183690138
2021-22,new,UTA,MIN,0.03629477998530461
2021-22,new,UTA,NOP,0.04044260613864717
2021-22,new,UTA,NYK,0.0005659889233070572
2021-22,new,UTA,OKC,0.01774503459326295
2021-22,new,UTA,ORL,0.0005457788020726533
2021-22,new,UTA,PHI,0.0
2021-22,new,UTA,PHX,0.0
2021-22,new,UTA,POR,0.020393198076661092
2021-22,new,UTA,SAC,0.0010860935223443817
2021-22,new,UTA,SAS,0.12084249071999352
2021-22,new,UTA,TOR,0.011153147088419945
2021-22,new,UTA,WAS,0.00028711033653763633
2021-22,new,WAS,ATL,0.02781724515352668
2021-22,new,WAS,BKN,0.022619463156149922
2021-22,new,WAS,BOS,0.00316412536038846
2021-22,new,WAS,CHA,0.0710727811895491
2021-22,new,WAS,CHI,0.02632624782693934
2021-22,new,WAS,CLE,0.09439479826806113
2021-22,new,WAS,DAL,0.017819815011257067
2021-22,new,WAS,DEN,0.014480824326421305
2021-22,new,WAS,DET,0.0009418535756006167
2021-22,new,WAS,GSW,0.012753704213162709
2021-22,new,WAS,HOU,0.08694881505310809
2021-22,new,WAS,IND,0.07189018677429908
2021-22,new,WAS,LAC,0.0
2021-22,new,WAS,LAL,0.0
2021-22,new,WAS,MEM,0.05789266270545123
2021-22,new,WAS,MIA,0.019712284567107545
2021-22,new,WAS,MIL,0.02293020853872943
2021-22,new,WAS,MIN,0.021792052497258994
2021-22,new,WAS,NOP,0.05783147636261341
2021-22,new,WAS,NYK,0.005612909918337977
2021-22,new,WAS,OKC,0.0058136934313913
2021-22,new,WAS,ORL,0.002655869096597286
2021-22,new,WAS,PHI,0.0
2021-22,new,WAS,PHX,0.0
2021-22,new,WAS,POR,0.021750454076546934
2021-22,new,WAS,SAC,0.001946927017763493
2021-22,new,WAS,SAS,0.046059906151981876
2021-22,new,WAS,TOR,0.031115966957771964
2021-22,new,WAS,UTA,0.0007604560387502371
2021-22,old,ATL,BKN,0.018697951933589262
2021-22,old,ATL,BOS,0.0003059673972194688
2021-22,old,ATL,CHA,0.09339966370360267
2021-22,old,ATL,CHI,0.025716956977020238
2021-22,old,ATL,CLE,0.12016701888654993
2021-22,old,ATL,DAL,0.019801756099338083
2021-22,old,ATL,DEN,0.014566998289198975
2021-22,old,ATL,DET,0.0010620594786105325
2021-22,old,ATL,GSW,0.007213362989370493
2021-22,old,ATL,HOU,0.0735460668307496
2021-22,old,ATL,IND,0.1189418153350005
2021-22,old,ATL,LAC,0.0
2021-22,old,ATL,LAL,0.0
2021-22,old,ATL,MEM,0.12081538582427889
2021-22,old,ATL,MIA,0.01845581922832684
2021-22,old,ATL,MIL,0.019845857854138216
2021-22,old,ATL,MIN,0.009320667066858876
2021-22,old,ATL,NOP,0.13142038708432588
2021-22,old,ATL,NYK,0.029616741059521844
2021-22,old,ATL,OKC,0.038709313783397765
2021-22,old,ATL,ORL,0.0031902504536183286
2021-22,old,ATL,PHI,0.0
2021-22,old,ATL,PHX,0.0
2021-22,old,ATL,POR,0.01947788889133035
2021-22,old,ATL,SAC,0.004027896471247329
2021-22,old,ATL,SAS,0.07644753145907175
2021-22,old,ATL,TOR,0.05690494988222
2021-22,old,ATL,UTA,6.766252365514643e-06
2021-22,old,ATL,WAS,0.03720796699918199
2021-22,old,BKN,ATL,0.08969459283110684
2021-22,old,BKN,BOS,0.00045317099442431256
2021-22,old,BKN,CHA,0.07131688906676738
2021-22,old,BKN,CHI,0.028136226029404056
2021-22,old,BKN,CLE,0.09048960317895641
2021-22,old,BKN,DAL,0.021258754904790244
2021-22,old,BKN,DEN,0.021660373622855868
2021-22,old,BKN,DET,0.001277909198749517
2021-22,old,BKN,GSW,0.017917320788365016
2021-22,old,BKN,HOU,0.3802968755684359
2021-22,old,BKN,IND,0.06911308570596628
2021-22,old,BKN,LAC,0.0
2021-22,old,BKN,LAL,0.0
2021-22,old,BKN,MEM,0.137743843485995
2021-22,old,BKN,MIA,0.015289870846117366
2021-22,old,BKN,MIL,0.022924408799024035
2021-22,old,BKN,MIN,0.01429483650207061
2021-22,old,BKN,NOP,0.13162815758421859
2021-22,old,BKN,NYK,0.009395512953397984
2021-22,old,BKN,OKC,0.024467726949387578
2021-22,old,BKN,ORL,0.001688189659690612
2021-22,old,BKN,PHI,0.0
2021-22,old,BKN,PHX,0.0
2021-22,old,BKN,POR,0.012282319376078927
2021-22,old,BKN,SAC,0.002602162038466423
2021-22,old,BKN,SAS,0.09745032808024802
2021-22,old,BKN,TOR,0.05395881600062649
2021-22,old,BKN,UTA,1.2142039214200817e-05
2021-22,old,BKN,WAS,0.031161965792578288
2021-22,old,BOS,ATL,0.004999400015421843
2021-22,old,BOS,BKN,0.07763320318616428
2021-22,old,BOS,CHA,0.005678199305563602
2021-22,old,BOS,CHI,0.03365981623078974
2021-22,old,BOS,CLE,0.008965189220686995
2021-22,old,BOS,DAL,0.04053078000976435
2021-22,old,BOS,DEN,0.04676537866732438
2021-22,old,BOS,DET,0.001968700193847796
2021-22,old,BOS,GSW,0.021482758688417616
2021-22,old,BOS,HOU,0.03258459054850893
2021-22,old,BOS,IND,0.022599291429260388
2021-22,old,BOS,LAC,0.0
2021-22,old,BOS,LAL,0.0
2021-22,old,BOS,MEM,0.08824503202475117
2021-22,old,BOS,MIA,0.019281250161263322
2021-22,old,BOS,MIL,0.04531285783762972
2021-22,old,BOS,MIN,0.03725976194257532
2021-22,old,BOS,NOP,0.004047432792494238
2021-22,old,BOS,NYK,0.0005003956039996568
2021-22,old,BOS,OKC,0.006112143513148269
2021-22,old,BOS,ORL,0.004390712712348416
2021-22,old,BOS,PHI,0.0
2021-22,old,BOS,PHX,0.0
2021-22,old,BOS,POR,0.0039294839954104556
2021-22,old,BOS,SAC,0.0012385848088009702
2021-22,old,BOS,SAS,0.597485067785695
2021-22,old,BOS,TOR,0.014989715426881385
2021-22,old,BOS,UTA,2.442223058252056e-05
2021-22,old,BOS,WAS,0.0030129732261772652
2021-22,old,CHA,ATL,0.062056674725722766
2021-22,old,CHA,BKN,0.018268974882236336
2021-22,old,CHA,BOS,0.000283120967429155
2021-22,old,CHA,CHI,0.020329160739260665
2021-22,old,CHA,CLE,0.030635649431576924
2021-22,old,CHA,DAL,0.015437468255526856
2021-22,old,CHA,DEN,0.01984156171363974
2021-22,old,CHA,DET,0.0014977750747049918
2021-22,old,CHA,GSW,0.007473060709686128
2021-22,old,CHA,HOU,0.08729956925589719
2021-22,old,CHA,IND,0.04750231269767688
2021-22,old,CHA,LAC,0.0
2021-22,old,CHA,LAL,0.0
2021-22,old,CHA,MEM,0.1436341038032319
2021-22,old,CHA,MIA,0.005715786714351672
2021-22,old,CHA,MIL,0.023680316715930547
2021-22,old,CHA,MIN,0.010727268409717813
2021-22,old,CHA,NOP,0.08637956703091715
2021-22,old,CHA,NYK,0.01798633998154473
2021-22,old,CHA,OKC,0.017733322840635585
2021-22,old,CHA,ORL,0.0014194895780680209
2021-22,old,CHA,PHI,0.0
2021-22,old,CHA,PHX,0.0
2021-22,old,CHA,POR,0.033971380225479186
2021-22,old,CHA,SAC,0.004181464847234273
2021-22,old,CHA,SAS,0.06081282645061298
2021-22,old,CHA,TOR,0.02426822313237423
2021-22,old,CHA,UTA,1.461766210151715e-05
2021-22,old,CHA,WAS,0.03263813520917482
2021-22,old,CHI,ATL,0.004008819329953944
2021-22,old,CHI,BKN,0.07644473423739315
2021-22,old,CHI,BOS,0.00026863157206034633
2021-22,old,CHI,CHA,0.03497583238342957
2021-22,old,CHI,CLE,0.0423553572587483
2021-22,old,CHI,DAL,0.04143927084704891
2021-22,old,CHI,DEN,0.039514804873645566
2021-22,old,CHI,DET,0.00010570659886507177
2021-22,old,CHI,GSW,0.01876497024307983
2021-22,old,CHI,HOU,0.018497575734729942
2021-22,old,CHI,IND,0.04301597556819217
2021-22,old,CHI,LAC,0.0
2021-22,old,CHI,LAL,0.0
2021-22,old,CHI,MEM,0.14480302587444896
2021-22,old,CHI,MIA,0.016788793290033938
2021-22,old,CHI,MIL,0.036689796014196425
2021-22,old,CHI,MIN,0.041785850267909895
2021-22,old,CHI,NOP,0.06570222335134945
2021-22,old,CHI,NYK,0.014724919382126327
2021-22,old,CHI,OKC,0.009705868985332797
2021-22,old,CHI,ORL,0.00029111833621167475
2021-22,old,CHI,PHI,0.0
2021-22,old,CHI,PHX,0.0
2021-22,old,CHI,POR,0.026725138399771874
2021-22,old,CHI,SAC,0.0028784763629699692
2021-22,old,CHI,SAS,0.09737454033906631
2021-22,old,CHI,TOR,0.028787981056659848
2021-22,old,CHI,UTA,3.5325124429907127e-06
2021-22,old,CHI,WAS,0.012914718041827995
2021-22,old,CLE,ATL,0.018708017813669976
2021-22,old,CLE,BKN,0.09107173275010168
2021-22,old,CLE,BOS,0.00043817889913336434
2021-22,old,CLE,CHA,0.017178813205694962
2021-22,old,CLE,CHI,0.04683275839732978
2021-22,old,CLE,DAL,0.030404670594546945
2021-22,old,CLE,DEN,0.031947393552568364
2021-22,old,CLE,DET,0.0009050840732221158
2021-22,old,CLE,GSW,0.011711502272270042
2021-22,old,CLE,HOU,0.022514008304870946
2021-22,old,CLE,IND,0.1794688142638631
2021-22,old,CLE,LAC,0.0
2021-22,old,CLE,LAL,0.0
2021-22,old,CLE,MEM,0.15802362885310586
2021-22,old,CLE,MIA,0.010328663974871925
2021-22,old,CLE,MIL,0.034964789419373254
2021-22,old,CLE,MIN,0.03535637439595528
2021-22,old,CLE,NOP,0.15894423573394706
2021-22,old,CLE,NYK,0.0111013471295759
2021-22,old,CLE,OKC,0.02211750949763367
2021-22,old,CLE,ORL,0.002372344200414418
2021-22,old,CLE,PHI,0.0
2021-22,old,CLE,PHX,0.0
2021-22,old,CLE,POR,0.01873906944327748
2021-22,old,CLE,SAC,0.003074820429997425
2021-22,old,CLE,SAS,0.053741143999783234
2021-22,old,CLE,TOR,0.05222210320840105
2021-22,old,CLE,UTA,2.3144113777057827e-05
2021-22,old,CLE,WAS,0.01559941073652472
2021-22,old,DAL,ATL,0.012351273150261471
2021-22,old,DAL,BKN,0.10524595594037064
2021-22,old,DAL,BOS,2.8648125248363758e-05
2021-22,old,DAL,CHA,0.025442460303677052
2021-22,old,DAL,CHI,0.0351779434384227
2021-22,old,DAL,CLE,0.007663043324339264
2021-22,old,DAL,DEN,0.05592908453931566
2021-22,old,DAL,DET,0.002394914726569647
2021-22,old,DAL,GSW,0.05180770282286041
2021-22,old,DAL,HOU,0.02744692911139031
2021-22,old,DAL,IND,0.026999665288185905
2021-22,old,DAL,LAC,0.0
2021-22,old,DAL,LAL,0.0
2021-22,old,DAL,MEM,0.22394578410115762
2021-22,old,DAL,MIA,0.04148383663911052
2021-22,old,DAL,MIL,0.07177999338614371
2021-22,old,DAL,MIN,0.018691290505549584
2021-22,old,DAL,NOP,0.12714609524863713
2021-22,old,DAL,NYK,0.014784521622362356
2021-22,old,DAL,OKC,0.013400166979186718
2021-22,old,DAL,ORL,0.002139946403331323
2021-22,old,DAL,PHI,0.0
2021-22,old,DAL,PHX,0.0
2021-22,old,DAL,POR,0.016239205507707456
2021-22,old,DAL,SAC,0.001980707557821821
2021-22,old,DAL,SAS,0.0993163404705425
2021-22,old,DAL,TOR,0.007039890247939648
2021-22,old,DAL,UTA,7.405602426551563e-05
2021-22,old,DAL,WAS,0.00972711856099948
2021-22,old,DEN,ATL,0.007256480861534798
2021-22,old,DEN,BKN,0.08363584965212634
2021-22,old,DEN,BOS,5.0759313217860875e-05
2021-22,old,DEN,CHA,0.008579855161525011
2021-22,old,DEN,CHI,0.052106984315550275
2021-22,old,DEN,CLE,0.008543878616097355
2021-22,old,DEN,DAL,0.05075814023387947
2021-22,old,DEN,DET,0.0019406015468953805
2021-22,old,DEN,GSW,0.013124308491453818
2021-22,old,DEN,HOU,0.008756196201971636
2021-22,old,DEN,IND,0.03667692088400796
2021-22,old,DEN,LAC,0.0
2021-22,old,DEN,LAL,0.0
2021-22,old,DEN,MEM,0.07974706965994113
2021-22,old,DEN,MIA,0.019585129515316078
2021-22,old,DEN,MIL,0.04947343309752422
2021-22,old,DEN,MIN,0.05927298545776145
2021-22,old,DEN,NOP,0.0414997471314402
2021-22,old,DEN,NYK,0.008657258899615834
2021-22,old,DEN,OKC,0.013305403165299682
2021-22,old,DEN,ORL,0.0016295194298847889
2021-22,old,DEN,PHI,0.0
2021-22,old,DEN,PHX,0.0
2021-22,old,DEN,POR,0.01234208492576143
2021-22,old,DEN,SAC,0.001427722405916686
2021-22,old,DEN,SAS,0.15076785316611827
2021-22,old,DEN,TOR,0.007090612919777098
2021-22,old,DEN,UTA,0.00021968345245358656
2021-22,old,DEN,WAS,0.0005670944469142382
2021-22,old,DET,ATL,0.01845851194005672
2021-22,old,DET,BKN,0.030454236100927557
2021-22,old,DET,BOS,0.00019443757192109303
2021-22,old,DET,CHA,0.027418917692455413
2021-22,old,DET,CHI,0.03141682848756932
2021-22,old,DET,CLE,0.032778957883144964
2021-22,old,DET,DAL,0.022418374066919607
2021-22,old,DET,DEN,0.024208352818588418
2021-22,old,DET,GSW,0.01610021611512676
2021-22,old,DET,HOU,0.045603447586904135
2021-22,old,DET,IND,0.06135480336115225
2021-22,old,DET,LAC,0.0
2021-22,old,DET,LAL,0.0
2021-22,old,DET,MEM,0.06906972196158315
2021-22,old,DET,MIA,0.005123922511421401
2021-22,old,DET,MIL,0.03673320803027304
2021-22,old,DET,MIN,0.019027122483162826
2021-22,old,DET,NOP,0.07329892980647673
2021-22,old,DET,NYK,0.013200758508652459
2021-22,old,DET,OKC,0.03141554972346588
2021-22,old,DET,ORL,0.018922744573524573
2021-22,old,DET,PHI,0.0
2021-22,old,DET,PHX,0.0
2021-22,old,DET,POR,0.00808451764142631
2021-22,old,DET,SAC,0.005634188722331261
2021-22,old,DET,SAS,0.15524166777980536
2021-22,old,DET,TOR,0.027842552904307098
2021-22,old,DET,UTA,2.4151472049926202e-06
2021-22,old,DET,WAS,0.004667173249798848
2021-22,old,GSW,ATL,0.006114131024746108
2021-22,old,GSW,BKN,0.05633857582555374
2021-22,old,GSW,BOS,1.414271973518704e-05
2021-22,old,GSW,CHA,0.022461640496380993
2021-22,old,GSW,CHI,0.04574427502986235
2021-22,old,GSW,CLE,0.0060455658565999534
2021-22,old,GSW,DAL,0.06171926818044015
2021-22,old,GSW,DEN,0.019780628416136474
2021-22,old,GSW,DET,0.001751178966581881
2021-22,old,GSW,HOU,0.011987877004691557
2021-22,old,GSW,IND,0.019903079016878787
2021-22,old,GSW,LAC,0.0
2021-22,old,GSW,LAL,0.0
2021-22,old,GSW,MEM,0.17358508531779007
2021-22,old,GSW,MIA,0.05883297439142741
2021-22,old,GSW,MIL,0.05493664029069035
2021-22,old,GSW,MIN,0.021821270072531214
2021-22,old,GSW,NOP,0.1812408343204559
2021-22,old,GSW,NYK,0.01653930636041669
2021-22,old,GSW,OKC,0.03990931506458805
2021-22,old,GSW,ORL,1.0641076363998067e-05
2021-22,old,GSW,PHI,0.0
2021-22,old,GSW,PHX,0.0
2021-22,old,GSW,POR,0.040742811071013414
2021-22,old,GSW,SAC,0.004154305084378756
2021-22,old,GSW,SAS,0.08915060546112671
2021-22,old,GSW,TOR,0.0034862478822312087
2021-22,old,GSW,UTA,3.365531737539941e-05
2021-22,old,GSW,WAS,0.023819841682349026
2021-22,old,HOU,ATL,0.0025637453569622264
2021-22,old,HOU,BKN,0.02654504412286335
2021-22,old,HOU,BOS,3.521526047979719e-05
2021-22,old,HOU,CHA,0.019581738050560536
2021-22,old,HOU,CHI,0.03243152699003379
2021-22,old,HOU,CLE,8.925427593618743e-05
2021-22,old,HOU,DAL,0.013348292173210865
2021-22,old,HOU,DEN,0.01842117081208545
2021-22,old,HOU,DET,0.012592719537726262
2021-22,old,HOU,GSW,0.019815052118612873
2021-22,old,HOU,IND,0.013147030720533333
2021-22,old,HOU,LAC,0.0
2021-22,old,HOU,LAL,0.0
2021-22,old,HOU,MEM,0.13289362767942442
2021-22,old,HOU,MIA,0.015121767356477935
2021-22,old,HOU,MIL,0.02349900474352828
2021-22,old,HOU,MIN,0.013914919001738173
2021-22,old,HOU,NOP,0.05293814910374954
2021-22,old,HOU,NYK,0.012324620093417428
2021-22,old,HOU,OKC,0.029616568340156572
2021-22,old,HOU,ORL,0.015092994734555864
2021-22,old,HOU,PHI,0.0
2021-22,old,HOU,PHX,0.0
2021-22,old,HOU,POR,0.023720729154209322
2021-22,old,HOU,SAC,0.005647781651252171
2021-22,old,HOU,SAS,0.04354538467036433
2021-22,old,HOU,TOR,0.00011599509432432793
2021-22,old,HOU,UTA,1.2751343548975465e-05
2021-22,old,HOU,WAS,0.009584423138181754
2021-22,old,IND,ATL,0.0055085948001482995
2021-22,old,IND,BKN,0.04837158202605233
2021-22,old,IND,BOS,8.521262300620049e-05
2021-22,old,IND,CHA,0.01932900228015895
2021-22,old,IND,CHI,0.024352695437032338
2021-22,old,IND,CLE,0.005962028677915095
2021-22,old,IND,DAL,0.014459699028618605
2021-22,old,IND,DEN,0.01760421128966816
2021-22,old,IND,DET,0.004251381171564337
2021-22,old,IND,GSW,0.019053880676242838
2021-22,old,IND,HOU,0.010471712957790662
2021-22,old,IND,LAC,0.0
2021-22,old,IND,LAL,0.0
2021-22,old,IND,MEM,0.05589949717065706
2021-22,old,IND,MIA,0.012026939689952493
2021-22,old,IND,MIL,0.012426534147480676
2021-22,old,IND,MIN,0.007028442452910875
2021-22,old,IND,NOP,0.07831577746393982
2021-22,old,IND,NYK,0.012828223109792048
2021-22,old,IND,OKC,0.013863004199034783
2021-22,old,IND,ORL,0.004540925509363797
2021-22,old,IND,PHI,0.0
2021-22,old,IND,PHX,0.0
2021-22,old,IND,POR,0.019880586278160868
2021-22,old,IND,SAC,0.028555133532475033
2021-22,old,IND,SAS,0.08135624912267198
2021-22,old,IND,TOR,0.00987152027179756
2021-22,old,IND,UTA,3.0412396050694114e-07
2021-22,old,IND,WAS,0.007829405964516943
2021-22,old,LAC,ATL,0.024255581065640953
2021-22,old,LAC,BKN,0.06264750528399964
2021-22,old,LAC,BOS,0.00014959967781820157
2021-22,old,LAC,CHA,0.04662215496426401
2021-22,old,LAC,CHI,0.03604891968440597
2021-22,old,LAC,CLE,0.011570655283372611
2021-22,old,LAC,DAL,0.033475592739755575
2021-22,old,LAC,DEN,0.03064792687264925
2021-22,old,LAC,DET,0.0006494031039853199
2021-22,old,LAC,GSW,0.017992853476499076
2021-22,old,LAC,HOU,0.019496497822471835
2021-22,old,LAC,IND,0.015808558468135513
2021-22,old,LAC,LAL,0.0
2021-22,old,LAC,MEM,0.25392081362161895
2021-22,old,LAC,MIA,0.023510776108355617
2021-22,old,LAC,MIL,0.026781498008448947
2021-22,old,LAC,MIN,0.041041001452663
2021-22,old,LAC,NOP,0.20987040387854414
2021-22,old,LAC,NYK,0.010471530672390733
2021-22,old,LAC,OKC,0.20162507072120253
2021-22,old,LAC,ORL,0.0019882854598662686
2021-22,old,LAC,PHI,0.0
2021-22,old,LAC,PHX,0.0
2021-22,old,LAC,POR,0.0887255310375568
2021-22,old,LAC,SAC,0.0013394496887620825
2021-22,old,LAC,SAS,0.07030955455076777
2021-22,old,LAC,TOR,0.01704659855902761
2021-22,old,LAC,UTA,4.8679738454133074e-05
2021-22,old,LAC,WAS,0.010445312029636887
2021-22,old,LAL,ATL,0.007486552717673155
2021-22,old,LAL,BKN,0.07315455892362786
2021-22,old,LAL,BOS,6.695853255956287e-05
2021-22,old,LAL,CHA,0.07790260999559147
2021-22,old,LAL,CHI,0.08138522656610066
2021-22,old,LAL,CLE,0.02313242682032832
2021-22,old,LAL,DAL,0.02969637254751166
2021-22,old,LAL,DEN,0.027516441053478356
2021-22,old,LAL,DET,3.1284008742560563e-05
2021-22,old,LAL,GSW,0.014082192114901665
2021-22,old,LAL,HOU,0.011970904993057929
2021-22,old,LAL,IND,0.03159123629921817
2021-22,old,LAL,LAC,0.0
2021-22,old,LAL,MEM,1.3153169832079663
2021-22,old,LAL,MIA,0.021606681371059526
2021-22,old,LAL,MIL,0.03413857332227679
2021-22,old,LAL,MIN,0.02261912424790902
2021-22,old,LAL,NOP,1.5846381282336355
2021-22,old,LAL,NYK,0.05254056564183887
2021-22,old,LAL,OKC,0.04671047598322081
2021-22,old,LAL,ORL,1.63481254757272e-05
2021-22,old,LAL,PHI,0.0
2021-22,old,LAL,PHX,0.0
2021-22,old,LAL,POR,0.1960097768038629
2021-22,old,LAL,SAC,0.008793315283936702
2021-22,old,LAL,SAS,0.07927300968773468
2021-22,old,LAL,TOR,0.006381885096023069
2021-22,old,LAL,UTA,0.00012304444506890593
2021-22,old,LAL,WAS,0.052789602542013675
2021-22,old,MEM,ATL,0.01216317792208897
2021-22,old,MEM,BKN,0.01752292127853632
2021-22,old,MEM,BOS,3.222330881797809e-05
2021-22,old,MEM,CHA,0.05739889998963588
2021-22,old,MEM,CHI,0.034152727403050386
2021-22,old,MEM,CLE,0.019631223214281304
2021-22,old,MEM,DAL,0.017387007676554923
2021-22,old,MEM,DEN,0.01215009810656743
2021-22,old,MEM,DET,0.003505606133136109
2021-22,old,MEM,GSW,0.059469828065952385
2021-22,old,MEM,HOU,0.03652720928623678
2021-22,old,MEM,IND,0.017666667014171092
2021-22,old,MEM,LAC,0.0
2021-22,old,MEM,LAL,0.0
2021-22,old,MEM,MIA,0.05403340514596744
2021-22,old,MEM,MIL,0.018250667150077088
2021-22,old,MEM,MIN,0.009497801604471216
2021-22,old,MEM,NOP,0.0541318545772341
2021-22,old,MEM,NYK,0.02163579416650408
2021-22,old,MEM,OKC,0.014715256122975908
2021-22,old,MEM,ORL,0.0030257043112939625
2021-22,old,MEM,PHI,0.0
2021-22,old,MEM,PHX,0.0
2021-22,old,MEM,POR,0.022496678686048276
2021-22,old,MEM,SAC,0.010477151519426854
2021-22,old,MEM,SAS,0.068627441121772
2021-22,old,MEM,TOR,0.010526874155561517
2021-22,old,MEM,UTA,2.3382106971969972e-05
2021-22,old,MEM,WAS,0.017445585364441563
2021-22,old,MIA,ATL,0.017179181409118865
2021-22,old,MIA,BKN,0.10123072044188552
2021-22,old,MIA,BOS,0.00022507476915430795
2021-22,old,MIA,CHA,0.010480458888991974
2021-22,old,MIA,CHI,0.03033829401315002
2021-22,old,MIA,CLE,0.007829159494707416
2021-22,old,MIA,DAL,0.034785526443878875
2021-22,old,MIA,DEN,0.026788102519410446
2021-22,old,MIA,DET,0.0026474191601054075
2021-22,old,MIA,GSW,0.052670259173051806
2021-22,old,MIA,HOU,0.030993803844281374
2021-22,old,MIA,IND,0.04011017105484666
2021-22,old,MIA,LAC,0.0
2021-22,old,MIA,LAL,0.0
2021-22,old,MIA,MEM,0.12708423165248833
2021-22,old,MIA,MIL,0.02929706004461284
2021-22,old,MIA,MIN,0.015497978993979446
2021-22,old,MIA,NOP,0.09187663131363796
2021-22,old,MIA,NYK,0.004923520528823327
2021-22,old,MIA,OKC,0.010658615055352292
2021-22,old,MIA,ORL,0.003399100176958163
2021-22,old,MIA,PHI,0.0
2021-22,old,MIA,PHX,0.0
2021-22,old,MIA,POR,0.017941939551596075
2021-22,old,MIA,SAC,0.0024344174345185218
2021-22,old,MIA,SAS,0.04113044831277682
2021-22,old,MIA,TOR,0.012413324408931944
2021-22,old,MIA,UTA,3.269165783633246e-05
2021-22,old,MIA,WAS,0.01573838539175242
2021-22,old,MIL,ATL,0.007923906921326733
2021-22,old,MIL,BKN,0.12880792584103704
2021-22,old,MIL,BOS,0.00022692078765886495
2021-22,old,MIL,CHA,0.019473936991664192
2021-22,old,MIL,CHI,0.0330638747990838
2021-22,old,MIL,CLE,0.01275043001109555
2021-22,old,MIL,DAL,0.048176552890882886
2021-22,old,MIL,DEN,0.040354364344669255
2021-22,old,MIL,DET,0.0014075782201062109
2021-22,old,MIL,GSW,0.02607327468719144
2021-22,old,MIL,HOU,0.02810290940125987
2021-22,old,MIL,IND,0.017887958003938442
2021-22,old,MIL,LAC,0.0
2021-22,old,MIL,LAL,0.0
2021-22,old,MIL,MEM,0.12941317617850365
2021-22,old,MIL,MIA,0.028700431275406276
2021-22,old,MIL,MIN,0.016157966291180176
2021-22,old,MIL,NOP,0.07185792632347085
2021-22,old,MIL,NYK,0.010669837100097019
2021-22,old,MIL,OKC,0.010898387054959303
2021-22,old,MIL,ORL,0.0006118095392001542
2021-22,old,MIL,PHI,0.0
2021-22,old,MIL,PHX,0.0
2021-22,old,MIL,POR,0.0166524393806778
2021-22,old,MIL,SAC,0.0060296217581311835
2021-22,old,MIL,SAS,0.09821577678150596
2021-22,old,MIL,TOR,0.01541724847910082
2021-22,old,MIL,UTA,2.9409787611158244e-05
2021-22,old,MIL,WAS,0.005021959956106466
2021-22,old,MIN,ATL,0.019936615901331493
2021-22,old,MIN,BKN,0.06448767386809601
2021-22,old,MIN,BOS,0.00017364320127109722
2021-22,old,MIN,CHA,0.025810567331890435
2021-22,old,MIN,CHI,0.0774558817547384
2021-22,old,MIN,CLE,0.002738319548875572
2021-22,old,MIN,DAL,0.02228541163216507
2021-22,old,MIN,DEN,0.057022274470298624
2021-22,old,MIN,DET,0.0016849013135109962
2021-22,old,MIN,GSW,0.024866993311963886
2021-22,old,MIN,HOU,0.015560614592897511
2021-22,old,MIN,IND,0.04677586138674326
2021-22,old,MIN,LAC,0.0
2021-22,old,MIN,LAL,0.0
2021-22,old,MIN,MEM,0.18039705920676619
2021-22,old,MIN,MIA,0.015845905393522614
2021-22,old,MIN,MIL,0.029144703574137284
2021-22,old,MIN,NOP,0.21145641061345835
2021-22,old,MIN,NYK,0.027261065765647283
2021-22,old,MIN,OKC,0.018980847907791178
2021-22,old,MIN,ORL,0.0002049877622642429
2021-22,old,MIN,PHI,0.0
2021-22,old,MIN,PHX,0.0
2021-22,old,MIN,POR,0.04098060883054326
2021-22,old,MIN,SAC,0.006090935114674153
2021-22,old,MIN,SAS,0.06888287374669756
2021-22,old,MIN,TOR,0.005414085215022541
2021-22,old,MIN,UTA,0.0004834329895722049
2021-22,old,MIN,WAS,0.028865556323297764
2021-22,old,NOP,ATL,0.014755397915695601
2021-22,old,NOP,BKN,0.015582912101807324
2021-22,old,NOP,BOS,0.00012938923775623364
2021-22,old,NOP,CHA,0.21219056804352374
2021-22,old,NOP,CHI,0.06301513737150774
2021-22,old,NOP,CLE,0.010107568925004003
2021-22,old,NOP,DAL,0.01168922479973007
2021-22,old,NOP,DEN,0.016604044658783432
2021-22,old,NOP,DET,0.0010637590203286657
2021-22,old,NOP,GSW,0.011912715884626493
2021-22,old,NOP,HOU,0.023138470115633834
2021-22,old,NOP,IND,0.01414845948418105
2021-22,old,NOP,LAC,0.0
2021-22,old,NOP,LAL,0.0
2021-22,old,NOP,MEM,0.24573969644702953
2021-22,old,NOP,MIA,0.013845905295878263
2021-22,old,NOP,MIL,0.012208970855778323
2021-22,old,NOP,MIN,0.01121928062286508
2021-22,old,NOP,NYK,0.07628131441066825
2021-22,old,NOP,OKC,0.013573059726211905
2021-22,old,NOP,ORL,0.0009886680511021555
2021-22,old,NOP,PHI,0.0
2021-22,old,NOP,PHX,0.0
2021-22,old,NOP,POR,0.10212735884583712
2021-22,old,NOP,SAC,0.014473475334464183
2021-22,old,NOP,SAS,0.07454991028528464
2021-22,old,NOP,TOR,0.010475738684777556
2021-22,old,NOP,UTA,1.7061287470374563e-05
2021-22,old,NOP,WAS,0.05917392260654592
2021-22,old,NYK,ATL,0.03832450687499962
2021-22,old,NYK,BKN,0.04663101947526836
2021-22,old,NYK,BOS,8.021057710481173e-05
2021-22,old,NYK,CHA,0.03825332531310499
2021-22,old,NYK,CHI,0.02454682303141699
2021-22,old,NYK,CLE,0.049082858594447804
2021-22,old,NYK,DAL,0.019236126294215814
2021-22,old,NYK,DEN,0.013755707159925372
2021-22,old,NYK,DET,0.00024038768589790157
2021-22,old,NYK,GSW,0.01826400912751656
2021-22,old,NYK,HOU,0.09167672452643302
2021-22,old,NYK,IND,0.04171395243841668
2021-22,old,NYK,LAC,0.0
2021-22,old,NYK,LAL,0.0
2021-22,old,NYK,MEM,0.22238398091524245
2021-22,old,NYK,MIA,0.009627155273879782
2021-22,old,NYK,MIL,0.01763979629704588
2021-22,old,NYK,MIN,0.006827282530060663
2021-22,old,NYK,NOP,0.34881559101774734
2021-22,old,NYK,OKC,0.010850177625315306
2021-22,old,NYK,ORL,0.0005292705580683764
2021-22,old,NYK,PHI,0.0
2021-22,old,NYK,PHX,0.0
2021-22,old,NYK,POR,0.02963453657228312
2021-22,old,NYK,SAC,0.0073673573462283495
2021-22,old,NYK,SAS,0.042511418830605587
2021-22,old,NYK,TOR,0.013413744854468248
2021-22,old,NYK,UTA,2.2781615982405996e-06
2021-22,old,NYK,WAS,0.05774972754989999
2021-22,old,OKC,ATL,0.007710453408403566
2021-22,old,OKC,BKN,0.018562810592147722
2021-22,old,OKC,BOS,5.43795641422339e-06
2021-22,old,OKC,CHA,0.007893364857221273
2021-22,old,OKC,CHI,0.01998921398280946
2021-22,old,OKC,CLE,0.0011550930414300842
2021-22,old,OKC,DAL,0.02165485299786613
2021-22,old,OKC,DEN,0.02695571229049943
2021-22,old,OKC,DET,0.012279613324225174
2021-22,old,OKC,GSW,0.01737539501297324
2021-22,old,OKC,HOU,0.00999137877354173
2021-22,old,OKC,IND,0.02331760690521005
2021-22,old,OKC,LAC,0.0
2021-22,old,OKC,LAL,0.0
2021-22,old,OKC,MEM,0.08343519389651174
2021-22,old,OKC,MIA,0.007906250067071283
2021-22,old,OKC,MIL,0.017097419048716447
2021-22,old,OKC,MIN,0.009784634161721536
2021-22,old,OKC,NOP,0.05848139619650175
2021-22,old,OKC,NYK,0.007270562295332561
2021-22,old,OKC,ORL,0.010061571226938688
2021-22,old,OKC,PHI,0.0
2021-22,old,OKC,PHX,0.0
2021-22,old,OKC,POR,0.021340508709669765
2021-22,old,OKC,SAC,0.014244153734049853
2021-22,old,OKC,SAS,0.07470760296075285
2021-22,old,OKC,TOR,0.0014036333467918065
2021-22,old,OKC,UTA,7.834841394172703e-06
2021-22,old,OKC,WAS,0.00902299424108944
2021-22,old,ORL,ATL,0.013468897895865955
2021-22,old,ORL,BKN,0.050610725031043774
2021-22,old,ORL,BOS,8.892362413913149e-05
2021-22,old,ORL,CHA,0.011708987418963685
2021-22,old,ORL,CHI,0.021858806856284933
2021-22,old,ORL,CLE,0.024274227063107657
2021-22,old,ORL,DAL,0.017819428521010126
2021-22,old,ORL,DEN,0.01610849095274255
2021-22,old,ORL,DET,0.013036321255547085
2021-22,old,ORL,GSW,0.0070423214601749405
2021-22,old,ORL,HOU,0.03741513914912376
2021-22,old,ORL,IND,0.02110770222388512
2021-22,old,ORL,LAC,0.0
2021-22,old,ORL,LAL,0.0
2021-22,old,ORL,MEM,0.027143332504858918
2021-22,old,ORL,MIA,0.013885775950239522
2021-22,old,ORL,MIL,0.016349964749453286
2021-22,old,ORL,MIN,0.0158799249206592
2021-22,old,ORL,NOP,0.006124111742913727
2021-22,old,ORL,NYK,0.0024129826560332353
2021-22,old,ORL,OKC,0.017601396498207775
2021-22,old,ORL,PHI,0.0
2021-22,old,ORL,PHX,0.0
2021-22,old,ORL,POR,0.0016784690487509778
2021-22,old,ORL,SAC,0.003922786311729276
2021-22,old,ORL,SAS,0.05733095496173982
2021-22,old,ORL,TOR,0.007978477578934797
2021-22,old,ORL,UTA,2.273111239481239e-05
2021-22,old,ORL,WAS,0.004385423231231405
2021-22,old,PHI,ATL,0.015211839546931115
2021-22,old,PHI,BKN,0.6856287839075043
2021-22,old,PHI,BOS,0.00016346883399436988
2021-22,old,PHI,CHA,0.020356595457339165
2021-22,old,PHI,CHI,0.03421167640133454
2021-22,old,PHI,CLE,0.012855692558094229
2021-22,old,PHI,DAL,0.06940839814844962
2021-22,old,PHI,DEN,0.04915616104460163
2021-22,old,PHI,DET,0.0012084691201583854
2021-22,old,PHI,GSW,0.04965750619803506
2021-22,old,PHI,HOU,0.031736260554151095
2021-22,old,PHI,IND,0.04060272282594045
2021-22,old,PHI,LAC,0.0
2021-22,old,PHI,LAL,0.0
2021-22,old,PHI,MEM,0.18048583609139723
2021-22,old,PHI,MIA,0.035806034984034965
2021-22,old,PHI,MIL,0.05891916234702777
2021-22,old,PHI,MIN,0.028193785755776767
2021-22,old,PHI,NOP,0.1562458211106275
2021-22,old,PHI,NYK,0.007259532712355755
2021-22,old,PHI,OKC,0.02087038099860416
2021-22,old,PHI,ORL,4.599234800440225e-06
2021-22,old,PHI,PHX,0.0
2021-22,old,PHI,POR,0.026493001252400027
2021-22,old,PHI,SAC,0.0022142215521127853
2021-22,old,PHI,SAS,0.15262538826687244
2021-22,old,PHI,TOR,0.030969530225440595
2021-22,old,PHI,UTA,5.465084771097409e-05
2021-22,old,PHI,WAS,0.010223802122250245
2021-22,old,PHX,ATL,0.00686533067949871
2021-22,old,PHX,BKN,0.006504059247504851
2021-22,old,PHX,BOS,3.507478957356829e-05
2021-22,old,PHX,CHA,0.03934030868101723
2021-22,old,PHX,CHI,0.040489259327674575
2021-22,old,PHX,CLE,0.010215167548101846
2021-22,old,PHX,DAL,0.007816704885668824
2021-22,old,PHX,DEN,0.013409307393576972
2021-22,old,PHX,DET,0.002672750989200464
2021-22,old,PHX,GSW,0.0014708128646827696
2021-22,old,PHX,HOU,0.011680226247609143
2021-22,old,PHX,IND,0.016271386096520818
2021-22,old,PHX,LAC,0.0
2021-22,old,PHX,LAL,0.0
2021-22,old,PHX,MEM,0.16359668533654492
2021-22,old,PHX,MIA,0.001146551746120355
2021-22,old,PHX,MIL,0.007848223258747278
2021-22,old,PHX,MIN,0.017630106645598716
2021-22,old,PHX,NOP,0.16613525878018948
2021-22,old,PHX,NYK,0.017062662483137255
2021-22,old,PHX,OKC,0.03245014750659081
2021-22,old,PHX,ORL,0.0021063776046191104
2021-22,old,PHX,PHI,0.0
2021-22,old,PHX,POR,0.03458088211736055
2021-22,old,PHX,SAC,0.006373792718748023
2021-22,old,PHX,SAS,0.051173251679933716
2021-22,old,PHX,TOR,0.0029456053085008286
2021-22,old,PHX,UTA,5.015413172452375e-05
2021-22,old,PHX,WAS,0.01810200471892365
2021-22,old,POR,ATL,0.014547118118027188
2021-22,old,POR,BKN,0.0057328480227584605
2021-22,old,POR,BOS,4.986720387790521e-05
2021-22,old,POR,CHA,0.06906579001038247
2021-22,old,POR,CHI,0.15505359826582413
2021-22,old,POR,CLE,0.014129917177073233
2021-22,old,POR,DAL,0.006414884041051873
2021-22,old,POR,DEN,0.01090560040062011
2021-22,old,POR,DET,0.0011190693707558968
2021-22,old,POR,GSW,0.00484769907391519
2021-22,old,POR,HOU,0.02701993535999369
2021-22,old,POR,IND,0.023627316630129774
2021-22,old,POR,LAC,0.0
2021-22,old,POR,LAL,0.0
2021-22,old,POR,MEM,0.19748498864370226
2021-22,old,POR,MIA,0.006618534549027039
2021-22,old,POR,MIL,0.003900403206469582
2021-22,old,POR,MIN,0.002930265098498505
2021-22,old,POR,NOP,0.3454275591723047
2021-22,old,POR,NYK,0.04925135636474644
2021-22,old,POR,OKC,0.018741375087761535
2021-22,old,POR,ORL,0.0027540375135919814
2021-22,old,POR,PHI,0.0
2021-22,old,POR,PHX,0.0
2021-22,old,POR,SAC,0.022385836660674063
2021-22,old,POR,SAS,0.05467579544186696
2021-22,old,POR,TOR,0.006763126569944786
2021-22,old,POR,UTA,4.0066300043765724e-05
2021-22,old,POR,WAS,0.05745987502372969
2021-22,old,SAC,ATL,0.0071079131681274985
2021-22,old,SAC,BKN,0.03211076118078538
2021-22,old,SAC,BOS,0.0001389255692779437
2021-22,old,SAC,CHA,0.03381765297336009
2021-22,old,SAC,CHI,0.03189650815927353
2021-22,old,SAC,CLE,0.00384935397887842
2021-22,old,SAC,DAL,0.02875452926241686
2021-22,old,SAC,DEN,0.028806198601701343
2021-22,old,SAC,DET,0.0021269366812894635
2021-22,old,SAC,GSW,0.006893319870875361
2021-22,old,SAC,HOU,0.026013200774443627
2021-22,old,SAC,IND,0.018753811940583308
2021-22,old,SAC,LAC,0.0
2021-22,old,SAC,LAL,0.0
2021-22,old,SAC,MEM,0.113369381822373
2021-22,old,SAC,MIA,0.01159698301075219
2021-22,old,SAC,MIL,0.028854669432116585
2021-22,old,SAC,MIN,0.01980008687896689
2021-22,old,SAC,NOP,0.07366135671612907
2021-22,old,SAC,NYK,0.012440720468797154
2021-22,old,SAC,OKC,0.012030636267679824
2021-22,old,SAC,ORL,0.0028262298504856402
2021-22,old,SAC,PHI,0.0
2021-22,old,SAC,PHX,0.0
2021-22,old,SAC,POR,0.028053472639673917
2021-22,old,SAC,SAS,0.06899867954707015
2021-22,old,SAC,TOR,0.006893237224045218
2021-22,old,SAC,UTA,1.136445555758241e-05
2021-22,old,SAC,WAS,0.011998888925597058
2021-22,old,SAS,ATL,0.01005894970139561
2021-22,old,SAS,BKN,0.022117386039604038
2021-22,old,SAS,BOS,5.4871519556720634e-05
2021-22,old,SAS,CHA,0.07554966498441229
2021-22,old,SAS,CHI,0.0608007575078137
2021-22,old,SAS,CLE,0.003035537025585323
2021-22,old,SAS,DAL,0.02714348469828939
2021-22,old,SAS,DEN,0.019159039380126384
2021-22,old,SAS,DET,0.002043708460463033
2021-22,old,SAS,GSW,0.0057893829882832044
2021-22,old,SAS,HOU,0.01188281230738884
2021-22,old,SAS,IND,0.019514865125910313
2021-22,old,SAS,LAC,0.0
2021-22,old,SAS,LAL,0.0
2021-22,old,SAS,MEM,0.24867889356246758
2021-22,old,SAS,MIA,0.011584051805468083
2021-22,old,SAS,MIL,0.027674212386477222
2021-22,old,SAS,MIN,0.0037462321534516845
2021-22,old,SAS,NOP,0.3490045375858758
2021-22,old,SAS,NYK,0.04558677789839179
2021-22,old,SAS,OKC,0.008078975744604663
2021-22,old,SAS,ORL,0.002601342797433814
2021-22,old,SAS,PHI,0.0
2021-22,old,SAS,PHX,0.0
2021-22,old,SAS,POR,0.12685665358872658
2021-22,old,SAS,SAC,0.026753471759471317
2021-22,old,SAS,TOR,0.006316228713388898
2021-22,old,SAS,UTA,4.0081933946730945e-05
2021-22,old,SAS,WAS,0.054505768622645716
2021-22,old,TOR,ATL,0.018569672987970708
2021-22,old,TOR,BKN,0.10900406544888966
2021-22,old,TOR,BOS,0.0004765266444623931
2021-22,old,TOR,CHA,0.03361616940433301
2021-22,old,TOR,CHI,0.06247000920126518
2021-22,old,TOR,CLE,0.08244911768570173
2021-22,old,TOR,DAL,0.03758903830411841
2021-22,old,TOR,DEN,0.04169503379062849
2021-22,old,TOR,DET,0.002644110500883032
2021-22,old,TOR,GSW,0.016025862414609415
2021-22,old,TOR,HOU,0.023834590302872605
2021-22,old,TOR,IND,0.03300351173923768
2021-22,old,TOR,LAC,0.0
2021-22,old,TOR,LAL,0.0
2021-22,old,TOR,MEM,0.24174460735345885
2021-22,old,TOR,MIA,0.006699622931894202
2021-22,old,TOR,MIL,0.04407101433274627
2021-22,old,TOR,MIN,0.04049866342148838
2021-22,old,TOR,NOP,0.2473476712921814
2021-22,old,TOR,NYK,0.01454348074889702
2021-22,old,TOR,OKC,0.023710868963415344
2021-22,old,TOR,ORL,0.0009621704982008078
2021-22,old,TOR,PHI,0.0
2021-22,old,TOR,PHX,0.0
2021-22,old,TOR,POR,0.042365512858566275
2021-22,old,TOR,SAC,0.0034652378014669236
2021-22,old,TOR,SAS,0.21633182527176673
2021-22,old,TOR,UTA,2.0304779002521643e-05
2021-22,old,TOR,WAS,0.01981282967444316
2021-22,old,UTA,ATL,0.01886159058704781
2021-22,old,UTA,BKN,0.0478265904868158
2021-22,old,UTA,BOS,2.8936086385272046e-05
2021-22,old,UTA,CHA,0.03994099535214364
2021-22,old,UTA,CHI,0.04452842301035301
2021-22,old,UTA,CLE,0.010637791091929418
2021-22,old,UTA,DAL,0.05272532178438507
2021-22,old,UTA,DEN,0.06559448058458484
2021-22,old,UTA,DET,0.0035687317611918833
2021-22,old,UTA,GSW,0.027507939926338442
2021-22,old,UTA,HOU,0.02943669193024859
2021-22,old,UTA,IND,0.02765588997649243
2021-22,old,UTA,LAC,0.0
2021-22,old,UTA,LAL,0.0
2021-22,old,UTA,MEM,0.6466242471470667
2021-22,old,UTA,MIA,0.029058190148307718
2021-22,old,UTA,MIL,0.05373633442210944
2021-22,old,UTA,MIN,0.02300379318440588
2021-22,old,UTA,NOP,0.14240419021741338
2021-22,old,UTA,NYK,0.009699723567480133
2021-22,old,UTA,OKC,0.02617591330648613
2021-22,old,UTA,ORL,0.001965711662531862
2021-22,old,UTA,PHI,0.0
2021-22,old,UTA,PHX,0.0
2021-22,old,UTA,POR,0.04391066595195454
2021-22,old,UTA,SAC,0.003363554131929885
2021-22,old,UTA,SAS,0.11784575974968989
2021-22,old,UTA,TOR,0.006155101532658837
2021-22,old,UTA,WAS,0.013804120121061591
2021-22,old,WAS,ATL,0.020433166910308043
2021-22,old,WAS,BKN,0.02247594956980667
2021-22,old,WAS,BOS,0.00029200254746256256
2021-22,old,WAS,CHA,0.05682064218257535
2021-22,old,WAS,CHI,0.03428985787130634
2021-22,old,WAS,CLE,0.07888844211137935
2021-22,old,WAS,DAL,0.017587853611404858
2021-22,old,WAS,DEN,0.015269009590587551
2021-22,old,WAS,DET,0.000719142292411526
2021-22,old,WAS,GSW,0.012757544296660886
2021-22,old,WAS,HOU,0.050865840681162185
2021-22,old,WAS,IND,0.0794368859831128
2021-22,old,WAS,LAC,0.0
2021-22,old,WAS,LAL,0.0
2021-22,old,WAS,MEM,0.46255319020142815
2021-22,old,WAS,MIA,0.019689655255943794
2021-22,old,WAS,MIL,0.020069697127810614
2021-22,old,WAS,MIN,0.019109783726339848
2021-22,old,WAS,NOP,0.6085982363479793
2021-22,old,WAS,NYK,0.0646509215479224
2021-22,old,WAS,OKC,0.010658278217786301
2021-22,old,WAS,ORL,0.0035721509094152858
2021-22,old,WAS,PHI,0.0
2021-22,old,WAS,PHX,0.0
2021-22,old,WAS,POR,0.06265623216756092
2021-22,old,WAS,SAC,0.006872887133481694
2021-22,old,WAS,SAS,0.044374259189027127
2021-22,old,WAS,TOR,0.01584747007037787
2021-22,old,WAS,UTA,3.262441446403977e-05
2022-23,new,ATL,BKN,0.017875554594390115
2022-23,new,ATL,BOS,0.0
2022-23,new,ATL,CHA,0.001008071702067139
2022-23,new,ATL,CHI,0.047140609674023455
2022-23,new,ATL,CLE,0.002212910082843696
2022-23,new,ATL,DAL,0.002422003105010307
2022-23,new,ATL,DEN,0.0
2022-23,new,ATL,DET,8.390349908947214e-06
2022-23,new,ATL,GSW,0.008143651272337415
2022-23,new,ATL,HOU,0.010085129476140316
2022-23,new,ATL,IND,0.02133970514112024
2022-23,new,ATL,LAC,0.0015660021590582767
2022-23,new,ATL,LAL,0.005248383458880387
2022-23,new,ATL,MEM,0.008030172558421082
2022-23,new,ATL,MIA,0.03559799626159066
2022-23,new,ATL,MIL,0.0
2022-23,new,ATL,MIN,0.0
2022-23,new,ATL,NOP,0.002852370644626529
2022-23,new,ATL,NYK,0.0233962312354391
2022-23,new,ATL,OKC,0.0017052802614514438
2022-23,new,ATL,ORL,0.006244375187586525
2022-23,new,ATL,PHI,0.0
2022-23,new,ATL,PHX,0.0
2022-23,new,ATL,POR,0.002745243228159432
2022-23,new,ATL,SAC,0.004134343939523255
2022-23,new,ATL,SAS,1.990489502373476e-05
2022-23,new,ATL,TOR,0.17827342866992257
2022-23,new,ATL,UTA,0.015164259404047234
2022-23,new,ATL,WAS,0.05060761291195187
2022-23,new,BKN,ATL,0.01680216036038552
2022-23,new,BKN,BOS,0.0
2022-23,new,BKN,CHA,0.030940582310473988
2022-23,new,BKN,CHI,0.011667068014946992
2022-23,new,BKN,CLE,0.001147865982490876
2022-23,new,BKN,DAL,0.0018308264866944792
2022-23,new,BKN,DEN,0.0
2022-23,new,BKN,DET,1.0891241166373692e-07
2022-23,new,BKN,GSW,0.02230644653613753
2022-23,new,BKN,HOU,0.02388658414008738
2022-23,new,BKN,IND,0.05600481059736657
2022-23,new,BKN,LAC,0.019398168184581725
2022-23,new,BKN,LAL,0.01362957990009755
2022-23,new,BKN,MEM,0.022269396657638
2022-23,new,BKN,MIA,0.11253863770572307
2022-23,new,BKN,MIL,0.0
2022-23,new,BKN,MIN,0.0
2022-23,new,BKN,NOP,0.03614978460131357
2022-23,new,BKN,NYK,0.021876423619267147
2022-23,new,BKN,OKC,0.007423221926096474
2022-23,new,BKN,ORL,0.0018355534953013934
2022-23,new,BKN,PHI,0.0
2022-23,new,BKN,PHX,0.0
2022-23,new,BKN,POR,0.015057272402391455
2022-23,new,BKN,SAC,0.017596982926660183
2022-23,new,BKN,SAS,1.04881193723925e-06
2022-23,new,BKN,TOR,0.0376178318242421
2022-23,new,BKN,UTA,0.08662311234480137
2022-23,new,BKN,WAS,0.007850538504711953
2022-23,new,BOS,ATL,0.012498528500229042
2022-23,new,BOS,BKN,0.01687306674974499
2022-23,new,BOS,CHA,0.04729035595647913
2022-23,new,BOS,CHI,0.0023755094744641898
2022-23,new,BOS,CLE,0.0014797244556782588
2022-23,new,BOS,DAL,0.009122814189736348
2022-23,new,BOS,DEN,0.0
2022-23,new,BOS,DET,9.344191835764533e-07
2022-23,new,BOS,GSW,0.007507715447080474
2022-23,new,BOS,HOU,0.00815490311473319
2022-23,new,BOS,IND,0.13057889341853246
2022-23,new,BOS,LAC,0.02872494614805528
2022-23,new,BOS,LAL,0.015018049601469477
2022-23,new,BOS,MEM,0.016556034535330173
2022-23,new,BOS,MIA,0.023575587855057575
2022-23,new,BOS,MIL,0.0
2022-23,new,BOS,MIN,0.0
2022-23,new,BOS,NOP,0.01089601291482064
2022-23,new,BOS,NYK,0.01141242691270659
2022-23,new,BOS,OKC,0.010091055974982485
2022-23,new,BOS,ORL,0.0005334362447710326
2022-23,new,BOS,PHI,0.0
2022-23,new,BOS,PHX,0.0
2022-23,new,BOS,POR,0.0301941833391273
2022-23,new,BOS,SAC,0.010755388181945632
2022-23,new,BOS,SAS,3.2980221670907766e-06
2022-23,new,BOS,TOR,0.0033707355613404586
2022-23,new,BOS,UTA,0.03813590169563187
2022-23,new,BOS,WAS,0.006078480642980076
2022-23,new,CHA,ATL,0.036660919095800805
2022-23,new,CHA,BKN,0.015349542078284827
2022-23,new,CHA,BOS,0.0
2022-23,new,CHA,CHI,0.036813360317588126
2022-23,new,CHA,CLE,0.00214235952253086
2022-23,new,CHA,DAL,0.035863721674752574
2022-23,new,CHA,DEN,0.0
2022-23,new,CHA,DET,0.0005818032249837892
2022-23,new,CHA,GSW,0.016489292557282924
2022-23,new,CHA,HOU,0.010316002256124567
2022-23,new,CHA,IND,0.0021158545781682497
2022-23,new,CHA,LAC,0.006449084146357753
2022-23,new,CHA,LAL,0.03314628234656994
2022-23,new,CHA,MEM,0.0011437693609495285
2022-23,new,CHA,MIA,0.00472873471459344
2022-23,new,CHA,MIL,0.0
2022-23,new,CHA,MIN,0.0
2022-23,new,CHA,NOP,0.013701777949604074
2022-23,new,CHA,NYK,0.028271637454090465
2022-23,new,CHA,OKC,0.009761314575724976
2022-23,new,CHA,ORL,0.004501391803273773
2022-23,new,CHA,PHI,0.0
2022-23,new,CHA,PHX,0.0
2022-23,new,CHA,POR,0.0010674065515563604
2022-23,new,CHA,SAC,0.002848668110023715
2022-23,new,CHA,SAS,0.0008009389334708414
2022-23,new,CHA,TOR,0.009105127419333187
2022-23,new,CHA,UTA,0.020525614945393397
2022-23,new,CHA,WAS,0.013719721205027777
2022-23,new,CHI,ATL,0.025238755455640145
2022-23,new,CHI,BKN,0.05691344063026007
2022-23,new,CHI,BOS,0.0
2022-23,new,CHI,CHA,1.884136848706601e-05
2022-23,new,CHI,CLE,0.00015211267918630253
2022-23,new,CHI,DAL,0.004161774043988501
2022-23,new,CHI,DEN,0.0
2022-23,new,CHI,DET,1.4458208039060645e-05
2022-23,new,CHI,GSW,0.00691920084991997
2022-23,new,CHI,HOU,0.010007812674077033
2022-23,new,CHI,IND,0.005470656907752708
2022-23,new,CHI,LAC,0.0010870151014011032
2022-23,new,CHI,LAL,0.004956896636526678
2022-23,new,CHI,MEM,0.0006487069124805516
2022-23,new,CHI,MIA,0.007347156264047813
2022-23,new,CHI,MIL,0.0
2022-23,new,CHI,MIN,0.0
2022-23,new,CHI,NOP,0.0025945581851430756
2022-23,new,CHI,NYK,0.01868448929178914
2022-23,new,CHI,OKC,0.0011325431383086431
2022-23,new,CHI,ORL,0.020053758831747065
2022-23,new,CHI,PHI,0.0
2022-23,new,CHI,PHX,0.0
2022-23,new,CHI,POR,0.0045292599652731165
2022-23,new,CHI,SAC,0.0031355267027921305
2022-23,new,CHI,SAS,3.9834165983812644e-05
2022-23,new,CHI,TOR,0.0480016946522082
2022-23,new,CHI,UTA,0.0063865423765621125
2022-23,new,CHI,WAS,0.026567475222378647
2022-23,new,CLE,ATL,0.003284665827155883
2022-23,new,CLE,BKN,0.010112904139248254
2022-23,new,CLE,BOS,0.0
2022-23,new,CLE,CHA,0.011047531130866761
2022-23,new,CLE,CHI,0.011471559206736717
2022-23,new,CLE,DAL,5.536604682502318e-06
2022-23,new,CLE,DEN,0.0
2022-23,new,CLE,DET,1.3686033427850631e-06
2022-23,new,CLE,GSW,0.0041706632856644025
2022-23,new,CLE,HOU,0.0026368536053683026
2022-23,new,CLE,IND,0.11090536076315434
2022-23,new,CLE,LAC,0.003042564666950433
2022-23,new,CLE,LAL,0.0017039331106733985
2022-23,new,CLE,MEM,0.0568060339497531
2022-23,new,CLE,MIA,0.04589227443202464
2022-23,new,CLE,MIL,0.0
2022-23,new,CLE,MIN,0.0
2022-23,new,CLE,NOP,9.644396781744768e-05
2022-23,new,CLE,NYK,0.008293855362448775
2022-23,new,CLE,OKC,0.0009089439847418269
2022-23,new,CLE,ORL,0.0007247559183072337
2022-23,new,CLE,PHI,0.0
2022-23,new,CLE,PHX,0.0
2022-23,new,CLE,POR,0.015467259483418256
2022-23,new,CLE,SAC,0.02329418111737046
2022-23,new,CLE,SAS,3.7289538110975456e-06
2022-23,new,CLE,TOR,0.02823592870803528
2022-23,new,CLE,UTA,0.011036226037632558
2022-23,new,CLE,WAS,0.002359329634960957
2022-23,new,DEN,ATL,0.016469141539948304
2022-23,new,DEN,BKN,0.04765299153039003
2022-23,new,DEN,BOS,0.0
2022-23,new,DEN,CHA,0.1775827161225599
2022-23,new,DEN,CHI,0.002198474524050198
2022-23,new,DEN,CLE,0.0003041170949836669
2022-23,new,DEN,DAL,0.02522354600041263
2022-23,new,DEN,DET,2.2340200331893214e-06
2022-23,new,DEN,GSW,0.018067360586327016
2022-23,new,DEN,HOU,0.01628367472977923
2022-23,new,DEN,IND,0.049694584362199805
2022-23,new,DEN,LAC,0.01735075439729904
2022-23,new,DEN,LAL,0.03118750002833309
2022-23,new,DEN,MEM,0.016523706994886547
2022-23,new,DEN,MIA,0.03377513507317871
2022-23,new,DEN,MIL,0.0
2022-23,new,DEN,MIN,0.0
2022-23,new,DEN,NOP,0.0017432651259125503
2022-23,new,DEN,NYK,0.024113773697082567
2022-23,new,DEN,OKC,0.013580010775878127
2022-23,new,DEN,ORL,0.0005690233595555976
2022-23,new,DEN,PHI,0.0
2022-23,new,DEN,PHX,0.0
2022-23,new,DEN,POR,0.029160758484534904
2022-23,new,DEN,SAC,0.011456443112106009
2022-23,new,DEN,SAS,7.01591341763121e-06
2022-23,new,DEN,TOR,0.0010311369610284885
2022-23,new,DEN,UTA,0.05578922416241793
2022-23,new,DEN,WAS,0.01643809209303064
2022-23,new,DET,ATL,0.016239077169023498
2022-23,new,DET,BKN,0.018528358566740143
2022-23,new,DET,BOS,0.0
2022-23,new,DET,CHA,0.018177520544649547
2022-23,new,DET,CHI,0.036594199565718265
2022-23,new,DET,CLE,0.0002646874207745253
2022-23,new,DET,DAL,0.0033597431309389967
2022-23,new,DET,DEN,0.0
2022-23,new,DET,GSW,0.008483572740491902
2022-23,new,DET,HOU,0.012382812535065093
2022-23,new,DET,IND,0.008692124531589905
2022-23,new,DET,LAC,0.0019137931340534628
2022-23,new,DET,LAL,0.008448814433148323
2022-23,new,DET,MEM,0.002324290660857718
2022-23,new,DET,MIA,0.004910134162257534
2022-23,new,DET,MIL,0.0
2022-23,new,DET,MIN,0.0
2022-23,new,DET,NOP,0.0046196119484274885
2022-23,new,DET,NYK,0.014520867381846205
2022-23,new,DET,OKC,0.0021942349190317927
2022-23,new,DET,ORL,0.003922759001919881
2022-23,new,DET,PHI,0.0
2022-23,new,DET,PHX,0.0
2022-23,new,DET,POR,0.007217692708672044
2022-23,new,DET,SAC,0.001985299958971812
2022-23,new,DET,SAS,0.0006772202762875889
2022-23,new,DET,TOR,0.03849025870866485
2022-23,new,DET,UTA,0.010763865751072573
2022-23,new,DET,WAS,0.02688343288354382
2022-23,new,GSW,ATL,0.004754310189344888
2022-23,new,GSW,BKN,0.026204715122679148
2022-23,new,GSW,BOS,0.0
2022-23,new,GSW,CHA,0.001776939685183481
2022-23,new,GSW,CHI,0.0030813081590213977
2022-23,new,GSW,CLE,0.0
2022-23,new,GSW,DAL,0.07916785546568769
2022-23,new,GSW,DEN,0.0
2022-23,new,GSW,DET,0.0
2022-23,new,GSW,HOU,0.03643992465607629
2022-23,new,GSW,IND,0.010978448339015377
2022-23,new,GSW,LAC,0.015335668302020704
2022-23,new,GSW,LAL,0.16008916977146675
2022-23,new,GSW,MEM,0.00018646874977626973
2022-23,new,GSW,MIA,0.015285560101077986
2022-23,new,GSW,MIL,0.0
2022-23,new,GSW,MIN,0.0
2022-23,new,GSW,NOP,0.06565086185251733
2022-23,new,GSW,NYK,0.036161520067099204
2022-23,new,GSW,OKC,0.028917834061691704
2022-23,new,GSW,ORL,0.0006691810244630127
2022-23,new,GSW,PHI,0.0
2022-23,new,GSW,PHX,0.0
2022-23,new,GSW,POR,0.0056103843620381386
2022-23,new,GSW,SAC,0.010273894556012513
2022-23,new,GSW,SAS,0.0
2022-23,new,GSW,TOR,0.0023728447565648327
2022-23,new,GSW,UTA,0.06521520954167728
2022-23,new,GSW,WAS,0.0
2022-23,new,HOU,ATL,0.000853671657627301
2022-23,new,HOU,BKN,0.0003387369592824849
2022-23,new,HOU,BOS,0.0
2022-23,new,HOU,CHA,0.012851620277447946
2022-23,new,HOU,CHI,0.003928903556843873
2022-23,new,HOU,CLE,0.0
2022-23,new,HOU,DAL,0.006377617029498899
2022-23,new,HOU,DEN,0.0
2022-23,new,HOU,DET,5.398164824389963e-05
2022-23,new,HOU,GSW,0.004845705101471263
2022-23,new,HOU,IND,0.0029244308627350067
2022-23,new,HOU,LAC,0.001021821138726001
2022-23,new,HOU,LAL,0.014728987080823826
2022-23,new,HOU,MEM,0.0009709051826262271
2022-23,new,HOU,MIA,9.99259374491063e-05
2022-23,new,HOU,MIL,0.0
2022-23,new,HOU,MIN,0.0
2022-23,new,HOU,NOP,1.7241380189481225e-05
2022-23,new,HOU,NYK,0.004350039406104527
2022-23,new,HOU,OKC,0.008381196058090328
2022-23,new,HOU,ORL,0.0014600848877750323
2022-23,new,HOU,PHI,0.0
2022-23,new,HOU,PHX,0.0
2022-23,new,HOU,POR,0.0006618002472155397
2022-23,new,HOU,SAC,1.0775862229538386e-06
2022-23,new,HOU,SAS,6.217569485064874e-06
2022-23,new,HOU,TOR,0.0020700860411404097
2022-23,new,HOU,UTA,0.016164940040502826
2022-23,new,HOU,WAS,0.003426258361708346
2022-23,new,IND,ATL,0.006867465136118638
2022-23,new,IND,BKN,0.002103783983745559
2022-23,new,IND,BOS,0.0
2022-23,new,IND,CHA,0.006858966623610967
2022-23,new,IND,CHI,0.030395589005215058
2022-23,new,IND,CLE,2.7311760502314043e-05
2022-23,new,IND,DAL,0.020410034792986014
2022-23,new,IND,DEN,0.0
2022-23,new,IND,DET,5.1026176086864933e-05
2022-23,new,IND,GSW,0.006009165731239267
2022-23,new,IND,HOU,0.0016010237212196509
2022-23,new,IND,LAC,0.007779364285484792
2022-23,new,IND,LAL,0.008358566783075541
2022-23,new,IND,MEM,0.0035454135731302176
2022-23,new,IND,MIA,0.0012739041374490658
2022-23,new,IND,MIL,0.0
2022-23,new,IND,MIN,0.0
2022-23,new,IND,NOP,0.009429148572581371
2022-23,new,IND,NYK,0.021470631084571465
2022-23,new,IND,OKC,0.0003469827683273189
2022-23,new,IND,ORL,0.011905893108143696
2022-23,new,IND,PHI,0.0
2022-23,new,IND,PHX,0.0
2022-23,new,IND,POR,0.00252053657852618
2022-23,new,IND,SAC,0.0014236076117336493
2022-23,new,IND,SAS,0.00014053353789303798
2022-23,new,IND,TOR,0.028708791477725395
2022-23,new,IND,UTA,0.03816425419919471
2022-23,new,IND,WAS,0.023540046457996552
2022-23,new,LAC,ATL,0.004797135166752205
2022-23,new,LAC,BKN,0.04831911790193916
2022-23,new,LAC,BOS,0.0
2022-23,new,LAC,CHA,0.0011246430836330673
2022-23,new,LAC,CHI,0.005582598651441624
2022-23,new,LAC,CLE,0.0
2022-23,new,LAC,DAL,0.05922034348064371
2022-23,new,LAC,DEN,0.0
2022-23,new,LAC,DET,3.1343929538987318e-06
2022-23,new,LAC,GSW,0.06677730361331724
2022-23,new,LAC,HOU,0.26547413864293423
2022-23,new,LAC,IND,0.012380498549471684
2022-23,new,LAC,LAL,0.08087984963773814
2022-23,new,LAC,MEM,0.0024201158276245505
2022-23,new,LAC,MIA,0.02516189904839035
2022-23,new,LAC,MIL,0.0
2022-23,new,LAC,MIN,0.0
2022-23,new,LAC,NOP,0.08962553874679824
2022-23,new,LAC,NYK,0.02246824439194017
2022-23,new,LAC,OKC,0.10466190660077322
2022-23,new,LAC,ORL,0.0004960377771824602
2022-23,new,LAC,PHI,0.0
2022-23,new,LAC,PHX,0.0
2022-23,new,LAC,POR,0.005106790551438787
2022-23,new,LAC,SAC,0.005558189804713914
2022-23,new,LAC,SAS,8.526706947593306e-06
2022-23,new,LAC,TOR,0.00169908969969258
2022-23,new,LAC,UTA,0.0694637096926303
2022-23,new,LAC,WAS,3.383643800114854e-06
2022-23,new,LAL,ATL,0.001741035064482779
2022-23,new,LAL,BKN,0.005693816937384183
2022-23,new,LAL,BOS,0.0
2022-23,new,LAL,CHA,2.083329186563849e-05
2022-23,new,LAL,CHI,0.0016487607252992323
2022-23,new,LAL,CLE,0.0
2022-23,new,LAL,DAL,0.031014403452446843
2022-23,new,LAL,DEN,0.0
2022-23,new,LAL,DET,6.87282870297007e-06
2022-23,new,LAL,GSW,0.04067430288303418
2022-23,new,LAL,HOU,0.0156034482822047
2022-23,new,LAL,IND,8.430785316845844e-05
2022-23,new,LAL,LAC,0.006501077685729955
2022-23,new,LAL,MEM,4.47318385647969e-05
2022-23,new,LAL,MIA,0.00534482478590588
2022-23,new,LAL,MIL,0.0
2022-23,new,LAL,MIN,0.0
2022-23,new,LAL,NOP,0.1460202047955807
2022-23,new,LAL,NYK,0.014455443418234359
2022-23,new,LAL,OKC,0.014257812533138223
2022-23,new,LAL,ORL,0.0005245793494552723
2022-23,new,LAL,PHI,0.0
2022-23,new,LAL,PHX,0.0
2022-23,new,LAL,POR,0.0017597312621188824
2022-23,new,LAL,SAC,0.00019110858441277303
2022-23,new,LAL,SAS,1.8969254018225786e-05
2022-23,new,LAL,TOR,0.0011776539508586742
2022-23,new,LAL,UTA,0.20278256248924914
2022-23,new,LAL,WAS,5.972411833720892e-05
2022-23,new,MEM,ATL,0.002854389617511421
2022-23,new,MEM,BKN,0.02575906559776702
2022-23,new,MEM,BOS,0.0
2022-23,new,MEM,CHA,0.026779878700908744
2022-23,new,MEM,CHI,0.00339150167385477
2022-23,new,MEM,CLE,0.0
2022-23,new,MEM,DAL,0.03304023150310523
2022-23,new,MEM,DEN,0.0
2022-23,new,MEM,DET,1.671486858701256e-05
2022-23,new,MEM,GSW,0.016342610780887532
2022-23,new,MEM,HOU,0.054480873212892675
2022-23,new,MEM,IND,0.03826536884086641
2022-23,new,MEM,LAC,0.011550107860279366
2022-23,new,MEM,LAL,0.028605603581446967
2022-23,new,MEM,MIA,0.00908583686593644
2022-23,new,MEM,MIL,0.0
2022-23,new,MEM,MIN,0.0
2022-23,new,MEM,NOP,0.021283405171225553
2022-23,new,MEM,NYK,0.00969202485897775
2022-23,new,MEM,OKC,0.023382812566304548
2022-23,new,MEM,ORL,0.00010344827740356846
2022-23,new,MEM,PHI,0.0
2022-23,new,MEM,PHX,0.0
2022-23,new,MEM,POR,0.009344298174816525
2022-23,new,MEM,SAC,0.026222050220696375
2022-23,new,MEM,SAS,4.58501035491124e-05
2022-23,new,MEM,TOR,0.0013678725636565984
2022-23,new,MEM,UTA,0.043338774930555636
2022-23,new,MEM,WAS,3.7871367972237405e-06
2022-23,new,MIA,ATL,0.04842815745868055
2022-23,new,MIA,BKN,0.11768070047506375
2022-23,new,MIA,BOS,0.0
2022-23,new,MIA,CHA,0.01346502140749771
2022-23,new,MIA,CHI,0.03864088890948634
2022-23,new,MIA,CLE,0.006359144535677557
2022-23,new,MIA,DAL,7.595433568449859e-05
2022-23,new,MIA,DEN,0.0
2022-23,new,MIA,DET,0.0005239805776467091
2022-23,new,MIA,GSW,0.022122422336526507
2022-23,new,MIA,HOU,0.0575064659033348
2022-23,new,MIA,IND,0.014840327932899763
2022-23,new,MIA,LAC,0.0011325431039460518
2022-23,new,MIA,LAL,0.014781519323828277
2022-23,new,MIA,MEM,0.006576702131241339
2022-23,new,MIA,MIL,0.0
2022-23,new,MIA,MIN,0.0
2022-23,new,MIA,NOP,0.0022244072742439052
2022-23,new,MIA,NYK,0.03776376069824435
2022-23,new,MIA,OKC,0.001343750042001845
2022-23,new,MIA,ORL,0.01164374082326646
2022-23,new,MIA,PHI,0.0
2022-23,new,MIA,PHX,0.0
2022-23,new,MIA,POR,0.027609675543913303
2022-23,new,MIA,SAC,0.008421984819679944
2022-23,new,MIA,SAS,0.00022799666854970423
2022-23,new,MIA,TOR,0.03808220864785977
2022-23,new,MIA,UTA,0.03555138351945625
2022-23,new,MIA,WAS,0.04504831880530341
2022-23,new,MIL,ATL,0.024918311784976922
2022-23,new,MIL,BKN,0.0010762589309086476
2022-23,new,MIL,BOS,0.0
2022-23,new,MIL,CHA,0.0289406030755653
2022-23,new,MIL,CHI,0.012124927264470276
2022-23,new,MIL,CLE,8.295959703712562e-05
2022-23,new,MIL,DAL,6.077601348398934e-06
2022-23,new,MIL,DEN,0.0
2022-23,new,MIL,DET,2.456728602274635e-06
2022-23,new,MIL,GSW,0.0018074346079437866
2022-23,new,MIL,HOU,0.0014832974838068838
2022-23,new,MIL,IND,0.025921714854414704
2022-23,new,MIL,LAC,0.027159482804949966
2022-23,new,MIL,LAL,0.0009625538907832754
2022-23,new,MIL,MEM,0.005719827634587499
2022-23,new,MIL,MIA,0.01748989058956693
2022-23,new,MIL,MIN,0.0
2022-23,new,MIL,NOP,5.334051865843479e-05
2022-23,new,MIL,NYK,0.005792611698290895
2022-23,new,MIL,OKC,0.0002602370859099681
2022-23,new,MIL,ORL,0.0024627508897249544
2022-23,new,MIL,PHI,0.0
2022-23,new,MIL,PHX,0.0
2022-23,new,MIL,POR,0.003906879150380408
2022-23,new,MIL,SAC,0.004650862068339282
2022-23,new,MIL,SAS,6.938878797709862e-06
2022-23,new,MIL,TOR,0.0027518587443232092
2022-23,new,MIL,UTA,0.014352109076720949
2022-23,new,MIL,WAS,0.010001555619280053
2022-23,new,MIN,ATL,0.015627789877551177
2022-23,new,MIN,BKN,0.005028504318256205
2022-23,new,MIN,BOS,0.0
2022-23,new,MIN,CHA,2.597070256185895e-07
2022-23,new,MIN,CHI,0.005626430723597
2022-23,new,MIN,CLE,0.0
2022-23,new,MIN,DAL,0.042693622389731394
2022-23,new,MIN,DEN,0.0
2022-23,new,MIN,DET,8.689545133957554e-08
2022-23,new,MIN,GSW,0.025929055216337756
2022-23,new,MIN,HOU,0.016247306217074167
2022-23,new,MIN,IND,0.002599481827548186
2022-23,new,MIN,LAC,0.017879041129309714
2022-23,new,MIN,LAL,0.046122575040007455
2022-23,new,MIN,MEM,4.580942478775074e-05
2022-23,new,MIN,MIA,0.012575426815478276
2022-23,new,MIN,MIL,0.0
2022-23,new,MIN,NOP,0.2010940194633139
2022-23,new,MIN,NYK,0.015804439092838917
2022-23,new,MIN,OKC,0.02838981667372943
2022-23,new,MIN,ORL,0.0010717963719127578
2022-23,new,MIN,PHI,0.0
2022-23,new,MIN,PHX,0.0
2022-23,new,MIN,POR,0.0027278580689937327
2022-23,new,MIN,SAC,0.00035921203334698384
2022-23,new,MIN,SAS,2.367589729993628e-07
2022-23,new,MIN,TOR,0.00047049716981087744
2022-23,new,MIN,UTA,0.43957677710962995
2022-23,new,MIN,WAS,0.006549236067095974
2022-23,new,NOP,ATL,0.006097088051335092
2022-23,new,NOP,BKN,0.0394386339893497
2022-23,new,NOP,BOS,0.0
2022-23,new,NOP,CHA,0.015428039610433342
2022-23,new,NOP,CHI,0.012271981904337356
2022-23,new,NOP,CLE,0.001260521588711714
2022-23,new,NOP,DAL,0.1170080382881183
2022-23,new,NOP,DEN,0.0
2022-23,new,NOP,DET,7.777568375170634e-05
2022-23,new,NOP,GSW,0.07146281322784764
2022-23,new,NOP,HOU,0.06560021561026524
2022-23,new,NOP,IND,0.01839378658225426
2022-23,new,NOP,LAC,0.02403448301423662
2022-23,new,NOP,LAL,0.3218076502406922
2022-23,new,NOP,MEM,0.008471237755970674
2022-23,new,NOP,MIA,0.021476000432205086
2022-23,new,NOP,MIL,0.0
2022-23,new,NOP,MIN,0.0
2022-23,new,NOP,NYK,0.05743523539476432
2022-23,new,NOP,OKC,0.09146416957710934
2022-23,new,NOP,ORL,0.001118620262783305
2022-23,new,NOP,PHI,0.0
2022-23,new,NOP,PHX,0.0
2022-23,new,NOP,POR,0.045199274736679736
2022-23,new,NOP,SAC,0.0035953766418119113
2022-23,new,NOP,SAS,0.0001666312176388178
2022-23,new,NOP,TOR,0.0037514529168925156
2022-23,new,NOP,UTA,0.105612913519231
2022-23,new,NOP,WAS,0.002738241535475215
2022-23,new,NYK,ATL,0.014203882394222224
2022-23,new,NYK,BKN,0.03840738315392678
2022-23,new,NYK,BOS,0.0
2022-23,new,NYK,CHA,0.02007407578190832
2022-23,new,NYK,CHI,0.005725855492387579
2022-23,new,NYK,CLE,0.003009629077534773
2022-23,new,NYK,DAL,0.007762876009327917
2022-23,new,NYK,DEN,0.0
2022-23,new,NYK,DET,5.2306361292311075e-06
2022-23,new,NYK,GSW,0.01124838881650065
2022-23,new,NYK,HOU,0.009150592864567318
2022-23,new,NYK,IND,0.040378217980072954
2022-23,new,NYK,LAC,0.007428340596921645
2022-23,new,NYK,LAL,0.04267187483843562
2022-23,new,NYK,MEM,0.017082113179808248
2022-23,new,NYK,MIA,0.03465224514802183
2022-23,new,NYK,MIL,0.0
2022-23,new,NYK,MIN,0.0
2022-23,new,NYK,NOP,0.0002745150881297567
2022-23,new,NYK,OKC,0.005746497799570127
2022-23,new,NYK,ORL,9.123773485544602e-05
2022-23,new,NYK,PHI,0.0
2022-23,new,NYK,PHX,0.0
2022-23,new,NYK,POR,0.13390365432137313
2022-23,new,NYK,SAC,0.01671059735514424
2022-23,new,NYK,SAS,1.5705713021071486e-05
2022-23,new,NYK,TOR,0.008363502304237675
2022-23,new,NYK,UTA,0.023326491738989687
2022-23,new,NYK,WAS,0.013785942369027897
2022-23,new,OKC,ATL,0.015428318798778066
2022-23,new,OKC,BKN,0.044179245886464755
2022-23,new,OKC,BOS,0.0
2022-23,new,OKC,CHA,1.3233285701125132e-05
2022-23,new,OKC,CHI,0.008032706936165007
2022-23,new,OKC,CLE,2.0084618238891787e-08
2022-23,new,OKC,DAL,0.1902901781694037
2022-23,new,OKC,DEN,0.0
2022-23,new,OKC,DET,1.1586545841659054e-06
2022-23,new,OKC,GSW,0.036520747416288794
2022-23,new,OKC,HOU,0.07186610973321687
2022-23,new,OKC,IND,0.002096010507385974
2022-23,new,OKC,LAC,0.02650134725267357
2022-23,new,OKC,LAL,0.07216460139079196
2022-23,new,OKC,MEM,0.0002349137954799265
2022-23,new,OKC,MIA,0.01483273869873276
2022-23,new,OKC,MIL,0.0
2022-23,new,OKC,MIN,0.0
2022-23,new,OKC,NOP,0.07747925603386929
2022-23,new,OKC,NYK,0.09521127430568822
2022-23,new,OKC,ORL,0.0023101954452301853
2022-23,new,OKC,PHI,0.0
2022-23,new,OKC,PHX,0.0
2022-23,new,OKC,POR,0.0036313705560972135
2022-23,new,OKC,SAC,0.0006960664406470046
2022-23,new,OKC,SAS,5.498508965576456e-06
2022-23,new,OKC,TOR,0.0013768726973005176
2022-23,new,OKC,UTA,0.07739507622075648
2022-23,new,OKC,WAS,0.010032021844938729
2022-23,new,ORL,ATL,0.00747647231684904
2022-23,new,ORL,BKN,0.056834403587562296
2022-23,new,ORL,BOS,0.0
2022-23,new,ORL,CHA,0.0022782253020844218
2022-23,new,ORL,CHI,0.021991250925938507
2022-23,new,ORL,CLE,1.4182366031061984e-05
2022-23,new,ORL,DAL,0.035289921713029714
2022-23,new,ORL,DEN,0.0
2022-23,new,ORL,DET,0.00018540918474758045
2022-23,new,ORL,GSW,0.03529728450046527
2022-23,new,ORL,HOU,0.037564924435091906
2022-23,new,ORL,IND,0.042273938470006385
2022-23,new,ORL,LAC,0.00574892250365369
2022-23,new,ORL,LAL,0.040256196175830386
2022-23,new,ORL,MEM,0.024284422320792337
2022-23,new,ORL,MIA,0.017426014796773397
2022-23,new,ORL,MIL,0.0
2022-23,new,ORL,MIN,0.0
2022-23,new,ORL,NOP,0.02300026951690911
2022-23,new,ORL,NYK,0.02165930496333096
2022-23,new,ORL,OKC,0.028681842722761416
2022-23,new,ORL,PHI,0.0
2022-23,new,ORL,PHX,0.0
2022-23,new,ORL,POR,0.027144957893712584
2022-23,new,ORL,SAC,0.01451246890614288
2022-23,new,ORL,SAS,0.0006537658154355805
2022-23,new,ORL,TOR,0.00449195021798027
2022-23,new,ORL,UTA,0.05078676243093669
2022-23,new,ORL,WAS,0.0017890355931849814
2022-23,new,PHI,ATL,0.04163653899240044
2022-23,new,PHI,BKN,0.08902643055790634
2022-23,new,PHI,BOS,0.0
2022-23,new,PHI,CHA,0.03731318384290713
2022-23,new,PHI,CHI,0.029816583371126505
2022-23,new,PHI,CLE,0.0011068022039294502
2022-23,new,PHI,DAL,0.007470384331401176
2022-23,new,PHI,DEN,0.0
2022-23,new,PHI,DET,5.442863383758686e-06
2022-23,new,PHI,GSW,0.017870111896057722
2022-23,new,PHI,HOU,0.019791487315629505
2022-23,new,PHI,IND,0.04106033951666526
2022-23,new,PHI,LAC,0.008958782343161772
2022-23,new,PHI,LAL,0.013791756592871596
2022-23,new,PHI,MEM,0.017745689685729427
2022-23,new,PHI,MIA,0.010076651731235658
2022-23,new,PHI,MIL,0.0
2022-23,new,PHI,MIN,0.0
2022-23,new,PHI,NOP,0.005239493545237126
2022-23,new,PHI,NYK,0.014963410161284201
2022-23,new,PHI,OKC,0.007293372950938146
2022-23,new,PHI,ORL,0.006080344775980942
2022-23,new,PHI,PHX,0.0
2022-23,new,PHI,POR,0.004102872892409545
2022-23,new,PHI,SAC,0.0040872309204716285
2022-23,new,PHI,SAS,1.585294622435836e-05
2022-23,new,PHI,TOR,0.012686247115152621
2022-23,new,PHI,UTA,0.12587983834303332
2022-23,new,PHI,WAS,0.01925716447044953
2022-23,new,PHX,ATL,0.006180355329154024
2022-23,new,PHX,BKN,0.20629689574858087
2022-23,new,PHX,BOS,0.0
2022-23,new,PHX,CHA,0.034389671580033296
2022-23,new,PHX,CHI,0.0012515459700026294
2022-23,new,PHX,CLE,1.3866768742665388e-05
2022-23,new,PHX,DAL,0.03280514883957519
2022-23,new,PHX,DEN,0.0
2022-23,new,PHX,DET,1.3158640595305781e-05
2022-23,new,PHX,GSW,0.035603284042744064
2022-23,new,PHX,HOU,0.035946659811908886
2022-23,new,PHX,IND,0.015998138033912652
2022-23,new,PHX,LAC,0.004898168183722663
2022-23,new,PHX,LAL,0.02790544225462986
2022-23,new,PHX,MEM,0.005106681055742605
2022-23,new,PHX,MIA,0.018477680104659548
2022-23,new,PHX,MIL,0.0
2022-23,new,PHX,MIN,0.0
2022-23,new,PHX,NOP,0.015116648837835686
2022-23,new,PHX,NYK,0.01983522198024191
2022-23,new,PHX,OKC,0.012698276074249943
2022-23,new,PHX,ORL,0.007073588277343773
2022-23,new,PHX,PHI,0.0
2022-23,new,PHX,POR,0.010328030845815453
2022-23,new,PHX,SAC,0.004555450534265019
2022-23,new,PHX,SAS,3.681234202921478e-05
2022-23,new,PHX,TOR,0.005240962888996289
2022-23,new,PHX,UTA,0.07286559099805526
2022-23,new,PHX,WAS,0.01265197276089356
2022-23,new,POR,ATL,0.0020550647780666997
2022-23,new,POR,BKN,0.01212797694503516
2022-23,new,POR,BOS,0.0
2022-23,new,POR,CHA,0.000692556045263556
2022-23,new,POR,CHI,0.023823138573813497
2022-23,new,POR,CLE,0.00042216211619735725
2022-23,new,POR,DAL,0.014363697582326094
2022-23,new,POR,DEN,0.0
2022-23,new,POR,DET,1.863916203623422e-06
2022-23,new,POR,GSW,0.028711644207606128
2022-23,new,POR,HOU,0.09203367541130664
2022-23,new,POR,IND,0.01572334674441714
2022-23,new,POR,LAC,0.003088631492152264
2022-23,new,POR,LAL,0.029274245989749804
2022-23,new,POR,MEM,0.0041728914199810445
2022-23,new,POR,MIA,0.014734337145505299
2022-23,new,POR,MIL,0.0
2022-23,new,POR,MIN,0.0
2022-23,new,POR,NOP,0.07183216573594234
2022-23,new,POR,NYK,0.01295225753067747
2022-23,new,POR,OKC,0.04836018288421749
2022-23,new,POR,ORL,0.0016892349146887843
2022-23,new,POR,PHI,0.0
2022-23,new,POR,PHX,0.0
2022-23,new,POR,SAC,0.004340061530246818
2022-23,new,POR,SAS,7.636304479620129e-06
2022-23,new,POR,TOR,0.00941326109119002
2022-23,new,POR,UTA,0.03533186775193929
2022-23,new,POR,WAS,0.02515145993591934
2022-23,new,SAC,ATL,0.006726332701802757
2022-23,new,SAC,BKN,0.015514446348281023
2022-23,new,SAC,BOS,0.0
2022-23,new,SAC,CHA,0.007770492567387683
2022-23,new,SAC,CHI,0.012268721605112125
2022-23,new,SAC,CLE,0.00012443939555568842
2022-23,new,SAC,DAL,0.034479958730867705
2022-23,new,SAC,DEN,0.0
2022-23,new,SAC,DET,7.168874656448725e-07
2022-23,new,SAC,GSW,0.03511555491811505
2022-23,new,SAC,HOU,0.041786099034622465
2022-23,new,SAC,IND,0.04616275659383503
2022-23,new,SAC,LAC,0.015806304002883197
2022-23,new,SAC,LAL,0.06504094822055274
2022-23,new,SAC,MEM,0.029809793951968956
2022-23,new,SAC,MIA,0.01698348297756199
2022-23,new,SAC,MIL,0.0
2022-23,new,SAC,MIN,0.0
2022-23,new,SAC,NOP,0.01613604525774557
2022-23,new,SAC,NYK,0.03143682342621473
2022-23,new,SAC,OKC,0.03130307116820717
2022-23,new,SAC,ORL,0.004354804863959513
2022-23,new,SAC,PHI,0.0
2022-23,new,SAC,PHX,0.0
2022-23,new,SAC,POR,0.047969894495311756
2022-23,new,SAC,SAS,1.9589985335783404e-06
2022-23,new,SAC,TOR,0.003559513060319675
2022-23,new,SAC,UTA,0.0558195407319239
2022-23,new,SAC,WAS,4.853617159573457e-05
2022-23,new,SAS,ATL,0.0014858094824057061
2022-23,new,SAS,BKN,0.024407154740964974
2022-23,new,SAS,BOS,0.0
2022-23,new,SAS,CHA,0.0008574318796598257
2022-23,new,SAS,CHI,0.00884469228449924
2022-23,new,SAS,CLE,1.979678809063977e-07
2022-23,new,SAS,DAL,0.018872355920513815
2022-23,new,SAS,DEN,0.0
2022-23,new,SAS,DET,3.023331344656533e-05
2022-23,new,SAS,GSW,0.01476353147621089
2022-23,new,SAS,HOU,0.018047144579388004
2022-23,new,SAS,IND,0.0012470011396659832
2022-23,new,SAS,LAC,0.011674569119871915
2022-23,new,SAS,LAL,0.07020500997260037
2022-23,new,SAS,MEM,8.19758615918921e-05
2022-23,new,SAS,MIA,0.011877813287776543
2022-23,new,SAS,MIL,0.0
2022-23,new,SAS,MIN,0.0
2022-23,new,SAS,NOP,0.09869450407223135
2022-23,new,SAS,NYK,0.008725643456612073
2022-23,new,SAS,OKC,0.02662499982299652
2022-23,new,SAS,ORL,0.0006679835367909341
2022-23,new,SAS,PHI,0.0
2022-23,new,SAS,PHX,0.0
2022-23,new,SAS,POR,0.007099940493122564
2022-23,new,SAS,SAC,0.0016726338020976264
2022-23,new,SAS,TOR,0.024296116033624762
2022-23,new,SAS,UTA,0.14041017195925912
2022-23,new,SAS,WAS,0.0042700820063389005
2022-23,new,TOR,ATL,0.12679235921935342
2022-23,new,TOR,BKN,0.04095991738089584
2022-23,new,TOR,BOS,0.0
2022-23,new,TOR,CHA,0.020988196510969753
2022-23,new,TOR,CHI,0.10272279227419984
2022-23,new,TOR,CLE,0.000497711924036429
2022-23,new,TOR,DAL,0.046155385311858456
2022-23,new,TOR,DEN,0.0
2022-23,new,TOR,DET,7.370073288944139e-06
2022-23,new,TOR,GSW,0.022841468316535263
2022-23,new,TOR,HOU,0.01846443999723274
2022-23,new,TOR,IND,0.016350033510019554
2022-23,new,TOR,LAC,0.013453663870278776
2022-23,new,TOR,LAL,0.022657597014953474
2022-23,new,TOR,MEM,0.004767521725560168
2022-23,new,TOR,MIA,0.03454421631215335
2022-23,new,TOR,MIL,0.0
2022-23,new,TOR,MIN,0.0
2022-23,new,TOR,NOP,0.013970096899429334
2022-23,new,TOR,NYK,0.030445372229245357
2022-23,new,TOR,OKC,0.013773706874023347
2022-23,new,TOR,ORL,0.005006677661868692
2022-23,new,TOR,PHI,0.0
2022-23,new,TOR,PHX,0.0
2022-23,new,TOR,POR,0.010744730558200803
2022-23,new,TOR,SAC,0.001037673189991674
2022-23,new,TOR,SAS,0.0005240411457295859
2022-23,new,TOR,UTA,0.10620613937309532
2022-23,new,TOR,WAS,0.057041884350980114
2022-23,new,UTA,ATL,0.0018034004217691946
2022-23,new,UTA,BKN,0.01039531744794136
2022-23,new,UTA,BOS,0.0
2022-23,new,UTA,CHA,0.03407929085950118
2022-23,new,UTA,CHI,0.0056150030336331825
2022-23,new,UTA,CLE,1.979678809063977e-07
2022-23,new,UTA,DAL,0.09465441258299025
2022-23,new,UTA,DEN,0.0
2022-23,new,UTA,DET,4.244782649964003e-05
2022-23,new,UTA,GSW,0.039560418739008736
2022-23,new,UTA,HOU,0.012537445890584737
2022-23,new,UTA,IND,0.0345893557715287
2022-23,new,UTA,LAC,0.02156573289834718
2022-23,new,UTA,LAL,0.039804148713090653
2022-23,new,UTA,MEM,0.008911433052056383
2022-23,new,UTA,MIA,0.004482518332504665
2022-23,new,UTA,MIL,0.0
2022-23,new,UTA,MIN,0.0
2022-23,new,UTA,NOP,0.07858485968970165
2022-23,new,UTA,NYK,0.04925807238539134
2022-23,new,UTA,OKC,0.023147359797690895
2022-23,new,UTA,ORL,0.0006505530059498874
2022-23,new,UTA,PHI,0.0
2022-23,new,UTA,PHX,0.0
2022-23,new,UTA,POR,0.01176208026809942
2022-23,new,UTA,SAC,0.002090976757770475
2022-23,new,UTA,SAS,4.132346254099785e-05
2022-23,new,UTA,TOR,0.0013495587348534624
2022-23,new,UTA,WAS,0.0003695372376766425
2022-23,new,WAS,ATL,0.010545189530938498
2022-23,new,WAS,BKN,0.002132560467560876
2022-23,new,WAS,BOS,0.0
2022-23,new,WAS,CHA,0.009199546406384873
2022-23,new,WAS,CHI,0.018922167676324958
2022-23,new,WAS,CLE,0.0
2022-23,new,WAS,DAL,5.474686013195456e-05
2022-23,new,WAS,DEN,0.0
2022-23,new,WAS,DET,1.2925696516160104e-05
2022-23,new,WAS,GSW,4.287235824878097e-05
2022-23,new,WAS,HOU,0.00035964440365707305
2022-23,new,WAS,IND,0.020093754059925008
2022-23,new,WAS,LAC,0.006339709055228641
2022-23,new,WAS,LAL,3.879310553170869e-05
2022-23,new,WAS,MEM,0.006137931049913811
2022-23,new,WAS,MIA,0.0004052792514753247
2022-23,new,WAS,MIL,0.0
2022-23,new,WAS,MIN,0.0
2022-23,new,WAS,NOP,1.8857759002050225e-05
2022-23,new,WAS,NYK,0.029114662121802318
2022-23,new,WAS,OKC,5.064655681429755e-05
2022-23,new,WAS,ORL,0.0041588039438959935
2022-23,new,WAS,PHI,0.0
2022-23,new,WAS,PHX,0.0
2022-23,new,WAS,POR,0.004009157832360173
2022-23,new,WAS,SAC,0.0
2022-23,new,WAS,SAS,3.5223633274356346e-05
2022-23,new,WAS,TOR,0.0052875930821966325
2022-23,new,WAS,UTA,0.0028289479304675173
2022-23,old,ATL,BKN,0.01722181237436012
2022-23,old,ATL,BOS,0.0
2022-23,old,ATL,CHA,0.0008853270543238001
2022-23,old,ATL,CHI,0.03645332788825366
2022-23,old,ATL,CLE,0.0010521666449703124
2022-23,old,ATL,DAL,0.06880654970754149
2022-23,old,ATL,DEN,0.0
2022-23,old,ATL,DET,0.000585771267514982
2022-23,old,ATL,GSW,0.015944702461182823
2022-23,old,ATL,HOU,0.013070042873913394
2022-23,old,ATL,IND,0.023367003867100788
2022-23,old,ATL,LAC,0.0005021551794950561
2022-23,old,ATL,LAL,0.018330279678760653
2022-23,old,ATL,MEM,0.008063577461988224
2022-23,old,ATL,MIA,0.015069102558979842
2022-23,old,ATL,MIL,0.0
2022-23,old,ATL,MIN,0.0
2022-23,old,ATL,NOP,0.024357489256734227
2022-23,old,ATL,NYK,0.08124350178709162
2022-23,old,ATL,OKC,0.025269396815966842
2022-23,old,ATL,ORL,0.0437566847380209
2022-23,old,ATL,PHI,0.0
2022-23,old,ATL,PHX,0.0
2022-23,old,ATL,POR,0.008016600698896712
2022-23,old,ATL,SAC,0.004426605352836585
2022-23,old,ATL,SAS,0.0003776035011613332
2022-23,old,ATL,TOR,0.06904773637750504
2022-23,old,ATL,UTA,0.023935833384834383
2022-23,old,ATL,WAS,0.05203410747840635
2022-23,old,BKN,ATL,0.015305263729073388
2022-23,old,BKN,BOS,0.0
2022-23,old,BKN,CHA,0.030944719617272295
2022-23,old,BKN,CHI,0.0075242810755704855
2022-23,old,BKN,CLE,0.0005623279245087193
2022-23,old,BKN,DAL,0.020763948808846595
2022-23,old,BKN,DEN,0.0
2022-23,old,BKN,DET,1.0480214099265005e-06
2022-23,old,BKN,GSW,0.016537444007959402
2022-23,old,BKN,HOU,0.02827747892002286
2022-23,old,BKN,IND,0.05609510978257064
2022-23,old,BKN,LAC,0.01173437500109591
2022-23,old,BKN,LAL,0.011458513008486805
2022-23,old,BKN,MEM,0.022291258870933826
2022-23,old,BKN,MIA,0.05198778581220126
2022-23,old,BKN,MIL,0.0
2022-23,old,BKN,MIN,0.0
2022-23,old,BKN,NOP,0.017982489334616065
2022-23,old,BKN,NYK,0.027911429048515873
2022-23,old,BKN,OKC,0.011229795222130506
2022-23,old,BKN,ORL,0.008010452983152581
2022-23,old,BKN,PHI,0.0
2022-23,old,BKN,PHX,0.0
2022-23,old,BKN,POR,0.015390366624044898
2022-23,old,BKN,SAC,0.017766278366483156
2022-23,old,BKN,SAS,2.2995701972615783e-06
2022-23,old,BKN,TOR,0.021812467697921157
2022-23,old,BKN,UTA,0.06319662922858174
2022-23,old,BKN,WAS,0.006326246892830167
2022-23,old,BOS,ATL,0.012360972043702498
2022-23,old,BOS,BKN,0.014918249179537315
2022-23,old,BOS,CHA,0.047293183063480064
2022-23,old,BOS,CHI,0.015548741259431443
2022-23,old,BOS,CLE,0.0005973997804881246
2022-23,old,BOS,DAL,0.0512040604563474
2022-23,old,BOS,DEN,0.0
2022-23,old,BOS,DET,1.2492829212569939e-06
2022-23,old,BOS,GSW,0.0076223959521732635
2022-23,old,BOS,HOU,0.00559913804830887
2022-23,old,BOS,IND,0.14033482453759194
2022-23,old,BOS,LAC,0.03047925650487365
2022-23,old,BOS,LAL,0.012559805830864332
2022-23,old,BOS,MEM,0.016573489413189445
2022-23,old,BOS,MIA,0.012259173847017234
2022-23,old,BOS,MIL,0.0
2022-23,old,BOS,MIN,0.0
2022-23,old,BOS,NOP,0.014455549669741045
2022-23,old,BOS,NYK,0.04043289043988114
2022-23,old,BOS,OKC,0.013538793051667542
2022-23,old,BOS,ORL,0.006814875632608143
2022-23,old,BOS,PHI,0.0
2022-23,old,BOS,PHX,0.0
2022-23,old,BOS,POR,0.039464949513487835
2022-23,old,BOS,SAC,0.010991758031603164
2022-23,old,BOS,SAS,2.1292538432604923e-06
2022-23,old,BOS,TOR,0.009548226970181406
2022-23,old,BOS,UTA,0.038673922308616916
2022-23,old,BOS,WAS,0.012608638098257009
2022-23,old,CHA,ATL,0.030265749454382044
2022-23,old,CHA,BKN,0.01248746623312592
2022-23,old,CHA,BOS,0.0
2022-23,old,CHA,CHI,0.018254332811679163
2022-23,old,CHA,CLE,0.0008066618973539884
2022-23,old,CHA,DAL,0.08810924922899012
2022-23,old,CHA,DEN,0.0
2022-23,old,CHA,DET,0.0006388542859740276
2022-23,old,CHA,GSW,0.01216108371267038
2022-23,old,CHA,HOU,0.014572737333344712
2022-23,old,CHA,IND,0.007741701869557225
2022-23,old,CHA,LAC,0.0003434806075228121
2022-23,old,CHA,LAL,0.026136583941727715
2022-23,old,CHA,MEM,0.0012241386749299457
2022-23,old,CHA,MIA,0.0027987936418790373
2022-23,old,CHA,MIL,0.0
2022-23,old,CHA,MIN,0.0
2022-23,old,CHA,NOP,0.020521821356217926
2022-23,old,CHA,NYK,0.07020710702951287
2022-23,old,CHA,OKC,0.019985991836975105
2022-23,old,CHA,ORL,0.015845648714078286
2022-23,old,CHA,PHI,0.0
2022-23,old,CHA,PHX,0.0
2022-23,old,CHA,POR,0.006351352072970231
2022-23,old,CHA,SAC,0.0032859126726480347
2022-23,old,CHA,SAS,0.002109592009034777
2022-23,old,CHA,TOR,0.01793605341534492
2022-23,old,CHA,UTA,0.038053147972695094
2022-23,old,CHA,WAS,0.016782732052674255
2022-23,old,CHI,ATL,0.014151804670998571
2022-23,old,CHI,BKN,0.0465429961025205
2022-23,old,CHI,BOS,0.0
2022-23,old,CHI,CHA,4.421562298808402e-06
2022-23,old,CHI,CLE,7.014284255426558e-05
2022-23,old,CHI,DAL,0.06768310039010222
2022-23,old,CHI,DEN,0.0
2022-23,old,CHI,DET,9.72284745799204e-07
2022-23,old,CHI,GSW,0.006714688031941213
2022-23,old,CHI,HOU,0.009233836136910872
2022-23,old,CHI,IND,0.008728916020365702
2022-23,old,CHI,LAC,0.00039978449176675794
2022-23,old,CHI,LAL,0.005936961146613487
2022-23,old,CHI,MEM,0.0006594831299298968
2022-23,old,CHI,MIA,0.003235590357388859
2022-23,old,CHI,MIL,0.0
2022-23,old,CHI,MIN,0.0
2022-23,old,CHI,NOP,0.01439466608971245
2022-23,old,CHI,NYK,0.0840038246814083
2022-23,old,CHI,OKC,0.013964439832428796
2022-23,old,CHI,ORL,0.047595473695989335
2022-23,old,CHI,PHI,0.0
2022-23,old,CHI,PHX,0.0
2022-23,old,CHI,POR,0.002419277971424311
2022-23,old,CHI,SAC,0.0030614343559239453
2022-23,old,CHI,SAS,1.665391297283277e-06
2022-23,old,CHI,TOR,0.02445279290912379
2022-23,old,CHI,UTA,0.016106872974382954
2022-23,old,CHI,WAS,0.036500222235150495
2022-23,old,CLE,ATL,0.0018922961803073454
2022-23,old,CLE,BKN,0.01035770347947535
2022-23,old,CLE,BOS,0.0
2022-23,old,CLE,CHA,0.011039775522038008
2022-23,old,CLE,CHI,0.00475765114699803
2022-23,old,CLE,DAL,0.02222605208150204
2022-23,old,CLE,DEN,0.0
2022-23,old,CLE,DET,1.9504906341101684e-06
2022-23,old,CLE,GSW,0.0065329366935750486
2022-23,old,CLE,HOU,0.010502963515464217
2022-23,old,CLE,IND,0.12771323946813656
2022-23,old,CLE,LAC,0.0032381465627835926
2022-23,old,CLE,LAL,0.004705279924754246
2022-23,old,CLE,MEM,0.05680603395376742
2022-23,old,CLE,MIA,0.021554466691154774
2022-23,old,CLE,MIL,0.0
2022-23,old,CLE,MIN,0.0
2022-23,old,CLE,NOP,0.005833243618895915
2022-23,old,CLE,NYK,0.02222376422840661
2022-23,old,CLE,OKC,0.005497306186830271
2022-23,old,CLE,ORL,0.0037754993923872927
2022-23,old,CLE,PHI,0.0
2022-23,old,CLE,PHX,0.0
2022-23,old,CLE,POR,0.02393851637598065
2022-23,old,CLE,SAC,0.023284482846983926
2022-23,old,CLE,SAS,3.78659049203545e-06
2022-23,old,CLE,TOR,0.013786011950620484
2022-23,old,CLE,UTA,0.009818679480071242
2022-23,old,CLE,WAS,0.019462238326662808
2022-23,old,DEN,ATL,0.013519757026021062
2022-23,old,DEN,BKN,0.04654788129790979
2022-23,old,DEN,BOS,0.0
2022-23,old,DEN,CHA,0.17760598791042642
2022-23,old,DEN,CHI,0.005027315283441497
2022-23,old,DEN,CLE,0.00012275294142060844
2022-23,old,DEN,DAL,0.03183601570072493
2022-23,old,DEN,DET,6.039985794611361e-05
2022-23,old,DEN,GSW,0.014149915625781185
2022-23,old,DEN,HOU,0.020152748022670055
2022-23,old,DEN,IND,0.049475096784480865
2022-23,old,DEN,LAC,0.01712553884528963
2022-23,old,DEN,LAL,0.02493884702082643
2022-23,old,DEN,MEM,0.016517241314417445
2022-23,old,DEN,MIA,0.022590746150973808
2022-23,old,DEN,MIL,0.0
2022-23,old,DEN,MIN,0.0
2022-23,old,DEN,NOP,0.004379041075469639
2022-23,old,DEN,NYK,0.03211628999994008
2022-23,old,DEN,OKC,0.013375269318388873
2022-23,old,DEN,ORL,0.0017340451227173294
2022-23,old,DEN,PHI,0.0
2022-23,old,DEN,PHX,0.0
2022-23,old,DEN,POR,0.03133471458556216
2022-23,old,DEN,SAC,0.011491770045334443
2022-23,old,DEN,SAS,0.0022994802310156194
2022-23,old,DEN,TOR,0.005652911599714448
2022-23,old,DEN,UTA,0.053177097283723336
2022-23,old,DEN,WAS,0.026660167337572975
2022-23,old,DET,ATL,0.014104525998996802
2022-23,old,DET,BKN,0.01687948801676796
2022-23,old,DET,BOS,0.0
2022-23,old,DET,CHA,0.01687050020110214
2022-23,old,DET,CHI,0.03992673812988112
2022-23,old,DET,CLE,0.0001592316083936014
2022-23,old,DET,DAL,0.010766545811286516
2022-23,old,DET,DEN,0.0
2022-23,old,DET,GSW,0.018829988305708454
2022-23,old,DET,HOU,0.015111799687909856
2022-23,old,DET,IND,0.01466239001359571
2022-23,old,DET,LAC,0.0005934806153828537
2022-23,old,DET,LAL,0.018391163846606325
2022-23,old,DET,MEM,0.0023335977945275962
2022-23,old,DET,MIA,0.003244039261689891
2022-23,old,DET,MIL,0.0
2022-23,old,DET,MIN,0.0
2022-23,old,DET,NOP,0.020634159799163426
2022-23,old,DET,NYK,0.02110387076574479
2022-23,old,DET,OKC,0.01518723093908569
2022-23,old,DET,ORL,0.009059336789022317
2022-23,old,DET,PHI,0.0
2022-23,old,DET,PHX,0.0
2022-23,old,DET,POR,0.0041861766055286105
2022-23,old,DET,SAC,0.0023964085719577794
2022-23,old,DET,SAS,0.00752348306723326
2022-23,old,DET,TOR,0.01971562023130245
2022-23,old,DET,UTA,0.03154824492502234
2022-23,old,DET,WAS,0.040353987495689476
2022-23,old,GSW,ATL,0.014378670399415466
2022-23,old,GSW,BKN,0.024835615271013252
2022-23,old,GSW,BOS,0.0
2022-23,old,GSW,CHA,0.0017798913460027508
2022-23,old,GSW,CHI,0.00783211067273034
2022-23,old,GSW,CLE,1.1709815403173152e-09
2022-23,old,GSW,DAL,0.10292887110024934
2022-23,old,GSW,DEN,0.0
2022-23,old,GSW,DET,0.0001848693739496255
2022-23,old,GSW,HOU,0.0334752158661662
2022-23,old,GSW,IND,0.010357275743279512
2022-23,old,GSW,LAC,0.0004760237144916478
2022-23,old,GSW,LAL,0.10794369581448524
2022-23,old,GSW,MEM,0.00016026598081915486
2022-23,old,GSW,MIA,0.02347953361936174
2022-23,old,GSW,MIL,0.0
2022-23,old,GSW,MIN,0.0
2022-23,old,GSW,NOP,0.024785291074217165
2022-23,old,GSW,NYK,0.09062335324061384
2022-23,old,GSW,OKC,0.016261584021729128
2022-23,old,GSW,ORL,0.002613673887196753
2022-23,old,GSW,PHI,0.0
2022-23,old,GSW,PHX,0.0
2022-23,old,GSW,POR,0.0067247404181601704
2022-23,old,GSW,SAC,0.010273121820708239
2022-23,old,GSW,SAS,4.25126254656106e-06
2022-23,old,GSW,TOR,0.01286557728792055
2022-23,old,GSW,UTA,0.03653285554675669
2022-23,old,GSW,WAS,0.0029960978272312888
2022-23,old,HOU,ATL,0.0024239740765807857
2022-23,old,HOU,BKN,0.00013378653413015826
2022-23,old,HOU,BOS,0.0
2022-23,old,HOU,CHA,0.012578289611408376
2022-23,old,HOU,CHI,0.012334444528558003
2022-23,old,HOU,CLE,1.1548952267096701e-10
2022-23,old,HOU,DAL,0.005368852081711817
2022-23,old,HOU,DEN,0.0
2022-23,old,HOU,DET,0.001642266346185326
2022-23,old,HOU,GSW,0.0035149097038536087
2022-23,old,HOU,IND,0.006526650646899712
2022-23,old,HOU,LAC,8.054957016579934e-05
2022-23,old,HOU,LAL,0.014888469596726597
2022-23,old,HOU,MEM,0.000970906381551704
2022-23,old,HOU,MIA,0.00027233765582918983
2022-23,old,HOU,MIL,0.0
2022-23,old,HOU,MIN,0.0
2022-23,old,HOU,NOP,0.001201508674220632
2022-23,old,HOU,NYK,0.0041541705612008865
2022-23,old,HOU,OKC,0.008892510805684463
2022-23,old,HOU,ORL,0.0010314782645420616
2022-23,old,HOU,PHI,0.0
2022-23,old,HOU,PHX,0.0
2022-23,old,HOU,POR,0.00665089526639805
2022-23,old,HOU,SAC,2.1516752626870783e-06
2022-23,old,HOU,SAS,0.005111268219691585
2022-23,old,HOU,TOR,0.005710089847708316
2022-23,old,HOU,UTA,0.02256503106167422
2022-23,old,HOU,WAS,0.00939850509955988
2022-23,old,IND,ATL,0.010089325265863532
2022-23,old,IND,BKN,0.003541017588132314
2022-23,old,IND,BOS,0.0
2022-23,old,IND,CHA,0.006771995533258238
2022-23,old,IND,CHI,0.03820421656621326
2022-23,old,IND,CLE,0.00015782309738320642
2022-23,old,IND,DAL,0.045185728361003145
2022-23,old,IND,DEN,0.0
2022-23,old,IND,DET,0.0010985526704529649
2022-23,old,IND,GSW,0.005238602983663328
2022-23,old,IND,HOU,0.00263415957002194
2022-23,old,IND,LAC,0.0062486530409660195
2022-23,old,IND,LAL,0.010481411595487614
2022-23,old,IND,MEM,0.0035431047893280158
2022-23,old,IND,MIA,0.0022709334298352223
2022-23,old,IND,MIL,0.0
2022-23,old,IND,MIN,0.0
2022-23,old,IND,NOP,0.025093211710818342
2022-23,old,IND,NYK,0.04578258743973103
2022-23,old,IND,OKC,0.011937230853464232
2022-23,old,IND,ORL,0.008060204895065875
2022-23,old,IND,PHI,0.0
2022-23,old,IND,PHX,0.0
2022-23,old,IND,POR,0.02125576499552339
2022-23,old,IND,SAC,0.0014160527753460678
2022-23,old,IND,SAS,0.0011219989454880992
2022-23,old,IND,TOR,0.02635968048789184
2022-23,old,IND,UTA,0.05534140659390813
2022-23,old,IND,WAS,0.039655250858508004
2022-23,old,LAC,ATL,0.016970756090824837
2022-23,old,LAC,BKN,0.04857298269199311
2022-23,old,LAC,BOS,0.0
2022-23,old,LAC,CHA,0.0011703624599078476
2022-23,old,LAC,CHI,0.01662401964575756
2022-23,old,LAC,CLE,4.054341123798911e-10
2022-23,old,LAC,DAL,0.036442802667241446
2022-23,old,LAC,DEN,0.0
2022-23,old,LAC,DET,1.3721899935982434e-05
2022-23,old,LAC,GSW,0.04306561945338181
2022-23,old,LAC,HOU,0.3006877690954896
2022-23,old,LAC,IND,0.028875223494186135
2022-23,old,LAC,LAL,0.057141971684097126
2022-23,old,LAC,MEM,0.0024259208915457845
2022-23,old,LAC,MIA,0.0353637615907348
2022-23,old,LAC,MIL,0.0
2022-23,old,LAC,MIN,0.0
2022-23,old,LAC,NOP,0.040557651076694665
2022-23,old,LAC,NYK,0.03511186851504376
2022-23,old,LAC,OKC,0.041125808026308414
2022-23,old,LAC,ORL,0.010049911195609527
2022-23,old,LAC,PHI,0.0
2022-23,old,LAC,PHX,0.0
2022-23,old,LAC,POR,0.0027248655724310252
2022-23,old,LAC,SAC,0.0055581898039110495
2022-23,old,LAC,SAS,2.59220370314116e-05
2022-23,old,LAC,TOR,0.012629396683305504
2022-23,old,LAC,UTA,0.040377729918413506
2022-23,old,LAC,WAS,0.010147368858543197
2022-23,old,LAL,ATL,0.006437095874144224
2022-23,old,LAL,BKN,0.005156502353035134
2022-23,old,LAL,BOS,0.0
2022-23,old,LAL,CHA,1.0618112459540385e-05
2022-23,old,LAL,CHI,0.003927260483114565
2022-23,old,LAL,CLE,1.7337763992786124e-07
2022-23,old,LAL,DAL,0.06389666385575689
2022-23,old,LAL,DEN,0.0
2022-23,old,LAL,DET,4.569810638267853e-06
2022-23,old,LAL,GSW,0.022188151803718272
2022-23,old,LAL,HOU,0.013623922596071399
2022-23,old,LAL,IND,0.0022452628288160987
2022-23,old,LAL,LAC,0.00026104526293207087
2022-23,old,LAL,MEM,9.600903615408801e-06
2022-23,old,LAL,MIA,0.008810706364509181
2022-23,old,LAL,MIL,0.0
2022-23,old,LAL,MIN,0.0
2022-23,old,LAL,NOP,0.1089485445919503
2022-23,old,LAL,NYK,0.04621871783654917
2022-23,old,LAL,OKC,0.018270743532579972
2022-23,old,LAL,ORL,0.0014606691967087105
2022-23,old,LAL,PHI,0.0
2022-23,old,LAL,PHX,0.0
2022-23,old,LAL,POR,0.001810992642429763
2022-23,old,LAL,SAC,0.00014356962611262886
2022-23,old,LAL,SAS,8.412004731108317e-06
2022-23,old,LAL,TOR,0.007160451870171608
2022-23,old,LAL,UTA,0.14900577481555316
2022-23,old,LAL,WAS,0.004819294144817132
2022-23,old,MEM,ATL,0.007753016367021778
2022-23,old,MEM,BKN,0.024975938246901017
2022-23,old,MEM,BOS,0.0
2022-23,old,MEM,CHA,0.02674228878153263
2022-23,old,MEM,CHI,0.003043429663781692
2022-23,old,MEM,CLE,3.800058763827301e-11
2022-23,old,MEM,DAL,0.003635086551423764
2022-23,old,MEM,DEN,0.0
2022-23,old,MEM,DET,5.588233850646683e-06
2022-23,old,MEM,GSW,0.009922713016430471
2022-23,old,MEM,HOU,0.05569046310793431
2022-23,old,MEM,IND,0.02595935174044755
2022-23,old,MEM,LAC,0.00714709051563565
2022-23,old,MEM,LAL,0.01753340514764142
2022-23,old,MEM,MIA,0.013287819671736041
2022-23,old,MEM,MIL,0.0
2022-23,old,MEM,MIN,0.0
2022-23,old,MEM,NOP,0.009279094664119022
2022-23,old,MEM,NYK,0.01236629897732927
2022-23,old,MEM,OKC,0.009587553777422856
2022-23,old,MEM,ORL,0.005822495786812799
2022-23,old,MEM,PHI,0.0
2022-23,old,MEM,PHX,0.0
2022-23,old,MEM,POR,0.012861908225310702
2022-23,old,MEM,SAC,0.02633541430862415
2022-23,old,MEM,SAS,1.1995359649932099e-05
2022-23,old,MEM,TOR,0.005213796707311762
2022-23,old,MEM,UTA,0.02452322392906095
2022-23,old,MEM,WAS,0.011544041797012773
2022-23,old,MIA,ATL,0.030647690538750386
2022-23,old,MIA,BKN,0.08721866618437896
2022-23,old,MIA,BOS,0.0
2022-23,old,MIA,CHA,0.013448192373393158
2022-23,old,MIA,CHI,0.011565634000483528
2022-23,old,MIA,CLE,0.002894630795370186
2022-23,old,MIA,DAL,0.027310990829387715
2022-23,old,MIA,DEN,0.0
2022-23,old,MIA,DET,0.0005480443478445324
2022-23,old,MIA,GSW,0.03213530749772246
2022-23,old,MIA,HOU,0.04100727369966675
2022-23,old,MIA,IND,0.017388574808901703
2022-23,old,MIA,LAC,0.0012645474089116886
2022-23,old,MIA,LAL,0.02499515137380262
2022-23,old,MIA,MEM,0.0066648707778071345
2022-23,old,MIA,MIL,0.0
2022-23,old,MIA,MIN,0.0
2022-23,old,MIA,NOP,0.020193965804887585
2022-23,old,MIA,NYK,0.0528563458223999
2022-23,old,MIA,OKC,0.010552801963218877
2022-23,old,MIA,ORL,0.01636955673631789
2022-23,old,MIA,PHI,0.0
2022-23,old,MIA,PHX,0.0
2022-23,old,MIA,POR,0.03145763811295678
2022-23,old,MIA,SAC,0.009214435922087401
2022-23,old,MIA,SAS,0.0008904748902321757
2022-23,old,MIA,TOR,0.021224644066008217
2022-23,old,MIA,UTA,0.04348489164912309
2022-23,old,MIA,WAS,0.04510183759252354
2022-23,old,MIL,ATL,0.011725572735003995
2022-23,old,MIL,BKN,0.0013540418162879683
2022-23,old,MIL,BOS,0.0
2022-23,old,MIL,CHA,0.02894893287560543
2022-23,old,MIL,CHI,0.011681831205826256
2022-23,old,MIL,CLE,5.2610273690327616e-05
2022-23,old,MIL,DAL,0.007973391982436448
2022-23,old,MIL,DEN,0.0
2022-23,old,MIL,DET,4.4313502144947795e-06
2022-23,old,MIL,GSW,0.004909303677316914
2022-23,old,MIL,HOU,0.0037526940508015015
2022-23,old,MIL,IND,0.025767867175849904
2022-23,old,MIL,LAC,0.027675107778110223
2022-23,old,MIL,LAL,0.004647629295861155
2022-23,old,MIL,MEM,0.005745786679951286
2022-23,old,MIL,MIA,0.00812296168033816
2022-23,old,MIL,MIN,0.0
2022-23,old,MIL,NOP,0.004985183250753144
2022-23,old,MIL,NYK,0.011515250649694938
2022-23,old,MIL,OKC,0.004793103442342697
2022-23,old,MIL,ORL,0.010628525868216106
2022-23,old,MIL,PHI,0.0
2022-23,old,MIL,PHX,0.0
2022-23,old,MIL,POR,0.012111946857018392
2022-23,old,MIL,SAC,0.004706896602995053
2022-23,old,MIL,SAS,8.016635713792193e-06
2022-23,old,MIL,TOR,0.0034203056218856166
2022-23,old,MIL,UTA,0.019760942848914727
2022-23,old,MIL,WAS,0.014522065965219842
2022-23,old,MIN,ATL,0.017387101100686617
2022-23,old,MIN,BKN,0.00411839162960561
2022-23,old,MIN,BOS,0.0
2022-23,old,MIN,CHA,4.384389493711341e-06
2022-23,old,MIN,CHI,0.009282575633000747
2022-23,old,MIN,CLE,1.7333341583672403e-07
2022-23,old,MIN,DAL,0.019198284809158563
2022-23,old,MIN,DEN,0.0
2022-23,old,MIN,DET,1.3801304287414124e-06
2022-23,old,MIN,GSW,0.010174202576465254
2022-23,old,MIN,HOU,0.010559806170239081
2022-23,old,MIN,IND,0.002547760337332805
2022-23,old,MIN,LAC,0.0002772090568183118
2022-23,old,MIN,LAL,0.012559806111686188
2022-23,old,MIN,MEM,1.0678489838362641e-05
2022-23,old,MIN,MIA,0.007215969119239841
2022-23,old,MIN,MIL,0.0
2022-23,old,MIN,NOP,0.10670878172856113
2022-23,old,MIN,NYK,0.02091117243051666
2022-23,old,MIN,OKC,0.014998383519002878
2022-23,old,MIN,ORL,0.006833750366476156
2022-23,old,MIN,PHI,0.0
2022-23,old,MIN,PHX,0.0
2022-23,old,MIN,POR,0.0035126333863316306
2022-23,old,MIN,SAC,0.00031167307504683967
2022-23,old,MIN,SAS,2.025891241541124e-06
2022-23,old,MIN,TOR,0.015431428203172632
2022-23,old,MIN,UTA,0.30068690067208276
2022-23,old,MIN,WAS,0.008571151891500676
2022-23,old,NOP,ATL,0.029219117831223527
2022-23,old,NOP,BKN,0.03739720244986215
2022-23,old,NOP,BOS,0.0
2022-23,old,NOP,CHA,0.015236660066553805
2022-23,old,NOP,CHI,0.03317245586576597
2022-23,old,NOP,CLE,0.000561274151255108
2022-23,old,NOP,DAL,0.10187583044841227
2022-23,old,NOP,DEN,0.0
2022-23,old,NOP,DET,0.0007461602053533687
2022-23,old,NOP,GSW,0.04118244199504502
2022-23,old,NOP,HOU,0.06893642228427906
2022-23,old,NOP,IND,0.028999549837827997
2022-23,old,NOP,LAC,0.0013970905335435387
2022-23,old,NOP,LAL,0.256051992787277
2022-23,old,NOP,MEM,0.008575354115859916
2022-23,old,NOP,MIA,0.021020593051454706
2022-23,old,NOP,MIL,0.0
2022-23,old,NOP,MIN,0.0
2022-23,old,NOP,NYK,0.05864963295115883
2022-23,old,NOP,OKC,0.06453529055928811
2022-23,old,NOP,ORL,0.005721266872279298
2022-23,old,NOP,PHI,0.0
2022-23,old,NOP,PHX,0.0
2022-23,old,NOP,POR,0.062294597732429784
2022-23,old,NOP,SAC,0.004040395825722289
2022-23,old,NOP,SAS,0.0013500291089900687
2022-23,old,NOP,TOR,0.03401926255961804
2022-23,old,NOP,UTA,0.08581648543341373
2022-23,old,NOP,WAS,0.01864842276281428
2022-23,old,NYK,ATL,0.006599453796491744
2022-23,old,NYK,BKN,0.034180559311183446
2022-23,old,NYK,BOS,0.0
2022-23,old,NYK,CHA,0.020060425536896583
2022-23,old,NYK,CHI,0.0038593597708840187
2022-23,old,NYK,CLE,0.0013515681585429741
2022-23,old,NYK,DAL,0.0014909408015003345
2022-23,old,NYK,DEN,0.0
2022-23,old,NYK,DET,3.1681804239405334e-06
2022-23,old,NYK,GSW,0.008549597485979856
2022-23,old,NYK,HOU,0.007696659697585034
2022-23,old,NYK,IND,0.041062086842902454
2022-23,old,NYK,LAC,0.0055118534960864295
2022-23,old,NYK,LAL,0.04003933187403538
2022-23,old,NYK,MEM,0.017206402520447826
2022-23,old,NYK,MIA,0.016109485387986545
2022-23,old,NYK,MIL,0.0
2022-23,old,NYK,MIN,0.0
2022-23,old,NYK,NOP,0.0011532866650919337
2022-23,old,NYK,OKC,0.0039849137586886706
2022-23,old,NYK,ORL,0.0011275986082302982
2022-23,old,NYK,PHI,0.0
2022-23,old,NYK,PHX,0.0
2022-23,old,NYK,POR,0.14829374747237922
2022-23,old,NYK,SAC,0.017729247470035903
2022-23,old,NYK,SAS,4.73363108156158e-06
2022-23,old,NYK,TOR,0.004536753795915975
2022-23,old,NYK,UTA,0.01854716499005124
2022-23,old,NYK,WAS,0.010779053002215325
2022-23,old,OKC,ATL,0.022471816016608498
2022-23,old,OKC,BKN,0.04125598856864422
2022-23,old,OKC,BOS,0.0
2022-23,old,OKC,CHA,3.604103042241504e-05
2022-23,old,OKC,CHI,0.029667916907165297
2022-23,old,OKC,CLE,5.228070392906863e-09
2022-23,old,OKC,DAL,0.26246010990106206
2022-23,old,OKC,DEN,0.0
2022-23,old,OKC,DET,7.497318633704394e-06
2022-23,old,OKC,GSW,0.02028478005504812
2022-23,old,OKC,HOU,0.08395851333182029
2022-23,old,OKC,IND,0.007167731504660553
2022-23,old,OKC,LAC,0.001689924601734423
2022-23,old,OKC,LAL,0.04663766180763245
2022-23,old,OKC,MEM,0.00023760902928441784
2022-23,old,OKC,MIA,0.019355754504771814
2022-23,old,OKC,MIL,0.0
2022-23,old,OKC,MIN,0.0
2022-23,old,OKC,NOP,0.047006465920451865
2022-23,old,OKC,NYK,0.21278171039047966
2022-23,old,OKC,ORL,0.010759341098065745
2022-23,old,OKC,PHI,0.0
2022-23,old,OKC,PHX,0.0
2022-23,old,OKC,POR,0.0061909701646566725
2022-23,old,OKC,SAC,0.0006000364601853931
2022-23,old,OKC,SAS,1.1854187255528455e-05
2022-23,old,OKC,TOR,0.022348540927799126
2022-23,old,OKC,UTA,0.05266322933741836
2022-23,old,OKC,WAS,0.02216252858050156
2022-23,old,ORL,ATL,0.015661464549180694
2022-23,old,ORL,BKN,0.049597617457815935
2022-23,old,ORL,BOS,0.0
2022-23,old,ORL,CHA,0.00239829300527466
2022-23,old,ORL,CHI,0.030287706378141897
2022-23,old,ORL,CLE,5.260957086889621e-05
2022-23,old,ORL,DAL,0.025246449409500858
2022-23,old,ORL,DEN,0.0
2022-23,old,ORL,DET,0.00010801928323560464
2022-23,old,ORL,GSW,0.022895975017147827
2022-23,old,ORL,HOU,0.04234994598640257
2022-23,old,ORL,IND,0.06617389506600956
2022-23,old,ORL,LAC,0.0004671336266268366
2022-23,old,ORL,LAL,0.0352497307678829
2022-23,old,ORL,MEM,0.024282725327196605
2022-23,old,ORL,MIA,0.01823380565804086
2022-23,old,ORL,MIL,0.0
2022-23,old,ORL,MIN,0.0
2022-23,old,ORL,NOP,0.02972656209676141
2022-23,old,ORL,NYK,0.025794997620723067
2022-23,old,ORL,OKC,0.02552128235851655
2022-23,old,ORL,PHI,0.0
2022-23,old,ORL,PHX,0.0
2022-23,old,ORL,POR,0.04866594077846165
2022-23,old,ORL,SAC,0.014046165664005822
2022-23,old,ORL,SAS,0.0002217260598889877
2022-23,old,ORL,TOR,0.01509914448215963
2022-23,old,ORL,UTA,0.04727566056483832
2022-23,old,ORL,WAS,0.031185068243062993
2022-23,old,PHI,ATL,0.022778591284685186
2022-23,old,PHI,BKN,0.06722356253765976
2022-23,old,PHI,BOS,0.0
2022-23,old,PHI,CHA,0.03733249183508271
2022-23,old,PHI,CHI,0.02375961038887002
2022-23,old,PHI,CLE,0.0005962259133976284
2022-23,old,PHI,DAL,0.020645310257003138
2022-23,old,PHI,DEN,0.0
2022-23,old,PHI,DET,5.201539428686992e-06
2022-23,old,PHI,GSW,0.021272668470199457
2022-23,old,PHI,HOU,0.019960129653276263
2022-23,old,PHI,IND,0.04108575649383798
2022-23,old,PHI,LAC,0.00896848060832969
2022-23,old,PHI,LAL,0.019262931094573138
2022-23,old,PHI,MEM,0.01771874985388278
2022-23,old,PHI,MIA,0.007840205432206246
2022-23,old,PHI,MIL,0.0
2022-23,old,PHI,MIN,0.0
2022-23,old,PHI,NOP,0.01645285568551305
2022-23,old,PHI,NYK,0.027394658599308706
2022-23,old,PHI,OKC,0.014564924635763825
2022-23,old,PHI,ORL,0.006346383466633371
2022-23,old,PHI,PHX,0.0
2022-23,old,PHI,POR,0.007398227232992111
2022-23,old,PHI,SAC,0.004421943961604744
2022-23,old,PHI,SAS,6.862729365161495e-06
2022-23,old,PHI,TOR,0.011355594373772709
2022-23,old,PHI,UTA,0.1373506308902589
2022-23,old,PHI,WAS,0.02492063209411543
2022-23,old,PHX,ATL,0.008059389066691893
2022-23,old,PHX,BKN,0.1765600203652929
2022-23,old,PHX,BOS,0.0
2022-23,old,PHX,CHA,0.03436812555451475
2022-23,old,PHX,CHI,0.005512318283607848
2022-23,old,PHX,CLE,1.7534555871388783e-05
2022-23,old,PHX,DAL,0.007298258785461534
2022-23,old,PHX,DEN,0.0
2022-23,old,PHX,DET,4.650939450530553e-06
2022-23,old,PHX,GSW,0.027035165959080457
2022-23,old,PHX,HOU,0.035761314946094296
2022-23,old,PHX,IND,0.020507429605500158
2022-23,old,PHX,LAC,0.001391702611280348
2022-23,old,PHX,LAL,0.020375000251565478
2022-23,old,PHX,MEM,0.005105603824819744
2022-23,old,PHX,MIA,0.02534418510059614
2022-23,old,PHX,MIL,0.0
2022-23,old,PHX,MIN,0.0
2022-23,old,PHX,NOP,0.011683459104006661
2022-23,old,PHX,NYK,0.019216649283703292
2022-23,old,PHX,OKC,0.00997737070380967
2022-23,old,PHX,ORL,0.006817010839293533
2022-23,old,PHX,PHI,0.0
2022-23,old,PHX,POR,0.006278959613079381
2022-23,old,PHX,SAC,0.0044615130767898335
2022-23,old,PHX,SAS,5.672528854522126e-06
2022-23,old,PHX,TOR,0.010430996645291197
2022-23,old,PHX,UTA,0.058252612351359166
2022-23,old,PHX,WAS,0.01779220133120481
2022-23,old,POR,ATL,0.006177125626881615
2022-23,old,POR,BKN,0.011022014783388268
2022-23,old,POR,BOS,0.0
2022-23,old,POR,CHA,0.0006473362176239772
2022-23,old,POR,CHI,0.05097691017870869
2022-23,old,POR,CLE,0.00017536194036437493
2022-23,old,POR,DAL,0.005112476482856502
2022-23,old,POR,DEN,0.0
2022-23,old,POR,DET,2.529950532969888e-05
2022-23,old,POR,GSW,0.019676721539327754
2022-23,old,POR,HOU,0.09979283421928592
2022-23,old,POR,IND,0.029202725541017945
2022-23,old,POR,LAC,0.0004614763006022008
2022-23,old,POR,LAL,0.021722520796947413
2022-23,old,POR,MEM,0.004164870181469767
2022-23,old,POR,MIA,0.01631019006725904
2022-23,old,POR,MIL,0.0
2022-23,old,POR,MIN,0.0
2022-23,old,POR,NOP,0.032897899004245376
2022-23,old,POR,NYK,0.02130460534433067
2022-23,old,POR,OKC,0.021299569153544043
2022-23,old,POR,ORL,0.02577005312662916
2022-23,old,POR,PHI,0.0
2022-23,old,POR,PHX,0.0
2022-23,old,POR,SAC,0.00443748315006108
2022-23,old,POR,SAS,0.00111613869724282
2022-23,old,POR,TOR,0.0064174148676594414
2022-23,old,POR,UTA,0.017816084763968155
2022-23,old,POR,WAS,0.04100180573601842
2022-23,old,SAC,ATL,0.016602692472267595
2022-23,old,SAC,BKN,0.013400425950291455
2022-23,old,SAC,BOS,0.0
2022-23,old,SAC,CHA,0.007774424131311989
2022-23,old,SAC,CHI,0.015720125293126257
2022-23,old,SAC,CLE,5.2608023524523795e-05
2022-23,old,SAC,DAL,0.0368843686831291
2022-23,old,SAC,DEN,0.0
2022-23,old,SAC,DET,5.7898752308857216e-06
2022-23,old,SAC,GSW,0.019398253185854385
2022-23,old,SAC,HOU,0.06455953675384457
2022-23,old,SAC,IND,0.03596880611147648
2022-23,old,SAC,LAC,0.0020614224178154535
2022-23,old,SAC,LAL,0.05242834027258454
2022-23,old,SAC,MEM,0.029830224131786633
2022-23,old,SAC,MIA,0.01157871283285556
2022-23,old,SAC,MIL,0.0
2022-23,old,SAC,MIN,0.0
2022-23,old,SAC,NOP,0.01984294158761823
2022-23,old,SAC,NYK,0.04443632181193752
2022-23,old,SAC,OKC,0.02237176729324033
2022-23,old,SAC,ORL,0.009139404457116241
2022-23,old,SAC,PHI,0.0
2022-23,old,SAC,PHX,0.0
2022-23,old,SAC,POR,0.04520491113353321
2022-23,old,SAC,SAS,9.717469588613974e-06
2022-23,old,SAC,TOR,0.018166530699439923
2022-23,old,SAC,UTA,0.03736483091885475
2022-23,old,SAC,WAS,0.008142569085447195
2022-23,old,SAS,ATL,0.01549132654054149
2022-23,old,SAS,BKN,0.02378931354394208
2022-23,old,SAS,BOS,0.0
2022-23,old,SAS,CHA,0.0005275574444926865
2022-23,old,SAS,CHI,0.01072137209748909
2022-23,old,SAS,CLE,1.291446062026847e-06
2022-23,old,SAS,DAL,0.013323403311356775
2022-23,old,SAS,DEN,0.0
2022-23,old,SAS,DET,0.001788703443802646
2022-23,old,SAS,GSW,0.013931706795431945
2022-23,old,SAS,HOU,0.014268319004933867
2022-23,old,SAS,IND,0.010135036366674554
2022-23,old,SAS,LAC,0.0002109375031432137
2022-23,old,SAS,LAL,0.04041864232657926
2022-23,old,SAS,MEM,7.035379531152404e-05
2022-23,old,SAS,MIA,0.014842679981638079
2022-23,old,SAS,MIL,0.0
2022-23,old,SAS,MIN,0.0
2022-23,old,SAS,NOP,0.04005872802212753
2022-23,old,SAS,NYK,0.008883941954253637
2022-23,old,SAS,OKC,0.021217672323892375
2022-23,old,SAS,ORL,0.010527918689879854
2022-23,old,SAS,PHI,0.0
2022-23,old,SAS,PHX,0.0
2022-23,old,SAS,POR,0.0115132899111682
2022-23,old,SAS,SAC,0.0011815581957713313
2022-23,old,SAS,TOR,0.026287912720386032
2022-23,old,SAS,UTA,0.08164147136866223
2022-23,old,SAS,WAS,0.017666075957807698
2022-23,old,TOR,ATL,0.0617585274279776
2022-23,old,TOR,BKN,0.02949155555878771
2022-23,old,TOR,BOS,0.0
2022-23,old,TOR,CHA,0.019759171336719394
2022-23,old,TOR,CHI,0.04093732459601096
2022-23,old,TOR,CLE,0.00026444820912929485
2022-23,old,TOR,DAL,0.05804130948656516
2022-23,old,TOR,DEN,0.0
2022-23,old,TOR,DET,3.7109100890292713e-06
2022-23,old,TOR,GSW,0.022826392759965057
2022-23,old,TOR,HOU,0.01792510775068438
2022-23,old,TOR,IND,0.01802598883172659
2022-23,old,TOR,LAC,0.010674299574657821
2022-23,old,TOR,LAL,0.022311961092937996
2022-23,old,TOR,MEM,0.004773252783075062
2022-23,old,TOR,MIA,0.01475773805469483
2022-23,old,TOR,MIL,0.0
2022-23,old,TOR,MIN,0.0
2022-23,old,TOR,NOP,0.03023437536106815
2022-23,old,TOR,NYK,0.08640931801038745
2022-23,old,TOR,OKC,0.028980873425988932
2022-23,old,TOR,ORL,0.02515298965669946
2022-23,old,TOR,PHI,0.0
2022-23,old,TOR,PHX,0.0
2022-23,old,TOR,POR,0.008336162517588935
2022-23,old,TOR,SAC,0.0015538515698417248
2022-23,old,TOR,SAS,0.0015394423032800814
2022-23,old,TOR,UTA,0.1093225239071325
2022-23,old,TOR,WAS,0.07283284141397177
2022-23,old,UTA,ATL,0.016937124044637597
2022-23,old,UTA,BKN,0.007496619762899905
2022-23,old,UTA,BOS,0.0
2022-23,old,UTA,CHA,0.034138015182512256
2022-23,old,UTA,CHI,0.03313332922251205
2022-23,old,UTA,CLE,1.2979705545761626e-06
2022-23,old,UTA,DAL,0.25604308231891243
2022-23,old,UTA,DEN,0.0
2022-23,old,UTA,DET,0.000793218500553704
2022-23,old,UTA,GSW,0.024617025589125898
2022-23,old,UTA,HOU,0.018984913537278776
2022-23,old,UTA,IND,0.04176687531059393
2022-23,old,UTA,LAC,0.007261584105455828
2022-23,old,UTA,LAL,0.026035559748516186
2022-23,old,UTA,MEM,0.008901119521678704
2022-23,old,UTA,MIA,0.008185361663648865
2022-23,old,UTA,MIL,0.0
2022-23,old,UTA,MIN,0.0
2022-23,old,UTA,NOP,0.058695581501935906
2022-23,old,UTA,NYK,0.2045865768838455
2022-23,old,UTA,OKC,0.03709294179075093
2022-23,old,UTA,ORL,0.0057645729302170995
2022-23,old,UTA,PHI,0.0
2022-23,old,UTA,PHX,0.0
2022-23,old,UTA,POR,0.018116451003768862
2022-23,old,UTA,SAC,0.0015226223987276505
2022-23,old,UTA,SAS,1.8502367867176194e-05
2022-23,old,UTA,TOR,0.02344101206998149
2022-23,old,UTA,WAS,0.03061192116603077
2022-23,old,WAS,ATL,0.00925641042567325
2022-23,old,WAS,BKN,0.0021107506820678677
2022-23,old,WAS,BOS,0.0
2022-23,old,WAS,CHA,0.009188092810507281
2022-23,old,WAS,CHI,0.02109227447559428
2022-23,old,WAS,CLE,2.7864797702942067e-10
2022-23,old,WAS,DAL,0.019690748175891122
2022-23,old,WAS,DEN,0.0
2022-23,old,WAS,DET,2.3758924601218763e-06
2022-23,old,WAS,GSW,0.0010982854498783692
2022-23,old,WAS,HOU,0.00030684267897319433
2022-23,old,WAS,IND,0.027331263546176557
2022-23,old,WAS,LAC,0.006461745699474202
2022-23,old,WAS,LAL,0.0036912716421949004
2022-23,old,WAS,MEM,0.00613793104027944
2022-23,old,WAS,MIA,0.0006386067882017375
2022-23,old,WAS,MIL,0.0
2022-23,old,WAS,MIN,0.0
2022-23,old,WAS,NOP,0.01149919170585204
2022-23,old,WAS,NYK,0.03364227172016837
2022-23,old,WAS,OKC,0.005400862209860172
2022-23,old,WAS,ORL,0.012601156853387077
2022-23,old,WAS,PHI,0.0
2022-23,old,WAS,PHX,0.0
2022-23,old,WAS,POR,0.010726096609446097
2022-23,old,WAS,SAC,0.0
2022-23,old,WAS,SAS,4.618504497935598e-06
2022-23,old,WAS,TOR,0.00867480076838856
2022-23,old,WAS,UTA,0.02048693921087011
2023-24,new,ATL,BKN,0.0
2023-24,new,ATL,BOS,0.0
2023-24,new,ATL,CHA,0.00010827088509089854
2023-24,new,ATL,CHI,0.004096547587954638
2023-24,new,ATL,CLE,0.012093567006135186
2023-24,new,ATL,DAL,0.005940155362757316
2023-24,new,ATL,DEN,0.0010959051815985607
2023-24,new,ATL,DET,5.544078202558856e-05
2023-24,new,ATL,GSW,0.002071743547495622
2023-24,new,ATL,HOU,0.023057630017774285
2023-24,new,ATL,IND,0.0023062545718940835
2023-24,new,ATL,LAC,0.0
2023-24,new,ATL,LAL,0.0
2023-24,new,ATL,MEM,0.0008186961349966968
2023-24,new,ATL,MIA,0.009122491914357643
2023-24,new,ATL,MIL,0.011085129389057643
2023-24,new,ATL,MIN,0.01107327594486033
2023-24,new,ATL,NOP,0.016513949399111626
2023-24,new,ATL,NYK,0.014277685832525413
2023-24,new,ATL,OKC,0.0010999461367389122
2023-24,new,ATL,ORL,0.013859229765878006
2023-24,new,ATL,PHI,0.011143965696378348
2023-24,new,ATL,PHX,0.008343211291899806
2023-24,new,ATL,POR,0.0032210662531026563
2023-24,new,ATL,SAC,0.003312894458580998
2023-24,new,ATL,SAS,0.014099210256501767
2023-24,new,ATL,TOR,0.005305154933726084
2023-24,new,ATL,UTA,0.009615032388748408
2023-24,new,ATL,WAS,0.033915140575263646
2023-24,new,BKN,ATL,0.030300726018251106
2023-24,new,BKN,BOS,0.0002456896594757664
2023-24,new,BKN,CHA,0.001606617115326431
2023-24,new,BKN,CHI,0.010958063370504048
2023-24,new,BKN,CLE,0.01343589019753514
2023-24,new,BKN,DAL,0.005498903815999733
2023-24,new,BKN,DEN,0.00565193973891116
2023-24,new,BKN,DET,0.0001699990904543924
2023-24,new,BKN,GSW,0.001223151821705685
2023-24,new,BKN,HOU,0.03871660926213703
2023-24,new,BKN,IND,0.0027112231218942217
2023-24,new,BKN,LAC,0.0
2023-24,new,BKN,LAL,0.0
2023-24,new,BKN,MEM,0.0012518857926298893
2023-24,new,BKN,MIA,0.044420853575187935
2023-24,new,BKN,MIL,0.00984913790453996
2023-24,new,BKN,MIN,0.0036465882133004087
2023-24,new,BKN,NOP,0.012142184053994828
2023-24,new,BKN,NYK,0.05222414274129078
2023-24,new,BKN,OKC,0.0007254849271326937
2023-24,new,BKN,ORL,0.03556249713524744
2023-24,new,BKN,PHI,0.02301798275399429
2023-24,new,BKN,PHX,0.013057381647241559
2023-24,new,BKN,POR,0.003118614307959531
2023-24,new,BKN,SAC,0.001873499582108137
2023-24,new,BKN,SAS,0.008632707440696606
2023-24,new,BKN,TOR,0.10670123143518558
2023-24,new,BKN,UTA,0.006913793214219463
2023-24,new,BKN,WAS,0.01514520491262625
2023-24,new,BOS,ATL,0.015616704557746839
2023-24,new,BOS,BKN,0.0
2023-24,new,BOS,CHA,0.00027834957451814514
2023-24,new,BOS,CHI,0.0037317611815204394
2023-24,new,BOS,CLE,0.012572431860207628
2023-24,new,BOS,DAL,0.04801285951278249
2023-24,new,BOS,DEN,0.012219181000633895
2023-24,new,BOS,DET,7.459129017702486e-05
2023-24,new,BOS,GSW,0.011841342201970207
2023-24,new,BOS,HOU,0.0004700468847130227
2023-24,new,BOS,IND,0.0012037658814525371
2023-24,new,BOS,LAC,0.0
2023-24,new,BOS,LAL,0.0
2023-24,new,BOS,MEM,0.011969019678533721
2023-24,new,BOS,MIA,0.011113132187058465
2023-24,new,BOS,MIL,0.01875188606447974
2023-24,new,BOS,MIN,0.01612167923463482
2023-24,new,BOS,NOP,0.06473914158395035
2023-24,new,BOS,NYK,0.021311662130426994
2023-24,new,BOS,OKC,0.0007241379136845857
2023-24,new,BOS,ORL,0.015576990493457904
2023-24,new,BOS,PHI,0.00842648652728056
2023-24,new,BOS,PHX,0.016611260827369828
2023-24,new,BOS,POR,0.03229444372818909
2023-24,new,BOS,SAC,0.045890033595030404
2023-24,new,BOS,SAS,0.006710842560462268
2023-24,new,BOS,TOR,0.00721796537029132
2023-24,new,BOS,UTA,0.024090247804917198
2023-24,new,BOS,WAS,0.03827532366891632
2023-24,new,CHA,ATL,0.023162589171302535
2023-24,new,CHA,BKN,0.0
2023-24,new,CHA,BOS,0.0
2023-24,new,CHA,CHI,0.028409957038023948
2023-24,new,CHA,CLE,0.003973560606322122
2023-24,new,CHA,DAL,0.027731393533409927
2023-24,new,CHA,DEN,0.00023536294680159326
2023-24,new,CHA,DET,0.0009949628402516504
2023-24,new,CHA,GSW,0.00783195364523854
2023-24,new,CHA,HOU,0.003944208954188605
2023-24,new,CHA,IND,0.006080651813157494
2023-24,new,CHA,LAC,0.0
2023-24,new,CHA,LAL,0.0
2023-24,new,CHA,MEM,0.0077085129101359265
2023-24,new,CHA,MIA,0.023103499604541403
2023-24,new,CHA,MIL,0.005548491505604911
2023-24,new,CHA,MIN,0.0002869656458159397
2023-24,new,CHA,NOP,0.049919023909294986
2023-24,new,CHA,NYK,0.044326840922135465
2023-24,new,CHA,OKC,0.003480334016915957
2023-24,new,CHA,ORL,0.012485224377082885
2023-24,new,CHA,PHI,0.01920406551069747
2023-24,new,CHA,PHX,0.011911638020999439
2023-24,new,CHA,POR,0.013766168121705294
2023-24,new,CHA,SAC,0.026312440615242357
2023-24,new,CHA,SAS,0.043064254142861684
2023-24,new,CHA,TOR,0.016315713644722712
2023-24,new,CHA,UTA,0.004939655173341101
2023-24,new,CHA,WAS,0.017817618535582686
2023-24,new,CHI,ATL,0.016583585954539633
2023-24,new,CHI,BKN,0.0
2023-24,new,CHI,BOS,3.232758668861512e-05
2023-24,new,CHI,CHA,9.10202788878482e-05
2023-24,new,CHI,CLE,0.011975172320681874
2023-24,new,CHI,DAL,0.01841199118898613
2023-24,new,CHI,DEN,0.008101939846189983
2023-24,new,CHI,DET,5.961890806624862e-06
2023-24,new,CHI,GSW,0.0065450882083808665
2023-24,new,CHI,HOU,0.0013104853076803707
2023-24,new,CHI,IND,0.031166580037220386
2023-24,new,CHI,LAC,0.0
2023-24,new,CHI,LAL,0.0
2023-24,new,CHI,MEM,0.002779903034519019
2023-24,new,CHI,MIA,0.02920462410924809
2023-24,new,CHI,MIL,0.01312365312311911
2023-24,new,CHI,MIN,0.01003381408301407
2023-24,new,CHI,NOP,0.03967391058739123
2023-24,new,CHI,NYK,0.02322054260882395
2023-24,new,CHI,OKC,0.0009652478719162275
2023-24,new,CHI,ORL,0.008894141997254548
2023-24,new,CHI,PHI,0.06731320061179018
2023-24,new,CHI,PHX,0.02267214419420584
2023-24,new,CHI,POR,0.02919019721983694
2023-24,new,CHI,SAC,0.03608528048193659
2023-24,new,CHI,SAS,0.001065555509778429
2023-24,new,CHI,TOR,0.04458603115661316
2023-24,new,CHI,UTA,0.0066435884193372765
2023-24,new,CHI,WAS,0.050976293202317
2023-24,new,CLE,ATL,0.07310969799858105
2023-24,new,CLE,BKN,0.0
2023-24,new,CLE,BOS,0.00021767241775925305
2023-24,new,CLE,CHA,6.034215821243987e-05
2023-24,new,CLE,CHI,0.005672528215942762
2023-24,new,CLE,DAL,0.0242221186240419
2023-24,new,CLE,DEN,0.021046336240472332
2023-24,new,CLE,DET,8.556846921461046e-05
2023-24,new,CLE,GSW,0.02269334096917913
2023-24,new,CLE,HOU,0.002491253926400982
2023-24,new,CLE,IND,0.013397294473581012
2023-24,new,CLE,LAC,0.0
2023-24,new,CLE,LAL,0.0
2023-24,new,CLE,MEM,0.014814924751508756
2023-24,new,CLE,MIA,0.03214392777703648
2023-24,new,CLE,MIL,0.05325619639050023
2023-24,new,CLE,MIN,0.02089632392448729
2023-24,new,CLE,NOP,0.18518022999413428
2023-24,new,CLE,NYK,0.06732608531761637
2023-24,new,CLE,OKC,0.0027090517523626254
2023-24,new,CLE,ORL,0.050233000352133475
2023-24,new,CLE,PHI,0.026394711729086123
2023-24,new,CLE,PHX,0.024182651111302123
2023-24,new,CLE,POR,0.009030090392011757
2023-24,new,CLE,SAC,0.1120192444249274
2023-24,new,CLE,SAS,0.005358774665273992
2023-24,new,CLE,TOR,0.03347000334997844
2023-24,new,CLE,UTA,0.023446390154241617
2023-24,new,CLE,WAS,0.068448275849183
2023-24,new,DAL,ATL,0.05818589855956938
2023-24,new,DAL,BKN,0.0
2023-24,new,DAL,BOS,7.32758635622931e-05
2023-24,new,DAL,CHA,0.0017430144513994274
2023-24,new,DAL,CHI,0.014265233524386044
2023-24,new,DAL,CLE,0.01572542977426488
2023-24,new,DAL,DEN,0.004541087344267249
2023-24,new,DAL,DET,3.254251448444436e-05
2023-24,new,DAL,GSW,0.06206717066884298
2023-24,new,DAL,HOU,0.0007795173657074478
2023-24,new,DAL,IND,0.016578082882082894
2023-24,new,DAL,LAC,0.0
2023-24,new,DAL,LAL,0.0
2023-24,new,DAL,MEM,0.009790140361392644
2023-24,new,DAL,MIA,0.016666525511325365
2023-24,new,DAL,MIL,0.011172683184729595
2023-24,new,DAL,MIN,0.009379916585503993
2023-24,new,DAL,NOP,0.12823080230884584
2023-24,new,DAL,NYK,0.07677460526120307
2023-24,new,DAL,OKC,0.0010587284786642752
2023-24,new,DAL,ORL,0.0465923653931844
2023-24,new,DAL,PHI,0.0319437148471216
2023-24,new,DAL,PHX,0.07485937466272877
2023-24,new,DAL,POR,0.01385475761152236
2023-24,new,DAL,SAC,0.14329039163270801
2023-24,new,DAL,SAS,0.005416258061888164
2023-24,new,DAL,TOR,0.04538068088893957
2023-24,new,DAL,UTA,0.017381734873513407
2023-24,new,DAL,WAS,0.027648976905279444
2023-24,new,DEN,ATL,0.021925274670205126
2023-24,new,DEN,BKN,0.0
2023-24,new,DEN,BOS,0.00034375000632657065
2023-24,new,DEN,CHA,0.0010787151075330671
2023-24,new,DEN,CHI,0.0012170218215393656
2023-24,new,DEN,CLE,0.019824341418550703
2023-24,new,DEN,DAL,0.035363299112116046
2023-24,new,DEN,DET,1.9821517489382528e-05
2023-24,new,DEN,GSW,0.024188642118479667
2023-24,new,DEN,HOU,0.000162850469172302
2023-24,new,DEN,IND,3.8624871939828054e-05
2023-24,new,DEN,LAC,0.0
2023-24,new,DEN,LAL,0.0
2023-24,new,DEN,MEM,0.013310883951971534
2023-24,new,DEN,MIA,0.007581132249527646
2023-24,new,DEN,MIL,0.014316002176171332
2023-24,new,DEN,MIN,0.04143488903117213
2023-24,new,DEN,NOP,0.07823709939823631
2023-24,new,DEN,NYK,0.016908927396329692
2023-24,new,DEN,OKC,0.0020476832765291032
2023-24,new,DEN,ORL,0.010337370584621518
2023-24,new,DEN,PHI,0.005302227609749641
2023-24,new,DEN,PHX,0.018675377217045153
2023-24,new,DEN,POR,0.007569935029572082
2023-24,new,DEN,SAC,0.05704770400982589
2023-24,new,DEN,SAS,0.0009201142034403581
2023-24,new,DEN,TOR,0.006350288520592906
2023-24,new,DEN,UTA,0.0450075431120309
2023-24,new,DEN,WAS,0.04109859935670353
2023-24,new,DET,ATL,0.025097444717377095
2023-24,new,DET,BKN,0.0
2023-24,new,DET,BOS,0.0
2023-24,new,DET,CHA,0.0011173317900218162
2023-24,new,DET,CHI,0.012349114201949889
2023-24,new,DET,CLE,0.01093602277018245
2023-24,new,DET,DAL,0.005517749637383689
2023-24,new,DET,DEN,0.004562069141039533
2023-24,new,DET,GSW,0.009419896381276459
2023-24,new,DET,HOU,0.005326410269764405
2023-24,new,DET,IND,0.013093959528866406
2023-24,new,DET,LAC,0.0
2023-24,new,DET,LAL,0.0
2023-24,new,DET,MEM,0.002245150913829626
2023-24,new,DET,MIA,0.0207989571182396
2023-24,new,DET,MIL,0.012132812679528484
2023-24,new,DET,MIN,0.0007844422897457966
2023-24,new,DET,NOP,0.03339068408691123
2023-24,new,DET,NYK,0.061806647463202954
2023-24,new,DET,OKC,0.000699892256485202
2023-24,new,DET,ORL,0.027498147680287945
2023-24,new,DET,PHI,0.044293435651695814
2023-24,new,DET,PHX,0.02580361003457601
2023-24,new,DET,POR,0.007547583471156974
2023-24,new,DET,SAC,0.01396154969578751
2023-24,new,DET,SAS,0.0074162947189947296
2023-24,new,DET,TOR,0.030637753810584246
2023-24,new,DET,UTA,0.006030980673004424
2023-24,new,DET,WAS,0.01163658427142795
2023-24,new,GSW,ATL,0.04230244846353565
2023-24,new,GSW,BKN,0.0
2023-24,new,GSW,BOS,0.0
2023-24,new,GSW,CHA,0.0027374021542013794
2023-24,new,GSW,CHI,0.006572288455974644
2023-24,new,GSW,CLE,0.006906606924622316
2023-24,new,GSW,DAL,0.088428946813977
2023-24,new,GSW,DEN,0.003501095850708705
2023-24,new,GSW,DET,0.00019977073576150697
2023-24,new,GSW,HOU,0.000794780652553408
2023-24,new,GSW,IND,0.006249134770047693
2023-24,new,GSW,LAC,0.0
2023-24,new,GSW,LAL,0.0
2023-24,new,GSW,MEM,0.007053071125530928
2023-24,new,GSW,MIA,0.02188350335062374
2023-24,new,GSW,MIL,0.004955819090045506
2023-24,new,GSW,MIN,0.00011679875813939587
2023-24,new,GSW,NOP,0.11693616021671761
2023-24,new,GSW,NYK,0.04246499517700519
2023-24,new,GSW,OKC,0.00814466596908209
2023-24,new,GSW,ORL,0.008656232583786215
2023-24,new,GSW,PHI,0.026120973424566027
2023-24,new,GSW,PHX,0.04335048459646902
2023-24,new,GSW,POR,0.09990009393763535
2023-24,new,GSW,SAC,0.08804770879555926
2023-24,new,GSW,SAS,0.0020723606364187104
2023-24,new,GSW,TOR,0.035249922660280215
2023-24,new,GSW,UTA,0.007114224106250011
2023-24,new,GSW,WAS,0.01822521580150351
2023-24,new,HOU,ATL,0.010869756987907896
2023-24,new,HOU,BKN,0.0
2023-24,new,HOU,BOS,3.2327586688615123e-06
2023-24,new,HOU,CHA,0.0016090138823094866
2023-24,new,HOU,CHI,0.0018798993086110336
2023-24,new,HOU,CLE,0.0014195416108193498
2023-24,new,HOU,DAL,0.022707414961269868
2023-24,new,HOU,DEN,0.006697643968812157
2023-24,new,HOU,DET,0.00020144501152121217
2023-24,new,HOU,GSW,0.02256130113794088
2023-24,new,HOU,IND,0.0003026422376962585
2023-24,new,HOU,LAC,0.0
2023-24,new,HOU,LAL,0.0
2023-24,new,HOU,MEM,0.00593318966289597
2023-24,new,HOU,MIA,0.005471945276178883
2023-24,new,HOU,MIL,0.010252424683783137
2023-24,new,HOU,MIN,0.008527598533591713
2023-24,new,HOU,NOP,0.033256944978077636
2023-24,new,HOU,NYK,0.009631948412213844
2023-24,new,HOU,OKC,0.006476831962434768
2023-24,new,HOU,ORL,0.007799847268380453
2023-24,new,HOU,PHI,0.0028443078408761442
2023-24,new,HOU,PHX,0.008764547442812631
2023-24,new,HOU,POR,0.010165345268832438
2023-24,new,HOU,SAC,0.016270226990864077
2023-24,new,HOU,SAS,0.002147304402252226
2023-24,new,HOU,TOR,0.004924200973082888
2023-24,new,HOU,UTA,0.014413793138930864
2023-24,new,HOU,WAS,0.015117726329942875
2023-24,new,IND,ATL,0.045273261795435615
2023-24,new,IND,BKN,0.0
2023-24,new,IND,BOS,2.801724187708621e-05
2023-24,new,IND,CHA,0.0007586595442465306
2023-24,new,IND,CHI,0.05319976963638938
2023-24,new,IND,CLE,0.014374023023813066
2023-24,new,IND,DAL,0.023997545517689754
2023-24,new,IND,DEN,0.005075204517945162
2023-24,new,IND,DET,6.533829888279136e-05
2023-24,new,IND,GSW,0.012773340983170909
2023-24,new,IND,HOU,0.00729128718257142
2023-24,new,IND,LAC,0.0
2023-24,new,IND,LAL,0.0
2023-24,new,IND,MEM,0.00414466601481324
2023-24,new,IND,MIA,0.08746235298682338
2023-24,new,IND,MIL,0.011114224310330083
2023-24,new,IND,MIN,0.0003706896610975523
2023-24,new,IND,NOP,0.07422568215705096
2023-24,new,IND,NYK,0.07886567818549708
2023-24,new,IND,OKC,0.0035293643066763936
2023-24,new,IND,ORL,0.05613307934744065
2023-24,new,IND,PHI,0.08718152985926503
2023-24,new,IND,PHX,0.0327068968530913
2023-24,new,IND,POR,0.009913328892202967
2023-24,new,IND,SAC,0.05385944608487832
2023-24,new,IND,SAS,0.004383109750245648
2023-24,new,IND,TOR,0.31067901266576337
2023-24,new,IND,UTA,0.005690732800285332
2023-24,new,IND,WAS,0.015145474406027492
2023-24,new,LAC,ATL,0.017969483912707872
2023-24,new,LAC,BKN,0.0
2023-24,new,LAC,BOS,0.00013146551936094107
2023-24,new,LAC,CHA,6.823532927353822e-05
2023-24,new,LAC,CHI,0.007783981521178883
2023-24,new,LAC,CLE,0.04318842907659747
2023-24,new,LAC,DAL,0.021501762085749786
2023-24,new,LAC,DEN,0.01811370048731423
2023-24,new,LAC,DET,1.1323633549277042e-05
2023-24,new,LAC,GSW,0.02231855279695204
2023-24,new,LAC,HOU,0.004600101063329035
2023-24,new,LAC,IND,0.01931214525717314
2023-24,new,LAC,LAL,0.0
2023-24,new,LAC,MEM,0.009847252328141496
2023-24,new,LAC,MIA,0.030720947602057885
2023-24,new,LAC,MIL,0.04770150899581997
2023-24,new,LAC,MIN,0.02363208961666307
2023-24,new,LAC,NOP,0.1274163070056643
2023-24,new,LAC,NYK,0.03665385931022351
2023-24,new,LAC,OKC,0.008891972186734322
2023-24,new,LAC,ORL,0.01775208003772258
2023-24,new,LAC,PHI,0.031262386928588064
2023-24,new,LAC,PHX,0.020830011029410622
2023-24,new,LAC,POR,0.006293729837473371
2023-24,new,LAC,SAC,0.03920845245637082
2023-24,new,LAC,SAS,0.0006048393471669496
2023-24,new,LAC,TOR,0.023688156245820012
2023-24,new,LAC,UTA,0.026493804060577036
2023-24,new,LAC,WAS,0.2755576520725475
2023-24,new,LAL,ATL,0.10855348783648341
2023-24,new,LAL,BKN,0.0
2023-24,new,LAL,BOS,2.909482801975361e-05
2023-24,new,LAL,CHA,0.0006531233894709929
2023-24,new,LAL,CHI,0.008808381569707356
2023-24,new,LAL,CLE,0.015654332977718916
2023-24,new,LAL,DAL,0.07501239953083404
2023-24,new,LAL,DEN,0.009958085170781606
2023-24,new,LAL,DET,9.500976882400444e-05
2023-24,new,LAL,GSW,0.03783104138813887
2023-24,new,LAL,HOU,0.00026762120508762663
2023-24,new,LAL,IND,0.004301478094219518
2023-24,new,LAL,LAC,0.0
2023-24,new,LAL,MEM,0.013075700621562207
2023-24,new,LAL,MIA,0.023936793544260072
2023-24,new,LAL,MIL,0.013106681028128089
2023-24,new,LAL,MIN,0.005324593602570851
2023-24,new,LAL,NOP,0.4388264536535465
2023-24,new,LAL,NYK,0.04377174361680288
2023-24,new,LAL,OKC,0.006807381596239607
2023-24,new,LAL,ORL,0.01632830915611748
2023-24,new,LAL,PHI,0.009290472472361153
2023-24,new,LAL,PHX,0.08716621775254366
2023-24,new,LAL,POR,0.010434553243945974
2023-24,new,LAL,SAC,0.20571730640524716
2023-24,new,LAL,SAS,0.0009019195650434705
2023-24,new,LAL,TOR,0.04114316988760502
2023-24,new,LAL,UTA,0.01212311432773151
2023-24,new,LAL,WAS,0.04316029121360646
2023-24,new,MEM,ATL,0.02625153191193451
2023-24,new,MEM,BKN,0.0
2023-24,new,MEM,BOS,0.00029633621243631535
2023-24,new,MEM,CHA,0.001472635995800951
2023-24,new,MEM,CHI,0.0008572253474373781
2023-24,new,MEM,CLE,0.021431895713540323
2023-24,new,MEM,DAL,0.005740999835484894
2023-24,new,MEM,DEN,0.016604095026552138
2023-24,new,MEM,DET,3.1927394668136017e-05
2023-24,new,MEM,GSW,0.002293595146746682
2023-24,new,MEM,HOU,0.007175309460625504
2023-24,new,MEM,IND,0.005328908354647018
2023-24,new,MEM,LAC,0.0
2023-24,new,MEM,LAL,0.0
2023-24,new,MEM,MIA,0.03385659845551478
2023-24,new,MEM,MIL,0.011334051843572022
2023-24,new,MEM,MIN,0.012370689730561369
2023-24,new,MEM,NOP,0.07782630058895629
2023-24,new,MEM,NYK,0.0313454064169734
2023-24,new,MEM,OKC,0.003379579835936653
2023-24,new,MEM,ORL,0.02864982236455674
2023-24,new,MEM,PHI,0.011452217243514314
2023-24,new,MEM,PHX,0.02803556043985862
2023-24,new,MEM,POR,0.001963659690513967
2023-24,new,MEM,SAC,0.027959129614527203
2023-24,new,MEM,SAS,0.001604554260876914
2023-24,new,MEM,TOR,0.02768125698436536
2023-24,new,MEM,UTA,0.03238335141364149
2023-24,new,MEM,WAS,0.04011395492125304
2023-24,new,MIA,ATL,0.038079961061112624
2023-24,new,MIA,BKN,0.0
2023-24,new,MIA,BOS,0.00015517241730964907
2023-24,new,MIA,CHA,0.0005229661053080637
2023-24,new,MIA,CHI,0.018411136895713984
2023-24,new,MIA,CLE,0.021823352389159757
2023-24,new,MIA,DAL,0.018528980097697864
2023-24,new,MIA,DEN,0.007371036319623899
2023-24,new,MIA,DET,5.573736846125435e-06
2023-24,new,MIA,GSW,0.015094606456806606
2023-24,new,MIA,HOU,0.0001680372818665459
2023-24,new,MIA,IND,0.03299376007895998
2023-24,new,MIA,LAC,0.0
2023-24,new,MIA,LAL,0.0
2023-24,new,MIA,MEM,0.0030476832577501067
2023-24,new,MIA,MIL,0.0351400864429788
2023-24,new,MIA,MIN,0.006417038778966124
2023-24,new,MIA,NOP,0.03853533839693743
2023-24,new,MIA,NYK,0.06860469761115834
2023-24,new,MIA,OKC,0.00024110992479234425
2023-24,new,MIA,ORL,0.06486479949346544
2023-24,new,MIA,PHI,0.07255842850308371
2023-24,new,MIA,PHX,0.030067349167075003
2023-24,new,MIA,POR,0.007395777451118774
2023-24,new,MIA,SAC,0.019818434401914508
2023-24,new,MIA,SAS,0.002080228608059934
2023-24,new,MIA,TOR,0.060577735101349096
2023-24,new,MIA,UTA,0.012027478430857722
2023-24,new,MIA,WAS,0.022617996129897778
2023-24,new,MIL,ATL,0.022331405783818852
2023-24,new,MIL,BKN,0.0
2023-24,new,MIL,BOS,0.0004956896603107452
2023-24,new,MIL,CHA,1.0242069857640514e-05
2023-24,new,MIL,CHI,0.012160508675988165
2023-24,new,MIL,CLE,0.03639424638278483
2023-24,new,MIL,DAL,0.035197443098285444
2023-24,new,MIL,DEN,0.010824353464333148
2023-24,new,MIL,DET,4.734979794940155e-06
2023-24,new,MIL,GSW,0.013629589368260385
2023-24,new,MIL,HOU,0.00026195183742058157
2023-24,new,MIL,IND,0.0066462790674170985
2023-24,new,MIL,LAC,0.0
2023-24,new,MIL,LAL,0.0
2023-24,new,MIL,MEM,0.006329472156056878
2023-24,new,MIL,MIA,0.035096498073288386
2023-24,new,MIL,MIN,0.013054956846613567
2023-24,new,MIL,NOP,0.11706585945039136
2023-24,new,MIL,NYK,0.05354688015972949
2023-24,new,MIL,OKC,0.0007341056245836782
2023-24,new,MIL,ORL,0.018789391400360667
2023-24,new,MIL,PHI,0.029356801487567058
2023-24,new,MIL,PHX,0.022249730761877484
2023-24,new,MIL,POR,0.005388948706067067
2023-24,new,MIL,SAC,0.03018509242021152
2023-24,new,MIL,SAS,3.062851040680737e-05
2023-24,new,MIL,TOR,0.01824036378471688
2023-24,new,MIL,UTA,0.02593507549430421
2023-24,new,MIL,WAS,0.06311826536464024
2023-24,new,MIN,ATL,0.01753043422997013
2023-24,new,MIN,BKN,0.0
2023-24,new,MIN,BOS,0.001035560360098065
2023-24,new,MIN,CHA,0.00014931226461363886
2023-24,new,MIN,CHI,0.00911608486955742
2023-24,new,MIN,CLE,0.018520830513272836
2023-24,new,MIN,DAL,0.02327224989647558
2023-24,new,MIN,DEN,0.03906896557466223
2023-24,new,MIN,DET,5.56368883164184e-05
2023-24,new,MIN,GSW,0.006430737992910263
2023-24,new,MIN,HOU,0.0055109830923327835
2023-24,new,MIN,IND,0.0010252577322176317
2023-24,new,MIN,LAC,0.0
2023-24,new,MIN,LAL,0.0
2023-24,new,MIN,MEM,0.0017580818673716225
2023-24,new,MIN,MIA,0.011654453111801742
2023-24,new,MIN,MIL,0.02158701529527677
2023-24,new,MIN,NOP,0.07547700350053611
2023-24,new,MIN,NYK,0.03330115395485591
2023-24,new,MIN,OKC,0.0031961207383047344
2023-24,new,MIN,ORL,0.014986643263538947
2023-24,new,MIN,PHI,0.014559077810474089
2023-24,new,MIN,PHX,0.015655711236217156
2023-24,new,MIN,POR,0.005032821946782231
2023-24,new,MIN,SAC,0.01430518916861737
2023-24,new,MIN,SAS,0.0016469088876269699
2023-24,new,MIN,TOR,0.03181734032272506
2023-24,new,MIN,UTA,0.054740840437448715
2023-24,new,MIN,WAS,0.043103448490287063
2023-24,new,NOP,ATL,0.030408522396925482
2023-24,new,NOP,BKN,0.0
2023-24,new,NOP,BOS,0.0
2023-24,new,NOP,CHA,0.00015079835855609533
2023-24,new,NOP,CHI,0.019728804621309146
2023-24,new,NOP,CLE,0.04050907305440966
2023-24,new,NOP,DAL,0.0858818843327928
2023-24,new,NOP,DEN,0.004691079399355566
2023-24,new,NOP,DET,8.788692037480306e-06
2023-24,new,NOP,GSW,0.031711736572211005
2023-24,new,NOP,HOU,0.004931915633817039
2023-24,new,NOP,IND,0.012446632747085965
2023-24,new,NOP,LAC,0.0
2023-24,new,NOP,LAL,0.0
2023-24,new,NOP,MEM,0.015749461472150866
2023-24,new,NOP,MIA,0.024642149976332777
2023-24,new,NOP,MIL,0.06277532404009653
2023-24,new,NOP,MIN,0.007074354196738568
2023-24,new,NOP,NYK,0.06844089052305168
2023-24,new,NOP,OKC,0.0018477909769541744
2023-24,new,NOP,ORL,0.03532914466163704
2023-24,new,NOP,PHI,0.03154068480481603
2023-24,new,NOP,PHX,0.08486826566756495
2023-24,new,NOP,POR,0.01321169364195629
2023-24,new,NOP,SAC,0.0781137378046903
2023-24,new,NOP,SAS,0.005648618644030027
2023-24,new,NOP,TOR,0.05102327529063498
2023-24,new,NOP,UTA,0.004511045293003353
2023-24,new,NOP,WAS,0.08438119722512182
2023-24,new,NYK,ATL,0.026279653944651166
2023-24,new,NYK,BKN,0.0
2023-24,new,NYK,BOS,6.465517337723025e-06
2023-24,new,NYK,CHA,5.3231829094406254e-05
2023-24,new,NYK,CHI,0.0190758532502297
2023-24,new,NYK,CLE,0.014553302824288126
2023-24,new,NYK,DAL,0.011334637527483484
2023-24,new,NYK,DEN,0.005288793191811519
2023-24,new,NYK,DET,8.01263197319776e-06
2023-24,new,NYK,GSW,0.002160531583440608
2023-24,new,NYK,HOU,0.005056603581811209
2023-24,new,NYK,IND,0.01607244772712365
2023-24,new,NYK,LAC,0.0
2023-24,new,NYK,LAL,0.0
2023-24,new,NYK,MEM,0.0010204741770626403
2023-24,new,NYK,MIA,0.02640280358084644
2023-24,new,NYK,MIL,0.017376347094902704
2023-24,new,NYK,MIN,0.004480894748048741
2023-24,new,NYK,NOP,0.038037765052975285
2023-24,new,NYK,OKC,0.0001293103460720259
2023-24,new,NYK,ORL,0.040898406382502514
2023-24,new,NYK,PHI,0.03185123063173318
2023-24,new,NYK,PHX,0.01978124993473918
2023-24,new,NYK,POR,0.005073598705844469
2023-24,new,NYK,SAC,5.055841295945263e-06
2023-24,new,NYK,SAS,0.003272428549704892
2023-24,new,NYK,TOR,0.02743411609767425
2023-24,new,NYK,UTA,0.0033733836036970322
2023-24,new,NYK,WAS,0.016318696317331193
2023-24,new,OKC,ATL,0.01331612965483101
2023-24,new,OKC,BKN,0.0
2023-24,new,OKC,BOS,0.0005808189766609976
2023-24,new,OKC,CHA,0.0011268330959783007
2023-24,new,OKC,CHI,0.0020498281037073505
2023-24,new,OKC,CLE,0.01700129232010016
2023-24,new,OKC,DAL,0.01824157551440718
2023-24,new,OKC,DEN,0.05403686600882297
2023-24,new,OKC,DET,0.00010744179138795521
2023-24,new,OKC,GSW,0.022490378416555958
2023-24,new,OKC,HOU,5.9750337635284445e-05
2023-24,new,OKC,IND,0.001608380663034464
2023-24,new,OKC,LAC,0.0
2023-24,new,OKC,LAL,0.0
2023-24,new,OKC,MEM,0.006679687605576653
2023-24,new,OKC,MIA,0.003362187091488994
2023-24,new,OKC,MIL,0.011720635770189832
2023-24,new,OKC,MIN,0.057839223971256216
2023-24,new,OKC,NOP,0.04661235668042131
2023-24,new,OKC,NYK,0.023857661449472975
2023-24,new,OKC,ORL,0.011485991680341227
2023-24,new,OKC,PHI,0.008007490324400048
2023-24,new,OKC,PHX,0.013609105631135049
2023-24,new,OKC,POR,0.009741125735520571
2023-24,new,OKC,SAC,0.030862573443961545
2023-24,new,OKC,SAS,0.0013793594246646178
2023-24,new,OKC,TOR,0.007105109145094439
2023-24,new,OKC,UTA,0.12669989231979908
2023-24,new,OKC,WAS,0.029915679111607085
2023-24,new,ORL,ATL,0.040307719783305274
2023-24,new,ORL,BKN,0.0
2023-24,new,ORL,BOS,0.0
2023-24,new,ORL,CHA,0.0006975180342895581
2023-24,new,ORL,CHI,0.019645904078580433
2023-24,new,ORL,CLE,0.029344458229882395
2023-24,new,ORL,DAL,0.007433129704702191
2023-24,new,ORL,DEN,0.0006627155277589013
2023-24,new,ORL,DET,0.0002158226662576736
2023-24,new,ORL,GSW,0.004582050811667661
2023-24,new,ORL,HOU,0.0004905824213361829
2023-24,new,ORL,IND,0.012864941944357403
2023-24,new,ORL,LAC,0.0
2023-24,new,ORL,LAL,0.0
2023-24,new,ORL,MEM,0.0022904095541412847
2023-24,new,ORL,MIA,0.09971805933125924
2023-24,new,ORL,MIL,0.01669369635142081
2023-24,new,ORL,MIN,0.0007984913919313716
2023-24,new,ORL,NOP,0.05692616290134616
2023-24,new,ORL,NYK,0.0831947243316423
2023-24,new,ORL,OKC,0.003759698264706269
2023-24,new,ORL,PHI,0.09816736876942556
2023-24,new,ORL,PHX,0.03836772650863638
2023-24,new,ORL,POR,0.010589436293075568
2023-24,new,ORL,SAC,0.015088617764044627
2023-24,new,ORL,SAS,0.008885272745993768
2023-24,new,ORL,TOR,0.07046251359784218
2023-24,new,ORL,UTA,0.0010024245475330552
2023-24,new,ORL,WAS,0.016673760963162282
2023-24,new,PHI,ATL,0.025813033624742836
2023-24,new,PHI,BKN,0.0
2023-24,new,PHI,BOS,8.18965530247781e-05
2023-24,new,PHI,CHA,7.1064712441206e-05
2023-24,new,PHI,CHI,0.07081414491891125
2023-24,new,PHI,CLE,0.01870565223088259
2023-24,new,PHI,DAL,0.01649420676555101
2023-24,new,PHI,DEN,0.0043756466930765245
2023-24,new,PHI,DET,0.00016710601191515054
2023-24,new,PHI,GSW,0.014323609424123307
2023-24,new,PHI,HOU,0.006909579107666873
2023-24,new,PHI,IND,0.03785406960480407
2023-24,new,PHI,LAC,0.0
2023-24,new,PHI,LAL,0.0
2023-24,new,PHI,MEM,0.003735722063996444
2023-24,new,PHI,MIA,0.06805586125678474
2023-24,new,PHI,MIL,0.015854256721052888
2023-24,new,PHI,MIN,0.006786929275792069
2023-24,new,PHI,NOP,0.08185133190750386
2023-24,new,PHI,NYK,0.05133474495074985
2023-24,new,PHI,OKC,0.00791460143600928
2023-24,new,PHI,ORL,0.038645523921675515
2023-24,new,PHI,PHX,0.026163254408045376
2023-24,new,PHI,POR,0.007731711357346205
2023-24,new,PHI,SAC,0.04478617208694436
2023-24,new,PHI,SAS,0.0038521405911439337
2023-24,new,PHI,TOR,0.045960203467599665
2023-24,new,PHI,UTA,0.00625404092938848
2023-24,new,PHI,WAS,0.09025727425740053
2023-24,new,PHX,ATL,0.08063987804762751
2023-24,new,PHX,BKN,0.0
2023-24,new,PHX,BOS,9.913793275261235e-05
2023-24,new,PHX,CHA,4.768221723717476e-05
2023-24,new,PHX,CHI,0.0008060746924260579
2023-24,new,PHX,CLE,0.02265150871868737
2023-24,new,PHX,DAL,0.16701289821603574
2023-24,new,PHX,DEN,0.007349152763193575
2023-24,new,PHX,DET,0.00016957086448772055
2023-24,new,PHX,GSW,0.09275169854579243
2023-24,new,PHX,HOU,0.00038404755592952804
2023-24,new,PHX,IND,0.00026096271712692176
2023-24,new,PHX,LAC,0.0
2023-24,new,PHX,LAL,0.0
2023-24,new,PHX,MEM,0.07292834169988055
2023-24,new,PHX,MIA,0.019707150502757474
2023-24,new,PHX,MIL,0.022894935693836705
2023-24,new,PHX,MIN,0.017462399366658214
2023-24,new,PHX,NOP,0.30449199815225936
2023-24,new,PHX,NYK,0.04880017262916495
2023-24,new,PHX,OKC,0.0042931035398666205
2023-24,new,PHX,ORL,0.027266206925291192
2023-24,new,PHX,PHI,0.014156737491594223
2023-24,new,PHX,POR,0.03003808549631799
2023-24,new,PHX,SAC,0.22000027924650473
2023-24,new,PHX,SAS,0.003646094064655424
2023-24,new,PHX,TOR,0.019637297599258648
2023-24,new,PHX,UTA,0.02534590518228501
2023-24,new,PHX,WAS,0.15358189649416276
2023-24,new,POR,ATL,0.010676995802745864
2023-24,new,POR,BKN,0.0
2023-24,new,POR,BOS,2.0474138236122907e-05
2023-24,new,POR,CHA,0.0008844617228928851
2023-24,new,POR,CHI,0.01797800323665001
2023-24,new,POR,CLE,0.017720971491834776
2023-24,new,POR,DAL,0.008546399701489873
2023-24,new,POR,DEN,0.0003135775927261545
2023-24,new,POR,DET,0.00013201311917254482
2023-24,new,POR,GSW,0.0019077372659474358
2023-24,new,POR,HOU,0.0008377539339573892
2023-24,new,POR,IND,0.003039411191468868
2023-24,new,POR,LAC,0.0
2023-24,new,POR,LAL,0.0
2023-24,new,POR,MEM,0.0015231680932478852
2023-24,new,POR,MIA,0.019388370141094454
2023-24,new,POR,MIL,0.013261584060021741
2023-24,new,POR,MIN,0.004336853655848496
2023-24,new,POR,NOP,0.015425993272849528
2023-24,new,POR,NYK,0.02310658010666033
2023-24,new,POR,OKC,0.0026390086217574645
2023-24,new,POR,ORL,0.014362227547319218
2023-24,new,POR,PHI,0.012587679601870412
2023-24,new,POR,PHX,0.016192618664695308
2023-24,new,POR,SAC,0.0057106076991563556
2023-24,new,POR,SAS,0.016421248820765497
2023-24,new,POR,TOR,0.014178396542338377
2023-24,new,POR,UTA,0.00438415951814085
2023-24,new,POR,WAS,0.039899245847281516
2023-24,new,SAC,ATL,0.025412518065537452
2023-24,new,SAC,BKN,0.0
2023-24,new,SAC,BOS,2.0474138236122907e-05
2023-24,new,SAC,CHA,0.0011079949483531314
2023-24,new,SAC,CHI,0.003278092996407329
2023-24,new,SAC,CLE,0.006428947777276903
2023-24,new,SAC,DAL,0.044492937071910744
2023-24,new,SAC,DEN,0.0006790958356954244
2023-24,new,SAC,DET,3.1299093304392796e-05
2023-24,new,SAC,GSW,0.016559508930168422
2023-24,new,SAC,HOU,6.92947612798465e-05
2023-24,new,SAC,IND,0.0036673749959351782
2023-24,new,SAC,LAC,0.0
2023-24,new,SAC,LAL,0.0
2023-24,new,SAC,MEM,0.0036675647405329456
2023-24,new,SAC,MIA,0.011810874982008692
2023-24,new,SAC,MIL,0.005272359960323103
2023-24,new,SAC,MIN,0.003970665294979964
2023-24,new,SAC,NOP,0.05417485102333946
2023-24,new,SAC,NYK,0.009652868868471994
2023-24,new,SAC,OKC,0.0013221982609207643
2023-24,new,SAC,ORL,0.01630289635414587
2023-24,new,SAC,PHI,0.011334114567032622
2023-24,new,SAC,PHX,0.032356680972132325
2023-24,new,SAC,POR,0.009844826082128371
2023-24,new,SAC,SAS,6.924611410720992e-05
2023-24,new,SAC,TOR,0.01015020709917536
2023-24,new,SAC,UTA,0.0032033944031793697
2023-24,new,SAC,WAS,0.010899515193987413
2023-24,new,SAS,ATL,0.026772878577370915
2023-24,new,SAS,BKN,0.0
2023-24,new,SAS,BOS,2.6939655654132367e-05
2023-24,new,SAS,CHA,0.013173523121379205
2023-24,new,SAS,CHI,0.011176084386066732
2023-24,new,SAS,CLE,0.003076390357601515
2023-24,new,SAS,DAL,0.0448464031845114
2023-24,new,SAS,DEN,0.005853639908545512
2023-24,new,SAS,DET,0.00022833160558911468
2023-24,new,SAS,GSW,0.014337696695196864
2023-24,new,SAS,HOU,0.005628012401882351
2023-24,new,SAS,IND,0.00042794025084698085
2023-24,new,SAS,LAC,0.0
2023-24,new,SAS,LAL,0.0
2023-24,new,SAS,MEM,0.004699353521834288
2023-24,new,SAS,MIA,0.011934223971927664
2023-24,new,SAS,MIL,0.002934267304231541
2023-24,new,SAS,MIN,0.011929173508110914
2023-24,new,SAS,NOP,0.0729532357111792
2023-24,new,SAS,NYK,0.027378867185661786
2023-24,new,SAS,OKC,0.003189924604496276
2023-24,new,SAS,ORL,0.013359543290707918
2023-24,new,SAS,PHI,0.012239162083098352
2023-24,new,SAS,PHX,0.034527478317854576
2023-24,new,SAS,POR,0.03235632029506371
2023-24,new,SAS,SAC,0.05176219613757482
2023-24,new,SAS,TOR,0.027917405674124523
2023-24,new,SAS,UTA,0.023698545376517294
2023-24,new,SAS,WAS,0.015940194150898604
2023-24,new,TOR,ATL,0.028559317906934518
2023-24,new,TOR,BKN,0.0
2023-24,new,TOR,BOS,5.926724250332036e-05
2023-24,new,TOR,CHA,7.573022675047545e-05
2023-24,new,TOR,CHI,0.006577333053119367
2023-24,new,TOR,CLE,0.014303230159856923
2023-24,new,TOR,DAL,0.03096220873640241
2023-24,new,TOR,DEN,0.011605095791184858
2023-24,new,TOR,DET,7.85065122379816e-05
2023-24,new,TOR,GSW,0.01973745470126195
2023-24,new,TOR,HOU,0.006490531708505284
2023-24,new,TOR,IND,0.002020066081637811
2023-24,new,TOR,LAC,0.0
2023-24,new,TOR,LAL,0.0
2023-24,new,TOR,MEM,0.006612069105512687
2023-24,new,TOR,MIA,0.029523332294517347
2023-24,new,TOR,MIL,0.011558998056109352
2023-24,new,TOR,MIN,0.009280819124645043
2023-24,new,TOR,NOP,0.04899105608999131
2023-24,new,TOR,NYK,0.0375355289142993
2023-24,new,TOR,OKC,0.00022090518788900234
2023-24,new,TOR,ORL,0.021692192880508134
2023-24,new,TOR,PHI,0.027584275063975476
2023-24,new,TOR,PHX,0.022247305995331076
2023-24,new,TOR,POR,0.011619876838697639
2023-24,new,TOR,SAC,0.03515907093162854
2023-24,new,TOR,SAS,0.02358461886309801
2023-24,new,TOR,UTA,0.024983566822203134
2023-24,new,TOR,WAS,0.026123922614095702
2023-24,new,UTA,ATL,0.0003512035172610891
2023-24,new,UTA,BKN,0.0
2023-24,new,UTA,BOS,0.0001217672435952158
2023-24,new,UTA,CHA,0.0016770137283895667
2023-24,new,UTA,CHI,0.0009002947316870128
2023-24,new,UTA,CLE,0.005269578132785814
2023-24,new,UTA,DAL,0.00014242759027473733
2023-24,new,UTA,DEN,0.0031487069010798768
2023-24,new,UTA,DET,5.670839321165375e-05
2023-24,new,UTA,GSW,0.0006132800363788003
2023-24,new,UTA,HOU,0.004703015713803541
2023-24,new,UTA,IND,3.487132759895256e-05
2023-24,new,UTA,LAC,0.0
2023-24,new,UTA,LAL,0.0
2023-24,new,UTA,MEM,0.0005468750149533476
2023-24,new,UTA,MIA,0.00015602116197607614
2023-24,new,UTA,MIL,0.004607758659082627
2023-24,new,UTA,MIN,0.004269396560748333
2023-24,new,UTA,NOP,0.0006148756940511181
2023-24,new,UTA,NYK,0.0034272001513745943
2023-24,new,UTA,OKC,0.0008933189869175889
2023-24,new,UTA,ORL,0.00020892653835289572
2023-24,new,UTA,PHI,0.0001443526314354768
2023-24,new,UTA,PHX,0.0004585129646022387
2023-24,new,UTA,POR,0.00040118623506353715
2023-24,new,UTA,SAC,0.00011341441590565376
2023-24,new,UTA,SAS,0.00019301008710248546
2023-24,new,UTA,TOR,0.0005630418927111049
2023-24,new,UTA,WAS,0.009851562542146362
2023-24,new,WAS,ATL,0.021207289915212903
2023-24,new,WAS,BKN,0.0
2023-24,new,WAS,BOS,0.00022521552131992987
2023-24,new,WAS,CHA,0.0012108979059897943
2023-24,new,WAS,CHI,0.0031792576411127627
2023-24,new,WAS,CLE,0.004882399465210944
2023-24,new,WAS,DAL,0.0035077032997822086
2023-24,new,WAS,DEN,0.0033935469680452393
2023-24,new,WAS,DET,0.00018985434995969327
2023-24,new,WAS,GSW,0.0066786193883271346
2023-24,new,WAS,HOU,0.0006122913992134332
2023-24,new,WAS,IND,0.005986944758256781
2023-24,new,WAS,LAC,0.0
2023-24,new,WAS,LAL,0.0
2023-24,new,WAS,MEM,0.0046460129693150515
2023-24,new,WAS,MIA,0.004250176958402097
2023-24,new,WAS,MIL,0.002150053926603066
2023-24,new,WAS,MIN,0.003782327632532166
2023-24,new,WAS,NOP,0.06370407263938808
2023-24,new,WAS,NYK,0.024359435800247815
2023-24,new,WAS,OKC,0.003173760853703776
2023-24,new,WAS,ORL,0.007050244159092752
2023-24,new,WAS,PHI,0.016655474062312083
2023-24,new,WAS,PHX,0.02158378242029295
2023-24,new,WAS,POR,0.0027691128395260687
2023-24,new,WAS,SAC,0.03473211797102804
2023-24,new,WAS,SAS,0.007390720113238528
2023-24,new,WAS,TOR,0.008218115559177269
2023-24,new,WAS,UTA,0.008496228443270004
2023-24,old,ATL,BKN,0.0
2023-24,old,ATL,BOS,0.0
2023-24,old,ATL,CHA,0.002026022185426265
2023-24,old,ATL,CHI,0.03690260975689737
2023-24,old,ATL,CLE,0.012047782053971726
2023-24,old,ATL,DAL,0.00024487101082800784
2023-24,old,ATL,DEN,0.0010959076375634943
2023-24,old,ATL,DET,1.0767955094832592e-05
2023-24,old,ATL,GSW,0.0007304915779658575
2023-24,old,ATL,HOU,0.04136169512496153
2023-24,old,ATL,IND,0.0006356980876410455
2023-24,old,ATL,LAC,0.0
2023-24,old,ATL,LAL,0.0
2023-24,old,ATL,MEM,0.0013588362025169277
2023-24,old,ATL,MIA,0.0082212679026197
2023-24,old,ATL,MIL,0.011103448322974144
2023-24,old,ATL,MIN,0.011073276319004784
2023-24,old,ATL,NOP,0.018024775912846316
2023-24,old,ATL,NYK,0.016591959551682182
2023-24,old,ATL,OKC,0.1610150872542852
2023-24,old,ATL,ORL,0.011463171057389402
2023-24,old,ATL,PHI,0.007588884756186385
2023-24,old,ATL,PHX,0.007110183291309832
2023-24,old,ATL,POR,0.0046980461384507
2023-24,old,ATL,SAC,0.001859516437961897
2023-24,old,ATL,SAS,0.03813635534246578
2023-24,old,ATL,TOR,0.020643618560608628
2023-24,old,ATL,UTA,0.13834886887156933
2023-24,old,ATL,WAS,0.032894935961491574
2023-24,old,BKN,ATL,0.03356740032753063
2023-24,old,BKN,BOS,0.0002456896594757664
2023-24,old,BKN,CHA,0.0026266865614752383
2023-24,old,BKN,CHI,0.005483542540623644
2023-24,old,BKN,CLE,0.012602435879094353
2023-24,old,BKN,DAL,0.00047319716329526497
2023-24,old,BKN,DEN,0.005651939080074958
2023-24,old,BKN,DET,0.0015043860445986827
2023-24,old,BKN,GSW,0.0011912358255681001
2023-24,old,BKN,HOU,0.12659055964601443
2023-24,old,BKN,IND,0.00039440421901263984
2023-24,old,BKN,LAC,0.0
2023-24,old,BKN,LAL,0.0
2023-24,old,BKN,MEM,0.019266433348389473
2023-24,old,BKN,MIA,0.028937302033420122
2023-24,old,BKN,MIL,0.009851293081803054
2023-24,old,BKN,MIN,0.0036465516971272934
2023-24,old,BKN,NOP,0.0205370716947895
2023-24,old,BKN,NYK,0.03882049647694548
2023-24,old,BKN,OKC,0.05874164868200374
2023-24,old,BKN,ORL,0.026568439671753805
2023-24,old,BKN,PHI,0.016931473264173196
2023-24,old,BKN,PHX,0.01596551729113281
2023-24,old,BKN,POR,0.010255278188904843
2023-24,old,BKN,SAC,0.0014608385382704045
2023-24,old,BKN,SAS,0.03679523663194689
2023-24,old,BKN,TOR,0.15674038124615106
2023-24,old,BKN,UTA,0.0928809263878542
2023-24,old,BKN,WAS,0.015911907733715105
2023-24,old,BOS,ATL,0.012450734492891496
2023-24,old,BOS,BKN,0.0
2023-24,old,BOS,CHA,0.001892968092377732
2023-24,old,BOS,CHI,0.005351074042487788
2023-24,old,BOS,CLE,0.012702439478278824
2023-24,old,BOS,DAL,0.0025698788517682343
2023-24,old,BOS,DEN,0.012231681143527781
2023-24,old,BOS,DET,0.0011328403850689743
2023-24,old,BOS,GSW,0.001552008461048601
2023-24,old,BOS,HOU,0.0010662647322651473
2023-24,old,BOS,IND,0.00042724813212062865
2023-24,old,BOS,LAC,0.0
2023-24,old,BOS,LAL,0.0
2023-24,old,BOS,MEM,0.0014550108181368882
2023-24,old,BOS,MIA,0.013556950251741397
2023-24,old,BOS,MIL,0.018800646822963812
2023-24,old,BOS,MIN,0.01609022229314449
2023-24,old,BOS,NOP,0.03725624639337927
2023-24,old,BOS,NYK,0.03912209806472492
2023-24,old,BOS,OKC,0.000572198246653866
2023-24,old,BOS,ORL,0.017058761443654074
2023-24,old,BOS,PHI,0.01113123938857731
2023-24,old,BOS,PHX,0.011497036648255868
2023-24,old,BOS,POR,0.04730006370407975
2023-24,old,BOS,SAC,0.026521888051406376
2023-24,old,BOS,SAS,0.004811996940526446
2023-24,old,BOS,TOR,0.011460970393066592
2023-24,old,BOS,UTA,0.02428663793120308
2023-24,old,BOS,WAS,0.018531519730800184
2023-24,old,CHA,ATL,0.02493259074427136
2023-24,old,CHA,BKN,0.0
2023-24,old,CHA,BOS,0.0
2023-24,old,CHA,CHI,0.011394936561906589
2023-24,old,CHA,CLE,0.003856345578204009
2023-24,old,CHA,DAL,0.0016236187196806764
2023-24,old,CHA,DEN,0.00020725193278036595
2023-24,old,CHA,DET,0.001807929800848568
2023-24,old,CHA,GSW,0.001681859732721732
2023-24,old,CHA,HOU,0.014971718192953818
2023-24,old,CHA,IND,0.0010022033415470863
2023-24,old,CHA,LAC,0.0
2023-24,old,CHA,LAL,0.0
2023-24,old,CHA,MEM,0.004618803780778826
2023-24,old,CHA,MIA,0.01817286900008146
2023-24,old,CHA,MIL,0.0055926725350256105
2023-24,old,CHA,MIN,0.00027507937356395203
2023-24,old,CHA,NOP,0.04067229786485231
2023-24,old,CHA,NYK,0.04534466285766317
2023-24,old,CHA,OKC,0.008678609961643817
2023-24,old,CHA,ORL,0.012557113523132235
2023-24,old,CHA,PHI,0.014294003885274548
2023-24,old,CHA,PHX,0.01288092675903844
2023-24,old,CHA,POR,0.039151004232344945
2023-24,old,CHA,SAC,0.01672202877007246
2023-24,old,CHA,SAS,0.03612389058929851
2023-24,old,CHA,TOR,0.02329411222800942
2023-24,old,CHA,UTA,0.012014816875332674
2023-24,old,CHA,WAS,0.009011583922266283
2023-24,old,CHI,ATL,0.01931992432713753
2023-24,old,CHI,BKN,0.0
2023-24,old,CHI,BOS,3.232758668861512e-05
2023-24,old,CHI,CHA,0.00016274441776564615
2023-24,old,CHI,CLE,0.011739576577465381
2023-24,old,CHI,DAL,0.001409702895206638
2023-24,old,CHI,DEN,0.00809051735009226
2023-24,old,CHI,DET,0.0010966722911866266
2023-24,old,CHI,GSW,0.0035791484389747063
2023-24,old,CHI,HOU,0.014192557654114951
2023-24,old,CHI,IND,0.0049240336886495675
2023-24,old,CHI,LAC,0.0
2023-24,old,CHI,LAL,0.0
2023-24,old,CHI,MEM,0.00039682112929234604
2023-24,old,CHI,MIA,0.016096519726547937
2023-24,old,CHI,MIL,0.013110991484919112
2023-24,old,CHI,MIN,0.009987069058135668
2023-24,old,CHI,NOP,0.022140536095592807
2023-24,old,CHI,NYK,0.05069254979019527
2023-24,old,CHI,OKC,0.02205953628581483
2023-24,old,CHI,ORL,0.009844826153527435
2023-24,old,CHI,PHI,0.02546960653661897
2023-24,old,CHI,PHX,0.017279363836117632
2023-24,old,CHI,POR,0.043308231877210356
2023-24,old,CHI,SAC,0.022071422575843155
2023-24,old,CHI,SAS,0.0007670447898302248
2023-24,old,CHI,TOR,0.04590818131239121
2023-24,old,CHI,UTA,0.02876697223474962
2023-24,old,CHI,WAS,0.04463954747815071
2023-24,old,CLE,ATL,0.07765146240882555
2023-24,old,CLE,BKN,0.0
2023-24,old,CLE,BOS,0.00021767241775925305
2023-24,old,CLE,CHA,4.358180352968654e-06
2023-24,old,CLE,CHI,0.005900594877950229
2023-24,old,CLE,DAL,0.0016733208174405847
2023-24,old,CLE,DEN,0.021021436161825693
2023-24,old,CLE,DET,4.420765465363134e-05
2023-24,old,CLE,GSW,0.006520945997738197
2023-24,old,CLE,HOU,0.012443171028506034
2023-24,old,CLE,IND,0.001990580961695472
2023-24,old,CLE,LAC,0.0
2023-24,old,CLE,LAL,0.0
2023-24,old,CLE,MEM,0.0036594828186107087
2023-24,old,CLE,MIA,0.026904462820965487
2023-24,old,CLE,MIL,0.05307435357702318
2023-24,old,CLE,MIN,0.020905955304474443
2023-24,old,CLE,NOP,0.13281587347108265
2023-24,old,CLE,NYK,0.05945327137262686
2023-24,old,CLE,OKC,0.03927720890450693
2023-24,old,CLE,ORL,0.04053038425929452
2023-24,old,CLE,PHI,0.02321347645633793
2023-24,old,CLE,PHX,0.019537446482030773
2023-24,old,CLE,POR,0.022330239348584816
2023-24,old,CLE,SAC,0.07957013161482364
2023-24,old,CLE,SAS,0.010383075811220076
2023-24,old,CLE,TOR,0.03436989432204025
2023-24,old,CLE,UTA,0.06122467675430955
2023-24,old,CLE,WAS,0.04760156282566985
2023-24,old,DAL,ATL,0.05891312266991221
2023-24,old,DAL,BKN,0.0
2023-24,old,DAL,BOS,7.32758635622931e-05
2023-24,old,DAL,CHA,0.002377079135600712
2023-24,old,DAL,CHI,0.008189424986063341
2023-24,old,DAL,CLE,0.009585340099495618
2023-24,old,DAL,DEN,0.004479332838716896
2023-24,old,DAL,DET,0.0003380705361324654
2023-24,old,DAL,GSW,0.009006582509162024
2023-24,old,DAL,HOU,0.009994392724055253
2023-24,old,DAL,IND,0.002355782595258037
2023-24,old,DAL,LAC,0.0
2023-24,old,DAL,LAL,0.0
2023-24,old,DAL,MEM,0.0034471983365224816
2023-24,old,DAL,MIA,0.015222013605146212
2023-24,old,DAL,MIL,0.01120258624681496
2023-24,old,DAL,MIN,0.009389598485811739
2023-24,old,DAL,NOP,0.06998537243038004
2023-24,old,DAL,NYK,0.3329059528732463
2023-24,old,DAL,OKC,0.008860183141338802
2023-24,old,DAL,ORL,0.035074104017215606
2023-24,old,DAL,PHI,0.026388366717066295
2023-24,old,DAL,PHX,0.05076966503016843
2023-24,old,DAL,POR,0.029986232827450846
2023-24,old,DAL,SAC,0.09119709258552308
2023-24,old,DAL,SAS,0.016899780354518303
2023-24,old,DAL,TOR,0.049337537194808934
2023-24,old,DAL,UTA,0.0261015625238812
2023-24,old,DAL,WAS,0.008973060424483767
2023-24,old,DEN,ATL,0.02802666860114298
2023-24,old,DEN,BKN,0.0
2023-24,old,DEN,BOS,0.00034375000632657065
2023-24,old,DEN,CHA,0.00317888345628463
2023-24,old,DEN,CHI,0.007190191558824053
2023-24,old,DEN,CLE,0.020315298081575815
2023-24,old,DEN,DAL,0.002094815209198828
2023-24,old,DEN,DET,0.0006943667454717986
2023-24,old,DEN,GSW,0.0038591994991584275
2023-24,old,DEN,HOU,0.017394368705586718
2023-24,old,DEN,IND,0.00046048171538774725
2023-24,old,DEN,LAC,0.0
2023-24,old,DEN,LAL,0.0
2023-24,old,DEN,MEM,0.005148437357716392
2023-24,old,DEN,MIA,0.011777548596906582
2023-24,old,DEN,MIL,0.014258620713532354
2023-24,old,DEN,MIN,0.041474137990405543
2023-24,old,DEN,NOP,0.04027580869720852
2023-24,old,DEN,NYK,0.062088428683011586
2023-24,old,DEN,OKC,0.04647171340804499
2023-24,old,DEN,ORL,0.01382816454388632
2023-24,old,DEN,PHI,0.010171165196323266
2023-24,old,DEN,PHX,0.013381465420845477
2023-24,old,DEN,POR,0.014308357717204442
2023-24,old,DEN,SAC,0.03690419634662123
2023-24,old,DEN,SAS,0.020425702312771448
2023-24,old,DEN,TOR,0.015788359764289675
2023-24,old,DEN,UTA,0.04346093743479537
2023-24,old,DEN,WAS,0.023513739406681177
2023-24,old,DET,ATL,0.029161193154239692
2023-24,old,DET,BKN,0.0
2023-24,old,DET,BOS,0.0
2023-24,old,DET,CHA,0.0019125258393827523
2023-24,old,DET,CHI,0.012166256401518123
2023-24,old,DET,CLE,0.010656513117005552
2023-24,old,DET,DAL,0.0005922446973419762
2023-24,old,DET,DEN,0.004560344996240888
2023-24,old,DET,GSW,0.002553434992947348
2023-24,old,DET,HOU,0.01817433870296931
2023-24,old,DET,IND,0.0015971052188755923
2023-24,old,DET,LAC,0.0
2023-24,old,DET,LAL,0.0
2023-24,old,DET,MEM,0.003203124933502766
2023-24,old,DET,MIA,0.01651916564086352
2023-24,old,DET,MIL,0.011992457102229497
2023-24,old,DET,MIN,0.0007855604576652487
2023-24,old,DET,NOP,0.035485943285279604
2023-24,old,DET,NYK,0.07156337558753685
2023-24,old,DET,OKC,0.012886314756730735
2023-24,old,DET,ORL,0.021721886754871134
2023-24,old,DET,PHI,0.03099937262958284
2023-24,old,DET,PHX,0.02704498944165795
2023-24,old,DET,POR,0.017217380892585187
2023-24,old,DET,SAC,0.008872823781476778
2023-24,old,DET,SAS,0.022788667852770807
2023-24,old,DET,TOR,0.04805394483343294
2023-24,old,DET,UTA,0.02527586177950885
2023-24,old,DET,WAS,0.01365409499409624
2023-24,old,GSW,ATL,0.04422449148474783
2023-24,old,GSW,BKN,0.0
2023-24,old,GSW,BOS,0.0
2023-24,old,GSW,CHA,0.00346642192126769
2023-24,old,GSW,CHI,0.00827140778216558
2023-24,old,GSW,CLE,0.006667759408712156
2023-24,old,GSW,DAL,0.005711944775631708
2023-24,old,GSW,DEN,0.003461562280016545
2023-24,old,GSW,DET,0.0007200975540941531
2023-24,old,GSW,HOU,0.010131155347533508
2023-24,old,GSW,IND,0.002018974493634563
2023-24,old,GSW,LAC,0.0
2023-24,old,GSW,LAL,0.0
2023-24,old,GSW,MEM,0.0007095905212516865
2023-24,old,GSW,MIA,0.019026323089860683
2023-24,old,GSW,MIL,0.005030172539409249
2023-24,old,GSW,MIN,7.895870253107865e-05
2023-24,old,GSW,NOP,0.08513469751745252
2023-24,old,GSW,NYK,0.044090010596319264
2023-24,old,GSW,OKC,0.008610991133328787
2023-24,old,GSW,ORL,0.01224862431190782
2023-24,old,GSW,PHI,0.017110309591179557
2023-24,old,GSW,PHX,0.031044180490787075
2023-24,old,GSW,POR,0.2098598509568896
2023-24,old,GSW,SAC,0.06253510786491581
2023-24,old,GSW,SAS,0.0005076044021193465
2023-24,old,GSW,TOR,0.04353026586304876
2023-24,old,GSW,UTA,0.010903017254795174
2023-24,old,GSW,WAS,0.007383620742535828
2023-24,old,HOU,ATL,0.03651416321367281
2023-24,old,HOU,BKN,0.0
2023-24,old,HOU,BOS,3.2327586688615123e-06
2023-24,old,HOU,CHA,0.0033041634453626926
2023-24,old,HOU,CHI,0.014251468235486519
2023-24,old,HOU,CLE,0.0014558204700809707
2023-24,old,HOU,DAL,0.001145421669379639
2023-24,old,HOU,DEN,0.006370037245263128
2023-24,old,HOU,DET,0.0024575887551691457
2023-24,old,HOU,GSW,0.00669516073192793
2023-24,old,HOU,IND,0.0003345846603289901
2023-24,old,HOU,LAC,0.0
2023-24,old,HOU,LAL,0.0
2023-24,old,HOU,MEM,0.00452047410694047
2023-24,old,HOU,MIA,0.007625652971109763
2023-24,old,HOU,MIL,0.010093750122549205
2023-24,old,HOU,MIN,0.008522629404973468
2023-24,old,HOU,NOP,0.021651757730174883
2023-24,old,HOU,NYK,0.01912270981011198
2023-24,old,HOU,OKC,0.11510317874169139
2023-24,old,HOU,ORL,0.009114652439902305
2023-24,old,HOU,PHI,0.005335048784713796
2023-24,old,HOU,PHX,0.006735991357347992
2023-24,old,HOU,POR,0.010186559445149785
2023-24,old,HOU,SAC,0.009100576335182931
2023-24,old,HOU,SAS,0.003569059086063611
2023-24,old,HOU,TOR,0.006397055979955606
2023-24,old,HOU,UTA,0.16878879310416683
2023-24,old,HOU,WAS,0.006213362088732036
2023-24,old,IND,ATL,0.05079844179620808
2023-24,old,IND,BKN,0.0
2023-24,old,IND,BOS,2.801724187708621e-05
2023-24,old,IND,CHA,0.0009238622396689426
2023-24,old,IND,CHI,0.019595955622066754
2023-24,old,IND,CLE,0.012918586186556112
2023-24,old,IND,DAL,0.0021230910993097637
2023-24,old,IND,DEN,0.005029979104860162
2023-24,old,IND,DET,0.0004637577892233656
2023-24,old,IND,GSW,0.005200119101929007
2023-24,old,IND,HOU,0.03648649936668101
2023-24,old,IND,LAC,0.0
2023-24,old,IND,LAL,0.0
2023-24,old,IND,MEM,0.005050107641587163
2023-24,old,IND,MIA,0.05019780976211742
2023-24,old,IND,MIL,0.010987069105552827
2023-24,old,IND,MIN,0.00037068973007688393
2023-24,old,IND,NOP,0.0721544725566789
2023-24,old,IND,NYK,0.08874060928646568
2023-24,old,IND,OKC,0.01741002101585638
2023-24,old,IND,ORL,0.03550896549463426
2023-24,old,IND,PHI,0.047961753958729834
2023-24,old,IND,PHX,0.030249191238103306
2023-24,old,IND,POR,0.034003888763735106
2023-24,old,IND,SAC,0.03841705598037903
2023-24,old,IND,SAS,0.019748164600768524
2023-24,old,IND,TOR,0.3619228237141802
2023-24,old,IND,UTA,0.032820581838865916
2023-24,old,IND,WAS,0.007906519520811027
2023-24,old,LAC,ATL,0.018400282396858134
2023-24,old,LAC,BKN,0.0
2023-24,old,LAC,BOS,0.00013146551936094107
2023-24,old,LAC,CHA,0.001644820314472506
2023-24,old,LAC,CHI,0.006118389658429997
2023-24,old,LAC,CLE,0.04588158983554064
2023-24,old,LAC,DAL,0.0019844345123591267
2023-24,old,LAC,DEN,0.018133031763154197
2023-24,old,LAC,DET,6.301541861696035e-06
2023-24,old,LAC,GSW,0.0062689719539770474
2023-24,old,LAC,HOU,0.01866150374025414
2023-24,old,LAC,IND,0.003130294275510279
2023-24,old,LAC,LAL,0.0
2023-24,old,LAC,MEM,0.0012825970225847038
2023-24,old,LAC,MIA,0.02330017873552451
2023-24,old,LAC,MIL,0.04742564693221758
2023-24,old,LAC,MIN,0.023619612332005484
2023-24,old,LAC,NOP,0.07940013895697114
2023-24,old,LAC,NYK,0.040528500837349435
2023-24,old,LAC,OKC,0.02483189661573651
2023-24,old,LAC,ORL,0.022798309651733892
2023-24,old,LAC,PHI,0.019324394001712188
2023-24,old,LAC,PHX,0.013631734893625154
2023-24,old,LAC,POR,0.016969785599170263
2023-24,old,LAC,SAC,0.025537290927554
2023-24,old,LAC,SAS,0.007940878545489579
2023-24,old,LAC,TOR,0.03706036528503824
2023-24,old,LAC,UTA,0.05454229550235424
2023-24,old,LAC,WAS,0.2510051196419578
2023-24,old,LAL,ATL,0.1105735343026388
2023-24,old,LAL,BKN,0.0
2023-24,old,LAL,BOS,2.909482801975361e-05
2023-24,old,LAL,CHA,0.0010115346580708146
2023-24,old,LAL,CHI,0.009189202973877037
2023-24,old,LAL,CLE,0.015891455129365042
2023-24,old,LAL,DAL,0.006021414799392287
2023-24,old,LAL,DEN,0.009957501780776775
2023-24,old,LAL,DET,0.0010121050895557358
2023-24,old,LAL,GSW,0.016024762179202547
2023-24,old,LAL,HOU,0.005679111906269347
2023-24,old,LAL,IND,0.001750062102494055
2023-24,old,LAL,LAC,0.0
2023-24,old,LAL,MEM,0.0010538793221148183
2023-24,old,LAL,MIA,0.02065027728435895
2023-24,old,LAL,MIL,0.012901939538323543
2023-24,old,LAL,MIN,0.0053095621245992895
2023-24,old,LAL,NOP,0.35475908905738507
2023-24,old,LAL,NYK,0.03419132026174314
2023-24,old,LAL,OKC,0.004669719605710648
2023-24,old,LAL,ORL,0.015522744304410188
2023-24,old,LAL,PHI,0.01634402990131948
2023-24,old,LAL,PHX,0.047163253619520236
2023-24,old,LAL,POR,0.04499362061073785
2023-24,old,LAL,SAC,0.15218599914867453
2023-24,old,LAL,SAS,0.010967207144602536
2023-24,old,LAL,TOR,0.06129912270219544
2023-24,old,LAL,UTA,0.012567618644619681
2023-24,old,LAL,WAS,0.029890894629984514
2023-24,old,MEM,ATL,0.03149594775609221
2023-24,old,MEM,BKN,0.0
2023-24,old,MEM,BOS,0.00029633621243631535
2023-24,old,MEM,CHA,0.0020416550455785725
2023-24,old,MEM,CHI,0.0024448977854607864
2023-24,old,MEM,CLE,0.021105675862412004
2023-24,old,MEM,DAL,0.00038087812979236487
2023-24,old,MEM,DEN,0.016603743379062404
2023-24,old,MEM,DET,0.0004035080383911431
2023-24,old,MEM,GSW,0.002407719086819192
2023-24,old,MEM,HOU,0.045618738413043584
2023-24,old,MEM,IND,0.0008998273703886473
2023-24,old,MEM,LAC,0.0
2023-24,old,MEM,LAL,0.0
2023-24,old,MEM,MIA,0.02390702923136949
2023-24,old,MEM,MIL,0.011337284598146279
2023-24,old,MEM,MIN,0.012370689949524125
2023-24,old,MEM,NOP,0.06782752445534551
2023-24,old,MEM,NYK,0.03378064092461408
2023-24,old,MEM,OKC,0.04050269390430286
2023-24,old,MEM,ORL,0.021613310573597312
2023-24,old,MEM,PHI,0.010598526364045045
2023-24,old,MEM,PHX,0.026107219943519805
2023-24,old,MEM,POR,0.008837923983251634
2023-24,old,MEM,SAC,0.02048434887694138
2023-24,old,MEM,SAS,0.0946720526378601
2023-24,old,MEM,TOR,0.13031337628267736
2023-24,old,MEM,UTA,0.08173383620750273
2023-24,old,MEM,WAS,0.034626347507422404
2023-24,old,MIA,ATL,0.05062910291186192
2023-24,old,MIA,BKN,0.0
2023-24,old,MIA,BOS,0.00015517241730964907
2023-24,old,MIA,CHA,0.0008639268202163836
2023-24,old,MIA,CHI,0.009187669314896835
2023-24,old,MIA,CLE,0.015442352837266794
2023-24,old,MIA,DAL,0.0010072882764884574
2023-24,old,MIA,DEN,0.0070614573443339166
2023-24,old,MIA,DET,0.0009979854132483653
2023-24,old,MIA,GSW,0.003576454802168843
2023-24,old,MIA,HOU,0.0005262056670239904
2023-24,old,MIA,IND,0.003549410326508475
2023-24,old,MIA,LAC,0.0
2023-24,old,MIA,LAL,0.0
2023-24,old,MIA,MEM,0.0003332435414355634
2023-24,old,MIA,MIL,0.03505738181427346
2023-24,old,MIA,MIN,0.0063820551363886775
2023-24,old,MIA,NOP,0.036683977626601666
2023-24,old,MIA,NYK,0.08956076638560187
2023-24,old,MIA,OKC,0.0010743533905619629
2023-24,old,MIA,ORL,0.042152524405326144
2023-24,old,MIA,PHI,0.04832401550837411
2023-24,old,MIA,PHX,0.02548329705952522
2023-24,old,MIA,POR,0.01748942695290126
2023-24,old,MIA,SAC,0.013548603462954986
2023-24,old,MIA,SAS,0.0022839656744525864
2023-24,old,MIA,TOR,0.045536239589475225
2023-24,old,MIA,UTA,0.011938308179378512
2023-24,old,MIA,WAS,0.019559537062144455
2023-24,old,MIL,ATL,0.02288909456315909
2023-24,old,MIL,BKN,0.0
2023-24,old,MIL,BOS,0.0004956896603107452
2023-24,old,MIL,CHA,1.8253281438876692e-06
2023-24,old,MIL,CHI,0.01258012131223062
2023-24,old,MIL,CLE,0.0347966152034649
2023-24,old,MIL,DAL,0.0026596721408538586
2023-24,old,MIL,DEN,0.010798491395463976
2023-24,old,MIL,DET,6.441108375681701e-07
2023-24,old,MIL,GSW,0.002998977987954438
2023-24,old,MIL,HOU,0.0018515678898526344
2023-24,old,MIL,IND,0.0013272964463129798
2023-24,old,MIL,LAC,0.0
2023-24,old,MIL,LAL,0.0
2023-24,old,MIL,MEM,0.0006109913899804113
2023-24,old,MIL,MIA,0.021473123317225895
2023-24,old,MIL,MIN,0.013054956846613567
2023-24,old,MIL,NOP,0.11184977526447618
2023-24,old,MIL,NYK,0.057101796932656226
2023-24,old,MIL,OKC,0.0008539870515433624
2023-24,old,MIL,ORL,0.01743516861131477
2023-24,old,MIL,PHI,0.019509361597975464
2023-24,old,MIL,PHX,0.02158028036235542
2023-24,old,MIL,POR,0.012733185163034863
2023-24,old,MIL,SAC,0.017780518200050506
2023-24,old,MIL,SAS,0.0039096870581353345
2023-24,old,MIL,TOR,0.026122237018456868
2023-24,old,MIL,UTA,0.028278286665405054
2023-24,old,MIL,WAS,0.05443588381002915
2023-24,old,MIN,ATL,0.024183356533460508
2023-24,old,MIN,BKN,0.0
2023-24,old,MIN,BOS,0.001035560360098065
2023-24,old,MIN,CHA,0.00017452749111894947
2023-24,old,MIN,CHI,0.008070462675715276
2023-24,old,MIN,CLE,0.018628926568465876
2023-24,old,MIN,DAL,0.0022101693282951984
2023-24,old,MIN,DEN,0.0390431021570798
2023-24,old,MIN,DET,2.2525319340382453e-06
2023-24,old,MIN,GSW,0.002096025895775971
2023-24,old,MIN,HOU,0.027886319938302026
2023-24,old,MIN,IND,0.0005322341513694359
2023-24,old,MIN,LAC,0.0
2023-24,old,MIN,LAL,0.0
2023-24,old,MIN,MEM,0.005351293281800564
2023-24,old,MIN,MIA,0.011117943013889953
2023-24,old,MIN,MIL,0.021593750208166652
2023-24,old,MIN,NOP,0.06727576320144121
2023-24,old,MIN,NYK,0.029815796369041223
2023-24,old,MIN,OKC,0.05965436385141621
2023-24,old,MIN,ORL,0.0139963743394478
2023-24,old,MIN,PHI,0.01371097519447754
2023-24,old,MIN,PHX,0.01557085126734756
2023-24,old,MIN,POR,0.019090330022266178
2023-24,old,MIN,SAC,0.01029238993368773
2023-24,old,MIN,SAS,0.022298538169204192
2023-24,old,MIN,TOR,0.054133186198311006
2023-24,old,MIN,UTA,0.05244746754907377
2023-24,old,MIN,WAS,0.04657408435437589
2023-24,old,NOP,ATL,0.03218523625489351
2023-24,old,NOP,BKN,0.0
2023-24,old,NOP,BOS,0.0
2023-24,old,NOP,CHA,0.001537050579741598
2023-24,old,NOP,CHI,0.009837847301736022
2023-24,old,NOP,CLE,0.04150962015329372
2023-24,old,NOP,DAL,0.002611470528676542
2023-24,old,NOP,DEN,0.00441657255938169
2023-24,old,NOP,DET,9.910985039405243e-06
2023-24,old,NOP,GSW,0.0030863513010541024
2023-24,old,NOP,HOU,0.021284840579057003
2023-24,old,NOP,IND,0.0018915209618163174
2023-24,old,NOP,LAC,0.0
2023-24,old,NOP,LAL,0.0
2023-24,old,NOP,MEM,0.00489358847850436
2023-24,old,NOP,MIA,0.021427010866092226
2023-24,old,NOP,MIL,0.06266190818161704
2023-24,old,NOP,MIN,0.007040460366931476
2023-24,old,NOP,NYK,0.09169912023552854
2023-24,old,NOP,OKC,0.025296336569429912
2023-24,old,NOP,ORL,0.03537960099338321
2023-24,old,NOP,PHI,0.020418696401162704
2023-24,old,NOP,PHX,0.04561530128043096
2023-24,old,NOP,POR,0.013809488690702483
2023-24,old,NOP,SAC,0.04308991654503624
2023-24,old,NOP,SAS,0.021952020907557584
2023-24,old,NOP,TOR,0.058780224257506966
2023-24,old,NOP,UTA,0.03445770478871618
2023-24,old,NOP,WAS,0.05207920319856353
2023-24,old,NYK,ATL,0.034576375643489796
2023-24,old,NYK,BKN,0.0
2023-24,old,NYK,BOS,6.465517337723025e-06
2023-24,old,NYK,CHA,0.0014515099573839348
2023-24,old,NYK,CHI,0.008914049831802393
2023-24,old,NYK,CLE,0.014388792115077891
2023-24,old,NYK,DAL,0.000829995969769374
2023-24,old,NYK,DEN,0.0052984914678181035
2023-24,old,NYK,DET,1.7154147878715436e-05
2023-24,old,NYK,GSW,0.001067469727247467
2023-24,old,NYK,HOU,0.012178772703322988
2023-24,old,NYK,IND,0.0020211596305562208
2023-24,old,NYK,LAC,0.0
2023-24,old,NYK,LAL,0.0
2023-24,old,NYK,MEM,0.004516971962955975
2023-24,old,NYK,MIA,0.02190360945501763
2023-24,old,NYK,MIL,0.017395474270933534
2023-24,old,NYK,MIN,0.004463362128330398
2023-24,old,NYK,NOP,0.036823407252385296
2023-24,old,NYK,OKC,0.027449353648478093
2023-24,old,NYK,ORL,0.031179786216679644
2023-24,old,NYK,PHI,0.02197028414715977
2023-24,old,NYK,PHX,0.019547952782475102
2023-24,old,NYK,POR,0.008414275862641525
2023-24,old,NYK,SAC,0.00023142148507807056
2023-24,old,NYK,SAS,0.02073079974255944
2023-24,old,NYK,TOR,0.01842221120367214
2023-24,old,NYK,UTA,0.033129579848429215
2023-24,old,NYK,WAS,0.013962823356830932
2023-24,old,OKC,ATL,0.010850357859875235
2023-24,old,OKC,BKN,0.0
2023-24,old,OKC,BOS,0.0005808189766609976
2023-24,old,OKC,CHA,0.0013886038832576116
2023-24,old,OKC,CHI,0.004221569307001095
2023-24,old,OKC,CLE,0.016894284759424748
2023-24,old,OKC,DAL,0.0011089796599038227
2023-24,old,OKC,DEN,0.05401185355259354
2023-24,old,OKC,DET,0.0006457780018915069
2023-24,old,OKC,GSW,0.0051977205678333995
2023-24,old,OKC,HOU,0.0068494790825386
2023-24,old,OKC,IND,0.0003943421613614677
2023-24,old,OKC,LAC,0.0
2023-24,old,OKC,LAL,0.0
2023-24,old,OKC,MEM,0.004719019493365116
2023-24,old,OKC,MIA,0.005664307109661992
2023-24,old,OKC,MIL,0.011725215517337724
2023-24,old,OKC,MIN,0.05785423131900236
2023-24,old,OKC,NOP,0.032019667485158894
2023-24,old,OKC,NYK,0.05897871475969994
2023-24,old,OKC,ORL,0.012865072462101142
2023-24,old,OKC,PHI,0.008973286311306691
2023-24,old,OKC,PHX,0.011597521572819397
2023-24,old,OKC,POR,0.019350541831624355
2023-24,old,OKC,SAC,0.016261301354028933
2023-24,old,OKC,SAS,0.04838029384764864
2023-24,old,OKC,TOR,0.04182834519131939
2023-24,old,OKC,UTA,0.1303758082842326
2023-24,old,OKC,WAS,0.025488955050863422
2023-24,old,ORL,ATL,0.05208848898237581
2023-24,old,ORL,BKN,0.0
2023-24,old,ORL,BOS,0.0
2023-24,old,ORL,CHA,0.0027942648024801525
2023-24,old,ORL,CHI,0.007543476971851062
2023-24,old,ORL,CLE,0.02742747696212781
2023-24,old,ORL,DAL,0.0008347383104786322
2023-24,old,ORL,DEN,0.0006637931139818552
2023-24,old,ORL,DET,0.00018094333033530905
2023-24,old,ORL,GSW,0.0017781821073141735
2023-24,old,ORL,HOU,0.007799660367276318
2023-24,old,ORL,IND,0.0013266890965663938
2023-24,old,ORL,LAC,0.0
2023-24,old,ORL,LAL,0.0
2023-24,old,ORL,MEM,0.007814655172987845
2023-24,old,ORL,MIA,0.05865202805338918
2023-24,old,ORL,MIL,0.01656573304159824
2023-24,old,ORL,MIN,0.0007984913919313716
2023-24,old,ORL,NOP,0.0713781186946274
2023-24,old,ORL,NYK,0.08716681637864011
2023-24,old,ORL,OKC,0.0034286099496289536
2023-24,old,ORL,PHI,0.05311157211922834
2023-24,old,ORL,PHX,0.04148033440638944
2023-24,old,ORL,POR,0.02524098995944991
2023-24,old,ORL,SAC,0.010210590102457522
2023-24,old,ORL,SAS,0.053607306788345944
2023-24,old,ORL,TOR,0.0690544254557467
2023-24,old,ORL,UTA,0.003133890184349026
2023-24,old,ORL,WAS,0.013771012902283917
2023-24,old,PHI,ATL,0.03201456887465672
2023-24,old,PHI,BKN,0.0
2023-24,old,PHI,BOS,8.18965530247781e-05
2023-24,old,PHI,CHA,2.549894659973348e-06
2023-24,old,PHI,CHI,0.02889772726219426
2023-24,old,PHI,CLE,0.01865931585034525
2023-24,old,PHI,DAL,0.0011344273349573775
2023-24,old,PHI,DEN,0.004340401583408698
2023-24,old,PHI,DET,0.0001790614445295841
2023-24,old,PHI,GSW,0.006343508932295065
2023-24,old,PHI,HOU,0.016282871516828144
2023-24,old,PHI,IND,0.004771686923678348
2023-24,old,PHI,LAC,0.0
2023-24,old,PHI,LAL,0.0
2023-24,old,PHI,MEM,0.0016489763564935982
2023-24,old,PHI,MIA,0.043126224131093786
2023-24,old,PHI,MIL,0.015885776103281516
2023-24,old,PHI,MIN,0.006781839810457689
2023-24,old,PHI,NOP,0.0710367765666389
2023-24,old,PHI,NYK,0.07555841723279338
2023-24,old,PHI,OKC,0.012267241399064821
2023-24,old,PHI,ORL,0.026401729766578536
2023-24,old,PHI,PHX,0.016882004200296216
2023-24,old,PHI,POR,0.015576730463099818
2023-24,old,PHI,SAC,0.030874413748988177
2023-24,old,PHI,SAS,0.006154369701626859
2023-24,old,PHI,TOR,0.04325644305496402
2023-24,old,PHI,UTA,0.02205603442205004
2023-24,old,PHI,WAS,0.07865705844177463
2023-24,old,PHX,ATL,0.0663790241725864
2023-24,old,PHX,BKN,0.0
2023-24,old,PHX,BOS,9.913793275261235e-05
2023-24,old,PHX,CHA,3.790897099710759e-06
2023-24,old,PHX,CHI,0.005705473574203728
2023-24,old,PHX,CLE,0.024403865859243385
2023-24,old,PHX,DAL,0.009073738511555168
2023-24,old,PHX,DEN,0.007014728609294936
2023-24,old,PHX,DET,0.00021269469746067042
2023-24,old,PHX,GSW,0.013396446541058234
2023-24,old,PHX,HOU,0.005662508034227612
2023-24,old,PHX,IND,0.0012055922555264124
2023-24,old,PHX,LAC,0.0
2023-24,old,PHX,LAL,0.0
2023-24,old,PHX,MEM,0.013243803962872459
2023-24,old,PHX,MIA,0.03649884042601452
2023-24,old,PHX,MIL,0.022540948583166406
2023-24,old,PHX,MIN,0.017445236389008623
2023-24,old,PHX,NOP,0.14906887156835455
2023-24,old,PHX,NYK,0.09173639401571552
2023-24,old,PHX,OKC,0.01614358831518169
2023-24,old,PHX,ORL,0.03996481109202441
2023-24,old,PHX,PHI,0.03133700911390025
2023-24,old,PHX,POR,0.049932150007264316
2023-24,old,PHX,SAC,0.13328768889061726
2023-24,old,PHX,SAS,0.020769356317165998
2023-24,old,PHX,TOR,0.03465436016364682
2023-24,old,PHX,UTA,0.05171336213650647
2023-24,old,PHX,WAS,0.0276039871796243
2023-24,old,POR,ATL,0.017922847848403096
2023-24,old,POR,BKN,0.0
2023-24,old,POR,BOS,2.0474138236122907e-05
2023-24,old,POR,CHA,0.015428421519149355
2023-24,old,POR,CHI,0.005485875311355028
2023-24,old,POR,CLE,0.01746387045920392
2023-24,old,POR,DAL,0.0004678626464606821
2023-24,old,POR,DEN,0.0003135775927261545
2023-24,old,POR,DET,0.00012703888917684508
2023-24,old,POR,GSW,0.00046828701976731074
2023-24,old,POR,HOU,0.0058380561816001
2023-24,old,POR,IND,0.00039604915771429105
2023-24,old,POR,LAC,0.0
2023-24,old,POR,LAL,0.0
2023-24,old,POR,MEM,0.005566540900336836
2023-24,old,POR,MIA,0.01378793389006787
2023-24,old,POR,MIL,0.01321767244865347
2023-24,old,POR,MIN,0.0043265085594523175
2023-24,old,POR,NOP,0.017814898786563678
2023-24,old,POR,NYK,0.024893685736781208
2023-24,old,POR,OKC,0.01872279118182507
2023-24,old,POR,ORL,0.013650761541196708
2023-24,old,POR,PHI,0.008335727226883067
2023-24,old,POR,PHX,0.01562095925892334
2023-24,old,POR,SAC,0.0025408451072428074
2023-24,old,POR,SAS,0.03339412873544687
2023-24,old,POR,TOR,0.019672650362073014
2023-24,old,POR,UTA,0.0330363686655945
2023-24,old,POR,WAS,0.03740786646842026
2023-24,old,SAC,ATL,0.058367788209036285
2023-24,old,SAC,BKN,0.0
2023-24,old,SAC,BOS,2.0474138236122907e-05
2023-24,old,SAC,CHA,0.0014639741254817633
2023-24,old,SAC,CHI,0.001866629523710693
2023-24,old,SAC,CLE,0.006577368739359906
2023-24,old,SAC,DAL,0.0015977597567506214
2023-24,old,SAC,DEN,0.0006080534392583951
2023-24,old,SAC,DET,0.00025396834471014203
2023-24,old,SAC,GSW,0.0014575411073729841
2023-24,old,SAC,HOU,0.00027117591792112476
2023-24,old,SAC,IND,0.00043255382606376895
2023-24,old,SAC,LAC,0.0
2023-24,old,SAC,LAL,0.0
2023-24,old,SAC,MEM,0.0003782327747141044
2023-24,old,SAC,MIA,0.01205945959011647
2023-24,old,SAC,MIL,0.0052758620605515
2023-24,old,SAC,MIN,0.003938303450204644
2023-24,old,SAC,NOP,0.02621726064413991
2023-24,old,SAC,NYK,0.023518797115157662
2023-24,old,SAC,OKC,0.014143588295294747
2023-24,old,SAC,ORL,0.013606139834911707
2023-24,old,SAC,PHI,0.009082360402537478
2023-24,old,SAC,PHX,0.018766702450310074
2023-24,old,SAC,POR,0.01011860055567281
2023-24,old,SAC,SAS,0.0002340999991343682
2023-24,old,SAC,TOR,0.008527942718736387
2023-24,old,SAC,UTA,0.02460802799508232
2023-24,old,SAC,WAS,0.005860452568379296
2023-24,old,SAS,ATL,0.03331101972996195
2023-24,old,SAS,BKN,0.0
2023-24,old,SAS,BOS,2.6939655654132367e-05
2023-24,old,SAS,CHA,0.01798534200337153
2023-24,old,SAS,CHI,0.008877594879853037
2023-24,old,SAS,CLE,0.0031922831585203927
2023-24,old,SAS,DAL,0.004033447143050682
2023-24,old,SAS,DEN,0.005834463622716436
2023-24,old,SAS,DET,0.00436556669734642
2023-24,old,SAS,GSW,0.003130806893781054
2023-24,old,SAS,HOU,0.019971163692383057
2023-24,old,SAS,IND,0.000924892967488532
2023-24,old,SAS,LAC,0.0
2023-24,old,SAS,LAL,0.0
2023-24,old,SAS,MEM,0.002696659469752219
2023-24,old,SAS,MIA,0.014998871991519804
2023-24,old,SAS,MIL,0.002957974188912917
2023-24,old,SAS,MIN,0.01192723300354391
2023-24,old,SAS,NOP,0.05388587581795976
2023-24,old,SAS,NYK,0.06435008490719472
2023-24,old,SAS,OKC,0.03434132522186827
2023-24,old,SAS,ORL,0.015234694953268088
2023-24,old,SAS,PHI,0.01556386437279542
2023-24,old,SAS,PHX,0.026148437292471616
2023-24,old,SAS,POR,0.07137451399878332
2023-24,old,SAS,SAC,0.03408552238919813
2023-24,old,SAS,TOR,0.06457200817838007
2023-24,old,SAS,UTA,0.06400835145411385
2023-24,old,SAS,WAS,0.0073178883370991505
2023-24,old,TOR,ATL,0.029953839571143608
2023-24,old,TOR,BKN,0.0
2023-24,old,TOR,BOS,5.926724250332036e-05
2023-24,old,TOR,CHA,0.0018770767381069136
2023-24,old,TOR,CHI,0.0059787813707276065
2023-24,old,TOR,CLE,0.014115096410669015
2023-24,old,TOR,DAL,0.0021357331523882547
2023-24,old,TOR,DEN,0.011560449076841645
2023-24,old,TOR,DET,0.00011929490973084941
2023-24,old,TOR,GSW,0.002836582714486138
2023-24,old,TOR,HOU,0.048078010886289844
2023-24,old,TOR,IND,0.0005933714220711039
2023-24,old,TOR,LAC,0.0
2023-24,old,TOR,LAL,0.0
2023-24,old,TOR,MEM,0.0389601289246087
2023-24,old,TOR,MIA,0.023953864966803042
2023-24,old,TOR,MIL,0.011508620880496014
2023-24,old,TOR,MIN,0.009271552197756994
2023-24,old,TOR,NOP,0.04074571208227653
2023-24,old,TOR,NYK,0.07237026475904701
2023-24,old,TOR,OKC,0.04940732731232982
2023-24,old,TOR,ORL,0.020250833102551834
2023-24,old,TOR,PHI,0.022225422245000882
2023-24,old,TOR,PHX,0.022060344834643385
2023-24,old,TOR,POR,0.018296528273795184
2023-24,old,TOR,SAC,0.020833771112452888
2023-24,old,TOR,SAS,0.22894722428467112
2023-24,old,TOR,UTA,0.08028556047055613
2023-24,old,TOR,WAS,0.012203125153880985
2023-24,old,UTA,ATL,0.008591739005907113
2023-24,old,UTA,BKN,0.0
2023-24,old,UTA,BOS,0.0001217672435952158
2023-24,old,UTA,CHA,0.002439057382672175
2023-24,old,UTA,CHI,0.002077309169483429
2023-24,old,UTA,CLE,0.005269397984192806
2023-24,old,UTA,DAL,0.00011372434425458142
2023-24,old,UTA,DEN,0.0031487069010798768
2023-24,old,UTA,DET,0.0001591520522460672
2023-24,old,UTA,GSW,0.00020793469270353833
2023-24,old,UTA,HOU,0.025160439948091712
2023-24,old,UTA,IND,4.784794320916723e-05
2023-24,old,UTA,LAC,0.0
2023-24,old,UTA,LAL,0.0
2023-24,old,UTA,MEM,0.0016457435699854172
2023-24,old,UTA,MIA,0.00010221359134169467
2023-24,old,UTA,MIL,0.004605603486636719
2023-24,old,UTA,MIN,0.004269396748268674
2023-24,old,UTA,NOP,0.0005822366450083244
2023-24,old,UTA,NYK,0.00030550465269614307
2023-24,old,UTA,OKC,0.1418822746041255
2023-24,old,UTA,ORL,0.00020685909179165378
2023-24,old,UTA,PHI,0.00020907077948195435
2023-24,old,UTA,PHX,0.00012957974463492506
2023-24,old,UTA,POR,0.001118759691744503
2023-24,old,UTA,SAC,1.8026229307472356e-05
2023-24,old,UTA,SAS,0.0016473456111817946
2023-24,old,UTA,TOR,0.003509984771269371
2023-24,old,UTA,WAS,0.007761584135808115
2023-24,old,WAS,ATL,0.028947003085630096
2023-24,old,WAS,BKN,0.0
2023-24,old,WAS,BOS,0.00022521552131992987
2023-24,old,WAS,CHA,0.0025610663012668664
2023-24,old,WAS,CHI,0.005596267793809177
2023-24,old,WAS,CLE,0.005327466876553947
2023-24,old,WAS,DAL,0.0003510320250558458
2023-24,old,WAS,DEN,0.00336961209803876
2023-24,old,WAS,DET,0.007914016154753036
2023-24,old,WAS,GSW,0.005088915242895358
2023-24,old,WAS,HOU,0.009992541068922858
2023-24,old,WAS,IND,0.0011306621159631826
2023-24,old,WAS,LAC,0.0
2023-24,old,WAS,LAL,0.0
2023-24,old,WAS,MEM,0.002093211293866826
2023-24,old,WAS,MIA,0.005076891438255457
2023-24,old,WAS,MIL,0.0021659483231507752
2023-24,old,WAS,MIN,0.003782327632532166
2023-24,old,WAS,NOP,0.054059561525931055
2023-24,old,WAS,NYK,0.01391319500054156
2023-24,old,WAS,OKC,0.03236745696450615
2023-24,old,WAS,ORL,0.008201733799595625
2023-24,old,WAS,PHI,0.010621742188016443
2023-24,old,WAS,PHX,0.01557785569748375
2023-24,old,WAS,POR,0.008881996724330017
2023-24,old,WAS,SAC,0.025869899749366283
2023-24,old,WAS,SAS,0.00664491342135996
2023-24,old,WAS,TOR,0.009775752637655566
2023-24,old,WAS,UTA,0.049591864153726746
2024-25,new,ATL,BKN,0.06288707303623459
2024-25,new,ATL,BOS,7.543103560676864e-06
2024-25,new,ATL,CHA,0.0005447812828898027
2024-25,new,ATL,CHI,0.019118768765392345
2024-25,new,ATL,CLE,0.0
2024-25,new,ATL,DAL,0.0012854366769563602
2024-25,new,ATL,DEN,0.0005397338438822186
2024-25,new,ATL,DET,0.009892551146885887
2024-25,new,ATL,GSW,0.0004943168234550036
2024-25,new,ATL,HOU,0.0007766702509854503
2024-25,new,ATL,IND,0.011794323633671158
2024-25,new,ATL,LAC,0.0004024784552166239
2024-25,new,ATL,LAL,0.0
2024-25,new,ATL,MEM,0.008163722547029264
2024-25,new,ATL,MIA,0.10996085199878407
2024-25,new,ATL,MIL,0.0
2024-25,new,ATL,MIN,0.014173309463225037
2024-25,new,ATL,NOP,0.005863845927925384
2024-25,new,ATL,NYK,0.0035850723879604757
2024-25,new,ATL,OKC,0.06555906987496461
2024-25,new,ATL,ORL,0.05296492754816552
2024-25,new,ATL,PHI,0.001217623046078337
2024-25,new,ATL,PHX,0.0
2024-25,new,ATL,POR,0.0008568121588821428
2024-25,new,ATL,SAC,0.007709659109846812
2024-25,new,ATL,SAS,0.17576323923419862
2024-25,new,ATL,TOR,0.0007316448945856028
2024-25,new,ATL,UTA,0.02223952173744175
2024-25,new,ATL,WAS,0.01626915413160252
2024-25,new,BKN,ATL,0.0216008129685447
2024-25,new,BKN,BOS,0.0012478448167154241
2024-25,new,BKN,CHA,8.293914293843304e-05
2024-25,new,BKN,CHI,0.011222893085795679
2024-25,new,BKN,CLE,0.0
2024-25,new,BKN,DAL,0.005934134611685156
2024-25,new,BKN,DEN,0.00015203074681617582
2024-25,new,BKN,DET,0.0035249905842852686
2024-25,new,BKN,GSW,0.01092552958689585
2024-25,new,BKN,HOU,0.007799838439758129
2024-25,new,BKN,IND,0.0074463708101718505
2024-25,new,BKN,LAC,0.007959859960567979
2024-25,new,BKN,LAL,0.0
2024-25,new,BKN,MEM,0.015033731116181503
2024-25,new,BKN,MIA,0.03566591729583776
2024-25,new,BKN,MIL,0.0
2024-25,new,BKN,MIN,0.011457530821861772
2024-25,new,BKN,NOP,0.00032253138118941053
2024-25,new,BKN,NYK,0.0001814461447975401
2024-25,new,BKN,OKC,0.10834553222339274
2024-25,new,BKN,ORL,0.016397322511288767
2024-25,new,BKN,PHI,0.008896214589104518
2024-25,new,BKN,PHX,0.009563577618642615
2024-25,new,BKN,POR,0.003066818021582633
2024-25,new,BKN,SAC,0.022071216570608357
2024-25,new,BKN,SAS,0.01566752808752331
2024-25,new,BKN,TOR,0.004293924314989442
2024-25,new,BKN,UTA,0.036834012454824844
2024-25,new,BKN,WAS,0.010191437548206537
2024-25,new,BOS,ATL,0.015361064323326765
2024-25,new,BOS,BKN,0.006062418110898545
2024-25,new,BOS,CHA,3.132138049636999e-05
2024-25,new,BOS,CHI,0.015337474540612617
2024-25,new,BOS,CLE,0.0
2024-25,new,BOS,DAL,0.011108926552141702
2024-25,new,BOS,DEN,1.958825603667029e-07
2024-25,new,BOS,DET,8.018885269309608e-05
2024-25,new,BOS,GSW,0.0012507426145084808
2024-25,new,BOS,HOU,0.01667510790593826
2024-25,new,BOS,IND,0.0012288149273236943
2024-25,new,BOS,LAC,0.0016767241463570954
2024-25,new,BOS,LAL,0.0
2024-25,new,BOS,MEM,0.0002835992250390875
2024-25,new,BOS,MIA,0.0018585010832370436
2024-25,new,BOS,MIL,0.0
2024-25,new,BOS,MIN,0.0002853412550032592
2024-25,new,BOS,NOP,0.00010208951314837032
2024-25,new,BOS,NYK,1.2283161156075746e-05
2024-25,new,BOS,OKC,0.016125116594987735
2024-25,new,BOS,ORL,0.019888473567294146
2024-25,new,BOS,PHI,0.0022044547134189656
2024-25,new,BOS,PHX,0.002750000000915265
2024-25,new,BOS,POR,0.0036347165175870237
2024-25,new,BOS,SAC,0.008617659064914636
2024-25,new,BOS,SAS,0.0010713612114018496
2024-25,new,BOS,TOR,0.001812697499766161
2024-25,new,BOS,UTA,0.0006994697462598195
2024-25,new,BOS,WAS,0.004031592367105369
2024-25,new,CHA,ATL,0.05201056427163789
2024-25,new,CHA,BKN,0.040382090381667055
2024-25,new,CHA,BOS,0.0012381465709768232
2024-25,new,CHA,CHI,0.007491769589374458
2024-25,new,CHA,CLE,0.0
2024-25,new,CHA,DAL,0.018614004063958044
2024-25,new,CHA,DEN,0.00012883253076181186
2024-25,new,CHA,DET,0.0008981459174914325
2024-25,new,CHA,GSW,0.0242579615477953
2024-25,new,CHA,HOU,0.003837823305832994
2024-25,new,CHA,IND,0.010162099969680198
2024-25,new,CHA,LAC,0.0008507543140701177
2024-25,new,CHA,LAL,0.0
2024-25,new,CHA,MEM,0.0035144541532216955
2024-25,new,CHA,MIA,0.03768998675530734
2024-25,new,CHA,MIL,0.0
2024-25,new,CHA,MIN,0.005352569415544174
2024-25,new,CHA,NOP,0.02132452977789116
2024-25,new,CHA,NYK,0.007507735338675926
2024-25,new,CHA,OKC,0.07117427170138367
2024-25,new,CHA,ORL,0.03450847000843442
2024-25,new,CHA,PHI,0.0016682419568244877
2024-25,new,CHA,PHX,1.616379334430756e-05
2024-25,new,CHA,POR,0.0008251332540008448
2024-25,new,CHA,SAC,0.05764577148631319
2024-25,new,CHA,SAS,0.020478358231070415
2024-25,new,CHA,TOR,0.0012223233580296129
2024-25,new,CHA,UTA,0.05350984048719886
2024-25,new,CHA,WAS,0.019992562224567943
2024-25,new,CHI,ATL,0.060339651430445465
2024-25,new,CHI,BKN,0.05056519584026437
2024-25,new,CHI,BOS,0.0014159482884509812
2024-25,new,CHI,CHA,0.00011555241355166807
2024-25,new,CHI,CLE,0.0
2024-25,new,CHI,DAL,0.002159336276305777
2024-25,new,CHI,DEN,0.00017536320681758315
2024-25,new,CHI,DET,0.0006125473464164712
2024-25,new,CHI,GSW,0.006942982985309081
2024-25,new,CHI,HOU,0.008052801763305665
2024-25,new,CHI,IND,0.007594884821441977
2024-25,new,CHI,LAC,0.005261853471687382
2024-25,new,CHI,LAL,0.0
2024-25,new,CHI,MEM,0.00323155902948333
2024-25,new,CHI,MIA,0.044837272536697975
2024-25,new,CHI,MIL,0.0
2024-25,new,CHI,MIN,0.004046915935940621
2024-25,new,CHI,NOP,0.00027789908865114265
2024-25,new,CHI,NYK,0.00011423209525575755
2024-25,new,CHI,OKC,0.05234394776595602
2024-25,new,CHI,ORL,0.08891472425853156
2024-25,new,CHI,PHI,0.03709064486128893
2024-25,new,CHI,PHX,0.004875000027281329
2024-25,new,CHI,POR,0.001286356813440398
2024-25,new,CHI,SAC,0.007071271755395289
2024-25,new,CHI,SAS,0.023879399007180373
2024-25,new,CHI,TOR,0.013015485989777847
2024-25,new,CHI,UTA,0.012989146461961164
2024-25,new,CHI,WAS,0.013640174193882644
2024-25,new,CLE,ATL,0.01361381026040926
2024-25,new,CLE,BKN,0.009784350479339943
2024-25,new,CLE,BOS,0.0058329741250530915
2024-25,new,CLE,CHA,0.00017293754030668434
2024-25,new,CLE,CHI,0.016434658560108898
2024-25,new,CLE,DAL,0.001675945694360573
2024-25,new,CLE,DEN,0.000195644250373187
2024-25,new,CLE,DET,0.005398954533337081
2024-25,new,CLE,GSW,0.01630364582122086
2024-25,new,CLE,HOU,0.00065517245561029
2024-25,new,CLE,IND,0.010985140859984883
2024-25,new,CLE,LAC,0.029172683212954294
2024-25,new,CLE,LAL,0.0
2024-25,new,CLE,MEM,0.020587098450157926
2024-25,new,CLE,MIA,0.06351945355692991
2024-25,new,CLE,MIL,0.0
2024-25,new,CLE,MIN,0.02617054561942282
2024-25,new,CLE,NOP,0.0012689334598395736
2024-25,new,CLE,NYK,0.00018129065246769464
2024-25,new,CLE,OKC,0.1398407382972443
2024-25,new,CLE,ORL,0.002162331496123367
2024-25,new,CLE,PHI,0.011114011570450156
2024-25,new,CLE,PHX,0.04340086214131965
2024-25,new,CLE,POR,0.00022926915497467604
2024-25,new,CLE,SAC,0.012761037381737754
2024-25,new,CLE,SAS,0.013366330181660113
2024-25,new,CLE,TOR,0.0037109135063643417
2024-25,new,CLE,UTA,0.026478359273553086
2024-25,new,CLE,WAS,0.003467563352710257
2024-25,new,DAL,ATL,0.037722477662178115
2024-25,new,DAL,BKN,0.005531874029098589
2024-25,new,DAL,BOS,5.3879311227978336e-05
2024-25,new,DAL,CHA,1.3675088511405908e-05
2024-25,new,DAL,CHI,0.0022257979581725156
2024-25,new,DAL,CLE,0.0
2024-25,new,DAL,DEN,6.190793443928324e-05
2024-25,new,DAL,DET,8.793646871897087e-07
2024-25,new,DAL,GSW,0.03578486715412552
2024-25,new,DAL,HOU,0.013708513100101644
2024-25,new,DAL,IND,0.0027780172566819034
2024-25,new,DAL,LAC,0.0005754310363935756
2024-25,new,DAL,LAL,0.0
2024-25,new,DAL,MEM,0.001215547429735374
2024-25,new,DAL,MIA,0.012812256106354369
2024-25,new,DAL,MIL,0.0
2024-25,new,DAL,MIN,0.001952106500099536
2024-25,new,DAL,NOP,0.0014579942345979262
2024-25,new,DAL,NYK,9.87680746609047e-05
2024-25,new,DAL,OKC,0.020959994933837104
2024-25,new,DAL,ORL,0.0023736216021082693
2024-25,new,DAL,PHI,0.00016350811866435962
2024-25,new,DAL,PHX,0.0
2024-25,new,DAL,POR,0.0041596436621732
2024-25,new,DAL,SAC,0.026405108994519692
2024-25,new,DAL,SAS,0.0006325833841928497
2024-25,new,DAL,TOR,9.103574938973126e-05
2024-25,new,DAL,UTA,0.015209637174276739
2024-25,new,DAL,WAS,0.0032985140115809053
2024-25,new,DEN,ATL,0.05379556615801552
2024-25,new,DEN,BKN,0.13185572336540072
2024-25,new,DEN,BOS,0.00266379315968089
2024-25,new,DEN,CHA,3.3488887928001526e-05
2024-25,new,DEN,CHI,2.9026285150938384e-05
2024-25,new,DEN,CLE,0.0
2024-25,new,DEN,DAL,0.005915587406273318
2024-25,new,DEN,DET,0.0007009436426872955
2024-25,new,DEN,GSW,0.002985679850947854
2024-25,new,DEN,HOU,0.00034940733219063365
2024-25,new,DEN,IND,0.01298659449012936
2024-25,new,DEN,LAC,0.003594288845217369
2024-25,new,DEN,LAL,0.0
2024-25,new,DEN,MEM,0.001793710125669424
2024-25,new,DEN,MIA,0.0152437397964192
2024-25,new,DEN,MIL,0.0
2024-25,new,DEN,MIN,0.00879454947994118
2024-25,new,DEN,NOP,0.005630692154641425
2024-25,new,DEN,NYK,0.00017960520806440663
2024-25,new,DEN,OKC,0.02069274794491396
2024-25,new,DEN,ORL,0.22057696024990123
2024-25,new,DEN,PHI,0.00010218306154511272
2024-25,new,DEN,PHX,8.943965666574138e-05
2024-25,new,DEN,POR,5.014030520484842e-05
2024-25,new,DEN,SAC,0.004885379701190506
2024-25,new,DEN,SAS,0.005323755489910813
2024-25,new,DEN,TOR,0.00010427608638576339
2024-25,new,DEN,UTA,0.021353118425920834
2024-25,new,DEN,WAS,0.02136704526401247
2024-25,new,DET,ATL,0.007464240315385883
2024-25,new,DET,BKN,0.02036266424073979
2024-25,new,DET,BOS,0.0007079741378025761
2024-25,new,DET,CHA,0.001611255023768915
2024-25,new,DET,CHI,0.0002052603310536986
2024-25,new,DET,CLE,0.0
2024-25,new,DET,DAL,0.00018197764378985855
2024-25,new,DET,DEN,0.00020628876015199943
2024-25,new,DET,GSW,0.010249068302415613
2024-25,new,DET,HOU,0.00014143320649525083
2024-25,new,DET,IND,0.012872013418856456
2024-25,new,DET,LAC,0.0018723060257917529
2024-25,new,DET,LAL,0.0
2024-25,new,DET,MEM,0.018227732053737445
2024-25,new,DET,MIA,0.009431612118978003
2024-25,new,DET,MIL,0.0
2024-25,new,DET,MIN,0.0618271660713222
2024-25,new,DET,NOP,0.0008835390744256819
2024-25,new,DET,NYK,0.005102247246533949
2024-25,new,DET,OKC,0.02056129490632949
2024-25,new,DET,ORL,0.002108541174825695
2024-25,new,DET,PHI,0.0002741904657533947
2024-25,new,DET,PHX,0.0023523706852875905
2024-25,new,DET,POR,0.00022317555175864086
2024-25,new,DET,SAC,0.004790508267875774
2024-25,new,DET,SAS,0.009697316404732462
2024-25,new,DET,TOR,0.0001371574142066429
2024-25,new,DET,UTA,0.0789120542350385
2024-25,new,DET,WAS,0.007223007680482852
2024-25,new,GSW,ATL,0.05612995242357431
2024-25,new,GSW,BKN,0.07980298268590184
2024-25,new,GSW,BOS,0.0014288793180683816
2024-25,new,GSW,CHA,0.0009931709078164176
2024-25,new,GSW,CHI,0.006507804619512131
2024-25,new,GSW,CLE,0.0
2024-25,new,GSW,DAL,0.03760193087787808
2024-25,new,GSW,DEN,0.0016658797467614308
2024-25,new,GSW,DET,0.003547306901883054
2024-25,new,GSW,HOU,0.004650592731095146
2024-25,new,GSW,IND,0.02828763476801737
2024-25,new,GSW,LAC,0.004133081931705137
2024-25,new,GSW,LAL,0.0
2024-25,new,GSW,MEM,0.0566853075471651
2024-25,new,GSW,MIA,0.18360849627065562
2024-25,new,GSW,MIL,0.0
2024-25,new,GSW,MIN,0.023112661074974325
2024-25,new,GSW,NOP,0.003019924921175194
2024-25,new,GSW,NYK,0.000748983065264511
2024-25,new,GSW,OKC,0.11664899782324888
2024-25,new,GSW,ORL,0.010035127702084198
2024-25,new,GSW,PHI,0.0020340526533763463
2024-25,new,GSW,PHX,0.0
2024-25,new,GSW,POR,0.0019025661877881646
2024-25,new,GSW,SAC,0.07085189462689304
2024-25,new,GSW,SAS,0.020896362321037202
2024-25,new,GSW,TOR,0.0007453596100789516
2024-25,new,GSW,UTA,0.13976360092509565
2024-25,new,GSW,WAS,0.010443919634160588
2024-25,new,HOU,ATL,0.018373009254252254
2024-25,new,HOU,BKN,0.09414490252087669
2024-25,new,HOU,BOS,0.00014978448499058342
2024-25,new,HOU,CHA,0.0007357091099629837
2024-25,new,HOU,CHI,0.0001399734580837435
2024-25,new,HOU,CLE,0.0
2024-25,new,HOU,DAL,0.009960039108361917
2024-25,new,HOU,DEN,7.111274042911425e-05
2024-25,new,HOU,DET,0.0005790932592647695
2024-25,new,HOU,GSW,0.012729473171663567
2024-25,new,HOU,IND,0.011543169945913994
2024-25,new,HOU,LAC,0.03724003266962647
2024-25,new,HOU,LAL,0.0
2024-25,new,HOU,MEM,0.0035398530235602544
2024-25,new,HOU,MIA,0.009617093608157589
2024-25,new,HOU,MIL,0.0
2024-25,new,HOU,MIN,0.005502887519925624
2024-25,new,HOU,NOP,0.00408978703902344
2024-25,new,HOU,NYK,0.00046231557874999734
2024-25,new,HOU,OKC,0.02109316586710874
2024-25,new,HOU,ORL,0.04772757386650646
2024-25,new,HOU,PHI,7.061264336620111e-05
2024-25,new,HOU,PHX,0.0
2024-25,new,HOU,POR,0.00026833360199397154
2024-25,new,HOU,SAC,0.023069062364728235
2024-25,new,HOU,SAS,0.0018096824959029532
2024-25,new,HOU,TOR,0.0001264103556685074
2024-25,new,HOU,UTA,0.020037821839884555
2024-25,new,HOU,WAS,0.012150262063090592
2024-25,new,IND,ATL,0.06726018651901947
2024-25,new,IND,BKN,0.07732656711671276
2024-25,new,IND,BOS,0.0008286638210270682
2024-25,new,IND,CHA,8.900454714430163e-05
2024-25,new,IND,CHI,0.0004244273951432377
2024-25,new,IND,CLE,0.0
2024-25,new,IND,DAL,0.002889580767491829
2024-25,new,IND,DEN,0.0004230640506781214
2024-25,new,IND,DET,0.0014600213155654667
2024-25,new,IND,GSW,0.015772354318014277
2024-25,new,IND,HOU,0.00021578665045973171
2024-25,new,IND,LAC,0.007346713410365266
2024-25,new,IND,LAL,0.0
2024-25,new,IND,MEM,0.01522618641595538
2024-25,new,IND,MIA,0.03014429409250823
2024-25,new,IND,MIL,0.0
2024-25,new,IND,MIN,0.01433624356504917
2024-25,new,IND,NOP,0.0010819344420129266
2024-25,new,IND,NYK,8.845582689247572e-05
2024-25,new,IND,OKC,0.039112285438950234
2024-25,new,IND,ORL,0.02123264458015346
2024-25,new,IND,PHI,0.008947622710196853
2024-25,new,IND,PHX,1.5086207121353723e-05
2024-25,new,IND,POR,0.00013690265510859977
2024-25,new,IND,SAC,0.0027260350344404777
2024-25,new,IND,SAS,0.02360174023202508
2024-25,new,IND,TOR,0.001204753906626786
2024-25,new,IND,UTA,0.08783618020147291
2024-25,new,IND,WAS,0.04184397602645694
2024-25,new,LAC,ATL,0.06701076046411064
2024-25,new,LAC,BKN,0.05482528080747106
2024-25,new,LAC,BOS,0.00242241380912862
2024-25,new,LAC,CHA,0.0009664091046289054
2024-25,new,LAC,CHI,0.0007689370559335304
2024-25,new,LAC,CLE,0.0
2024-25,new,LAC,DAL,0.03280762421101677
2024-25,new,LAC,DEN,0.0011102869600409398
2024-25,new,LAC,DET,0.0029826105543181154
2024-25,new,LAC,GSW,0.1026685843107657
2024-25,new,LAC,HOU,0.004948545263815221
2024-25,new,LAC,IND,0.023428846867145418
2024-25,new,LAC,LAL,0.0
2024-25,new,LAC,MEM,0.06134131961880067
2024-25,new,LAC,MIA,0.031743096069003975
2024-25,new,LAC,MIL,0.0
2024-25,new,LAC,MIN,0.020511901160597805
2024-25,new,LAC,NOP,0.009833443921739541
2024-25,new,LAC,NYK,0.003977097028603204
2024-25,new,LAC,OKC,0.43195965687665777
2024-25,new,LAC,ORL,0.015457020402038765
2024-25,new,LAC,PHI,0.0003187136024412717
2024-25,new,LAC,PHX,0.011679956908016629
2024-25,new,LAC,POR,0.0014509282640802102
2024-25,new,LAC,SAC,0.08066122784314977
2024-25,new,LAC,SAS,0.005375225918646093
2024-25,new,LAC,TOR,6.790543243874006e-05
2024-25,new,LAC,UTA,0.10737425858666653
2024-25,new,LAC,WAS,0.014969160765375654
2024-25,new,LAL,ATL,0.47152275525030296
2024-25,new,LAL,BKN,0.15605565086355774
2024-25,new,LAL,BOS,0.0025323276332547434
2024-25,new,LAL,CHA,0.0001885320734211923
2024-25,new,LAL,CHI,0.02580020115613734
2024-25,new,LAL,CLE,0.0
2024-25,new,LAL,DAL,0.037151914294024056
2024-25,new,LAL,DEN,0.000977167536396122
2024-25,new,LAL,DET,0.0003181095756843957
2024-25,new,LAL,GSW,0.06256167077580392
2024-25,new,LAL,HOU,0.010143049664610741
2024-25,new,LAL,IND,0.031234083515836685
2024-25,new,LAL,LAC,0.0022077047687971262
2024-25,new,LAL,MEM,0.013429093588311973
2024-25,new,LAL,MIA,0.023351618171872483
2024-25,new,LAL,MIL,0.0
2024-25,new,LAL,MIN,0.014739647237838452
2024-25,new,LAL,NOP,0.002970346161819929
2024-25,new,LAL,NYK,0.0001797847900663826
2024-25,new,LAL,OKC,0.11593569898723165
2024-25,new,LAL,ORL,0.060495634595269826
2024-25,new,LAL,PHI,0.0003208986192847214
2024-25,new,LAL,PHX,1.4008620898399886e-05
2024-25,new,LAL,POR,0.0012586929747734456
2024-25,new,LAL,SAC,0.0391925807333227
2024-25,new,LAL,SAS,0.0107363128147059
2024-25,new,LAL,TOR,0.00034516632393775536
2024-25,new,LAL,UTA,0.12856954855298183
2024-25,new,LAL,WAS,0.03863010290616896
2024-25,new,MEM,ATL,0.008751306987240066
2024-25,new,MEM,BKN,0.009255628147896643
2024-25,new,MEM,BOS,0.0010344827900929698
2024-25,new,MEM,CHA,8.02433914224559e-06
2024-25,new,MEM,CHI,0.0003349803083122311
2024-25,new,MEM,CLE,0.0
2024-25,new,MEM,DAL,0.0008485321636178547
2024-25,new,MEM,DEN,1.9462669277282687e-05
2024-25,new,MEM,DET,0.00023735651648788917
2024-25,new,MEM,GSW,0.002039283015388769
2024-25,new,MEM,HOU,0.00792456899181506
2024-25,new,MEM,IND,0.002495689696455696
2024-25,new,MEM,LAC,0.0003370150920718203
2024-25,new,MEM,LAL,0.0
2024-25,new,MEM,MIA,0.0024223728766919693
2024-25,new,MEM,MIL,0.0
2024-25,new,MEM,MIN,0.0014149145493121294
2024-25,new,MEM,NOP,7.682346449260481e-05
2024-25,new,MEM,NYK,6.415085292256092e-06
2024-25,new,MEM,OKC,0.002145083506287373
2024-25,new,MEM,ORL,0.005793976615082878
2024-25,new,MEM,PHI,2.2887913109759072e-05
2024-25,new,MEM,PHX,1.5086207121353723e-05
2024-25,new,MEM,POR,0.000772449144166863
2024-25,new,MEM,SAC,0.0065276149087221515
2024-25,new,MEM,SAS,0.0006185949943342639
2024-25,new,MEM,TOR,9.7600366866951e-06
2024-25,new,MEM,UTA,0.0034594906143630665
2024-25,new,MEM,WAS,0.03778497506657886
2024-25,new,MIA,ATL,0.003158501193865559
2024-25,new,MIA,BKN,0.014541604186590739
2024-25,new,MIA,BOS,0.0015797413814941357
2024-25,new,MIA,CHA,7.598955324189363e-05
2024-25,new,MIA,CHI,0.002288031825612467
2024-25,new,MIA,CLE,0.0
2024-25,new,MIA,DAL,0.0004118874447556786
2024-25,new,MIA,DEN,2.67537596925369e-07
2024-25,new,MIA,DET,0.004670930121812552
2024-25,new,MIA,GSW,9.566064365692004e-05
2024-25,new,MIA,HOU,0.00014601290806052114
2024-25,new,MIA,IND,0.00026265271253639744
2024-25,new,MIA,LAC,2.559267263458077e-05
2024-25,new,MIA,LAL,0.0
2024-25,new,MIA,MEM,4.402358544078851e-06
2024-25,new,MIA,MIL,0.0
2024-25,new,MIA,MIN,0.0004874758276454135
2024-25,new,MIA,NOP,0.00440496054795525
2024-25,new,MIA,NYK,0.0005133023440272028
2024-25,new,MIA,OKC,0.024435545646535353
2024-25,new,MIA,ORL,0.004912058429103408
2024-25,new,MIA,PHI,0.00128193857496634
2024-25,new,MIA,PHX,0.0
2024-25,new,MIA,POR,0.00016278238273249786
2024-25,new,MIA,SAC,0.005653158555678768
2024-25,new,MIA,SAS,0.007019920145913601
2024-25,new,MIA,TOR,0.0009638137395010177
2024-25,new,MIA,UTA,0.0010164104371350527
2024-25,new,MIA,WAS,0.002691592635116229
2024-25,new,MIL,ATL,0.08093996268100556
2024-25,new,MIL,BKN,0.33065816322923747
2024-25,new,MIL,BOS,0.0009019396760789998
2024-25,new,MIL,CHA,0.00029579956287342237
2024-25,new,MIL,CHI,0.009502832994510478
2024-25,new,MIL,CLE,0.0
2024-25,new,MIL,DAL,0.020039777579659763
2024-25,new,MIL,DEN,0.00034206414142617356
2024-25,new,MIL,DET,0.005091361623720816
2024-25,new,MIL,GSW,0.013834255660819616
2024-25,new,MIL,HOU,0.014698006556558037
2024-25,new,MIL,IND,0.031077165313979253
2024-25,new,MIL,LAC,0.013544719870972999
2024-25,new,MIL,LAL,0.0
2024-25,new,MIL,MEM,0.007382567334390119
2024-25,new,MIL,MIA,0.0930457581992123
2024-25,new,MIL,MIN,0.04605102052928543
2024-25,new,MIL,NOP,0.019600475616708215
2024-25,new,MIL,NYK,0.0002935930950239276
2024-25,new,MIL,OKC,0.09034825541420936
2024-25,new,MIL,ORL,0.09857744394868703
2024-25,new,MIL,PHI,0.0008943871002187819
2024-25,new,MIL,PHX,0.004443965524451103
2024-25,new,MIL,POR,0.004703911863933948
2024-25,new,MIL,SAC,0.016154817328298186
2024-25,new,MIL,SAS,0.06583155743059833
2024-25,new,MIL,TOR,0.0003559300151025621
2024-25,new,MIL,UTA,0.052949315844883535
2024-25,new,MIL,WAS,0.029887560048273195
2024-25,new,MIN,ATL,0.060609191742301324
2024-25,new,MIN,BKN,0.03194356643372532
2024-25,new,MIN,BOS,0.00012176724335435647
2024-25,new,MIN,CHA,6.56951392974253e-05
2024-25,new,MIN,CHI,0.004050878334035005
2024-25,new,MIN,CLE,0.0
2024-25,new,MIN,DAL,0.03019716887662184
2024-25,new,MIN,DEN,0.0014067578116949263
2024-25,new,MIN,DET,1.7315720943262757e-05
2024-25,new,MIN,GSW,0.084087822548123
2024-25,new,MIN,HOU,0.016508620702179858
2024-25,new,MIN,IND,0.013293103390084255
2024-25,new,MIN,LAC,0.0016185345055117946
2024-25,new,MIN,LAL,0.0
2024-25,new,MIN,MEM,0.049915057333757354
2024-25,new,MIN,MIA,0.01707846854595112
2024-25,new,MIN,MIL,0.0
2024-25,new,MIN,NOP,0.0003269657337613763
2024-25,new,MIN,NYK,0.0003123531429535603
2024-25,new,MIN,OKC,0.06820785293473852
2024-25,new,MIN,ORL,0.00812138890077797
2024-25,new,MIN,PHI,1.6023142865396402e-05
2024-25,new,MIN,PHX,0.0
2024-25,new,MIN,POR,0.0006773290398089505
2024-25,new,MIN,SAC,0.03647360561900746
2024-25,new,MIN,SAS,0.00019728151341869823
2024-25,new,MIN,TOR,0.0006803447638756289
2024-25,new,MIN,UTA,0.36557235888849493
2024-25,new,MIN,WAS,0.016332420538232986
2024-25,new,NOP,ATL,0.03947123748401134
2024-25,new,NOP,BKN,0.04050307556341619
2024-25,new,NOP,BOS,0.0003534482833768786
2024-25,new,NOP,CHA,0.006792033315681518
2024-25,new,NOP,CHI,0.007757500466162715
2024-25,new,NOP,CLE,0.0
2024-25,new,NOP,DAL,0.006523980323911315
2024-25,new,NOP,DEN,0.0002103226757964549
2024-25,new,NOP,DET,6.376197195777911e-05
2024-25,new,NOP,GSW,0.01543006252961117
2024-25,new,NOP,HOU,0.005019127143173608
2024-25,new,NOP,IND,0.013443048841742484
2024-25,new,NOP,LAC,0.008718211238115933
2024-25,new,NOP,LAL,0.0
2024-25,new,NOP,MEM,0.013556693731973282
2024-25,new,NOP,MIA,0.06791609194155321
2024-25,new,NOP,MIL,0.0
2024-25,new,NOP,MIN,0.016340914023124178
2024-25,new,NOP,NYK,0.005604275169203498
2024-25,new,NOP,OKC,0.12738341231838624
2024-25,new,NOP,ORL,0.0075874322972865746
2024-25,new,NOP,PHI,0.0004959899348892265
2024-25,new,NOP,PHX,0.0
2024-25,new,NOP,POR,0.0008441386585622896
2024-25,new,NOP,SAC,0.06118045320092636
2024-25,new,NOP,SAS,0.006251683305637331
2024-25,new,NOP,TOR,0.0010156743759196524
2024-25,new,NOP,UTA,0.0717081451542072
2024-25,new,NOP,WAS,0.014500282269340718
2024-25,new,NYK,ATL,0.05797601355026794
2024-25,new,NYK,BKN,0.15927131284103674
2024-25,new,NYK,BOS,0.004665948298181697
2024-25,new,NYK,CHA,0.00018447642861679433
2024-25,new,NYK,CHI,0.0011989315669662145
2024-25,new,NYK,CLE,0.0
2024-25,new,NYK,DAL,0.00886231433414538
2024-25,new,NYK,DEN,0.00031388342538985246
2024-25,new,NYK,DET,0.0046844614040603425
2024-25,new,NYK,GSW,0.011260914685139919
2024-25,new,NYK,HOU,0.0014318426898961626
2024-25,new,NYK,IND,0.011980827590814442
2024-25,new,NYK,LAC,0.0007020474165067849
2024-25,new,NYK,LAL,0.0
2024-25,new,NYK,MEM,0.0106106518177599
2024-25,new,NYK,MIA,0.01934432113943454
2024-25,new,NYK,MIL,0.0
2024-25,new,NYK,MIN,0.011713308258868394
2024-25,new,NYK,NOP,0.0038132605238315616
2024-25,new,NYK,OKC,0.09716920895992316
2024-25,new,NYK,ORL,0.039371837820571395
2024-25,new,NYK,PHI,0.007718046143316204
2024-25,new,NYK,PHX,5.1724138701784204e-05
2024-25,new,NYK,POR,0.0009258719638884338
2024-25,new,NYK,SAC,0.02429587240265816
2024-25,new,NYK,SAS,0.007414184151860346
2024-25,new,NYK,TOR,0.0011622105155709515
2024-25,new,NYK,UTA,0.035580616346825265
2024-25,new,NYK,WAS,0.018518933457168162
2024-25,new,OKC,ATL,0.008880037030845084
2024-25,new,OKC,BKN,0.025015493669487174
2024-25,new,OKC,BOS,0.00039439655575451677
2024-25,new,OKC,CHA,2.0474278399012327e-05
2024-25,new,OKC,CHI,0.0001076820571524985
2024-25,new,OKC,CLE,0.0
2024-25,new,OKC,DAL,0.00024502623580445373
2024-25,new,OKC,DEN,0.0002515477867552952
2024-25,new,OKC,DET,4.402339344386715e-05
2024-25,new,OKC,GSW,0.010131362355285676
2024-25,new,OKC,HOU,0.0002322198141663303
2024-25,new,OKC,IND,0.009106742476565344
2024-25,new,OKC,LAC,0.008787715516518801
2024-25,new,OKC,LAL,0.0
2024-25,new,OKC,MEM,0.01261454179183491
2024-25,new,OKC,MIA,0.006845631347981851
2024-25,new,OKC,MIL,0.0
2024-25,new,OKC,MIN,0.004270006108905707
2024-25,new,OKC,NOP,0.00022297286646790957
2024-25,new,OKC,NYK,8.416728026430003e-06
2024-25,new,OKC,ORL,0.002587868881179367
2024-25,new,OKC,PHI,9.410558604879148e-05
2024-25,new,OKC,PHX,0.011723060353081032
2024-25,new,OKC,POR,0.00014607124124115594
2024-25,new,OKC,SAC,0.0013843192050589747
2024-25,new,OKC,SAS,0.0006671614301898179
2024-25,new,OKC,TOR,2.350593116521281e-05
2024-25,new,OKC,UTA,0.01642964741352307
2024-25,new,OKC,WAS,0.0023423013321750797
2024-25,new,ORL,ATL,0.0510934829799901
2024-25,new,ORL,BKN,0.018019659592792787
2024-25,new,ORL,BOS,0.0008286637897956475
2024-25,new,ORL,CHA,0.0011967952575517036
2024-25,new,ORL,CHI,0.04456288105645746
2024-25,new,ORL,CLE,0.0
2024-25,new,ORL,DAL,0.011647726345545261
2024-25,new,ORL,DEN,0.00014284881904467824
2024-25,new,ORL,DET,0.010580092906984851
2024-25,new,ORL,GSW,0.0027858987692367092
2024-25,new,ORL,HOU,0.0014609375283330805
2024-25,new,ORL,IND,0.007315674914049594
2024-25,new,ORL,LAC,0.00927963362585207
2024-25,new,ORL,LAL,0.0
2024-25,new,ORL,MEM,0.003379194294910895
2024-25,new,ORL,MIA,0.15629327016253794
2024-25,new,ORL,MIL,0.0
2024-25,new,ORL,MIN,0.0053303625503481784
2024-25,new,ORL,NOP,0.0032721642675327743
2024-25,new,ORL,NYK,0.0013302768354775086
2024-25,new,ORL,OKC,0.11243558604067001
2024-25,new,ORL,PHI,0.009408063948882146
2024-25,new,ORL,PHX,0.010313577580281761
2024-25,new,ORL,POR,0.001088725876771167
2024-25,new,ORL,SAC,0.015870827209841724
2024-25,new,ORL,SAS,0.1161982178293533
2024-25,new,ORL,TOR,0.005737763468329576
2024-25,new,ORL,UTA,0.022259769291577282
2024-25,new,ORL,WAS,0.006233123935870368
2024-25,new,PHI,ATL,0.004552468539790219
2024-25,new,PHI,BKN,0.006611751327991217
2024-25,new,PHI,BOS,0.0
2024-25,new,PHI,CHA,0.0015663093357298984
2024-25,new,PHI,CHI,0.016414137449130065
2024-25,new,PHI,CLE,0.0
2024-25,new,PHI,DAL,0.006475788577342427
2024-25,new,PHI,DEN,0.00012902573140906486
2024-25,new,PHI,DET,0.002420456970886403
2024-25,new,PHI,GSW,0.015563675837635885
2024-25,new,PHI,HOU,0.005442349217021196
2024-25,new,PHI,IND,0.0027174848863576184
2024-25,new,PHI,LAC,0.0008566810408253862
2024-25,new,PHI,LAL,0.0
2024-25,new,PHI,MEM,0.003232006484284718
2024-25,new,PHI,MIA,0.00622891187585924
2024-25,new,PHI,MIL,0.0
2024-25,new,PHI,MIN,0.0002447426408006603
2024-25,new,PHI,NOP,0.00031301344698891393
2024-25,new,PHI,NYK,0.0022593260665382097
2024-25,new,PHI,OKC,0.031788527842172724
2024-25,new,PHI,ORL,0.007397567419857135
2024-25,new,PHI,PHX,0.0009816810277547556
2024-25,new,PHI,POR,0.0010872675655000444
2024-25,new,PHI,SAC,0.020199361122900092
2024-25,new,PHI,SAS,0.012853675564414394
2024-25,new,PHI,TOR,0.002773902060329853
2024-25,new,PHI,UTA,0.056995421795951885
2024-25,new,PHI,WAS,0.003534070604325847
2024-25,new,PHX,ATL,0.09687268366771049
2024-25,new,PHX,BKN,0.07354744591568685
2024-25,new,PHX,BOS,0.00023814655575451674
2024-25,new,PHX,CHA,0.0006036555236953444
2024-25,new,PHX,CHI,0.003355847553339852
2024-25,new,PHX,CLE,0.0
2024-25,new,PHX,DAL,0.05252161337581461
2024-25,new,PHX,DEN,0.0006787087179461241
2024-25,new,PHX,DET,0.00017989825031987464
2024-25,new,PHX,GSW,0.058811539397111125
2024-25,new,PHX,HOU,0.07957704750941426
2024-25,new,PHX,IND,0.017880542581768116
2024-25,new,PHX,LAC,0.003576239308438682
2024-25,new,PHX,LAL,0.0
2024-25,new,PHX,MEM,0.01570224472309963
2024-25,new,PHX,MIA,0.0276150547069587
2024-25,new,PHX,MIL,0.0
2024-25,new,PHX,MIN,0.00568529021912911
2024-25,new,PHX,NOP,0.00030946592513028697
2024-25,new,PHX,NYK,0.00017096412327480037
2024-25,new,PHX,OKC,0.09733181407762474
2024-25,new,PHX,ORL,0.016723320488139334
2024-25,new,PHX,PHI,0.008229514513899534
2024-25,new,PHX,POR,0.008388127310632203
2024-25,new,PHX,SAC,0.08828548603772199
2024-25,new,PHX,SAS,0.0012523159401504522
2024-25,new,PHX,TOR,0.0009451487471012279
2024-25,new,PHX,UTA,0.1543723218442803
2024-25,new,PHX,WAS,0.030275157245485153
2024-25,new,POR,ATL,0.04981475249757605
2024-25,new,POR,BKN,0.025896993821213105
2024-25,new,POR,BOS,0.00011853448516721356
2024-25,new,POR,CHA,3.860239855366118e-06
2024-25,new,POR,CHI,0.012157404340342891
2024-25,new,POR,CLE,0.0
2024-25,new,POR,DAL,0.01023120665475337
2024-25,new,POR,DEN,2.314190094709594e-05
2024-25,new,POR,DET,2.925057633732864e-06
2024-25,new,POR,GSW,0.004011571112947047
2024-25,new,POR,HOU,0.004220366540690081
2024-25,new,POR,IND,0.005626132232400964
2024-25,new,POR,LAC,0.004718211193805849
2024-25,new,POR,LAL,0.0
2024-25,new,POR,MEM,0.0004172416982705047
2024-25,new,POR,MIA,0.003510010715768443
2024-25,new,POR,MIL,0.0
2024-25,new,POR,MIN,0.000981207342267343
2024-25,new,POR,NOP,0.0014983528613993918
2024-25,new,POR,NYK,0.00010048319313435831
2024-25,new,POR,OKC,0.016142082565914952
2024-25,new,POR,ORL,0.009764622521941234
2024-25,new,POR,PHI,0.0002441965225863947
2024-25,new,POR,PHX,0.005213362096230788
2024-25,new,POR,SAC,0.010586271155601089
2024-25,new,POR,SAS,0.00019625948107865305
2024-25,new,POR,TOR,0.00010591688147391618
2024-25,new,POR,UTA,0.014534501474291039
2024-25,new,POR,WAS,0.0040925349538757875
2024-25,new,SAC,ATL,0.03596171245789963
2024-25,new,SAC,BKN,0.03125912665331263
2024-25,new,SAC,BOS,0.0
2024-25,new,SAC,CHA,9.600513313093748e-06
2024-25,new,SAC,CHI,0.001884051452033702
2024-25,new,SAC,CLE,0.0
2024-25,new,SAC,DAL,0.004118985385899114
2024-25,new,SAC,DEN,0.0002707449851501211
2024-25,new,SAC,DET,4.2696180753409865e-05
2024-25,new,SAC,GSW,0.00428981117709233
2024-25,new,SAC,HOU,0.003434806081189389
2024-25,new,SAC,IND,0.008373922385949768
2024-25,new,SAC,LAC,0.002533405195130837
2024-25,new,SAC,LAL,0.0
2024-25,new,SAC,MEM,0.0043300225765201695
2024-25,new,SAC,MIA,0.025570146074713827
2024-25,new,SAC,MIL,0.0
2024-25,new,SAC,MIN,0.006046770511311479
2024-25,new,SAC,NOP,0.00017764923239956866
2024-25,new,SAC,NYK,6.796842072261677e-06
2024-25,new,SAC,OKC,0.01723752399127748
2024-25,new,SAC,ORL,0.015371042546090542
2024-25,new,SAC,PHI,0.0008944260392578938
2024-25,new,SAC,PHX,0.0006002155196820869
2024-25,new,SAC,POR,0.004955626618094762
2024-25,new,SAC,SAS,0.0019166166873403737
2024-25,new,SAC,TOR,0.0011469520298926356
2024-25,new,SAC,UTA,0.018820470800750787
2024-25,new,SAC,WAS,0.00509510861855409
2024-25,new,SAS,ATL,0.009427582918576465
2024-25,new,SAS,BKN,0.0044800301130017645
2024-25,new,SAS,BOS,0.0003329741409658616
2024-25,new,SAS,CHA,0.0006290411479110511
2024-25,new,SAS,CHI,0.0026777191826824597
2024-25,new,SAS,CLE,0.0
2024-25,new,SAS,DAL,0.002283763289250834
2024-25,new,SAS,DEN,9.590165660270232e-05
2024-25,new,SAS,DET,4.238686786489498e-05
2024-25,new,SAS,GSW,0.0058790240581992025
2024-25,new,SAS,HOU,0.012101831808987334
2024-25,new,SAS,IND,0.0047965989384872445
2024-25,new,SAS,LAC,0.004373922417630793
2024-25,new,SAS,LAL,0.0
2024-25,new,SAS,MEM,0.01683176292445042
2024-25,new,SAS,MIA,0.03245203616715074
2024-25,new,SAS,MIL,0.0
2024-25,new,SAS,MIN,0.003746730966304753
2024-25,new,SAS,NOP,0.00010995866312255193
2024-25,new,SAS,NYK,0.0002728799659499828
2024-25,new,SAS,OKC,0.022756944737414762
2024-25,new,SAS,ORL,0.0009592477448124042
2024-25,new,SAS,PHI,0.002390726837744911
2024-25,new,SAS,PHX,0.004174568978909017
2024-25,new,SAS,POR,0.0009535807127882229
2024-25,new,SAS,SAC,0.008986893649655131
2024-25,new,SAS,TOR,0.0006088691604944317
2024-25,new,SAS,UTA,0.025038866634223923
2024-25,new,SAS,WAS,0.0015608489693820947
2024-25,new,TOR,ATL,0.0011203677203343561
2024-25,new,TOR,BKN,0.006755366430139734
2024-25,new,TOR,BOS,0.0
2024-25,new,TOR,CHA,0.0002335124346382667
2024-25,new,TOR,CHI,0.007214867732250907
2024-25,new,TOR,CLE,0.0
2024-25,new,TOR,DAL,0.0006956610484332915
2024-25,new,TOR,DEN,0.00021971373584589126
2024-25,new,TOR,DET,0.0019432963185217354
2024-25,new,TOR,GSW,0.0001449166116620061
2024-25,new,TOR,HOU,0.0009954202938262887
2024-25,new,TOR,IND,0.004980602783280114
2024-25,new,TOR,LAC,0.0010983297503593477
2024-25,new,TOR,LAL,0.0
2024-25,new,TOR,MEM,0.005569728730840293
2024-25,new,TOR,MIA,0.06179447744422615
2024-25,new,TOR,MIL,0.0
2024-25,new,TOR,MIN,0.002655080458821489
2024-25,new,TOR,NOP,0.0035828120785870487
2024-25,new,TOR,NYK,0.0024434599986255905
2024-25,new,TOR,OKC,0.03214589334407465
2024-25,new,TOR,ORL,0.0035328421175327635
2024-25,new,TOR,PHI,0.006679276325500376
2024-25,new,TOR,PHX,0.0005765086208502279
2024-25,new,TOR,POR,0.0003606110748831947
2024-25,new,TOR,SAC,0.010503920749902047
2024-25,new,TOR,SAS,0.0267131021077486
2024-25,new,TOR,UTA,0.019003616530578884
2024-25,new,TOR,WAS,0.0034893744455524902
2024-25,new,UTA,ATL,0.015049771540106663
2024-25,new,UTA,BKN,0.0302917113162054
2024-25,new,UTA,BOS,0.0010603448205852306
2024-25,new,UTA,CHA,0.0007097754345469631
2024-25,new,UTA,CHI,3.868056458737429e-06
2024-25,new,UTA,CLE,0.0
2024-25,new,UTA,DAL,0.002024176035487058
2024-25,new,UTA,DEN,0.000608452354423421
2024-25,new,UTA,DET,0.0
2024-25,new,UTA,GSW,0.01260345676676382
2024-25,new,UTA,HOU,0.0003911638111959952
2024-25,new,UTA,IND,0.010094827724026582
2024-25,new,UTA,LAC,0.012196929034985734
2024-25,new,UTA,LAL,0.0
2024-25,new,UTA,MEM,0.0050632331945879554
2024-25,new,UTA,MIA,0.006636632770056265
2024-25,new,UTA,MIL,0.0
2024-25,new,UTA,MIN,0.0005495689765967684
2024-25,new,UTA,NOP,0.0019218352795493544
2024-25,new,UTA,NYK,0.0005606832536969559
2024-25,new,UTA,OKC,0.04260743216967525
2024-25,new,UTA,ORL,0.033342749503159755
2024-25,new,UTA,PHI,4.596630966825262e-05
2024-25,new,UTA,PHX,0.003091594804206798
2024-25,new,UTA,POR,0.0
2024-25,new,UTA,SAC,0.0029742181390156478
2024-25,new,UTA,SAS,3.6637931580430474e-05
2024-25,new,UTA,TOR,0.00012157230280121113
2024-25,new,UTA,WAS,0.010301002946302693
2024-25,new,WAS,ATL,0.007004705938548964
2024-25,new,WAS,BKN,0.036236881852607525
2024-25,new,WAS,BOS,1.0775862229538375e-06
2024-25,new,WAS,CHA,0.0003626330668123574
2024-25,new,WAS,CHI,7.05182300541049e-05
2024-25,new,WAS,CLE,0.0
2024-25,new,WAS,DAL,0.00012587529433846678
2024-25,new,WAS,DEN,4.497006903906807e-07
2024-25,new,WAS,DET,0.0
2024-25,new,WAS,GSW,3.4565873731809544e-05
2024-25,new,WAS,HOU,0.00022440734198959228
2024-25,new,WAS,IND,0.012028294256439228
2024-25,new,WAS,LAC,0.00030010776461808573
2024-25,new,WAS,LAL,0.0
2024-25,new,WAS,MEM,2.3782888598380863e-06
2024-25,new,WAS,MIA,0.009103063113155764
2024-25,new,WAS,MIL,0.0
2024-25,new,WAS,MIN,0.033963483829043226
2024-25,new,WAS,NOP,0.0017906192861976947
2024-25,new,WAS,NYK,0.007156167318944112
2024-25,new,WAS,OKC,0.0054456384329153425
2024-25,new,WAS,ORL,0.006287394966463487
2024-25,new,WAS,PHI,0.0002004661308401488
2024-25,new,WAS,PHX,0.0
2024-25,new,WAS,POR,0.0001334271290531907
2024-25,new,WAS,SAC,0.0008503630513343063
2024-25,new,WAS,SAS,0.0056514496135825
2024-25,new,WAS,TOR,8.359093935993755e-05
2024-25,new,WAS,UTA,0.006456377052437708
2024-25,old,ATL,BKN,0.07312668380206888
2024-25,old,ATL,BOS,7.543103560676864e-06
2024-25,old,ATL,CHA,0.0002021014772731011
2024-25,old,ATL,CHI,0.012510408829433158
2024-25,old,ATL,CLE,0.0
2024-25,old,ATL,DAL,0.008107932081500175
2024-25,old,ATL,DEN,2.9133067066626348e-05
2024-25,old,ATL,DET,0.0064316139802078455
2024-25,old,ATL,GSW,0.0003827065208226415
2024-25,old,ATL,HOU,0.009232758940659176
2024-25,old,ATL,IND,0.01225457621150746
2024-25,old,ATL,LAC,0.00042349138678501137
2024-25,old,ATL,LAL,0.0
2024-25,old,ATL,MEM,0.004144300541028412
2024-25,old,ATL,MIA,0.10019603740097807
2024-25,old,ATL,MIL,0.0
2024-25,old,ATL,MIN,0.01595155738853355
2024-25,old,ATL,NOP,0.002797980361325834
2024-25,old,ATL,NYK,0.0
2024-25,old,ATL,OKC,0.10283923349576612
2024-25,old,ATL,ORL,0.032709437865881645
2024-25,old,ATL,PHI,0.023021309267063948
2024-25,old,ATL,PHX,0.0
2024-25,old,ATL,POR,0.006231308962858723
2024-25,old,ATL,SAC,0.03425636618327073
2024-25,old,ATL,SAS,0.1573493683210816
2024-25,old,ATL,TOR,0.004672165982539888
2024-25,old,ATL,UTA,0.018272153227665087
2024-25,old,ATL,WAS,0.014004476370028012
2024-25,old,BKN,ATL,0.033019660613649464
2024-25,old,BKN,BOS,0.0012478448167154241
2024-25,old,BKN,CHA,0.0006086006246070367
2024-25,old,BKN,CHI,0.010243294216723065
2024-25,old,BKN,CLE,0.0
2024-25,old,BKN,DAL,0.005202008360906854
2024-25,old,BKN,DEN,6.4032015482663225e-06
2024-25,old,BKN,DET,0.002291539973766223
2024-25,old,BKN,GSW,0.00046473114931026903
2024-25,old,BKN,HOU,0.017344827735917008
2024-25,old,BKN,IND,0.008021307599347856
2024-25,old,BKN,LAC,0.008319773782478196
2024-25,old,BKN,LAL,0.0
2024-25,old,BKN,MEM,0.007817944863834487
2024-25,old,BKN,MIA,0.08041578921695813
2024-25,old,BKN,MIL,0.0
2024-25,old,BKN,MIN,0.013856129057321344
2024-25,old,BKN,NOP,0.00652259166026775
2024-25,old,BKN,NYK,0.0
2024-25,old,BKN,OKC,0.23611130940189032
2024-25,old,BKN,ORL,0.01881377235389987
2024-25,old,BKN,PHI,0.24724368326605545
2024-25,old,BKN,PHX,0.009563577618642615
2024-25,old,BKN,POR,0.017047054328798415
2024-25,old,BKN,SAC,0.028775105703461173
2024-25,old,BKN,SAS,0.026698513759958586
2024-25,old,BKN,TOR,0.023870859355573006
2024-25,old,BKN,UTA,0.026018122245534164
2024-25,old,BKN,WAS,0.012260178786682455
2024-25,old,BOS,ATL,0.09245873251118
2024-25,old,BOS,BKN,0.011947032691513284
2024-25,old,BOS,CHA,0.00012565336880038664
2024-25,old,BOS,CHI,0.027765005971559033
2024-25,old,BOS,CLE,0.0
2024-25,old,BOS,DAL,0.01958040563130805
2024-25,old,BOS,DEN,2.1384233533691794e-06
2024-25,old,BOS,DET,0.000659102305656414
2024-25,old,BOS,GSW,0.00048712580784201245
2024-25,old,BOS,HOU,0.042404633464355926
2024-25,old,BOS,IND,0.0012375039100609268
2024-25,old,BOS,LAC,0.001643049582389408
2024-25,old,BOS,LAL,0.0
2024-25,old,BOS,MEM,0.000457250310217845
2024-25,old,BOS,MIA,0.007133613711846493
2024-25,old,BOS,MIL,0.0
2024-25,old,BOS,MIN,0.0008102461479896801
2024-25,old,BOS,NOP,0.0009617849105888352
2024-25,old,BOS,NYK,0.0
2024-25,old,BOS,OKC,0.09285620229970348
2024-25,old,BOS,ORL,0.026035498180971433
2024-25,old,BOS,PHI,0.03819393449389023
2024-25,old,BOS,PHX,0.002750000000915265
2024-25,old,BOS,POR,0.012376073975703143
2024-25,old,BOS,SAC,0.052090218206637055
2024-25,old,BOS,SAS,0.015915450579278918
2024-25,old,BOS,TOR,0.008420324238118225
2024-25,old,BOS,UTA,0.0007359030816945667
2024-25,old,BOS,WAS,0.0041966534234232555
2024-25,old,CHA,ATL,0.04030302172720382
2024-25,old,CHA,BKN,0.04271754942377445
2024-25,old,CHA,BOS,0.0012381465709768232
2024-25,old,CHA,CHI,0.011369435682057697
2024-25,old,CHA,CLE,0.0
2024-25,old,CHA,DAL,0.012026600135436443
2024-25,old,CHA,DEN,7.390687355545729e-06
2024-25,old,CHA,DET,0.000833780151958369
2024-25,old,CHA,GSW,0.0015313890774472359
2024-25,old,CHA,HOU,0.008040678995071332
2024-25,old,CHA,IND,0.012518060156848051
2024-25,old,CHA,LAC,0.001894665976709301
2024-25,old,CHA,LAL,0.0
2024-25,old,CHA,MEM,0.0012182552552625137
2024-25,old,CHA,MIA,0.05425838609127674
2024-25,old,CHA,MIL,0.0
2024-25,old,CHA,MIN,0.00897213955158245
2024-25,old,CHA,NOP,0.01381310824305801
2024-25,old,CHA,NYK,0.0
2024-25,old,CHA,OKC,0.07371246466665857
2024-25,old,CHA,ORL,0.03484387253279479
2024-25,old,CHA,PHI,0.018592597717344585
2024-25,old,CHA,PHX,1.616379334430756e-05
2024-25,old,CHA,POR,0.004821274114060498
2024-25,old,CHA,SAC,0.018189450616681063
2024-25,old,CHA,SAS,0.031375794600423446
2024-25,old,CHA,TOR,0.0024867635398091487
2024-25,old,CHA,UTA,0.012326182079755176
2024-25,old,CHA,WAS,0.012972114723418682
2024-25,old,CHI,ATL,0.0744529337865638
2024-25,old,CHI,BKN,0.05525723876320183
2024-25,old,CHI,BOS,0.0014159482884509812
2024-25,old,CHI,CHA,6.675567303627016e-05
2024-25,old,CHI,CLE,0.0
2024-25,old,CHI,DAL,0.006841268569252863
2024-25,old,CHI,DEN,1.4927089590047853e-05
2024-25,old,CHI,DET,0.0009251074620477954
2024-25,old,CHI,GSW,0.0013543483179280257
2024-25,old,CHI,HOU,0.04052640122281196
2024-25,old,CHI,IND,0.007848268530624612
2024-25,old,CHI,LAC,0.00521120689142945
2024-25,old,CHI,LAL,0.0
2024-25,old,CHI,MEM,0.0020940989990634656
2024-25,old,CHI,MIA,0.059092844364176694
2024-25,old,CHI,MIL,0.0
2024-25,old,CHI,MIN,0.005109105881768445
2024-25,old,CHI,NOP,0.0011845287430526964
2024-25,old,CHI,NYK,0.0
2024-25,old,CHI,OKC,0.055544485329670164
2024-25,old,CHI,ORL,0.06614925089915652
2024-25,old,CHI,PHI,0.0693960015994641
2024-25,old,CHI,PHX,0.004875000027281329
2024-25,old,CHI,POR,0.02312223876599286
2024-25,old,CHI,SAC,0.03092727958558908
2024-25,old,CHI,SAS,0.04206981296923492
2024-25,old,CHI,TOR,0.018637597365708854
2024-25,old,CHI,UTA,0.009534515733331235
2024-25,old,CHI,WAS,0.013718600168615872
2024-25,old,CLE,ATL,0.028411880908005463
2024-25,old,CLE,BKN,0.01210209807258487
2024-25,old,CLE,BOS,0.0058329741250530915
2024-25,old,CLE,CHA,0.0006056092308894538
2024-25,old,CLE,CHI,0.01739641716753294
2024-25,old,CLE,DAL,0.0035141370411923877
2024-25,old,CLE,DEN,9.238924089091213e-06
2024-25,old,CLE,DET,0.0028028710183825695
2024-25,old,CLE,GSW,0.0011265986944965856
2024-25,old,CLE,HOU,0.011337554206838832
2024-25,old,CLE,IND,0.01290254738135325
2024-25,old,CLE,LAC,0.028968750046915376
2024-25,old,CLE,LAL,0.0
2024-25,old,CLE,MEM,0.010837392008798024
2024-25,old,CLE,MIA,0.062328613947760424
2024-25,old,CLE,MIL,0.0
2024-25,old,CLE,MIN,0.03261469905931565
2024-25,old,CLE,NOP,0.0008660207828651728
2024-25,old,CLE,NYK,0.0
2024-25,old,CLE,OKC,0.13714570554401648
2024-25,old,CLE,ORL,0.0049428223987630394
2024-25,old,CLE,PHI,0.04062817920185877
2024-25,old,CLE,PHX,0.04340086214131965
2024-25,old,CLE,POR,0.005903714606870427
2024-25,old,CLE,SAC,0.02262430283540074
2024-25,old,CLE,SAS,0.023782368128716237
2024-25,old,CLE,TOR,0.009616999737857164
2024-25,old,CLE,UTA,0.017959114070712257
2024-25,old,CLE,WAS,0.004734065969036064
2024-25,old,DAL,ATL,0.0535207391283927
2024-25,old,DAL,BKN,0.009432194198202598
2024-25,old,DAL,BOS,5.3879311227978336e-05
2024-25,old,DAL,CHA,0.00011503655693409842
2024-25,old,DAL,CHI,0.0011714790428168605
2024-25,old,DAL,CLE,0.0
2024-25,old,DAL,DEN,3.5493460148007294e-06
2024-25,old,DAL,DET,0.000610240619637664
2024-25,old,DAL,GSW,0.0020254779220823635
2024-25,old,DAL,HOU,0.014977909283700469
2024-25,old,DAL,IND,0.0028159933635594683
2024-25,old,DAL,LAC,0.0004803340594436781
2024-25,old,DAL,LAL,0.0
2024-25,old,DAL,MEM,0.0009379856312606503
2024-25,old,DAL,MIA,0.011507803068097556
2024-25,old,DAL,MIL,0.0
2024-25,old,DAL,MIN,0.0034691096015938305
2024-25,old,DAL,NOP,0.0016148317822249284
2024-25,old,DAL,NYK,0.0
2024-25,old,DAL,OKC,0.06614942538140091
2024-25,old,DAL,ORL,0.006268015572470532
2024-25,old,DAL,PHI,0.026275120110766832
2024-25,old,DAL,PHX,0.0
2024-25,old,DAL,POR,0.008935370596705254
2024-25,old,DAL,SAC,0.04273709905368011
2024-25,old,DAL,SAS,0.005009408409694044
2024-25,old,DAL,TOR,0.004719404194782551
2024-25,old,DAL,UTA,0.004430710988651551
2024-25,old,DAL,WAS,0.0035389616648212946
2024-25,old,DEN,ATL,0.04905841945722914
2024-25,old,DEN,BKN,0.1391007913369135
2024-25,old,DEN,BOS,0.00266379315968089
2024-25,old,DEN,CHA,0.0005110155029383113
2024-25,old,DEN,CHI,0.00015724093432121868
2024-25,old,DEN,CLE,0.0
2024-25,old,DEN,DAL,0.007106140965705866
2024-25,old,DEN,DET,0.00019770422546284348
2024-25,old,DEN,GSW,0.00014563322393328556
2024-25,old,DEN,HOU,0.003283674648806358
2024-25,old,DEN,IND,0.013066421214436807
2024-25,old,DEN,LAC,0.003755657390153421
2024-25,old,DEN,LAL,0.0
2024-25,old,DEN,MEM,0.000982027815509276
2024-25,old,DEN,MIA,0.021023626859603867
2024-25,old,DEN,MIL,0.0
2024-25,old,DEN,MIN,0.00902509038049877
2024-25,old,DEN,NOP,0.0019070281710063136
2024-25,old,DEN,NYK,0.0
2024-25,old,DEN,OKC,0.019477477509189798
2024-25,old,DEN,ORL,0.20663490552460834
2024-25,old,DEN,PHI,0.00023362766783537208
2024-25,old,DEN,PHX,8.943965666574138e-05
2024-25,old,DEN,POR,0.004171668430579559
2024-25,old,DEN,SAC,0.004438106248262913
2024-25,old,DEN,SAS,0.005816769779376286
2024-25,old,DEN,TOR,0.0003361630613813894
2024-25,old,DEN,UTA,0.013015703535324614
2024-25,old,DEN,WAS,0.019279552190389872
2024-25,old,DET,ATL,0.007735096688283986
2024-25,old,DET,BKN,0.01852188775959594
2024-25,old,DET,BOS,0.0007079741378025761
2024-25,old,DET,CHA,0.0033898937320733786
2024-25,old,DET,CHI,0.00013834127565428062
2024-25,old,DET,CLE,0.0
2024-25,old,DET,DAL,0.001063556491304928
2024-25,old,DET,DEN,1.2791504283589728e-05
2024-25,old,DET,GSW,0.00028027753922539133
2024-25,old,DET,HOU,0.00010210129544781204
2024-25,old,DET,IND,0.013669561488404322
2024-25,old,DET,LAC,0.0018348599044638208
2024-25,old,DET,LAL,0.0
2024-25,old,DET,MEM,0.009311734392385541
2024-25,old,DET,MIA,0.015373202882514423
2024-25,old,DET,MIL,0.0
2024-25,old,DET,MIN,0.07984296101975313
2024-25,old,DET,NOP,0.0005475330131341122
2024-25,old,DET,NYK,0.0
2024-25,old,DET,OKC,0.02004914201047763
2024-25,old,DET,ORL,0.0012221323274971931
2024-25,old,DET,PHI,0.002816901536232994
2024-25,old,DET,PHX,0.0023523706852875905
2024-25,old,DET,POR,5.9853488325931786e-05
2024-25,old,DET,SAC,0.0006891520524707551
2024-25,old,DET,SAS,0.005769780011906731
2024-25,old,DET,TOR,5.325827721141768e-05
2024-25,old,DET,UTA,0.06293583048184079
2024-25,old,DET,WAS,0.006201758083409446
2024-25,old,GSW,ATL,0.031193691173536996
2024-25,old,GSW,BKN,0.08171124796286697
2024-25,old,GSW,BOS,0.0014288793180683816
2024-25,old,GSW,CHA,0.001148090302060508
2024-25,old,GSW,CHI,0.010714859969170005
2024-25,old,GSW,CLE,0.0
2024-25,old,GSW,DAL,0.024212659308994338
2024-25,old,GSW,DEN,7.658232950105755e-05
2024-25,old,GSW,DET,0.002370643946907358
2024-25,old,GSW,HOU,0.00595366388290382
2024-25,old,GSW,IND,0.03190448788944575
2024-25,old,GSW,LAC,0.004586476374955462
2024-25,old,GSW,LAL,0.0
2024-25,old,GSW,MEM,0.02878789697454557
2024-25,old,GSW,MIA,0.39409351797065206
2024-25,old,GSW,MIL,0.0
2024-25,old,GSW,MIN,0.028599440911994334
2024-25,old,GSW,NOP,0.0022812523608575206
2024-25,old,GSW,NYK,0.0
2024-25,old,GSW,OKC,0.10262712711504332
2024-25,old,GSW,ORL,0.009178795549519166
2024-25,old,GSW,PHI,0.04338438056368004
2024-25,old,GSW,PHX,0.0
2024-25,old,GSW,POR,0.009141444229090205
2024-25,old,GSW,SAC,0.015290505244851418
2024-25,old,GSW,SAS,0.02308028955564555
2024-25,old,GSW,TOR,0.004298379923806676
2024-25,old,GSW,UTA,0.06534103550373166
2024-25,old,GSW,WAS,0.010482283283957403
2024-25,old,HOU,ATL,0.05561034794137821
2024-25,old,HOU,BKN,0.08236699904250001
2024-25,old,HOU,BOS,0.00014978448499058342
2024-25,old,HOU,CHA,0.001464945686288954
2024-25,old,HOU,CHI,0.004577880472133025
2024-25,old,HOU,CLE,0.0
2024-25,old,HOU,DAL,0.008379095897478463
2024-25,old,HOU,DEN,5.684654818393387e-06
2024-25,old,HOU,DET,0.00031244846640548216
2024-25,old,HOU,GSW,0.00042040536781151226
2024-25,old,HOU,IND,0.011758900974412591
2024-25,old,HOU,LAC,0.04976858909575045
2024-25,old,HOU,LAL,0.0
2024-25,old,HOU,MEM,0.001726995886997385
2024-25,old,HOU,MIA,0.013753980138112262
2024-25,old,HOU,MIL,0.0
2024-25,old,HOU,MIN,0.005678905707094985
2024-25,old,HOU,NOP,0.0016239670416592588
2024-25,old,HOU,NYK,0.0
2024-25,old,HOU,OKC,0.015139428305324167
2024-25,old,HOU,ORL,0.04425425242362126
2024-25,old,HOU,PHI,0.005986267430808491
2024-25,old,HOU,PHX,0.0
2024-25,old,HOU,POR,0.004217012511348498
2024-25,old,HOU,SAC,0.049101225427141904
2024-25,old,HOU,SAS,0.004029978090553529
2024-25,old,HOU,TOR,0.0007351092939006904
2024-25,old,HOU,UTA,0.005880980783820419
2024-25,old,HOU,WAS,0.011547876246801963
2024-25,old,IND,ATL,0.06116556295103888
2024-25,old,IND,BKN,0.06999105405292824
2024-25,old,IND,BOS,0.0008286638210270682
2024-25,old,IND,CHA,7.665739466021477e-05
2024-25,old,IND,CHI,0.0008073654390251736
2024-25,old,IND,CLE,0.0
2024-25,old,IND,DAL,0.0036313897379829426
2024-25,old,IND,DEN,2.5585128424864167e-05
2024-25,old,IND,DET,0.000584840882426814
2024-25,old,IND,GSW,0.00044758498436994884
2024-25,old,IND,HOU,0.003899515201337635
2024-25,old,IND,LAC,0.01025377174269344
2024-25,old,IND,LAL,0.0
2024-25,old,IND,MEM,0.008056329541324703
2024-25,old,IND,MIA,0.023249497966226128
2024-25,old,IND,MIL,0.0
2024-25,old,IND,MIN,0.014282615055936575
2024-25,old,IND,NOP,0.0007662919078519116
2024-25,old,IND,NYK,0.0
2024-25,old,IND,OKC,0.07487575890319809
2024-25,old,IND,ORL,0.015492299848804122
2024-25,old,IND,PHI,0.05805216323146139
2024-25,old,IND,PHX,1.5086207121353723e-05
2024-25,old,IND,POR,0.0035590490466358396
2024-25,old,IND,SAC,0.0028752159548734338
2024-25,old,IND,SAS,0.026152460033109504
2024-25,old,IND,TOR,0.0068403447302491155
2024-25,old,IND,UTA,0.06979267502884072
2024-25,old,IND,WAS,0.04296644729577238
2024-25,old,LAC,ATL,0.0615676472796489
2024-25,old,LAC,BKN,0.0686576418032522
2024-25,old,LAC,BOS,0.00242241380912862
2024-25,old,LAC,CHA,0.0012522637481988338
2024-25,old,LAC,CHI,0.0027705305568450625
2024-25,old,LAC,CLE,0.0
2024-25,old,LAC,DAL,0.016859271720707517
2024-25,old,LAC,DEN,2.9131777157600846e-05
2024-25,old,LAC,DET,0.002332683416537531
2024-25,old,LAC,GSW,0.003788838964310647
2024-25,old,LAC,HOU,0.020320581374288507
2024-25,old,LAC,IND,0.02984073006984953
2024-25,old,LAC,LAL,0.0
2024-25,old,LAC,MEM,0.03240085536938369
2024-25,old,LAC,MIA,0.050926511072257
2024-25,old,LAC,MIL,0.0
2024-25,old,LAC,MIN,0.03101403693189815
2024-25,old,LAC,NOP,0.004556376640821828
2024-25,old,LAC,NYK,0.0
2024-25,old,LAC,OKC,0.2722321005257588
2024-25,old,LAC,ORL,0.015523412367840578
2024-25,old,LAC,PHI,0.03448366233034751
2024-25,old,LAC,PHX,0.011679956908016629
2024-25,old,LAC,POR,0.003986261113894314
2024-25,old,LAC,SAC,0.005606826474640374
2024-25,old,LAC,SAS,0.009740218110486056
2024-25,old,LAC,TOR,0.0013472845569287902
2024-25,old,LAC,UTA,0.05481364999846311
2024-25,old,LAC,WAS,0.013975983601551367
2024-25,old,LAL,ATL,0.40355811766167166
2024-25,old,LAL,BKN,0.1617831777759002
2024-25,old,LAL,BOS,0.002533405219477697
2024-25,old,LAL,CHA,0.0002466720216968296
2024-25,old,LAL,CHI,0.02035548529197409
2024-25,old,LAL,CLE,0.0
2024-25,old,LAL,DAL,0.02618314336916072
2024-25,old,LAL,DEN,5.683963919408482e-05
2024-25,old,LAL,DET,0.0009177781507681919
2024-25,old,LAL,GSW,0.005059122021449851
2024-25,old,LAL,HOU,0.03394100221528288
2024-25,old,LAL,IND,0.03127439197677966
2024-25,old,LAL,LAC,0.002671066857432818
2024-25,old,LAL,MEM,0.006644055337788127
2024-25,old,LAL,MIA,0.03400778118454953
2024-25,old,LAL,MIL,0.0
2024-25,old,LAL,MIN,0.01632380066340754
2024-25,old,LAL,NOP,0.0013625391775817048
2024-25,old,LAL,NYK,0.0
2024-25,old,LAL,OKC,0.08886760064725649
2024-25,old,LAL,ORL,0.047667507586932494
2024-25,old,LAL,PHI,0.010589444755672058
2024-25,old,LAL,PHX,1.4008620898399886e-05
2024-25,old,LAL,POR,0.011374293669046477
2024-25,old,LAL,SAC,0.03501877251680925
2024-25,old,LAL,SAS,0.02143670442201381
2024-25,old,LAL,TOR,0.0028005465603274013
2024-25,old,LAL,UTA,0.0742707305591905
2024-25,old,LAL,WAS,0.03832102666304498
2024-25,old,MEM,ATL,0.024882321398213617
2024-25,old,MEM,BKN,0.008473792717859684
2024-25,old,MEM,BOS,0.0010344827900929698
2024-25,old,MEM,CHA,7.318087096548529e-07
2024-25,old,MEM,CHI,0.00032012585833446583
2024-25,old,MEM,CLE,0.0
2024-25,old,MEM,DAL,0.0020930646639303534
2024-25,old,MEM,DEN,9.916947550554537e-07
2024-25,old,MEM,DET,0.00021149153387305263
2024-25,old,MEM,GSW,0.0005853179953494236
2024-25,old,MEM,HOU,0.021073006409388997
2024-25,old,MEM,IND,0.0025064662600427653
2024-25,old,MEM,LAC,0.0003122306182972508
2024-25,old,MEM,LAL,0.0
2024-25,old,MEM,MIA,0.0025729679687157185
2024-25,old,MEM,MIL,0.0
2024-25,old,MEM,MIN,0.0014215627296105854
2024-25,old,MEM,NOP,2.966915743735004e-05
2024-25,old,MEM,NYK,0.0
2024-25,old,MEM,OKC,0.002961838374198089
2024-25,old,MEM,ORL,0.004578471455352088
2024-25,old,MEM,PHI,0.0004050986611173022
2024-25,old,MEM,PHX,1.5086207121353723e-05
2024-25,old,MEM,POR,0.004607166283045726
2024-25,old,MEM,SAC,0.02279674812395657
2024-25,old,MEM,SAS,0.0051846295181708696
2024-25,old,MEM,TOR,0.00020690000095823633
2024-25,old,MEM,UTA,0.0037936012385140394
2024-25,old,MEM,WAS,0.03850898256959093
2024-25,old,MIA,ATL,0.005347538246963466
2024-25,old,MIA,BKN,0.014372316213213821
2024-25,old,MIA,BOS,0.0015797413814941357
2024-25,old,MIA,CHA,3.0732634459572056e-08
2024-25,old,MIA,CHI,0.004678924179726986
2024-25,old,MIA,CLE,0.0
2024-25,old,MIA,DAL,0.0020458745393492237
2024-25,old,MIA,DEN,8.27021602356132e-10
2024-25,old,MIA,DET,0.0012248662067584376
2024-25,old,MIA,GSW,0.0001410529193292389
2024-25,old,MIA,HOU,0.001866109968275474
2024-25,old,MIA,IND,0.00010722085623048515
2024-25,old,MIA,LAC,1.8857750873049142e-06
2024-25,old,MIA,LAL,0.0
2024-25,old,MIA,MEM,1.2275476475571576e-06
2024-25,old,MIA,MIL,0.0
2024-25,old,MIA,MIN,0.0011203305233693072
2024-25,old,MIA,NOP,0.0020456872767496605
2024-25,old,MIA,NYK,0.0
2024-25,old,MIA,OKC,0.020630530193418584
2024-25,old,MIA,ORL,0.002858930915391428
2024-25,old,MIA,PHI,0.00016761817997806698
2024-25,old,MIA,PHX,0.0
2024-25,old,MIA,POR,0.0032216063835200995
2024-25,old,MIA,SAC,0.0035590819110134426
2024-25,old,MIA,SAS,0.009567930762145451
2024-25,old,MIA,TOR,0.0013142755221824433
2024-25,old,MIA,UTA,0.0015069957159517863
2024-25,old,MIA,WAS,0.0027272135852169804
2024-25,old,MIL,ATL,0.12632016020428086
2024-25,old,MIL,BKN,0.3889753911270061
2024-25,old,MIL,BOS,0.0009019396760789998
2024-25,old,MIL,CHA,2.427355401064038e-06
2024-25,old,MIL,CHI,0.007962506166251713
2024-25,old,MIL,CLE,0.0
2024-25,old,MIL,DAL,0.02049981002823422
2024-25,old,MIL,DEN,2.060492038296666e-05
2024-25,old,MIL,DET,0.002556826747213863
2024-25,old,MIL,GSW,0.0006799256030986449
2024-25,old,MIL,HOU,0.036947197815893104
2024-25,old,MIL,IND,0.030588073395828135
2024-25,old,MIL,LAC,0.01668426742050637
2024-25,old,MIL,LAL,0.0
2024-25,old,MIL,MEM,0.003994178358366535
2024-25,old,MIL,MIA,0.09041170167660027
2024-25,old,MIL,MIN,0.04496664097240703
2024-25,old,MIL,NOP,0.0034163072588583323
2024-25,old,MIL,NYK,0.0
2024-25,old,MIL,OKC,0.08471310990177579
2024-25,old,MIL,ORL,0.08571172489907136
2024-25,old,MIL,PHI,0.00026299331696128957
2024-25,old,MIL,PHX,0.004443965524451103
2024-25,old,MIL,POR,0.012770760948799725
2024-25,old,MIL,SAC,0.0407199034784992
2024-25,old,MIL,SAS,0.05536415807438466
2024-25,old,MIL,TOR,0.00024317361719946922
2024-25,old,MIL,UTA,0.04415132697082546
2024-25,old,MIL,WAS,0.0310115042965448
2024-25,old,MIN,ATL,0.08700683892235851
2024-25,old,MIN,BKN,0.02709990322048084
2024-25,old,MIN,BOS,0.00012176724335435647
2024-25,old,MIN,CHA,0.0006720720209295401
2024-25,old,MIN,CHI,0.009753531407390648
2024-25,old,MIN,CLE,0.0
2024-25,old,MIN,DAL,0.020824136729286936
2024-25,old,MIN,DEN,6.608414989598774e-05
2024-25,old,MIN,DET,0.00025653197129517716
2024-25,old,MIN,GSW,0.0025174042700355005
2024-25,old,MIN,HOU,0.05183863105326652
2024-25,old,MIN,IND,0.015827818545614505
2024-25,old,MIN,LAC,0.0022440733120311046
2024-25,old,MIN,LAL,0.0
2024-25,old,MIN,MEM,0.02590091487411495
2024-25,old,MIN,MIA,0.03190198890182485
2024-25,old,MIN,MIL,0.0
2024-25,old,MIN,NOP,0.0009731547913927886
2024-25,old,MIN,NYK,0.0
2024-25,old,MIN,OKC,0.061501073055806925
2024-25,old,MIN,ORL,0.010403486295969553
2024-25,old,MIN,PHI,0.0010775940570097015
2024-25,old,MIN,PHX,0.0
2024-25,old,MIN,POR,0.008497033059869988
2024-25,old,MIN,SAC,0.043421339760965384
2024-25,old,MIN,SAS,0.010933654264819119
2024-25,old,MIN,TOR,0.0033032415362551698
2024-25,old,MIN,UTA,0.2607623126121221
2024-25,old,MIN,WAS,0.01578845019840289
2024-25,old,NOP,ATL,0.0483577528153684
2024-25,old,NOP,BKN,0.03775641925587131
2024-25,old,NOP,BOS,0.0003534482833768786
2024-25,old,NOP,CHA,0.009510930377325059
2024-25,old,NOP,CHI,0.01076857487508889
2024-25,old,NOP,CLE,0.0
2024-25,old,NOP,DAL,0.005200817287206439
2024-25,old,NOP,DEN,1.4293036252016128e-06
2024-25,old,NOP,DET,0.0001863886428767619
2024-25,old,NOP,GSW,0.001016387334233355
2024-25,old,NOP,HOU,0.02536772649638868
2024-25,old,NOP,IND,0.015394100559814591
2024-25,old,NOP,LAC,0.013145204853097874
2024-25,old,NOP,LAL,0.0
2024-25,old,NOP,MEM,0.0075311080815865464
2024-25,old,NOP,MIA,0.08986376837550615
2024-25,old,NOP,MIL,0.0
2024-25,old,NOP,MIN,0.02326227103538006
2024-25,old,NOP,NYK,0.0
2024-25,old,NOP,OKC,0.12696600711620246
2024-25,old,NOP,ORL,0.0093299197978397
2024-25,old,NOP,PHI,0.04384736052048492
2024-25,old,NOP,PHX,0.0
2024-25,old,NOP,POR,0.012233600245184932
2024-25,old,NOP,SAC,0.021157176381463774
2024-25,old,NOP,SAS,0.011825015634761836
2024-25,old,NOP,TOR,0.007161164710458635
2024-25,old,NOP,UTA,0.02104478458312525
2024-25,old,NOP,WAS,0.011016932431923736
2024-25,old,NYK,ATL,0.05177258824162978
2024-25,old,NYK,BKN,0.1668009856434974
2024-25,old,NYK,BOS,0.004665948298181697
2024-25,old,NYK,CHA,0.0007781891310661567
2024-25,old,NYK,CHI,0.005678217243033041
2024-25,old,NYK,CLE,0.0
2024-25,old,NYK,DAL,0.0068405580002667
2024-25,old,NYK,DEN,9.24039381197494e-06
2024-25,old,NYK,DET,0.0015776443017072573
2024-25,old,NYK,GSW,0.0006314143724065635
2024-25,old,NYK,HOU,0.006292295426909074
2024-25,old,NYK,IND,0.011818489505853381
2024-25,old,NYK,LAC,0.0013289332054836418
2024-25,old,NYK,LAL,0.0
2024-25,old,NYK,MEM,0.005915497188569165
2024-25,old,NYK,MIA,0.05737376466373131
2024-25,old,NYK,MIL,0.0
2024-25,old,NYK,MIN,0.014480979015098702
2024-25,old,NYK,NOP,0.0018928877494878166
2024-25,old,NYK,OKC,0.07011220336378389
2024-25,old,NYK,ORL,0.03613132300137617
2024-25,old,NYK,PHI,0.010485873038851025
2024-25,old,NYK,PHX,5.1724138701784204e-05
2024-25,old,NYK,POR,0.003994991729237081
2024-25,old,NYK,SAC,0.009324568625406184
2024-25,old,NYK,SAS,0.012977656666044675
2024-25,old,NYK,TOR,0.0024805470635682206
2024-25,old,NYK,UTA,0.022495178154557163
2024-25,old,NYK,WAS,0.015809197666073065
2024-25,old,OKC,ATL,0.008549046767473622
2024-25,old,OKC,BKN,0.030090907434717654
2024-25,old,OKC,BOS,0.00039439655575451677
2024-25,old,OKC,CHA,4.075757619097581e-07
2024-25,old,OKC,CHI,0.0027688498608914847
2024-25,old,OKC,CLE,0.0
2024-25,old,OKC,DAL,0.00018132019962784158
2024-25,old,OKC,DEN,1.421229459252092e-06
2024-25,old,OKC,DET,3.999521627774266e-05
2024-25,old,OKC,GSW,0.00048392332113106026
2024-25,old,OKC,HOU,0.00381923491875882
2024-25,old,OKC,IND,0.009929173792064146
2024-25,old,OKC,LAC,0.008745420291911457
2024-25,old,OKC,LAL,0.0
2024-25,old,OKC,MEM,0.00640070697922796
2024-25,old,OKC,MIA,0.011146291470177577
2024-25,old,OKC,MIL,0.0
2024-25,old,OKC,MIN,0.005196781276789417
2024-25,old,OKC,NOP,2.3644604160440436e-05
2024-25,old,OKC,NYK,0.0
2024-25,old,OKC,ORL,0.0036473767981382945
2024-25,old,OKC,PHI,0.003360957515363141
2024-25,old,OKC,PHX,0.011723060353081032
2024-25,old,OKC,POR,0.004061872050305729
2024-25,old,OKC,SAC,0.0019871668010247004
2024-25,old,OKC,SAS,0.00037812817810839753
2024-25,old,OKC,TOR,0.0005056106692626117
2024-25,old,OKC,UTA,0.011864167355628771
2024-25,old,OKC,WAS,0.002686637349226106
2024-25,old,ORL,ATL,0.063760032039584
2024-25,old,ORL,BKN,0.024283189064017816
2024-25,old,ORL,BOS,0.0008286637897956475
2024-25,old,ORL,CHA,0.0008424581727120227
2024-25,old,ORL,CHI,0.03233370476669097
2024-25,old,ORL,CLE,0.0
2024-25,old,ORL,DAL,0.012669362269344852
2024-25,old,ORL,DEN,5.257806905520783e-06
2024-25,old,ORL,DET,0.0072843795521558685
2024-25,old,ORL,GSW,0.000822365836111552
2024-25,old,ORL,HOU,0.017769396789070895
2024-25,old,ORL,IND,0.007492970313871328
2024-25,old,ORL,LAC,0.009421875016274058
2024-25,old,ORL,LAL,0.0
2024-25,old,ORL,MEM,0.0016568703877389897
2024-25,old,ORL,MIA,0.1690583218916911
2024-25,old,ORL,MIL,0.0
2024-25,old,ORL,MIN,0.00590893171664788
2024-25,old,ORL,NOP,0.0019397338114920352
2024-25,old,ORL,NYK,0.0
2024-25,old,ORL,OKC,0.08824371014778502
2024-25,old,ORL,PHI,0.043221961243952646
2024-25,old,ORL,PHX,0.010313577580281761
2024-25,old,ORL,POR,0.015732832779675958
2024-25,old,ORL,SAC,0.034629475547410554
2024-25,old,ORL,SAS,0.08503013403673118
2024-25,old,ORL,TOR,0.0072134203712335525
2024-25,old,ORL,UTA,0.010699222007482741
2024-25,old,ORL,WAS,0.004846061189363839
2024-25,old,PHI,ATL,0.012700133725954098
2024-25,old,PHI,BKN,0.022894120915053523
2024-25,old,PHI,BOS,0.0
2024-25,old,PHI,CHA,0.002758654401316873
2024-25,old,PHI,CHI,0.019306641170856856
2024-25,old,PHI,CLE,0.0
2024-25,old,PHI,DAL,0.004843566525770544
2024-25,old,PHI,DEN,4.270122663295263e-06
2024-25,old,PHI,DET,0.0017101985652040151
2024-25,old,PHI,GSW,0.001076797032535657
2024-25,old,PHI,HOU,0.00817079739450429
2024-25,old,PHI,IND,0.003035165871987618
2024-25,old,PHI,LAC,0.001385775875312212
2024-25,old,PHI,LAL,0.0
2024-25,old,PHI,MEM,0.002006788186059526
2024-25,old,PHI,MIA,0.011627365743763524
2024-25,old,PHI,MIL,0.0
2024-25,old,PHI,MIN,0.0010306423464342459
2024-25,old,PHI,NOP,0.003136094077023109
2024-25,old,PHI,NYK,0.0
2024-25,old,PHI,OKC,0.3093210049358457
2024-25,old,PHI,ORL,0.00672008556188906
2024-25,old,PHI,PHX,0.0009816810277547556
2024-25,old,PHI,POR,0.006041571319257593
2024-25,old,PHI,SAC,0.018745011729581207
2024-25,old,PHI,SAS,0.02345797456497178
2024-25,old,PHI,TOR,0.019243957837394167
2024-25,old,PHI,UTA,0.039685165529612675
2024-25,old,PHI,WAS,0.002178246918172359
2024-25,old,PHX,ATL,0.23535399986484667
2024-25,old,PHX,BKN,0.08156639517863701
2024-25,old,PHX,BOS,0.00023814655575451674
2024-25,old,PHX,CHA,0.0009731508915736854
2024-25,old,PHX,CHI,0.018732032454496166
2024-25,old,PHX,CLE,0.0
2024-25,old,PHX,DAL,0.049394893573960666
2024-25,old,PHX,DEN,3.0834132465908044e-05
2024-25,old,PHX,DET,0.0012664947128714135
2024-25,old,PHX,GSW,0.004692759050690391
2024-25,old,PHX,HOU,0.2430204727654426
2024-25,old,PHX,IND,0.01944143931884134
2024-25,old,PHX,LAC,0.003753232827614833
2024-25,old,PHX,LAL,0.0
2024-25,old,PHX,MEM,0.008632910513743009
2024-25,old,PHX,MIA,0.0326319109616637
2024-25,old,PHX,MIL,0.0
2024-25,old,PHX,MIN,0.006667229020066119
2024-25,old,PHX,NOP,0.00014813722238327248
2024-25,old,PHX,NYK,0.0
2024-25,old,PHX,OKC,0.06651455675450975
2024-25,old,PHX,ORL,0.021181823223696362
2024-25,old,PHX,PHI,0.018693514842941256
2024-25,old,PHX,POR,0.043839249357707416
2024-25,old,PHX,SAC,0.24628658969055298
2024-25,old,PHX,SAS,0.037980762680711516
2024-25,old,PHX,TOR,0.004058070362667666
2024-25,old,PHX,UTA,0.10201136726630214
2024-25,old,PHX,WAS,0.03202686406241542
2024-25,old,POR,ATL,0.060058965657302565
2024-25,old,POR,BKN,0.02619733903482876
2024-25,old,POR,BOS,0.00011961207139016738
2024-25,old,POR,CHA,1.0674821473285408e-05
2024-25,old,POR,CHI,0.02994898703245029
2024-25,old,POR,CLE,0.0
2024-25,old,POR,DAL,0.011233661924614575
2024-25,old,POR,DEN,1.4257149127456832e-06
2024-25,old,POR,DET,0.00024208867080619513
2024-25,old,POR,GSW,0.0031889390552867674
2024-25,old,POR,HOU,0.026017780201509595
2024-25,old,POR,IND,0.005857497936290156
2024-25,old,POR,LAC,0.005091864233033668
2024-25,old,POR,LAL,0.0
2024-25,old,POR,MEM,0.0002279958205477954
2024-25,old,POR,MIA,0.011864016986009075
2024-25,old,POR,MIL,0.0
2024-25,old,POR,MIN,0.0010379336149433124
2024-25,old,POR,NOP,0.0012504941163738366
2024-25,old,POR,NYK,0.0
2024-25,old,POR,OKC,0.01879293913988709
2024-25,old,POR,ORL,0.012834119984252136
2024-25,old,POR,PHI,0.018591808229412178
2024-25,old,POR,PHX,0.005213362096230788
2024-25,old,POR,SAC,0.04063129898252902
2024-25,old,POR,SAS,0.026554906851806843
2024-25,old,POR,TOR,0.0015757103106110774
2024-25,old,POR,UTA,0.006710155818327994
2024-25,old,POR,WAS,0.004232730776191006
2024-25,old,SAC,ATL,0.08472576520948177
2024-25,old,SAC,BKN,0.03549518734053657
2024-25,old,SAC,BOS,0.0
2024-25,old,SAC,CHA,1.4508410920140401e-06
2024-25,old,SAC,CHI,0.0029388812259094933
2024-25,old,SAC,CLE,0.0
2024-25,old,SAC,DAL,0.012630612229285847
2024-25,old,SAC,DEN,1.2078076101621012e-05
2024-25,old,SAC,DET,0.0005126238223870533
2024-25,old,SAC,GSW,0.00017001442255321102
2024-25,old,SAC,HOU,0.009060614173248379
2024-25,old,SAC,IND,0.008914228878635034
2024-25,old,SAC,LAC,0.001327316837208667
2024-25,old,SAC,LAL,0.0
2024-25,old,SAC,MEM,0.0025590753026168613
2024-25,old,SAC,MIA,0.05421262267781052
2024-25,old,SAC,MIL,0.0
2024-25,old,SAC,MIN,0.006727239541229184
2024-25,old,SAC,NOP,2.8554383721624006e-05
2024-25,old,SAC,NYK,0.0
2024-25,old,SAC,OKC,0.017266385678829353
2024-25,old,SAC,ORL,0.010162721536638436
2024-25,old,SAC,PHI,0.0008066311933831576
2024-25,old,SAC,PHX,0.0006002155196820869
2024-25,old,SAC,POR,0.010409247612431534
2024-25,old,SAC,SAS,0.008836759999037283
2024-25,old,SAC,TOR,0.0017093892685207835
2024-25,old,SAC,UTA,0.012086865042800004
2024-25,old,SAC,WAS,0.006212383653965091
2024-25,old,SAS,ATL,0.02445571795011428
2024-25,old,SAS,BKN,0.011563817217299467
2024-25,old,SAS,BOS,0.0003329741409658616
2024-25,old,SAS,CHA,0.001114637288410693
2024-25,old,SAS,CHI,0.012081939434547892
2024-25,old,SAS,CLE,0.0
2024-25,old,SAS,DAL,0.0026415369427334216
2024-25,old,SAS,DEN,6.460670932985328e-09
2024-25,old,SAS,DET,0.0004777519588889989
2024-25,old,SAS,GSW,0.0014858650069476977
2024-25,old,SAS,HOU,0.040198006610474395
2024-25,old,SAS,IND,0.0055877472002292304
2024-25,old,SAS,LAC,0.004342403027333384
2024-25,old,SAS,LAL,0.0
2024-25,old,SAS,MEM,0.009015897400029019
2024-25,old,SAS,MIA,0.05408814551318361
2024-25,old,SAS,MIL,0.0
2024-25,old,SAS,MIN,0.0050684812268616125
2024-25,old,SAS,NOP,0.0008926237781421793
2024-25,old,SAS,NYK,0.0
2024-25,old,SAS,OKC,0.03653202875163134
2024-25,old,SAS,ORL,0.005675327623728642
2024-25,old,SAS,PHI,0.03822038292923966
2024-25,old,SAS,PHX,0.004174568978909017
2024-25,old,SAS,POR,0.02044126975022171
2024-25,old,SAS,SAC,0.02440177288096364
2024-25,old,SAS,TOR,0.005157299656794445
2024-25,old,SAS,UTA,0.010327139767888622
2024-25,old,SAS,WAS,0.00043445227048882225
2024-25,old,TOR,ATL,0.011730289127891057
2024-25,old,TOR,BKN,0.02206305973286264
2024-25,old,TOR,BOS,0.0
2024-25,old,TOR,CHA,0.0009072487398560904
2024-25,old,TOR,CHI,0.012820494120726939
2024-25,old,TOR,CLE,0.0
2024-25,old,TOR,DAL,0.0033129429245609267
2024-25,old,TOR,DEN,1.3508066200273609e-05
2024-25,old,TOR,DET,0.0012544055076305141
2024-25,old,TOR,GSW,0.0003115558246603766
2024-25,old,TOR,HOU,0.010073006425659045
2024-25,old,TOR,IND,0.005417051411987447
2024-25,old,TOR,LAC,0.0010619612186063272
2024-25,old,TOR,LAL,0.0
2024-25,old,TOR,MEM,0.0027205112235772775
2024-25,old,TOR,MIA,0.07141014588789488
2024-25,old,TOR,MIL,0.0
2024-25,old,TOR,MIN,0.0029808436811254086
2024-25,old,TOR,NOP,0.005268158628958927
2024-25,old,TOR,NYK,0.0
2024-25,old,TOR,OKC,0.13175645058893226
2024-25,old,TOR,ORL,0.0047525379128668735
2024-25,old,TOR,PHI,0.1219334349843221
2024-25,old,TOR,PHX,0.0005765086208502279
2024-25,old,TOR,POR,0.009651862417688964
2024-25,old,TOR,SAC,0.0108457383150088
2024-25,old,TOR,SAS,0.02411146036558227
2024-25,old,TOR,UTA,0.01014191047984029
2024-25,old,TOR,WAS,0.003992919842491524
2024-25,old,UTA,ATL,0.012263570654292497
2024-25,old,UTA,BKN,0.025988946688540522
2024-25,old,UTA,BOS,0.0010603448205852306
2024-25,old,UTA,CHA,0.003019767187694973
2024-25,old,UTA,CHI,7.747913234521955e-05
2024-25,old,UTA,CLE,0.0
2024-25,old,UTA,DAL,0.0014576399946548673
2024-25,old,UTA,DEN,2.273888353081024e-05
2024-25,old,UTA,DET,2.4127314836439198e-05
2024-25,old,UTA,GSW,0.0003355714772136016
2024-25,old,UTA,HOU,6.465517369837598e-05
2024-25,old,UTA,IND,0.010709052709248592
2024-25,old,UTA,LAC,0.013477370926291393
2024-25,old,UTA,LAL,0.0
2024-25,old,UTA,MEM,0.002034200508127722
2024-25,old,UTA,MIA,0.009922926373219593
2024-25,old,UTA,MIL,0.0
2024-25,old,UTA,MIN,0.0005630981786525184
2024-25,old,UTA,NOP,0.0017883674525979647
2024-25,old,UTA,NYK,0.0
2024-25,old,UTA,OKC,0.008598766316394817
2024-25,old,UTA,ORL,0.03222815634945781
2024-25,old,UTA,PHI,0.0014808283408730206
2024-25,old,UTA,PHX,0.003091594804206798
2024-25,old,UTA,POR,1.6989338925772917e-05
2024-25,old,UTA,SAC,4.950795240771898e-05
2024-25,old,UTA,SAS,3.2329835096591584e-05
2024-25,old,UTA,TOR,0.0007105431747506136
2024-25,old,UTA,WAS,0.008798837625479729
2024-25,old,WAS,ATL,0.008165352077516407
2024-25,old,WAS,BKN,0.04360434330332162
2024-25,old,WAS,BOS,1.0775862229538375e-06
2024-25,old,WAS,CHA,0.003684535015909405
2024-25,old,WAS,CHI,5.783659023095702e-05
2024-25,old,WAS,CLE,0.0
2024-25,old,WAS,DAL,0.0008979686977144861
2024-25,old,WAS,DEN,5.3300879267647575e-09
2024-25,old,WAS,DET,1.8230852329853556e-09
2024-25,old,WAS,GSW,4.976777857543795e-07
2024-25,old,WAS,HOU,9.024784767775441e-05
2024-25,old,WAS,IND,0.011956199573286024
2024-25,old,WAS,LAC,0.00026589440173822735
2024-25,old,WAS,LAL,0.0
2024-25,old,WAS,MEM,1.0946524390004782e-08
2024-25,old,WAS,MIA,0.011136516969399702
2024-25,old,WAS,MIL,0.0
2024-25,old,WAS,MIN,0.043594567177636975
2024-25,old,WAS,NOP,0.001762281151537209
2024-25,old,WAS,NYK,0.0
2024-25,old,WAS,OKC,0.06258663093043138
2024-25,old,WAS,ORL,0.005885646224715309
2024-25,old,WAS,PHI,0.01863479676251921
2024-25,old,WAS,PHX,0.0
2024-25,old,WAS,POR,4.345524069202728e-05
2024-25,old,WAS,SAC,0.00023404194829082398
2024-25,old,WAS,SAS,0.0035883950760399416
2024-25,old,WAS,TOR,0.0018285297994464398
2024-25,old,WAS,UTA,0.006932437366809424
2025-26,new,ATL,BKN,0.001984343610147961
2025-26,new,ATL,BOS,0.0003811952347038234
2025-26,new,ATL,CHA,0.10124775403061557
2025-26,new,ATL,CHI,0.005899712843692046
2025-26,new,ATL,CLE,0.0
2025-26,new,ATL,DAL,0.00012484370162853557
2025-26,new,ATL,DEN,0.004251579407759636
2025-26,new,ATL,DET,0.005649515264828143
2025-26,new,ATL,GSW,0.0011989596325750148
2025-26,new,ATL,HOU,7.004310449199944e-06
2025-26,new,ATL,IND,0.001939790139871987
2025-26,new,ATL,LAC,0.0040573364373769185
2025-26,new,ATL,LAL,0.0035065931711808916
2025-26,new,ATL,MEM,0.06173679953121887
2025-26,new,ATL,MIA,0.05651273742139602
2025-26,new,ATL,MIL,0.005787984981394278
2025-26,new,ATL,MIN,0.010053340661287276
2025-26,new,ATL,NOP,0.0
2025-26,new,ATL,NYK,0.01586152736496372
2025-26,new,ATL,OKC,0.06615054055587649
2025-26,new,ATL,ORL,0.0
2025-26,new,ATL,PHI,0.04913611745523134
2025-26,new,ATL,PHX,0.0
2025-26,new,ATL,POR,0.0062788195552681
2025-26,new,ATL,SAC,0.004292305663573893
2025-26,new,ATL,SAS,0.4212289861447764
2025-26,new,ATL,TOR,0.06066546380953161
2025-26,new,ATL,UTA,0.01744369622028898
2025-26,new,ATL,WAS,0.01771955825294095
2025-26,new,BKN,ATL,0.02831788803448756
2025-26,new,BKN,BOS,0.0044978448821649235
2025-26,new,BKN,CHA,0.056006761894018216
2025-26,new,BKN,CHI,0.010053357330875456
2025-26,new,BKN,CLE,0.005933189690193354
2025-26,new,BKN,DAL,0.004374079024531463
2025-26,new,BKN,DEN,0.006738623244608173
2025-26,new,BKN,DET,0.006051185502839307
2025-26,new,BKN,GSW,0.0021379090866226087
2025-26,new,BKN,HOU,2.9633621131230534e-05
2025-26,new,BKN,IND,0.006325822104248299
2025-26,new,BKN,LAC,0.013225295533262897
2025-26,new,BKN,LAL,0.004671239669392294
2025-26,new,BKN,MEM,0.03358270474045201
2025-26,new,BKN,MIA,0.017185472132444094
2025-26,new,BKN,MIL,0.005773168303782987
2025-26,new,BKN,MIN,0.012379849176424363
2025-26,new,BKN,NOP,0.0
2025-26,new,BKN,NYK,0.037685210033546204
2025-26,new,BKN,OKC,0.04630046833351033
2025-26,new,BKN,ORL,0.0
2025-26,new,BKN,PHI,0.03565232095284837
2025-26,new,BKN,PHX,0.0
2025-26,new,BKN,POR,1.7230621315761633e-05
2025-26,new,BKN,SAC,0.014993233814407642
2025-26,new,BKN,SAS,0.12742941852630885
2025-26,new,BKN,TOR,0.03984752220270383
2025-26,new,BKN,UTA,0.05943076558605816
2025-26,new,BKN,WAS,0.053731681175574114
2025-26,new,BOS,ATL,0.026003232911140813
2025-26,new,BOS,BKN,0.0012567343665245419
2025-26,new,BOS,CHA,0.029670716479763125
2025-26,new,BOS,CHI,0.007246535916645808
2025-26,new,BOS,CLE,0.01459159489833461
2025-26,new,BOS,DAL,0.008603268793803895
2025-26,new,BOS,DEN,0.016064384549446028
2025-26,new,BOS,DET,0.0217586209008406
2025-26,new,BOS,GSW,0.002653782898016253
2025-26,new,BOS,HOU,0.001183189675593267
2025-26,new,BOS,IND,0.0007542137351473576
2025-26,new,BOS,LAC,0.001574531603662955
2025-26,new,BOS,LAL,0.01654988618253433
2025-26,new,BOS,MEM,0.07025242464177325
2025-26,new,BOS,MIA,0.016406008803856717
2025-26,new,BOS,MIL,0.00028987070802470713
2025-26,new,BOS,MIN,0.03149137971081756
2025-26,new,BOS,NOP,0.0
2025-26,new,BOS,NYK,0.0377906790762088
2025-26,new,BOS,OKC,0.03386336778124058
2025-26,new,BOS,ORL,0.0
2025-26,new,BOS,PHI,0.03589166010998483
2025-26,new,BOS,PHX,0.0
2025-26,new,BOS,POR,0.013622044425276194
2025-26,new,BOS,SAC,0.0012582638024156464
2025-26,new,BOS,SAS,0.01368938593924495
2025-26,new,BOS,TOR,0.024582741941715083
2025-26,new,BOS,UTA,0.005718750095492679
2025-26,new,BOS,WAS,0.004766972002428794
2025-26,new,CHA,ATL,0.011855872893918727
2025-26,new,CHA,BKN,0.003238644893640481
2025-26,new,CHA,BOS,0.009231681132062887
2025-26,new,CHA,CHI,0.003032807457748502
2025-26,new,CHA,CLE,0.009134698273806734
2025-26,new,CHA,DAL,0.002096968817393641
2025-26,new,CHA,DEN,0.010627223898563543
2025-26,new,CHA,DET,0.00886718768373549
2025-26,new,CHA,GSW,0.0007880012396132894
2025-26,new,CHA,HOU,1.4278017454138347e-05
2025-26,new,CHA,IND,0.0011357932251916702
2025-26,new,CHA,LAC,0.008886623693063382
2025-26,new,CHA,LAL,0.011755394754306484
2025-26,new,CHA,MEM,0.15107758617955905
2025-26,new,CHA,MIA,0.08049182463970048
2025-26,new,CHA,MIL,0.009258081839733017
2025-26,new,CHA,MIN,0.013133620873960696
2025-26,new,CHA,NOP,0.0
2025-26,new,CHA,NYK,0.023659214303697808
2025-26,new,CHA,OKC,0.07205735415670882
2025-26,new,CHA,ORL,0.0
2025-26,new,CHA,PHI,0.10623459525322748
2025-26,new,CHA,PHX,0.0
2025-26,new,CHA,POR,0.0003279174148971522
2025-26,new,CHA,SAC,0.0019059539377221967
2025-26,new,CHA,SAS,0.06989305002598797
2025-26,new,CHA,TOR,0.0660732003684897
2025-26,new,CHA,UTA,0.01184132555700389
2025-26,new,CHA,WAS,0.004279094883642191
2025-26,new,CHI,ATL,0.04771470932308022
2025-26,new,CHI,BKN,9.216315619565213e-06
2025-26,new,CHI,BOS,0.008625403792737353
2025-26,new,CHI,CHA,0.03562704044048748
2025-26,new,CHI,CLE,0.006383620708988145
2025-26,new,CHI,DAL,0.01270797416664146
2025-26,new,CHI,DEN,0.032794103224654904
2025-26,new,CHI,DET,0.01739008618191543
2025-26,new,CHI,GSW,0.005613858483092968
2025-26,new,CHI,HOU,0.0003267780221107512
2025-26,new,CHI,IND,1.3057646092733946e-06
2025-26,new,CHI,LAC,2.723659319975734e-06
2025-26,new,CHI,LAL,0.02438185849804572
2025-26,new,CHI,MEM,0.025097791183426785
2025-26,new,CHI,MIA,0.007865355119616214
2025-26,new,CHI,MIL,0.0018246229550528243
2025-26,new,CHI,MIN,0.027466325694133112
2025-26,new,CHI,NOP,0.0
2025-26,new,CHI,NYK,0.009478043006100303
2025-26,new,CHI,OKC,0.01401757469137026
2025-26,new,CHI,ORL,0.0
2025-26,new,CHI,PHI,0.02435563422570277
2025-26,new,CHI,PHX,0.0
2025-26,new,CHI,POR,0.0032284671723577323
2025-26,new,CHI,SAC,2.12684206605351e-05
2025-26,new,CHI,SAS,0.0034143320044125267
2025-26,new,CHI,TOR,0.006496043003887814
2025-26,new,CHI,UTA,0.0005576508752158683
2025-26,new,CHI,WAS,0.0012389547534182607
2025-26,new,CLE,ATL,0.24579445081957668
2025-26,new,CLE,BKN,0.0
2025-26,new,CLE,BOS,0.025390086643365693
2025-26,new,CLE,CHA,0.024735492302397247
2025-26,new,CLE,CHI,0.000397168139617728
2025-26,new,CLE,DAL,0.018211221627408465
2025-26,new,CLE,DEN,0.039477410286180445
2025-26,new,CLE,DET,0.02897252177309791
2025-26,new,CLE,GSW,0.0005841024820581661
2025-26,new,CLE,HOU,7.273707004938403e-06
2025-26,new,CLE,IND,0.0005477948774431094
2025-26,new,CLE,LAC,0.001150827621773903
2025-26,new,CLE,LAL,0.0335271451504022
2025-26,new,CLE,MEM,0.05459832974591146
2025-26,new,CLE,MIA,0.028062535743886778
2025-26,new,CLE,MIL,0.00018022638151486356
2025-26,new,CLE,MIN,0.02222844835439022
2025-26,new,CLE,NOP,0.0
2025-26,new,CLE,NYK,0.03755051347476999
2025-26,new,CLE,OKC,0.025134775263224107
2025-26,new,CLE,ORL,0.0
2025-26,new,CLE,PHI,0.04014379778041327
2025-26,new,CLE,PHX,0.0
2025-26,new,CLE,POR,2.7679756551547448e-06
2025-26,new,CLE,SAC,0.0002728343350162473
2025-26,new,CLE,SAS,0.02967780191557691
2025-26,new,CLE,TOR,0.02250809028731146
2025-26,new,CLE,UTA,0.0026920797639919834
2025-26,new,CLE,WAS,0.00523006465866086
2025-26,new,DAL,ATL,0.0030651940414200326
2025-26,new,DAL,BKN,0.0008737254865134552
2025-26,new,DAL,BOS,8.620689783630695e-06
2025-26,new,DAL,CHA,0.0037385895581994164
2025-26,new,DAL,CHI,0.06523111365296931
2025-26,new,DAL,CLE,0.0
2025-26,new,DAL,DEN,0.0004264102628730012
2025-26,new,DAL,DET,0.0005651939748023669
2025-26,new,DAL,GSW,0.00279772135385799
2025-26,new,DAL,HOU,0.0
2025-26,new,DAL,IND,7.151463735113867e-05
2025-26,new,DAL,LAC,0.006635343111401944
2025-26,new,DAL,LAL,0.0005144039279385221
2025-26,new,DAL,MEM,0.08445123902028265
2025-26,new,DAL,MIA,0.04257410587491131
2025-26,new,DAL,MIL,0.0047095905623904515
2025-26,new,DAL,MIN,0.0008693426859500849
2025-26,new,DAL,NOP,0.0
2025-26,new,DAL,NYK,0.003744881434430336
2025-26,new,DAL,OKC,0.06664991896959982
2025-26,new,DAL,ORL,0.0
2025-26,new,DAL,PHI,0.014937374085416332
2025-26,new,DAL,PHX,0.0
2025-26,new,DAL,POR,0.113102088322587
2025-26,new,DAL,SAC,0.0002840902232098145
2025-26,new,DAL,SAS,0.016158135821641387
2025-26,new,DAL,TOR,0.010827950732484451
2025-26,new,DAL,UTA,0.004031250095697409
2025-26,new,DAL,WAS,0.0048116917971216516
2025-26,new,DEN,ATL,0.03276670265659803
2025-26,new,DEN,BKN,0.0005050699513750954
2025-26,new,DEN,BOS,0.011297414021903714
2025-26,new,DEN,CHA,0.04172070495325189
2025-26,new,DEN,CHI,0.012923100213465754
2025-26,new,DEN,CLE,0.019489224186680955
2025-26,new,DEN,DAL,0.019409462306255468
2025-26,new,DEN,DET,0.028728178827260663
2025-26,new,DEN,GSW,0.015271305745206427
2025-26,new,DEN,HOU,0.0014668642481636448
2025-26,new,DEN,IND,0.0004919404634292615
2025-26,new,DEN,LAC,0.001027431752907546
2025-26,new,DEN,LAL,0.04092778298039361
2025-26,new,DEN,MEM,0.032502155691357164
2025-26,new,DEN,MIA,0.01672812065526619
2025-26,new,DEN,MIL,0.000127963359901232
2025-26,new,DEN,MIN,0.020623114622350593
2025-26,new,DEN,NOP,0.0
2025-26,new,DEN,NYK,0.025273437801977335
2025-26,new,DEN,OKC,0.09072558619358823
2025-26,new,DEN,ORL,0.0
2025-26,new,DEN,PHI,0.029428352901935594
2025-26,new,DEN,PHX,0.0
2025-26,new,DEN,POR,0.0243048629649543
2025-26,new,DEN,SAC,0.0005263726823732564
2025-26,new,DEN,SAS,0.01829067907191749
2025-26,new,DEN,TOR,0.024380992860039943
2025-26,new,DEN,UTA,0.00027882543747746876
2025-26,new,DEN,WAS,0.004540948349528881
2025-26,new,DET,ATL,0.05837958036125075
2025-26,new,DET,BKN,0.0010274271162891
2025-26,new,DET,BOS,0.022556034842152788
2025-26,new,DET,CHA,0.017041714699338576
2025-26,new,DET,CHI,0.00010319466287905577
2025-26,new,DET,CLE,0.044828663785412
2025-26,new,DET,DAL,0.03691514617419383
2025-26,new,DET,DEN,0.018311826130964867
2025-26,new,DET,GSW,0.00034419845361009825
2025-26,new,DET,HOU,0.0
2025-26,new,DET,IND,0.001011914896430426
2025-26,new,DET,LAC,0.002112490894087876
2025-26,new,DET,LAL,0.011016216723929488
2025-26,new,DET,MEM,0.007861799680033763
2025-26,new,DET,MIA,0.007945996389982985
2025-26,new,DET,MIL,0.0006839978479748143
2025-26,new,DET,MIN,0.09414601328545892
2025-26,new,DET,NOP,0.0
2025-26,new,DET,NYK,0.03882641005698479
2025-26,new,DET,OKC,0.0247414267303689
2025-26,new,DET,ORL,0.0
2025-26,new,DET,PHI,0.02005460713947513
2025-26,new,DET,PHX,0.0
2025-26,new,DET,POR,1.4595211885481887e-05
2025-26,new,DET,SAC,0.0022654354370471616
2025-26,new,DET,SAS,0.013835937630601928
2025-26,new,DET,TOR,0.015025301998405266
2025-26,new,DET,UTA,0.007086476411385429
2025-26,new,DET,WAS,0.0073259698653368845
2025-26,new,GSW,ATL,0.011671066966794978
2025-26,new,GSW,BKN,0.002701088524877661
2025-26,new,GSW,BOS,0.005933189765903457
2025-26,new,GSW,CHA,0.025586180123412735
2025-26,new,GSW,CHI,0.045286707829256326
2025-26,new,GSW,CLE,0.007007543131275552
2025-26,new,GSW,DAL,0.00868549110420984
2025-26,new,GSW,DEN,0.008239488040335348
2025-26,new,GSW,DET,0.011195043269966344
2025-26,new,GSW,HOU,0.0005985991468508567
2025-26,new,GSW,IND,0.0007041327119666045
2025-26,new,GSW,LAC,0.001470885561257111
2025-26,new,GSW,LAL,0.01186936732248287
2025-26,new,GSW,MEM,0.023577047615524805
2025-26,new,GSW,MIA,0.01778583849586044
2025-26,new,GSW,MIL,0.0005433728302636279
2025-26,new,GSW,MIN,0.014642780354338825
2025-26,new,GSW,NOP,0.0
2025-26,new,GSW,NYK,0.022861799686958468
2025-26,new,GSW,OKC,0.13444440314994935
2025-26,new,GSW,ORL,0.0
2025-26,new,GSW,PHI,0.04256798823213729
2025-26,new,GSW,PHX,0.0
2025-26,new,GSW,POR,0.08079181828829055
2025-26,new,GSW,SAC,0.0012986606420537913
2025-26,new,GSW,SAS,0.0646411635130965
2025-26,new,GSW,TOR,0.012236147863392728
2025-26,new,GSW,UTA,0.009095366442824937
2025-26,new,GSW,WAS,0.004122575467195491
2025-26,new,HOU,ATL,0.04445150903998152
2025-26,new,HOU,BKN,0.0024818692912505513
2025-26,new,HOU,BOS,0.016477370919450993
2025-26,new,HOU,CHA,0.029304553668346903
2025-26,new,HOU,CHI,0.008133033061136302
2025-26,new,HOU,CLE,0.004316810430589551
2025-26,new,HOU,DAL,0.00035120093754473756
2025-26,new,HOU,DEN,0.04081261473215881
2025-26,new,HOU,DET,0.028009698416110423
2025-26,new,HOU,GSW,0.0018115687225273424
2025-26,new,HOU,IND,0.002016099995927775
2025-26,new,HOU,LAC,0.004209144795857763
2025-26,new,HOU,LAL,0.02897942548252659
2025-26,new,HOU,MEM,0.02232004329094519
2025-26,new,HOU,MIA,0.008053409688925511
2025-26,new,HOU,MIL,0.003352909509879377
2025-26,new,HOU,MIN,0.010042834228972486
2025-26,new,HOU,NOP,0.0
2025-26,new,HOU,NYK,0.049483972480109134
2025-26,new,HOU,OKC,0.04598703141916399
2025-26,new,HOU,ORL,0.0
2025-26,new,HOU,PHI,0.29834886070588074
2025-26,new,HOU,PHX,0.0
2025-26,new,HOU,POR,0.012566259309793668
2025-26,new,HOU,SAC,0.0015318447270487325
2025-26,new,HOU,SAS,0.0213981683664064
2025-26,new,HOU,TOR,0.018105332845747377
2025-26,new,HOU,UTA,0.005513469917410663
2025-26,new,HOU,WAS,0.00616945055407745
2025-26,new,IND,ATL,0.006515355727450666
2025-26,new,IND,BKN,0.0025772966058248583
2025-26,new,IND,BOS,0.004266163911429587
2025-26,new,IND,CHA,0.020879425511513214
2025-26,new,IND,CHI,0.0007427376846908878
2025-26,new,IND,CLE,0.006337284520188154
2025-26,new,IND,DAL,0.0024155915588493495
2025-26,new,IND,DEN,0.010105736085577546
2025-26,new,IND,DET,0.012064924653105689
2025-26,new,IND,GSW,0.000981910034033188
2025-26,new,IND,HOU,0.0007777478564169322
2025-26,new,IND,LAC,0.026556641189243488
2025-26,new,IND,LAL,0.011772063345106281
2025-26,new,IND,MEM,0.049796067136159194
2025-26,new,IND,MIA,0.015452029390542101
2025-26,new,IND,MIL,0.00047009701858643946
2025-26,new,IND,MIN,0.022674030408419765
2025-26,new,IND,NOP,0.0
2025-26,new,IND,NYK,0.021848598900231022
2025-26,new,IND,OKC,0.015970742077070766
2025-26,new,IND,ORL,0.0
2025-26,new,IND,PHI,0.013424560074392805
2025-26,new,IND,PHX,0.0
2025-26,new,IND,POR,0.0009031783336230581
2025-26,new,IND,SAC,0.0035317996500679144
2025-26,new,IND,SAS,0.006522360224445383
2025-26,new,IND,TOR,0.009934315238902612
2025-26,new,IND,UTA,0.016815732986092215
2025-26,new,IND,WAS,0.008241109825261259
2025-26,new,LAC,ATL,0.010368804123015787
2025-26,new,LAC,BKN,0.0019458797865700187
2025-26,new,LAC,BOS,0.006339439744177948
2025-26,new,LAC,CHA,0.015076286468476214
2025-26,new,LAC,CHI,0.13389321820591232
2025-26,new,LAC,CLE,0.00700969835518506
2025-26,new,LAC,DAL,0.002156330646941005
2025-26,new,LAC,DEN,0.0036335990951644314
2025-26,new,LAC,DET,0.010862338468111282
2025-26,new,LAC,GSW,0.06349597220703665
2025-26,new,LAC,HOU,0.0009684806189435565
2025-26,new,LAC,IND,0.0002204508050717856
2025-26,new,LAC,LAL,0.007832831168942794
2025-26,new,LAC,MEM,0.05705010772799142
2025-26,new,LAC,MIA,0.012374232804177385
2025-26,new,LAC,MIL,0.0047419182061627175
2025-26,new,LAC,MIN,0.01064951525932852
2025-26,new,LAC,NOP,0.0
2025-26,new,LAC,NYK,0.006683187856898915
2025-26,new,LAC,OKC,0.30815487652149687
2025-26,new,LAC,ORL,0.0
2025-26,new,LAC,PHI,0.01645571164053632
2025-26,new,LAC,PHX,0.0
2025-26,new,LAC,POR,0.23452280855910945
2025-26,new,LAC,SAC,1.9890360780319214e-06
2025-26,new,LAC,SAS,0.008833243530223564
2025-26,new,LAC,TOR,0.0066093251686698525
2025-26,new,LAC,UTA,0.0034291487052466657
2025-26,new,LAC,WAS,0.005080010812219778
2025-26,new,LAL,ATL,0.02740140092484894
2025-26,new,LAL,BKN,0.00013064255683624306
2025-26,new,LAL,BOS,0.01017672417300015
2025-26,new,LAL,CHA,0.042156798800318925
2025-26,new,LAL,CHI,0.0009049920454933847
2025-26,new,LAL,CLE,0.0038954741507768635
2025-26,new,LAL,DAL,0.002405383921159972
2025-26,new,LAL,DEN,0.026750791733376966
2025-26,new,LAL,DET,0.013047683116405848
2025-26,new,LAL,GSW,0.0026503822513831397
2025-26,new,LAL,HOU,0.0004830280244390577
2025-26,new,LAL,IND,0.00010383103393591314
2025-26,new,LAL,LAC,0.00021642624574365614
2025-26,new,LAL,MEM,0.0717265626638606
2025-26,new,LAL,MIA,0.014355895142340154
2025-26,new,LAL,MIL,0.0006128772164510308
2025-26,new,LAL,MIN,0.018561153297978937
2025-26,new,LAL,NOP,0.0
2025-26,new,LAL,NYK,0.029391971900637647
2025-26,new,LAL,OKC,0.016155940695704633
2025-26,new,LAL,ORL,0.0
2025-26,new,LAL,PHI,0.06385038670003426
2025-26,new,LAL,PHX,0.0
2025-26,new,LAL,POR,0.0015817388344159299
2025-26,new,LAL,SAC,0.0001249824245224255
2025-26,new,LAL,SAS,0.025717942046848574
2025-26,new,LAL,TOR,0.021773173145387584
2025-26,new,LAL,UTA,0.0013049569197705595
2025-26,new,LAL,WAS,0.0016136853698769525
2025-26,new,MEM,ATL,0.007198814684625493
2025-26,new,MEM,BKN,0.0002899718604185339
2025-26,new,MEM,BOS,0.0012435345106822406
2025-26,new,MEM,CHA,0.029073774887568828
2025-26,new,MEM,CHI,0.017335749743883345
2025-26,new,MEM,CLE,0.00011961207227331811
2025-26,new,MEM,DAL,6.209232589252019e-05
2025-26,new,MEM,DEN,0.007086815367854626
2025-26,new,MEM,DET,0.01402209059156654
2025-26,new,MEM,GSW,0.015014802262713525
2025-26,new,MEM,HOU,0.00011018319129702986
2025-26,new,MEM,IND,0.0010605024028536266
2025-26,new,MEM,LAC,0.0021999019694660523
2025-26,new,MEM,LAL,0.010291191443163934
2025-26,new,MEM,MIA,0.01535380112812051
2025-26,new,MEM,MIL,0.005066541044025458
2025-26,new,MEM,MIN,0.005288793197893217
2025-26,new,MEM,NOP,0.0
2025-26,new,MEM,NYK,0.010653279504903338
2025-26,new,MEM,OKC,0.07232187702320009
2025-26,new,MEM,ORL,0.0
2025-26,new,MEM,PHI,0.02813322103944533
2025-26,new,MEM,PHX,0.0
2025-26,new,MEM,POR,0.030002074706982157
2025-26,new,MEM,SAC,0.001318967263405509
2025-26,new,MEM,SAS,0.023994342755618632
2025-26,new,MEM,TOR,0.009940045203830523
2025-26,new,MEM,UTA,0.0065137393261578995
2025-26,new,MEM,WAS,0.008473329829947284
2025-26,new,MIA,ATL,0.014267510846738928
2025-26,new,MIA,BKN,2.835789421404681e-06
2025-26,new,MIA,BOS,0.004350215585356386
2025-26,new,MIA,CHA,0.08152444351219697
2025-26,new,MIA,CHI,0.0011518291078449505
2025-26,new,MIA,CLE,1.0775862229538375e-06
2025-26,new,MIA,DAL,3.936978816109956e-05
2025-26,new,MIA,DEN,0.011251630544390108
2025-26,new,MIA,DET,0.01821363139413859
2025-26,new,MIA,GSW,0.0011715852443729224
2025-26,new,MIA,HOU,7.273707004938403e-06
2025-26,new,MIA,IND,0.00124908234637054
2025-26,new,MIA,LAC,0.0026086868133580565
2025-26,new,MIA,LAL,0.006176822389155886
2025-26,new,MIA,MEM,0.10593372867701592
2025-26,new,MIA,MIL,0.005686422576204521
2025-26,new,MIA,MIN,0.013633890327062168
2025-26,new,MIA,NOP,0.0
2025-26,new,MIA,NYK,0.019864486340385186
2025-26,new,MIA,OKC,0.03623612291444535
2025-26,new,MIA,ORL,0.0
2025-26,new,MIA,PHI,0.06987883596111527
2025-26,new,MIA,PHX,0.0
2025-26,new,MIA,POR,0.0008453503251453165
2025-26,new,MIA,SAC,0.0013900891790549863
2025-26,new,MIA,SAS,0.06334671352397858
2025-26,new,MIA,TOR,0.051085890037940555
2025-26,new,MIA,UTA,0.00881223077442224
2025-26,new,MIA,WAS,0.01242376081344415
2025-26,new,MIL,ATL,0.07650026926804929
2025-26,new,MIL,BKN,0.0009991916433814208
2025-26,new,MIL,BOS,0.008104526016556111
2025-26,new,MIL,CHA,0.05195443256885992
2025-26,new,MIL,CHI,0.002565720691662132
2025-26,new,MIL,CLE,0.008031250004223063
2025-26,new,MIL,DAL,0.004126698251690459
2025-26,new,MIL,DEN,0.019361474957665357
2025-26,new,MIL,DET,0.021317079905781838
2025-26,new,MIL,GSW,0.0012492538862449792
2025-26,new,MIL,HOU,0.00047925647376265764
2025-26,new,MIL,IND,0.0003479598520469405
2025-26,new,MIL,LAC,0.0007266738738056522
2025-26,new,MIL,LAL,0.017879714215972665
2025-26,new,MIL,MEM,0.03345447260709802
2025-26,new,MIL,MIA,0.020674377383780477
2025-26,new,MIL,MIN,0.024902478744404325
2025-26,new,MIL,NOP,0.0
2025-26,new,MIL,NYK,0.018139277332124164
2025-26,new,MIL,OKC,0.04260309394850595
2025-26,new,MIL,ORL,0.0
2025-26,new,MIL,PHI,0.030209909572526956
2025-26,new,MIL,PHX,0.0
2025-26,new,MIL,POR,0.002966523377775591
2025-26,new,MIL,SAC,0.0033762347789675464
2025-26,new,MIL,SAS,0.07356438570768285
2025-26,new,MIL,TOR,0.025391253864204835
2025-26,new,MIL,UTA,0.01660856687281169
2025-26,new,MIL,WAS,0.0044892242158650715
2025-26,new,MIN,ATL,0.025350215427360726
2025-26,new,MIN,BKN,0.00012059747461552795
2025-26,new,MIN,BOS,0.009600215625290856
2025-26,new,MIN,CHA,0.04930166660546594
2025-26,new,MIN,CHI,0.0019201554157918061
2025-26,new,MIN,CLE,0.001985991402320436
2025-26,new,MIN,DAL,0.0002587324202917295
2025-26,new,MIN,DEN,0.028572345551883385
2025-26,new,MIN,DET,0.07446740333761635
2025-26,new,MIN,GSW,0.0034045210335697735
2025-26,new,MIN,HOU,0.0009700969977761973
2025-26,new,MIN,IND,4.0921777326730074e-08
2025-26,new,MIN,LAC,0.002926607394240462
2025-26,new,MIN,LAL,0.021733582423822274
2025-26,new,MIN,MEM,0.0803766165632586
2025-26,new,MIN,MIA,0.03460190056938857
2025-26,new,MIN,MIL,0.003489493557597221
2025-26,new,MIN,NOP,0.0
2025-26,new,MIN,NYK,0.021529769783030193
2025-26,new,MIN,OKC,0.06826504409531874
2025-26,new,MIN,ORL,0.0
2025-26,new,MIN,PHI,0.015393592541603824
2025-26,new,MIN,PHX,0.0
2025-26,new,MIN,POR,0.002503919756287391
2025-26,new,MIN,SAC,0.000659397440359392
2025-26,new,MIN,SAS,0.029712823858235732
2025-26,new,MIN,TOR,0.040792807194992405
2025-26,new,MIN,UTA,0.005476293196532362
2025-26,new,MIN,WAS,0.0016228448412108141
2025-26,new,NOP,ATL,0.03763820061973971
2025-26,new,NOP,BKN,0.005620437713564725
2025-26,new,NOP,BOS,0.00901508627049946
2025-26,new,NOP,CHA,0.015366657274161043
2025-26,new,NOP,CHI,0.023397761560702085
2025-26,new,NOP,CLE,0.0011056034421901507
2025-26,new,NOP,DAL,0.00024806721764842476
2025-26,new,NOP,DEN,0.013139212229558482
2025-26,new,NOP,DET,0.009028286756706777
2025-26,new,NOP,GSW,0.006488601959576444
2025-26,new,NOP,HOU,0.00016945043355949096
2025-26,new,NOP,IND,0.0029488910743259177
2025-26,new,NOP,LAC,0.006157329719619532
2025-26,new,NOP,LAL,0.012030625134782782
2025-26,new,NOP,MEM,0.017408135667310802
2025-26,new,NOP,MIA,0.009761434228868713
2025-26,new,NOP,MIL,0.005171874965589236
2025-26,new,NOP,MIN,0.008647090604464558
2025-26,new,NOP,NYK,0.016311424164260048
2025-26,new,NOP,OKC,0.06748623754843536
2025-26,new,NOP,ORL,0.0
2025-26,new,NOP,PHI,0.010649323900580404
2025-26,new,NOP,PHX,0.0
2025-26,new,NOP,POR,0.04014249255643332
2025-26,new,NOP,SAC,0.0010285522677197835
2025-26,new,NOP,SAS,0.006941271740140329
2025-26,new,NOP,TOR,0.008088772465458525
2025-26,new,NOP,UTA,0.015639547488977328
2025-26,new,NOP,WAS,0.014386314905252594
2025-26,new,NYK,ATL,0.051823545541947486
2025-26,new,NYK,BKN,0.00018999791356377654
2025-26,new,NYK,BOS,0.030841595276644262
2025-26,new,NYK,CHA,0.015674351407072615
2025-26,new,NYK,CHI,0.009591890405770692
2025-26,new,NYK,CLE,0.004272629360523845
2025-26,new,NYK,DAL,0.004095905167130945
2025-26,new,NYK,DEN,0.031571541543257337
2025-26,new,NYK,DET,0.02546336222046601
2025-26,new,NYK,GSW,0.013522157263233288
2025-26,new,NYK,HOU,0.00012957974331019896
2025-26,new,NYK,IND,0.0
2025-26,new,NYK,LAC,0.001350935012014816
2025-26,new,NYK,LAL,0.03598727708559134
2025-26,new,NYK,MEM,0.02183001090083994
2025-26,new,NYK,MIA,0.023267276112116146
2025-26,new,NYK,MIL,0.0006670258882664272
2025-26,new,NYK,MIN,0.011387392344406872
2025-26,new,NYK,NOP,0.0
2025-26,new,NYK,OKC,0.04314779145780527
2025-26,new,NYK,ORL,0.0
2025-26,new,NYK,PHI,0.06680236129731604
2025-26,new,NYK,PHX,0.0
2025-26,new,NYK,POR,0.016500907188912665
2025-26,new,NYK,SAC,0.00031264578503208297
2025-26,new,NYK,SAS,0.01731761876142439
2025-26,new,NYK,TOR,0.013510027528346687
2025-26,new,NYK,UTA,0.0009639008816508257
2025-26,new,NYK,WAS,0.001325969840520351
2025-26,new,OKC,ATL,0.04135695059235802
2025-26,new,OKC,BKN,0.0005940978709233978
2025-26,new,OKC,BOS,0.007789870800434389
2025-26,new,OKC,CHA,0.0270668089272818
2025-26,new,OKC,CHI,0.007662146031914994
2025-26,new,OKC,CLE,0.028492456880671067
2025-26,new,OKC,DAL,0.0669267241989969
2025-26,new,OKC,DEN,0.018050294161821825
2025-26,new,OKC,DET,0.010894127320899663
2025-26,new,OKC,GSW,0.0014753691977555966
2025-26,new,OKC,HOU,0.000257812504383639
2025-26,new,OKC,IND,3.917293526746076e-05
2025-26,new,OKC,LAC,8.170977959174512e-05
2025-26,new,OKC,LAL,0.01675377392493421
2025-26,new,OKC,MEM,0.03681250012252913
2025-26,new,OKC,MIA,0.011594056935204333
2025-26,new,OKC,MIL,0.00014978446849172228
2025-26,new,OKC,MIN,0.031181842731934136
2025-26,new,OKC,NOP,0.0
2025-26,new,OKC,NYK,0.03324730620392326
2025-26,new,OKC,ORL,0.0
2025-26,new,OKC,PHI,0.02854376817773425
2025-26,new,OKC,PHX,0.0
2025-26,new,OKC,POR,0.013821274334457736
2025-26,new,OKC,SAC,0.0009393552565748462
2025-26,new,OKC,SAS,0.010434267424902043
2025-26,new,OKC,TOR,0.013120836572911843
2025-26,new,OKC,UTA,0.0009544720123562126
2025-26,new,OKC,WAS,0.0003127694028381515
2025-26,new,ORL,ATL,0.04612392254741783
2025-26,new,ORL,BKN,0.004089803800123788
2025-26,new,ORL,BOS,0.010854255577909627
2025-26,new,ORL,CHA,0.123703109517472
2025-26,new,ORL,CHI,0.010180657223495376
2025-26,new,ORL,CLE,0.003215517235181197
2025-26,new,ORL,DAL,0.003863691594223979
2025-26,new,ORL,DEN,0.02490195998784838
2025-26,new,ORL,DET,0.040773168173979905
2025-26,new,ORL,GSW,0.01800890080192537
2025-26,new,ORL,HOU,0.0006977370799045431
2025-26,new,ORL,IND,0.001503152239938494
2025-26,new,ORL,LAC,0.003139126005221638
2025-26,new,ORL,LAL,0.019849946037066864
2025-26,new,ORL,MEM,0.5127287163326902
2025-26,new,ORL,MIA,0.15238984192239402
2025-26,new,ORL,MIL,0.01207974152826174
2025-26,new,ORL,MIN,0.03615167083746578
2025-26,new,ORL,NOP,0.0
2025-26,new,ORL,NYK,0.053444547816832014
2025-26,new,ORL,OKC,0.06889961388125977
2025-26,new,ORL,PHI,0.07693076835914828
2025-26,new,ORL,PHX,0.0
2025-26,new,ORL,POR,0.013597725216932189
2025-26,new,ORL,SAC,0.0016243105072965354
2025-26,new,ORL,SAS,0.15274407400330128
2025-26,new,ORL,TOR,0.07488730506885073
2025-26,new,ORL,UTA,0.009759967820618528
2025-26,new,ORL,WAS,0.008400862150412086
2025-26,new,PHI,ATL,0.039513739277628766
2025-26,new,PHI,BKN,0.003498396127824752
2025-26,new,PHI,BOS,0.009844557423328236
2025-26,new,PHI,CHA,0.09126761060790911
2025-26,new,PHI,CHI,0.0031190960409111517
2025-26,new,PHI,CLE,0.012822198284838089
2025-26,new,PHI,DAL,0.0038472118081783677
2025-26,new,PHI,DEN,0.014775945691650907
2025-26,new,PHI,DET,0.03508539914980466
2025-26,new,PHI,GSW,0.0039407510231345404
2025-26,new,PHI,HOU,0.00028475215995748496
2025-26,new,PHI,IND,0.0011936583441854904
2025-26,new,PHI,LAC,0.0024964569670071295
2025-26,new,PHI,LAL,0.016910227967620498
2025-26,new,PHI,MEM,0.06987042085594772
2025-26,new,PHI,MIA,0.09768710288535712
2025-26,new,PHI,MIL,0.009320042976218376
2025-26,new,PHI,MIN,0.016083243696484714
2025-26,new,PHI,NOP,0.0
2025-26,new,PHI,NYK,0.02658974734126944
2025-26,new,PHI,OKC,0.2822530530288011
2025-26,new,PHI,ORL,0.0
2025-26,new,PHI,PHX,0.0
2025-26,new,PHI,POR,0.0010443436930579987
2025-26,new,PHI,SAC,0.002134869005707503
2025-26,new,PHI,SAS,0.18399838421244882
2025-26,new,PHI,TOR,0.10567330611343441
2025-26,new,PHI,UTA,0.00917483839645966
2025-26,new,PHI,WAS,0.015426993718037605
2025-26,new,PHX,ATL,0.028647898977786978
2025-26,new,PHX,BKN,0.0016995174235998234
2025-26,new,PHX,BOS,0.005059267290916036
2025-26,new,PHX,CHA,0.2332433881971555
2025-26,new,PHX,CHI,0.025557557213171368
2025-26,new,PHX,CLE,0.015691810389338378
2025-26,new,PHX,DAL,0.004247239379852144
2025-26,new,PHX,DEN,0.05640118044380677
2025-26,new,PHX,DET,0.05965005386066785
2025-26,new,PHX,GSW,0.025912206448680586
2025-26,new,PHX,HOU,0.007129310465835292
2025-26,new,PHX,IND,0.0006159268785792005
2025-26,new,PHX,LAC,0.0041671938564901674
2025-26,new,PHX,LAL,0.05563979251621434
2025-26,new,PHX,MEM,0.19376697303243542
2025-26,new,PHX,MIA,0.023702197812981093
2025-26,new,PHX,MIL,0.0034789871930843218
2025-26,new,PHX,MIN,0.11293372993664576
2025-26,new,PHX,NOP,0.0
2025-26,new,PHX,NYK,0.026015093354227272
2025-26,new,PHX,OKC,0.06572876270700324
2025-26,new,PHX,ORL,0.0
2025-26,new,PHX,PHI,0.06114908779201332
2025-26,new,PHX,POR,0.02160193110215898
2025-26,new,PHX,SAC,0.0006566302101193523
2025-26,new,PHX,SAS,0.017900862205785628
2025-26,new,PHX,TOR,0.02956813439854562
2025-26,new,PHX,UTA,0.007036368608924339
2025-26,new,PHX,WAS,0.012577316888993413
2025-26,new,POR,ATL,0.0008653017306893036
2025-26,new,POR,BKN,1.435188192313662e-07
2025-26,new,POR,BOS,0.0006325431225885605
2025-26,new,POR,CHA,0.02798626623969194
2025-26,new,POR,CHI,0.023884212458987312
2025-26,new,POR,CLE,2.5862069350892095e-05
2025-26,new,POR,DAL,2.75885526063011e-05
2025-26,new,POR,DEN,0.005150663697914469
2025-26,new,POR,DET,0.0058011853754127
2025-26,new,POR,GSW,0.0014155587065475816
2025-26,new,POR,HOU,0.0005299030262214163
2025-26,new,POR,IND,0.00011078173404565279
2025-26,new,POR,LAC,0.00023046413229915988
2025-26,new,POR,LAL,0.005847311913654453
2025-26,new,POR,MEM,0.017720905132150147
2025-26,new,POR,MIA,0.0012446319651400627
2025-26,new,POR,MIL,0.00013873923003898358
2025-26,new,POR,MIN,0.014137123008057919
2025-26,new,POR,NOP,0.0
2025-26,new,POR,NYK,0.003992995701224447
2025-26,new,POR,OKC,0.004245433867974464
2025-26,new,POR,ORL,0.0
2025-26,new,POR,PHI,0.002263761520518268
2025-26,new,POR,PHX,0.0
2025-26,new,POR,SAC,0.0022185379200367035
2025-26,new,POR,SAS,0.0001061422441050346
2025-26,new,POR,TOR,0.002574376801330711
2025-26,new,POR,UTA,0.005487607836458382
2025-26,new,POR,WAS,0.0033685345035487906
2025-26,new,SAC,ATL,0.01055441825746976
2025-26,new,SAC,BKN,0.01849087165836549
2025-26,new,SAC,BOS,0.0056290401384015655
2025-26,new,SAC,CHA,0.06411009908639499
2025-26,new,SAC,CHI,0.010496586847402973
2025-26,new,SAC,CLE,0.015913793180009413
2025-26,new,SAC,DAL,0.004828155617245823
2025-26,new,SAC,DEN,0.011079847209103308
2025-26,new,SAC,DET,0.008997306157152392
2025-26,new,SAC,GSW,0.009405594675600617
2025-26,new,SAC,HOU,0.0004242995752880735
2025-26,new,SAC,IND,0.005241107682754928
2025-26,new,SAC,LAC,0.01048238832194862
2025-26,new,SAC,LAL,0.01436077541333177
2025-26,new,SAC,MEM,0.11693130337731543
2025-26,new,SAC,MIA,0.06454176744369605
2025-26,new,SAC,MIL,0.004017241520783059
2025-26,new,SAC,MIN,0.017509159768112646
2025-26,new,SAC,NOP,0.0
2025-26,new,SAC,NYK,0.037604697968111805
2025-26,new,SAC,OKC,0.07837707360917413
2025-26,new,SAC,ORL,0.0
2025-26,new,SAC,PHI,0.05460780164938067
2025-26,new,SAC,PHX,0.0
2025-26,new,SAC,POR,0.01670300133771675
2025-26,new,SAC,SAS,0.10361610961030236
2025-26,new,SAC,TOR,0.04024911021610863
2025-26,new,SAC,UTA,0.0385662717361541
2025-26,new,SAC,WAS,0.048773976799325436
2025-26,new,SAS,ATL,0.015416217923188454
2025-26,new,SAS,BKN,0.002543511892143788
2025-26,new,SAS,BOS,0.015061422555049043
2025-26,new,SAS,CHA,0.0639412501479891
2025-26,new,SAS,CHI,0.010598290642401451
2025-26,new,SAS,CLE,0.10791163813427156
2025-26,new,SAS,DAL,0.03153974457099795
2025-26,new,SAS,DEN,0.014281874052110823
2025-26,new,SAS,DET,0.015184536820181227
2025-26,new,SAS,GSW,0.012243825262825348
2025-26,new,SAS,HOU,0.0024903017699172527
2025-26,new,SAS,IND,0.00044710126404009414
2025-26,new,SAS,LAC,0.00191457294218108
2025-26,new,SAS,LAL,0.018404473362037422
2025-26,new,SAS,MEM,0.05175646605253108
2025-26,new,SAS,MIA,0.022043809135406114
2025-26,new,SAS,MIL,0.0008100755021963588
2025-26,new,SAS,MIN,0.056390356105362895
2025-26,new,SAS,NOP,0.0
2025-26,new,SAS,NYK,0.01148585546852324
2025-26,new,SAS,OKC,0.06158847972162902
2025-26,new,SAS,ORL,0.0
2025-26,new,SAS,PHI,0.0212858527741473
2025-26,new,SAS,PHX,0.0
2025-26,new,SAS,POR,0.01852608147108618
2025-26,new,SAS,SAC,0.0002578827344762329
2025-26,new,SAS,TOR,0.01737538608458252
2025-26,new,SAS,UTA,0.004827855647549613
2025-26,new,SAS,WAS,0.006745959095484255
2025-26,new,TOR,ATL,0.016653017120532177
2025-26,new,TOR,BKN,0.0
2025-26,new,TOR,BOS,0.008691136490597273
2025-26,new,TOR,CHA,0.03650673513836805
2025-26,new,TOR,CHI,0.000954888952753879
2025-26,new,TOR,CLE,0.010604525873164551
2025-26,new,TOR,DAL,0.002743534481650668
2025-26,new,TOR,DEN,0.009792887272214387
2025-26,new,TOR,DET,0.025016433421586607
2025-26,new,TOR,GSW,0.0029420359270518697
2025-26,new,TOR,HOU,2.2629310682030588e-05
2025-26,new,TOR,IND,0.0
2025-26,new,TOR,LAC,0.0
2025-26,new,TOR,LAL,0.011868319684458426
2025-26,new,TOR,MEM,0.037441541201410945
2025-26,new,TOR,MIA,0.023456120529027114
2025-26,new,TOR,MIL,0.0005783943849784354
2025-26,new,TOR,MIN,0.012681573383321439
2025-26,new,TOR,NOP,0.0
2025-26,new,TOR,NYK,0.008183724912649206
2025-26,new,TOR,OKC,0.04845850859742283
2025-26,new,TOR,ORL,0.0
2025-26,new,TOR,PHI,0.020854159493543384
2025-26,new,TOR,PHX,0.0
2025-26,new,TOR,POR,0.00016083487153333283
2025-26,new,TOR,SAC,0.0
2025-26,new,TOR,SAS,0.023097790855039223
2025-26,new,TOR,UTA,0.00012392241574004934
2025-26,new,TOR,WAS,0.00011179956964795193
2025-26,new,UTA,ATL,0.01626104526522826
2025-26,new,UTA,BKN,0.005762808053904461
2025-26,new,UTA,BOS,0.0032920259204371988
2025-26,new,UTA,CHA,0.03224788084140092
2025-26,new,UTA,CHI,0.008166808685183253
2025-26,new,UTA,CLE,0.0008157327747100899
2025-26,new,UTA,DAL,7.312682874883113e-05
2025-26,new,UTA,DEN,0.012294108208156858
2025-26,new,UTA,DET,0.010721713575265567
2025-26,new,UTA,GSW,0.003604758004129447
2025-26,new,UTA,HOU,0.0003798491435912278
2025-26,new,UTA,IND,0.002419078599811944
2025-26,new,UTA,LAC,0.005050811354162662
2025-26,new,UTA,LAL,0.012514145821759748
2025-26,new,UTA,MEM,0.021345097055730955
2025-26,new,UTA,MIA,0.015207692214908409
2025-26,new,UTA,MIL,0.0008165409702382148
2025-26,new,UTA,MIN,0.006346982891093297
2025-26,new,UTA,NOP,0.0
2025-26,new,UTA,NYK,0.037364224066881564
2025-26,new,UTA,OKC,0.12691296120975482
2025-26,new,UTA,ORL,0.0
2025-26,new,UTA,PHI,0.05998038501617602
2025-26,new,UTA,PHX,0.0
2025-26,new,UTA,POR,0.01417691940398514
2025-26,new,UTA,SAC,0.0039689883275956335
2025-26,new,UTA,SAS,0.017585398669370676
2025-26,new,UTA,TOR,0.01682255294257027
2025-26,new,UTA,WAS,0.01408459078313799
2025-26,new,WAS,ATL,0.013662176845567144
2025-26,new,WAS,BKN,0.007836231444270928
2025-26,new,WAS,BOS,0.007294181116358858
2025-26,new,WAS,CHA,0.010496626240908184
2025-26,new,WAS,CHI,0.0018877596216542614
2025-26,new,WAS,CLE,0.009390086152847726
2025-26,new,WAS,DAL,0.00534317104884206
2025-26,new,WAS,DEN,0.00847614148677058
2025-26,new,WAS,DET,0.008407327676782032
2025-26,new,WAS,GSW,0.0005401645551694991
2025-26,new,WAS,HOU,5.89978457067226e-05
2025-26,new,WAS,IND,0.003226159622575957
2025-26,new,WAS,LAC,0.012132762232984838
2025-26,new,WAS,LAL,0.00837849602884409
2025-26,new,WAS,MEM,0.07592834036917717
2025-26,new,WAS,MIA,0.021355973216698916
2025-26,new,WAS,MIL,0.0050824353786121145
2025-26,new,WAS,MIN,0.017887392414007174
2025-26,new,WAS,NOP,0.0
2025-26,new,WAS,NYK,0.15989816829437742
2025-26,new,WAS,OKC,0.03522804748201708
2025-26,new,WAS,ORL,0.0
2025-26,new,WAS,PHI,0.04542324380553824
2025-26,new,WAS,PHX,0.0
2025-26,new,WAS,POR,0.0014585695151974427
2025-26,new,WAS,SAC,0.007060972334301776
2025-26,new,WAS,SAS,0.023554687660552784
2025-26,new,WAS,TOR,0.0134156655718768
2025-26,new,WAS,UTA,0.025542295685555813
2025-26,old,ATL,BKN,0.0014539591752043984
2025-26,old,ATL,BOS,0.0003674569038738465
2025-26,old,ATL,CHA,0.06858504589555763
2025-26,old,ATL,CHI,0.014938405757991024
2025-26,old,ATL,CLE,0.0
2025-26,old,ATL,DAL,0.0022142000465553684
2025-26,old,ATL,DEN,0.004581381504056524
2025-26,old,ATL,DET,0.007047952776413475
2025-26,old,ATL,GSW,0.006125203788849911
2025-26,old,ATL,HOU,0.0
2025-26,old,ATL,IND,0.005751354636994668
2025-26,old,ATL,LAC,0.0033468576020201043
2025-26,old,ATL,LAL,0.0039832274768138755
2025-26,old,ATL,MEM,0.03694181032109492
2025-26,old,ATL,MIA,0.026700843022655574
2025-26,old,ATL,MIL,0.009860452578688075
2025-26,old,ATL,MIN,0.012122036798090416
2025-26,old,ATL,NOP,0.0
2025-26,old,ATL,NYK,0.0014762359309041574
2025-26,old,ATL,OKC,0.10042173055669525
2025-26,old,ATL,ORL,0.0
2025-26,old,ATL,PHI,0.008877423490249167
2025-26,old,ATL,PHX,0.0
2025-26,old,ATL,POR,0.017020915399669684
2025-26,old,ATL,SAC,0.004206557972109477
2025-26,old,ATL,SAS,0.29455280256670385
2025-26,old,ATL,TOR,0.03624313804789786
2025-26,old,ATL,UTA,0.012442618395916408
2025-26,old,ATL,WAS,0.0048564114783296395
2025-26,old,BKN,ATL,0.031660830113466765
2025-26,old,BKN,BOS,0.004497844882325496
2025-26,old,BKN,CHA,0.0406893201810923
2025-26,old,BKN,CHI,0.024055523400352285
2025-26,old,BKN,CLE,0.005933189690193354
2025-26,old,BKN,DAL,0.008274958288205963
2025-26,old,BKN,DEN,0.006969244252528635
2025-26,old,BKN,DET,0.006505657501522741
2025-26,old,BKN,GSW,0.015224075858331538
2025-26,old,BKN,HOU,0.0
2025-26,old,BKN,IND,0.019324044837873238
2025-26,old,BKN,LAC,0.010337807206802187
2025-26,old,BKN,LAL,0.005124135453334746
2025-26,old,BKN,MEM,0.019393318643420136
2025-26,old,BKN,MIA,0.009333772341939557
2025-26,old,BKN,MIL,0.008776400642377197
2025-26,old,BKN,MIN,0.013274245744587144
2025-26,old,BKN,NOP,0.0
2025-26,old,BKN,NYK,0.008779928469597869
2025-26,old,BKN,OKC,0.05540028133793475
2025-26,old,BKN,ORL,0.0
2025-26,old,BKN,PHI,0.014504809068558333
2025-26,old,BKN,PHX,0.0
2025-26,old,BKN,POR,0.008939224639356754
2025-26,old,BKN,SAC,0.016408348255897622
2025-26,old,BKN,SAS,0.09412284499333351
2025-26,old,BKN,TOR,0.023695262388499047
2025-26,old,BKN,UTA,0.024919181465781447
2025-26,old,BKN,WAS,0.015167833784382365
2025-26,old,BOS,ATL,0.024269396656951547
2025-26,old,BOS,BKN,0.0012386487146422512
2025-26,old,BOS,CHA,0.02886076534652686
2025-26,old,BOS,CHI,0.018501005394946493
2025-26,old,BOS,CLE,0.01459159489833461
2025-26,old,BOS,DAL,0.008521033410055815
2025-26,old,BOS,DEN,0.013329838481547188
2025-26,old,BOS,DET,0.020263200695867296
2025-26,old,BOS,GSW,0.002676798563904873
2025-26,old,BOS,HOU,8.836207080407647e-05
2025-26,old,BOS,IND,0.002124114198013687
2025-26,old,BOS,LAC,0.0012886334305905916
2025-26,old,BOS,LAL,0.01573303196509594
2025-26,old,BOS,MEM,0.03683054950698439
2025-26,old,BOS,MIA,0.015032922602884812
2025-26,old,BOS,MIL,0.0008965517438201492
2025-26,old,BOS,MIN,0.019567888146326557
2025-26,old,BOS,NOP,0.0
2025-26,old,BOS,NYK,0.028069785019804866
2025-26,old,BOS,OKC,0.02829755903477394
2025-26,old,BOS,ORL,0.0
2025-26,old,BOS,PHI,0.02060699603164619
2025-26,old,BOS,PHX,0.0
2025-26,old,BOS,POR,0.01795478924464098
2025-26,old,BOS,SAC,0.0024000694611109614
2025-26,old,BOS,SAS,0.010717403116848736
2025-26,old,BOS,TOR,0.01965073314928336
2025-26,old,BOS,UTA,0.0027941810709207534
2025-26,old,BOS,WAS,0.0016320042514266317
2025-26,old,CHA,ATL,0.01628367478387222
2025-26,old,CHA,BKN,0.004589779149694995
2025-26,old,CHA,BOS,0.00924353458075624
2025-26,old,CHA,CHI,0.010419274800638027
2025-26,old,CHA,CLE,0.009134698273806734
2025-26,old,CHA,DAL,0.0075617352750167125
2025-26,old,CHA,DEN,0.010467171223008881
2025-26,old,CHA,DET,0.009757273865980097
2025-26,old,CHA,GSW,0.014833947983943017
2025-26,old,CHA,HOU,6.600215615592255e-05
2025-26,old,CHA,IND,0.005580199270428074
2025-26,old,CHA,LAC,0.006072196567331648
2025-26,old,CHA,LAL,0.011476428619465861
2025-26,old,CHA,MEM,0.0732341055608764
2025-26,old,CHA,MIA,0.04660708557149582
2025-26,old,CHA,MIL,0.015436691914861703
2025-26,old,CHA,MIN,0.013258082036667599
2025-26,old,CHA,NOP,0.0
2025-26,old,CHA,NYK,0.013744343339382532
2025-26,old,CHA,OKC,0.11834848149163449
2025-26,old,CHA,ORL,0.0
2025-26,old,CHA,PHI,0.040304929297749634
2025-26,old,CHA,PHX,0.0
2025-26,old,CHA,POR,0.022944348760230212
2025-26,old,CHA,SAC,0.002180282016827831
2025-26,old,CHA,SAS,0.04051293069151519
2025-26,old,CHA,TOR,0.03811021753081824
2025-26,old,CHA,UTA,0.01594908403423374
2025-26,old,CHA,WAS,0.003133620891643782
2025-26,old,CHI,ATL,0.05016945062068708
2025-26,old,CHI,BKN,0.0008071035219381571
2025-26,old,CHI,BOS,0.00863254324428673
2025-26,old,CHI,CHA,0.03242837472227986
2025-26,old,CHI,CLE,0.006383620708988145
2025-26,old,CHI,DAL,0.02457483295311591
2025-26,old,CHI,DEN,0.028807196242486593
2025-26,old,CHI,DET,0.018088092783401753
2025-26,old,CHI,GSW,0.005112719187592238
2025-26,old,CHI,HOU,3.7446121247645855e-05
2025-26,old,CHI,IND,0.00010145695730826234
2025-26,old,CHI,LAC,0.0018037640038331105
2025-26,old,CHI,LAL,0.020473619951968128
2025-26,old,CHI,MEM,0.022625539143136218
2025-26,old,CHI,MIA,0.007208694911612471
2025-26,old,CHI,MIL,0.038174030363443294
2025-26,old,CHI,MIN,0.024833782562355772
2025-26,old,CHI,NOP,0.0
2025-26,old,CHI,NYK,0.009593917064315614
2025-26,old,CHI,OKC,0.01711241899071531
2025-26,old,CHI,ORL,0.0
2025-26,old,CHI,PHI,0.02300203057409554
2025-26,old,CHI,PHX,0.0
2025-26,old,CHI,POR,0.006532234838797381
2025-26,old,CHI,SAC,0.00038349170813222367
2025-26,old,CHI,SAS,0.007542295290783433
2025-26,old,CHI,TOR,0.00744358809424735
2025-26,old,CHI,UTA,0.007866379452913455
2025-26,old,CHI,WAS,0.000963900883778416
2025-26,old,CLE,ATL,0.2442793648931045
2025-26,old,CLE,BKN,2.3873215526416705e-06
2025-26,old,CLE,BOS,0.025390086643526266
2025-26,old,CLE,CHA,0.023250818216466348
2025-26,old,CLE,CHI,0.010102435384897968
2025-26,old,CLE,DAL,0.021105135277699694
2025-26,old,CLE,DEN,0.039431512457977505
2025-26,old,CLE,DET,0.028959321301823868
2025-26,old,CLE,GSW,0.005515034774868806
2025-26,old,CLE,HOU,0.0
2025-26,old,CLE,IND,0.00405109684713114
2025-26,old,CLE,LAC,0.002509775781556637
2025-26,old,CLE,LAL,0.03349919368032289
2025-26,old,CLE,MEM,0.03912661635126228
2025-26,old,CLE,MIA,0.016119652808407776
2025-26,old,CLE,MIL,0.006737876742283392
2025-26,old,CLE,MIN,0.022707704851094725
2025-26,old,CLE,NOP,0.0
2025-26,old,CLE,NYK,0.041282735869767995
2025-26,old,CLE,OKC,0.03936419062015388
2025-26,old,CLE,ORL,0.0
2025-26,old,CLE,PHI,0.03853084523856708
2025-26,old,CLE,PHX,0.0
2025-26,old,CLE,POR,0.005414631541889299
2025-26,old,CLE,SAC,0.0006382239982036678
2025-26,old,CLE,SAS,0.01897386841221054
2025-26,old,CLE,TOR,0.015401690499987634
2025-26,old,CLE,UTA,0.004814385861150342
2025-26,old,CLE,WAS,0.0013968210751471777
2025-26,old,DAL,ATL,0.031795528314622325
2025-26,old,DAL,BKN,0.002249959760473239
2025-26,old,DAL,BOS,8.620689783630695e-06
2025-26,old,DAL,CHA,0.005254553457370494
2025-26,old,DAL,CHI,0.07429678645328376
2025-26,old,DAL,CLE,0.0
2025-26,old,DAL,DEN,0.0005390561027655966
2025-26,old,DAL,DET,0.0004886853534744347
2025-26,old,DAL,GSW,0.008877437628255215
2025-26,old,DAL,HOU,0.0
2025-26,old,DAL,IND,0.0010018994218906885
2025-26,old,DAL,LAC,0.012568562279081
2025-26,old,DAL,LAL,0.0006986864557228198
2025-26,old,DAL,MEM,0.07679175613371753
2025-26,old,DAL,MIA,0.02715902333572935
2025-26,old,DAL,MIL,0.009482489267749517
2025-26,old,DAL,MIN,0.000741918114905149
2025-26,old,DAL,NOP,0.0
2025-26,old,DAL,NYK,0.00289951405762923
2025-26,old,DAL,OKC,0.062404639510038745
2025-26,old,DAL,ORL,0.0
2025-26,old,DAL,PHI,0.0034741668365288886
2025-26,old,DAL,PHX,0.0
2025-26,old,DAL,POR,0.09598218864204397
2025-26,old,DAL,SAC,0.0016921562336119937
2025-26,old,DAL,SAS,0.011824892002603457
2025-26,old,DAL,TOR,0.007091612282003486
2025-26,old,DAL,UTA,0.019961207165394845
2025-26,old,DAL,WAS,0.0028499461179559036
2025-26,old,DEN,ATL,0.030695043301996617
2025-26,old,DEN,BKN,0.0009637227667459987
2025-26,old,DEN,BOS,0.011295258850180382
2025-26,old,DEN,CHA,0.03826972571589966
2025-26,old,DEN,CHI,0.01833536063360278
2025-26,old,DEN,CLE,0.019489224186680955
2025-26,old,DEN,DAL,0.02083978655817111
2025-26,old,DEN,DET,0.031758620607132776
2025-26,old,DEN,GSW,0.008263470687947062
2025-26,old,DEN,HOU,0.00015355603677092184
2025-26,old,DEN,IND,0.002368615913969597
2025-26,old,DEN,LAC,0.001448485968471768
2025-26,old,DEN,LAL,0.03527982075677389
2025-26,old,DEN,MEM,0.02148114245439125
2025-26,old,DEN,MIA,0.016041320957377016
2025-26,old,DEN,MIL,0.0020323276346557425
2025-26,old,DEN,MIN,0.011054957004219837
2025-26,old,DEN,NOP,0.0
2025-26,old,DEN,NYK,0.02708463682120847
2025-26,old,DEN,OKC,0.07672304174297162
2025-26,old,DEN,ORL,0.0
2025-26,old,DEN,PHI,0.028546725952933744
2025-26,old,DEN,PHX,0.0
2025-26,old,DEN,POR,0.029045589812508557
2025-26,old,DEN,SAC,0.0010340660563585833
2025-26,old,DEN,SAS,0.014986530164084078
2025-26,old,DEN,TOR,0.020103018343464424
2025-26,old,DEN,UTA,5.980603445064405e-05
2025-26,old,DEN,WAS,0.0024445043087752286
2025-26,old,DET,ATL,0.06312122883307265
2025-26,old,DET,BKN,0.002212745145810259
2025-26,old,DET,BOS,0.022556034843357085
2025-26,old,DET,CHA,0.013880117156241377
2025-26,old,DET,CHI,0.0009409969368324257
2025-26,old,DET,CLE,0.044828663785412
2025-26,old,DET,DAL,0.03661143999681676
2025-26,old,DET,DEN,0.01843340614682558
2025-26,old,DET,GSW,0.0021294786769192144
2025-26,old,DET,HOU,7.004310449199944e-06
2025-26,old,DET,IND,0.0021875016783025414
2025-26,old,DET,LAC,0.0025916437598496075
2025-26,old,DET,LAL,0.01119969392801911
2025-26,old,DET,MEM,0.011521282446097006
2025-26,old,DET,MIA,0.004564435030876039
2025-26,old,DET,MIL,0.0040985991769662946
2025-26,old,DET,MIN,0.0957871770267455
2025-26,old,DET,NOP,0.0
2025-26,old,DET,NYK,0.015966777514253443
2025-26,old,DET,OKC,0.026639235110714952
2025-26,old,DET,ORL,0.0
2025-26,old,DET,PHI,0.01984396541929072
2025-26,old,DET,PHX,0.0
2025-26,old,DET,POR,0.0020773531819896786
2025-26,old,DET,SAC,0.0029600425773565055
2025-26,old,DET,SAS,0.00889601289397025
2025-26,old,DET,TOR,0.009800230309297492
2025-26,old,DET,UTA,0.003975484975160035
2025-26,old,DET,WAS,0.0016802262382357024
2025-26,old,GSW,ATL,0.013794719991615398
2025-26,old,GSW,BKN,0.004523716307193493
2025-26,old,GSW,BOS,0.0059439656229946635
2025-26,old,GSW,CHA,0.02883256770537231
2025-26,old,GSW,CHI,0.07343960998353127
2025-26,old,GSW,CLE,0.007007543131275552
2025-26,old,GSW,DAL,0.014263723047694883
2025-26,old,GSW,DEN,0.006975132084909855
2025-26,old,GSW,DET,0.01306788808090115
2025-26,old,GSW,HOU,6.169181126410719e-05
2025-26,old,GSW,IND,0.0028857434753874144
2025-26,old,GSW,LAC,0.0025559352274741754
2025-26,old,GSW,LAL,0.009553644528600044
2025-26,old,GSW,MEM,0.019199892179036903
2025-26,old,GSW,MIA,0.018944845250181343
2025-26,old,GSW,MIL,0.00502855604291685
2025-26,old,GSW,MIN,0.011046605659708993
2025-26,old,GSW,NOP,0.0
2025-26,old,GSW,NYK,0.012288264835153436
2025-26,old,GSW,OKC,0.07974464025285703
2025-26,old,GSW,ORL,0.0
2025-26,old,GSW,PHI,0.03570049261903132
2025-26,old,GSW,PHX,0.0
2025-26,old,GSW,POR,0.10598773718075073
2025-26,old,GSW,SAC,0.002001622452873047
2025-26,old,GSW,SAS,0.05346928904561631
2025-26,old,GSW,TOR,0.011315968152030302
2025-26,old,GSW,UTA,0.013638739346964123
2025-26,old,GSW,WAS,0.0018310883239810833
2025-26,old,HOU,ATL,0.04132704772661312
2025-26,old,HOU,BKN,0.0044034625292587535
2025-26,old,HOU,BOS,0.016495689883314332
2025-26,old,HOU,CHA,0.030139645369261885
2025-26,old,HOU,CHI,0.013267146975409054
2025-26,old,HOU,CLE,0.004316810430589551
2025-26,old,HOU,DAL,0.0031993100959699368
2025-26,old,HOU,DEN,0.0398179602422504
2025-26,old,HOU,DET,0.02849784498809484
2025-26,old,HOU,GSW,0.0021371847897336733
2025-26,old,HOU,IND,0.00883370443045973
2025-26,old,HOU,LAC,0.0047191958253138796
2025-26,old,HOU,LAL,0.0280935962028406
2025-26,old,HOU,MEM,0.022605603791769308
2025-26,old,HOU,MIA,0.008844543520463318
2025-26,old,HOU,MIL,0.006126077662860364
2025-26,old,HOU,MIN,0.007629041090639758
2025-26,old,HOU,NOP,0.0
2025-26,old,HOU,NYK,0.033738415989165244
2025-26,old,HOU,OKC,0.04816232213502428
2025-26,old,HOU,ORL,0.0
2025-26,old,HOU,PHI,0.28603839817231
2025-26,old,HOU,PHX,0.0
2025-26,old,HOU,POR,0.017815264525821127
2025-26,old,HOU,SAC,0.005740927331832783
2025-26,old,HOU,SAS,0.018104256362120368
2025-26,old,HOU,TOR,0.017473807689231985
2025-26,old,HOU,UTA,0.0033709590250610134
2025-26,old,HOU,WAS,0.0042020475490275625
2025-26,old,IND,ATL,0.006819235073896286
2025-26,old,IND,BKN,0.0063820284581685835
2025-26,old,IND,BOS,0.004269396670098449
2025-26,old,IND,CHA,0.019317063594011658
2025-26,old,IND,CHI,0.004062004963132264
2025-26,old,IND,CLE,0.006337284520188154
2025-26,old,IND,DAL,0.003669456518458778
2025-26,old,IND,DEN,0.007459319258498823
2025-26,old,IND,DET,0.009696120905412907
2025-26,old,IND,GSW,0.0006186817852172767
2025-26,old,IND,HOU,4.5797414475538094e-05
2025-26,old,IND,LAC,0.030909266057770484
2025-26,old,IND,LAL,0.009205205870215753
2025-26,old,IND,MEM,0.02721039884721715
2025-26,old,IND,MIA,0.012320414467536282
2025-26,old,IND,MIL,0.00010344825797425268
2025-26,old,IND,MIN,0.014224676835422953
2025-26,old,IND,NOP,0.0
2025-26,old,IND,NYK,0.004588091810971498
2025-26,old,IND,OKC,0.019852900328643477
2025-26,old,IND,ORL,0.0
2025-26,old,IND,PHI,0.0075885336731944635
2025-26,old,IND,PHX,0.0
2025-26,old,IND,POR,0.0035838641363736146
2025-26,old,IND,SAC,0.004857558184894853
2025-26,old,IND,SAS,0.006371228812736107
2025-26,old,IND,TOR,0.007410000275640111
2025-26,old,IND,UTA,0.010910291208259374
2025-26,old,IND,WAS,0.006845097042808848
2025-26,old,LAC,ATL,0.027233566931842285
2025-26,old,LAC,BKN,0.001725259432396644
2025-26,old,LAC,BOS,0.006323275956132544
2025-26,old,LAC,CHA,0.02786477826377722
2025-26,old,LAC,CHI,0.15333388898429562
2025-26,old,LAC,CLE,0.00700969835518506
2025-26,old,LAC,DAL,0.007325039308066316
2025-26,old,LAC,DEN,0.0029298670261271417
2025-26,old,LAC,DET,0.011337015179812848
2025-26,old,LAC,GSW,0.030122761690604752
2025-26,old,LAC,HOU,0.00016217672655455257
2025-26,old,LAC,IND,0.0005022502098456296
2025-26,old,LAC,LAL,0.006339685231537056
2025-26,old,LAC,MEM,0.052601293964905614
2025-26,old,LAC,MIA,0.019885116526701142
2025-26,old,LAC,MIL,0.00770420273099544
2025-26,old,LAC,MIN,0.0071136853760830916
2025-26,old,LAC,NOP,0.0
2025-26,old,LAC,NYK,0.0036271544108800826
2025-26,old,LAC,OKC,0.23816041701810692
2025-26,old,LAC,ORL,0.0
2025-26,old,LAC,PHI,0.010641962095060003
2025-26,old,LAC,PHX,0.0
2025-26,old,LAC,POR,0.19593047859977072
2025-26,old,LAC,SAC,0.00030905391517465985
2025-26,old,LAC,SAS,0.015149784312896626
2025-26,old,LAC,TOR,0.010387567129041325
2025-26,old,LAC,UTA,0.010762661675790102
2025-26,old,LAC,WAS,0.00132516159435156
2025-26,old,LAL,ATL,0.03321767225885636
2025-26,old,LAL,BKN,0.00045831130685268994
2025-26,old,LAL,BOS,0.010182112104034632
2025-26,old,LAL,CHA,0.03202309155961704
2025-26,old,LAL,CHI,0.0018726830668471355
2025-26,old,LAL,CLE,0.0038954741507768635
2025-26,old,LAL,DAL,0.005144954725987123
2025-26,old,LAL,DEN,0.025538893511981547
2025-26,old,LAL,DET,0.014248383684617724
2025-26,old,LAL,GSW,0.0022905043147524863
2025-26,old,LAL,HOU,5.926724226246107e-05
2025-26,old,LAL,IND,0.0011905454090926969
2025-26,old,LAL,LAC,0.0007349819714604019
2025-26,old,LAL,MEM,0.03300889031459771
2025-26,old,LAL,MIA,0.010241026622479919
2025-26,old,LAL,MIL,0.005339708951851832
2025-26,old,LAL,MIN,0.013723599389817659
2025-26,old,LAL,NOP,0.0
2025-26,old,LAL,NYK,0.030962823037085595
2025-26,old,LAL,OKC,0.020282349894390452
2025-26,old,LAL,ORL,0.0
2025-26,old,LAL,PHI,0.05409217368618167
2025-26,old,LAL,PHX,0.0
2025-26,old,LAL,POR,0.0026073158288942855
2025-26,old,LAL,SAC,0.0005625648727894829
2025-26,old,LAL,SAS,0.013454471935823172
2025-26,old,LAL,TOR,0.017124680802828092
2025-26,old,LAL,UTA,0.004161099151302739
2025-26,old,LAL,WAS,0.0016492457189677479
2025-26,old,MEM,ATL,0.02071928885335842
2025-26,old,MEM,BKN,0.0018815700454686756
2025-26,old,MEM,BOS,0.0012446120969051943
2025-26,old,MEM,CHA,0.0266607693374906
2025-26,old,MEM,CHI,0.03973457707350005
2025-26,old,MEM,CLE,0.00011961207227331811
2025-26,old,MEM,DAL,0.02923469591048776
2025-26,old,MEM,DEN,0.005812570174330916
2025-26,old,MEM,DET,0.014907327676372574
2025-26,old,MEM,GSW,0.010131178111024968
2025-26,old,MEM,HOU,3.7446121247645855e-05
2025-26,old,MEM,IND,0.0031556401080334393
2025-26,old,MEM,LAC,0.0011592366166165212
2025-26,old,MEM,LAL,0.0068009574532666905
2025-26,old,MEM,MIA,0.013170132415063703
2025-26,old,MEM,MIL,0.01617106721310972
2025-26,old,MEM,MIN,0.004692887999137446
2025-26,old,MEM,NOP,0.0
2025-26,old,MEM,NYK,0.006603987776552588
2025-26,old,MEM,OKC,0.0773880214614215
2025-26,old,MEM,ORL,0.0
2025-26,old,MEM,PHI,0.008449447218925482
2025-26,old,MEM,PHX,0.0
2025-26,old,MEM,POR,0.03211274905923755
2025-26,old,MEM,SAC,0.0021148911636607167
2025-26,old,MEM,SAS,0.017883081550003378
2025-26,old,MEM,TOR,0.008977823328687885
2025-26,old,MEM,UTA,0.025809806460466492
2025-26,old,MEM,WAS,0.00374757533716359
2025-26,old,MIA,ATL,0.014099407450432474
2025-26,old,MIA,BKN,8.838502832765048e-05
2025-26,old,MIA,BOS,0.00435129317157934
2025-26,old,MIA,CHA,0.059709694948916876
2025-26,old,MIA,CHI,0.010005586878840194
2025-26,old,MIA,CLE,1.0775862229538375e-06
2025-26,old,MIA,DAL,0.0023182329068543446
2025-26,old,MIA,DEN,0.01150046218190533
2025-26,old,MIA,DET,0.02000000009542042
2025-26,old,MIA,GSW,0.01034201060770781
2025-26,old,MIA,HOU,3.636853502469202e-05
2025-26,old,MIA,IND,0.0036247679434759177
2025-26,old,MIA,LAC,0.0010063386562431688
2025-26,old,MIA,LAL,0.006807340865981481
2025-26,old,MIA,MEM,0.059193696086375244
2025-26,old,MIA,MIL,0.0027456894320845287
2025-26,old,MIA,MIN,0.01713011879331416
2025-26,old,MIA,NOP,0.0
2025-26,old,MIA,NYK,0.010702317598637136
2025-26,old,MIA,OKC,0.05152072861328716
2025-26,old,MIA,ORL,0.0
2025-26,old,MIA,PHI,0.03455025420439598
2025-26,old,MIA,PHX,0.0
2025-26,old,MIA,POR,0.009675617459936193
2025-26,old,MIA,SAC,0.002400319255345571
2025-26,old,MIA,SAS,0.036015355424325234
2025-26,old,MIA,TOR,0.027994155464645024
2025-26,old,MIA,UTA,0.007189385832712887
2025-26,old,MIA,WAS,0.004066810441034812
2025-26,old,MIL,ATL,0.0779431576201901
2025-26,old,MIL,BKN,0.0022896625714907866
2025-26,old,MIL,BOS,0.008106681185308846
2025-26,old,MIL,CHA,0.0452649377203322
2025-26,old,MIL,CHI,0.05882601926204513
2025-26,old,MIL,CLE,0.008031250004223063
2025-26,old,MIL,DAL,0.00829839590782377
2025-26,old,MIL,DEN,0.019046084829544892
2025-26,old,MIL,DET,0.022176993762440016
2025-26,old,MIL,GSW,0.006539896616902371
2025-26,old,MIL,HOU,2.235991412629213e-05
2025-26,old,MIL,IND,0.0021698654249836477
2025-26,old,MIL,LAC,0.0026780968921792016
2025-26,old,MIL,LAL,0.018214783882981592
2025-26,old,MIL,MEM,0.03138523728865728
2025-26,old,MIL,MIA,0.016388270626602447
2025-26,old,MIL,MIN,0.02239385798976933
2025-26,old,MIL,NOP,0.0
2025-26,old,MIL,NYK,0.015012479792122679
2025-26,old,MIL,OKC,0.045239835909873356
2025-26,old,MIL,ORL,0.0
2025-26,old,MIL,PHI,0.02006135288619157
2025-26,old,MIL,PHX,0.0
2025-26,old,MIL,POR,0.01515395147868351
2025-26,old,MIL,SAC,0.005203814442998811
2025-26,old,MIL,SAS,0.058717941826787495
2025-26,old,MIL,TOR,0.01795418138524705
2025-26,old,MIL,UTA,0.0028483298626439317
2025-26,old,MIL,WAS,0.0023456356851062894
2025-26,old,MIN,ATL,0.025591864125072507
2025-26,old,MIN,BKN,0.0015625561065916065
2025-26,old,MIN,BOS,0.009610991488483833
2025-26,old,MIN,CHA,0.044789779665785595
2025-26,old,MIN,CHI,0.007131100321395562
2025-26,old,MIN,CLE,0.001985991402320436
2025-26,old,MIN,DAL,0.0019414084321808381
2025-26,old,MIN,DEN,0.027147547568198028
2025-26,old,MIN,DET,0.07494854597286482
2025-26,old,MIN,GSW,0.004784045109543023
2025-26,old,MIN,HOU,3.205819013287667e-05
2025-26,old,MIN,IND,1.3868524620553144e-05
2025-26,old,MIN,LAC,0.0004927658452444071
2025-26,old,MIN,LAL,0.01723385292963272
2025-26,old,MIN,MEM,0.05162823302805791
2025-26,old,MIN,MIA,0.020200573464972095
2025-26,old,MIN,MIL,0.004178879235746691
2025-26,old,MIN,NOP,0.0
2025-26,old,MIN,NYK,0.021514547555346104
2025-26,old,MIN,OKC,0.07473755874503983
2025-26,old,MIN,ORL,0.0
2025-26,old,MIN,PHI,0.01863781089800422
2025-26,old,MIN,PHX,0.0
2025-26,old,MIN,POR,0.006120745806161969
2025-26,old,MIN,SAC,0.0005655505593064258
2025-26,old,MIN,SAS,0.0199703662331489
2025-26,old,MIN,TOR,0.024549509978241495
2025-26,old,MIN,UTA,0.0013324353587010813
2025-26,old,MIN,WAS,0.0015261311427858678
2025-26,old,NOP,ATL,0.10418884587130943
2025-26,old,NOP,BKN,0.00644590174364061
2025-26,old,NOP,BOS,0.00901508627049946
2025-26,old,NOP,CHA,0.01357760318392334
2025-26,old,NOP,CHI,0.031128406622657014
2025-26,old,NOP,CLE,0.0011056034421901507
2025-26,old,NOP,DAL,0.027334198169627268
2025-26,old,NOP,DEN,0.01259087089749412
2025-26,old,NOP,DET,0.00951858844104271
2025-26,old,NOP,GSW,0.00608454707967944
2025-26,old,NOP,HOU,1.4278017454138347e-05
2025-26,old,NOP,IND,0.009047391953819062
2025-26,old,NOP,LAC,0.005717790370937652
2025-26,old,NOP,LAL,0.012099161930055884
2025-26,old,NOP,MEM,0.03883782358185775
2025-26,old,NOP,MIA,0.007879021796610448
2025-26,old,NOP,MIL,0.01856088372160166
2025-26,old,NOP,MIN,0.007259967733066175
2025-26,old,NOP,NYK,0.009172297029070239
2025-26,old,NOP,OKC,0.0525726398502067
2025-26,old,NOP,ORL,0.0
2025-26,old,NOP,PHI,0.010855816327148677
2025-26,old,NOP,PHX,0.0
2025-26,old,NOP,POR,0.03417842326170006
2025-26,old,NOP,SAC,0.0077379828391190035
2025-26,old,NOP,SAS,0.005347521474468521
2025-26,old,NOP,TOR,0.007378732374884588
2025-26,old,NOP,UTA,0.021434536799668044
2025-26,old,NOP,WAS,0.004717403041030249
2025-26,old,NYK,ATL,0.04818157385288064
2025-26,old,NYK,BKN,0.0007191811716430449
2025-26,old,NYK,BOS,0.03084590561832462
2025-26,old,NYK,CHA,0.016735340838595653
2025-26,old,NYK,CHI,0.013917830909699325
2025-26,old,NYK,CLE,0.004272629360523845
2025-26,old,NYK,DAL,0.00644392233773389
2025-26,old,NYK,DEN,0.032498604616540236
2025-26,old,NYK,DET,0.025657866503079902
2025-26,old,NYK,GSW,0.008060423693779446
2025-26,old,NYK,HOU,2.9094828019753613e-05
2025-26,old,NYK,IND,4.1755409408638355e-05
2025-26,old,NYK,LAC,0.0010170905016875836
2025-26,old,NYK,LAL,0.03745434217135936
2025-26,old,NYK,MEM,0.021977909588202803
2025-26,old,NYK,MIA,0.01644159334038504
2025-26,old,NYK,MIL,0.009741379679341253
2025-26,old,NYK,MIN,0.012522360064623206
2025-26,old,NYK,NOP,0.0
2025-26,old,NYK,OKC,0.04533547834513524
2025-26,old,NYK,ORL,0.0
2025-26,old,NYK,PHI,0.0590929841783979
2025-26,old,NYK,PHX,0.0
2025-26,old,NYK,POR,0.02074684156187864
2025-26,old,NYK,SAC,0.0004815574454092371
2025-26,old,NYK,SAS,0.015133351006219969
2025-26,old,NYK,TOR,0.011998175796729753
2025-26,old,NYK,UTA,0.002541756511922797
2025-26,old,NYK,WAS,0.0015824353227247318
2025-26,old,OKC,ATL,0.04197090536173321
2025-26,old,OKC,BKN,0.0011208402324178791
2025-26,old,OKC,BOS,0.007789870800434389
2025-26,old,OKC,CHA,0.027256783393553183
2025-26,old,OKC,CHI,0.010474981611891549
2025-26,old,OKC,CLE,0.028492456880671067
2025-26,old,OKC,DAL,0.06798375527706832
2025-26,old,OKC,DEN,0.017687673902157426
2025-26,old,OKC,DET,0.011872575560640865
2025-26,old,OKC,GSW,0.0009296346908516229
2025-26,old,OKC,HOU,7.004310449199944e-06
2025-26,old,OKC,IND,6.564302553297727e-05
2025-26,old,OKC,LAC,0.0009020872413376819
2025-26,old,OKC,LAL,0.014037459486539547
2025-26,old,OKC,MEM,0.025881196485776126
2025-26,old,OKC,MIA,0.010097575237739374
2025-26,old,OKC,MIL,0.002213900838516941
2025-26,old,OKC,MIN,0.032201778052459024
2025-26,old,OKC,NOP,0.0
2025-26,old,OKC,NYK,0.02481622527799055
2025-26,old,OKC,ORL,0.0
2025-26,old,OKC,PHI,0.02398337553544805
2025-26,old,OKC,PHX,0.0
2025-26,old,OKC,POR,0.015316049500228428
2025-26,old,OKC,SAC,0.0010438497402947495
2025-26,old,OKC,SAS,0.007985991426233748
2025-26,old,OKC,TOR,0.01200239688715078
2025-26,old,OKC,UTA,0.0005183189772551174
2025-26,old,OKC,WAS,0.0001435883649111051
2025-26,old,ORL,ATL,0.0487106679485316
2025-26,old,ORL,BKN,0.0046475819020133525
2025-26,old,ORL,BOS,0.010866379317233405
2025-26,old,ORL,CHA,0.1113475677158929
2025-26,old,ORL,CHI,0.016995155367541558
2025-26,old,ORL,CLE,0.003215517235181197
2025-26,old,ORL,DAL,0.005486045630220256
2025-26,old,ORL,DEN,0.02275791928124393
2025-26,old,ORL,DET,0.04351643329257435
2025-26,old,ORL,GSW,0.017979449330687777
2025-26,old,ORL,HOU,0.00014089439865121428
2025-26,old,ORL,IND,0.004658764244066285
2025-26,old,ORL,LAC,0.002681370600272086
2025-26,old,ORL,LAL,0.016904566402387626
2025-26,old,ORL,MEM,0.3573838901866613
2025-26,old,ORL,MIA,0.07758628739688515
2025-26,old,ORL,MIL,0.008801185291115966
2025-26,old,ORL,MIN,0.03383324404447822
2025-26,old,ORL,NOP,0.0
2025-26,old,ORL,NYK,0.021310478496660082
2025-26,old,ORL,OKC,0.10220290800045446
2025-26,old,ORL,PHI,0.0192293232293176
2025-26,old,ORL,PHX,0.0
2025-26,old,ORL,POR,0.027026684453931367
2025-26,old,ORL,SAC,0.0029697113198634026
2025-26,old,ORL,SAS,0.0842421870125891
2025-26,old,ORL,TOR,0.04583850805682555
2025-26,old,ORL,UTA,0.012297144317176545
2025-26,old,ORL,WAS,0.0030309806100558482
2025-26,old,PHI,ATL,0.04603313575829941
2025-26,old,PHI,BKN,0.004134528037437518
2025-26,old,PHI,BOS,0.00984159495488837
2025-26,old,PHI,CHA,0.06341374476743059
2025-26,old,PHI,CHI,0.006888993950401641
2025-26,old,PHI,CLE,0.012822198284838089
2025-26,old,PHI,DAL,0.00804963107403989
2025-26,old,PHI,DEN,0.014344799258539574
2025-26,old,PHI,DET,0.03745770522106263
2025-26,old,PHI,GSW,0.013893406801722557
2025-26,old,PHI,HOU,4.498922480832271e-05
2025-26,old,PHI,IND,0.004502743043544138
2025-26,old,PHI,LAC,0.0023046855938750623
2025-26,old,PHI,LAL,0.015739247003804004
2025-26,old,PHI,MEM,0.03989008662891012
2025-26,old,PHI,MIA,0.05154993636076007
2025-26,old,PHI,MIL,0.011114763008884221
2025-26,old,PHI,MIN,0.016420258770311443
2025-26,old,PHI,NOP,0.0
2025-26,old,PHI,NYK,0.015641468193897327
2025-26,old,PHI,OKC,0.3661011712339155
2025-26,old,PHI,ORL,0.0
2025-26,old,PHI,PHX,0.0
2025-26,old,PHI,POR,0.013980120727957623
2025-26,old,PHI,SAC,0.0034788287708466606
2025-26,old,PHI,SAS,0.11945069997424887
2025-26,old,PHI,TOR,0.0553921174409096
2025-26,old,PHI,UTA,0.008042026073431017
2025-26,old,PHI,WAS,0.004207704680899542
2025-26,old,PHX,ATL,0.029527209326484373
2025-26,old,PHX,BKN,0.0026905519020742783
2025-26,old,PHX,BOS,0.0050937500396936106
2025-26,old,PHX,CHA,0.2377131247438681
2025-26,old,PHX,CHI,0.03809986397118173
2025-26,old,PHX,CLE,0.015691810389338378
2025-26,old,PHX,DAL,0.0063436515364648505
2025-26,old,PHX,DEN,0.03789467064866179
2025-26,old,PHX,DET,0.045944774300401926
2025-26,old,PHX,GSW,0.013070381388023572
2025-26,old,PHX,HOU,0.0005371767326643499
2025-26,old,PHX,IND,0.0018670998355048794
2025-26,old,PHX,LAC,0.0007760583123116359
2025-26,old,PHX,LAL,0.03753132371161165
2025-26,old,PHX,MEM,0.1372588911514472
2025-26,old,PHX,MIA,0.034037186053864965
2025-26,old,PHX,MIL,0.005808189695737133
2025-26,old,PHX,MIN,0.06264951582341696
2025-26,old,PHX,NOP,0.0
2025-26,old,PHX,NYK,0.02177490497901597
2025-26,old,PHX,OKC,0.0573297851645837
2025-26,old,PHX,ORL,0.0
2025-26,old,PHX,PHI,0.05528467383683555
2025-26,old,PHX,POR,0.022379528222294144
2025-26,old,PHX,SAC,0.004019867339282389
2025-26,old,PHX,SAS,0.027950161781828405
2025-26,old,PHX,TOR,0.04513294279057999
2025-26,old,PHX,UTA,0.0022667025307651022
2025-26,old,PHX,WAS,0.005040409655294155
2025-26,old,POR,ATL,0.0008801185680505143
2025-26,old,POR,BKN,2.1923200178083244e-07
2025-26,old,POR,BOS,0.0006540948412670144
2025-26,old,POR,CHA,0.031033582069163856
2025-26,old,POR,CHI,0.030095343770036982
2025-26,old,POR,CLE,2.5862069350892095e-05
2025-26,old,POR,DAL,0.00024261812766135913
2025-26,old,POR,DEN,0.0031839076125959615
2025-26,old,POR,DET,0.004454741436879728
2025-26,old,POR,GSW,0.006459201143552157
2025-26,old,POR,HOU,2.8556034908276694e-05
2025-26,old,POR,IND,0.00023036845454426215
2025-26,old,POR,LAC,0.00019989006194639345
2025-26,old,POR,LAL,0.003572165482189415
2025-26,old,POR,MEM,0.007658674547525023
2025-26,old,POR,MIA,0.0011619935371884839
2025-26,old,POR,MIL,0.0024434267629564214
2025-26,old,POR,MIN,0.009044181062671325
2025-26,old,POR,NOP,0.0
2025-26,old,POR,NYK,0.0018933189170613242
2025-26,old,POR,OKC,0.003845449270636784
2025-26,old,POR,ORL,0.0
2025-26,old,POR,PHI,0.00148370152335074
2025-26,old,POR,PHX,0.0
2025-26,old,POR,SAC,0.0019338570653047072
2025-26,old,POR,SAS,0.0031061422097866014
2025-26,old,POR,TOR,0.0031284810814160313
2025-26,old,POR,UTA,0.002250538897893294
2025-26,old,POR,WAS,0.0010902478746820936
2025-26,old,SAC,ATL,0.02527209012287444
2025-26,old,SAC,BKN,0.01783865235089387
2025-26,old,SAC,BOS,0.0056131466359285445
2025-26,old,SAC,CHA,0.0525822276968009
2025-26,old,SAC,CHI,0.01658085828937287
2025-26,old,SAC,CLE,0.015913793180009413
2025-26,old,SAC,DAL,0.01700139572293178
2025-26,old,SAC,DEN,0.008409581027266449
2025-26,old,SAC,DET,0.008125269518069248
2025-26,old,SAC,GSW,0.009158987059900986
2025-26,old,SAC,HOU,2.2629310682030588e-05
2025-26,old,SAC,IND,0.012320039321801611
2025-26,old,SAC,LAC,0.005503641777970195
2025-26,old,SAC,LAL,0.008817184980667197
2025-26,old,SAC,MEM,0.08499461224920857
2025-26,old,SAC,MIA,0.03768014941727429
2025-26,old,SAC,MIL,0.006905172512774226
2025-26,old,SAC,MIN,0.013718211433211955
2025-26,old,SAC,NOP,0.0
2025-26,old,SAC,NYK,0.007380341317058417
2025-26,old,SAC,OKC,0.09320544621789145
2025-26,old,SAC,ORL,0.0
2025-26,old,SAC,PHI,0.032369467703939246
2025-26,old,SAC,PHX,0.0
2025-26,old,SAC,POR,0.019974035150516878
2025-26,old,SAC,SAS,0.06545474094619716
2025-26,old,SAC,TOR,0.028556232245780952
2025-26,old,SAC,UTA,0.04558593753853748
2025-26,old,SAC,WAS,0.010091594623919604
2025-26,old,SAS,ATL,0.018631735195943702
2025-26,old,SAS,BKN,0.003021395403736139
2025-26,old,SAS,BOS,0.015032327722452964
2025-26,old,SAS,CHA,0.05956855100834616
2025-26,old,SAS,CHI,0.019674847901993274
2025-26,old,SAS,CLE,0.10791163813427156
2025-26,old,SAS,DAL,0.030762444967595243
2025-26,old,SAS,DEN,0.010693525105354767
2025-26,old,SAS,DET,0.01450404112937796
2025-26,old,SAS,GSW,0.010833883988613261
2025-26,old,SAS,HOU,0.00024164871049739807
2025-26,old,SAS,IND,0.0012942470331108978
2025-26,old,SAS,LAC,0.0017647752496299256
2025-26,old,SAS,LAL,0.015243660003826119
2025-26,old,SAS,MEM,0.031320043247421915
2025-26,old,SAS,MIA,0.01856341770846968
2025-26,old,SAS,MIL,0.0008763469961182825
2025-26,old,SAS,MIN,0.04675915966161671
2025-26,old,SAS,NOP,0.0
2025-26,old,SAS,NYK,0.008699892479381278
2025-26,old,SAS,OKC,0.06425680054557611
2025-26,old,SAS,ORL,0.0
2025-26,old,SAS,PHI,0.014477930220757261
2025-26,old,SAS,PHX,0.0
2025-26,old,SAS,POR,0.01822484985575457
2025-26,old,SAS,SAC,0.00041261710532404175
2025-26,old,SAS,TOR,0.01686877884102553
2025-26,old,SAS,UTA,0.004012931242127549
2025-26,old,SAS,WAS,0.0027435344484522273
2025-26,old,TOR,ATL,0.01729121761978604
2025-26,old,TOR,BKN,1.1083146430955869e-05
2025-26,old,TOR,BOS,0.008687500079194534
2025-26,old,TOR,CHA,0.03483093930655122
2025-26,old,TOR,CHI,0.0033397936879952773
2025-26,old,TOR,CLE,0.010604525873164551
2025-26,old,TOR,DAL,0.008397395124043631
2025-26,old,TOR,DEN,0.009386176755985493
2025-26,old,TOR,DET,0.028383890231890637
2025-26,old,TOR,GSW,0.004131587404267285
2025-26,old,TOR,HOU,7.543103560676863e-06
2025-26,old,TOR,IND,4.558674594852131e-05
2025-26,old,TOR,LAC,0.0001458786775960512
2025-26,old,TOR,LAL,0.011550875703517318
2025-26,old,TOR,MEM,0.014508082139514515
2025-26,old,TOR,MIA,0.015706137982555487
2025-26,old,TOR,MIL,0.004114493622950374
2025-26,old,TOR,MIN,0.016636314921498557
2025-26,old,TOR,NOP,0.0
2025-26,old,TOR,NYK,0.008074302549436158
2025-26,old,TOR,OKC,0.039050945596487835
2025-26,old,TOR,ORL,0.0
2025-26,old,TOR,PHI,0.009983197886387785
2025-26,old,TOR,PHX,0.0
2025-26,old,TOR,POR,0.004985633626344065
2025-26,old,TOR,SAC,1.0186182697769785e-05
2025-26,old,TOR,SAS,0.020870150909377733
2025-26,old,TOR,UTA,0.001344288826061027
2025-26,old,TOR,WAS,7.839439876361522e-05
2025-26,old,UTA,ATL,0.035411907102960834
2025-26,old,UTA,BKN,0.01051264764473078
2025-26,old,UTA,BOS,0.0032931035066601526
2025-26,old,UTA,CHA,0.034662807646080415
2025-26,old,UTA,CHI,0.023571395513970264
2025-26,old,UTA,CLE,0.0008157327747100899
2025-26,old,UTA,DAL,0.022415030958556993
2025-26,old,UTA,DEN,0.011835623778942456
2025-26,old,UTA,DET,0.011176454970063162
2025-26,old,UTA,GSW,0.0035341443121489203
2025-26,old,UTA,HOU,3.663793158043048e-05
2025-26,old,UTA,IND,0.012596359569254367
2025-26,old,UTA,LAC,0.008374760330342873
2025-26,old,UTA,LAL,0.01040263274650943
2025-26,old,UTA,MEM,0.02656115308536442
2025-26,old,UTA,MIA,0.01307682954189951
2025-26,old,UTA,MIL,0.0039404633505157475
2025-26,old,UTA,MIN,0.005085668198178234
2025-26,old,UTA,NOP,0.0
2025-26,old,UTA,NYK,0.017397629852349845
2025-26,old,UTA,OKC,0.10386319031892653
2025-26,old,UTA,ORL,0.0
2025-26,old,UTA,PHI,0.060332803685229426
2025-26,old,UTA,PHX,0.0
2025-26,old,UTA,POR,0.020743991245956727
2025-26,old,UTA,SAC,0.019979232644969407
2025-26,old,UTA,SAS,0.016571928879129703
2025-26,old,UTA,TOR,0.01537707406334633
2025-26,old,UTA,WAS,0.008403825310183334
2025-26,old,WAS,ATL,0.012627424725034307
2025-26,old,WAS,BKN,0.01169445509141622
2025-26,old,WAS,BOS,0.00729525870330439
2025-26,old,WAS,CHA,0.013353461090588721
2025-26,old,WAS,CHI,0.00631288381841432
2025-26,old,WAS,CLE,0.009390086152847726
2025-26,old,WAS,DAL,0.009637526290750518
2025-26,old,WAS,DEN,0.008280299201961916
2025-26,old,WAS,DET,0.009203933313898422
2025-26,old,WAS,GSW,0.003944301732806289
2025-26,old,WAS,HOU,1.4816810565615267e-05
2025-26,old,WAS,IND,0.010916980981135672
2025-26,old,WAS,LAC,0.025290084669298014
2025-26,old,WAS,LAL,0.008442331508307383
2025-26,old,WAS,MEM,0.05266756474245179
2025-26,old,WAS,MIA,0.012662997167027148
2025-26,old,WAS,MIL,0.0114644394963498
2025-26,old,WAS,MIN,0.019151131670584836
2025-26,old,WAS,NOP,0.0
2025-26,old,WAS,NYK,0.02228086454434204
2025-26,old,WAS,OKC,0.03244280582127423
2025-26,old,WAS,ORL,0.0
2025-26,old,WAS,PHI,0.033125730664264864
2025-26,old,WAS,PHX,0.0
2025-26,old,WAS,POR,0.011880985683017362
2025-26,old,WAS,SAC,0.010219525379971632
2025-26,old,WAS,SAS,0.014995689594431713
2025-26,old,WAS,TOR,0.008664182564460185
2025-26,old,WAS,UTA,0.016588362141448102
