season,day,game_id,rule,actual_n_material,actual_n_third_material,actual_mean_abs_third,actual_tp,actual_third_dominated,own_n_material,own_n_third_material,own_mean_abs_third,own_tp,own_third_dominated
2020-21,2021-03-21,401307441,old,3,2,0.0016287266518586298,0.667151852358288,True,2,0,0.0,0.0,False
2020-21,2021-03-21,401307441,new,4,3,0.0022316479127561487,0.5864579647542318,True,3,1,0.0001117350887480386,0.028315931586069275,False
2020-21,2021-03-21,401307440,old,2,0,0.0,0.0,False,2,0,0.0,0.0,False
2020-21,2021-03-21,401307440,new,2,0,0.0,0.0,False,2,0,0.0,0.0,False
2020-21,2021-03-22,401307442,old,2,0,0.0,0.0,False,2,0,0.0,0.0,False
2020-21,2021-03-22,401307442,new,0,0,0.0,nan,False,0,0,0.0,nan,False
2020-21,2021-03-22,401307443,old,5,4,0.0005585641431344326,0.33118050209992483,False,4,3,0.0004195213769345535,0.26287366941059853,False
2020-21,2021-03-22,401307443,new,3,2,0.0002584706351803075,0.3739924653737098,False,2,1,0.00011888072395664149,0.20205681237055328,False
2020-21,2021-03-22,401307444,old,6,4,0.0006043977434214686,0.17341718558129707,False,9,7,0.0008973855338939692,0.23751594011653304,False
2020-21,2021-03-22,401307444,new,12,10,0.002214525269463976,0.39254523500201777,False,15,13,0.0027264714332740085,0.4430838328097632,False
2020-21,2021-03-22,401307445,old,8,6,0.0008200648289056966,0.32270354437928456,False,7,5,0.0006958970090495711,0.2865807401081053,False
2020-21,2021-03-22,401307445,new,6,4,0.000620304222835974,0.3181379938620002,False,6,4,0.0006161433557672691,0.3190537716285653,False
2020-21,2021-03-22,401307448,old,9,8,0.0019056257121643123,0.5854431400845741,True,11,9,0.0012452369242220806,0.3655380227445223,False
2020-21,2021-03-22,401307448,new,12,11,0.002645244300523636,0.624033385190433,True,13,11,0.0019537375943140655,0.4484079705417445,False
2020-21,2021-03-22,401307446,old,6,5,0.0007293266703724343,0.36093596565028024,False,5,4,0.0005782823608313532,0.3093064779862206,False
2020-21,2021-03-22,401307446,new,5,4,0.0006513548355349458,0.44356672801273883,False,5,4,0.0005880657126720125,0.41850467617166054,False
2020-21,2021-03-22,401307447,old,5,3,0.00045507504372986125,0.1495604032245675,False,6,4,0.00047506776268007797,0.155111831044471,False
2020-21,2021-03-22,401307447,new,10,8,0.0015631261354545607,0.3992273189337848,False,10,8,0.00153418602568892,0.39475370459694414,False
2020-21,2021-03-22,401307449,old,7,5,0.0006153303408263121,0.22384430905901226,False,8,6,0.0007561697254503646,0.26027788925619766,False
2020-21,2021-03-22,401307449,new,8,6,0.0010012885636068165,0.2925135322508883,False,9,7,0.0012362036481426873,0.33272812730181434,False
2020-21,2021-03-23,401307450,old,6,4,0.00047726290398505353,0.2851152107590183,False,6,4,0.0004823540280581656,0.2902126506257038,False
2020-21,2021-03-23,401307450,new,7,6,0.0009048080685691701,0.4333993882765984,False,6,5,0.0007787125064232473,0.3969772598664884,False
2020-21,2021-03-23,401307451,old,6,4,0.0005788474173197129,0.20811728226312218,False,7,5,0.0006866003225525704,0.23556539865687745,False
2020-21,2021-03-23,401307451,new,6,4,0.0009688895074704676,0.35172266957220494,False,7,5,0.0011411741887432832,0.3883545097283156,False
2020-21,2021-03-23,401307453,old,12,11,0.0023770289349670207,0.738975610757306,True,11,9,0.0011226877812781423,0.3630113890838261,False
2020-21,2021-03-23,401307453,new,12,11,0.002842064837755886,0.7668139184695064,True,12,10,0.0015338854766455987,0.4178352893139364,False
2020-21,2021-03-23,401307452,old,9,7,0.0009463779447601322,0.33484120758749764,False,8,6,0.0007427902532820603,0.28261439076046185,False
2020-21,2021-03-23,401307452,new,6,4,0.0005513659930362526,0.350890533206406,False,5,3,0.00039821117338476313,0.2504277366080489,False
2020-21,2021-03-23,401307455,old,7,5,0.0007476269683162746,0.30574440971718225,False,6,4,0.0005555007144638034,0.21844306149370227,False
2020-21,2021-03-23,401307455,new,7,5,0.001081433211444005,0.3134959338094758,False,8,6,0.001134936281072399,0.3129626458929242,False
2020-21,2021-03-23,401307454,old,10,8,0.001716412885421554,0.4175276009369238,False,8,6,0.0009165487362954832,0.3143674426775057,False
2020-21,2021-03-23,401307454,new,10,8,0.0018904968284879572,0.4516287299924432,False,10,8,0.0013041077468468512,0.4066568649365374,False
2020-21,2021-03-24,401307456,old,7,5,0.0008492502289516535,0.33918692708762077,False,8,6,0.0009657837059932177,0.368091852284449,False
2020-21,2021-03-24,401307456,new,8,7,0.0015305332062544531,0.47700847133262286,False,8,7,0.001589302885450615,0.48641541696334956,False
2020-21,2021-03-24,401307459,old,7,5,0.0007254902153280811,0.27075843338268113,False,7,5,0.0006792294230908254,0.2579469789388553,False
2020-21,2021-03-24,401307459,new,6,4,0.0006103415817691739,0.2760321928137827,False,7,5,0.0006973393682821632,0.3034387383153819,False
2020-21,2021-03-24,401307457,old,10,9,0.0020740242681833577,0.6035002045775645,True,10,8,0.0012196092731388817,0.3659812821182329,False
2020-21,2021-03-24,401307457,new,9,8,0.002373883827243077,0.6005920699604559,True,10,8,0.0016916109511527027,0.4208157005439219,False
2020-21,2021-03-24,401307463,old,3,1,0.00010873037093996269,0.03370229485000231,False,2,0,0.0,0.0,False
2020-21,2021-03-24,401307463,new,4,2,0.0003887387650610181,0.13748667572105683,False,4,2,0.00031709225054571324,0.109611401695688,False
2020-21,2021-03-24,401307460,old,5,3,0.00038764399801186875,0.1681885960295955,False,4,2,0.0002470654650382453,0.12454643379251136,False
2020-21,2021-03-24,401307460,new,3,2,0.0002496350579495635,0.21902319299986162,False,3,2,0.00024231498575870165,0.2330314358726127,False
2020-21,2021-03-24,401307458,old,5,3,0.0003641183078925589,0.26281310250592943,False,6,4,0.0004924184337203525,0.32801584169756565,False
2020-21,2021-03-24,401307458,new,5,4,0.0005830703574284944,0.4255517995497886,False,5,4,0.000493648791499961,0.3854433709785117,False
2020-21,2021-03-24,401307462,old,4,4,0.0015691726734434147,1.0,True,3,2,0.00033449264744870986,0.2309807924625562,False
2020-21,2021-03-24,401307462,new,6,6,0.002755402451131536,1.0,True,7,6,0.001194619338192503,0.42589414100978273,False
2020-21,2021-03-24,401307461,old,7,5,0.0008223821332546927,0.34179263777372554,False,7,5,0.0007955572529191396,0.3472606513952074,False
2020-21,2021-03-24,401307461,new,6,5,0.001195303075542729,0.4354740358938954,False,6,5,0.001219577846750354,0.44042282973829766,False
2020-21,2021-03-24,401307464,old,8,6,0.001137840447922796,0.3337651948879335,False,5,3,0.0005181235504967005,0.1848372022009179,False
2020-21,2021-03-24,401307464,new,8,6,0.0016583420526111714,0.3838902012926532,False,7,5,0.0011789206592984973,0.3038745444653024,False
2020-21,2021-03-24,401307465,old,2,0,0.0,0.0,False,2,0,0.0,0.0,False
2020-21,2021-03-24,401307465,new,2,0,0.0,0.0,False,2,0,0.0,0.0,False
2020-21,2021-03-24,401307466,old,9,7,0.0009322345089670697,0.2902547452025339,False,8,6,0.0007280383495937499,0.24206748182005466,False
2020-21,2021-03-24,401307466,new,7,5,0.0011702015286051603,0.41560019955026506,False,7,5,0.0011848418989505766,0.4186231074494323,False
2020-21,2021-03-25,401307468,old,6,4,0.0006429531751700743,0.24215850098870326,False,7,5,0.0007897604247814788,0.27961650636008856,False
2020-21,2021-03-25,401307468,new,7,6,0.0013245375882384562,0.44988660443974143,False,7,6,0.0014088331935060792,0.4607414592765904,False
2020-21,2021-03-25,401307467,old,6,5,0.001612831636485759,0.5742600900925383,True,6,4,0.0004754097123446724,0.15610351502007705,False
2020-21,2021-03-25,401307467,new,12,11,0.0033891273818202785,0.6476008506763382,True,13,11,0.0021830318242958145,0.40529621343209976,False
2020-21,2021-03-25,401307469,old,9,7,0.0013231765527236515,0.3707436422801296,False,8,6,0.0008974286650989295,0.28506876802539594,False
2020-21,2021-03-25,401307469,new,9,7,0.0017955685604355103,0.4261467729669484,False,7,5,0.001125360000887936,0.315846182600282,False
2020-21,2021-03-25,401307471,old,7,5,0.0007854994596283421,0.21042603345400765,False,4,2,0.00024371098089931488,0.08383603601681869,False
2020-21,2021-03-25,401307471,new,6,4,0.0009080097100026958,0.3437389401832758,False,4,2,0.00040424777516836645,0.21590127400090323,False
2020-21,2021-03-25,401307470,old,4,2,0.00022379864959698912,0.12854364759092637,False,3,1,0.00011353827305841066,0.06938298953425893,False
2020-21,2021-03-25,401307470,new,5,3,0.00042170721475463666,0.21850627709761342,False,5,3,0.00040577599393293507,0.1973825448944814,False
2020-21,2021-03-26,401307473,old,10,8,0.0010801424861244132,0.33558903072546464,False,10,8,0.0010008736616952834,0.31881275193135183,False
2020-21,2021-03-26,401307473,new,7,5,0.0007255536158276342,0.3012895925141814,False,9,7,0.0008941966472474611,0.34701781816157873,False
2020-21,2021-03-26,401307472,old,4,2,0.00028328972634797877,0.256691023718868,False,5,3,0.00040594213171236715,0.3218398072981895,False
2020-21,2021-03-26,401307472,new,4,3,0.00040285833423926595,0.3715090948827246,False,4,3,0.00040587213019397907,0.3583823154594292,False
2020-21,2021-03-26,401307474,old,11,10,0.0020888301372032777,0.5944439338334282,True,11,9,0.0013381707612513652,0.38916126222138486,False
2020-21,2021-03-26,401307474,new,11,10,0.002540913411093797,0.6075748348118853,True,11,9,0.0018543808171332407,0.44466091606923014,False
2020-21,2021-03-26,401307478,old,8,6,0.0008386488669217029,0.28640134675487167,False,9,7,0.0009504450510519714,0.3127112022710512,False
2020-21,2021-03-26,401307478,new,5,3,0.0004971187217627786,0.24240715570686752,False,5,3,0.0005462130208520195,0.26313128264295454,False
2020-21,2021-03-26,401307476,old,6,4,0.0006697117121227044,0.36992743704183234,False,5,3,0.0004463310893960693,0.24988866140705793,False
2020-21,2021-03-26,401307476,new,6,5,0.0010824130506338313,0.4349342028842749,False,6,5,0.0011297857671519072,0.425465521965355,False
2020-21,2021-03-26,401307477,old,0,0,0.0,nan,False,1,0,0.0,0.0,False
2020-21,2021-03-26,401307477,new,0,0,0.0,nan,False,0,0,0.0,nan,False
2020-21,2021-03-26,401307475,old,3,2,0.001613358220412669,0.5213289463865525,True,2,0,0.0,0.0,False
2020-21,2021-03-26,401307475,new,3,2,0.001979756773221668,0.525232045770698,True,2,0,0.0,0.0,False
2020-21,2021-03-26,401307479,old,8,7,0.0020100811772164264,0.5796598921163569,True,9,7,0.0009619468913413832,0.2767890692714742,False
2020-21,2021-03-26,401307479,new,10,9,0.003316504968224288,0.6638175981802222,True,12,10,0.0021732459180043478,0.40974415282276355,False
2020-21,2021-03-26,401307480,old,8,6,0.0009697900271280933,0.363252813701103,False,6,4,0.0006189857873039782,0.2669268353763481,False
2020-21,2021-03-26,401307480,new,9,7,0.001459993345963829,0.44681405786298245,False,7,5,0.0010444423827228714,0.36621239813270645,False
2020-21,2021-03-26,401307481,old,9,7,0.000901021296687303,0.22994926785099404,False,8,6,0.0007033340699673316,0.19735615064495657,False
2020-21,2021-03-26,401307481,new,10,8,0.0017587829195993623,0.3971630460124439,False,10,8,0.0018361221740135908,0.42203901504585517,False
2020-21,2021-03-26,401307482,old,5,3,0.00047218213466674496,0.2514269235064777,False,5,3,0.00043088992095761215,0.23296271223720577,False
2020-21,2021-03-26,401307482,new,6,4,0.0008118468967490744,0.4679999767105599,False,5,3,0.0006116502897693131,0.3401441820704825,False
2020-21,2021-03-27,401307483,old,3,1,0.00012447560027991812,0.179597650409563,False,2,0,0.0,0.0,False
2020-21,2021-03-27,401307483,new,0,0,0.0,nan,False,0,0,0.0,nan,False
2020-21,2021-03-27,401307485,old,0,0,0.0,nan,False,1,0,0.0,0.0,False
2020-21,2021-03-27,401307485,new,0,0,0.0,nan,False,0,0,0.0,nan,False
2020-21,2021-03-27,401307484,old,10,9,0.00204239106342903,0.5974339459835789,True,10,8,0.001228522295875176,0.3614641279369597,False
2020-21,2021-03-27,401307484,new,10,9,0.002595288070589932,0.6092222222467015,True,10,8,0.0018346778310824269,0.4274000045097472,False
2020-21,2021-03-27,401307486,old,5,3,0.0007298697443874627,0.208125383098403,False,4,2,0.00036750330523246943,0.13114053501614104,False
2020-21,2021-03-27,401307486,new,7,5,0.0009780684626844599,0.35573603670330295,False,8,6,0.0010287859143380572,0.3865989873867343,False
2020-21,2021-03-27,401307488,old,11,9,0.0012421710958764654,0.3345054119709848,False,9,7,0.0008575171572631162,0.2507088627173789,False
2020-21,2021-03-27,401307488,new,7,5,0.001253155099785842,0.38119568518927177,False,7,5,0.0012476923467879422,0.3845311142699116,False
2020-21,2021-03-27,401307489,old,9,7,0.0009926284834865682,0.37906663032772026,False,7,5,0.0006779863196745502,0.29426872919788294,False
2020-21,2021-03-27,401307489,new,8,6,0.0012107672875213103,0.419588003951347,False,8,6,0.0011208057122904876,0.40091084149972184,False
2020-21,2021-03-27,401307487,old,7,6,0.0018363224737365537,0.6180620663987334,True,6,4,0.0005408178719507599,0.19244564501335892,False
2020-21,2021-03-27,401307487,new,6,5,0.0023090892986931126,0.8432114572131257,True,6,4,0.0008144472803710393,0.29397760183297184,False
2020-21,2021-03-27,401307490,old,2,0,0.0,0.0,False,2,0,0.0,0.0,False
2020-21,2021-03-27,401307490,new,2,0,0.0,0.0,False,2,0,0.0,0.0,False
2020-21,2021-03-27,401307491,old,5,3,0.00040279711286381203,0.18491416782261136,False,5,3,0.0003856464815269156,0.17844571800015138,False
2020-21,2021-03-27,401307491,new,1,0,0.0,0.0,False,1,0,0.0,0.0,False
2020-21,2021-03-28,401307492,old,8,6,0.0009421390685586039,0.3163869113665919,False,10,8,0.0011099058401593494,0.3528468959980528,False
2020-21,2021-03-28,401307492,new,8,6,0.0012275882315015646,0.3527939709142368,False,10,8,0.001528641084845363,0.4043306511053755,False
2020-21,2021-03-28,401307493,old,9,7,0.0013505634232287987,0.4608266968489729,False,8,6,0.0007841879477789951,0.27196188022030127,False
2020-21,2021-03-28,401307493,new,9,7,0.001376904500078131,0.4922094034806689,False,8,6,0.0010171350604756355,0.35910644389204865,False
2020-21,2021-03-28,401307494,old,7,5,0.000689703919705751,0.2386631868070953,False,8,6,0.0008302907862816881,0.2739826808420237,False
2020-21,2021-03-28,401307494,new,8,6,0.0011748775606882822,0.30850165301189597,False,8,6,0.0014123314048127313,0.34908680409525755,False
2020-21,2021-03-28,401307495,old,5,3,0.00047489324068164025,0.29212685933003113,False,5,3,0.0003829125187064562,0.2553412095458415,False
2020-21,2021-03-28,401307495,new,5,4,0.0008084939906599112,0.4899207449629319,False,4,3,0.0005184171609227434,0.3340574775388983,False
2020-21,2021-03-29,401307496,old,7,5,0.000887613715971807,0.32330707978550266,False,7,5,0.0007778124939803115,0.29511570750358557,False
2020-21,2021-03-29,401307496,new,8,6,0.001386357572548464,0.45046892899935415,False,7,5,0.0013074422815148427,0.4360070603807014,False
2020-21,2021-03-29,401307498,old,4,3,0.00041768011472731584,0.37366477789731994,False,5,4,0.0005397552389306305,0.4091306910591649,False
2020-21,2021-03-29,401307498,new,4,3,0.00041768011472731584,0.3737355496243495,False,5,4,0.0005397552389306305,0.4093814791131409,False
2020-21,2021-03-29,401307499,old,3,2,0.0016087111304383642,0.5222265184027366,True,2,0,0.0,0.0,False
2020-21,2021-03-29,401307499,new,3,2,0.002078028787541079,0.5147383165785652,True,2,0,0.0,0.0,False
2020-21,2021-03-29,401307497,old,10,8,0.001037589360263271,0.2949869739138123,False,9,7,0.0008830968004940528,0.26259235002445686,False
2020-21,2021-03-29,401307497,new,8,6,0.001242507448387033,0.3862261265650151,False,8,6,0.0012916331581832065,0.39530463787486647,False
2020-21,2021-03-29,401307502,old,6,5,0.0016761969312069041,0.6224550517756307,True,4,2,0.0002552279474117076,0.09895179903767416,False
2020-21,2021-03-29,401307502,new,5,4,0.0021443597006042038,0.8822126174092338,True,6,4,0.0007508412978293075,0.27957330025751076,False
2020-21,2021-03-29,401307501,old,7,6,0.0009441094578331828,0.4055916208560717,False,6,5,0.0007560453327628326,0.35334669915626976,False
2020-21,2021-03-29,401307501,new,8,6,0.0011723783954581807,0.45171714910014,False,6,5,0.0010189505175487415,0.4373954355625688,False
2020-21,2021-03-29,401307500,old,4,2,0.00039847770239082584,0.26634937372144696,False,3,1,0.00017102419180895306,0.13506462460298094,False
2020-21,2021-03-29,401307500,new,2,1,0.00024392111538886434,0.38072057310187946,False,2,1,0.0001406550991729996,0.2617244353110866,False
2020-21,2021-03-29,401307503,old,3,1,0.00010804852540415437,0.03462970622421352,False,2,0,0.0,0.0,False
2020-21,2021-03-29,401307503,new,5,3,0.0005126935401517585,0.16967400634830032,False,4,2,0.0003542691217520872,0.12373126482715933,False
2020-21,2021-03-29,401307504,old,3,1,0.00017548161563681421,0.2040421338738958,False,2,0,0.0,0.0,False
2020-21,2021-03-29,401307504,new,1,0,0.0,0.0,False,1,0,0.0,0.0,False
2020-21,2021-03-29,401307505,old,7,5,0.0009242559733300357,0.2528151816449917,False,6,4,0.0004781416198198996,0.17503386495852055,False
2020-21,2021-03-29,401307505,new,7,5,0.0007587038495671913,0.3752707354553681,False,6,4,0.0006000298632200839,0.3625180391116056,False
2020-21,2021-03-29,401307506,old,2,1,0.0009221540237646472,0.5005248355521645,True,2,0,0.0,0.0,False
2020-21,2021-03-29,401307506,new,2,1,0.0009186433360392481,0.49893950283741534,False,2,0,0.0,0.0,False
2020-21,2021-03-30,401307507,old,9,7,0.0011374107254133712,0.3606757352786079,False,9,7,0.001008637790439486,0.33345801729439883,False
2020-21,2021-03-30,401307507,new,9,7,0.0014207183977863955,0.4480455848288876,False,7,5,0.0012220512617252687,0.41115267275159817,False
2020-21,2021-03-30,401307508,old,4,2,0.00028232452700062535,0.15764623634447306,False,3,1,0.00012008150039843436,0.07373156423019674,False
2020-21,2021-03-30,401307508,new,5,3,0.00044861654321568965,0.21718308367807096,False,5,3,0.0004161272833052913,0.20467370117194933,False
2020-21,2021-03-30,401307510,old,9,7,0.0011764325115343319,0.35746700968959677,False,10,8,0.0013015633452778672,0.381002444256194,False
2020-21,2021-03-30,401307510,new,10,8,0.00170649477473704,0.41445228855493266,False,10,8,0.001858983622984959,0.4353633801643774,False
2020-21,2021-03-30,401307509,old,5,3,0.0004262623130073722,0.28920672406047354,False,6,4,0.000534559726097396,0.348456211280056,False
2020-21,2021-03-30,401307509,new,5,4,0.0006090478817973885,0.44923391732323265,False,5,4,0.0005345212468783386,0.416442418210639,False
2020-21,2021-03-31,401307511,old,5,3,0.0007478523677940419,0.5934229524362132,True,4,2,0.00032165584497214126,0.2352085565431263,False
2020-21,2021-03-31,401307511,new,6,5,0.0010431234614202375,0.5570611954110225,True,5,4,0.000790244668036688,0.38627818180977186,False
2020-21,2021-03-31,401307512,old,3,2,0.00152615071130183,0.49332445179805434,False,2,0,0.0,0.0,False
2020-21,2021-03-31,401307512,new,3,2,0.0019646513177666316,0.49045997402811325,False,2,0,0.0,0.0,False
2020-21,2021-03-31,401307514,old,5,3,0.00042814809492940607,0.3385240372957405,False,5,4,0.0005365224837888285,0.40970406199764065,False
2020-21,2021-03-31,401307514,new,4,3,0.0004281577162349682,0.3774053775410069,False,5,4,0.0005365248075339718,0.40997017348978576,False
2020-21,2021-03-31,401307513,old,5,4,0.001662814455141521,0.5575938358567918,True,7,5,0.0005981835825816448,0.19398656336559403,False
2020-21,2021-03-31,401307513,new,11,10,0.0034714592938784043,0.6928781561597115,True,10,8,0.0018334763274364594,0.3721725939877971,False
2020-21,2021-03-31,401307516,old,6,5,0.0007951939262477748,0.37386711189223476,False,6,5,0.0008827060459953467,0.38956791277637376,False
2020-21,2021-03-31,401307516,new,7,6,0.001498024634517601,0.4798292283821224,False,6,5,0.0014972582234485357,0.4741112550981575,False
2020-21,2021-03-31,401307517,old,2,0,0.0,0.0,False,2,0,0.0,0.0,False
2020-21,2021-03-31,401307517,new,3,1,0.00020434302417790805,0.3081041413372356,False,3,1,0.00011859394287662352,0.19605594197596687,False
2020-21,2021-03-31,401307515,old,7,5,0.0008650189280254157,0.3569975988585323,False,7,5,0.0007880517685240389,0.33590272956767386,False
2020-21,2021-03-31,401307515,new,8,6,0.0013001415507709554,0.44811301055163244,False,8,6,0.0012225847376761262,0.4329552800437102,False
2020-21,2021-03-31,401307518,old,2,0,0.0,0.0,False,2,0,0.0,0.0,False
2020-21,2021-03-31,401307518,new,2,0,0.0,0.0,False,2,0,0.0,0.0,False
2020-21,2021-03-31,401307520,old,10,8,0.001471047800478816,0.41825104934829216,False,7,5,0.0007300898054948187,0.3136491473110745,False
2020-21,2021-03-31,401307520,new,8,6,0.0008340809234912541,0.3967447429936844,False,6,4,0.0005531848654766068,0.3305126321509872,False
2020-21,2021-03-31,401307519,old,2,1,0.0009873191207309547,0.5053801003925653,True,2,0,0.0,0.0,False
2020-21,2021-03-31,401307519,new,4,3,0.0013231928916818368,0.5804765317342264,True,3,1,0.00017598190902108087,0.07810501759817784,False
2020-21,2021-04-01,401307521,old,8,6,0.0008929992845282856,0.4207986350015726,False,8,6,0.0007670102034398927,0.3842420026660336,False
2020-21,2021-04-01,401307521,new,5,4,0.000587207522306917,0.4484217972311444,False,5,4,0.0005396981499307048,0.42765684725297726,False
2020-21,2021-04-01,401307522,old,4,2,0.00034636018540961776,0.30541305433204313,False,4,2,0.00025379430451650864,0.24982192224347438,False
2020-21,2021-04-01,401307522,new,2,1,0.00012049681954844962,0.39353359223248,False,1,0,0.0,0.0,False
2020-21,2021-04-01,401307523,old,8,6,0.0008526557551921439,0.33172255645958554,False,10,8,0.001040919397704619,0.3680207834183312,False
2020-21,2021-04-01,401307523,new,9,7,0.0011738230104418215,0.3917135957440702,False,11,9,0.001424011643966634,0.4294089348545725,False
2020-21,2021-04-01,401307524,old,10,9,0.002228826265456638,0.6117163439428965,True,8,6,0.0007709102624681786,0.2358970545021241,False
2020-21,2021-04-01,401307524,new,11,10,0.0032825915444779303,0.774874495490584,True,10,8,0.001736134790175969,0.43717919077979267,False
2020-21,2021-04-01,401307525,old,7,5,0.0007932949559629824,0.3168729166717236,False,7,5,0.0007668298224545542,0.31713445464148043,False
2020-21,2021-04-01,401307525,new,4,3,0.0004195703093008291,0.4064019341505987,False,5,4,0.0005269596220178894,0.45805758884324077,False
2020-21,2021-04-01,401307526,old,6,4,0.0005594214938647886,0.17027813240232006,False,6,4,0.0005823941137644709,0.1760396457469703,False
2020-21,2021-04-01,401307526,new,12,10,0.0021761458902166083,0.4443805187528362,False,11,9,0.002104340285071427,0.43611218379851047,False
2020-21,2021-04-01,401307527,old,2,0,0.0,0.0,False,2,0,0.0,0.0,False
2020-21,2021-04-01,401307527,new,2,0,0.0,0.0,False,2,0,0.0,0.0,False
2020-21,2021-04-02,401307531,old,7,5,0.0007744320896579216,0.26175309628226956,False,6,4,0.0005805623605135695,0.21320615217325808,False
2020-21,2021-04-02,401307531,new,6,4,0.0007305556067886286,0.40171479349937267,False,6,4,0.0006536300199347136,0.3849118355888845,False
2020-21,2021-04-02,401307529,old,4,3,0.0004913393035719727,0.5415565606629756,True,6,4,0.0006578990602126016,0.22445678858873552,False
2020-21,2021-04-02,401307529,new,8,7,0.0016728279910462537,0.8610939375637009,True,9,7,0.0018681409576131916,0.39461158406381847,False
2020-21,2021-04-02,401307528,old,6,5,0.0008315672760566756,0.40017529668627505,False,6,5,0.0007887044753234508,0.3875422065268775,False
2020-21,2021-04-02,401307528,new,6,5,0.0013323304198944075,0.46556828665316163,False,6,5,0.001407272031183717,0.4792065779552488,False
2020-21,2021-04-02,401307532,old,6,5,0.0008682239252783151,0.3933375678457197,False,5,4,0.0007010089345579569,0.3436132673918035,False
2020-21,2021-04-02,401307532,new,6,5,0.000992631566948438,0.45106489532824867,False,5,4,0.0008399286057938981,0.4101339468289905,False
2020-21,2021-04-02,401307530,old,2,0,0.0,0.0,False,2,0,0.0,0.0,False
2020-21,2021-04-02,401307530,new,4,2,0.00035024645209779336,0.0851071418358524,False,4,2,0.0003800939309229198,0.09169480992388658,False
2020-21,2021-04-02,401307533,old,7,5,0.0006462778671309077,0.21092836757098662,False,8,6,0.0007889109692914861,0.24602776150897285,False
2020-21,2021-04-02,401307533,new,8,6,0.0013865424754131285,0.41098745995560837,False,8,6,0.0014178929608125188,0.4160823811827758,False
2020-21,2021-04-02,401307534,old,4,2,0.0007463301218226505,0.33306234705423704,False,3,1,0.00018026746704916216,0.1498692463952865,False
2020-21,2021-04-02,401307534,new,4,2,0.00031373825944102887,0.32376211392899884,False,3,1,0.00012841349467032558,0.20210077938679397,False
2020-21,2021-04-02,401307535,old,12,10,0.0013900173947694425,0.4317582629117434,False,11,9,0.0012253175793149331,0.3977959884939753,False
2020-21,2021-04-02,401307535,new,7,5,0.0006794086185432273,0.38877629560044846,False,7,5,0.0006308887623374641,0.3665701291885695,False
2020-21,2021-04-02,401307537,old,8,6,0.0010254417425033682,0.3270227747808581,False,9,7,0.001123339288747073,0.3462689541441616,False
2020-21,2021-04-02,401307537,new,8,6,0.0013044695619012247,0.4524074415585625,False,7,5,0.0009409539910360249,0.3374945809932415,False
2020-21,2021-04-02,401307536,old,4,3,0.0005750529549485974,0.7024942329630637,True,3,1,0.0001224378827263146,0.062278913023160055,False
2020-21,2021-04-02,401307536,new,4,3,0.0007863584705722002,0.5815537345581996,True,4,2,0.00042203872047860474,0.16715418367253654,False
2020-21,2021-04-03,401307538,old,6,5,0.0015618120128949164,0.7188200819858737,True,6,4,0.0006053313942136178,0.2883344409728229,False
2020-21,2021-04-03,401307538,new,4,3,0.0018750014755862467,0.9425705866401302,True,4,2,0.0007136753086764692,0.3383591035614371,False
2020-21,2021-04-03,401307539,old,5,3,0.0004970558272928699,0.26417448201252086,False,4,2,0.00038859484868213864,0.2191219954715481,False
2020-21,2021-04-03,401307539,new,5,4,0.001016136077304455,0.4346845627256727,False,6,5,0.0011759556284208952,0.47123309298389665,False
2020-21,2021-04-03,401307540,old,9,8,0.001865982956173563,0.7936586090813051,True,6,4,0.0005793619441470971,0.2803109680988953,False
2020-21,2021-04-03,401307540,new,7,7,0.0022319416284794606,1.0,True,6,5,0.0010292200987887415,0.45830084236097446,False
2020-21,2021-04-03,401307541,old,5,4,0.0005406596586490875,0.4254349533337837,False,5,4,0.0005335591353514343,0.4222066667173416,False
2020-21,2021-04-03,401307541,new,5,4,0.0005486557402473377,0.42909205874992984,False,5,4,0.0005335599132017786,0.4222713204221056,False
2020-21,2021-04-03,401307543,old,3,1,0.00021774412897814603,0.20723304835029951,False,3,1,0.00011028994953830657,0.1319553381511921,False
2020-21,2021-04-03,401307543,new,2,0,0.0,0.0,False,1,0,0.0,0.0,False
2020-21,2021-04-03,401307542,old,5,3,0.0004051412736083289,0.13381394854699388,False,5,3,0.00041652518595903425,0.13705859772471465,False
2020-21,2021-04-03,401307542,new,9,7,0.0016359823928942935,0.41085242887457635,False,9,7,0.0017082139498417856,0.42134908224728534,False
2020-21,2021-04-03,401307544,old,9,7,0.001267629821983835,0.4479630553514591,False,7,5,0.0008374371954279171,0.2927573021514014,False
2020-21,2021-04-03,401307544,new,5,3,0.000853001107747502,0.4114600996109793,False,4,2,0.000667292399071104,0.2959116344493727,False
2020-21,2021-04-03,401307545,old,12,11,0.002260882702703926,0.6531150829909528,True,12,10,0.001444609812626734,0.4143240316247054,False
2020-21,2021-04-03,401307545,new,10,9,0.0018564276072678,0.7678413208184637,True,10,8,0.0010558654503637847,0.4298883727539352,False
2020-21,2021-04-04,401307546,old,9,7,0.001440905678755269,0.4090783668231052,False,8,6,0.0008567407452657048,0.3474480553897626,False
2020-21,2021-04-04,401307546,new,9,7,0.0009628791687696498,0.45502627534805906,False,8,6,0.0008045575574392987,0.4348180570120537,False
2020-21,2021-04-04,401307548,old,2,0,0.0,0.0,False,2,0,0.0,0.0,False
2020-21,2021-04-04,401307548,new,5,3,0.0005628387970997627,0.21484276346681339,False,4,2,0.0003074199299321091,0.11670902090942703,False
2020-21,2021-04-04,401307547,old,2,0,0.0,0.0,False,2,0,0.0,0.0,False
2020-21,2021-04-04,401307547,new,4,2,0.0003469737821763424,0.09928924832437246,False,4,2,0.00038294652823676835,0.10846658741909,False
2020-21,2021-04-04,401307549,old,7,5,0.0007051062721035565,0.27973191768364436,False,7,5,0.0007176518932645988,0.28329903671848866,False
2020-21,2021-04-04,401307549,new,10,8,0.0013421748176010216,0.4214214627206033,False,9,7,0.0011454639499619956,0.38333363732490106,False
2020-21,2021-04-04,401307550,old,6,4,0.000586553464313228,0.206514294170936,False,8,6,0.0008599602565907381,0.27721807533883447,False
2020-21,2021-04-04,401307550,new,9,7,0.00152682134735756,0.4314872284808077,False,9,7,0.0015300413457708857,0.43406007742180813,False
2020-21,2021-04-04,401307551,old,6,5,0.0007983490198816356,0.4079393132276007,False,5,4,0.0006442706248248794,0.3573273160165317,False
2020-21,2021-04-04,401307551,new,2,1,0.00013498900313911667,0.23887363505336281,False,2,1,0.00013498900313911667,0.23956682471906085,False
2020-21,2021-04-04,401307552,old,6,4,0.000685827925422969,0.3121997010589338,False,5,3,0.00040542847626606467,0.22316495118481897,False
2020-21,2021-04-04,401307552,new,6,4,0.0006374755858948348,0.3773212581267676,False,5,4,0.000561891333030364,0.3745779530896997,False
2020-21,2021-04-05,401307555,old,4,4,0.0013291574576363068,1.0,True,3,2,0.0004001772914311847,0.3113903943279989,False
2020-21,2021-04-05,401307555,new,5,5,0.0020953904612563547,1.0,True,3,2,0.0007625184999940155,0.37419191959924897,False
2020-21,2021-04-05,401307553,old,3,1,0.00011821705713803479,0.06710115099372226,False,2,0,0.0,0.0,False
2020-21,2021-04-05,401307553,new,2,1,0.00020675074363160615,0.3535945997467174,False,2,1,0.00012012907330171148,0.24117965122793764,False
2020-21,2021-04-05,401307559,old,6,4,0.0005995036366656858,0.27345390528667135,False,5,3,0.00047856790714423863,0.23103561471872733,False
2020-21,2021-04-05,401307559,new,2,1,0.00019404924982750505,0.24165167658968997,False,2,1,0.00019404924982750505,0.24165167658968997,False
2020-21,2021-04-05,401307558,old,8,6,0.0008406174242954984,0.4214859256464596,False,8,6,0.0007903364789407735,0.4051936001461254,False
2020-21,2021-04-05,401307558,new,1,0,0.0,0.0,False,1,0,0.0,0.0,False
2020-21,2021-04-05,401307557,old,6,5,0.0008441283131149355,0.42018986908389055,False,5,4,0.0006916887592137833,0.37258045668485656,False
2020-21,2021-04-05,401307557,new,1,0,0.0,0.0,False,1,0,0.0,0.0,False
2020-21,2021-04-05,401307554,old,9,7,0.0010683618166313655,0.3422501624415235,False,11,9,0.001328833440024728,0.38734901434744595,False
2020-21,2021-04-05,401307554,new,10,8,0.0017927810540048787,0.4318407138871499,False,12,10,0.002138229245618035,0.47097654539075073,False
2020-21,2021-04-05,401307556,old,6,4,0.0005231296235587668,0.3616237031687207,False,6,5,0.0006644858416393177,0.4694967534727529,False
2020-21,2021-04-05,401307556,new,6,4,0.0005229711031938159,0.37002815416011303,False,6,5,0.0006643824090815332,0.4686807357216134,False
2020-21,2021-04-06,401307560,old,6,4,0.000939762969225388,0.25085742069868333,False,5,3,0.00045587368751234266,0.16053887258653549,False
2020-21,2021-04-06,401307560,new,7,5,0.0012532955208305438,0.35973748677347905,False,7,5,0.0012655109353754193,0.3800982093920427,False
2020-21,2021-04-06,401307561,old,8,6,0.0008894484752807009,0.2908721696763303,False,9,7,0.0010227610990369037,0.32049364297124666,False
2020-21,2021-04-06,401307561,new,8,6,0.0011964676499011547,0.4050041980749734,False,8,6,0.001199181068349117,0.4064653842219841,False
2020-21,2021-04-06,401307563,old,7,5,0.0007596225016074933,0.274239347959043,False,7,5,0.0008384459486671205,0.2931695368569649,False
2020-21,2021-04-06,401307563,new,7,5,0.0012641608310077583,0.49364747746346876,False,5,3,0.0008323740571684431,0.3372226712157772,False
2020-21,2021-04-06,401307562,old,9,7,0.001035242932766182,0.35171366783397034,False,12,10,0.0014755565291049674,0.43607280110040075,False
2020-21,2021-04-06,401307562,new,10,8,0.001571444715052565,0.4088185942644572,False,12,10,0.002003585877063563,0.4685644482960616,False
2020-21,2021-04-06,401307564,old,3,2,0.0010201566382989416,0.48460336014369826,False,2,0,0.0,0.0,False
2020-21,2021-04-06,401307564,new,11,10,0.0027317157727238506,0.7209313427745201,True,9,7,0.0012842529308901454,0.3540801508728037,False
2020-21,2021-04-06,401307565,old,7,5,0.0007508808575831782,0.4082330553032706,False,7,5,0.0006642698918287278,0.3780221311387538,False
2020-21,2021-04-06,401307565,new,7,5,0.0007694400682627952,0.4070588702388745,False,7,6,0.0008227833607674112,0.45023408085298994,False
2020-21,2021-04-06,401307567,old,6,4,0.001044687118819601,0.4380553322980462,False,6,4,0.0004617133162896111,0.19111749755444957,False
2020-21,2021-04-06,401307567,new,8,6,0.0013506256757409127,0.41606657901902283,False,7,5,0.0008643949680724286,0.2646353717942847,False
2020-21,2021-04-06,401307566,old,11,10,0.0022509131236800044,0.6618810075932333,True,11,9,0.0013632977229966518,0.3995034128305694,False
2020-21,2021-04-06,401307566,new,8,7,0.0017973670088384792,0.779594846628245,True,8,6,0.0009255710338800802,0.3973063130210569,False
2020-21,2021-04-07,401307569,old,2,0,0.0,0.0,False,2,0,0.0,0.0,False
2020-21,2021-04-07,401307569,new,0,0,0.0,nan,False,0,0,0.0,nan,False
2020-21,2021-04-07,401307568,old,5,4,0.0005968401346953567,0.3146846684238994,False,4,3,0.0005024704807107101,0.2788002862746902,False
2020-21,2021-04-07,401307568,new,7,6,0.0012320189796801966,0.46624189046415343,False,6,5,0.0012073591921058313,0.46121383968090024,False
2020-21,2021-04-07,401307570,old,2,0,0.0,0.0,False,2,0,0.0,0.0,False
2020-21,2021-04-07,401307570,new,3,1,0.0001876054358999995,0.047714257608790445,False,3,1,0.0001876054358999995,0.047428651688542066,False
2020-21,2021-04-07,401307571,old,12,10,0.0015213475343880342,0.42815645853824896,False,12,10,0.0015061549939156395,0.4211792435439422,False
2020-21,2021-04-07,401307571,new,7,5,0.000724205284381143,0.3700917087402169,False,7,5,0.0007453241806960533,0.370308904297357,False
2020-21,2021-04-07,401307574,old,9,7,0.0010020412632660955,0.3257792829955742,False,9,7,0.0009402740251267422,0.32024608792696097,False
2020-21,2021-04-07,401307574,new,7,5,0.0009474886276093088,0.40666837056574734,False,7,5,0.0009699143368078972,0.42506693580214955,False
2020-21,2021-04-07,401307572,old,3,1,0.00010759505752521094,0.0511914652394494,False,2,0,0.0,0.0,False
2020-21,2021-04-07,401307572,new,7,5,0.001006103823290649,0.32707500004881773,False,6,4,0.0006250070609830844,0.23191633548581167,False
2020-21,2021-04-07,401307573,old,4,3,0.0012079838391259592,0.9026745336031109,True,3,2,0.00040183531708235215,0.31785446881719,False
2020-21,2021-04-07,401307573,new,3,3,0.0019164367418375904,1.0,True,3,2,0.0007640299758584862,0.378682647510063,False
2020-21,2021-04-07,401307575,old,11,9,0.0013674914821883565,0.39828631449791546,False,11,9,0.0012953987602712725,0.38538101317239887,False
2020-21,2021-04-07,401307575,new,8,6,0.0008705880827092814,0.37479618963633204,False,8,6,0.0008235393570214062,0.36187094312898516,False
2020-21,2021-04-07,401307576,old,5,3,0.00034952278755917196,0.2731734750440161,False,5,3,0.0003489839946025332,0.27286727966673774,False
2020-21,2021-04-07,401307576,new,5,3,0.00034952278755917196,0.27320445702613905,False,5,3,0.0003489839946025332,0.2728982399605474,False
2020-21,2021-04-08,401313155,old,3,1,0.0002545729835493584,0.07493902291972182,False,2,0,0.0,0.0,False
2020-21,2021-04-08,401313155,new,3,1,0.0003023225034208397,0.15059194846857865,False,2,0,0.0,0.0,False
2020-21,2021-04-08,401307578,old,2,0,0.0,0.0,False,2,0,0.0,0.0,False
2020-21,2021-04-08,401307578,new,0,0,0.0,nan,False,0,0,0.0,nan,False
2020-21,2021-04-08,401307577,old,7,6,0.0016655593943628079,0.6683758997468507,True,8,6,0.0007967860058603905,0.304890022354315,False
2020-21,2021-04-08,401307577,new,10,9,0.003032160765247621,0.7817085026286333,True,9,7,0.0016126822964818495,0.3999698942932546,False
2020-21,2021-04-08,401307579,old,7,7,0.002509379828987721,1.0,True,7,5,0.0006534449744475064,0.2619039375546225,False
2020-21,2021-04-08,401307579,new,7,7,0.0032960427411855117,1.0,True,8,6,0.0011686719120200322,0.3391450955606979,False
2020-21,2021-04-08,401307580,old,6,4,0.0008970964075964938,0.5673447006670684,True,5,3,0.0005133730669145724,0.30875884173987483,False
2020-21,2021-04-08,401307580,new,7,5,0.0012067182041032183,0.4802357139275282,False,5,3,0.0010009524352298101,0.386473786354441,False
2020-21,2021-04-08,401307582,old,7,5,0.0007690814132521132,0.36915803891308896,False,8,6,0.0008643186374756228,0.3964110429781226,False
2020-21,2021-04-08,401307582,new,1,0,0.0,0.0,False,1,0,0.0,0.0,False
2020-21,2021-04-08,401307581,old,3,1,0.0001271744158709355,0.07021476668827036,False,2,0,0.0,0.0,False
2020-21,2021-04-08,401307581,new,3,1,0.00012617379987957597,0.06932792003350072,False,2,0,0.0,0.0,False
2020-21,2021-04-09,401307583,old,4,2,0.00036181639892357505,0.18575339669684926,False,5,3,0.000475912966485359,0.2383339796640301,False
2020-21,2021-04-09,401307583,new,7,6,0.0013397576328837517,0.4736356757260689,False,7,6,0.0014062436958505824,0.48572342727447965,False
2020-21,2021-04-09,401307584,old,10,8,0.0010112839607217402,0.30857499617523204,False,10,8,0.0010012844168250867,0.30337935697192503,False
2020-21,2021-04-09,401307584,new,5,3,0.0005280704552485095,0.19482378598028605,False,5,3,0.0005207849104950007,0.19724266114019112,False
2020-21,2021-04-09,401307585,old,6,5,0.0006750029552119122,0.4026002544857353,False,6,5,0.0007074019957517738,0.4139256463409463,False
2020-21,2021-04-09,401307585,new,6,5,0.0011671342545123936,0.45679626793666345,False,6,5,0.0012197044942743353,0.46774741147969695,False
2020-21,2021-04-09,401307586,old,4,2,0.00033155326007008,0.12824023147780916,False,5,3,0.00047634554541243145,0.18108364983954198,False
2020-21,2021-04-09,401307586,new,7,5,0.0013138034508933273,0.338956396227116,False,9,7,0.0015465711084328858,0.3910627211627677,False
2020-21,2021-04-09,401307588,old,10,8,0.0012679684929079711,0.3978842826139875,False,10,8,0.0012563616941895072,0.3956528737637313,False
2020-21,2021-04-09,401307588,new,7,5,0.000736394462344681,0.4013018734489388,False,7,5,0.0007360865806527153,0.4009758274658178,False
2020-21,2021-04-09,401307589,old,6,5,0.0014895518356187862,0.6081648292114495,True,7,5,0.0007078402523833109,0.28396449959410636,False
2020-21,2021-04-09,401307589,new,7,6,0.0017342049275619975,0.6099525586516941,True,8,6,0.0009805730072417066,0.33771334399363007,False
2020-21,2021-04-09,401307590,old,9,7,0.0011270282577097227,0.36972122660945406,False,10,8,0.0011917798149203543,0.3828309620516674,False
2020-21,2021-04-09,401307590,new,6,4,0.0006263469844396177,0.3313525575213783,False,7,5,0.0006837056636342751,0.3510445368508962,False
2020-21,2021-04-09,401307591,old,3,1,0.00014249280652642144,0.08068729312543277,False,3,1,0.00014249280652642144,0.08118813932526242,False
2020-21,2021-04-09,401307591,new,2,1,0.00015392293989978568,0.28014535728766266,False,2,1,0.00015392293989978568,0.28723253886416067,False
2020-21,2021-04-09,401307592,old,6,4,0.0006004464277624968,0.36622478871580283,False,6,5,0.0007371074515420213,0.4629560933661689,False
2020-21,2021-04-09,401307592,new,6,4,0.0006004464303130707,0.3806201372385869,False,6,5,0.0007370689687413149,0.46034777312920316,False
2020-21,2021-04-10,401307587,old,2,0,0.0,0.0,False,2,0,0.0,0.0,False
2020-21,2021-04-10,401307587,new,2,0,0.0,0.0,False,2,0,0.0,0.0,False
2020-21,2021-04-10,401307593,old,8,6,0.0008305938109444006,0.3251281811861573,False,7,5,0.0007401971620404065,0.2974232248126866,False
2020-21,2021-04-10,401307593,new,8,6,0.0013473112155530508,0.43807672077797016,False,7,5,0.0010400458799955823,0.3361583364401008,False
2020-21,2021-04-10,401307594,old,11,9,0.0012578841646822033,0.4255793664958949,False,10,8,0.001098225721677462,0.39393878736450205,False
2020-21,2021-04-10,401307594,new,6,5,0.0007412638581893236,0.47167870873352835,False,5,4,0.0006306188453242339,0.4316649121368722,False
2020-21,2021-04-10,401307595,old,6,4,0.0006982931890133238,0.34884312652874083,False,6,4,0.0006489696034426893,0.33239305269196173,False
2020-21,2021-04-10,401307595,new,2,0,0.0,0.0,False,2,0,0.0,0.0,False
2020-21,2021-04-10,401307597,old,10,8,0.001118959902342347,0.4219727171547457,False,10,8,0.0010648701263766011,0.40993667632732445,False
2020-21,2021-04-10,401307597,new,7,5,0.0007006336831072807,0.4600283357783394,False,6,4,0.0005762777130751473,0.41201926415531465,False
2020-21,2021-04-10,401307596,old,5,4,0.0006444039682706877,0.3668211711305625,False,5,4,0.0006425489218523396,0.3737388535295934,False
2020-21,2021-04-10,401307596,new,2,1,0.00010804259529027035,0.21415577745568756,False,2,1,0.00010804259529027035,0.21548010643201598,False
2020-21,2021-04-10,401307598,old,7,5,0.0010441298935325533,0.6130751103974525,True,6,4,0.000602575551302948,0.3307550173933701,False
2020-21,2021-04-10,401307598,new,7,5,0.001145332874059942,0.473675032028492,False,5,3,0.0009850205650538753,0.3910453489848687,False
2020-21,2021-04-11,401307599,old,2,0,0.0,0.0,False,2,0,0.0,0.0,False
2020-21,2021-04-11,401307599,new,2,0,0.0,0.0,False,2,0,0.0,0.0,False
2020-21,2021-04-11,401307600,old,9,7,0.0010042177839500025,0.3457071183631782,False,12,10,0.0014061787509342387,0.42524066186676035,False
2020-21,2021-04-11,401307600,new,10,8,0.0014504465290951553,0.38786969918448727,False,11,9,0.0018008182795366055,0.44030951270752766,False
2020-21,2021-04-11,401307602,old,4,3,0.001057305757721595,0.7635835362255565,True,4,2,0.00030291759390377803,0.20613929296563635,False
2020-21,2021-04-11,401307602,new,3,3,0.0010154900812185397,1.0,True,3,2,0.00029051469243943274,0.2600973630480826,False
2020-21,2021-04-11,401307601,old,4,2,0.0003437156282531646,0.16203398641926003,False,4,2,0.0003435149701821158,0.16194618794845272,False
2020-21,2021-04-11,401307601,new,3,2,0.00026393135090752436,0.3855220511531598,False,3,2,0.00026393135090752436,0.38791089587060723,False
2020-21,2021-04-11,401307605,old,3,1,0.00013168987347150136,0.05770810910521144,False,3,1,0.00017939979972852622,0.07700522702364557,False
2020-21,2021-04-11,401307605,new,10,8,0.0016743605599869372,0.39296931638791105,False,10,8,0.0017368897680937485,0.40174894325609833,False
2020-21,2021-04-11,401307604,old,9,8,0.0022083602516126217,0.671305980295722,True,9,7,0.0011884466341181216,0.3712893754618599,False
2020-21,2021-04-11,401307604,new,6,5,0.00231501557403574,0.8623653236870494,True,7,5,0.0011425180943923062,0.3977476019499747,False
2020-21,2021-04-11,401307606,old,7,6,0.0009392701886885591,0.4065050691588306,False,5,4,0.0005933845096600067,0.3361584212456979,False
2020-21,2021-04-11,401307606,new,3,2,0.00031929683447052756,0.3266930152516818,False,2,1,0.00015019908348128,0.23204515319502786,False
2020-21,2021-04-11,401307603,old,6,4,0.0005695542979426139,0.20477222785510069,False,5,3,0.0003986415534268,0.15215188786437978,False
2020-21,2021-04-11,401307603,new,6,4,0.001056193669468509,0.3820164560473931,False,6,4,0.001074804949443409,0.3857665021289717,False
2020-21,2021-04-11,401307608,old,5,4,0.0009452255982108979,0.6906070043006276,True,6,4,0.0005448024875971859,0.20365749693857044,False
2020-21,2021-04-11,401307608,new,11,10,0.002574891014743324,0.7229016238882735,True,10,8,0.0017453622502999206,0.39085028602169797,False
2020-21,2021-04-11,401307607,old,6,4,0.0006329769770577787,0.3759826002353464,False,6,4,0.0006320533323288339,0.3760823942600199,False
2020-21,2021-04-11,401307607,new,6,5,0.000758952728845903,0.4672123955517871,False,6,4,0.0006325095322421305,0.38923163033715585,False
2020-21,2021-04-12,401307609,old,5,3,0.00047776833164126653,0.1917662003470889,False,6,4,0.0006218820482587322,0.25007604835841124,False
2020-21,2021-04-12,401307609,new,9,7,0.001469181172438982,0.37621633032252466,False,10,8,0.0017346656572365911,0.42642303075313726,False
2020-21,2021-04-12,401307612,old,6,5,0.0016774768929459746,0.6816887413374838,True,6,4,0.0006849221053562472,0.27706934266423655,False
2020-21,2021-04-12,401307612,new,8,7,0.002654204325275525,0.7721680855115665,True,8,6,0.0012919018369068331,0.37274028657650055,False
2020-21,2021-04-12,401307610,old,5,3,0.0005124375903364719,0.28456403489368215,False,5,3,0.000508581862566878,0.2841979207344163,False
2020-21,2021-04-12,401307610,new,5,3,0.00038363737871292965,0.38251925278086146,False,5,3,0.00040031149947628513,0.39243761942540123,False
2020-21,2021-04-12,401307613,old,7,5,0.0009189752877422506,0.275462511242863,False,6,4,0.0005830911099161195,0.21786147403339268,False
2020-21,2021-04-12,401307613,new,9,7,0.0013646005712390596,0.44037276261231245,False,8,6,0.0010776320346930145,0.41020316901862647,False
2020-21,2021-04-12,401307614,old,3,1,0.0001472947288266145,0.060581525907736127,False,2,0,0.0,0.0,False
2020-21,2021-04-12,401307614,new,3,1,0.00022173574139286545,0.1886493040904566,False,3,1,0.00022173574139286545,0.18876853766467694,False
2020-21,2021-04-12,401307615,old,5,3,0.0004901953662368117,0.35526975239113934,False,5,3,0.0004169857530984535,0.31914439426430385,False
2020-21,2021-04-12,401307615,new,3,1,0.00015984223354258007,0.3788314405907885,False,2,0,0.0,0.0,False
2020-21,2021-04-12,401307617,old,4,3,0.00044512007783842046,0.4008456386426717,False,4,3,0.0004451585630742888,0.4008664029670515,False
2020-21,2021-04-12,401307617,new,4,3,0.00044510083525166897,0.4008769364888702,False,4,3,0.0004451585630742888,0.4009080845700299,False
2020-21,2021-04-12,401307616,old,10,8,0.0011919085904397925,0.39529094966731515,False,10,8,0.0011782118464210196,0.39303897834460133,False
2020-21,2021-04-12,401307616,new,10,8,0.0011716236646624881,0.45060642058480743,False,10,8,0.0011648890767319282,0.4500078068426852,False
2020-21,2021-04-13,401320524,old,5,4,0.0005720828273068466,0.430404856269478,False,5,4,0.0005651169999716594,0.42091383477620936,False
2020-21,2021-04-13,401320524,new,4,3,0.0004433100923774156,0.36950602258956206,False,5,4,0.0005651158180379026,0.4211185368516743,False
2020-21,2021-04-13,401307619,old,10,8,0.001511857564500635,0.4197259614446632,False,12,10,0.0015144771734625097,0.4201476665240714,False
2020-21,2021-04-13,401307619,new,8,6,0.0014743342377185346,0.45756021677281744,False,8,6,0.0012443194871270813,0.41586138269052775,False
2020-21,2021-04-13,401307618,old,8,6,0.0010292905569250956,0.3491708022040235,False,9,7,0.0011324284709526005,0.3711462174346487,False
2020-21,2021-04-13,401307618,new,10,8,0.0019621041143482597,0.44364227657797345,False,10,8,0.002090312272082406,0.45929840793956234,False
2020-21,2021-04-13,401307620,old,5,3,0.0003798289451174295,0.1464216939339361,False,8,6,0.000752516522464181,0.25294262264607636,False
2020-21,2021-04-13,401307620,new,8,6,0.0011839968048899508,0.32177449239259315,False,11,9,0.0017164983483870643,0.387718683412704,False
2020-21,2021-04-13,401307621,old,7,5,0.0006900146887030667,0.4210461520254792,False,7,5,0.0005928943329075005,0.3824804411312497,False
2020-21,2021-04-13,401307621,new,2,1,0.00011553263551213785,0.2994215034334868,False,2,1,0.00011553263551213785,0.2994215034334868,False
2020-21,2021-04-13,401307622,old,12,11,0.0025516708986142744,0.8034088796602806,True,11,9,0.0013335427479121062,0.41776110287416285,False
2020-21,2021-04-13,401307622,new,11,10,0.003185905749962617,0.8360523552043376,True,10,8,0.0016325730225224089,0.4314906325405338,False
2020-21,2021-04-13,401307623,old,4,2,0.0007008963824391953,0.2569650357289722,False,4,2,0.00026704431182228606,0.09172958505170298,False
2020-21,2021-04-13,401307623,new,10,8,0.0015120776496202089,0.3341785078279638,False,10,8,0.0018350226674351074,0.35669325186214135,False
2020-21,2021-04-14,401307629,old,3,3,0.0010154489132292207,1.0,True,3,2,0.00033382083376814434,0.30806099424545125,False
2020-21,2021-04-14,401307629,new,3,3,0.001048610503666219,1.0,True,3,2,0.0003331665718711834,0.30892992579488565,False
2020-21,2021-04-14,401307624,old,10,8,0.0012068467482343169,0.4085431452660506,False,10,8,0.0010894323470212396,0.3840612697962385,False
2020-21,2021-04-14,401307624,new,7,6,0.0014809894167905787,0.48533284471437443,False,6,5,0.0013719427545035331,0.4662593448985113,False
2020-21,2021-04-14,401307625,old,2,0,0.0,0.0,False,2,0,0.0,0.0,False
2020-21,2021-04-14,401307625,new,2,0,0.0,0.0,False,2,0,0.0,0.0,False
2020-21,2021-04-14,401307626,old,8,6,0.0010078298178328095,0.36236113683817633,False,7,5,0.0007602012790027745,0.3000411088504001,False
2020-21,2021-04-14,401307626,new,8,6,0.0009110288424548755,0.5395611566043366,True,5,3,0.0004414255285672652,0.3621628250924599,False
2020-21,2021-04-14,401307630,old,6,4,0.0005476031447156829,0.20200780360832638,False,6,4,0.000531088725581604,0.1957854572578852,False
2020-21,2021-04-14,401307630,new,11,9,0.0019110621681725185,0.47818675418937195,False,10,8,0.0018708337575748454,0.47298770263755757,False
2020-21,2021-04-14,401307628,old,5,3,0.0005051483357636993,0.19037196777767704,False,5,3,0.0005051483357636993,0.2971093815244321,False
2020-21,2021-04-14,401307628,new,3,2,0.00027362150089255057,0.332834572032159,False,4,2,0.00027362150089255057,0.37285299795365934,False
2020-21,2021-04-14,401307627,old,5,3,0.0004999615167688551,0.34763411522146637,False,5,3,0.000499923031125103,0.34651828501213827,False
2020-21,2021-04-14,401307627,new,5,3,0.0004999615167688551,0.3643707108296686,False,5,3,0.000499923031125103,0.3653222651720917,False
2020-21,2021-04-14,401307632,old,6,4,0.0006420673739631481,0.278618768490779,False,5,3,0.0004918853159679371,0.23443878233867219,False
2020-21,2021-04-14,401307632,new,4,3,0.000526833068333928,0.446834055247706,False,4,3,0.0005273088185744573,0.4528805967236429,False
2020-21,2021-04-14,401307631,old,4,2,0.0004040040312011119,0.2516835195744577,False,4,3,0.0005003622055647914,0.315645178759252,False
2020-21,2021-04-14,401307631,new,7,5,0.001286417553451762,0.4463801227423963,False,6,5,0.001401617011185909,0.4865715214311434,False
2020-21,2021-04-14,401307633,old,2,1,0.0013348466737470564,0.4882445857643312,False,2,0,0.0,0.0,False
2020-21,2021-04-14,401307633,new,6,5,0.0025644475055727743,0.5711508803424912,True,7,5,0.000782965000997099,0.16864286590777927,False
2020-21,2021-04-14,401307634,old,10,9,0.0022745590857959222,0.7523726204903775,True,10,8,0.0011242198577329483,0.36367324599356443,False
2020-21,2021-04-14,401307634,new,9,8,0.003000313587632455,0.7921987529536818,True,9,7,0.001525366145736155,0.3947176717464175,False
2020-21,2021-04-14,401307635,old,2,0,0.0,0.0,False,2,0,0.0,0.0,False
2020-21,2021-04-14,401307635,new,3,2,0.000389387007627937,0.6083809572492651,True,2,1,0.00015993506315748065,0.3895286067686415,False
2020-21,2021-04-15,401307636,old,6,5,0.0016065249736090421,0.5935085546998884,True,7,5,0.0007409896879551041,0.2818845330348484,False
2020-21,2021-04-15,401307636,new,8,7,0.002000033142994749,0.6099193852276242,True,9,7,0.0011435211512061984,0.3565026836565222,False
2020-21,2021-04-15,401307637,old,8,6,0.0009887912034012834,0.35765107950352876,False,8,6,0.0008620469707567426,0.33236817577922934,False
2020-21,2021-04-15,401307637,new,4,3,0.000751677610652187,0.46478493241414676,False,3,2,0.0005991002580254518,0.42121966783137765,False
2020-21,2021-04-15,401307639,old,8,6,0.0010381525965117316,0.40348819505724215,False,8,6,0.0009242590192904007,0.3758601081447926,False
2020-21,2021-04-15,401307639,new,3,2,0.0003412869516783049,0.3415498407156275,False,3,2,0.0003412869516783049,0.3415498407156275,False
2020-21,2021-04-15,401307638,old,4,2,0.00023731676342594058,0.10803979272558553,False,7,5,0.0006196467185761725,0.23989663620998936,False
2020-21,2021-04-15,401307638,new,7,5,0.0007254603568926321,0.25341327565986893,False,10,8,0.001248082356564593,0.3559664326155729,False
2020-21,2021-04-16,401307640,old,6,4,0.0007277421183097362,0.32771866610734124,False,6,4,0.0007588499563703858,0.3370062538400393,False
2020-21,2021-04-16,401307640,new,8,6,0.001790985646500881,0.45737884538735946,False,7,5,0.0017615034995901511,0.4532624032615163,False
2020-21,2021-04-16,401307641,old,3,1,0.0001782301844561042,0.1760008251171448,False,2,0,0.0,0.0,False
2020-21,2021-04-16,401307641,new,1,0,0.0,0.0,False,1,0,0.0,0.0,False
2020-21,2021-04-16,401307643,old,5,3,0.0005586431580276071,0.21376870741940102,False,5,3,0.00048734408176234794,0.1917124318966327,False
2020-21,2021-04-16,401307643,new,6,4,0.0007186704757993222,0.4753669925956339,False,6,4,0.0006132325404270189,0.4362277946532868,False
2020-21,2021-04-16,401307644,old,8,6,0.0009061781270702929,0.3198613214063841,False,10,8,0.0012658779864666912,0.3953303323444649,False
2020-21,2021-04-16,401307644,new,10,8,0.0017643169735626078,0.41964192455764143,False,11,9,0.002130424935562626,0.4652148565819683,False
2020-21,2021-04-16,401307642,old,2,0,0.0,0.0,False,2,0,0.0,0.0,False
2020-21,2021-04-16,401307642,new,2,0,0.0,0.0,False,2,0,0.0,0.0,False
2020-21,2021-04-16,401307645,old,5,3,0.0005393861129937749,0.30435724974564377,False,5,3,0.00046842782562455954,0.2643178986175233,False
2020-21,2021-04-16,401307645,new,4,2,0.0002577340435032213,0.3999141370668456,False,2,1,0.00013257993177660693,0.3535105917499018,False
2020-21,2021-04-16,401307646,old,9,7,0.001722521784595397,0.3950321125052687,False,8,6,0.0010230178474014049,0.33190048854295723,False
2020-21,2021-04-16,401307646,new,10,8,0.0018238371937507251,0.5030971320209359,True,7,5,0.001164739387141829,0.41962379278420714,False
2020-21,2021-04-16,401307647,old,4,2,0.00025248786174336945,0.22035501586184197,False,4,3,0.0004283302904976445,0.3787600614614417,False
2020-21,2021-04-16,401307647,new,4,2,0.00025273435860140645,0.21912497333639835,False,4,3,0.0004337503884807577,0.37201578332211177,False
2020-21,2021-04-16,401307648,old,9,9,0.0023515141124812156,1.0,True,7,6,0.0009682562358946393,0.43497479409781026,False
2020-21,2021-04-16,401307648,new,7,7,0.0033511775368142284,1.0,True,6,5,0.0015829941640164505,0.4715092668597229,False
2020-21,2021-04-16,401307649,old,8,6,0.0011327431366319949,0.3874789987900934,False,7,5,0.000862499209965645,0.29064738705053933,False
2020-21,2021-04-16,401307649,new,7,5,0.0010081581133921682,0.3185491028635337,False,8,6,0.0012931235319077808,0.37725560321220997,False
2020-21,2021-04-16,401307650,old,6,5,0.0008574814647547424,0.7484321491722374,True,7,5,0.0008128281682834459,0.26811959630971555,False
2020-21,2021-04-16,401307650,new,8,7,0.002102383140113982,0.7883595721842805,True,8,6,0.0020154794159238047,0.39205725024981974,False
2020-21,2021-04-17,401307651,old,4,2,0.00034156340968437716,0.25602824094232146,False,4,2,0.00032128913932447675,0.24326126304325138,False
2020-21,2021-04-17,401307651,new,6,4,0.0008448606925245042,0.45985667063629737,False,4,2,0.0005255546165929181,0.30346921448048403,False
2020-21,2021-04-17,401307653,old,3,1,0.0007261212743479486,0.22843883074558777,False,2,0,0.0,0.0,False
2020-21,2021-04-17,401307653,new,2,1,0.00012808041490795847,0.2834968116385258,False,1,0,0.0,0.0,False
2020-21,2021-04-17,401307652,old,7,5,0.0007680707835283265,0.3760717280849716,False,7,5,0.0007398650205557817,0.3671536686467,False
2020-21,2021-04-17,401307652,new,4,2,0.0003749399873100772,0.42929536393526213,False,4,2,0.0002816732312137973,0.3580438792274419,False
2020-21,2021-04-17,401307654,old,8,6,0.0010588410279027203,0.32023524518542174,False,4,2,0.000287954392295133,0.1210977704492718,False
2020-21,2021-04-17,401307654,new,8,6,0.0015991076515260694,0.4180238277632755,False,6,4,0.0010132656071157927,0.32770922611298275,False
2020-21,2021-04-17,401307655,old,9,8,0.001838342740873756,0.6082872456898001,True,9,7,0.0010039444636033728,0.34905388688501143,False
2020-21,2021-04-17,401307655,new,8,7,0.0021601599419661956,0.6007047043556275,True,8,6,0.0013957490673489313,0.3967280592456996,False
2020-21,2021-04-17,401307656,old,7,5,0.0008251735646786116,0.3553947287256546,False,7,5,0.0008251247247579296,0.3553811692275849,False
2020-21,2021-04-17,401307656,new,6,4,0.0006746359932618235,0.40519181872006105,False,6,4,0.0006748323413708492,0.40526195514159485,False
2020-21,2021-04-18,401307657,old,5,3,0.00039506149222764714,0.13611561744768155,False,5,3,0.0003738657632625449,0.1297603993774717,False
2020-21,2021-04-18,401307657,new,5,3,0.0006544361572433801,0.15707637117947643,False,5,3,0.0007388520907237495,0.1738159606054514,False
2020-21,2021-04-18,401307658,old,7,5,0.0008419883460898805,0.28917340295975863,False,7,5,0.0008689909435537546,0.2892504537535136,False
2020-21,2021-04-18,401307658,new,9,7,0.0017599968491858505,0.4722408745823315,False,8,6,0.0017082466022191225,0.45918640422614404,False
2020-21,2021-04-18,401307659,old,10,9,0.0025566102709168653,0.7663979479556238,True,10,8,0.0013720556452071545,0.4075206702095619,False
2020-21,2021-04-18,401307659,new,10,9,0.004019124070728408,0.837598095601918,True,10,8,0.0021945346039357336,0.4539949307949945,False
2020-21,2021-04-18,401307660,old,6,4,0.0009449924716604883,0.3317084220937918,False,6,4,0.0006898771746100274,0.22582827009526388,False
2020-21,2021-04-18,401307660,new,8,6,0.0017426086482417512,0.35622283408922867,False,8,6,0.0022482620941036563,0.403174852739129,False
2020-21,2021-04-18,401307662,old,4,2,0.0003093188488214695,0.16912856214478028,False,3,1,0.00017653204774261487,0.10423381282797574,False
2020-21,2021-04-18,401307662,new,2,1,0.00016441079027697863,0.4056117902093495,False,2,1,0.00016441079027697863,0.4056117902093495,False
2020-21,2021-04-18,401307661,old,1,0,0.0,0.0,False,1,0,0.0,0.0,False
2020-21,2021-04-18,401307661,new,1,0,0.0,0.0,False,1,0,0.0,0.0,False
2020-21,2021-04-18,401307663,old,11,10,0.002714511712482569,0.7732190612991795,True,10,8,0.0013522145874839508,0.4081358448825234,False
2020-21,2021-04-18,401307663,new,6,6,0.0029173284971634504,1.0,True,6,5,0.0013247827644868647,0.45111614268522265,False
2020-21,2021-04-18,401307664,old,5,4,0.0006159174932640623,0.44180653782161855,False,5,4,0.0006159559778440193,0.44185520235227604,False
2020-21,2021-04-18,401307664,new,5,4,0.0006159163255285502,0.4415835960075838,False,5,4,0.0006159548101085071,0.4415958343961396,False
2020-21,2021-04-19,401307665,old,4,2,0.0002696078440128519,0.2695923346400893,False,2,0,0.0,0.0,False
2020-21,2021-04-19,401307665,new,1,0,0.0,0.0,False,1,0,0.0,0.0,False
2020-21,2021-04-19,401307666,old,10,8,0.0019363155029923432,0.4414418337388935,False,11,9,0.0014681509835075001,0.4289385598752049,False
2020-21,2021-04-19,401307666,new,7,5,0.0010712744601649455,0.4043567485395847,False,8,6,0.0009445361303162754,0.3991252729710321,False
2020-21,2021-04-19,401307669,old,7,6,0.0015441537548288576,0.7717347097002725,True,6,5,0.0008414110452186538,0.4048994413850871,False
2020-21,2021-04-19,401307669,new,7,6,0.0025443760013936635,0.7235627972764574,True,6,5,0.0016517981843470844,0.47227831565033473,False
2020-21,2021-04-19,401307667,old,12,10,0.0014914517950868308,0.4774205230211351,False,8,6,0.0008590737381769045,0.3545507247686276,False
2020-21,2021-04-19,401307667,new,9,7,0.0014630279622993628,0.4823506692833504,False,8,6,0.0011318500494703792,0.42927219201815886,False
2020-21,2021-04-19,401307670,old,5,3,0.0005072589077786723,0.25612520790301563,False,5,3,0.0005072587494853758,0.25587187630367964,False
2020-21,2021-04-19,401307670,new,3,2,0.00039813971679645226,0.5105569015364705,True,3,2,0.0003094229759080201,0.44772672907991007,False
2020-21,2021-04-19,401307668,old,6,4,0.0005442378967556031,0.20609958143964852,False,5,3,0.00037812356378167516,0.15280555457402795,False
2020-21,2021-04-19,401307668,new,8,6,0.0014016348872945338,0.46035805179626027,False,6,4,0.0011979504836636837,0.42166833104836277,False
2020-21,2021-04-19,401307671,old,5,4,0.0011448583739092563,0.6052246087568004,True,5,3,0.0004014393415134584,0.2101287204521303,False
2020-21,2021-04-19,401307671,new,5,4,0.0011417945307272167,0.6045841584905063,True,5,3,0.0004013623710431554,0.21037447681627242,False
2020-21,2021-04-19,401307672,old,9,7,0.001324590664513625,0.3933136668503865,False,11,9,0.0013431869350910906,0.396645290308658,False
2020-21,2021-04-19,401307672,new,7,5,0.0017510902510384943,0.4184073050880839,False,7,5,0.0014295512832128501,0.3700055554050089,False
2020-21,2021-04-19,401307673,old,5,3,0.0004247132864186605,0.2992780550389154,False,5,3,0.0003842749397598408,0.2781530785763611,False
2020-21,2021-04-19,401307673,new,6,4,0.0005598655707081204,0.3605379179825781,False,6,4,0.0005071600628941846,0.32114543682085345,False
2020-21,2021-04-20,401307675,old,2,0,0.0,0.0,False,2,0,0.0,0.0,False
2020-21,2021-04-20,401307675,new,3,1,0.00017579547083099848,0.04124982935001738,False,3,1,0.00017579547083099848,0.04088951853366235,False
2020-21,2021-04-20,401307674,old,7,5,0.001059565812780368,0.4045485033270265,False,9,7,0.0011083106666961425,0.41600203741566916,False
2020-21,2021-04-20,401307674,new,6,4,0.0011495523161385007,0.41215604689580265,False,8,6,0.0012016634774615726,0.42368471144943504,False
2020-21,2021-04-20,401307676,old,11,9,0.0014072186577688238,0.453871651916313,False,11,9,0.0013495428016792159,0.4425878158542192,False
2020-21,2021-04-20,401307676,new,7,5,0.0007302900079750024,0.43043978892464424,False,7,5,0.0007308769077920668,0.4291926564475957,False
2020-21,2021-04-20,401307678,old,6,5,0.000907518278874536,0.5287422908793667,True,5,4,0.0006479188428621306,0.4447633172101723,False
2020-21,2021-04-20,401307678,new,0,0,0.0,nan,False,0,0,0.0,nan,False
2020-21,2021-04-20,401307677,old,12,10,0.0019009416765419596,0.5031812638098501,True,12,10,0.0016550208886516513,0.4376666918535975,False
2020-21,2021-04-20,401307677,new,12,10,0.002334609750973935,0.4598988651058653,False,12,10,0.002230307816739996,0.45716377005923026,False
2020-21,2021-04-21,401307684,old,9,7,0.0013576109367000242,0.4486593513815051,False,9,7,0.001251716168734887,0.42834887992348203,False
2020-21,2021-04-21,401307684,new,7,5,0.0007434934569531557,0.4252730204482041,False,6,4,0.0006247175498392069,0.38288316351375873,False
2020-21,2021-04-21,401307679,old,7,5,0.0010471896475389099,0.36346935544928144,False,6,4,0.0006592797265849284,0.320535258332414,False
2020-21,2021-04-21,401307679,new,3,2,0.0003724886808846897,0.4097086804274548,False,2,1,0.00014525300396200303,0.3090837051335219,False
2020-21,2021-04-21,401307680,old,6,4,0.0005309940243110055,0.27966305451193146,False,6,4,0.0005309940243110055,0.28719373473809867,False
2020-21,2021-04-21,401307680,new,3,2,0.0005226540620940329,0.3570275244155553,False,3,2,0.0006465197701245214,0.4071873396396976,False
2020-21,2021-04-21,401307681,old,2,0,0.0,0.0,False,2,0,0.0,0.0,False
2020-21,2021-04-21,401307681,new,2,0,0.0,0.0,False,2,0,0.0,0.0,False
2020-21,2021-04-21,401307682,old,10,8,0.002030867138208441,0.45856613886148156,False,7,5,0.0009431197170416068,0.30309864161957084,False
2020-21,2021-04-21,401307682,new,10,8,0.002463374743756279,0.557371362097153,True,7,5,0.0013562659484813338,0.4380866857378054,False
2020-21,2021-04-21,401307685,old,1,0,0.0,0.0,False,1,0,0.0,0.0,False
2020-21,2021-04-21,401307685,new,1,0,0.0,0.0,False,1,0,0.0,0.0,False
2020-21,2021-04-21,401307683,old,2,0,0.0,0.0,False,3,1,0.0001122388722872054,0.03702364828154307,False
2020-21,2021-04-21,401307683,new,4,2,0.00026893841150869336,0.07231578201302334,False,4,2,0.00040057115697848166,0.10568694538182045,False
2020-21,2021-04-21,401307687,old,9,8,0.0021584181213025375,0.7209024683558977,True,7,5,0.0007358582150390661,0.24903285177612067,False
2020-21,2021-04-21,401307687,new,10,9,0.0034164634384764836,0.8838476250936281,True,8,6,0.001554911314473859,0.4150033811797818,False
2020-21,2021-04-21,401307686,old,7,6,0.002508759168019965,0.8976059490663091,True,9,7,0.0012418956320118797,0.41510569903256267,False
2020-21,2021-04-21,401307686,new,8,7,0.0038169535183381954,0.9655584396554943,True,8,6,0.0017338944140042856,0.44610891370997274,False
2020-21,2021-04-21,401307689,old,8,6,0.0012987423475672223,0.3737482627600727,False,11,9,0.0015029105645672886,0.41107993504355417,False
2020-21,2021-04-21,401307689,new,8,6,0.0020112170635056023,0.4006231455470759,False,8,6,0.0017337867229281548,0.39130119932115137,False
2020-21,2021-04-21,401307688,old,11,9,0.0018819802945965432,0.46612185795671784,False,13,11,0.001861639575618684,0.4634186073750509,False
2020-21,2021-04-21,401307688,new,10,8,0.00254954903984414,0.49144152254445567,False,9,7,0.0020125612318737064,0.4327240618125181,False
2020-21,2021-04-21,401307690,old,6,4,0.0007327632712448857,0.458760380364418,False,5,3,0.00046323028061653085,0.35609538526784545,False
2020-21,2021-04-21,401307690,new,2,1,0.00010964346473296578,0.4067383186785524,False,0,0,0.0,nan,False
2020-21,2021-04-22,401307692,old,7,5,0.0009048529226302187,0.4392927211975687,False,7,5,0.0008333263501830099,0.40457261781827264,False
2020-21,2021-04-22,401307692,new,3,1,0.00016409298723024917,0.29488860982405096,False,3,1,0.00016409298723024917,0.29665822029560845,False
2020-21,2021-04-22,401307691,old,9,7,0.0013873848671405952,0.43081641425486317,False,11,9,0.0014698584301508848,0.4450292309465634,False
2020-21,2021-04-22,401307691,new,9,7,0.0015669829266506932,0.440995107387089,False,10,8,0.0015354461474897808,0.43598929939626463,False
2020-21,2021-04-22,401307693,old,5,4,0.0010853357214185013,0.5892425660338466,True,5,3,0.0004554341118662329,0.24560899609314274,False
2020-21,2021-04-22,401307693,new,5,4,0.001080469416030135,0.5881544787813121,True,5,3,0.00045528017079086037,0.2457542975066676,False
2020-21,2021-04-22,401307694,old,8,6,0.0009319908232316762,0.4383635662771345,False,6,4,0.0005768354511050481,0.32752953430457327,False
2020-21,2021-04-22,401307694,new,4,2,0.0003759964738560372,0.40518136535250765,False,3,1,0.00017638999642585634,0.24180214019967233,False
2020-21,2021-04-22,401307695,old,9,7,0.0013821728528838507,0.369855183804869,False,7,5,0.0007865667688330472,0.29279319369644274,False
2020-21,2021-04-22,401307695,new,9,7,0.0014333081967849643,0.4394265085285661,False,7,5,0.0012756259521464759,0.4268335611646557,False
2020-21,2021-04-22,401307696,old,5,4,0.0019953757721230436,0.7112312644477754,True,6,4,0.000579627288914352,0.20328658551943404,False
2020-21,2021-04-22,401307696,new,7,6,0.003337126994800017,0.8050118203071407,True,6,4,0.0010334858369262137,0.2636009337976352,False
2020-21,2021-04-23,401307697,old,3,2,0.0015785815997514873,0.49491365873943893,False,2,0,0.0,0.0,False
2020-21,2021-04-23,401307697,new,5,4,0.0023902527934596524,0.5295541922587359,True,3,1,0.00010761197933107749,0.02461302248912141,False
2020-21,2021-04-23,401307698,old,6,4,0.0009193231626850187,0.32363385555089524,False,10,8,0.001325089393527422,0.4078729721378863,False
2020-21,2021-04-23,401307698,new,6,4,0.0010229080103235544,0.3376963256284769,False,9,7,0.0013568074229740692,0.4031545107735006,False
2020-21,2021-04-23,401307699,old,4,2,0.00036797041792666286,0.20987490765406994,False,4,2,0.00036797041792666286,0.20987490765406994,False
2020-21,2021-04-23,401307699,new,5,4,0.0010041274148137333,0.42974955849554963,False,5,4,0.0010892401000990664,0.44979187458355563,False
2020-21,2021-04-23,401307701,old,7,5,0.0008830387638388918,0.3778256763520808,False,7,5,0.0008596530367663361,0.37179629464670516,False
2020-21,2021-04-23,401307701,new,4,3,0.0005233365123812909,0.49343223426084115,False,4,3,0.00042501745238087546,0.44167497207924594,False
2020-21,2021-04-23,401307700,old,4,3,0.0005182804827683884,0.4289536557282314,False,4,3,0.0005182804827683884,0.4289399930075246,False
2020-21,2021-04-23,401307700,new,4,3,0.0005182804827683884,0.4289536557282314,False,4,3,0.0005182804827683884,0.4289399930075246,False
2020-21,2021-04-23,401307703,old,3,1,0.00034826239838787885,0.09269350821489382,False,2,0,0.0,0.0,False
2020-21,2021-04-23,401307703,new,5,3,0.001334392711193576,0.20128909506105705,False,4,2,0.0004245251007306162,0.08803424611418192,False
2020-21,2021-04-23,401307702,old,10,8,0.0019047917442533177,0.5064346801155379,True,9,7,0.0011138366494717732,0.3856117344667822,False
2020-21,2021-04-23,401307702,new,8,6,0.002060724102363561,0.515501472209764,True,8,6,0.001430823133171682,0.43472426979702583,False
2020-21,2021-04-24,401307704,old,12,10,0.001934577281656773,0.46771628927117276,False,12,10,0.0018788438086564639,0.4454606276746276,False
2020-21,2021-04-24,401307704,new,8,6,0.0012986014977329886,0.4205788672662803,False,8,6,0.001379487508032632,0.418965254529072,False
2020-21,2021-04-24,401307705,old,4,3,0.0009968101325179073,0.5400553101527586,True,4,2,0.0002673953208840668,0.14466478773403804,False
2020-21,2021-04-24,401307705,new,4,3,0.0009945331078115443,0.5394871964703584,True,4,2,0.0002673953208840668,0.1446549891167003,False
2020-21,2021-04-24,401307706,old,5,3,0.0005511421945419328,0.2886809802232521,False,5,3,0.0005511421945419328,0.28879772739689724,False
2020-21,2021-04-24,401307706,new,5,3,0.0008558848035497625,0.40225090376905415,False,4,2,0.000803674673527029,0.38656255681149054,False
2020-21,2021-04-24,401307707,old,13,12,0.003175034557431283,0.7205856991358424,True,12,10,0.0016384868998066536,0.43127405694223553,False
2020-21,2021-04-24,401307707,new,9,8,0.003292438755150757,0.8916754703079725,True,7,5,0.0013906127003450498,0.4119241015555611,False
2020-21,2021-04-24,401307708,old,6,4,0.0009288812860740538,0.27684504643415975,False,4,2,0.0002424061343990642,0.09084047873732151,False
2020-21,2021-04-24,401307708,new,4,2,0.0005419970020828735,0.2896641566604427,False,3,1,0.0001600135768801902,0.1075418594487594,False
2020-21,2021-04-24,401307709,old,4,3,0.0016673820828826693,0.6252112753921789,True,3,1,0.0001425358482240203,0.05501633774591329,False
2020-21,2021-04-24,401307709,new,7,6,0.002939691457990195,0.7502596869982906,True,5,3,0.0006340343017675233,0.1714772839699984,False
2020-21,2021-04-24,401307710,old,2,0,0.0,0.0,False,2,0,0.0,0.0,False
2020-21,2021-04-24,401307710,new,3,1,0.00012709477331252392,0.26253038773281545,False,1,0,0.0,0.0,False
2020-21,2021-04-24,401307711,old,4,2,0.00031249999863513074,0.26065951317118824,False,4,3,0.0005028479037894707,0.41891631801063184,False
2020-21,2021-04-24,401307711,new,4,2,0.00031249999863513074,0.2631706304992793,False,4,3,0.0005028479037894707,0.41876853788335566,False
2020-21,2021-04-25,401307712,old,7,5,0.0009584863890688566,0.2737376886146549,False,8,6,0.000957123081071587,0.2734548066484165,False
2020-21,2021-04-25,401307712,new,7,5,0.001343816427386164,0.2998287031945454,False,8,6,0.0013419608568971517,0.29953870528986587,False
2020-21,2021-04-25,401307713,old,6,4,0.000507966444834498,0.24191715608864273,False,6,4,0.0005080049300567463,0.24191774862180426,False
2020-21,2021-04-25,401307713,new,6,4,0.000507966444834498,0.24191715608864273,False,6,4,0.0005080049300567463,0.24191774862180426,False
2020-21,2021-04-25,401307714,old,3,1,0.001255484150859253,0.21724245665944972,False,2,0,0.0,0.0,False
2020-21,2021-04-25,401307714,new,3,1,0.0015245054672578845,0.19661400911821747,False,2,0,0.0,0.0,False
2020-21,2021-04-25,401307715,old,5,3,0.000466384756208728,0.26406250426033767,False,5,3,0.000466374473704998,0.26405821971517185,False
2020-21,2021-04-25,401307715,new,3,2,0.0003352021199547551,0.40872490159867636,False,3,2,0.0002584643152054888,0.34768852704115316,False
2020-21,2021-04-25,401307716,old,9,8,0.0022091515871818326,0.6276219712126995,True,11,9,0.001492917426358708,0.4256733457469519,False
2020-21,2021-04-25,401307716,new,7,6,0.00204869387401973,0.594603544592567,True,9,7,0.0013522572072520677,0.39169509442903877,False
2020-21,2021-04-25,401307717,old,6,4,0.0006399327908180736,0.3397313950891511,False,5,3,0.0005260165338029076,0.2977217976951684,False
2020-21,2021-04-25,401307717,new,6,4,0.0010126327399528482,0.43564316577766393,False,4,2,0.0008554305847866788,0.3973165102599737,False
2020-21,2021-04-25,401307718,old,11,9,0.003040372227288099,0.5996658643947645,True,8,6,0.0010824563221590014,0.3671204111850088,False
2020-21,2021-04-25,401307718,new,7,6,0.0026436716398892434,0.638558732828707,True,4,3,0.0010570867412952076,0.4400019241694607,False
2020-21,2021-04-26,401307719,old,9,7,0.0013454501981596991,0.46707273703267993,False,8,6,0.0010688386492481165,0.41022387959927276,False
2020-21,2021-04-26,401307719,new,8,6,0.0012563071162824612,0.4543227005354098,False,8,6,0.0011129705944955429,0.42385967607550074,False
2020-21,2021-04-26,401307721,old,7,5,0.0007961924798981605,0.4159280051992694,False,7,5,0.000794912846523635,0.4144599756924098,False
2020-21,2021-04-26,401307721,new,5,4,0.0006883947769507683,0.4594101733046592,False,5,4,0.0006823044912912539,0.4572040116383716,False
2020-21,2021-04-26,401307720,old,6,4,0.0008555547322814326,0.3883070169423834,False,6,4,0.0007449381339248187,0.3533671161125747,False
2020-21,2021-04-26,401307720,new,8,6,0.0015422907852027008,0.5623032305222369,True,6,4,0.0009252407367949825,0.37639678060243376,False
2020-21,2021-04-26,401307725,old,7,5,0.0008521648934566922,0.42937373462642364,False,6,4,0.000630617138391136,0.35767081408148044,False
2020-21,2021-04-26,401307725,new,2,1,0.00012359676254275796,0.42529512734550473,False,2,1,0.00012359676254275796,0.42529512734550473,False
2020-21,2021-04-26,401307722,old,5,3,0.0010542483073536291,0.365603136293521,False,4,2,0.00027787957507418806,0.1318703577764777,False
2020-21,2021-04-26,401307722,new,6,4,0.0011013275204077488,0.5572866944108357,True,4,2,0.00035434765256074115,0.2882629098018162,False
2020-21,2021-04-26,401307723,old,11,9,0.001520006662445443,0.4328762395042078,False,11,9,0.001628019385024146,0.4319602349216935,False
2020-21,2021-04-26,401307723,new,12,10,0.0018558142949723804,0.4537681545934394,False,12,10,0.0020230309683236876,0.46042685860657756,False
2020-21,2021-04-26,401307727,old,9,7,0.0012241283370610309,0.4558757012192708,False,9,7,0.0011341430083386028,0.4370261323374597,False
2020-21,2021-04-26,401307727,new,4,3,0.0005053879343904556,0.4247913583084618,False,4,3,0.0005053879343904556,0.4247913583084618,False
2020-21,2021-04-26,401307724,old,14,13,0.0035627742223378308,0.7525229427632287,True,13,11,0.0018247458722750532,0.45917925354282496,False
2020-21,2021-04-26,401307724,new,8,7,0.003519051980584715,0.9324917715274426,True,7,5,0.00159433715227483,0.43772745352321696,False
2020-21,2021-04-26,401307726,old,5,3,0.0004340690200810879,0.3812288925499293,False,4,2,0.0002337207513536772,0.31673809153364113,False
2020-21,2021-04-26,401307726,new,5,3,0.00047802810450654754,0.42377066588186557,False,4,2,0.0002337207513536772,0.36647649961371964,False
2020-21,2021-04-26,401307728,old,11,9,0.0017223548042694886,0.4397117223169366,False,12,10,0.001688076467702651,0.43476526800989446,False
2020-21,2021-04-26,401307728,new,12,10,0.002365500507210856,0.47713852616268615,False,12,10,0.002116392491904792,0.4494764319038181,False
2020-21,2021-04-26,401307729,old,12,11,0.0029295187723383177,0.8171371684076991,True,10,8,0.0014410526022778359,0.43300474306661346,False
2020-21,2021-04-26,401307729,new,6,6,0.0026701524801749066,1.0,True,7,6,0.0012756866241715958,0.4511406640317604,False
2020-21,2021-04-27,401307732,old,7,5,0.0018482414029865608,0.31621609771136616,False,5,3,0.0005397086213561911,0.16173563757077272,False
2020-21,2021-04-27,401307732,new,9,7,0.003356895057588654,0.4219716911440152,False,8,6,0.002495181100619964,0.43094745947298585,False
2020-21,2021-04-27,401307731,old,8,7,0.0016072952106278551,0.5437247872243695,True,8,6,0.0009889090159749747,0.3426259220628601,False
2020-21,2021-04-27,401307731,new,8,7,0.0023181709314464877,0.5636867400102316,True,8,6,0.0017424055842420426,0.42658048455932446,False
2020-21,2021-04-27,401307730,old,10,8,0.001667008533547939,0.47114096625891316,False,9,7,0.0012195140266008102,0.4010829439357232,False
2020-21,2021-04-27,401307730,new,8,7,0.0015379693218237182,0.4810746670994428,False,9,7,0.0014968241530696265,0.4564980254808773,False
2020-21,2021-04-27,401307733,old,12,10,0.001965165156456853,0.5186320926888038,True,11,9,0.0017132887964746368,0.4843554588755277,False
2020-21,2021-04-27,401307733,new,8,6,0.0010275269209505764,0.46658146027125613,False,8,6,0.0010279021518488601,0.4666723316205889,False
2020-21,2021-04-27,401307734,old,2,1,0.0002975677894070364,0.34336059993503604,False,1,0,0.0,0.0,False
2020-21,2021-04-27,401307734,new,2,1,0.0002727571741604774,0.40234180514950973,False,1,0,0.0,0.0,False
2020-21,2021-04-27,401307735,old,8,7,0.004235255388168724,0.6680796656419874,True,6,4,0.0006954369719848122,0.1833496541762041,False
2020-21,2021-04-27,401307735,new,9,8,0.005076443973975632,0.6575777874340538,True,7,5,0.0012411799971853716,0.22279413706260176,False
2020-21,2021-04-28,401307736,old,3,1,0.0001215419867431534,0.1878661537903866,False,2,0,0.0,0.0,False
2020-21,2021-04-28,401307736,new,1,0,0.0,0.0,False,1,0,0.0,0.0,False
2020-21,2021-04-28,401307737,old,10,8,0.0015852956085424402,0.4300187364734555,False,12,10,0.0017276784364729026,0.451213950171466,False
2020-21,2021-04-28,401307737,new,10,8,0.0015586125843772697,0.42871660795931366,False,13,11,0.0018174297198128419,0.4666839185513049,False
2020-21,2021-04-28,401307740,old,11,9,0.0021002130647061862,0.4480831896750914,False,12,10,0.001964582895259728,0.45830491422640407,False
2020-21,2021-04-28,401307740,new,10,8,0.0016700551879251446,0.45632088095906803,False,9,7,0.0014915327554683483,0.44300991400986917,False
2020-21,2021-04-28,401307739,old,4,2,0.00034367612363686735,0.09956203429786722,False,4,2,0.00028752997749715664,0.08467390276223533,False
2020-21,2021-04-28,401307739,new,4,2,0.0005829435698135882,0.1174730238735138,False,4,2,0.0005338604758130522,0.10865667885177518,False
2020-21,2021-04-28,401307738,old,8,6,0.001216881352053254,0.40641724892742426,False,8,6,0.0011035542912881944,0.38208226875635587,False
2020-21,2021-04-28,401307738,new,10,8,0.0015460897412531874,0.5576745812355574,True,8,6,0.0009773187491974253,0.40919769282532,False
2020-21,2021-04-28,401307741,old,6,5,0.0020171402653679647,0.6469906049676197,True,6,4,0.0005530099076811898,0.1760583932430349,False
2020-21,2021-04-28,401307741,new,10,9,0.004014172010785894,0.8299456276656084,True,9,7,0.002100191955770184,0.4354992088243077,False
2020-21,2021-04-28,401307742,old,3,1,0.0010019723595615494,0.18270722342982457,False,2,0,0.0,0.0,False
2020-21,2021-04-28,401307742,new,5,3,0.0016279279379875099,0.20564226463659568,False,3,1,0.00013019980364740189,0.026051326146514547,False
2020-21,2021-04-28,401307743,old,10,8,0.0013657109443398396,0.4448235765187932,False,10,8,0.001302842996562758,0.4332104797452247,False
2020-21,2021-04-28,401307743,new,6,4,0.0006903094236651239,0.42144839269340545,False,6,4,0.0006877693987429704,0.4205498169684105,False
2020-21,2021-04-28,401307744,old,2,0,0.0,0.0,False,2,0,0.0,0.0,False
2020-21,2021-04-28,401307744,new,2,0,0.0,0.0,False,2,0,0.0,0.0,False
2020-21,2021-04-28,401307745,old,9,7,0.0012920295621036068,0.511846084882287,True,8,6,0.0010048497179051016,0.44918032092213867,False
2020-21,2021-04-28,401307745,new,3,2,0.00032716287057984415,0.3994080066635568,False,3,2,0.00032716287057984415,0.3994080066635568,False
2020-21,2021-04-29,401307747,old,8,6,0.0013061375829898708,0.38865990362428854,False,10,8,0.0015369026427268495,0.42794168445662406,False
2020-21,2021-04-29,401307747,new,7,5,0.0016011974660453826,0.4132925067312181,False,8,6,0.001830268619502479,0.4460459371063406,False
2020-21,2021-04-29,401307746,old,8,7,0.0021194101350801684,0.8534429103476764,True,7,5,0.0009081732351988163,0.38077626601998005,False
2020-21,2021-04-29,401307746,new,7,6,0.002491281555542982,0.9337886426673646,True,7,5,0.0012039175430841491,0.43025588207834287,False
2020-21,2021-04-29,401307748,old,2,1,0.00015024630239306774,0.23898138536797375,False,2,1,0.00015024630239306774,0.23637684212249793,False
2020-21,2021-04-29,401307748,new,2,1,0.00015024630239306774,0.2371810395799215,False,2,1,0.00015024630239306774,0.2365487108906773,False
2020-21,2021-04-29,401307749,old,6,4,0.0013083743961194588,0.35724479338688114,False,5,3,0.0005769235431322936,0.2855785410415415,False
2020-21,2021-04-29,401307749,new,6,4,0.0017301585031334423,0.5478708896660563,True,4,2,0.0009125682088642833,0.4095340885767657,False
2020-21,2021-04-29,401307751,old,11,9,0.0018072003943264776,0.5197610861370996,True,10,8,0.0015132686116892792,0.4754144903535852,False
2020-21,2021-04-29,401307751,new,7,5,0.000873836975853579,0.45783781818558483,False,7,5,0.0008745297098167735,0.45803452497395153,False
2020-21,2021-04-29,401307750,old,10,8,0.0012732843949192977,0.507268443129455,True,7,5,0.0007403803126295061,0.37355283502691067,False
2020-21,2021-04-29,401307750,new,0,0,0.0,nan,False,0,0,0.0,nan,False
2020-21,2021-04-30,401307752,old,10,8,0.0018436376422398186,0.4504200626905573,False,12,10,0.0019733456251360792,0.4673007811081432,False
2020-21,2021-04-30,401307752,new,9,7,0.001762869256703483,0.43565989539622,False,11,9,0.0018684808549671184,0.45001447098472686,False
2020-21,2021-04-30,401307754,old,10,8,0.0014382294683128003,0.49525827303381487,False,9,7,0.0010577188878892454,0.4191495120721392,False
2020-21,2021-04-30,401307754,new,4,3,0.0005206316746355599,0.4502381310891488,False,4,3,0.000452681276282651,0.41591560054267823,False
2020-21,2021-04-30,401307755,old,12,10,0.0020491549284686788,0.4725475972253658,False,13,11,0.00211186049144023,0.46466801485043185,False
2020-21,2021-04-30,401307755,new,15,13,0.0029839406284370763,0.4854567894409647,False,14,12,0.002677633382328949,0.48073972897584055,False
2020-21,2021-04-30,401307756,old,8,6,0.0013458424115480971,0.44441959649237384,False,8,6,0.0010743768947144542,0.3896830699735878,False
2020-21,2021-04-30,401307756,new,8,6,0.0019434635491004867,0.5045478143871748,True,5,3,0.0011819596947153076,0.3838545788312232,False
2020-21,2021-04-30,401307753,old,7,5,0.001769216146411939,0.4233829760340363,False,6,4,0.0007911696631977274,0.24718534883996995,False
2020-21,2021-04-30,401307753,new,8,6,0.0021610066577176334,0.5055607362837544,True,7,5,0.001241894922390243,0.37012236114206465,False
2020-21,2021-04-30,401307757,old,7,6,0.0014762539429729843,0.559318146535511,True,6,4,0.0007205278617109675,0.3810257329182869,False
2020-21,2021-04-30,401307757,new,4,3,0.0006588723332611085,0.6276127165189023,True,3,1,0.0001281759612670007,0.17103546846007614,False
2020-21,2021-04-30,401307758,old,2,0,0.0,0.0,False,2,0,0.0,0.0,False
2020-21,2021-04-30,401307758,new,2,0,0.0,0.0,False,2,0,0.0,0.0,False
2020-21,2021-04-30,401307759,old,9,7,0.0016053891911293105,0.4899740102797556,False,9,7,0.0012567626967054453,0.427301816651861,False
2020-21,2021-04-30,401307759,new,6,5,0.0015599948990845883,0.6127842446872598,True,6,5,0.001132491549195181,0.4579627809082007,False
2020-21,2021-05-01,401307760,old,7,5,0.001109100376823825,0.42336662301752465,False,7,5,0.0008651349155494541,0.3626700999320895,False
2020-21,2021-05-01,401307760,new,8,6,0.0015619600624951972,0.4818215027201429,False,6,4,0.0013396518814642118,0.4431565942968715,False
2020-21,2021-05-01,401307761,old,6,5,0.0007481175229393293,0.42553446430448316,False,6,5,0.0007470828920131478,0.4305456937234108,False
2020-21,2021-05-01,401307761,new,3,2,0.0006204518403778976,0.4603333790279589,False,3,2,0.0006209599640119068,0.46713587020919256,False
2020-21,2021-05-01,401307763,old,10,9,0.002895604387382608,0.874847674246739,True,10,8,0.0013062059248934057,0.42218046733474784,False
2020-21,2021-05-01,401307763,new,7,7,0.003162349484781513,1.0,True,6,5,0.001444076076844892,0.4489372123230327,False
2020-21,2021-05-01,401307766,old,9,7,0.0014289691021258399,0.4805092387643546,False,8,6,0.0010108610681834114,0.40075813909514224,False
2020-21,2021-05-01,401307766,new,2,1,0.0005470913860009549,0.36303952566876846,False,4,2,0.0007273481691164517,0.40356897777372114,False
2020-21,2021-05-01,401307762,old,12,10,0.0023084971558657427,0.4700546147155877,False,11,9,0.0018366369757324558,0.45421785439768536,False
2020-21,2021-05-01,401307762,new,9,7,0.0015956210391200462,0.45283278912459746,False,9,7,0.0015216455622934796,0.452083864655049,False
2020-21,2021-05-01,401307764,old,9,7,0.0014085230648675086,0.4501318967623043,False,9,7,0.0012403001419865254,0.4188346393516125,False
2020-21,2021-05-01,401307764,new,8,6,0.001758673632654629,0.4720382164025018,False,6,4,0.001325005967156221,0.4039920434822042,False
2020-21,2021-05-01,401307765,old,12,10,0.0016710269702872218,0.4682383619533181,False,9,7,0.0009794868305936448,0.4145692639573872,False
2020-21,2021-05-01,401307765,new,4,2,0.000472773894814128,0.42949445075091053,False,3,1,0.00012061723935818825,0.25519870082732043,False
2020-21,2021-05-01,401307767,old,8,7,0.0020965866210583013,0.6658538336355391,True,9,7,0.001358481915450101,0.39470520270573195,False
2020-21,2021-05-01,401307767,new,7,6,0.0026195448111520493,0.7818498534524235,True,8,6,0.0015906061792324469,0.43283435664630776,False
2020-21,2021-05-01,401307768,old,8,6,0.0012372132398898443,0.48461995237505257,False,7,5,0.0009263115543036129,0.41315310594877586,False
2020-21,2021-05-01,401307768,new,3,1,0.00025665794347247726,0.2589943946025728,False,3,1,0.00025665794347247726,0.2589943946025728,False
2020-21,2021-05-01,401307769,old,2,0,0.0,0.0,False,2,0,0.0,0.0,False
2020-21,2021-05-01,401307769,new,2,0,0.0,0.0,False,2,0,0.0,0.0,False
2020-21,2021-05-02,401307770,old,5,4,0.001037282556214535,0.5058248376577033,True,5,3,0.0006041410120015991,0.29384897785366926,False
2020-21,2021-05-02,401307770,new,5,4,0.0010367918714100732,0.5057065633188323,True,5,3,0.0006041410120015991,0.29389298862127927,False
2020-21,2021-05-02,401307771,old,4,2,0.0010253076807421803,0.2780306655354718,False,3,1,0.00022262607812030115,0.060796334943318146,False
2020-21,2021-05-02,401307771,new,8,6,0.0016815574027436767,0.3220186708446503,False,8,6,0.0016784933987697838,0.29990060407040314,False
2020-21,2021-05-02,401307774,old,7,5,0.0009465597320918069,0.34894378988349667,False,7,6,0.0012939934133940844,0.46157684838301294,False
2020-21,2021-05-02,401307774,new,7,5,0.0010549920008983333,0.3322468654847731,False,7,6,0.001539558817855081,0.47156056744703034,False
2020-21,2021-05-02,401307772,old,8,7,0.002478908723034738,0.6593202790527822,True,8,6,0.0010751841289213088,0.2689439844868549,False
2020-21,2021-05-02,401307772,new,8,7,0.003625539295888134,0.6771664563258245,True,7,5,0.0015340294523442347,0.28248166554791676,False
2020-21,2021-05-02,401307775,old,7,5,0.0008859357965391777,0.46489957103319474,False,6,4,0.0005995345995764568,0.37425049966093127,False
2020-21,2021-05-02,401307775,new,4,2,0.00036037561640239746,0.3331821119849264,False,4,2,0.00036037561640239746,0.33631433512250025,False
2020-21,2021-05-02,401307773,old,10,9,0.002115364606754117,0.7483671305636208,True,9,7,0.001156560226766528,0.42485236209578425,False
2020-21,2021-05-02,401307773,new,4,4,0.0015756392166729023,1.0,True,4,3,0.0007387885435565999,0.4142318556647048,False
2020-21,2021-05-02,401307776,old,11,9,0.0017577862640382037,0.47218725802683315,False,9,7,0.0014809218108206815,0.4297781380147534,False
2020-21,2021-05-02,401307776,new,8,6,0.001238627511700211,0.46499455922320926,False,6,4,0.0009360478681087375,0.39643448582509594,False
2020-21,2021-05-02,401307777,old,10,8,0.0020309033617675705,0.5043340334048257,True,11,9,0.0017884498212930799,0.469305002038336,False
2020-21,2021-05-02,401307777,new,8,6,0.0022173549092665474,0.6289797509951778,True,8,6,0.0015940976726143933,0.46013286589956554,False
2020-21,2021-05-03,401307778,old,2,0,0.0,0.0,False,2,0,0.0,0.0,False
2020-21,2021-05-03,401307778,new,2,0,0.0,0.0,False,2,0,0.0,0.0,False
2020-21,2021-05-03,401307779,old,5,3,0.0005001059900634816,0.15166849800988574,False,5,3,0.0005004545899898759,0.15175817485135915,False
2020-21,2021-05-03,401307779,new,4,2,0.0008344417080685931,0.277930008144232,False,4,2,0.0008344417080685931,0.277930008144232,False
2020-21,2021-05-03,401307780,old,6,4,0.0008694048725582262,0.2637726253709154,False,6,4,0.0008694048725582262,0.26748378038598003,False
2020-21,2021-05-03,401307780,new,4,2,0.0010561080416143735,0.3818716537278851,False,4,2,0.0010561080416143735,0.38989837107117886,False
2020-21,2021-05-03,401307781,old,5,3,0.001440910206721566,0.3750148011871955,False,6,4,0.0005112396246989057,0.12684772776869477,False
2020-21,2021-05-03,401307781,new,6,4,0.0017741713924997252,0.36024225226118217,False,7,5,0.0013353472459891632,0.24968733556336356,False
2020-21,2021-05-03,401307782,old,8,6,0.001389739467684606,0.44718498176539484,False,7,5,0.0010786474677733813,0.4339779418450551,False
2020-21,2021-05-03,401307782,new,5,3,0.0007279094826834955,0.40237360230447006,False,4,3,0.0007279094826834955,0.4419158866524729,False
2020-21,2021-05-03,401307783,old,7,5,0.001072624988936554,0.2753015582345101,False,8,6,0.0009424027282312549,0.24018536796562012,False
2020-21,2021-05-03,401307783,new,10,8,0.002653501486377899,0.44706921550223144,False,7,5,0.001697855404370553,0.332742389154094,False
2020-21,2021-05-03,401307784,old,8,6,0.0011500085313743108,0.4181395619508605,False,8,6,0.0011493096030777662,0.4179916572316433,False
2020-21,2021-05-03,401307784,new,4,2,0.0004825042964537339,0.34050783844381194,False,4,2,0.00047834511735193256,0.3385664171323224,False
2020-21,2021-05-03,401307785,old,10,8,0.001997741903581474,0.44629819567864154,False,12,10,0.0022597013122076493,0.47351707131656334,False
2020-21,2021-05-03,401307785,new,11,9,0.003257835477163295,0.5977594604454649,True,12,10,0.0026628789701176464,0.47646262391151456,False
2020-21,2021-05-04,401307786,old,8,6,0.0011542008499714341,0.5385830219906251,True,7,5,0.0008132630083484505,0.4512876520155109,False
2020-21,2021-05-04,401307786,new,3,2,0.00040871305476066665,0.43877044976450663,False,3,2,0.00040871305476066665,0.43877044976450663,False
2020-21,2021-05-04,401307787,old,7,5,0.0009164388556515419,0.4120183784542214,False,5,3,0.0006662063036626252,0.33722655254459133,False
2020-21,2021-05-04,401307787,new,5,3,0.0012723267141663082,0.46614190471596073,False,4,2,0.0011587869142190785,0.440271673081879,False
2020-21,2021-05-04,401307788,old,5,4,0.0010199353441807072,0.4997548560963192,False,5,3,0.00042687808155435447,0.2090148512115269,False
2020-21,2021-05-04,401307788,new,5,4,0.0010197814032917136,0.49971712025714365,False,5,3,0.00042687808155435447,0.2090148512115269,False
2020-21,2021-05-04,401307789,old,6,6,0.003365410710869921,1.0,True,4,2,0.00038486113415505026,0.11626139111673078,False
2020-21,2021-05-04,401307789,new,7,7,0.004759293977286271,1.0,True,5,3,0.0012399341565723992,0.26406626375382597,False
2020-21,2021-05-04,401307790,old,8,6,0.0012231378610797021,0.3689906366484282,False,8,6,0.0012231378610797021,0.3747718636334015,False
2020-21,2021-05-04,401307790,new,5,3,0.001235105342461054,0.4439557390268946,False,4,2,0.0010811259677092017,0.41836987890218114,False
2020-21,2021-05-04,401307791,old,10,8,0.0016809036263525725,0.539505479092351,True,8,6,0.0010922811267010286,0.430184157818935,False
2020-21,2021-05-04,401307791,new,4,2,0.0003030287674587384,0.4392594355336638,False,3,1,0.00016801533285318703,0.3185516602321448,False
2020-21,2021-05-04,401307792,old,11,9,0.0018579848131034318,0.5103903232550427,True,10,8,0.0016120175130613296,0.47491141712880286,False
2020-21,2021-05-04,401307792,new,7,5,0.0010036864048536165,0.46840049475380063,False,7,5,0.0010036864048536165,0.46840049475380063,False
2020-21,2021-05-05,401307794,old,9,7,0.0014590810063991075,0.4619340018870863,False,10,8,0.0013102988322068732,0.43554768354833495,False
2020-21,2021-05-05,401307794,new,7,5,0.00127744764429402,0.4451765579519591,False,6,4,0.0010848716531760695,0.40727018566502526,False
2020-21,2021-05-05,401307793,old,10,8,0.002611425547523779,0.6822875333256376,True,11,9,0.0018371415319147005,0.47633722189241384,False
2020-21,2021-05-05,401307793,new,8,7,0.0021173730280421026,0.5931516224233662,True,8,7,0.0018560649651901478,0.49013035913549713,False
2020-21,2021-05-05,401307795,old,8,6,0.0016066397118145587,0.4683285424893953,False,10,8,0.0016941142974456057,0.481548265487565,False
2020-21,2021-05-05,401307795,new,8,6,0.0016070693030825751,0.47330328898708984,False,10,8,0.0016621943901265375,0.4817176401444735,False
2020-21,2021-05-05,401307797,old,4,3,0.0005959051757623107,0.4333613219221896,False,4,3,0.0005959051757623107,0.4333613219221896,False
2020-21,2021-05-05,401307797,new,4,3,0.0005959051757623107,0.4333613219221896,False,4,3,0.0005959051757623107,0.4333613219221896,False
2020-21,2021-05-05,401307796,old,4,2,0.0003626294564914462,0.12844900678822127,False,4,2,0.00036267546742805196,0.12846321091269725,False
2020-21,2021-05-05,401307796,new,4,2,0.0007574654612876053,0.435270908985451,False,4,2,0.0007574654612876053,0.435270908985451,False
2020-21,2021-05-05,401307799,old,8,6,0.0008845477682612446,0.29467092134213063,False,9,7,0.0010892707631102332,0.41499658968679254,False
2020-21,2021-05-05,401307799,new,4,2,0.0015975903976424724,0.4627713332081715,False,4,2,0.0011315394114171933,0.4250861801561629,False
2020-21,2021-05-05,401307798,old,9,8,0.001980636031185591,0.6323808008143245,True,9,7,0.0013964870476377935,0.446215564768791,False
2020-21,2021-05-05,401307798,new,6,5,0.0015804632476093847,0.701464796432623,True,6,4,0.0009950934126934307,0.4423693829854617,False
2020-21,2021-05-05,401307801,old,7,5,0.0011589441279958033,0.41941231611464297,False,7,5,0.0011590194486430759,0.41942814129632183,False
2020-21,2021-05-05,401307801,new,5,3,0.0006207067685402408,0.41318201227854895,False,5,3,0.0006228188329157715,0.4140058759212859,False
2020-21,2021-05-05,401307800,old,8,6,0.001258769508295478,0.39661106610229097,False,12,10,0.0020711616263040205,0.49288811360572216,False
2020-21,2021-05-05,401307800,new,9,7,0.0013701267510122413,0.4121835374354248,False,12,10,0.002114703467852679,0.4939067947200785,False
2020-21,2021-05-06,401307802,old,7,5,0.0008272872795281647,0.3792603011478653,False,6,4,0.0006094003466424488,0.3491777168747479,False
2020-21,2021-05-06,401307802,new,3,2,0.0006918684272258184,0.4251249989730235,False,3,2,0.0006918684272258184,0.4251249989730235,False
2020-21,2021-05-06,401307803,old,8,7,0.0020517270889099954,0.7088799073530395,True,9,7,0.0016243149468257432,0.4770027792817702,False
2020-21,2021-05-06,401307803,new,8,7,0.0024364139932706546,0.7430335410595933,True,9,7,0.0018441183293470395,0.48183045388893675,False
2020-21,2021-05-06,401307804,old,5,3,0.0006130052540730508,0.3237212866219702,False,5,3,0.000582239389413524,0.3129875094179368,False
2020-21,2021-05-06,401307804,new,5,3,0.0012057994755363985,0.44516326573997517,False,4,2,0.001095780581191912,0.4189483368196635,False
2020-21,2021-05-06,401307805,old,11,9,0.0023449584836061636,0.47291591785891635,False,12,10,0.0023003413006148984,0.4681300981347295,False
2020-21,2021-05-06,401307805,new,7,5,0.0015999851386734327,0.46655164156549267,False,8,6,0.0015314294294033327,0.4556701213010705,False
2020-21,2021-05-06,401307806,old,9,7,0.0012461248112329488,0.3822044412593569,False,8,6,0.000938773649101298,0.31790390271855357,False
2020-21,2021-05-06,401307806,new,3,1,0.00028181162636077073,0.2622556222432287,False,3,1,0.00028181162636077073,0.2622556222432287,False
2020-21,2021-05-06,401307807,old,7,5,0.0010807198581960964,0.4800601697693614,False,7,5,0.0008967594570509548,0.40468131950725245,False
2020-21,2021-05-06,401307807,new,4,2,0.0011034936766363137,0.4580445918691307,False,3,1,0.0009638926104329799,0.4434921263507511,False
2020-21,2021-05-06,401307808,old,10,8,0.0021940192217199932,0.47681618550987126,False,11,9,0.002226799188556014,0.4778499081721928,False
2020-21,2021-05-06,401307808,new,10,8,0.003165020780560298,0.582387148345717,True,10,8,0.00253752094723661,0.4709841548794308,False
2020-21,2021-05-07,401307809,old,9,7,0.0018241337046595164,0.4505487323089722,False,9,7,0.0018241337046595164,0.45055999986173645,False
2020-21,2021-05-07,401307809,new,7,5,0.0010365659055055468,0.4519432611285514,False,7,5,0.0010365659055055468,0.4522195732635616,False
2020-21,2021-05-07,401307810,old,9,7,0.0015585476779740226,0.4440499078466045,False,8,6,0.001254667918318349,0.4308629490596093,False
2020-21,2021-05-07,401307810,new,6,5,0.0013080606404397687,0.48332046271334306,False,6,5,0.0012954954600326242,0.4809104556557797,False
2020-21,2021-05-07,401307813,old,3,2,0.00047721675343942243,0.45113876347820286,False,3,2,0.00047721675343942243,0.45084351719224974,False
2020-21,2021-05-07,401307813,new,3,2,0.00047721675343942243,0.45104440607403967,False,3,2,0.00047721675343942243,0.45084351719224974,False
2020-21,2021-05-07,401307811,old,11,9,0.0019455640484859732,0.5107914807718166,True,10,8,0.0015704340711493188,0.4574810157849905,False
2020-21,2021-05-07,401307811,new,5,3,0.0016400754042381871,0.48277709321681594,False,4,2,0.0015261956563355108,0.46721796969413154,False
2020-21,2021-05-07,401307812,old,11,10,0.00268506627479432,0.7068989091627336,True,10,8,0.0012212513446409495,0.43205416544271863,False
2020-21,2021-05-07,401307812,new,7,6,0.002521904854490705,0.8270929761929718,True,5,3,0.0009342354573088578,0.38875382584805934,False
2020-21,2021-05-07,401307814,old,9,8,0.0016803307819685804,0.750905325039821,True,10,8,0.0011614172205856468,0.4901777509748138,False
2020-21,2021-05-07,401307814,new,4,4,0.0010284486941360134,1.0,True,5,4,0.0007095609231975972,0.48633733304083093,False
2020-21,2021-05-07,401307815,old,7,5,0.0009712515388623459,0.4366942953953747,False,7,5,0.0009712515388623459,0.4366942953953747,False
2020-21,2021-05-07,401307815,new,7,5,0.0009712515388623459,0.4366942953953747,False,7,5,0.0009712515388623459,0.4366942953953747,False
2020-21,2021-05-07,401307818,old,2,0,0.0,0.0,False,2,0,0.0,0.0,False
2020-21,2021-05-07,401307818,new,3,1,0.00035232138350675365,0.16807486799027138,False,3,1,0.00035278822487266626,0.16826010196335744,False
2020-21,2021-05-07,401307816,old,9,7,0.001630432632032835,0.47527391133277563,False,11,9,0.00184815133010824,0.4894257251968706,False
2020-21,2021-05-07,401307816,new,10,8,0.0018288241773216877,0.49090490123343405,False,11,9,0.0019583550725148203,0.4920101584167255,False
2020-21,2021-05-07,401307817,old,3,1,0.00046890394567463783,0.0999728442799521,False,2,0,0.0,0.0,False
2020-21,2021-05-07,401307817,new,4,2,0.0022540527675174496,0.2658405233335336,False,2,0,0.0,0.0,False
2020-21,2021-05-08,401307821,old,10,8,0.0013583327918259957,0.5338601441367388,True,9,7,0.0011107196678867557,0.48295908499149903,False
2020-21,2021-05-08,401307821,new,6,4,0.0007103174907158776,0.4446865762151016,False,5,3,0.0005627309072136491,0.3832933408992665,False
2020-21,2021-05-08,401307820,old,2,0,0.0,0.0,False,2,0,0.0,0.0,False
2020-21,2021-05-08,401307820,new,2,0,0.0,0.0,False,2,0,0.0,0.0,False
2020-21,2021-05-08,401307819,old,7,5,0.0011365079009017013,0.46015536123388373,False,6,4,0.0007832131957503598,0.37004404304233834,False
2020-21,2021-05-08,401307819,new,2,1,0.0009826340903760294,0.44452300533007116,False,2,1,0.0009826340903760294,0.44452300533007116,False
2020-21,2021-05-08,401307824,old,9,7,0.001364264626564354,0.4975147246948366,False,9,7,0.00119327340816091,0.4394792339707381,False
2020-21,2021-05-08,401307824,new,4,2,0.0011903759119763554,0.4391041138302634,False,3,1,0.0010366717791168473,0.4227526241377918,False
2020-21,2021-05-08,401307823,old,2,1,0.00028005695807187833,0.4402298852945453,False,2,1,0.00028005695807187833,0.4402298852945453,False
2020-21,2021-05-08,401307823,new,2,1,0.00028005695807187833,0.4402298852945453,False,2,1,0.00028005695807187833,0.4402298852945453,False
2020-21,2021-05-08,401307825,old,11,9,0.0029700765741006965,0.6468699274311304,True,12,10,0.0022864883734392124,0.47403293557255066,False
2020-21,2021-05-08,401307825,new,7,5,0.002433811269426384,0.6317835063213649,True,7,5,0.0019610429616659752,0.47089223751876425,False
2020-21,2021-05-08,401307822,old,3,1,0.0001128001821690739,0.04890787307605061,False,3,1,0.0001128001821690739,0.04890787307605061,False
2020-21,2021-05-08,401307822,new,3,1,0.0001128001821690739,0.04890787307605061,False,3,1,0.0001128001821690739,0.04890787307605061,False
2020-21,2021-05-09,401307826,old,3,2,0.0016739532206032032,0.5092930666546002,True,2,0,0.0,0.0,False
2020-21,2021-05-09,401307826,new,3,2,0.00237165180596367,0.5084748770635,True,2,0,0.0,0.0,False
2020-21,2021-05-09,401307827,old,10,8,0.0016499651679776127,0.44986287887923754,False,11,9,0.0019175087561947419,0.4787772943454161,False
2020-21,2021-05-09,401307827,new,10,8,0.0017798685936971648,0.4557401757439299,False,11,9,0.0020475906080512155,0.48262087049995855,False
2020-21,2021-05-09,401307829,old,8,7,0.0015878581878390559,0.7265139365333033,True,7,5,0.0008224610529088886,0.4270591107745314,False
2020-21,2021-05-09,401307829,new,3,3,0.0007973553760989646,1.0,True,3,2,0.00040883194430610945,0.41846853858838834,False
2020-21,2021-05-09,401307830,old,3,1,0.0008534488892451786,0.2646544883056782,False,2,0,0.0,0.0,False
2020-21,2021-05-09,401307830,new,3,1,0.0005449609785886325,0.3090990743826888,False,2,0,0.0,0.0,False
2020-21,2021-05-09,401307828,old,6,4,0.001084883431894287,0.3165567624721144,False,6,4,0.001007291446716074,0.3007119404705536,False
2020-21,2021-05-09,401307828,new,5,3,0.0015957951416805882,0.4937951666628314,False,5,3,0.0015957951416805882,0.4937951666628314,False
2020-21,2021-05-09,401307831,old,10,8,0.0013089707809633626,0.47922412714954216,False,8,6,0.0009035826363264553,0.45235738266104336,False
2020-21,2021-05-09,401307831,new,4,2,0.00027731671821418534,0.4244240346564192,False,1,0,0.0,0.0,False
2020-21,2021-05-09,401307833,old,11,9,0.002143638885078739,0.5812785171703179,True,10,8,0.0014620537760771627,0.48480491778552154,False
2020-21,2021-05-09,401307833,new,3,2,0.00029361819503720686,0.4549588212930433,False,1,0,0.0,0.0,False
2020-21,2021-05-09,401307832,old,9,7,0.0016332311832558523,0.46795824801783914,False,9,7,0.0016435789407317546,0.4663056188598041,False
2020-21,2021-05-09,401307832,new,8,6,0.0023996863757943863,0.5968241965026422,True,9,7,0.001924343067254677,0.46936056298118883,False
2020-21,2021-05-10,401307835,old,9,7,0.0021495445892765115,0.4597928005539947,False,9,7,0.002125591891118822,0.4570107734102857,False
2020-21,2021-05-10,401307835,new,7,5,0.0025672710974211747,0.46977853875405684,False,8,6,0.002610456178413398,0.4739356728392453,False
2020-21,2021-05-10,401307834,old,12,10,0.002410443617598297,0.538589593708854,True,11,9,0.001925376425263138,0.48250131196445456,False
2020-21,2021-05-10,401307834,new,4,2,0.00043374050677261113,0.386154364063719,False,4,2,0.00037565726366611845,0.3526809337014272,False
2020-21,2021-05-10,401307836,old,8,6,0.0017206414467954346,0.4246871412078801,False,7,5,0.0015801610467231896,0.4040144868145512,False
2020-21,2021-05-10,401307836,new,4,2,0.0013518106038693269,0.4547135904719648,False,4,2,0.0013518106038693269,0.45931056664915715,False
2020-21,2021-05-10,401307837,old,10,9,0.0029443616335694048,0.6916147778127497,True,10,8,0.002076281579561895,0.4878052847847811,False
2020-21,2021-05-10,401307837,new,6,5,0.002020718325035927,0.8422574027111218,True,6,4,0.0011537191029341992,0.480837239271713,False
2020-21,2021-05-10,401307838,old,5,3,0.0006697321798637446,0.4253856060158368,False,5,3,0.0006697321798637446,0.4258548171919203,False
2020-21,2021-05-10,401307838,new,4,2,0.0011684594925773035,0.47813090858649676,False,4,2,0.0011684594925773035,0.4788095376566008,False
2020-21,2021-05-10,401307839,old,5,3,0.0014054397755540247,0.48310950996552054,False,5,4,0.0015124407619457696,0.4881912497458854,False
2020-21,2021-05-10,401307839,new,6,4,0.002239072609581182,0.5060497254384942,True,6,5,0.002377328961490895,0.5090751036286345,True
2020-21,2021-05-11,401307842,old,3,1,0.0008398116059960996,0.28898833100569277,False,2,0,0.0,0.0,False
2020-21,2021-05-11,401307842,new,3,1,0.0003503789268385029,0.29040260099524007,False,2,0,0.0,0.0,False
2020-21,2021-05-11,401307841,old,8,6,0.0020279789089442902,0.47873871741228957,False,8,6,0.0020283637611667737,0.478786070154142,False
2020-21,2021-05-11,401307841,new,7,5,0.002686634758098851,0.5090929136197625,True,7,5,0.002676821026634839,0.5081783155810802,True
2020-21,2021-05-11,401307843,old,7,5,0.0011230070151193431,0.528799896262243,True,6,4,0.0008674310026543934,0.46433517470427477,False
2020-21,2021-05-11,401307843,new,4,3,0.0007215209460468604,0.4653494864861243,False,4,3,0.0007215209460468604,0.4653494864861243,False
2020-21,2021-05-11,401307840,old,6,5,0.001845400385438301,0.6286890380666676,True,5,3,0.000508319711486008,0.1678370394689153,False
2020-21,2021-05-11,401307840,new,6,5,0.002338174752757233,0.5876671025937671,True,5,3,0.0004374281070588723,0.10752750050979575,False
2020-21,2021-05-11,401307846,old,5,4,0.0010058505142738748,0.5856280061864579,True,5,3,0.000697749144058137,0.37739085386669724,False
2020-21,2021-05-11,401307846,new,4,3,0.001440158201595327,0.5810235255752291,True,4,2,0.0011101284542314662,0.42321983632000265,False
2020-21,2021-05-11,401307844,old,9,7,0.001762124950357653,0.48016894905898205,False,9,7,0.0017621209257480783,0.48016837896845893,False
2020-21,2021-05-11,401307844,new,6,4,0.0015319340975399197,0.4803160028959836,False,6,4,0.0015319340975399197,0.4803160028959836,False
2020-21,2021-05-11,401307845,old,9,7,0.0018598107099830241,0.48134111825331594,False,8,6,0.001490222309784546,0.47707375742403507,False
2020-21,2021-05-11,401307845,new,5,3,0.0009262623178905675,0.4419450471342814,False,5,3,0.0009262623178905675,0.4618598200093384,False
2020-21,2021-05-11,401307847,old,9,8,0.0020916034859168363,0.7467687883757954,True,8,6,0.001116782291775935,0.4781733391883532,False
2020-21,2021-05-11,401307847,new,5,4,0.0010353390347648966,0.7403302137902041,True,5,3,0.0005369775651139641,0.3879423891409094,False
2020-21,2021-05-11,401307849,old,9,7,0.0021732129663560936,0.569500815219575,True,8,6,0.0013586568386971792,0.4506084781309865,False
2020-21,2021-05-11,401307849,new,3,2,0.000238349869973387,0.3855792411018053,False,2,1,0.0001410337648436603,0.2835302901823399,False
2020-21,2021-05-11,401307848,old,6,4,0.0010362756510039531,0.4396663316442142,False,7,5,0.0011768660136929259,0.4714699238370295,False
2020-21,2021-05-11,401307848,new,5,3,0.0014446076388844524,0.4700848676371428,False,5,3,0.0014446076388844524,0.4702968964963351,False
2020-21,2021-05-11,401307850,old,4,2,0.0009481604044724788,0.20666590911213328,False,3,1,0.0001880805484998643,0.04865989156066482,False
2020-21,2021-05-11,401307850,new,5,3,0.002427051031819815,0.4271847063986783,False,3,1,0.0007487802479210825,0.16053633414241192,False
2020-21,2021-05-12,401307851,old,9,7,0.00279994634404492,0.4741639864027691,False,9,7,0.0027228329158580093,0.46720624971387015,False
2020-21,2021-05-12,401307851,new,7,5,0.0032457991883586205,0.48229339341654537,False,8,6,0.0032589691804791017,0.4833045300255729,False
2020-21,2021-05-12,401307853,old,6,4,0.0009807701209736499,0.5046144642483671,True,5,3,0.0005791307375317235,0.37558005916974146,False
2020-21,2021-05-12,401307853,new,4,2,0.0003240152968442424,0.5410266178781828,True,3,1,0.00011288277170875475,0.2911171319973515,False
2020-21,2021-05-12,401307852,old,8,6,0.0016032912694885174,0.4625337212277394,False,8,6,0.0016027139911461898,0.46244419716317225,False
2020-21,2021-05-12,401307852,new,4,3,0.000954510457753525,0.48300843285025236,False,4,3,0.000954510457753525,0.4830084328502523,False
2020-21,2021-05-12,401307854,old,11,10,0.002765570528941647,0.7185557955091223,True,9,7,0.0017636704159707396,0.46297581027837753,False
2020-21,2021-05-12,401307854,new,6,5,0.0021704395022608845,0.895306512444813,True,4,3,0.0011525561224787928,0.47916560895023325,False
2020-21,2021-05-12,401307855,old,5,4,0.002448222335241634,0.7590801989239999,True,6,5,0.0017584089822387042,0.5065154127934645,True
2020-21,2021-05-12,401307855,new,6,5,0.0031551358052471874,0.6588500411934703,True,6,5,0.002538775737640508,0.5076085149314081,True
2020-21,2021-05-12,401307856,old,5,4,0.0016603319407657209,0.4776497258807546,False,6,5,0.0017615490128896072,0.4874325295701107,False
2020-21,2021-05-12,401307856,new,5,4,0.003013503752877718,0.6590752044588621,True,6,5,0.002301829600143759,0.4913754915509704,False
2020-21,2021-05-13,401307857,old,9,7,0.0026902908557870087,0.4806356385809316,False,9,7,0.0026902908557870087,0.4806356385809316,False
2020-21,2021-05-13,401307857,new,9,7,0.003743725504370801,0.5129569426040322,True,9,7,0.003743725504370801,0.5129569426040322,True
2020-21,2021-05-13,401307858,old,7,6,0.0021259076982976205,0.5694531960759622,True,7,5,0.0017735562427684437,0.47505883898664253,False
2020-21,2021-05-13,401307858,new,6,5,0.0032880444399187143,0.5488237809908679,True,6,4,0.002935596771333917,0.48999499518561684,False
2020-21,2021-05-13,401307859,old,8,6,0.0019204334125976475,0.490688823022281,False,9,7,0.001876262176700632,0.4846133713419765,False
2020-21,2021-05-13,401307859,new,6,4,0.0015309638109416144,0.47484059424716885,False,7,5,0.0015054058350829351,0.4725796978420214,False
2020-21,2021-05-13,401307861,old,9,7,0.0018117361868918793,0.4556300881127374,False,8,6,0.0017175540569046592,0.44033692714620837,False
2020-21,2021-05-13,401307861,new,4,3,0.000893126539055893,0.4532174530698261,False,4,3,0.0009050954360196022,0.45264353594023066,False
2020-21,2021-05-13,401307860,old,9,8,0.0027125923580182095,0.7539927885427005,True,8,6,0.0016554802925735387,0.45477227499811007,False
2020-21,2021-05-13,401307860,new,8,7,0.002376424000170391,0.7286361626707119,True,7,5,0.0014739455149326644,0.44660432629778846,False
2020-21,2021-05-13,401307862,old,4,2,0.0004380009617006996,0.31049762469942205,False,3,1,0.00011227561759437169,0.14788771629458855,False
2020-21,2021-05-13,401307862,new,0,0,0.0,nan,False,0,0,0.0,nan,False
2020-21,2021-05-13,401307864,old,7,5,0.001358964430260986,0.4755051956022242,False,6,4,0.0010250603668208191,0.46760081760262345,False
2020-21,2021-05-13,401307864,new,4,3,0.0008408347421173486,0.4879428250802551,False,4,3,0.0008427878671464523,0.48852254047483806,False
2020-21,2021-05-13,401307863,old,8,6,0.001343708181374984,0.4649333878844212,False,7,5,0.0012081443887837426,0.4386003081746459,False
2020-21,2021-05-13,401307863,new,2,1,0.0006547914313147164,0.4709237868748999,False,2,1,0.0006547914313147164,0.4709237868748999,False
2020-21,2021-05-13,401307865,old,9,7,0.002818856510156513,0.7118011320971854,True,8,6,0.001871699645765914,0.4791215794902152,False
2020-21,2021-05-13,401307865,new,10,8,0.003167493139001371,0.6688762075248839,True,8,6,0.002280764771430992,0.48705988699172953,False
2020-21,2021-05-14,401307866,old,9,7,0.002736866996350226,0.5379038664119535,True,8,6,0.0021246053204838516,0.4746914290663257,False
2020-21,2021-05-14,401307866,new,3,2,0.0020849923247410087,0.4824880266673769,False,3,2,0.0020849923247410087,0.4824880266673769,False
2020-21,2021-05-14,401307867,old,6,4,0.0010646398181600456,0.44779882137058924,False,6,4,0.0010650913888865503,0.4482097373840687,False
2020-21,2021-05-14,401307867,new,5,3,0.0009305438068900383,0.4304981315601271,False,6,4,0.0010347205847468777,0.4563164890758158,False
2020-21,2021-05-14,401307869,old,7,5,0.0014200246505720094,0.5848789670189425,True,6,4,0.0009662222998992676,0.486889659572372,False
2020-21,2021-05-14,401307869,new,4,2,0.0006802954556934566,0.44470436623851656,False,4,2,0.0006906565389807539,0.45876028361192467,False
2020-21,2021-05-14,401307868,old,9,7,0.0023210442595966055,0.5345527654209701,True,8,6,0.0018862610687330754,0.48239982246814767,False
2020-21,2021-05-14,401307868,new,6,4,0.0016230180040407599,0.4656919468657929,False,6,4,0.0016246947907157965,0.4677587203827533,False
2020-21,2021-05-14,401307871,old,4,3,0.001315578809982909,0.4827634890496152,False,4,3,0.001315578809982909,0.4827634890496152,False
2020-21,2021-05-14,401307871,new,4,3,0.001315578809982909,0.4827634890496152,False,4,3,0.001315578809982909,0.4827634890496152,False
2020-21,2021-05-14,401307872,old,6,4,0.001112149844376895,0.47447885622130576,False,5,3,0.0008643363058217031,0.4123493649415027,False
2020-21,2021-05-14,401307872,new,0,0,0.0,nan,False,0,0,0.0,nan,False
2020-21,2021-05-14,401307870,old,5,5,0.0018128556104274507,1.0,True,4,3,0.0008825238806899693,0.4698278213115944,False
2020-21,2021-05-14,401307870,new,6,6,0.0023083699778620706,1.0,True,4,3,0.0011294638833333277,0.4799097266162094,False
2020-21,2021-05-14,401307873,old,7,5,0.0011921996594579482,0.4806324005327865,False,7,5,0.0010893177339126488,0.45814669446206613,False
2020-21,2021-05-14,401307873,new,0,0,0.0,nan,False,0,0,0.0,nan,False
2020-21,2021-05-15,401307874,old,8,6,0.0029572436617485575,0.4951527478341458,False,7,5,0.002384705329278407,0.49384866303702524,False
2020-21,2021-05-15,401307874,new,4,3,0.0014366148461517766,0.48900271409434415,False,4,3,0.0014366148461517766,0.48900271409434415,False
2020-21,2021-05-15,401307878,old,9,7,0.0035373991416544027,0.49062502161179294,False,9,7,0.0035370057061676345,0.49059722444944576,False
2020-21,2021-05-15,401307878,new,9,7,0.005300275021660227,0.5265423972341534,True,9,7,0.005300275018051638,0.5265423970644255,True
2020-21,2021-05-15,401307875,old,9,7,0.0037478892334653446,0.48999764821912556,False,9,7,0.0037266406082345905,0.48569400986759725,False
2020-21,2021-05-15,401307875,new,8,6,0.00668115856110664,0.5777857424061195,True,8,6,0.005681422759589801,0.4908699572409489,False
2020-21,2021-05-15,401307879,old,7,5,0.0012506854332521816,0.49711561321687797,False,7,5,0.0012506854332521816,0.49711561321687797,False
2020-21,2021-05-15,401307879,new,3,2,0.0003098445213193376,0.49999999943086476,False,3,2,0.0003098445213193376,0.49999999943086476,False
2020-21,2021-05-15,401307877,old,3,2,0.0006176302446411635,0.47283112996224064,False,2,1,0.00025943672821829506,0.43979804490365093,False
2020-21,2021-05-15,401307877,new,0,0,0.0,nan,False,0,0,0.0,nan,False
2020-21,2021-05-15,401307876,old,7,7,0.0026561730867545657,1.0,True,8,6,0.0019000538881567622,0.4779658032970792,False
2020-21,2021-05-15,401307876,new,7,7,0.002423529867191794,1.0,True,8,6,0.0017865609627944216,0.48238166992699594,False
2020-21,2021-05-16,401307893,old,4,3,0.00124345477443622,0.49891397829577,False,4,3,0.00124345477443622,0.49891397829577,False
2020-21,2021-05-16,401307893,new,0,0,0.0,nan,False,0,0,0.0,nan,False
2020-21,2021-05-16,401307887,old,5,4,0.0016221906431642952,0.5000000124958869,True,5,4,0.0016221906323406813,0.5000000108278317,True
2020-21,2021-05-16,401307887,new,5,4,0.0015072736793640404,0.4999999924504967,False,5,4,0.0015072736746214066,0.49999999166387216,False
2020-21,2021-05-16,401307894,old,3,1,0.00013581287867296863,0.020311159784461883,False,3,1,0.00013581287867296863,0.020311159784461883,False
2020-21,2021-05-16,401307894,new,3,1,0.0006322818529147544,0.04999383002366775,False,3,1,0.0006322818529147544,0.04999383002366775,False
2020-21,2021-05-16,401307892,old,6,4,0.001367066355608232,0.4998737232327789,False,6,4,0.001367066355608232,0.4998737232327789,False
2020-21,2021-05-16,401307892,new,2,1,0.00019400400334391104,0.5,False,2,1,0.00019400400334391104,0.5,False
2020-21,2021-05-16,401307884,old,2,0,0.0,0.0,False,2,0,0.0,0.0,False
2020-21,2021-05-16,401307884,new,4,2,0.000341331932935726,0.0251555168071037,False,3,1,0.00027119126639617357,0.020090133168319205,False
2020-21,2021-05-16,401307881,old,7,5,0.0027116232148663042,0.5547020955582241,True,6,4,0.0020090440271985422,0.47996055805830745,False
2020-21,2021-05-16,401307881,new,4,3,0.0016610221766145314,0.48933130977799677,False,4,3,0.0016637161421719161,0.4897362718135762,False
2020-21,2021-05-16,401307880,old,5,3,0.0010814250918080007,0.33378174315884424,False,5,4,0.001619958409149511,0.4999999972104352,False
2020-21,2021-05-16,401307880,new,5,3,0.0008816675590397097,0.2930470956202344,False,5,4,0.0015043103453884438,0.4999999971532331,False
2020-21,2021-05-16,401307889,old,9,7,0.0028676733868502426,0.5674823227743423,True,8,6,0.0021577581678591767,0.49615822545592286,False
2020-21,2021-05-16,401307889,new,6,4,0.0017729756830152919,0.4818512985176604,False,6,4,0.001785665009280591,0.4848452527124545,False
2020-21,2021-05-16,401307883,old,7,6,0.0016914149065138454,0.8718414713777497,True,7,5,0.0009402830878798969,0.47806595281256625,False
2020-21,2021-05-16,401307883,new,6,5,0.0009796014733983432,0.818291941435501,True,7,5,0.0006769887191431139,0.46989508549653697,False
2020-21,2021-05-16,401307888,old,9,7,0.0031556554990047913,0.55458421080031,True,8,6,0.0024345034291060616,0.48936322099643703,False
2020-21,2021-05-16,401307888,new,6,4,0.0020741786121340868,0.4773957851641397,False,6,4,0.002073844818616564,0.48069917359314807,False
2020-21,2021-05-16,401307890,old,8,6,0.004820723809781996,0.586670246425383,True,9,7,0.0041436298917279365,0.5001619012950977,True
2020-21,2021-05-16,401307890,new,9,7,0.006698439940262535,0.5615671283920652,True,9,7,0.0059998465797077094,0.5032119009731285,True
2020-21,2021-05-16,401307891,old,5,3,0.0014346685088448535,0.5187064481560923,True,5,3,0.0013278437855450342,0.49937083241835617,False
2020-21,2021-05-16,401307891,new,2,1,0.000436691811372494,0.5,False,2,1,0.000436691811372494,0.5,False
2020-21,2021-05-16,401307886,old,8,6,0.004003123821495376,0.5597112646640826,True,8,6,0.003222106649613047,0.49415140649788963,False
2020-21,2021-05-16,401307886,new,6,4,0.004646936552748175,0.5346132615216984,True,5,4,0.0039026644732860455,0.4910325056348431,False
2020-21,2021-05-16,401307885,old,6,5,0.0020376355036279825,0.6865018987083867,True,5,3,0.0009511700523375232,0.47495175249584176,False
2020-21,2021-05-16,401307885,new,3,3,0.001127437478224288,1.0,True,3,2,0.0005633582008686976,0.5000051071424692,True
2020-21,2021-05-16,401307882,old,6,5,0.002007696043206305,0.6108735366977324,True,5,3,0.0010747702791993542,0.4651197788854371,False
2020-21,2021-05-16,401307882,new,2,2,0.0007261391554321412,1.0,True,2,1,0.0002777478360230323,0.3824994616324449,False
2021-22,2022-02-14,401360677,old,6,5,0.0015356408560626765,0.6361880001678206,True,5,4,0.0005148331331331715,0.36958365131486015,False
2021-22,2022-02-14,401360677,new,3,2,0.00022043132494113858,0.3882927740572103,False,2,1,0.00011048440650350262,0.24136582436746729,False
2021-22,2022-02-14,401360678,old,5,4,0.0014444058568117526,0.7414906658969888,True,4,2,0.0003188262235942485,0.19157635674027268,False
2021-22,2022-02-14,401360678,new,5,4,0.0017927342886840723,0.9404250019549307,True,4,2,0.0005861305565707962,0.3385679364089449,False
2021-22,2022-02-14,401360679,old,6,4,0.0016710242702134056,0.6058489156070179,True,6,4,0.0005051313839001322,0.3232670640417364,False
2021-22,2022-02-14,401360679,new,1,0,0.0,0.0,False,1,0,0.0,0.0,False
2021-22,2022-02-14,401360682,old,9,7,0.0022476428100099075,0.6606259647651384,True,10,8,0.0011468867385254725,0.361209956839597,False
2021-22,2022-02-14,401360682,new,11,9,0.001577232786891552,0.5453615927316491,True,10,8,0.00118179884928528,0.40169342379115835,False
2021-22,2022-02-14,401360681,old,11,9,0.0024430028483436264,0.49524642973910343,False,14,12,0.0016444219374170718,0.4429281226370717,False
2021-22,2022-02-14,401360681,new,9,7,0.0011791399837659147,0.38357506212731934,False,9,7,0.001033686700579277,0.3906288690306556,False
2021-22,2022-02-14,401360680,old,10,8,0.002120287714516018,0.5016360295010848,True,13,11,0.0015187924083061677,0.42779646325884263,False
2021-22,2022-02-14,401360680,new,11,9,0.0014362828271354373,0.4522762045967606,False,10,8,0.0011542945700942252,0.41715329547435914,False
2021-22,2022-02-14,401360684,old,7,6,0.0018158804931000631,0.9386393084667836,True,6,4,0.0005611188287328201,0.3154327934363067,False
2021-22,2022-02-14,401360684,new,7,7,0.0019286450140535076,1.0,True,6,5,0.0006645019658425422,0.37391670927203907,False
2021-22,2022-02-14,401360683,old,5,4,0.0006530442343873204,0.3693525622339883,False,5,4,0.0005471857299350878,0.32918976516496323,False
2021-22,2022-02-14,401360683,new,4,3,0.0006924943331816138,0.3614813541454923,False,5,4,0.0006924546060082135,0.36146811256170525,False
2021-22,2022-02-14,401360685,old,5,4,0.0011537412267731827,0.8105708904908329,True,4,2,0.00026501506075911005,0.22772273492420736,False
2021-22,2022-02-14,401360685,new,6,5,0.001807375348094975,0.8701843531474331,True,5,3,0.0005075954875301451,0.3699546051301697,False
2021-22,2022-02-15,401360686,old,13,11,0.002801661052934566,0.7345150441888904,True,11,9,0.001210485704203028,0.37312129681199413,False
2021-22,2022-02-15,401360686,new,14,12,0.002624092450161166,0.7347771363865303,True,12,10,0.001360507168269498,0.41257435907095014,False
2021-22,2022-02-15,401360688,old,2,2,0.0025758249760559305,1.0,True,2,0,0.0,0.0,False
2021-22,2022-02-15,401360688,new,4,3,0.0029880444815153042,0.9181824916565204,True,4,2,0.00026984951650178867,0.08226220278445198,False
2021-22,2022-02-15,401360687,old,4,2,0.0003403676680636145,0.14963730100200998,False,4,2,0.00023838796604443976,0.10963276810510612,False
2021-22,2022-02-15,401360687,new,5,3,0.0004975186600332577,0.2000368688826648,False,4,2,0.0003070484110326934,0.13356612833383702,False
2021-22,2022-02-15,401360691,old,7,5,0.00127636567287469,0.6417669419482426,True,7,5,0.0007994800470932604,0.38798372325254915,False
2021-22,2022-02-15,401360691,new,5,3,0.000608619896145945,0.5399269231791006,True,4,2,0.0002652401164112216,0.28134200556779027,False
2021-22,2022-02-15,401360689,old,9,7,0.0008799740511874755,0.35212332762924564,False,9,7,0.0009484619728114072,0.3867984842245781,False
2021-22,2022-02-15,401360689,new,8,7,0.001038319787583782,0.4226614611139884,False,8,7,0.00110517489813249,0.4379570305658895,False
2021-22,2022-02-15,401360690,old,8,6,0.0011105105115180804,0.36303610962270166,False,4,2,0.00025731632505488964,0.12772069247636098,False
2021-22,2022-02-15,401360690,new,10,8,0.0016948607523991383,0.469843818583964,False,8,6,0.0011001001535533026,0.38755417773726886,False
2021-22,2022-02-15,401360692,old,3,3,0.0009841677801971562,1.0,True,2,1,0.00011784153994294243,0.15175320598924846,False
2021-22,2022-02-15,401360692,new,5,5,0.0013685757229990564,1.0,True,3,2,0.00028582133070884823,0.3198897909490551,False
2021-22,2022-02-16,401360693,old,7,6,0.000899679775599197,0.5137302921811663,True,4,3,0.00047623563663086883,0.359106109637234,False
2021-22,2022-02-16,401360693,new,5,4,0.000820741872918284,0.4960917922818282,False,4,3,0.0006193333196196915,0.4197683668247755,False
2021-22,2022-02-16,401360694,old,7,7,0.002027649760988026,1.0,True,8,7,0.0009871517655959793,0.43192724798735,False
2021-22,2022-02-16,401360694,new,9,8,0.0023317912209467042,0.9241440271501377,True,8,7,0.0011334788530520446,0.428765177915346,False
2021-22,2022-02-16,401360695,old,6,4,0.0012817080282611054,0.5379346564194293,True,4,2,0.00029461897179377676,0.210827177906403,False
2021-22,2022-02-16,401360695,new,4,3,0.0003738722844096525,0.4841051439567389,False,3,2,0.00025261939304020524,0.38802275217548937,False
2021-22,2022-02-16,401360696,old,6,5,0.0025973268870975665,0.7565621227625663,True,4,2,0.000253487130235868,0.1280023649952869,False
2021-22,2022-02-16,401360696,new,6,5,0.002289793292438516,0.9461250182200506,True,5,3,0.000732078836685219,0.3444470715802902,False
2021-22,2022-02-16,401360697,old,8,6,0.0009431320800167888,0.36937007935738453,False,9,7,0.000930178068883482,0.36196496683014745,False
2021-22,2022-02-16,401360697,new,8,7,0.0009990571740940471,0.4422861932469753,False,9,8,0.001077151107411531,0.4576428037723681,False
2021-22,2022-02-16,401360700,old,6,4,0.0011294515596726611,0.5435667805982956,True,4,2,0.0002837461776692612,0.2328625154197088,False
2021-22,2022-02-16,401360700,new,3,2,0.00034342251630170513,0.6280889209543788,True,1,0,0.0,0.0,False
2021-22,2022-02-16,401360699,old,3,1,0.00041270246708316634,0.1930065910998491,False,2,0,0.0,0.0,False
2021-22,2022-02-16,401360699,new,8,6,0.00083107245616393,0.26375173957258197,False,9,7,0.0009793028444622742,0.28020840500896904,False
2021-22,2022-02-16,401360698,old,8,6,0.002169593829601545,0.5531631140069234,True,7,5,0.0008058255541323192,0.4000398633342575,False
2021-22,2022-02-16,401360698,new,5,3,0.0008274014787684259,0.5061919001870301,True,3,1,0.00015390240177259835,0.2002520425310899,False
2021-22,2022-02-16,401360701,old,0,0,0.0,nan,False,0,0,0.0,nan,False
2021-22,2022-02-16,401360701,new,0,0,0.0,nan,False,0,0,0.0,nan,False
2021-22,2022-02-16,401360702,old,8,6,0.0008874203679607205,0.3603291876393533,False,10,8,0.0010375136343539,0.3970739392008532,False
2021-22,2022-02-16,401360702,new,8,6,0.0010323726267087664,0.37600482969966004,False,9,7,0.001082672813968,0.38723078942928735,False
2021-22,2022-02-16,401360703,old,10,10,0.008359724294392351,1.0,True,12,10,0.0013352639462186732,0.3954954747951447,False
2021-22,2022-02-16,401360703,new,12,12,0.003737017383566469,1.0,True,11,9,0.0011605265720769137,0.4316347912952484,False
2021-22,2022-02-17,401401136,old,5,4,0.0024849307252553005,0.7374019988793756,True,4,2,0.00021881530182219899,0.10449166701432978,False
2021-22,2022-02-17,401401136,new,4,3,0.001972851338010137,0.8501643511885597,True,5,3,0.00065776477086156,0.2768467920239803,False
2021-22,2022-02-17,401360704,old,8,6,0.001144282867161307,0.39227747439556865,False,6,4,0.0005411910344164348,0.24290221423630629,False
2021-22,2022-02-17,401360704,new,7,5,0.0009551641289746229,0.3672404268239358,False,6,4,0.0006715295705082206,0.2998901308075478,False
2021-22,2022-02-17,401360705,old,11,9,0.0021898215352122393,0.5301450868299786,True,14,12,0.001678232652455007,0.4396713879029634,False
2021-22,2022-02-17,401360705,new,10,8,0.0014480925018419098,0.48010802934856633,False,11,9,0.0011678029665530664,0.422064145834116,False
2021-22,2022-02-17,401360706,old,2,1,0.0014328060155688511,0.49060035479484604,False,2,0,0.0,0.0,False
2021-22,2022-02-17,401360706,new,2,1,0.0015899895602346024,0.48296643152088153,False,2,0,0.0,0.0,False
2021-22,2022-02-17,401360707,old,5,4,0.0014050454630990122,0.902458801657852,True,2,1,0.00011889435582126315,0.1528337186493241,False
2021-22,2022-02-17,401360707,new,6,6,0.0020384762717534596,1.0,True,4,3,0.0004940818468160349,0.4392490836727539,False
2021-22,2022-02-24,401360708,old,9,8,0.0021089039778943363,0.8852350715734374,True,9,8,0.0011151996212745495,0.46350022402086516,False
2021-22,2022-02-24,401360708,new,9,8,0.002094027099007768,0.8229378580963295,True,9,8,0.0012469050144433666,0.4699449428784901,False
2021-22,2022-02-24,401360709,old,6,6,0.0026267404442795977,1.0,True,7,5,0.000596141972884424,0.2061760255489815,False
2021-22,2022-02-24,401360709,new,6,5,0.0032747403703305175,0.8890660604748671,True,7,5,0.0009319658676447004,0.23000534828911592,False
2021-22,2022-02-24,401360712,old,1,0,0.0,0.0,False,1,0,0.0,0.0,False
2021-22,2022-02-24,401360712,new,0,0,0.0,nan,False,0,0,0.0,nan,False
2021-22,2022-02-24,401360710,old,13,11,0.0016260763405247624,0.4439202697288314,False,10,8,0.0010837635236469253,0.34767898592758634,False
2021-22,2022-02-24,401360710,new,11,9,0.0016211096617020466,0.4191313159141267,False,9,7,0.0011822845076904698,0.344797324201826,False
2021-22,2022-02-24,401360711,old,5,3,0.00039900226123803454,0.2645646394725787,False,4,2,0.0002686217590435452,0.19832110434471464,False
2021-22,2022-02-24,401360711,new,6,4,0.0005841307774696849,0.36305310952232983,False,5,3,0.000445738470114099,0.2919986639598637,False
2021-22,2022-02-24,401360714,old,9,7,0.001096794771641135,0.40304170738618145,False,10,8,0.0010844141600615698,0.4003134141183036,False
2021-22,2022-02-24,401360714,new,9,8,0.0012404222870303228,0.4831466391871623,False,10,9,0.0012253446668344663,0.48009335258739694,False
2021-22,2022-02-24,401360713,old,8,6,0.002677479743583905,0.5824936965846795,True,8,6,0.0007977995817504607,0.3726973913929485,False
2021-22,2022-02-24,401360713,new,7,5,0.0011371696722096431,0.48319743988240876,False,5,3,0.00036465893022335057,0.3078066941919275,False
2021-22,2022-02-25,401360715,old,10,8,0.001846277445559113,0.5624192397809522,True,9,7,0.0009727130264149177,0.31870161333308045,False
2021-22,2022-02-25,401360715,new,9,7,0.001235108016124946,0.405244059812633,False,9,7,0.001202110657858266,0.3521235935840772,False
2021-22,2022-02-25,401360717,old,1,0,0.0,0.0,False,1,0,0.0,0.0,False
2021-22,2022-02-25,401360717,new,0,0,0.0,nan,False,0,0,0.0,nan,False
2021-22,2022-02-25,401360716,old,2,0,0.0,0.0,False,2,0,0.0,0.0,False
2021-22,2022-02-25,401360716,new,1,1,0.00012481305077191061,1.0,True,0,0,0.0,nan,False
2021-22,2022-02-25,401360718,old,6,4,0.0007573040212384936,0.30291679268864236,False,5,3,0.0003860895135940759,0.1810350798686818,False
2021-22,2022-02-25,401360718,new,7,5,0.0008380330009714737,0.5566272364529559,True,6,4,0.000506923125695076,0.4304111730994611,False
2021-22,2022-02-25,401360719,old,5,3,0.0014345474801195199,0.47677240281970906,False,7,5,0.00063275813117387,0.2866514178752574,False
2021-22,2022-02-25,401360719,new,3,2,0.0003335293998180639,0.28906952021161936,False,3,2,0.0002420616919062461,0.22772330259485904,False
2021-22,2022-02-25,401360720,old,4,3,0.0014909795914051487,0.6500530927507703,True,4,2,0.00023587616534620246,0.10447952356911736,False
2021-22,2022-02-25,401360720,new,5,4,0.0017454839965518475,0.6836977008884808,True,4,2,0.00028065245958329205,0.1185896250069818,False
2021-22,2022-02-25,401360722,old,2,1,0.0013634551028101729,0.49619027651323233,False,2,0,0.0,0.0,False
2021-22,2022-02-25,401360722,new,2,1,0.0013493391516321079,0.48380987602678605,False,2,0,0.0,0.0,False
2021-22,2022-02-25,401360721,old,7,6,0.0014351214192911258,0.6851756075077036,True,5,4,0.0005645530625873484,0.4202485507033325,False
2021-22,2022-02-25,401360721,new,2,1,0.00021594576018901424,0.4766220330455664,False,1,0,0.0,0.0,False
2021-22,2022-02-25,401360723,old,4,4,0.006411632510183623,1.0,True,3,1,0.00013491012531121702,0.07214282402367357,False
2021-22,2022-02-25,401360723,new,4,4,0.0029626945109670197,1.0,True,3,1,0.00011230408541921169,0.0697084389325731,False
2021-22,2022-02-26,401360724,old,4,4,0.0015403896346433078,1.0,True,6,5,0.0007604741314319585,0.39065181777862995,False
2021-22,2022-02-26,401360724,new,7,6,0.001982326687180731,0.9153206407207546,True,6,5,0.0009177219529075993,0.40022361483637026,False
2021-22,2022-02-26,401360725,old,8,6,0.0008290777929641921,0.3230474953937288,False,7,5,0.0006548390568731945,0.2440363040534247,False
2021-22,2022-02-26,401360725,new,7,5,0.0008165816180518417,0.238269760096507,False,7,5,0.000875550943064372,0.2522787971394643,False
2021-22,2022-02-26,401360726,old,10,8,0.0029110083557965824,0.6834766594018625,True,10,8,0.001104583821740071,0.34255807671078875,False
2021-22,2022-02-26,401360726,new,9,7,0.001654410332507747,0.6124492999247207,True,7,5,0.0008954781734893501,0.34160642061122864,False
2021-22,2022-02-26,401360728,old,3,1,0.0001125692729803784,0.059576507491627746,False,3,1,0.0001125692729803784,0.06306661086906018,False
2021-22,2022-02-26,401360728,new,3,1,0.0001125692729803784,0.05883387116988046,False,3,1,0.0001125692729803784,0.0622275807482044,False
2021-22,2022-02-26,401360727,old,9,7,0.002634586021168808,0.6084570612893505,True,9,7,0.0010254628778538924,0.3819899692101766,False
2021-22,2022-02-26,401360727,new,7,5,0.0011458057222697622,0.5109153040479523,True,5,3,0.000354910718395806,0.25070072113319664,False
2021-22,2022-02-26,401360729,old,9,8,0.001964462771934837,0.6079595081673472,True,9,7,0.0009227008413621793,0.30038012717163387,False
2021-22,2022-02-26,401360729,new,9,8,0.0026703335269269816,0.6354762484216374,True,10,8,0.0013385740560679527,0.3258755535416891,False
2021-22,2022-02-26,401360730,old,9,7,0.0010255693523893307,0.40287657073913336,False,9,7,0.0009522082321994149,0.3851576735175571,False
2021-22,2022-02-26,401360730,new,9,8,0.0012045056692150265,0.4826722816419085,False,9,8,0.0010994492887313587,0.4599364517999816,False
2021-22,2022-02-27,401360731,old,8,7,0.002835967190845828,0.796045200657091,True,11,9,0.0011876665402103296,0.3994516589215121,False
2021-22,2022-02-27,401360731,new,6,6,0.0018049080026122997,1.0,True,7,6,0.0007850283705228588,0.41998122718476566,False
2021-22,2022-02-27,401360732,old,7,7,0.0018710228319464488,1.0,True,6,5,0.0006879409990802393,0.38915521989379237,False
2021-22,2022-02-27,401360732,new,7,7,0.0018626517738430535,1.0,True,6,5,0.0006880673701841614,0.3872506275036431,False
2021-22,2022-02-27,401360733,old,7,6,0.0018292385215305169,0.8306074303441019,True,8,6,0.0008400028409118827,0.366559701025691,False
2021-22,2022-02-27,401360733,new,8,6,0.0019192469885828563,0.8805298166040848,True,7,6,0.0009452232173360346,0.40968268316726114,False
2021-22,2022-02-27,401360735,old,4,3,0.0009378022482897763,0.8382372645721432,True,2,1,0.00013266982617843635,0.17438412286748486,False
2021-22,2022-02-27,401360735,new,4,4,0.0010442424079256255,1.0,True,2,1,0.00015777129196864597,0.23526621681037632,False
2021-22,2022-02-27,401360734,old,6,5,0.0007978408145932376,0.4780462315996013,False,4,3,0.0004181064432307808,0.34764736596079204,False
2021-22,2022-02-27,401360734,new,5,4,0.0007954345229875598,0.5024742698691752,True,4,3,0.0005202920151885149,0.4283135116767152,False
2021-22,2022-02-27,401360736,old,7,5,0.0007377464151960947,0.3129422766647923,False,8,6,0.0008185246992372916,0.33570441808181106,False
2021-22,2022-02-27,401360736,new,8,6,0.0008518341221840635,0.3365671440486064,False,9,7,0.0009417725495058914,0.3593335236821841,False
2021-22,2022-02-27,401360737,old,12,10,0.0032391490829017764,0.5547619152188158,True,14,12,0.0018139011884423263,0.45712398581479474,False
2021-22,2022-02-27,401360737,new,9,7,0.0013873622918095848,0.4208961542295971,False,9,7,0.0009881592574112147,0.38185834626619,False
2021-22,2022-02-27,401360738,old,4,3,0.004651509662609987,0.602409119504982,True,2,0,0.0,0.0,False
2021-22,2022-02-27,401360738,new,4,3,0.0011649200989974175,0.7317016875259086,True,2,0,0.0,0.0,False
2021-22,2022-02-28,401360740,old,1,0,0.0,0.0,False,1,0,0.0,0.0,False
2021-22,2022-02-28,401360740,new,0,0,0.0,nan,False,0,0,0.0,nan,False
2021-22,2022-02-28,401360739,old,4,2,0.0009996815599734124,0.4759523805673919,False,2,0,0.0,0.0,False
2021-22,2022-02-28,401360739,new,7,5,0.0013296790369894244,0.5537106653634075,True,7,5,0.0006403430544374109,0.25546069660745174,False
2021-22,2022-02-28,401360545,old,3,2,0.0013850917194452774,0.48484703235490784,False,2,0,0.0,0.0,False
2021-22,2022-02-28,401360545,new,5,4,0.0027022081557647485,0.5313835996415668,True,5,3,0.000504338034985413,0.12928546058983803,False
2021-22,2022-02-28,401360741,old,2,0,0.0,0.0,False,2,0,0.0,0.0,False
2021-22,2022-02-28,401360741,new,2,0,0.0,0.0,False,2,0,0.0,0.0,False
2021-22,2022-02-28,401360742,old,8,7,0.0020738660481565713,0.6896092366863762,True,8,6,0.0010005439901390517,0.413047826197095,False
2021-22,2022-02-28,401360742,new,6,4,0.0008236010166073189,0.5820815262276199,True,4,2,0.0002990686585650701,0.27954024010165734,False
2021-22,2022-02-28,401360744,old,2,0,0.0,0.0,False,2,0,0.0,0.0,False
2021-22,2022-02-28,401360744,new,0,0,0.0,nan,False,0,0,0.0,nan,False
2021-22,2022-02-28,401360743,old,7,5,0.0009705286245080101,0.3292857537707167,False,6,4,0.0006163836164445956,0.24156852929206682,False
2021-22,2022-02-28,401360743,new,5,3,0.0005862233701463942,0.21741528435956214,False,6,4,0.0007917458080344639,0.2768225290925008,False
2021-22,2022-03-01,401360745,old,5,4,0.0018349278677921375,0.6699104738061467,True,5,4,0.0005857800361662496,0.3931630032871286,False
2021-22,2022-03-01,401360745,new,2,1,0.00016948894469976213,0.3674927789597068,False,2,1,0.00016892527565837574,0.36671880168170956,False
2021-22,2022-03-01,401360747,old,4,3,0.0011258006780304718,0.5338761249133934,True,5,3,0.0003440268883003108,0.14144505082725434,False
2021-22,2022-03-01,401360747,new,5,4,0.0023293050655138546,0.5538969124971596,True,6,4,0.0008428134656020605,0.2124815467957064,False
2021-22,2022-03-01,401360746,old,6,5,0.0015349040326293282,0.6446484491156119,True,6,4,0.0005190142376256176,0.20275701577271507,False
2021-22,2022-03-01,401360746,new,7,5,0.001853104483151106,0.5268452684149147,True,6,4,0.000812349085619617,0.22208185406688818,False
2021-22,2022-03-01,401360748,old,4,3,0.0008553893288815635,0.8178569164395283,True,2,1,0.0001193483722494571,0.17158698928803526,False
2021-22,2022-03-01,401360748,new,4,4,0.000804139366560502,1.0,True,2,1,0.00012991189577284782,0.24125391689810696,False
2021-22,2022-03-01,401360749,old,6,4,0.000698261192989405,0.33582086370332825,False,6,4,0.0005407045454703031,0.28136632765733327,False
2021-22,2022-03-01,401360749,new,6,4,0.0006285690213957746,0.32591225352659553,False,5,3,0.00043179933675925044,0.24932473243669845,False
2021-22,2022-03-01,401360750,old,11,10,0.00807755819567374,0.8763724791202119,True,13,11,0.0016032446354845372,0.4324353243644742,False
2021-22,2022-03-01,401360750,new,10,9,0.0019675958242287004,0.6205789123950105,True,9,7,0.000934738191644988,0.381916330545645,False
2021-22,2022-03-02,401360751,old,9,7,0.0019561475023177444,0.5996958634443255,True,6,4,0.0006910247224130736,0.25905735263515417,False
2021-22,2022-03-02,401360751,new,9,7,0.0016610806592821674,0.553412364329051,True,8,6,0.0011286961989964317,0.3754052970153157,False
2021-22,2022-03-02,401360752,old,1,0,0.0,0.0,False,1,0,0.0,0.0,False
2021-22,2022-03-02,401360752,new,0,0,0.0,nan,False,0,0,0.0,nan,False
2021-22,2022-03-02,401360753,old,7,6,0.002691646186105417,0.7792843230917008,True,10,8,0.0011194004833267226,0.37725317575126033,False
2021-22,2022-03-02,401360753,new,6,6,0.0018361337130440075,1.0,True,5,4,0.0005936486168464067,0.35052603634683516,False
2021-22,2022-03-02,401360756,old,6,4,0.0015994357766550922,0.6626188739760585,True,5,3,0.00045512648742457665,0.24282699212912004,False
2021-22,2022-03-02,401360756,new,3,2,0.0004024034998520704,0.5774186274794851,True,1,0,0.0,0.0,False
2021-22,2022-03-02,401360755,old,5,3,0.0005547191705312535,0.22667950304216006,False,7,5,0.0007977154663539301,0.2965310065957889,False
2021-22,2022-03-02,401360755,new,7,5,0.0009187541963096966,0.30481426386821936,False,7,5,0.0009882781616847368,0.320467905043651,False
2021-22,2022-03-02,401360754,old,6,6,0.0017234853541301574,1.0,True,5,4,0.0005815084569333448,0.35208496589665145,False
2021-22,2022-03-02,401360754,new,5,5,0.0016238954445753095,1.0,True,5,4,0.0005901298552892728,0.3504249171642807,False
2021-22,2022-03-02,401360757,old,8,6,0.0009064203313983703,0.39618159351255655,False,9,7,0.0009236030330507164,0.40322726913611406,False
2021-22,2022-03-02,401360757,new,9,8,0.0012266359796924038,0.48175138806419265,False,8,7,0.0010289763219682847,0.43813417293693163,False
2021-22,2022-03-02,401360758,old,7,6,0.002639015313194619,0.6710684114377184,True,6,5,0.0008037240986938417,0.4510097545388694,False
2021-22,2022-03-02,401360758,new,4,3,0.0008503895752554015,0.6061657552531213,True,2,1,0.00011979807766594265,0.2808083604255996,False
2021-22,2022-03-03,401360529,old,12,10,0.0015906732242802508,0.45144307718804,False,9,7,0.0010260857893724345,0.34683764268875655,False
2021-22,2022-03-03,401360529,new,12,10,0.0018496971279387125,0.45392181246104946,False,9,7,0.0013165730827731023,0.3716666443456625,False
2021-22,2022-03-03,401360759,old,6,5,0.0016084717245715416,0.8088315518470051,True,8,6,0.0008729206626542162,0.35936839209846355,False
2021-22,2022-03-03,401360759,new,9,7,0.0019667410754659995,0.7920710601892403,True,8,6,0.0010072488888920618,0.37511640883343683,False
2021-22,2022-03-03,401360760,old,8,6,0.0016446464996499569,0.6455286823312265,True,7,5,0.0007642385007216246,0.33427739109400323,False
2021-22,2022-03-03,401360760,new,10,8,0.0026698682215362288,0.7473186458803318,True,8,6,0.0012701014196280429,0.40046123436796255,False
2021-22,2022-03-03,401360761,old,5,4,0.0009096769832761175,0.6355368173324047,True,5,4,0.0006269568177161181,0.36144808673011886,False
2021-22,2022-03-03,401360761,new,4,3,0.000646786299382511,0.3822373211133101,False,4,3,0.0006974378229183526,0.33980594339318315,False
2021-22,2022-03-03,401360762,old,6,4,0.0005314605078009693,0.21711177306726648,False,6,4,0.0004892666065981706,0.20338042964691389,False
2021-22,2022-03-03,401360762,new,7,5,0.000654201008544039,0.24779684611927805,False,7,5,0.0006192179428507487,0.23769569653829084,False
2021-22,2022-03-03,401360763,old,5,3,0.0013334086574535331,0.5111426569034689,True,5,3,0.00041172164333048213,0.24410629226043215,False
2021-22,2022-03-03,401360763,new,4,3,0.0005335639365375978,0.6863884639568777,True,1,0,0.0,0.0,False
2021-22,2022-03-03,401360764,old,7,7,0.007849507684544683,1.0,True,7,5,0.0007815374445692038,0.3365412485333643,False
2021-22,2022-03-03,401360764,new,5,5,0.001845746019535413,1.0,True,4,2,0.0002551651126449295,0.24779795434849278,False
2021-22,2022-03-04,401360765,old,1,0,0.0,0.0,False,1,0,0.0,0.0,False
2021-22,2022-03-04,401360765,new,0,0,0.0,nan,False,0,0,0.0,nan,False
2021-22,2022-03-04,401360766,old,7,6,0.002176803761213563,0.759388366354963,True,6,4,0.0005028555094597294,0.17833465081573263,False
2021-22,2022-03-04,401360766,new,8,7,0.002378335341248154,0.7190533846182927,True,7,5,0.0007499583853125747,0.234148186295308,False
2021-22,2022-03-04,401360767,old,7,5,0.0017222834326813287,0.48358987234487943,False,2,0,0.0,0.0,False
2021-22,2022-03-04,401360767,new,8,6,0.0013101590119633892,0.3974986435203218,False,6,4,0.000749525246217576,0.27430467309994155,False
2021-22,2022-03-04,401401142,old,3,2,0.0003806476692274006,0.29945476776846486,False,4,3,0.00042866006615805086,0.29768230202338597,False
2021-22,2022-03-04,401401142,new,7,6,0.0012777898253252293,0.4529037715559427,False,7,6,0.0009902067706686832,0.4274202899357494,False
2021-22,2022-03-04,401360768,old,2,0,0.0,0.0,False,2,0,0.0,0.0,False
2021-22,2022-03-04,401360768,new,3,1,0.00011822917025492157,0.039053948513673185,False,2,0,0.0,0.0,False
2021-22,2022-03-04,401360770,old,4,2,0.0003090716216173149,0.2027554928017248,False,6,4,0.0004972007808294961,0.3128137527253399,False
2021-22,2022-03-04,401360770,new,4,2,0.0004284400203980153,0.2893408816591186,False,3,2,0.0004376964725591197,0.33108945339958656,False
2021-22,2022-03-04,401360769,old,8,8,0.0017972780137052232,1.0,True,9,7,0.0010300081722361466,0.3521997395679128,False
2021-22,2022-03-04,401360769,new,8,7,0.0018389490426829517,0.8879997178842122,True,6,4,0.0005457590258224336,0.29308465407863293,False
2021-22,2022-03-04,401360771,old,7,6,0.0009543862699193389,0.4369774014080121,False,7,6,0.0008633929433042883,0.4125007705064775,False
2021-22,2022-03-04,401360771,new,6,5,0.0010313511652543118,0.41421169259186696,False,6,5,0.000958840309634261,0.39664076100914225,False
2021-22,2022-03-04,401360772,old,4,3,0.001066172860807685,0.5867973809867932,True,4,3,0.00040958523262921165,0.3529849297682826,False
2021-22,2022-03-04,401360772,new,0,0,0.0,nan,False,0,0,0.0,nan,False
2021-22,2022-03-05,401360773,old,8,6,0.0009558441760259053,0.37288058740954577,False,9,7,0.0009512720043363369,0.3717600386383108,False
2021-22,2022-03-05,401360773,new,8,7,0.0010413349949585928,0.4618945210109819,False,8,7,0.0009767505966748013,0.4460247625338444,False
2021-22,2022-03-05,401360774,old,9,7,0.0012789437222398717,0.49736612895474536,False,5,3,0.0004167653704499637,0.22106431925040534,False
2021-22,2022-03-05,401360774,new,7,6,0.0011267310880101137,0.6258715369486363,True,5,3,0.0005184720087375358,0.37712756202672626,False
2021-22,2022-03-05,401360776,old,3,2,0.00031800338794280014,0.3920607692806074,False,3,2,0.00031800338794280014,0.3659757296966421,False
2021-22,2022-03-05,401360776,new,3,2,0.00031800338794280014,0.39207000444222584,False,3,2,0.00031800338794280014,0.36599193981024586,False
2021-22,2022-03-05,401360775,old,2,1,0.001116015519446278,0.5656537144906418,True,2,0,0.0,0.0,False
2021-22,2022-03-05,401360775,new,2,1,0.0011149809109628418,0.5654589344200099,True,2,0,0.0,0.0,False
2021-22,2022-03-05,401360777,old,10,8,0.0027963600957466987,0.5636430062487575,True,11,9,0.0012939243239054497,0.4056980166377198,False
2021-22,2022-03-05,401360777,new,7,5,0.001413201024580018,0.46938045959567654,False,5,3,0.0006359340656554585,0.3233757105592921,False
2021-22,2022-03-05,401360778,old,10,9,0.007428975215444203,0.9033871648006727,True,10,8,0.0012390583351907433,0.42215432510619444,False
2021-22,2022-03-05,401360778,new,7,6,0.001593692039729154,0.6656617923562944,True,6,4,0.0006060604155044274,0.35363171539078775,False
2021-22,2022-03-06,401360779,old,11,11,0.0032970293006829377,1.0,True,7,5,0.0007912421167835115,0.28536386188005974,False
2021-22,2022-03-06,401360779,new,10,10,0.0038831674581360407,1.0,True,8,6,0.001221079900186705,0.3372949699174874,False
2021-22,2022-03-06,401360780,old,7,6,0.0008798181291025931,0.4213185118509331,False,7,6,0.0008584375114959284,0.4153323710149146,False
2021-22,2022-03-06,401360780,new,7,6,0.0008624416308998441,0.41233036935935147,False,7,6,0.0008541144435692617,0.40998138752837415,False
2021-22,2022-03-06,401360782,old,6,4,0.0022714489611308547,0.6761039855832137,True,5,3,0.00041264696189569663,0.2752666262630449,False
2021-22,2022-03-06,401360782,new,1,0,0.0,0.0,False,1,0,0.0,0.0,False
2021-22,2022-03-06,401360784,old,7,6,0.0018163116790740447,0.8929074135145127,True,8,6,0.0008272549202632135,0.38093181186705455,False
2021-22,2022-03-06,401360784,new,8,8,0.002072839361417397,1.0,True,7,6,0.0008450637280189099,0.4153255072099129,False
2021-22,2022-03-06,401360783,old,3,2,0.0002920258630943378,0.406646206841247,False,3,2,0.0002920258630943378,0.38086633534897113,False
2021-22,2022-03-06,401360783,new,3,2,0.0002920258630943378,0.4062797901083502,False,3,2,0.0002920258630943378,0.3805467594904242,False
2021-22,2022-03-06,401360781,old,3,1,0.0005535822709025577,0.14960188737545702,False,2,0,0.0,0.0,False
2021-22,2022-03-06,401360781,new,5,3,0.0012363184592612156,0.20620775092864616,False,3,1,0.00011903716098241961,0.032059268772358415,False
2021-22,2022-03-06,401360786,old,10,9,0.0025865633355997447,0.6652922478959525,True,11,9,0.0013952491125455164,0.4019956327351661,False
2021-22,2022-03-06,401360786,new,9,7,0.001559130753280739,0.4630449822771939,False,8,6,0.0012135766715656593,0.4010137440949939,False
2021-22,2022-03-06,401360785,old,4,3,0.0014708191546220991,0.6877499764860908,True,5,3,0.0003877429412610523,0.22498383455451512,False
2021-22,2022-03-06,401360785,new,3,3,0.0007326171417564388,1.0,True,2,1,0.0001337862077866017,0.22033184652386542,False
2021-22,2022-03-07,401360788,old,3,2,0.0014319520716418177,0.5348320718057895,True,2,0,0.0,0.0,False
2021-22,2022-03-07,401360788,new,4,3,0.0015562350610817508,0.5502722466988101,True,2,0,0.0,0.0,False
2021-22,2022-03-07,401360787,old,7,5,0.001003012722278437,0.5130985918967471,True,5,3,0.0004537175160688185,0.32378646780761544,False
2021-22,2022-03-07,401360787,new,6,5,0.001933239347191872,0.6010417390417755,True,5,4,0.0011459981615347615,0.45734858551220015,False
2021-22,2022-03-07,401360789,old,3,2,0.00043007711920212556,0.37973008963271837,False,3,2,0.0003345905161003506,0.32262134336872705,False
2021-22,2022-03-07,401360789,new,3,2,0.00043006450197616,0.3797877061651132,False,3,2,0.0003345905181497629,0.3226812157843882,False
2021-22,2022-03-07,401360790,old,10,8,0.002863151939934844,0.5841318666645023,True,10,8,0.0011907409042055622,0.3994594333642732,False
2021-22,2022-03-07,401360790,new,6,4,0.0012569427900118995,0.45848552881687443,False,4,2,0.00046500488242313384,0.27208727992433585,False
2021-22,2022-03-07,401360791,old,2,1,0.0012929796113445371,0.47998370491072445,False,2,0,0.0,0.0,False
2021-22,2022-03-07,401360791,new,2,1,0.0012980601215851243,0.4681057033238292,False,2,0,0.0,0.0,False
2021-22,2022-03-07,401360792,old,5,4,0.007812618138982803,0.9167443423307585,True,4,2,0.00022974010735615628,0.11673159058092894,False
2021-22,2022-03-07,401360792,new,4,3,0.001694709429925281,0.879835530153033,True,3,1,0.00012027202616037114,0.15942667327570434,False
2021-22,2022-03-07,401401144,old,7,5,0.0006417836199509155,0.21062672767904492,False,7,5,0.0006159081062302113,0.2038658969830549,False
2021-22,2022-03-07,401401144,new,6,4,0.000730387948964643,0.21628024766317472,False,6,4,0.0007080542121690676,0.21106269132543012,False
2021-22,2022-03-07,401360793,old,4,2,0.0010740793875896558,0.4766554722042966,False,4,2,0.0002254284728882464,0.16047981814920725,False
2021-22,2022-03-07,401360793,new,0,0,0.0,nan,False,0,0,0.0,nan,False
2021-22,2022-03-08,401360794,old,2,1,0.0011292526130452683,0.5001972396633854,True,2,0,0.0,0.0,False
2021-22,2022-03-08,401360794,new,3,2,0.0017326915872789028,0.553951516591929,True,3,1,0.000212865852259965,0.06763221908561014,False
2021-22,2022-03-08,401360796,old,0,0,0.0,nan,False,0,0,0.0,nan,False
2021-22,2022-03-08,401360796,new,0,0,0.0,nan,False,0,0,0.0,nan,False
2021-22,2022-03-08,401360795,old,5,3,0.00042738598458019837,0.3728234378399759,False,6,4,0.0005474522680137386,0.3083732846815188,False
2021-22,2022-03-08,401360795,new,6,4,0.0006717210471768806,0.380923729688293,False,6,5,0.0007395884210019231,0.41424691501819566,False
2021-22,2022-03-08,401360797,old,7,7,0.0016998784116526438,1.0,True,9,7,0.0009760982561471284,0.3787827553828859,False
2021-22,2022-03-08,401360797,new,8,6,0.0010233854504760615,0.5465376011271285,True,6,4,0.0005837251489489902,0.3649559886640332,False
2021-22,2022-03-08,401360798,old,8,6,0.000906651459889457,0.3850634228907875,False,8,6,0.0008783203679557709,0.3784025807654389,False
2021-22,2022-03-08,401360798,new,8,7,0.001065583753195682,0.46720260317915857,False,7,6,0.0008732942377285746,0.4181472557695575,False
2021-22,2022-03-08,401360799,old,9,8,0.0016586131274623388,0.5988102944809938,True,10,8,0.0010558993302870162,0.39102675138531956,False
2021-22,2022-03-08,401360799,new,10,9,0.001579325150339847,0.5788259334945531,True,9,7,0.0009543451741647089,0.3900213981993531,False
2021-22,2022-03-09,401360800,old,13,12,0.0027891710615535466,0.7750153537556949,True,11,9,0.0012946371713425649,0.40313804520882024,False
2021-22,2022-03-09,401360800,new,11,10,0.0024277879812521093,0.7687958855514845,True,10,8,0.00127170895954034,0.4106926571805166,False
2021-22,2022-03-09,401360801,old,5,3,0.00040092755457193035,0.25270052769749435,False,6,4,0.0005821505826123276,0.3293088896842813,False
2021-22,2022-03-09,401360801,new,6,5,0.0007036008565186067,0.4001981751690171,False,5,4,0.0005862412691533898,0.3570801210926601,False
2021-22,2022-03-09,401360802,old,3,2,0.0003845828231062804,0.38136854698070727,False,3,2,0.0003303571458501063,0.3462127950939071,False
2021-22,2022-03-09,401360802,new,3,2,0.0003845828231062804,0.3813831019353127,False,3,2,0.0003303571458501063,0.3462267592424224,False
2021-22,2022-03-09,401360805,old,4,2,0.00031558873960601397,0.21969687810710323,False,4,2,0.0002809931877118579,0.20827009702576638,False
2021-22,2022-03-09,401360805,new,6,4,0.0006749260647664105,0.39185258669475487,False,2,1,0.00025799473301842157,0.22000646054304035,False
2021-22,2022-03-09,401360803,old,11,9,0.002029871715067927,0.5006316171397811,True,10,8,0.001257565358422899,0.3832369933963831,False
2021-22,2022-03-09,401360803,new,12,10,0.0028532740802281664,0.5336087206649442,True,10,8,0.0017750120882493562,0.41598222955694636,False
2021-22,2022-03-09,401360806,old,8,7,0.0022063707540816084,0.9419905067815929,True,6,5,0.0007829336941687722,0.44795407710930296,False
2021-22,2022-03-09,401360806,new,2,1,0.00031636350567697247,0.5227862973469639,True,2,1,0.00011342812389995311,0.263694516867468,False
2021-22,2022-03-09,401360804,old,8,8,0.007877100295907585,1.0,True,6,5,0.0008895409398981662,0.47846347904810954,False
2021-22,2022-03-09,401360804,new,4,4,0.0015837607764821078,1.0,True,2,1,0.00014967638785102672,0.30506506372431325,False
2021-22,2022-03-09,401360808,old,11,9,0.0021432240417062266,0.46334351176195665,False,8,6,0.0008300691621219802,0.36316820009366674,False
2021-22,2022-03-09,401360808,new,10,8,0.0016606827008128493,0.3624567539241706,False,8,6,0.0009936422877125227,0.43094164489997394,False
2021-22,2022-03-09,401360807,old,10,8,0.002634555698256612,0.558305503778871,True,13,11,0.0016453920373999723,0.44116186425931014,False
2021-22,2022-03-09,401360807,new,8,7,0.0010958115041071125,0.46169326973144087,False,8,7,0.0010390344238050619,0.4485005035882822,False
2021-22,2022-03-09,401360809,old,11,10,0.0030732253909536806,0.7231425360460502,True,12,10,0.001664403482749666,0.4347804030431413,False
2021-22,2022-03-09,401360809,new,10,9,0.002537962917238876,0.8226023851698365,True,10,8,0.0011880434365457626,0.42584314985903376,False
2021-22,2022-03-09,401360810,old,8,6,0.0009394562085539006,0.3752298189697139,False,9,7,0.0010497909102308548,0.4016006630935291,False
2021-22,2022-03-09,401360810,new,8,7,0.0012848417475446652,0.4643394756917634,False,8,7,0.0012540621971946966,0.4583139367114413,False
2021-22,2022-03-09,401360811,old,7,6,0.002487898198180753,0.7346981039165853,True,5,3,0.00035641682712740517,0.20173752337327702,False
2021-22,2022-03-09,401360811,new,5,4,0.0010086609215656285,0.7452514451103945,True,4,2,0.0002939718226387216,0.31257190676095364,False
2021-22,2022-03-10,401360812,old,12,11,0.0030655149269355154,0.708477264418677,True,11,9,0.001390236111704635,0.4109002430305117,False
2021-22,2022-03-10,401360812,new,12,11,0.0039937696719542825,0.7601689601976955,True,11,9,0.001941855784914315,0.44103633618424115,False
2021-22,2022-03-10,401360813,old,4,2,0.00022367640621206403,0.07991417295791983,False,3,1,0.00011206896576498233,0.04170240063447903,False
2021-22,2022-03-10,401360813,new,5,3,0.0004939565221963134,0.15047340551793806,False,5,3,0.0004939565221963134,0.15047340551793806,False
2021-22,2022-03-11,401360814,old,6,4,0.0005945124936398914,0.3550861801144818,False,5,3,0.00042153075636979913,0.28077811888017595,False
2021-22,2022-03-11,401360814,new,5,4,0.0007487872412255807,0.41121880416572126,False,4,3,0.0006011541981117892,0.3592703116344884,False
2021-22,2022-03-11,401360815,old,5,4,0.0013894600406821004,0.6485984032283695,True,2,0,0.0,0.0,False
2021-22,2022-03-11,401360815,new,6,5,0.0016553210205262814,0.6273477889836931,True,5,3,0.0007354938000147282,0.3822415500407676,False
2021-22,2022-03-11,401360816,old,9,8,0.0022378679218765956,0.9262925679540972,True,10,8,0.0011365297986398921,0.44361324843956057,False
2021-22,2022-03-11,401360816,new,8,8,0.002245607971278165,1.0,True,8,7,0.001014980829516291,0.45068946867047355,False
2021-22,2022-03-11,401360820,old,6,4,0.0009708187174044055,0.3575716098696133,False,6,4,0.000588276003411872,0.24903667987101386,False
2021-22,2022-03-11,401360820,new,5,3,0.0004365244327307948,0.3078831953604563,False,4,2,0.00033148444586523904,0.29745270882265173,False
2021-22,2022-03-11,401360818,old,9,7,0.0011369251447468298,0.4396392302895453,False,9,7,0.001096970756262048,0.43037442864738423,False
2021-22,2022-03-11,401360818,new,8,7,0.0012649480049431079,0.46455957736064013,False,8,7,0.0012325761830235976,0.458117273675084,False
2021-22,2022-03-11,401360817,old,8,6,0.001626367839068359,0.5961445511601169,True,8,6,0.0008951615005056401,0.3214536545745825,False
2021-22,2022-03-11,401360817,new,8,6,0.0016383082461561144,0.5653195024544705,True,8,6,0.00096883909157393,0.3333867827648781,False
2021-22,2022-03-11,401360819,old,6,5,0.0015781551211744888,0.6423296014471552,True,9,7,0.0010983500313017018,0.4166326227176479,False
2021-22,2022-03-11,401360819,new,4,2,0.00036803417657031744,0.3244838363006981,False,4,2,0.00036803417657031744,0.30432994353092996,False
2021-22,2022-03-11,401360821,old,10,9,0.002936852696006425,0.7745704882436203,True,10,8,0.0013132139180658743,0.39876698835594054,False
2021-22,2022-03-11,401360821,new,9,8,0.002424933775588403,0.8580682219058242,True,8,6,0.0009451913800310945,0.3761734876657331,False
2021-22,2022-03-11,401360822,old,4,3,0.0005129648544726198,0.3589961834055689,False,3,2,0.0002735681044496805,0.26653438747638003,False
2021-22,2022-03-11,401360822,new,6,5,0.0013109216084371644,0.4674448280687326,False,5,4,0.0007489848008156971,0.42190617297187755,False
2021-22,2022-03-11,401360823,old,7,6,0.008079262233765145,0.8945471106781665,True,5,3,0.0004152468559223065,0.17284979194303596,False
2021-22,2022-03-11,401360823,new,6,5,0.0017650221094258707,0.8742124463135109,True,4,2,0.00029720693740716963,0.3349194421647751,False
2021-22,2022-03-12,401360825,old,3,1,0.0005188962696924994,0.19724279830243935,False,2,0,0.0,0.0,False
2021-22,2022-03-12,401360825,new,6,4,0.0008236456825902723,0.24257980273476096,False,4,2,0.00024619384227843696,0.0763110654928755,False
2021-22,2022-03-12,401360826,old,7,5,0.0020598764778892733,0.6427329540413177,True,6,4,0.0007033138296357086,0.3805571261396704,False
2021-22,2022-03-12,401360826,new,4,3,0.0007695611881533276,0.7172392674074369,True,2,1,0.00011364197544205165,0.2725604164286705,False
2021-22,2022-03-12,401360824,old,6,4,0.0007146272727049585,0.31936157193956044,False,6,4,0.0006686991152211125,0.3050987591742617,False
2021-22,2022-03-12,401360824,new,6,4,0.0007127641862649317,0.31252363790964016,False,5,3,0.0006009298581785725,0.27707450000270945,False
2021-22,2022-03-12,401360827,old,5,3,0.0003603608056332097,0.14001582417472094,False,6,4,0.00047160843851310207,0.1756480553720197,False
2021-22,2022-03-12,401360827,new,5,3,0.00035494840951621136,0.1377154812495634,False,6,4,0.00046927473525518616,0.17433944237574822,False
2021-22,2022-03-12,401360828,old,9,7,0.001308782926101787,0.37471041449006826,False,8,6,0.0008278522995337281,0.2624881949477329,False
2021-22,2022-03-12,401360828,new,11,9,0.001669083626210256,0.36040613748507505,False,11,9,0.0014147455956010336,0.33732633156301267,False
2021-22,2022-03-12,401360829,old,8,7,0.0022531668504769003,0.8970084987731464,True,8,6,0.001005556339019775,0.39295063158348165,False
2021-22,2022-03-12,401360829,new,7,7,0.0023055750200460068,1.0,True,7,6,0.0010200279001883726,0.43180059234477597,False
2021-22,2022-03-12,401360830,old,5,3,0.000753195017267913,0.24670710979480726,False,3,1,0.00010731644035754805,0.05060295346295811,False
2021-22,2022-03-12,401360830,new,6,4,0.0009624479584237668,0.5878296054323774,True,2,0,0.0,0.0,False
2021-22,2022-03-13,401360831,old,11,10,0.0036378024905524852,0.8051275286611687,True,7,5,0.0008376199883599738,0.35095612831465073,False
2021-22,2022-03-13,401360831,new,8,7,0.002668885824345658,0.958044920244709,True,6,4,0.000985178183879536,0.4325842315654372,False
2021-22,2022-03-13,401360832,old,2,1,0.0004185989756559791,0.7347218462337924,True,2,0,0.0,0.0,False
2021-22,2022-03-13,401360832,new,1,1,0.00015770259807679378,1.0,True,1,0,0.0,0.0,False
2021-22,2022-03-13,401360833,old,2,1,0.001472790047550934,0.5033104816898039,True,2,0,0.0,0.0,False
2021-22,2022-03-13,401360833,new,2,1,0.0014580941909476074,0.4898042862997363,False,2,0,0.0,0.0,False
2021-22,2022-03-13,401360834,old,8,7,0.0023343368137414056,0.9320925377195207,True,8,6,0.0009764536192847619,0.40012623296239164,False
2021-22,2022-03-13,401360834,new,8,7,0.002336614419364019,0.9536285522033171,True,8,6,0.000975959200000936,0.408708777268213,False
2021-22,2022-03-13,401360836,old,8,7,0.002127666121583453,0.8558941915262689,True,6,5,0.0009533905257907768,0.4824724100713813,False
2021-22,2022-03-13,401360836,new,4,3,0.0005803307927683809,0.6840066614526914,True,2,1,0.00012898577664259951,0.2825990331363713,False
2021-22,2022-03-13,401360835,old,7,5,0.000741926639999568,0.49325641319772906,False,5,3,0.00044868904888698674,0.33369706009526107,False
2021-22,2022-03-13,401360835,new,6,4,0.0011785797376211264,0.49789714813869446,False,3,2,0.0007153626062084102,0.40897484748968677,False
2021-22,2022-03-13,401360837,old,4,2,0.0003695735937874125,0.3324205433364736,False,4,2,0.0003695735937874125,0.32043902492889903,False
2021-22,2022-03-13,401360837,new,4,3,0.0005684011297005148,0.5234409299698102,True,4,2,0.0003695735845598965,0.3508224960785726,False
2021-22,2022-03-13,401360838,old,8,8,0.008875364608185514,1.0,True,6,5,0.0009474561191253171,0.4862161572303558,False
2021-22,2022-03-13,401360838,new,3,3,0.0012353198126666624,1.0,True,3,2,0.00022850926576695223,0.4203895132400317,False
2021-22,2022-03-14,401360839,old,5,4,0.0009345923631024789,0.4649360617951444,False,6,4,0.0005237881929463085,0.2434178625434606,False
2021-22,2022-03-14,401360839,new,6,5,0.001209810547258195,0.4648009645685094,False,7,5,0.0010912531367929315,0.42248099180536597,False
2021-22,2022-03-14,401360840,old,13,11,0.004113628238374349,0.6751432333785339,True,8,6,0.0011448298613683956,0.40940495315895664,False
2021-22,2022-03-14,401360840,new,11,9,0.002690045592246907,0.6226484881207224,True,7,5,0.001088159342937239,0.4407888701673533,False
2021-22,2022-03-14,401360841,old,4,3,0.0016456427320364394,0.5207213123612802,True,3,1,0.00017722638794707721,0.05869099813825573,False
2021-22,2022-03-14,401360841,new,4,3,0.0019498836878800395,0.5184713303745314,True,3,1,0.0005045739263313331,0.13858554134681705,False
2021-22,2022-03-14,401360842,old,3,1,0.00010812471916142835,0.13002309040401774,False,3,1,0.00011426963881967969,0.14335297732024527,False
2021-22,2022-03-14,401360842,new,3,2,0.0003422426534773918,0.4657458251139751,False,3,1,0.00019522156648742246,0.27407695115235936,False
2021-22,2022-03-14,401360843,old,9,7,0.0020814067656263553,0.5011256943915109,True,10,8,0.0012448277373486134,0.4097019503837485,False
2021-22,2022-03-14,401360843,new,7,5,0.001342086225065251,0.44447882400982097,False,3,1,0.00050496898757826,0.25460585371486827,False
2021-22,2022-03-14,401360844,old,7,5,0.002593499278232057,0.624777431543714,True,8,6,0.0010390717398207872,0.4001586359136714,False
2021-22,2022-03-14,401360844,new,4,2,0.00043153479293027766,0.34544769178220636,False,4,2,0.00036776477817372584,0.31023628809478926,False
2021-22,2022-03-14,401360845,old,7,5,0.0007911588172289585,0.3368295564380891,False,9,7,0.0010318380521710097,0.39820068666255354,False
2021-22,2022-03-14,401360845,new,7,6,0.0009210019267157955,0.4050841980109522,False,8,7,0.0010725094327006708,0.44210117896361784,False
2021-22,2022-03-14,401360846,old,2,1,0.001445142636439755,0.4967405020659485,False,2,0,0.0,0.0,False
2021-22,2022-03-14,401360846,new,2,1,0.0014503574161528667,0.4944488195936048,False,2,0,0.0,0.0,False
2021-22,2022-03-14,401360847,old,12,11,0.009893276712673102,0.9262737190495374,True,11,9,0.0016201634203951178,0.4397369575373157,False
2021-22,2022-03-14,401360847,new,9,8,0.002554383803477965,0.6339236496287896,True,7,5,0.0009984349195677534,0.364803978054845,False
2021-22,2022-03-15,401360848,old,4,2,0.0003596828821438635,0.3348500920669366,False,4,2,0.0003596828821438635,0.3289361127039389,False
2021-22,2022-03-15,401360848,new,3,2,0.0003596828821438635,0.4237484410663026,False,3,2,0.0003596828821438635,0.41459712658429576,False
2021-22,2022-03-15,401360849,old,7,6,0.001480505267753152,0.902881015894835,True,4,2,0.0003816540591844046,0.3192066630838892,False
2021-22,2022-03-15,401360849,new,7,6,0.0026724761027443734,0.9582370078731581,True,4,2,0.0009142161551769027,0.4128286357887645,False
2021-22,2022-03-15,401360850,old,6,4,0.0006132692162614729,0.3904533278238534,False,6,4,0.000548953209650517,0.3644276512133131,False
2021-22,2022-03-15,401360850,new,5,4,0.0006132424910541546,0.4327674073062485,False,5,4,0.0005488607226351177,0.40573576694157754,False
2021-22,2022-03-15,401360851,old,6,5,0.0017295451102036826,0.9207656412631469,True,5,4,0.0007722593510140887,0.4498590839220867,False
2021-22,2022-03-15,401360851,new,3,2,0.0003637686150081916,0.6105008871149834,True,1,0,0.0,0.0,False
2021-22,2022-03-16,401360852,old,5,3,0.0004014695801355691,0.23174424870057747,False,2,0,0.0,0.0,False
2021-22,2022-03-16,401360852,new,7,5,0.001130412093172969,0.3846182575383787,False,5,3,0.0006112391284597403,0.2540025367422126,False
2021-22,2022-03-16,401360854,old,12,10,0.0034778221624514405,0.6044246902919961,True,13,11,0.001916106066555697,0.45706218180893793,False
2021-22,2022-03-16,401360854,new,8,7,0.0016004424845184435,0.47887026795307286,False,8,7,0.0015377016243455998,0.4689000528346339,False
2021-22,2022-03-16,401360853,old,7,6,0.0023387406801646496,0.7040772762173552,True,6,4,0.0005433394386493317,0.1654945438856656,False
2021-22,2022-03-16,401360853,new,11,10,0.0030956143364947765,0.6996892478772107,True,9,7,0.0011952469540185266,0.28547124541440805,False
2021-22,2022-03-16,401360856,old,5,3,0.0008995055591088727,0.2628905042153136,False,2,0,0.0,0.0,False
2021-22,2022-03-16,401360856,new,4,3,0.0010144478658641201,0.6330343177906518,True,2,1,0.0001562080520269429,0.3199637114796179,False
2021-22,2022-03-16,401360855,old,11,9,0.0022268672508234185,0.6243471786350968,True,7,5,0.0008936838025313031,0.3240214855527252,False
2021-22,2022-03-16,401360855,new,12,10,0.0036847450805402695,0.7259458798772546,True,10,8,0.001763213740951061,0.41329146963378083,False
2021-22,2022-03-16,401360857,old,1,0,0.0,0.0,False,1,0,0.0,0.0,False
2021-22,2022-03-16,401360857,new,0,0,0.0,nan,False,0,0,0.0,nan,False
2021-22,2022-03-16,401360858,old,11,10,0.009634802446231477,0.8926108704961577,True,13,11,0.0019302777535505332,0.46616116721251244,False
2021-22,2022-03-16,401360858,new,8,7,0.002207097782372508,0.6321923081268334,True,10,8,0.001317929796774846,0.446484429517467,False
2021-22,2022-03-16,401360859,old,6,4,0.0011513215036915302,0.5712433784403641,True,5,3,0.0004098462637154243,0.3213441906411023,False
2021-22,2022-03-16,401360859,new,5,4,0.0007739477577430809,0.783246066379859,True,2,0,0.0,0.0,False
2021-22,2022-03-16,401360860,old,2,1,0.0015552871213886897,0.5081532877426838,True,2,0,0.0,0.0,False
2021-22,2022-03-16,401360860,new,6,4,0.0020382271732451223,0.5375169418742705,True,5,3,0.00045329607738821867,0.120260124649975,False
2021-22,2022-03-16,401360861,old,7,6,0.0020677464807869798,0.7774140098708466,True,11,9,0.001390971499136126,0.4129018087297464,False
2021-22,2022-03-16,401360861,new,8,7,0.002166106618564392,0.7852372533981997,True,11,9,0.0014293932910363328,0.4145098787959034,False
2021-22,2022-03-16,401360862,old,7,5,0.0009294026812724163,0.3657455802956922,False,8,6,0.0009851776483271973,0.3793678279863004,False
2021-22,2022-03-16,401360862,new,7,6,0.0010214776929108197,0.44489852434064386,False,6,5,0.0008599875867028821,0.4029009321931239,False
2021-22,2022-03-16,401360863,old,6,5,0.0013621492046831402,0.6622374118157921,True,6,4,0.0007256205578240792,0.3230604874596706,False
2021-22,2022-03-16,401360863,new,4,3,0.0008765379051253369,0.39306419225135,False,5,4,0.0009552996703135377,0.3820583955180587,False
2021-22,2022-03-17,401360864,old,2,0,0.0,0.0,False,2,0,0.0,0.0,False
2021-22,2022-03-17,401360864,new,1,0,0.0,0.0,False,1,0,0.0,0.0,False
2021-22,2022-03-18,401360875,old,2,1,0.0015163565469253086,0.5197982863037047,True,2,0,0.0,0.0,False
2021-22,2022-03-18,401360875,new,2,1,0.0015108915710956125,0.5127733339697763,True,2,0,0.0,0.0,False
2021-22,2022-03-18,401360872,old,8,6,0.0011410996029002746,0.5152253867995217,True,6,4,0.0007457888600120962,0.4064529386569202,False
2021-22,2022-03-18,401360872,new,8,6,0.0015402184215081425,0.5117334055039584,True,6,4,0.001121274153262844,0.4297547697574281,False
2021-22,2022-03-18,401360865,old,2,0,0.0,0.0,False,2,0,0.0,0.0,False
2021-22,2022-03-18,401360865,new,0,0,0.0,nan,False,0,0,0.0,nan,False
2021-22,2022-03-18,401360873,old,12,11,0.0045233998221196,0.7599882109705042,True,9,7,0.0014029216832408095,0.45365148760803414,False
2021-22,2022-03-18,401360873,new,10,9,0.0036328063852182667,0.8553141901109617,True,6,4,0.001198344900387244,0.44310064895691736,False
2021-22,2022-03-18,401360866,old,12,11,0.010609019197488651,0.9551831507290952,True,11,9,0.0018646000446420866,0.45964721889379684,False
2021-22,2022-03-18,401360866,new,9,8,0.0029743360943726904,0.7415943657944303,True,7,5,0.0011280973614605958,0.3901996980439016,False
2021-22,2022-03-18,401360867,old,6,4,0.000686710275772311,0.3889643873269852,False,6,4,0.0006138008197395509,0.36264376101638124,False
2021-22,2022-03-18,401360867,new,6,5,0.0009103777051601205,0.5046965217510428,True,6,4,0.0006137693957333604,0.3722858174344825,False
2021-22,2022-03-18,401360874,old,8,6,0.0010334873238212264,0.29165910011169843,False,8,6,0.0008361350637858874,0.2479396356432535,False
2021-22,2022-03-18,401360874,new,12,10,0.0022605632364943304,0.42061365241557475,False,11,9,0.0018342365993663388,0.3765570700180266,False
2021-22,2022-03-18,401360868,old,1,0,0.0,0.0,False,1,0,0.0,0.0,False
2021-22,2022-03-18,401360868,new,0,0,0.0,nan,False,0,0,0.0,nan,False
2021-22,2022-03-18,401360869,old,5,3,0.0015494278388829478,0.4286119989899927,False,2,0,0.0,0.0,False
2021-22,2022-03-18,401360869,new,3,1,0.00034691863217599833,0.23459112181622846,False,2,0,0.0,0.0,False
2021-22,2022-03-18,401360870,old,8,8,0.0028146017082555817,1.0,True,8,6,0.0010456105713190177,0.3809763357670217,False
2021-22,2022-03-18,401360870,new,7,7,0.0026246843892844375,1.0,True,7,6,0.0011552386701957791,0.43500466318457653,False
2021-22,2022-03-18,401360871,old,8,7,0.0022159662886859183,0.882020452842976,True,9,7,0.001079185957973768,0.40212683819524236,False
2021-22,2022-03-18,401360871,new,7,7,0.002090874226672535,1.0,True,8,7,0.0010784582646334207,0.4512124262118932,False
2021-22,2022-03-18,401360876,old,5,4,0.0007323098663095853,0.382623352362064,False,6,5,0.000847383535051681,0.41763768172793675,False
2021-22,2022-03-18,401360876,new,5,4,0.0008343854940586985,0.3834705005651763,False,5,4,0.0008425802167046074,0.38616906910464066,False
2021-22,2022-03-19,401360877,old,8,6,0.0008994069586163177,0.2639272400601324,False,8,6,0.0008787407376535036,0.2594361522273756,False
2021-22,2022-03-19,401360877,new,7,5,0.0009965744295967643,0.2683090449957787,False,5,3,0.0007057227556123251,0.20614514601077477,False
2021-22,2022-03-19,401360878,old,9,7,0.0013760284270744624,0.4289514470749807,False,9,7,0.0012875149292352862,0.41426568428542004,False
2021-22,2022-03-19,401360878,new,10,8,0.0016244810040111095,0.458341506845157,False,10,8,0.0015479172124534574,0.4483857412950447,False
2021-22,2022-03-19,401360879,old,5,3,0.0006765162358133321,0.34979809945933177,False,5,3,0.0006703970837496862,0.3375527684972126,False
2021-22,2022-03-19,401360879,new,7,5,0.001580747752587802,0.49704600637857016,False,7,5,0.0013199762453240556,0.4592926301306751,False
2021-22,2022-03-19,401360880,old,6,5,0.010747748612059524,0.9105801545552169,True,2,0,0.0,0.0,False
2021-22,2022-03-19,401360880,new,3,3,0.0012415385951744008,1.0,True,2,1,0.00012657868528970592,0.30285661633021,False
2021-22,2022-03-20,401360881,old,8,6,0.002462976713317426,0.6402548042187463,True,6,4,0.0007183662044938265,0.3876234367191469,False
2021-22,2022-03-20,401360881,new,4,3,0.001033763225362348,0.6528208544950143,True,2,1,0.00017497529213349994,0.3614852621050738,False
2021-22,2022-03-20,401360882,old,3,2,0.00041594827616486346,0.41531109370807884,False,3,2,0.00041594827616486346,0.3953037556989523,False
2021-22,2022-03-20,401360882,new,3,2,0.00041594827616486346,0.4153201997461092,False,3,2,0.00041594827616486346,0.39531821450835597,False
2021-22,2022-03-20,401360884,old,2,0,0.0,0.0,False,2,0,0.0,0.0,False
2021-22,2022-03-20,401360884,new,3,1,0.0003096069159514941,0.5635059643062715,True,2,0,0.0,0.0,False
2021-22,2022-03-20,401360883,old,11,10,0.002389014687891184,0.7848548955850808,True,8,6,0.0011575287998857992,0.4285801172052259,False
2021-22,2022-03-20,401360883,new,7,5,0.0011797558997947506,0.4673371624137855,False,5,3,0.0009177760105232772,0.4055615822905811,False
2021-22,2022-03-20,401360885,old,2,1,0.00010742837236672822,0.2716843812548246,False,2,1,0.00010742837236672822,0.2716843812548246,False
2021-22,2022-03-20,401360885,new,0,0,0.0,nan,False,0,0,0.0,nan,False
2021-22,2022-03-20,401360886,old,10,9,0.002953326521530045,0.8140171999813729,True,11,9,0.0015940341309727975,0.43389892785621126,False
2021-22,2022-03-20,401360886,new,7,7,0.002570636926509159,1.0,True,7,6,0.0011704413936210133,0.44114603005011643,False
2021-22,2022-03-20,401360887,old,3,2,0.0018158130336090729,0.5098484026438207,True,3,1,0.00012369317127616385,0.035047912727134665,False
2021-22,2022-03-20,401360887,new,3,2,0.0021396458760624447,0.5020767226417273,True,3,1,0.000491374814382518,0.11552606597143635,False
2021-22,2022-03-20,401360889,old,7,5,0.0017770571549803496,0.5430874571910067,True,7,5,0.0008578213320757753,0.3700394855944275,False
2021-22,2022-03-20,401360889,new,6,4,0.0012263870933187037,0.5316595793527985,True,6,4,0.0006479575808434272,0.38266781173621206,False
2021-22,2022-03-20,401360888,old,8,7,0.002669651076201391,0.7562309197430627,True,7,5,0.0009256231027452678,0.2787533803310649,False
2021-22,2022-03-20,401360888,new,8,7,0.0028033574427714404,0.6292324788608552,True,8,6,0.001350347261339702,0.32158419911998637,False
2021-22,2022-03-21,401360891,old,13,12,0.010043707059850025,0.9247475812601358,True,11,9,0.0018537818147532864,0.45152270812285356,False
2021-22,2022-03-21,401360891,new,10,9,0.003107532285435084,0.7394947941733723,True,9,7,0.001528098339316113,0.4636870138553978,False
2021-22,2022-03-21,401360890,old,7,6,0.0018778042702796412,0.6057108665445865,True,7,5,0.0009133559792794223,0.398697320316477,False
2021-22,2022-03-21,401360890,new,6,4,0.0011349785427502165,0.43943313810280127,False,5,3,0.0009130044489805916,0.45409077749290194,False
2021-22,2022-03-21,401360894,old,10,9,0.0033378163071029468,0.9405703208888816,True,9,7,0.0014078656022052526,0.4100815339017702,False
2021-22,2022-03-21,401360894,new,13,12,0.004854628026781986,0.958516931375526,True,10,8,0.00205660468877278,0.44195060597649577,False
2021-22,2022-03-21,401360892,old,7,5,0.0014594469678597646,0.5779326687896157,True,5,3,0.0005037465166081518,0.3579746324583926,False
2021-22,2022-03-21,401360892,new,6,4,0.0007397296718968953,0.6072182449495892,True,2,0,0.0,0.0,False
2021-22,2022-03-21,401360893,old,6,5,0.002204777611966388,0.7452419579442836,True,8,6,0.0009358668448630327,0.2916523398949423,False
2021-22,2022-03-21,401360893,new,6,5,0.002193798519117054,0.744293011806044,True,8,6,0.0009293901885157541,0.2904291485505189,False
2021-22,2022-03-21,401360895,old,4,2,0.0007317854064293781,0.23284803144390162,False,2,0,0.0,0.0,False
2021-22,2022-03-21,401360895,new,4,2,0.000437369812500686,0.10062032085446956,False,3,1,0.00011237958138762733,0.026335996532193033,False
2021-22,2022-03-21,401360897,old,8,7,0.002576091665685197,0.9440578646668223,True,8,6,0.0011230952681191258,0.4018953211505995,False
2021-22,2022-03-21,401360897,new,8,8,0.0027897500851963844,1.0,True,9,7,0.0012111807255828601,0.42019015996744796,False
2021-22,2022-03-21,401360896,old,6,5,0.002586537887887257,0.7523017440988936,True,6,5,0.0008362556642302295,0.49544638858890017,False
2021-22,2022-03-21,401360896,new,0,0,0.0,nan,False,0,0,0.0,nan,False
2021-22,2022-03-21,401360898,old,7,5,0.0006484477145306249,0.1690712120456162,False,9,7,0.0008628340234883318,0.21305917259957902,False
2021-22,2022-03-21,401360898,new,6,4,0.0009064265744594975,0.19312017132704962,False,7,5,0.0009978903555107987,0.20854325949999009,False
2021-22,2022-03-22,401360899,old,8,6,0.0010098591280963865,0.4527582189632651,False,9,7,0.001008466786278786,0.45241639551530766,False
2021-22,2022-03-22,401360899,new,9,7,0.0011432191883015488,0.48513894309397376,False,9,7,0.0010083170865207438,0.45387472092723286,False
2021-22,2022-03-22,401360900,old,11,9,0.003735762115713248,0.7316110455301912,True,8,6,0.001049719796795497,0.4337378502190491,False
2021-22,2022-03-22,401360900,new,6,5,0.0008754773620127407,0.5739449372483778,True,3,2,0.00043449245867723164,0.40013419469806816,False
2021-22,2022-03-22,401360901,old,7,5,0.0007543791561951989,0.20190627444145498,False,9,7,0.0009751026260082606,0.24642426525348246,False
2021-22,2022-03-22,401360901,new,7,5,0.0008396937547318555,0.21114209406638348,False,8,6,0.0009670623852111352,0.23572865565402096,False
2021-22,2022-03-22,401360902,old,9,8,0.0015347458490375435,0.5279618023356936,True,9,7,0.0011414665118772533,0.4131141828479738,False
2021-22,2022-03-22,401360902,new,7,6,0.0015457608240286372,0.46446473725004067,False,8,6,0.0014440309009800048,0.4330623062988132,False
2021-22,2022-03-23,401360904,old,7,5,0.0009158331581695115,0.5515729746322922,True,4,2,0.00040232169588153764,0.3509228284868343,False
2021-22,2022-03-23,401360904,new,6,5,0.001275333887015156,0.612034539990604,True,4,3,0.0007300590579264285,0.4535700965672377,False
2021-22,2022-03-23,401360903,old,11,9,0.004220382911368162,0.7297936370459552,True,9,7,0.0013441347298157355,0.4689403324988072,False
2021-22,2022-03-23,401360903,new,5,4,0.0010412973708718621,0.5384260404407037,True,3,2,0.0006718608131876304,0.4434369143091797,False
2021-22,2022-03-23,401360905,old,2,0,0.0,0.0,False,2,0,0.0,0.0,False
2021-22,2022-03-23,401360905,new,0,0,0.0,nan,False,0,0,0.0,nan,False
2021-22,2022-03-23,401360906,old,2,2,0.0034974358902442743,1.0,True,2,0,0.0,0.0,False
2021-22,2022-03-23,401360906,new,2,2,0.0034876385033171457,1.0,True,2,0,0.0,0.0,False
2021-22,2022-03-23,401360907,old,2,0,0.0,0.0,False,2,0,0.0,0.0,False
2021-22,2022-03-23,401360907,new,2,0,0.0,0.0,False,2,0,0.0,0.0,False
2021-22,2022-03-23,401360908,old,9,8,0.0023890173050907138,0.8492333806255066,True,7,5,0.0008761586132191702,0.40627275991633005,False
2021-22,2022-03-23,401360908,new,9,8,0.0038688750755377374,0.9024671352353846,True,7,5,0.0015130186720293951,0.43457636685893936,False
2021-22,2022-03-23,401360910,old,2,0,0.0,0.0,False,2,0,0.0,0.0,False
2021-22,2022-03-23,401360910,new,3,1,0.00041144034321526904,0.4888496977839955,False,2,0,0.0,0.0,False
2021-22,2022-03-23,401360909,old,5,4,0.0009000263790596146,0.42951484927746,False,5,4,0.0008253909820201532,0.40844492491317724,False
2021-22,2022-03-23,401360909,new,5,4,0.001182285803153691,0.43705013119831604,False,6,5,0.0012313956115174401,0.4470878075069625,False
2021-22,2022-03-23,401360911,old,8,6,0.0012714650758540284,0.43721616044642697,False,8,6,0.001228680676891971,0.42977255523253155,False
2021-22,2022-03-23,401360911,new,7,6,0.0012984566490903122,0.45554183944792115,False,7,6,0.0012587550962481792,0.4478511642364063,False
2021-22,2022-03-23,401360913,old,4,2,0.0004720036410526404,0.1552134050620709,False,2,0,0.0,0.0,False
2021-22,2022-03-23,401360913,new,4,2,0.0003539082627297928,0.28860162260955724,False,2,0,0.0,0.0,False
2021-22,2022-03-23,401360912,old,13,13,0.012159641528071221,1.0,True,14,12,0.0023226410851177595,0.48311185431587417,False
2021-22,2022-03-23,401360912,new,9,9,0.003156173556250834,1.0,True,10,8,0.0014696914610223238,0.4555849047319719,False
2021-22,2022-03-24,401360914,old,3,1,0.00024676688195831475,0.08531547940493639,False,2,0,0.0,0.0,False
2021-22,2022-03-24,401360914,new,4,2,0.0004207309959361146,0.08843945928697983,False,4,2,0.0002244699307834028,0.05418571866673086,False
2021-22,2022-03-24,401360915,old,5,3,0.00037040824222522785,0.39673932601948836,False,5,3,0.00037040824222522785,0.3915063927186648,False
2021-22,2022-03-24,401360915,new,3,2,0.0002480372540960135,0.39022735772528616,False,3,2,0.0002480372540960135,0.3828333818535676,False
2021-22,2022-03-24,401360916,old,10,8,0.0036818693779024506,0.6073697181232314,True,14,12,0.0021910382718944464,0.47931785983007263,False
2021-22,2022-03-24,401360916,new,8,7,0.0012944418422017716,0.47337479473349736,False,8,7,0.0012603140415181065,0.4667192005110797,False
2021-22,2022-03-24,401360917,old,11,9,0.0031544035893902303,0.7273338242711793,True,10,8,0.001602810297941944,0.4331695345133839,False
2021-22,2022-03-24,401360917,new,10,8,0.0015792842907432654,0.49704215792726425,False,7,5,0.0010762726013742695,0.3962995164650845,False
2021-22,2022-03-24,401360918,old,7,6,0.0011185599343061464,0.45188791032505016,False,7,6,0.0010230944039694397,0.42990078268941384,False
2021-22,2022-03-24,401360918,new,7,6,0.0014539572301584278,0.462539101918925,False,7,6,0.001376654782990972,0.4489887514257414,False
2021-22,2022-03-25,401360920,old,7,5,0.0026382234164988067,0.7079310221915115,True,7,5,0.0009013413092829585,0.45298421973987746,False
2021-22,2022-03-25,401360920,new,2,1,0.00013649362342162895,0.5554490014473535,True,1,0,0.0,0.0,False
2021-22,2022-03-25,401360919,old,11,10,0.0031670999508079173,0.8434701213199002,True,9,7,0.0014129654019794425,0.41901970129727234,False
2021-22,2022-03-25,401360919,new,10,9,0.003281444255461228,0.8071515902566555,True,8,6,0.0015922228883254108,0.42091992318380167,False
2021-22,2022-03-25,401360921,old,12,10,0.0018044845665265003,0.5237729544681027,True,9,7,0.0012890952745008015,0.4399978488673805,False
2021-22,2022-03-25,401360921,new,12,10,0.001978507233614645,0.5237042575067585,True,9,7,0.0014488836498654238,0.4462820128922811,False
2021-22,2022-03-25,401360923,old,10,8,0.001426211446396346,0.3602066531629853,False,12,10,0.001833434891247532,0.41987227950246164,False
2021-22,2022-03-25,401360923,new,9,7,0.0016387941988136733,0.36651563527456343,False,10,8,0.0018771732760546128,0.39857940062101976,False
2021-22,2022-03-25,401360922,old,9,7,0.003717146536460232,0.6535823965063887,True,11,9,0.001694891356026756,0.46244236341701206,False
2021-22,2022-03-25,401360922,new,7,6,0.00120997539279854,0.49371859547364033,False,7,6,0.0011445505135311868,0.4798322061893535,False
2021-22,2022-03-25,401360924,old,5,4,0.0009950588434835784,0.5846188063606602,True,4,3,0.00044683993533135684,0.4133177319008164,False
2021-22,2022-03-25,401360924,new,2,1,0.00017715414098876207,0.4336262865549909,False,1,0,0.0,0.0,False
2021-22,2022-03-25,401360925,old,10,10,0.003591923592694835,1.0,True,8,6,0.001253232778740469,0.42527142816441177,False
2021-22,2022-03-25,401360925,new,11,11,0.0035858848406505653,1.0,True,9,7,0.0014431952638636046,0.47528021914896357,False
2021-22,2022-03-26,401360926,old,7,5,0.0027759448113571414,0.5555118368624055,True,5,3,0.0004604373325650342,0.17201455363434448,False
2021-22,2022-03-26,401360926,new,6,4,0.0017592314647067325,0.47231584110756136,False,4,2,0.0005850433012167699,0.3454067140875745,False
2021-22,2022-03-26,401360927,old,2,0,0.0,0.0,False,2,0,0.0,0.0,False
2021-22,2022-03-26,401360927,new,2,1,0.00014044946018032363,0.49833893300330195,False,1,0,0.0,0.0,False
2021-22,2022-03-26,401360930,old,13,11,0.0031516193970346244,0.6543132933267337,True,11,9,0.001907037955864332,0.46441525930154137,False
2021-22,2022-03-26,401360930,new,13,11,0.004630742598156562,0.735579902378196,True,12,10,0.002628714884775721,0.47454434553442615,False
2021-22,2022-03-26,401360931,old,7,5,0.0009702509343211456,0.3483647685163599,False,8,6,0.001109990769569427,0.4006303678869411,False
2021-22,2022-03-26,401360931,new,7,5,0.0009703251058152289,0.3486799284921618,False,8,6,0.0011099522848547036,0.40096007693522034,False
2021-22,2022-03-26,401360928,old,7,6,0.0016509781324325378,0.6768250026684653,True,7,5,0.0010855415723882574,0.4438610703238826,False
2021-22,2022-03-26,401360928,new,7,5,0.0015211680873006323,0.4794795346355936,False,6,5,0.0013539125106271327,0.4572488997686848,False
2021-22,2022-03-26,401360929,old,5,3,0.0012690930153284614,0.2429862124775967,False,2,0,0.0,0.0,False
2021-22,2022-03-26,401360929,new,8,6,0.001923692835950738,0.27275577091406583,False,5,3,0.0005233391089721911,0.10990264689366926,False
2021-22,2022-03-26,401360932,old,6,4,0.0009938026407489936,0.39328195819057143,False,6,4,0.0009227612919248237,0.37626363007714553,False
2021-22,2022-03-26,401360932,new,8,6,0.0018270020136041843,0.48641384369250484,False,7,5,0.0015147017121695586,0.4319256050021863,False
2021-22,2022-03-26,401360933,old,5,3,0.00041994348809775973,0.40240434476747694,False,4,2,0.00024582807524854174,0.3005799385434166,False
2021-22,2022-03-26,401360933,new,0,0,0.0,nan,False,0,0,0.0,nan,False
2021-22,2022-03-27,401360934,old,5,3,0.0020086690467072048,0.7065501672806932,True,5,3,0.0005044059525504452,0.37679865025677783,False
2021-22,2022-03-27,401360934,new,1,1,0.00011577581675189757,1.0,True,0,0,0.0,nan,False
2021-22,2022-03-27,401360935,old,9,8,0.0031907251949604494,0.7109226873664346,True,10,8,0.0015582509703244401,0.34710089372197755,False
2021-22,2022-03-27,401360935,new,9,8,0.0035239354252717286,0.6768947879931689,True,10,8,0.0018969694827092767,0.3644286366180847,False
2021-22,2022-03-27,401360937,old,7,7,0.002307650874399814,1.0,True,6,5,0.0010187423116644486,0.464273188053574,False
2021-22,2022-03-27,401360937,new,7,7,0.002307150565876896,1.0,True,6,5,0.001018703826416394,0.46436152651519225,False
2021-22,2022-03-27,401360936,old,9,7,0.003539361416014746,0.6237571217298647,True,11,9,0.0019145195258026672,0.47278855021705324,False
2021-22,2022-03-27,401360936,new,7,6,0.001190655796829923,0.48796014866500365,False,6,5,0.0010551878142261216,0.45786164383583156,False
2021-22,2022-03-27,401360938,old,4,3,0.007759645508567928,0.6008681480540192,True,2,0,0.0,0.0,False
2021-22,2022-03-27,401360938,new,6,5,0.0018892757883275514,0.7804199649982956,True,4,2,0.0002321378360222876,0.15997292726591872,False
2021-22,2022-03-27,401360940,old,2,1,0.0018584578115883464,0.5003436205290717,True,2,0,0.0,0.0,False
2021-22,2022-03-27,401360940,new,3,2,0.0019963233849142107,0.5153682795930835,True,3,1,0.00012756506880298596,0.03219105995035887,False
2021-22,2022-03-27,401360939,old,2,1,0.0011630041583441486,0.5294806612578774,True,2,0,0.0,0.0,False
2021-22,2022-03-27,401360939,new,4,3,0.0029869198027553394,0.5909063543873454,True,4,2,0.00036450335245861087,0.07311750802273062,False
2021-22,2022-03-28,401360942,old,8,6,0.0023774548863833523,0.46884609253834086,False,7,5,0.0009116802440236171,0.41973187344485124,False
2021-22,2022-03-28,401360942,new,10,8,0.0037850576837355327,0.557204333939222,True,7,5,0.0017581828427866207,0.5186496236417487,True
2021-22,2022-03-28,401360943,old,5,3,0.0008309483306074068,0.5129213881373216,True,4,2,0.0004243640700835106,0.36401669489390015,False
2021-22,2022-03-28,401360943,new,5,3,0.0011075659376634016,0.4783347528788251,False,4,3,0.000840227908685305,0.47115550328463673,False
2021-22,2022-03-28,401360941,old,11,9,0.002541955543973407,0.5194737985566283,True,9,7,0.001626566833516438,0.4166072890525469,False
2021-22,2022-03-28,401360941,new,11,9,0.003642261034838798,0.509935061348591,True,10,8,0.0028232241285756077,0.45261530559413576,False
2021-22,2022-03-28,401360944,old,10,8,0.0017366061944153817,0.4724408744484121,False,10,8,0.0017279193962376155,0.47119117798081434,False
2021-22,2022-03-28,401360944,new,8,7,0.0015747795568729441,0.48924709231269053,False,8,7,0.0015438731614582865,0.4843034465780093,False
2021-22,2022-03-28,401360945,old,9,7,0.0020442809799007472,0.5410879156952713,True,9,7,0.0013371642024596069,0.4354197794292813,False
2021-22,2022-03-28,401360945,new,7,6,0.0010444216447126847,0.4505205842406715,False,6,5,0.0010083325798973732,0.4421213395467219,False
2021-22,2022-03-28,401360946,old,12,11,0.003404954583186309,0.8704442411759632,True,11,9,0.0020383976150161803,0.42210019698623263,False
2021-22,2022-03-28,401360946,new,11,10,0.003601065884378305,0.7793448211587978,True,10,8,0.0020995666238754727,0.40504979892921456,False
2021-22,2022-03-28,401360947,old,7,5,0.003093290614309566,0.71436712288053,True,5,3,0.0008874767769648668,0.41653802255480626,False
2021-22,2022-03-28,401360947,new,5,3,0.00173985497495627,0.7465740051482576,True,3,1,0.00040080512575191556,0.39698645979639,False
2021-22,2022-03-28,401360948,old,7,5,0.0012462669412067545,0.4330598798471598,False,6,5,0.0012395705126416344,0.4575259814002833,False
2021-22,2022-03-28,401360948,new,7,5,0.001246266941232561,0.4322746783125105,False,6,5,0.0012395320274451922,0.45663721351138997,False
2021-22,2022-03-28,401360949,old,3,1,0.00018087118699061216,0.25849990030674286,False,3,1,0.00018087118699061216,0.2616873059828044,False
2021-22,2022-03-28,401360949,new,1,1,0.00030002118673983744,1.0,True,1,0,0.0,0.0,False
2021-22,2022-03-29,401360951,old,8,6,0.0029085374890772684,0.6011947550972269,True,9,7,0.0015857125687249978,0.4511139844667468,False
2021-22,2022-03-29,401360951,new,7,6,0.0013164059990721625,0.49010747882197975,False,4,3,0.0009303446324441962,0.40521411106083577,False
2021-22,2022-03-29,401360950,old,2,1,0.0017481527130091975,0.47947236211841554,False,2,0,0.0,0.0,False
2021-22,2022-03-29,401360950,new,2,1,0.001747536950141393,0.4793603443179265,False,2,0,0.0,0.0,False
2021-22,2022-03-29,401360953,old,12,11,0.008293121448765962,0.8261186045173746,True,12,10,0.002636860909529543,0.48922461100853537,False
2021-22,2022-03-29,401360953,new,8,7,0.0026207221455681667,0.6000886828001099,True,11,9,0.002137021136148384,0.489678852861959,False
2021-22,2022-03-29,401360952,old,6,5,0.0022903922003810603,0.929601943908,True,5,3,0.0007620895103271098,0.42643522356462166,False
2021-22,2022-03-29,401360952,new,5,5,0.004118216843114196,1.0,True,4,3,0.0016162059573671319,0.4776397771598948,False
2021-22,2022-03-29,401360954,old,10,10,0.003924546723971916,1.0,True,10,8,0.0013706987615144921,0.4232349683534694,False
2021-22,2022-03-29,401360954,new,12,11,0.00406871449095792,0.967081465890367,True,10,8,0.001612169364293551,0.44803726565478363,False
2021-22,2022-03-30,401360955,old,13,11,0.003546543688025742,0.4775110961751355,False,12,10,0.002357081795280624,0.4547823164109309,False
2021-22,2022-03-30,401360955,new,15,13,0.0046248186271721,0.5247684954540864,True,13,11,0.003184833404584506,0.49992864839667406,False
2021-22,2022-03-30,401360957,old,5,3,0.0019954272539804284,0.6706025714759991,True,5,3,0.0007249198701794205,0.42515645281005515,False
2021-22,2022-03-30,401360957,new,0,0,0.0,nan,False,0,0,0.0,nan,False
2021-22,2022-03-30,401360956,old,6,4,0.0010697474656686042,0.37928522065927134,False,7,5,0.0010749911068917014,0.38418357273591447,False
2021-22,2022-03-30,401360956,new,5,4,0.0014228873050908932,0.4233578769028603,False,6,5,0.0014760637645683118,0.432339304704089,False
2021-22,2022-03-30,401360960,old,5,3,0.0019951111730048543,0.5322066150633402,True,2,0,0.0,0.0,False
2021-22,2022-03-30,401360960,new,8,6,0.002388989366002203,0.49963972794524075,False,6,4,0.0009654068975125009,0.22122923297065003,False
2021-22,2022-03-30,401360959,old,8,6,0.0017986725798846217,0.6049099197163619,True,5,3,0.0007446132326638363,0.38914304911182407,False
2021-22,2022-03-30,401360959,new,5,4,0.0017589142856023015,0.5690251898424082,True,4,3,0.0012186848267382465,0.480337722088637,False
2021-22,2022-03-30,401360958,old,2,1,0.001986106836972208,0.5155956526803497,True,2,0,0.0,0.0,False
2021-22,2022-03-30,401360958,new,2,1,0.001984567431259322,0.5154689681870462,True,2,0,0.0,0.0,False
2021-22,2022-03-30,401360962,old,6,4,0.0014648018763954481,0.6166315350142442,True,5,3,0.0006117356191338621,0.4193078296369647,False
2021-22,2022-03-30,401360962,new,5,4,0.0017091524818351514,0.5748426188462107,True,5,3,0.0009684423072869166,0.44836047851119254,False
2021-22,2022-03-30,401360961,old,3,1,0.00019602764922089242,0.3210069334798892,False,3,1,0.00019705578683890581,0.3172723347206623,False
2021-22,2022-03-30,401360961,new,0,0,0.0,nan,False,0,0,0.0,nan,False
2021-22,2022-03-30,401360963,old,6,4,0.0023767897474081525,0.5644860048110458,True,4,3,0.0009537560381667094,0.4774975420321404,False
2021-22,2022-03-30,401360963,new,3,1,0.0008223021443420847,0.5084491132878676,True,2,1,0.0003171285069979133,0.4676414334600143,False
2021-22,2022-03-30,401360965,old,7,6,0.0021477709758221377,0.8912089764297628,True,7,5,0.0009781544081246174,0.45787831640242665,False
2021-22,2022-03-30,401360965,new,3,1,0.00022966029221109424,0.454555196155705,False,1,0,0.0,0.0,False
2021-22,2022-03-30,401360964,old,6,5,0.0014562038259277941,0.4715057723793426,False,6,5,0.0014365378755467069,0.46811893523041015,False
2021-22,2022-03-30,401360964,new,6,5,0.0014562423112504004,0.4706286727217172,False,6,5,0.001436576360768955,0.46724265580185853,False
2021-22,2022-03-31,401360966,old,8,7,0.0033939503611783045,0.9492562352192861,True,8,6,0.001549838422813903,0.4439129934571422,False
2021-22,2022-03-31,401360966,new,8,8,0.0035148285074921596,1.0,True,7,6,0.0015495815395902251,0.46832221565536886,False
2021-22,2022-03-31,401401145,old,6,4,0.0024385591788966235,0.37311940478687644,False,5,3,0.0004897026171660663,0.18564176812814875,False
2021-22,2022-03-31,401401145,new,7,5,0.002813452602386443,0.3469908644853742,False,5,3,0.0007764955529479478,0.18513006267343096,False
2021-22,2022-03-31,401360967,old,12,10,0.0038730018789648324,0.6756589763797715,True,11,9,0.002297144930353909,0.47551748107516395,False
2021-22,2022-03-31,401360967,new,12,10,0.00563997422102639,0.7520835665133168,True,11,9,0.0031457147154634285,0.47604906781626527,False
2021-22,2022-03-31,401360968,old,8,7,0.0016824054349666151,0.6123487013638921,True,6,4,0.0008276224311420039,0.39876050364726456,False
2021-22,2022-03-31,401360968,new,9,8,0.0017378130336189995,0.6025555276158028,True,7,5,0.0010175369965737338,0.43518383925689197,False
2021-22,2022-03-31,401360969,old,7,7,0.007901456522313919,1.0,True,9,7,0.0019051782207631606,0.4502711228965023,False
2021-22,2022-03-31,401360969,new,6,5,0.003923630948841407,0.958306282175315,True,8,6,0.0016809236868830517,0.4542312168742258,False
2021-22,2022-04-01,401360970,old,9,7,0.0022722780609048233,0.8933456604803892,True,7,5,0.001035440498582271,0.4172796580386701,False
2021-22,2022-04-01,401360970,new,8,7,0.0021838495649407767,0.9024103401651977,True,7,6,0.0011265260420219119,0.45920006760434157,False
2021-22,2022-04-01,401360971,old,10,8,0.002755313731628246,0.5388628011852412,True,12,10,0.002258882822516219,0.48927775321983913,False
2021-22,2022-04-01,401360971,new,7,6,0.00149538177718452,0.4882204393196336,False,7,6,0.0014717518524272513,0.4842414511566164,False
2021-22,2022-04-01,401360972,old,9,8,0.003116993590708294,0.9612438977029157,True,10,8,0.0016788022794306866,0.4656813676830945,False
2021-22,2022-04-01,401360972,new,8,8,0.003111833421395043,1.0,True,9,8,0.001677917190440334,0.48293088312613014,False
2021-22,2022-04-01,401360976,old,2,0,0.0,0.0,False,2,0,0.0,0.0,False
2021-22,2022-04-01,401360976,new,3,1,0.0004618292103329482,0.5558313698218887,True,2,0,0.0,0.0,False
2021-22,2022-04-01,401360975,old,9,8,0.0022226630316976455,0.6105447919675552,True,8,6,0.001332241582487678,0.4562281586798806,False
2021-22,2022-04-01,401360975,new,10,9,0.0023523601817676877,0.6239551814424001,True,8,6,0.001459188931704429,0.46830612528478616,False
2021-22,2022-04-01,401360974,old,0,0,0.0,nan,False,0,0,0.0,nan,False
2021-22,2022-04-01,401360974,new,0,0,0.0,nan,False,0,0,0.0,nan,False
2021-22,2022-04-01,401360973,old,3,1,0.00017956825834784725,0.3244876884079602,False,3,1,0.00018235014680741457,0.3259310753695824,False
2021-22,2022-04-01,401360973,new,0,0,0.0,nan,False,0,0,0.0,nan,False
2021-22,2022-04-01,401360977,old,7,5,0.0026886237332463697,0.6419673173109511,True,6,4,0.0010496595838932925,0.45453035121486324,False
2021-22,2022-04-01,401360977,new,3,2,0.0016865543961172849,0.7831573616771976,True,2,1,0.0004388351531543314,0.4844656652543814,False
2021-22,2022-04-01,401360978,old,6,4,0.0009696029997259223,0.26478053206195656,False,6,4,0.0008955502829898645,0.2496057453275946,False
2021-22,2022-04-01,401360978,new,6,4,0.0010091503605855253,0.23774270082775587,False,7,5,0.0009440406348177681,0.22586829095792074,False
2021-22,2022-04-01,401360979,old,7,6,0.003722906624278151,0.6663145331991054,True,5,3,0.000737246476275435,0.31132749017434025,False
2021-22,2022-04-01,401360979,new,6,5,0.0021022655743579465,0.7490333419661429,True,4,2,0.0006598058071960237,0.45761354489598177,False
2021-22,2022-04-02,401360980,old,13,12,0.006501655611918196,0.8576181884100736,True,13,11,0.0029305508116299456,0.4875691855785513,False
2021-22,2022-04-02,401360980,new,13,12,0.007137099488055126,0.7782152024355187,True,13,11,0.0037593757600475667,0.48323261411265095,False
2021-22,2022-04-02,401360981,old,8,6,0.003418447347185293,0.48361980358780016,False,7,5,0.0013272642643708079,0.46053779070559187,False
2021-22,2022-04-02,401360981,new,6,5,0.003582162783225044,0.5298238572550673,True,4,3,0.0015536270215801631,0.5494174100996532,True
2021-22,2022-04-02,401360982,old,4,3,0.0018374777040714946,0.5663095001534125,True,2,0,0.0,0.0,False
2021-22,2022-04-02,401360982,new,5,4,0.0037319412254267032,0.5549371498581189,True,4,2,0.00030117751209973595,0.048298972295727355,False
2021-22,2022-04-02,401360983,old,9,7,0.0015101940362609158,0.38625290221362035,False,9,7,0.0015993619218676507,0.39993786732225495,False
2021-22,2022-04-02,401360983,new,9,7,0.001435980724031089,0.3798707127083444,False,9,7,0.0015292477126788546,0.3948546675675508,False
2021-22,2022-04-02,401360984,old,9,8,0.0033839792337254974,0.6349192416627781,True,9,7,0.001516846809903485,0.27918687272657733,False
2021-22,2022-04-02,401360984,new,10,8,0.003459864745783374,0.6241877519085015,True,9,7,0.0016010998733114689,0.2837953863030212,False
2021-22,2022-04-03,401360985,old,10,9,0.0038728255100649515,0.837338632081941,True,12,10,0.0023358966128580573,0.48364989251034346,False
2021-22,2022-04-03,401360985,new,7,7,0.0029859528990331674,1.0,True,8,7,0.0016093365150404032,0.48082650101655366,False
2021-22,2022-04-03,401360986,old,2,0,0.0,0.0,False,2,0,0.0,0.0,False
2021-22,2022-04-03,401360986,new,2,0,0.0,0.0,False,2,0,0.0,0.0,False
2021-22,2022-04-03,401360987,old,6,5,0.0020178908676186567,0.5431487915944895,True,9,7,0.0019182180931622723,0.4680440940100925,False
2021-22,2022-04-03,401360987,new,6,5,0.0020807476946001634,0.47947021515587396,False,9,7,0.0023526527772020044,0.4814571129258263,False
2021-22,2022-04-03,401360988,old,2,1,0.00012013878747561798,0.3773159051146977,False,2,1,0.00012014368390533356,0.3773254806373331,False
2021-22,2022-04-03,401360988,new,3,2,0.0004913535452934086,0.7140842269974391,True,2,1,0.00023587724570129897,0.5452387601441191,True
2021-22,2022-04-03,401360990,old,5,3,0.0007844662083989276,0.4713022045445992,False,5,3,0.0007218536333406696,0.4506366789348489,False
2021-22,2022-04-03,401360990,new,0,0,0.0,nan,False,0,0,0.0,nan,False
2021-22,2022-04-03,401360989,old,12,11,0.005221930153999644,0.7255314966975326,True,11,9,0.0021211298361758875,0.44629446321513716,False
2021-22,2022-04-03,401360989,new,14,13,0.006056871447941809,0.7280618710362281,True,11,9,0.0026797185756589213,0.4789691362062214,False
2021-22,2022-04-03,401360993,old,2,1,0.00011927189895182714,0.40070323574322514,False,2,1,0.00011927189895182714,0.40070433432257363,False
2021-22,2022-04-03,401360993,new,3,2,0.0004972746352764103,0.8015110813735263,True,2,1,0.0001537906233389893,0.4062970140231272,False
2021-22,2022-04-03,401360994,old,8,6,0.0016913847906520458,0.6087202076562719,True,7,5,0.0008309649030970862,0.47006027344110185,False
2021-22,2022-04-03,401360994,new,3,2,0.0010239310630366638,0.779076853643546,True,2,1,0.00027011594002185563,0.481943256680516,False
2021-22,2022-04-03,401360992,old,7,5,0.0010073980035888012,0.46598634259625804,False,7,5,0.0010153410729516444,0.4681579463332434,False
2021-22,2022-04-03,401360992,new,6,5,0.0013036526497942143,0.49172453628315016,False,5,4,0.0012983389851463217,0.4907037740632918,False
2021-22,2022-04-03,401360991,old,9,8,0.0030138213439620215,0.7925014185785315,True,8,6,0.0014713188512448573,0.38770678211721343,False
2021-22,2022-04-03,401360991,new,10,8,0.0029253461448462475,0.7507685666081468,True,9,7,0.0015438109319918405,0.39706179817857895,False
2021-22,2022-04-03,401360995,old,7,5,0.0014796442488276015,0.45382731426813694,False,7,5,0.0014719057876761232,0.45252789313847774,False
2021-22,2022-04-03,401360995,new,6,5,0.0014855177329105226,0.4840287599968334,False,6,5,0.0014719057876761232,0.4817301278116053,False
2021-22,2022-04-03,401360996,old,6,5,0.0013619015180766686,0.7249765358086309,True,4,2,0.0004796043492886186,0.37135666896028197,False
2021-22,2022-04-03,401360996,new,4,3,0.0007033340767267016,0.8033601727576818,True,2,0,0.0,0.0,False
2021-22,2022-04-05,401360998,old,5,4,0.0030244756566362332,0.48327353846364907,False,4,3,0.0008295478693823471,0.46592323380732603,False
2021-22,2022-04-05,401360998,new,7,6,0.004046175811694563,0.5366267948384901,True,4,3,0.0016877862101300977,0.5488514290605817,True
2021-22,2022-04-05,401360997,old,7,6,0.003176538235359756,0.9548334962095155,True,7,5,0.0014920332518263031,0.4532882352454378,False
2021-22,2022-04-05,401360997,new,6,6,0.0031760010162217864,1.0,True,6,5,0.0014918436961013383,0.4750203406704526,False
2021-22,2022-04-05,401361001,old,10,9,0.004386519422750483,0.8013460972976248,True,9,7,0.0021622235436845297,0.4750641178480343,False
2021-22,2022-04-05,401361001,new,11,9,0.005834742971698002,0.6776398932776997,True,9,7,0.003362668760916489,0.4654693748665558,False
2021-22,2022-04-05,401360999,old,5,4,0.002406537070602954,0.7061097168308189,True,4,3,0.0010233795487307286,0.48294614367141614,False
2021-22,2022-04-05,401360999,new,5,4,0.0029022768871341253,0.5953493638192402,True,4,3,0.0018594527433019874,0.48488805210991076,False
2021-22,2022-04-05,401361000,old,8,6,0.0026017662198102704,0.5958526456083724,True,7,5,0.0014986003006506583,0.4592294370994355,False
2021-22,2022-04-05,401361000,new,8,6,0.0033047489500401027,0.5481771341670048,True,7,5,0.002426306338829269,0.4713008720017239,False
2021-22,2022-04-05,401361004,old,3,1,0.00013967415576050633,0.2680082253644716,False,3,1,0.00013967415576050633,0.2680341137149544,False
2021-22,2022-04-05,401361004,new,3,2,0.0005635713428246565,0.8070497038170004,True,2,1,0.00018234814173402023,0.42033670466303585,False
2021-22,2022-04-05,401361003,old,7,5,0.0014265971785283355,0.4257901717414783,False,9,7,0.0018892353070548166,0.49545810518278516,False
2021-22,2022-04-05,401361003,new,6,5,0.0014459926749836524,0.5028458524375996,True,5,4,0.0014459926749836524,0.5028458524375997,True
2021-22,2022-04-05,401361002,old,8,6,0.0013211695415824502,0.33816387826499805,False,10,8,0.0018611351219719097,0.41852821843720733,False
2021-22,2022-04-05,401361002,new,7,5,0.0011542599966328328,0.31292200741266013,False,9,7,0.0016979591569864832,0.4012536819379862,False
2021-22,2022-04-05,401361005,old,11,9,0.0021842854395392047,0.45040971061007423,False,11,9,0.0020433178648634805,0.4771175038574766,False
2021-22,2022-04-05,401361005,new,6,4,0.0015973467429577053,0.3853833000892983,False,7,6,0.001984174363250231,0.487662015989603,False
2021-22,2022-04-05,401361006,old,6,5,0.0014138230895672534,0.486764958702901,False,6,5,0.001304584674197125,0.4644072317402583,False
2021-22,2022-04-05,401361006,new,7,5,0.0016483976010586675,0.4815320684394973,False,6,5,0.001547643274780998,0.4658095145120073,False
2021-22,2022-04-05,401361007,old,7,5,0.0011976161518477632,0.5612970706712284,True,5,3,0.0007797177802369047,0.4588243799027661,False
2021-22,2022-04-05,401361007,new,0,0,0.0,nan,False,0,0,0.0,nan,False
2021-22,2022-04-05,401361008,old,3,3,0.0012056126370893867,1.0,True,2,1,0.00024420394533485507,0.45165148203104966,False
2021-22,2022-04-05,401361008,new,3,3,0.0006566374102617978,1.0,True,2,1,0.0001358891994101133,0.4946219312429122,False
2021-22,2022-04-06,401361009,old,7,5,0.0017362825240236112,0.4766392017041738,False,7,5,0.001729252530729471,0.4756272392518537,False
2021-22,2022-04-06,401361009,new,8,6,0.0020201008454659593,0.5161567847757965,True,7,5,0.0018051677855595329,0.48804122032947167,False
2021-22,2022-04-06,401361010,old,9,8,0.0048310218419068685,0.8402619573378294,True,8,6,0.002157543386390592,0.4957876603316765,False
2021-22,2022-04-06,401361010,new,5,5,0.006144603436746649,1.0,True,4,3,0.0024057952094791724,0.48584613472730537,False
2021-22,2022-04-06,401361011,old,9,7,0.005447333671229125,0.697610756633863,True,8,6,0.0023064730784249084,0.4941351481824801,False
2021-22,2022-04-06,401361011,new,6,5,0.0061950900984688185,0.6458264776722915,True,4,3,0.003052392699517691,0.47365335657905144,False
2021-22,2022-04-06,401361012,old,8,7,0.0030835898955274615,0.8212792147046063,True,9,7,0.001665794323720359,0.4436654366817412,False
2021-22,2022-04-06,401361012,new,8,7,0.003005272471956712,0.8377928904923171,True,9,7,0.0015874768986012286,0.4425478474970406,False
2021-22,2022-04-06,401361013,old,5,4,0.00236953500239375,0.8780068530982981,True,6,4,0.0011880229704032456,0.4402129632837254,False
2021-22,2022-04-06,401361013,new,4,4,0.0023033423606775376,1.0,True,5,3,0.0009429125636236484,0.4211038496986506,False
2021-22,2022-04-06,401361014,old,2,2,0.00036503608967749623,1.0,True,2,1,0.00013029724411698517,0.35695239054747174,False
2021-22,2022-04-06,401361014,new,0,0,0.0,nan,False,0,0,0.0,nan,False
2021-22,2022-04-07,401361015,old,6,5,0.0008853874165914334,0.5880673503740421,True,4,3,0.0005368316125207547,0.463972740647497,False
2021-22,2022-04-07,401361015,new,3,2,0.0007562213366305834,0.5269903409577583,True,2,1,0.0005960270239250217,0.4676537452959666,False
2021-22,2022-04-07,401361016,old,8,8,0.005349060980398941,1.0,True,9,7,0.0025444889253176286,0.47568889916870993,False
2021-22,2022-04-07,401361016,new,7,7,0.005192079727920439,1.0,True,8,6,0.002422028947862444,0.46648531585417546,False
2021-22,2022-04-07,401361017,old,2,1,0.0021286175807472317,0.4943115263553831,False,2,0,0.0,0.0,False
2021-22,2022-04-07,401361017,new,2,1,0.0021286175807472317,0.4943115263553831,False,2,0,0.0,0.0,False
2021-22,2022-04-07,401361019,old,6,4,0.0012192409506746982,0.5219259474090459,True,5,3,0.0009983693115350756,0.4724235408568687,False
2021-22,2022-04-07,401361019,new,0,0,0.0,nan,False,0,0,0.0,nan,False
2021-22,2022-04-07,401361018,old,9,7,0.0017024587119614677,0.5236001837265788,True,7,5,0.0013480432938726818,0.48004331999826316,False
2021-22,2022-04-07,401361018,new,3,2,0.0005399880508410233,0.4677702984706766,False,3,2,0.0005399880508410233,0.4677702984706766,False
2021-22,2022-04-07,401361020,old,4,2,0.0006064061639609729,0.2997775691184051,False,4,3,0.000987145630502853,0.48767974805020753,False
2021-22,2022-04-07,401361020,new,4,2,0.000885100613157219,0.3433644720229417,False,4,3,0.0012645263985066625,0.49055828538352525,False
2021-22,2022-04-07,401361021,old,5,4,0.0015555483440320927,0.47536333075384196,False,5,4,0.0015750846590415525,0.47847689882109057,False
2021-22,2022-04-07,401361021,new,5,4,0.0015750846590415527,0.4784768988210907,False,5,4,0.0015750846590415525,0.47847689882109057,False
2021-22,2022-04-08,401361023,old,2,0,0.0,0.0,False,2,0,0.0,0.0,False
2021-22,2022-04-08,401361023,new,0,0,0.0,nan,False,0,0,0.0,nan,False
2021-22,2022-04-08,401361022,old,7,5,0.0017959585440512188,0.4845936591357157,False,7,5,0.0017958513626357396,0.4845787530633623,False
2021-22,2022-04-08,401361022,new,8,6,0.0021153105537452103,0.5225112386391311,True,7,5,0.0018922947511005816,0.4946738216475581,False
2021-22,2022-04-08,401361025,old,4,4,0.0018429032802694191,1.0,True,4,3,0.000895358661285446,0.4858413737016904,False
2021-22,2022-04-08,401361025,new,3,3,0.0016836899303856398,1.0,True,3,2,0.0007713207915704014,0.45811332457974296,False
2021-22,2022-04-08,401361024,old,5,4,0.008462292686312758,0.5231127640786218,True,4,2,0.0008278096854905965,0.17087007751484976,False
2021-22,2022-04-08,401361024,new,7,6,0.011717232224102443,0.5875867469282741,True,4,2,0.002325455770214248,0.25013324872978937,False
2021-22,2022-04-08,401361027,old,8,6,0.0021832485409328185,0.6222157633248734,True,7,5,0.0012370179006111054,0.48272021664282416,False
2021-22,2022-04-08,401361027,new,6,4,0.0020881796113584746,0.560717663071979,True,5,3,0.0015092169507391372,0.47990944076932135,False
2021-22,2022-04-08,401361026,old,7,5,0.005386022337850014,0.7349613819932673,True,6,4,0.0017701982797059953,0.47682332921413917,False
2021-22,2022-04-08,401361026,new,8,6,0.007080230020468264,0.6315958487801308,True,6,4,0.0036105893534152393,0.4668584129961556,False
2021-22,2022-04-08,401361028,old,5,4,0.0016837576597224357,0.48929584138773197,False,5,4,0.0016837284451418244,0.4892915056332898,False
2021-22,2022-04-08,401361028,new,5,4,0.0016837284451418244,0.4892915056332898,False,5,4,0.0016837284451418244,0.4892915056332898,False
2021-22,2022-04-08,401361029,old,4,4,0.002738954793665274,1.0,True,5,4,0.001343326689761472,0.49045230308083665,False
2021-22,2022-04-08,401361029,new,4,4,0.002738954793665274,1.0,True,5,4,0.001343326689761472,0.49045230308083665,False
2021-22,2022-04-08,401361030,old,2,1,0.00023335579569928197,0.4362869896478061,False,2,1,0.00023335579569928197,0.43630624481204955,False
2021-22,2022-04-08,401361030,new,1,1,0.00018808810693203912,1.0,True,1,0,0.0,0.0,False
2021-22,2022-04-09,401361033,old,6,5,0.0022492014236384305,0.9522296968816782,True,6,4,0.000975369468670834,0.42480788246049833,False
2021-22,2022-04-09,401361033,new,5,5,0.00224923032675434,1.0,True,5,4,0.000975369468670834,0.446763503323203,False
2021-22,2022-04-09,401361032,old,3,2,0.0005503525862030836,0.5869441274230766,True,2,1,0.00036340737440095734,0.4181438211724449,False
2021-22,2022-04-09,401361032,new,0,0,0.0,nan,False,0,0,0.0,nan,False
2021-22,2022-04-09,401361034,old,8,6,0.0019732388946986754,0.47375358141673224,False,7,5,0.001829234941502531,0.4687617263163371,False
2021-22,2022-04-09,401361034,new,5,3,0.0012421490270827938,0.44641770696658595,False,5,4,0.0013609913940050553,0.4891286343796309,False
2021-22,2022-04-09,401361031,old,0,0,0.0,nan,False,0,0,0.0,nan,False
2021-22,2022-04-09,401361031,new,0,0,0.0,nan,False,0,0,0.0,nan,False
2021-22,2022-04-10,401361037,old,10,8,0.011890720795139672,0.49990415359564105,False,9,7,0.004165787980140844,0.49990732887458383,False
2021-22,2022-04-10,401361037,new,15,13,0.014851779796359358,0.550650847529541,True,17,15,0.00818860039882119,0.5984731672587486,True
2021-22,2022-04-10,401361036,old,10,8,0.005440770938860971,0.7110587192837668,True,9,7,0.002213799330396011,0.5003302381285412,True
2021-22,2022-04-10,401361036,new,4,3,0.0034751996317637078,0.6920434406509909,True,3,2,0.0012788085767343664,0.45335838087479813,False
2021-22,2022-04-10,401361040,old,6,4,0.005965709406766573,0.7209798149834382,True,4,3,0.002066077306339622,0.4914474246622571,False
2021-22,2022-04-10,401361040,new,6,4,0.006939493570143291,0.5953092777566799,True,4,3,0.0041266855632639595,0.48088020069904513,False
2021-22,2022-04-10,401361035,old,5,4,0.00249817740232455,0.9554656517176989,True,4,3,0.0011556492991583536,0.49991038747561944,False
2021-22,2022-04-10,401361035,new,4,3,0.004035881533139581,0.9389092008008986,True,3,2,0.001862771925369832,0.4910607011482739,False
2021-22,2022-04-10,401361046,old,2,1,0.0003284328794244475,0.5,False,2,1,0.0003284328794244475,0.5,False
2021-22,2022-04-10,401361046,new,2,1,0.0003284328794244475,0.5,False,2,1,0.0003284328794244475,0.5,False
2021-22,2022-04-10,401361045,old,7,6,0.0032057212291812334,0.813864626108669,True,6,4,0.001967995041287292,0.4998230398628514,False
2021-22,2022-04-10,401361045,new,3,3,0.002472444575536868,1.0,True,3,2,0.0012362223180020092,0.5000000122282117,True
2021-22,2022-04-10,401361047,old,6,5,0.0021098312912696576,0.9199268196053156,True,6,4,0.0011475227313194902,0.5003723149952549,True
2021-22,2022-04-10,401361047,new,7,6,0.0025723451455057778,0.9086596457852133,True,6,4,0.0013013555154446949,0.515980523319766,True
2021-22,2022-04-10,401361042,old,4,4,0.0019379617822221184,1.0,True,4,3,0.0009689808991712433,0.5000000041591037,True
2021-22,2022-04-10,401361042,new,4,4,0.0019379617822221184,1.0,True,4,3,0.0009689808991712433,0.5000000041591037,True
2021-22,2022-04-10,401361043,old,2,0,0.0,0.0,False,2,0,0.0,0.0,False
2021-22,2022-04-10,401361043,new,2,0,0.0,0.0,False,2,0,0.0,0.0,False
2021-22,2022-04-10,401361041,old,2,1,0.00025333933498976487,0.6220361863512364,True,3,1,0.00025333933498976487,0.37531370546078024,False
2021-22,2022-04-10,401361041,new,0,0,0.0,nan,False,0,0,0.0,nan,False
2021-22,2022-04-10,401361038,old,6,4,0.0018474717976229966,0.44147589109327073,False,7,5,0.0020944314641197174,0.5004899117516718,True
2021-22,2022-04-10,401361038,new,5,3,0.0014222983372732631,0.4260271126654527,False,5,4,0.001669258003769984,0.4999999992991569,False
2021-22,2022-04-10,401361044,old,8,6,0.0018286579563647342,0.545740351019349,True,7,5,0.0016751583409130068,0.4998019603451797,False
2021-22,2022-04-10,401361044,new,4,3,0.0009902632442931533,0.5000000018763266,True,4,3,0.0009902632442931533,0.5000000018763266,True
2021-22,2022-04-10,401361048,old,0,0,0.0,nan,False,0,0,0.0,nan,False
2021-22,2022-04-10,401361048,new,0,0,0.0,nan,False,0,0,0.0,nan,False
2021-22,2022-04-10,401361049,old,3,3,0.00247359910398364,1.0,True,3,2,0.0012367995950998973,0.5000000174272692,True
2021-22,2022-04-10,401361049,new,3,3,0.00247359910398364,1.0,True,3,2,0.0012367995950998973,0.5000000174272692,True
2021-22,2022-04-10,401361039,old,3,2,0.001224330401296379,0.5000000064902463,True,3,2,0.001224330401296379,0.5000000064902463,True
2021-22,2022-04-10,401361039,new,3,2,0.001224330401296379,0.5000000064902463,True,3,2,0.001224330401296379,0.5000000064902463,True
2022-23,2023-02-12,401469011,old,5,4,0.0009320659644543556,0.4131614883564732,False,6,5,0.0007140886197933995,0.35039402904215816,False
2022-23,2023-02-12,401469011,new,5,4,0.0007821994933779698,0.556766184368345,True,4,3,0.00039107198497707435,0.38576002222024447,False
2022-23,2023-02-13,401469015,old,2,2,0.0006419125338576812,1.0,True,2,1,0.00012716569631076495,0.1761928507878451,False
2022-23,2023-02-13,401469015,new,3,3,0.0007635401348730527,1.0,True,2,1,0.00012724644100428815,0.17482891256374178,False
2022-23,2023-02-13,401469013,old,4,4,0.0010312059646993535,1.0,True,3,2,0.00025528298849686847,0.26996496396909847,False
2022-23,2023-02-13,401469013,new,4,4,0.0010340318271696482,1.0,True,3,2,0.0002555084584625699,0.2618411605725924,False
2022-23,2023-02-13,401469012,old,6,5,0.0010351626115366536,0.39273021892827353,False,5,4,0.0005705985318809994,0.2627976300689111,False
2022-23,2023-02-13,401469012,new,8,7,0.0019480432146792759,0.5469088489972824,True,7,6,0.0013213121954201833,0.4501632230981055,False
2022-23,2023-02-13,401469014,old,7,5,0.0007768536578922588,0.26556466541102247,False,7,5,0.0006470283497305797,0.2200980233434282,False
2022-23,2023-02-13,401469014,new,8,6,0.000935904989071201,0.43450720235952955,False,7,5,0.0008372349131101338,0.37484556221411836,False
2022-23,2023-02-13,401469016,old,6,5,0.0012584455287570717,0.5011810993060699,True,8,6,0.0007528991260366618,0.30227803080561216,False
2022-23,2023-02-13,401469016,new,6,5,0.0014521427154186302,0.4962134865843703,False,6,4,0.000748972048662065,0.2765148743144329,False
2022-23,2023-02-13,401469017,old,4,2,0.0004479837888734596,0.12472844105788486,False,2,0,0.0,0.0,False
2022-23,2023-02-13,401469017,new,7,5,0.001187483491865819,0.23276481217146194,False,5,3,0.0005093123454472399,0.12527944448017322,False
2022-23,2023-02-13,401469018,old,6,4,0.0008121337171639335,0.2761458021922129,False,5,3,0.00041805734596012253,0.16138987596656226,False
2022-23,2023-02-13,401469018,new,5,3,0.0006663843478719444,0.33435525732384613,False,4,3,0.0005137187410386783,0.3705550509619756,False
2022-23,2023-02-13,401469019,old,4,2,0.0021644377294508343,0.5238849321713889,True,2,0,0.0,0.0,False
2022-23,2023-02-13,401469019,new,5,3,0.0026191213756767864,0.5466691301534314,True,2,0,0.0,0.0,False
2022-23,2023-02-13,401469020,old,5,4,0.003577992120958796,0.9149354322536977,True,2,0,0.0,0.0,False
2022-23,2023-02-13,401469020,new,7,6,0.0034117952627849843,0.668360923650798,True,6,4,0.0004921336359066812,0.09469955860059488,False
2022-23,2023-02-13,401469022,old,4,2,0.0023494300323162556,0.4197607017736101,False,2,0,0.0,0.0,False
2022-23,2023-02-13,401469022,new,4,2,0.0014161628594064242,0.3738069957993297,False,2,0,0.0,0.0,False
2022-23,2023-02-13,401469021,old,7,5,0.0020421029291138953,0.3137063277781059,False,5,3,0.0003522662392569524,0.09134491943013558,False
2022-23,2023-02-13,401469021,new,15,13,0.003934957095291818,0.5117110772778841,True,15,13,0.0023950911769380187,0.44652109418723557,False
2022-23,2023-02-14,401469023,old,4,2,0.0004405660624885602,0.14644735140544307,False,3,1,0.00012547094660505972,0.04730608688177424,False
2022-23,2023-02-14,401469023,new,6,4,0.000717657110867717,0.3987519910505064,False,5,3,0.00043235286443770853,0.2760596149291684,False
2022-23,2023-02-14,401469024,old,2,2,0.0010543315147336176,1.0,True,2,0,0.0,0.0,False
2022-23,2023-02-14,401469024,new,2,2,0.001026872309921063,1.0,True,2,0,0.0,0.0,False
2022-23,2023-02-14,401469025,old,2,1,0.0017959866456143114,0.5102209542810924,True,2,0,0.0,0.0,False
2022-23,2023-02-14,401469025,new,2,1,0.002237453416897112,0.5074099795695914,True,2,0,0.0,0.0,False
2022-23,2023-02-14,401469026,old,3,2,0.002030913243592823,0.495774035380333,False,2,0,0.0,0.0,False
2022-23,2023-02-14,401469026,new,4,2,0.0020632985616259093,0.3764280366633961,False,2,0,0.0,0.0,False
2022-23,2023-02-14,401469027,old,5,3,0.0022585249986184254,0.30129291684756754,False,2,0,0.0,0.0,False
2022-23,2023-02-14,401469027,new,11,9,0.0028799747065857005,0.446201557819071,False,9,7,0.0011350353749330806,0.3681956638106306,False
2022-23,2023-02-15,401469028,old,0,0,0.0,nan,False,0,0,0.0,nan,False
2022-23,2023-02-15,401469028,new,1,0,0.0,0.0,False,1,0,0.0,0.0,False
2022-23,2023-02-15,401469029,old,7,5,0.001106966751892797,0.3474273367343061,False,5,3,0.0004557333298518124,0.19460406433767624,False
2022-23,2023-02-15,401469029,new,6,4,0.0008818797435823757,0.4526955825924521,False,5,3,0.0004792563290567792,0.3657855686599767,False
2022-23,2023-02-15,401469032,old,2,2,0.0005229574930747015,1.0,True,3,2,0.00028729218010976453,0.4127501936593396,False
2022-23,2023-02-15,401469032,new,3,3,0.0007402054992379472,1.0,True,3,2,0.00028729218010976453,0.4127501936593396,False
2022-23,2023-02-15,401469033,old,2,0,0.0,0.0,False,2,0,0.0,0.0,False
2022-23,2023-02-15,401469033,new,3,1,0.00013668988998222348,0.037133341949686746,False,2,0,0.0,0.0,False
2022-23,2023-02-15,401469031,old,5,3,0.000860543691047303,0.22502948361752617,False,4,2,0.00025173268847903757,0.06628927758577607,False
2022-23,2023-02-15,401469031,new,8,6,0.0012984472056835957,0.25023049603586067,False,7,5,0.0008104194319918066,0.16798837816650272,False
2022-23,2023-02-15,401469030,old,2,2,0.0013295139511592519,1.0,True,2,0,0.0,0.0,False
2022-23,2023-02-15,401469030,new,2,2,0.0013275709881479085,1.0,True,2,0,0.0,0.0,False
2022-23,2023-02-15,401469034,old,8,6,0.0009796762764729776,0.2774647856333124,False,9,7,0.0009818496478463514,0.27360266472121675,False
2022-23,2023-02-15,401469034,new,10,8,0.0013509845311621901,0.3606203073713221,False,8,6,0.0010890350866468205,0.30062594946909516,False
2022-23,2023-02-15,401469035,old,8,6,0.0010981528730397718,0.42004886477275705,False,9,8,0.0010453181110430428,0.3852071106660626,False
2022-23,2023-02-15,401469035,new,10,8,0.0013959214329187437,0.5718201480288879,True,9,8,0.0011434588272453644,0.45930309795037066,False
2022-23,2023-02-15,401469036,old,13,12,0.0033831502766444475,0.8810078811509445,True,12,10,0.0014492962054639196,0.3972889932657394,False
2022-23,2023-02-15,401469036,new,12,11,0.0027155948482893814,0.5770008266814659,True,12,10,0.0019985190916794837,0.4256291003229084,False
2022-23,2023-02-15,401469037,old,9,7,0.0011646767267060106,0.3276969046850868,False,6,4,0.0005240942275454048,0.13846247072681384,False
2022-23,2023-02-15,401469037,new,10,8,0.0018486102911082903,0.4851725982393814,False,10,8,0.001657028794250437,0.35508329611463707,False
2022-23,2023-02-16,401469038,old,9,8,0.0021092138048629462,0.5741443858799518,True,9,7,0.0010523346123236393,0.3802109779845408,False
2022-23,2023-02-16,401469038,new,9,8,0.0017589879139797624,0.6780888124760047,True,7,5,0.0007929549371180662,0.43446641944799796,False
2022-23,2023-02-16,401469039,old,10,9,0.004021691060245815,0.6027482191538576,True,8,6,0.0007709324317673643,0.1810063897584434,False
2022-23,2023-02-16,401469039,new,15,14,0.006151952807053958,0.7651168462926179,True,13,11,0.0024981845017580605,0.42654060260423804,False
2022-23,2023-02-16,401469040,old,3,3,0.003377402501118939,1.0,True,2,0,0.0,0.0,False
2022-23,2023-02-16,401469040,new,6,5,0.0041188233721701295,0.9111581769529039,True,3,1,0.0001177461802428875,0.026335511854629748,False
2022-23,2023-02-23,401469041,old,5,5,0.0015800280012243679,1.0,True,5,3,0.00038954741287382385,0.2610014365224355,False
2022-23,2023-02-23,401469041,new,5,5,0.001579368164347229,1.0,True,5,3,0.000389470442443664,0.2550103116282487,False
2022-23,2023-02-23,401469043,old,2,1,0.000187392737274861,0.2401859999549647,False,1,0,0.0,0.0,False
2022-23,2023-02-23,401469043,new,0,0,0.0,nan,False,0,0,0.0,nan,False
2022-23,2023-02-23,401469042,old,4,3,0.0005121219406848027,0.7072221848598406,True,5,3,0.0004216484842794992,0.2887901801812762,False
2022-23,2023-02-23,401469042,new,3,2,0.00030398030109077864,0.5765616996055367,True,4,2,0.00030657327622106396,0.336997779178681,False
2022-23,2023-02-23,401469045,old,12,10,0.003937758562955589,0.6535945000074047,True,9,7,0.0008254913964285935,0.18563227182647982,False
2022-23,2023-02-23,401469045,new,13,11,0.0049739005190728965,0.775034642187268,True,14,12,0.002553178256907104,0.44098918745187066,False
2022-23,2023-02-23,401469044,old,3,2,0.0006943546136128278,0.4844930714493995,False,2,0,0.0,0.0,False
2022-23,2023-02-23,401469044,new,3,2,0.0006975999238970581,0.48349847705960797,False,2,0,0.0,0.0,False
2022-23,2023-02-23,401469046,old,10,9,0.002371070689709931,0.7324506241791213,True,9,8,0.001184309660428563,0.395872391097718,False
2022-23,2023-02-23,401469046,new,11,10,0.0024472667604609,0.49194343851284383,False,9,8,0.0018713689757003614,0.4446785310426681,False
2022-23,2023-02-23,401469047,old,3,1,0.0002028940904854276,0.0501214892580612,False,2,0,0.0,0.0,False
2022-23,2023-02-23,401469047,new,4,2,0.0002829529720202565,0.07442963025743776,False,2,0,0.0,0.0,False
2022-23,2023-02-23,401469049,old,8,6,0.0020873854502874234,0.3123635971143315,False,7,5,0.0005865914649506699,0.15053112790226725,False
2022-23,2023-02-23,401469049,new,5,3,0.001324504740007965,0.2353145236700839,False,5,3,0.0004566017476826366,0.12324354727622229,False
2022-23,2023-02-23,401469048,old,6,4,0.0016941765003718177,0.39993661932269997,False,2,0,0.0,0.0,False
2022-23,2023-02-23,401469048,new,9,7,0.0017805400350387017,0.3730987734353006,False,10,8,0.001292209896522827,0.2750153525751148,False
2022-23,2023-02-24,401469050,old,9,7,0.0014522022206432102,0.2370285525981008,False,6,4,0.0005215860608159187,0.13943592025151894,False
2022-23,2023-02-24,401469050,new,8,6,0.0012898755081373835,0.2033924058437773,False,5,3,0.0006891236642080596,0.17294438205979198,False
2022-23,2023-02-24,401469052,old,8,7,0.0015239697976359497,0.5113002682110751,True,10,8,0.0011857269599465786,0.3875296595344679,False
2022-23,2023-02-24,401469052,new,11,10,0.0021531367837162867,0.5486422563934965,True,12,10,0.001655484058524791,0.43064442876410497,False
2022-23,2023-02-24,401469051,old,10,9,0.0025288017463339267,0.6074715633568818,True,6,4,0.000683505791157635,0.23001855420251138,False
2022-23,2023-02-24,401469051,new,9,7,0.0022776333123497266,0.6249139420097323,True,5,3,0.0007915570647506695,0.2880406186907661,False
2022-23,2023-02-24,401469055,old,10,8,0.0016409616185375623,0.4024711483310153,False,11,9,0.0010899607713714301,0.33379729749142645,False
2022-23,2023-02-24,401469055,new,7,5,0.0010370466817964277,0.38364741838413535,False,7,5,0.0007619913838314802,0.3164940006344498,False
2022-23,2023-02-24,401469053,old,9,9,0.0031393679655398665,1.0,True,9,8,0.001246875776374192,0.3936645486517829,False
2022-23,2023-02-24,401469053,new,9,9,0.003910151800749095,1.0,True,11,10,0.0021338673410179897,0.4877932195943865,False
2022-23,2023-02-24,401469056,old,7,5,0.0012219183236983834,0.3752338943573375,False,8,7,0.0011601036217667282,0.3783276580857412,False
2022-23,2023-02-24,401469056,new,9,8,0.0019117007296755746,0.49702626224417995,False,10,9,0.001728662106430881,0.47189450488893614,False
2022-23,2023-02-24,401469054,old,6,5,0.0022915580658729407,0.5743921746456033,True,3,1,0.00011478274340186828,0.030595056350062655,False
2022-23,2023-02-24,401469054,new,4,3,0.0025221323074549615,0.625962927113943,True,2,0,0.0,0.0,False
2022-23,2023-02-24,401469057,old,3,2,0.0016860375647935464,0.5080964419784123,True,2,0,0.0,0.0,False
2022-23,2023-02-24,401469057,new,4,2,0.00180989262310222,0.4443801538977225,False,2,0,0.0,0.0,False
2022-23,2023-02-25,401469058,old,8,7,0.0016938535435360397,0.5092484978063769,True,7,6,0.0009061617987888217,0.35696869308184,False
2022-23,2023-02-25,401469058,new,6,5,0.0011623083334890586,0.5373844383920217,True,5,4,0.0007484413626049703,0.42791743955585615,False
2022-23,2023-02-25,401469060,old,2,0,0.0,0.0,False,2,0,0.0,0.0,False
2022-23,2023-02-25,401469060,new,0,0,0.0,nan,False,0,0,0.0,nan,False
2022-23,2023-02-25,401469059,old,7,6,0.0010032805656388277,0.3919850545610449,False,8,7,0.0009644333493987597,0.3826145406686485,False
2022-23,2023-02-25,401469059,new,7,6,0.0014855501080907124,0.43569459248503906,False,8,7,0.0014049831898654012,0.42203772458907296,False
2022-23,2023-02-25,401469061,old,9,7,0.0033451018034874177,0.7494499009049154,True,9,7,0.001017278091087584,0.23014682538640527,False
2022-23,2023-02-25,401469061,new,12,10,0.004349698385375841,0.7527193598653459,True,13,11,0.0021530895481113284,0.35642376292962846,False
2022-23,2023-02-25,401469062,old,4,3,0.0007242254848174431,0.5011245020419491,True,5,3,0.0004483528383875615,0.2797399610336825,False
2022-23,2023-02-25,401469062,new,4,3,0.000720187425930069,0.49618834799405903,False,5,3,0.0004472367677079477,0.2774577361794526,False
2022-23,2023-02-25,401469063,old,2,2,0.0009526631762124505,1.0,True,2,0,0.0,0.0,False
2022-23,2023-02-25,401469063,new,2,2,0.0009526631762124505,1.0,True,2,0,0.0,0.0,False
2022-23,2023-02-25,401469064,old,7,6,0.0011489430844505398,0.40239148112631884,False,9,8,0.0013141187336282634,0.4072111057891817,False
2022-23,2023-02-25,401469064,new,7,6,0.0013841498405217489,0.4719750074971538,False,8,7,0.0015174709654567915,0.45400411134876906,False
2022-23,2023-02-26,401469065,old,8,8,0.0025577370670725338,1.0,True,10,8,0.0011286280201706616,0.384658037279883,False
2022-23,2023-02-26,401469065,new,9,9,0.002920110361634475,1.0,True,12,10,0.001435969956041446,0.41796514525786566,False
2022-23,2023-02-26,401469066,old,6,4,0.0013128867058136288,0.3073684974484736,False,6,4,0.0005580893662532122,0.15431978309241387,False
2022-23,2023-02-26,401469066,new,8,6,0.0016128404996442684,0.34657385971106813,False,6,4,0.0008038940079446842,0.1965160293754914,False
2022-23,2023-02-26,401469067,old,4,2,0.0018822046960221476,0.26377542433976886,False,2,0,0.0,0.0,False
2022-23,2023-02-26,401469067,new,6,4,0.0019279898118652937,0.33824321619153486,False,4,2,0.00028254017491327973,0.11467814204855586,False
2022-23,2023-02-26,401469068,old,6,4,0.00246535316488893,0.6338192795724398,True,4,2,0.00023009143535126616,0.059453085938026465,False
2022-23,2023-02-26,401469068,new,6,4,0.0010948701780911423,0.2681393042719586,False,5,3,0.00039935066893275075,0.09775099537405539,False
2022-23,2023-02-26,401469069,old,11,9,0.002511455840355118,0.5860991898046757,True,6,4,0.0006747069357222944,0.21406536471589693,False
2022-23,2023-02-26,401469069,new,11,9,0.002540852193283626,0.6280347702244506,True,7,5,0.000979915501582301,0.3085037582660282,False
2022-23,2023-02-26,401469070,old,7,5,0.0010436928426132757,0.265871191640343,False,8,6,0.0008329818278092758,0.2128613802129948,False
2022-23,2023-02-26,401469070,new,7,5,0.0009462126735157651,0.2742560261218196,False,4,2,0.0002683574540409823,0.08738111123312206,False
2022-23,2023-02-26,401469071,old,2,1,0.0022077602063561735,0.5048731726730714,True,2,0,0.0,0.0,False
2022-23,2023-02-26,401469071,new,2,1,0.0024985174930831815,0.49235278262761395,False,2,0,0.0,0.0,False
2022-23,2023-02-26,401469072,old,5,4,0.0016377815993334573,0.41841486004303197,False,8,7,0.0009075988924859885,0.39013856588580165,False
2022-23,2023-02-26,401469072,new,4,3,0.0009886408868386284,0.4208097154858155,False,3,2,0.00022057894063657593,0.23927606189281053,False
2022-23,2023-02-26,401469073,old,11,10,0.0030814131232370827,0.9543148988345718,True,12,10,0.0012816868432700902,0.3885877088804789,False
2022-23,2023-02-26,401469073,new,11,10,0.0033918378111749184,0.8735949650547473,True,12,10,0.001718712421585852,0.4150723001550851,False
2022-23,2023-02-27,401469074,old,0,0,0.0,nan,False,0,0,0.0,nan,False
2022-23,2023-02-27,401469074,new,0,0,0.0,nan,False,0,0,0.0,nan,False
2022-23,2023-02-27,401469075,old,8,7,0.001494403417018723,0.48107772007396765,False,9,7,0.0009304114987014682,0.3160648202878775,False
2022-23,2023-02-27,401469075,new,8,7,0.0019519692005344844,0.5006982474253729,True,7,5,0.0012383016907774266,0.3451683415960871,False
2022-23,2023-02-27,401469076,old,8,7,0.002118870355087371,0.8748020262073829,True,8,6,0.0008864074953435072,0.3697226142910783,False
2022-23,2023-02-27,401469076,new,9,8,0.0023428518482412476,0.7618838840300447,True,10,8,0.0013699650540752485,0.4312306441842902,False
2022-23,2023-02-27,401469077,old,10,8,0.002342417016327623,0.6310076088654274,True,8,6,0.0009531719136359302,0.27981083354645203,False
2022-23,2023-02-27,401469077,new,9,8,0.00295073370757998,0.8144181870183835,True,10,9,0.001845817195102572,0.4817904329745895,False
2022-23,2023-02-28,401469082,old,8,6,0.0017245969734864819,0.5053157700033176,True,11,9,0.001457578139904837,0.35706616227669913,False
2022-23,2023-02-28,401469082,new,11,9,0.0023337970537109344,0.5732169250959268,True,12,10,0.0019000553088509076,0.423975617085337,False
2022-23,2023-02-28,401469080,old,3,1,0.00011031087135217854,0.027068649220034192,False,2,0,0.0,0.0,False
2022-23,2023-02-28,401469080,new,3,1,0.0003819881903710938,0.1252687931096952,False,2,0,0.0,0.0,False
2022-23,2023-02-28,401469078,old,5,3,0.0016246554743780618,0.24198262543599958,False,2,0,0.0,0.0,False
2022-23,2023-02-28,401469078,new,6,4,0.001582053291566661,0.26814897224343726,False,5,3,0.0005733552340072354,0.15291459677137803,False
2022-23,2023-02-28,401469079,old,7,6,0.0010374150314338213,0.47236994283199174,False,10,8,0.0011428333969038505,0.4080379048195587,False
2022-23,2023-02-28,401469079,new,7,6,0.001406173654799884,0.5105322958352292,True,10,8,0.0015026585312356254,0.4301403028975043,False
2022-23,2023-02-28,401469081,old,3,3,0.0006565190365724405,1.0,True,3,2,0.00027305264824489816,0.4219446921036506,False
2022-23,2023-02-28,401469081,new,3,3,0.0006513308362274432,1.0,True,3,2,0.00027305264824489816,0.4219446921036506,False
2022-23,2023-02-28,401469083,old,9,7,0.0012167056448541057,0.32170702757467246,False,11,9,0.0012366126849096047,0.31080302785675523,False
2022-23,2023-02-28,401469083,new,9,7,0.0010424819292511518,0.3553182966661896,False,7,5,0.000594695262559175,0.2158989150547895,False
2022-23,2023-02-28,401469084,old,11,9,0.0020377860643640555,0.5120497192320512,True,9,7,0.0009420845654395675,0.2702782903881624,False
2022-23,2023-02-28,401469084,new,12,10,0.0026486373704371134,0.48324962577680797,False,10,8,0.0018347932454542508,0.4288035264985519,False
2022-23,2023-02-28,401469085,old,7,6,0.0011893748128363926,0.4044025771780238,False,9,8,0.0013331324061352688,0.4043259388744745,False
2022-23,2023-02-28,401469085,new,9,8,0.0018645367821120192,0.5183725203670466,True,10,9,0.0018936967812113003,0.48575569049702905,False
2022-23,2023-02-28,401469086,old,6,4,0.0021307065078319436,0.27938830425513406,False,2,0,0.0,0.0,False
2022-23,2023-02-28,401469086,new,9,7,0.0021801477814662237,0.2926558447404142,False,7,5,0.0007087402879712207,0.15293008594262972,False
2022-23,2023-02-28,401469087,old,7,7,0.004621380984452119,1.0,True,3,1,0.00011344435673869621,0.02771478004741369,False
2022-23,2023-02-28,401469087,new,6,5,0.004361362356164969,0.859184069819321,True,3,1,0.00011086196172317689,0.02294615108625724,False
2022-23,2023-03-01,401469088,old,7,7,0.0021371510056926698,1.0,True,6,5,0.000698369716695189,0.3324968349943874,False
2022-23,2023-03-01,401469088,new,8,8,0.0026716331955470548,1.0,True,8,7,0.0010613969796974163,0.397056070675034,False
2022-23,2023-03-01,401469089,old,12,11,0.002278104845501777,0.5640148273271655,True,7,6,0.0008469234819154384,0.3751498946935991,False
2022-23,2023-03-01,401469089,new,5,4,0.0008468068131235947,0.5266351444789189,True,3,2,0.000301842038800842,0.3624477533003336,False
2022-23,2023-03-01,401469091,old,6,5,0.0013049185395465931,0.4780724127009137,False,5,3,0.0004853107985628868,0.20230710082090547,False
2022-23,2023-03-01,401469091,new,9,8,0.002026221863299472,0.5240419985271668,True,8,6,0.0012667222775103301,0.351950681157153,False
2022-23,2023-03-01,401469092,old,3,1,0.0008156572924369656,0.30148704152541456,False,2,0,0.0,0.0,False
2022-23,2023-03-01,401469092,new,6,4,0.0012447499691463123,0.32042763678704256,False,4,2,0.00028553629214840657,0.07181634383408729,False
2022-23,2023-03-01,401469090,old,6,6,0.0009599005383361152,1.0,True,7,5,0.0006931332496773609,0.391185091157093,False
2022-23,2023-03-01,401469090,new,6,6,0.000958115616607568,1.0,True,7,5,0.0007033633595983254,0.3835124466150691,False
2022-23,2023-03-01,401469093,old,3,2,0.0002989906284822584,0.33206318872802687,False,3,2,0.0002881388578406522,0.32391492432039387,False
2022-23,2023-03-01,401469093,new,3,2,0.0002985400455227887,0.331547658268778,False,3,2,0.00028802034158497146,0.3236459501667164,False
2022-23,2023-03-01,401469094,old,4,3,0.0006388942400202234,0.44358977199937266,False,6,4,0.000516847810111921,0.3315868283539655,False
2022-23,2023-03-01,401469094,new,3,3,0.0005910392031501817,1.0,True,3,2,0.00028898553045643167,0.47655010543887044,False
2022-23,2023-03-01,401469095,old,6,4,0.0016081754375616207,0.3900969881354028,False,2,0,0.0,0.0,False
2022-23,2023-03-01,401469095,new,7,5,0.0016249664345278753,0.48506194565582733,False,7,5,0.0007078747584205724,0.19702016573245662,False
2022-23,2023-03-01,401469096,old,4,2,0.0024378198241418415,0.36490066847386066,False,2,0,0.0,0.0,False
2022-23,2023-03-01,401469096,new,7,5,0.002693772673674415,0.48399564072609774,False,5,3,0.00043317142335229895,0.12416494327405904,False
2022-23,2023-03-02,401469097,old,3,1,0.0019655436624395222,0.2425800718865191,False,2,0,0.0,0.0,False
2022-23,2023-03-02,401469097,new,3,1,0.0014959459363262067,0.23501706504089048,False,2,0,0.0,0.0,False
2022-23,2023-03-02,401469098,old,9,8,0.0019566236072447946,0.517587728760539,True,9,7,0.001250609346773833,0.348545636993318,False
2022-23,2023-03-02,401469098,new,11,10,0.0034009532225392973,0.5243463280374422,True,10,8,0.0021053214298913463,0.4325271583034219,False
2022-23,2023-03-02,401469099,old,6,5,0.0008250219712789031,0.4555209047723471,False,6,5,0.0006024103675885255,0.3792294628772566,False
2022-23,2023-03-02,401469099,new,2,1,0.00014533031854856182,0.35770803044024996,False,1,0,0.0,0.0,False
2022-23,2023-03-02,401469100,old,3,2,0.0019497575287938265,0.4912696704558037,False,2,0,0.0,0.0,False
2022-23,2023-03-02,401469100,new,5,3,0.001920118115862138,0.34388328261630335,False,2,0,0.0,0.0,False
2022-23,2023-03-03,401469101,old,2,1,0.00014121231240629825,0.18136506334927197,False,1,0,0.0,0.0,False
2022-23,2023-03-03,401469101,new,0,0,0.0,nan,False,0,0,0.0,nan,False
2022-23,2023-03-03,401469102,old,6,4,0.0019871456664773994,0.34640674860743387,False,3,1,0.00014048409777142983,0.04241753165302536,False
2022-23,2023-03-03,401469102,new,9,7,0.002389436683238575,0.481888610271899,False,7,5,0.001325925252233717,0.3874335598849706,False
2022-23,2023-03-03,401469103,old,7,6,0.001190956435646323,0.49032591926900737,False,8,6,0.0009359751112405337,0.3473118064308935,False
2022-23,2023-03-03,401469103,new,9,8,0.0018844899000920064,0.5744404698187275,True,9,7,0.0014462065800305744,0.40588522105606323,False
2022-23,2023-03-03,401469106,old,6,4,0.0005989254261826212,0.15971574253362406,False,6,4,0.0005171592461864335,0.13010231690111168,False
2022-23,2023-03-03,401469106,new,7,5,0.0010886016290306362,0.358959365527655,False,8,6,0.0012040418295738292,0.34015220389264594,False
2022-23,2023-03-03,401469105,old,9,8,0.0030707532479984376,0.6430735316986795,True,9,7,0.0009731320022870295,0.2489990855106557,False
2022-23,2023-03-03,401469105,new,12,11,0.0034357779855506607,0.7776624233601027,True,8,6,0.0010297139667766258,0.31170454716431784,False
2022-23,2023-03-03,401469104,old,6,5,0.001557536794839954,0.4831603134754176,False,5,3,0.0003785458587309215,0.12476398958339649,False
2022-23,2023-03-03,401469104,new,9,7,0.0021375037571359223,0.4784241475553397,False,6,4,0.0009642949426817129,0.2274196153241809,False
2022-23,2023-03-03,401469108,old,5,3,0.0014239682533292804,0.3280418785590351,False,3,1,0.00011267380294758674,0.02697314567583805,False
2022-23,2023-03-03,401469108,new,7,5,0.001979501058775483,0.35505828708035997,False,2,0,0.0,0.0,False
2022-23,2023-03-03,401469109,old,9,8,0.0028570256430590197,0.7484352459064554,True,10,8,0.0012437926129980983,0.2979550244887169,False
2022-23,2023-03-03,401469109,new,10,8,0.003412265812754063,0.6281488419812725,True,10,8,0.0020126289446978645,0.3613407910659799,False
2022-23,2023-03-03,401469107,old,4,3,0.0005998777527950425,0.5126458724830351,True,6,4,0.00048306650357960904,0.3366842896792226,False
2022-23,2023-03-03,401469107,new,3,2,0.0004915597759219981,0.46269027762705667,False,6,4,0.00048302801835736075,0.3365368469112254,False
2022-23,2023-03-03,401469110,old,3,2,0.00343547509144368,0.7670262439494319,True,2,0,0.0,0.0,False
2022-23,2023-03-03,401469110,new,3,2,0.003832757115212319,0.748717454351771,True,3,1,0.00012283821048706761,0.023078697198889886,False
2022-23,2023-03-04,401469111,old,3,1,0.0019069525970773116,0.2476145700763443,False,2,0,0.0,0.0,False
2022-23,2023-03-04,401469111,new,4,2,0.0018409608714913522,0.27915881944051874,False,3,1,0.00022860789614501958,0.06759006975694562,False
2022-23,2023-03-04,401469112,old,5,5,0.0014469631474507722,1.0,True,4,3,0.0004680013566988276,0.35051781162362083,False
2022-23,2023-03-04,401469112,new,6,5,0.0014430309132724359,0.9025525098911441,True,5,4,0.0005856950633704886,0.3831229248927628,False
2022-23,2023-03-04,401469114,old,0,0,0.0,nan,False,0,0,0.0,nan,False
2022-23,2023-03-04,401469114,new,0,0,0.0,nan,False,0,0,0.0,nan,False
2022-23,2023-03-04,401469113,old,5,3,0.0008515046413949786,0.19166578677607907,False,2,0,0.0,0.0,False
2022-23,2023-03-04,401469113,new,5,3,0.0007210182587895455,0.1386322576289055,False,4,2,0.00025135434642076585,0.05312610451889517,False
2022-23,2023-03-04,401469115,old,3,3,0.0009376346956642591,1.0,True,3,1,0.00014147167283298423,0.14557942810530589,False
2022-23,2023-03-04,401469115,new,3,3,0.0009132831705260445,1.0,True,3,1,0.00014147167283298423,0.14547787724230796,False
2022-23,2023-03-04,401469116,old,8,7,0.0026913288509933797,0.7422014085808624,True,10,8,0.0012810662513541092,0.31634827981060537,False
2022-23,2023-03-04,401469116,new,11,10,0.004153385672045867,0.8128170615004404,True,11,9,0.002125346180656388,0.39390205254079796,False
2022-23,2023-03-05,401469117,old,6,5,0.002642346080296868,0.7549245896136313,True,5,3,0.00036352223776281786,0.1034733802873539,False
2022-23,2023-03-05,401469117,new,9,8,0.0028292663700814707,0.5110085679733571,True,8,6,0.0011381257770321427,0.22493594114231444,False
2022-23,2023-03-05,401469118,old,5,3,0.0010194821705971934,0.25459952938056907,False,3,1,0.00011921509857668492,0.04519858144561174,False
2022-23,2023-03-05,401469118,new,6,4,0.0007499409257316394,0.405643772069973,False,4,2,0.00024370250605804792,0.23066231949929047,False
2022-23,2023-03-05,401469119,old,8,6,0.0017737055951108597,0.41767137862328135,False,5,3,0.000409349773687893,0.10309249984059425,False
2022-23,2023-03-05,401469119,new,6,4,0.001230104865651847,0.2765287099295788,False,3,1,0.00013810114223826653,0.03353392562668127,False
2022-23,2023-03-05,401469120,old,4,3,0.00048806846920544444,0.3022746655842192,False,5,4,0.0006460540431274912,0.3319823190572704,False
2022-23,2023-03-05,401469120,new,6,5,0.0009749472084441067,0.4319817818644025,False,7,6,0.0011086078902314794,0.4097808642966789,False
2022-23,2023-03-05,401469121,old,3,1,0.00044577476614798996,0.14499638114785188,False,2,0,0.0,0.0,False
2022-23,2023-03-05,401469121,new,2,1,0.00028816370072351933,0.2884333572414028,False,1,0,0.0,0.0,False
2022-23,2023-03-05,401469122,old,0,0,0.0,nan,False,0,0,0.0,nan,False
2022-23,2023-03-05,401469122,new,0,0,0.0,nan,False,0,0,0.0,nan,False
2022-23,2023-03-05,401469123,old,3,1,0.00030858412355309575,0.0851802135809533,False,2,0,0.0,0.0,False
2022-23,2023-03-05,401469123,new,5,3,0.0007069831384537143,0.2802448566250109,False,6,4,0.0005402829324116425,0.19306160620969098,False
2022-23,2023-03-05,401469128,old,10,9,0.0028311275014644656,0.4891453311641142,False,11,9,0.0013987627097702458,0.4055443310422719,False
2022-23,2023-03-05,401469128,new,9,8,0.0027391322114798966,0.5526199268526102,True,8,6,0.0012660787665350795,0.4549797827936091,False
2022-23,2023-03-05,401469124,old,7,7,0.0021487741435864496,1.0,True,7,5,0.0007595933528159659,0.37747664262599284,False
2022-23,2023-03-05,401469124,new,8,7,0.002137316115921807,0.9486754675666877,True,8,6,0.0008931730957664371,0.4041919336636013,False
2022-23,2023-03-05,401469125,old,9,8,0.00273076412935963,0.811345026265215,True,11,9,0.0014712075753046988,0.3721985068455169,False
2022-23,2023-03-05,401469125,new,11,9,0.00334180597422494,0.6813771836942514,True,12,10,0.002310463025146454,0.44407095063185287,False
2022-23,2023-03-06,401469132,old,8,7,0.001780405368545389,0.47152046955362187,False,8,7,0.0009817750835787941,0.41402376326587664,False
2022-23,2023-03-06,401469132,new,4,3,0.0007226630393108454,0.4241855979130799,False,1,0,0.0,0.0,False
2022-23,2023-03-06,401469127,old,7,6,0.001656648571703349,0.5578577121682456,True,8,6,0.000821567985949441,0.3351961795998161,False
2022-23,2023-03-06,401469127,new,5,4,0.0009232337183047185,0.63592126957659,True,3,1,0.00012603619187177096,0.1299079551652476,False
2022-23,2023-03-06,401469126,old,7,7,0.0012729015918306354,1.0,True,7,5,0.0007370794985920754,0.3738568364949182,False
2022-23,2023-03-06,401469126,new,8,7,0.0012672941402972016,0.9187324299921804,True,7,5,0.0007410809257523259,0.3643950874532164,False
2022-23,2023-03-06,401469129,old,5,3,0.0009333025945764533,0.21980133324830267,False,4,2,0.00023212901946497992,0.06548169250056694,False
2022-23,2023-03-06,401469129,new,6,4,0.0009690311058574116,0.20618537445642837,False,5,3,0.0005436454415080943,0.12718579219881448,False
2022-23,2023-03-06,401469130,old,10,9,0.002336687666837021,0.5896611823254913,True,9,7,0.0011142725864796636,0.3544101833422941,False
2022-23,2023-03-06,401469130,new,8,7,0.0022955547124379225,0.6291250694164758,True,7,5,0.0013528729074547576,0.4350360826758688,False
2022-23,2023-03-06,401469131,old,8,6,0.001760912084211335,0.4790474995530457,False,13,11,0.0015694478541645768,0.35022410503805157,False
2022-23,2023-03-06,401469131,new,11,9,0.002805449600950053,0.6219710783298964,True,13,11,0.00186484020121216,0.393110093598832,False
2022-23,2023-03-07,401526670,old,11,10,0.0026767728699653606,0.4780220463305831,False,10,9,0.0013720838591993513,0.4485619010705446,False
2022-23,2023-03-07,401526670,new,5,4,0.0017677902613897193,0.4797194623173539,False,4,3,0.0007064497598015994,0.42443643415953797,False
2022-23,2023-03-07,401469133,old,4,3,0.0006969167192787629,0.4978231272931398,False,5,3,0.00040689126370791053,0.3100933862995488,False
2022-23,2023-03-07,401469133,new,2,2,0.0004462983359460091,1.0,True,2,1,0.0001682958747701848,0.3552107876335179,False
2022-23,2023-03-07,401469135,old,10,10,0.0025950467620596703,1.0,True,8,6,0.0010081879824260641,0.3243501891625037,False
2022-23,2023-03-07,401469135,new,12,12,0.0039221338107597375,1.0,True,8,6,0.0016695749413530696,0.3861552109989935,False
2022-23,2023-03-07,401469134,old,5,5,0.0014752998027643984,1.0,True,4,3,0.000485116733341993,0.3684602019194342,False
2022-23,2023-03-07,401469134,new,6,6,0.0015741902413410266,1.0,True,5,4,0.0005978215795961189,0.4043002646243605,False
2022-23,2023-03-07,401469136,old,4,2,0.0003695652273942308,0.2443768212948999,False,4,3,0.0005347553662198497,0.31368188007445336,False
2022-23,2023-03-07,401469136,new,3,2,0.0006604691280621194,0.36218748906502246,False,4,3,0.000815472352374491,0.35944132645299226,False
2022-23,2023-03-07,401469137,old,10,8,0.0014408224392787204,0.31576908016997324,False,7,5,0.0006403646446195112,0.15740479484078537,False
2022-23,2023-03-07,401469137,new,7,5,0.0011503006529263574,0.2797874959872019,False,6,4,0.0007807311138470468,0.1895249493214655,False
2022-23,2023-03-07,401469138,old,8,6,0.0009564662571446816,0.20959290458048968,False,4,2,0.0002658199958207076,0.06628319024191026,False
2022-23,2023-03-07,401469138,new,6,4,0.0016559806930020167,0.24514928675544553,False,6,4,0.0009524964845618644,0.20250362898390808,False
2022-23,2023-03-07,401469139,old,13,11,0.002230198069186344,0.5579709961771162,True,15,13,0.002034329080873519,0.43096551313683756,False
2022-23,2023-03-07,401469139,new,12,10,0.0028447230067692726,0.5990827708130091,True,13,11,0.0023107090371272676,0.4556722110093408,False
2022-23,2023-03-08,401469140,old,3,1,0.0019996384511058404,0.2512754885233892,False,2,0,0.0,0.0,False
2022-23,2023-03-08,401469140,new,4,2,0.0019272874107411225,0.2726224567904185,False,3,1,0.0002855668286833704,0.0757706103743665,False
2022-23,2023-03-08,401469141,old,11,10,0.002809418141215905,0.5127987507612325,True,12,10,0.0014369121854309885,0.41393866582780775,False
2022-23,2023-03-08,401469141,new,7,6,0.001708501846654328,0.5062817721489825,True,6,4,0.0005866651574684273,0.3188371000250405,False
2022-23,2023-03-08,401469143,old,7,5,0.0019403717393278819,0.45155231719128885,False,5,3,0.0003392427309733802,0.07893810026585765,False
2022-23,2023-03-08,401469143,new,8,6,0.0023076227271021615,0.34029843152078504,False,6,4,0.0005646780413920254,0.10955387626226334,False
2022-23,2023-03-08,401469142,old,6,5,0.0012476600764107296,0.4793919132561599,False,5,3,0.0003967804683015773,0.16037638277617483,False
2022-23,2023-03-08,401469142,new,9,7,0.0017211131772569047,0.5009425728046543,True,6,4,0.0007755979647539041,0.2452301403001528,False
2022-23,2023-03-08,401469144,old,8,7,0.001979919050495505,0.5410905259045333,True,9,7,0.0009918087921503623,0.3844718321807112,False
2022-23,2023-03-08,401469144,new,8,7,0.0014000189659420259,0.6916385189580526,True,6,4,0.00056440578015977,0.4178913115763409,False
2022-23,2023-03-08,401469145,old,10,9,0.002499876002800257,0.6364986951301733,True,12,10,0.0014261837036462725,0.3206698749086164,False
2022-23,2023-03-08,401469145,new,12,11,0.00289852858839112,0.772300014714533,True,9,7,0.0009161439901405448,0.2554326187340548,False
2022-23,2023-03-08,401469146,old,9,8,0.0040034525000051035,0.6967957889538949,True,7,5,0.0007469454735801461,0.17065045653027833,False
2022-23,2023-03-08,401469146,new,14,12,0.005215312204017718,0.7293942908421147,True,10,8,0.002616062601972814,0.4213050448211965,False
2022-23,2023-03-09,401469147,old,0,0,0.0,nan,False,0,0,0.0,nan,False
2022-23,2023-03-09,401469147,new,0,0,0.0,nan,False,0,0,0.0,nan,False
2022-23,2023-03-09,401469149,old,6,4,0.0006428355949545413,0.25151716062306156,False,6,4,0.0005387909074774787,0.21144829334513424,False
2022-23,2023-03-09,401469149,new,3,2,0.0002913235080399174,0.3614537673266361,False,3,2,0.0002776532282033648,0.3211484954884181,False
2022-23,2023-03-09,401469148,old,5,4,0.0006350991547651336,0.42495421253659627,False,3,2,0.000267508961908333,0.23738024126538307,False
2022-23,2023-03-09,401469148,new,3,2,0.00023962096268972813,0.4946690096999111,False,1,0,0.0,0.0,False
2022-23,2023-03-09,401469151,old,10,8,0.0013310568454602627,0.3412198201551897,False,10,8,0.001397493040939628,0.35225167900904,False
2022-23,2023-03-09,401469151,new,13,11,0.0026333240258631747,0.4498930177349501,False,11,9,0.002350508277396282,0.4219634752144912,False
2022-23,2023-03-09,401469150,old,7,6,0.0009152202971201001,0.507397212772257,True,8,6,0.0008643815671348357,0.3955937468540212,False
2022-23,2023-03-09,401469150,new,7,6,0.0010743373087479726,0.5131061326140339,True,8,6,0.0010515883330215175,0.4093840779757593,False
2022-23,2023-03-09,401469152,old,2,1,0.001014697983937522,0.48375121994761716,False,2,0,0.0,0.0,False
2022-23,2023-03-09,401469152,new,3,1,0.0010012147316037377,0.44754911682548615,False,2,0,0.0,0.0,False
2022-23,2023-03-10,401469153,old,9,8,0.0027754629104910955,0.5294904277719247,True,11,9,0.0013221850123764805,0.38976747973359743,False
2022-23,2023-03-10,401469153,new,6,5,0.0018965709597164944,0.5684513597002252,True,5,3,0.0003827710808075002,0.24083085778038757,False
2022-23,2023-03-10,401469154,old,4,2,0.0019599836474009486,0.25073896574658455,False,3,1,0.00011880917023912387,0.02953593410288348,False
2022-23,2023-03-10,401469154,new,7,5,0.0021240671809238366,0.2960645591565977,False,5,3,0.0005316704334385312,0.13107364461891094,False
2022-23,2023-03-10,401469157,old,3,3,0.0007781254816217625,1.0,True,3,2,0.0003193118829214762,0.4221962122280126,False
2022-23,2023-03-10,401469157,new,3,3,0.0007749340584319752,1.0,True,3,2,0.0003193118829214762,0.4221962122280126,False
2022-23,2023-03-10,401469155,old,8,7,0.0014925933780567144,0.5245911389445438,True,7,5,0.0006979868534132369,0.2621033532398424,False
2022-23,2023-03-10,401469155,new,8,7,0.0018401355089849166,0.5417035010406596,True,6,4,0.0009103908790484694,0.29469883901253024,False
2022-23,2023-03-10,401469156,old,6,5,0.002441605788881197,0.7085602917561014,True,9,7,0.0011108591550221055,0.2675012993184194,False
2022-23,2023-03-10,401469156,new,11,10,0.005038337797141497,0.8140394331405125,True,12,10,0.002557857247893127,0.3993921100944706,False
2022-23,2023-03-10,401469158,old,11,9,0.0029973871142904627,0.5063978483828858,True,9,7,0.000951700977975394,0.19520867545656012,False
2022-23,2023-03-10,401469158,new,13,11,0.004013357819683402,0.646863657363279,True,13,11,0.0027725006278511827,0.45587822891867835,False
2022-23,2023-03-11,401469159,old,12,11,0.003813969502139699,0.9263833794607423,True,11,9,0.0013706960336161487,0.33881063302217934,False
2022-23,2023-03-11,401469159,new,15,13,0.004970412597593324,0.8429124682983564,True,14,12,0.0025494891945405163,0.4236322147959966,False
2022-23,2023-03-11,401469160,old,10,9,0.0015917015568243664,0.49583867800299897,False,10,9,0.0014331501915418638,0.4492315610477532,False
2022-23,2023-03-11,401469160,new,4,3,0.0005403109330834389,0.4003504584478074,False,4,3,0.000539235057956857,0.36082598321354215,False
2022-23,2023-03-11,401469161,old,7,6,0.0011220452278700081,0.5180205999129284,True,5,4,0.0006609335682710922,0.38757668720487803,False
2022-23,2023-03-11,401469161,new,3,2,0.00035819202116926894,0.5094221111008553,True,2,1,0.0001076195665742095,0.23780093756768433,False
2022-23,2023-03-11,401469162,old,6,4,0.0006771645449855107,0.30353165180874636,False,6,4,0.0005605381763813083,0.27192247524481133,False
2022-23,2023-03-11,401469162,new,5,4,0.0009435478104765103,0.3955909328290953,False,4,3,0.0007722715501504668,0.3488310663577342,False
2022-23,2023-03-11,401469163,old,10,9,0.0017122473066825538,0.5668332973117075,True,9,7,0.0009428152587569943,0.3498251645782835,False
2022-23,2023-03-11,401469163,new,9,8,0.0018340755099163042,0.5995504152408428,True,9,7,0.001196258833119908,0.4175307476859176,False
2022-23,2023-03-11,401469165,old,13,11,0.0022209240903841953,0.49937637656169603,False,12,10,0.0017697810952189174,0.4012463027284002,False
2022-23,2023-03-11,401469165,new,13,11,0.003695153584822888,0.45792049975803345,False,11,9,0.002585081465019912,0.43706019527811757,False
2022-23,2023-03-11,401469164,old,10,9,0.002353477905181417,0.5562018384403302,True,7,6,0.0011170935023375778,0.42751709906226437,False
2022-23,2023-03-11,401469164,new,6,5,0.000977738842554341,0.541751964370735,True,4,3,0.00041469197265178986,0.43478800153888064,False
2022-23,2023-03-11,401469166,old,4,2,0.0008102101305899098,0.1951189002149318,False,2,0,0.0,0.0,False
2022-23,2023-03-11,401469166,new,8,6,0.001753753677825275,0.43509352286198866,False,5,3,0.0005151770456130262,0.12932980930804036,False
2022-23,2023-03-11,401469167,old,9,8,0.001449854882796734,0.45508051335022043,False,8,6,0.0011269523221737957,0.37261108314614805,False
2022-23,2023-03-11,401469167,new,10,9,0.0026330836783663995,0.5348980081249038,True,9,7,0.0020273651056468625,0.45270691156385745,False
2022-23,2023-03-11,401469168,old,2,1,0.0011228979712656888,0.5230549468975482,True,2,0,0.0,0.0,False
2022-23,2023-03-11,401469168,new,2,1,0.001128989376500841,0.5259346957731491,True,2,0,0.0,0.0,False
2022-23,2023-03-12,401469169,old,6,5,0.0010525904350169048,0.5618413002088399,True,7,5,0.0008231417940122975,0.3569921916549047,False
2022-23,2023-03-12,401469169,new,6,5,0.0011558689936329058,0.5568640355307984,True,7,5,0.0009659594293070366,0.37225321124155597,False
2022-23,2023-03-12,401469170,old,4,4,0.001192558087172929,1.0,True,3,2,0.00038031096107686595,0.3525266636190217,False
2022-23,2023-03-12,401469170,new,4,4,0.0011938794747476127,1.0,True,3,2,0.0003803109612144998,0.34811551110639216,False
2022-23,2023-03-12,401469171,old,11,10,0.003280921353648449,0.5256516724479193,True,12,10,0.0017408997305566017,0.4307018573382729,False
2022-23,2023-03-12,401469171,new,8,7,0.0023137235385599854,0.585400291049431,True,8,6,0.0010208759996466015,0.4332349174074983,False
2022-23,2023-03-12,401469173,old,10,9,0.0019143130341100893,0.5198504953529274,True,10,9,0.0015379921357134413,0.4400247171614568,False
2022-23,2023-03-12,401469173,new,9,8,0.0018949396239161238,0.6379947234686907,True,8,7,0.001296406605385082,0.4786727096062019,False
2022-23,2023-03-12,401469172,old,5,3,0.001391571958942404,0.25591210041642964,False,4,2,0.00021901769021735027,0.05427629482081679,False
2022-23,2023-03-12,401469172,new,9,7,0.0021683864269674445,0.512607035199502,True,8,6,0.0009441786589996749,0.2991570092885048,False
2022-23,2023-03-12,401469174,old,10,8,0.0026238322346305485,0.6272212322192928,True,10,8,0.0013530721231846652,0.3181381944449973,False
2022-23,2023-03-12,401469174,new,10,9,0.004118558639071674,0.7220662439521326,True,12,10,0.0025768456161525412,0.4151447055610805,False
2022-23,2023-03-13,401469175,old,8,7,0.0014951045618215586,0.5463773253582519,True,5,4,0.0007834247410897488,0.3869307049118165,False
2022-23,2023-03-13,401469175,new,4,3,0.0005694985040860403,0.5566462880257366,True,4,3,0.00037631983942228414,0.4534465691562131,False
2022-23,2023-03-13,401469176,old,6,5,0.0028332673995066786,0.636828147026873,True,6,4,0.0004807834779375614,0.11458160844239551,False
2022-23,2023-03-13,401469176,new,12,11,0.00558819231214742,0.8053456909537081,True,13,11,0.0029837936505309605,0.4368139898386359,False
2022-23,2023-03-13,401469178,old,11,9,0.0019911065703560114,0.3972909325964348,False,13,11,0.0020376390638447883,0.4230293056124111,False
2022-23,2023-03-13,401469178,new,12,10,0.004133956280467745,0.4624422703765496,False,13,11,0.0029709549006354274,0.4683655041639966,False
2022-23,2023-03-13,401469177,old,9,7,0.001369193172494341,0.299849965912795,False,6,4,0.0006080344268702976,0.1558550560639498,False
2022-23,2023-03-13,401469177,new,11,9,0.0018583187107181318,0.4265749485885582,False,10,8,0.0014352464200958728,0.3495611304357946,False
2022-23,2023-03-13,401469179,old,4,4,0.0009085117902708535,1.0,True,4,3,0.00044373460431993827,0.4809978701985382,False
2022-23,2023-03-13,401469179,new,4,4,0.000907077081546502,1.0,True,4,3,0.00044373460431993827,0.4809978701985382,False
2022-23,2023-03-13,401469181,old,5,4,0.0007903806230551081,0.49310871937866757,False,7,5,0.0007716286949483043,0.4196555927806696,False
2022-23,2023-03-13,401469181,new,5,4,0.0007847329177374703,0.4916770822327329,False,7,5,0.0007710899015156816,0.4197530735631468,False
2022-23,2023-03-13,401469180,old,6,5,0.0016276840741007224,0.47331703531007413,False,8,6,0.000849966841230537,0.22644662681658684,False
2022-23,2023-03-13,401469180,new,8,7,0.0028528065412421547,0.532836745030595,True,11,9,0.001853723531057543,0.33457568161979406,False
2022-23,2023-03-14,401469183,old,10,9,0.0024009872727577598,0.48384931364100114,False,7,6,0.0011275844754529037,0.416919501453761,False
2022-23,2023-03-14,401469183,new,6,5,0.0014658321638713154,0.5178045667518929,True,4,3,0.0005520793247963976,0.4441593842435394,False
2022-23,2023-03-14,401469182,old,4,4,0.0011734874065794528,1.0,True,5,4,0.0005762043619486275,0.4445188242336269,False
2022-23,2023-03-14,401469182,new,5,5,0.001281634224229109,1.0,True,5,4,0.0005792686392152152,0.4423893266236125,False
2022-23,2023-03-14,401469184,old,9,8,0.0026926828081491458,0.6009103280694394,True,12,10,0.00176364982763685,0.4296258983974914,False
2022-23,2023-03-14,401469184,new,8,7,0.0020088783799743393,0.6771454060638339,True,7,5,0.0011011718875803124,0.42156736455621185,False
2022-23,2023-03-14,401469187,old,1,0,0.0,0.0,False,1,0,0.0,0.0,False
2022-23,2023-03-14,401469187,new,0,0,0.0,nan,False,0,0,0.0,nan,False
2022-23,2023-03-14,401469185,old,4,2,0.00031090887561450374,0.2488542381418984,False,2,0,0.0,0.0,False
2022-23,2023-03-14,401469185,new,3,2,0.00023660416625724445,0.3585176545719829,False,3,1,0.00012529988734739865,0.022520071541277456,False
2022-23,2023-03-14,401469186,old,11,9,0.0018963034938616352,0.4308073371506605,False,12,10,0.0017600239753595471,0.37942252932488485,False
2022-23,2023-03-14,401469186,new,13,11,0.002756000311336951,0.5545941959984452,True,12,10,0.002100284330905111,0.43108415380376675,False
2022-23,2023-03-14,401469189,old,11,10,0.002075930694556419,0.7409400258101084,True,11,9,0.0013211165598645794,0.3830651042840559,False
2022-23,2023-03-14,401469189,new,6,4,0.0009785179406245272,0.6712671640932686,True,5,3,0.0006352606739960607,0.3340514858532865,False
2022-23,2023-03-14,401469188,old,6,6,0.0017047361918382544,1.0,True,7,5,0.0006856855177207686,0.35608849152064315,False
2022-23,2023-03-14,401469188,new,7,7,0.001951306491260916,1.0,True,8,6,0.0008207608246621771,0.37467271788657425,False
2022-23,2023-03-15,401469191,old,8,6,0.0010556211780861665,0.3460455837302824,False,8,6,0.000913928635360662,0.31419073412454335,False
2022-23,2023-03-15,401469191,new,7,5,0.0009707603272229292,0.3266810929724182,False,7,5,0.0008147539064778811,0.28937362490766233,False
2022-23,2023-03-15,401469190,old,4,4,0.0017857899523533993,1.0,True,5,3,0.0004144088673666855,0.23151104570541145,False
2022-23,2023-03-15,401469190,new,4,4,0.0017857312339779826,1.0,True,5,3,0.0004144088673666855,0.23106015699286844,False
2022-23,2023-03-15,401469192,old,12,10,0.002926103646447698,0.5266017871584523,True,13,11,0.001932470379880473,0.4420047537285959,False
2022-23,2023-03-15,401469192,new,10,8,0.0019447585487550397,0.5047301786869598,True,9,7,0.001300999988632955,0.4482862293047175,False
2022-23,2023-03-15,401469194,old,11,11,0.0038402641440209266,1.0,True,12,10,0.0017280307157601627,0.4295659252621467,False
2022-23,2023-03-15,401469194,new,11,11,0.005752495506479848,1.0,True,12,10,0.002686120178541102,0.4753905312180961,False
2022-23,2023-03-15,401469193,old,9,7,0.0016733292817778973,0.5199700785630346,True,9,8,0.0014550657815413281,0.4319458040792228,False
2022-23,2023-03-15,401469193,new,9,7,0.003261552314428575,0.6488336925300423,True,9,8,0.0023769162626716715,0.48703029533322145,False
2022-23,2023-03-15,401469195,old,9,8,0.002931168883415768,0.4620285890328808,False,10,9,0.0015831236206097757,0.44526565208517516,False
2022-23,2023-03-15,401469195,new,8,7,0.00347477945043528,0.48342375213491273,False,8,7,0.001975205021867696,0.4782362962296685,False
2022-23,2023-03-15,401469196,old,3,2,0.0018360144560287818,0.4919346435332275,False,2,0,0.0,0.0,False
2022-23,2023-03-15,401469196,new,5,3,0.002389201007441766,0.4216924237941514,False,3,1,0.0002340777875637121,0.04018735971054206,False
2022-23,2023-03-16,401469197,old,3,3,0.0008820170309686491,1.0,True,3,2,0.00026304649115996574,0.3324254669290307,False
2022-23,2023-03-16,401469197,new,3,3,0.000881217061476193,1.0,True,3,2,0.00026304649115996574,0.3324254669290307,False
2022-23,2023-03-16,401469199,old,10,8,0.001822695626226256,0.33187723750131964,False,9,7,0.0009866536976912198,0.20224583547232108,False
2022-23,2023-03-16,401469199,new,13,11,0.0037371486923275105,0.5583203460358057,True,12,10,0.0029205168280530985,0.4650957154879355,False
2022-23,2023-03-16,401469198,old,5,3,0.000428454743566162,0.18260641081724535,False,5,3,0.0004192219216279535,0.17240586988187134,False
2022-23,2023-03-16,401469198,new,5,3,0.0006242442581379454,0.231974241632261,False,5,3,0.0006134954442892606,0.21626167748386074,False
2022-23,2023-03-16,401469200,old,7,6,0.0012514952736579152,0.5299399166665746,True,6,4,0.0006747370261417164,0.3648487323443512,False
2022-23,2023-03-16,401469200,new,4,3,0.000552881173696705,0.5521421598220141,True,4,2,0.00023592021561705067,0.31501508216158897,False
2022-23,2023-03-16,401469201,old,6,5,0.0017963598423650707,0.8487400398926852,True,5,3,0.0005471552329407435,0.26573195458702764,False
2022-23,2023-03-16,401469201,new,8,8,0.002560255569767889,1.0,True,8,7,0.0011341649907839928,0.43757524762042016,False
2022-23,2023-03-17,401469202,old,3,2,0.0007354145733721931,0.7972082542106206,True,3,2,0.00036414716814832734,0.4120182892110881,False
2022-23,2023-03-17,401469202,new,3,2,0.0007351352567073028,0.8169407016717687,True,3,2,0.00036414716814832734,0.4120182892110881,False
2022-23,2023-03-17,401469203,old,8,6,0.00144885281483755,0.2964836218509655,False,6,4,0.0006028904182738435,0.14919978540889295,False
2022-23,2023-03-17,401469203,new,12,10,0.0034714746409201373,0.4771896043160008,False,12,10,0.0029620577073970235,0.43782344128168504,False
2022-23,2023-03-17,401469204,old,12,11,0.00375702339665713,0.5698278732906082,True,13,11,0.0020184553568792707,0.4506029272616767,False
2022-23,2023-03-17,401469204,new,10,9,0.0030280218969574424,0.6632720910337938,True,9,7,0.0013255179753187362,0.46823664353539285,False
2022-23,2023-03-17,401469206,old,12,10,0.0023750709100925733,0.6242543482934823,True,11,10,0.0016976817958964249,0.4616234347738052,False
2022-23,2023-03-17,401469206,new,7,6,0.002308271120506764,0.777579688128406,True,7,6,0.0012649978156580829,0.47076162420112877,False
2022-23,2023-03-17,401469207,old,4,3,0.0005710484614884508,0.43096340709547665,False,4,3,0.000564077891970667,0.4279540995744421,False
2022-23,2023-03-17,401469207,new,4,3,0.0005711577294694622,0.4315492477703878,False,4,3,0.000564039406955031,0.42847536769885075,False
2022-23,2023-03-17,401469205,old,9,8,0.004059659457681749,0.6803634045334436,True,10,8,0.0013396368981590213,0.27866394355459784,False
2022-23,2023-03-17,401469205,new,14,13,0.005823349849867936,0.8695554587234164,True,12,10,0.002732071053135538,0.47108555533848884,False
2022-23,2023-03-17,401469208,old,7,6,0.0016682195783394983,0.5731974400333235,True,9,7,0.0010585486028074958,0.4086578290057708,False
2022-23,2023-03-17,401469208,new,5,4,0.0009386547983633883,0.7334324543037425,True,4,2,0.0003617225994276837,0.35164600347930375,False
2022-23,2023-03-17,401469209,old,4,2,0.00096357628907921,0.19653760951328592,False,2,0,0.0,0.0,False
2022-23,2023-03-17,401469209,new,4,2,0.003130934409527444,0.3024713327037012,False,2,0,0.0,0.0,False
2022-23,2023-03-18,401469210,old,5,5,0.0017423215449306226,1.0,True,5,3,0.00045517560111072705,0.25618168952184917,False
2022-23,2023-03-18,401469210,new,7,6,0.0019251863422423726,0.9155494351343435,True,6,4,0.0006506021273468782,0.31617234149318385,False
2022-23,2023-03-18,401469211,old,8,7,0.002111854144463497,0.9132400794372714,True,7,5,0.0008193333610296019,0.35993277487096587,False
2022-23,2023-03-18,401469211,new,8,7,0.0024503139520164158,0.937894929852977,True,8,7,0.0013160044832768235,0.44940446328049477,False
2022-23,2023-03-18,401469212,old,9,8,0.0022694435037285163,0.5774160493282696,True,10,8,0.0014789370091975887,0.43047464622929127,False
2022-23,2023-03-18,401469212,new,6,5,0.0014113678671016812,0.6619973277745584,True,6,4,0.0006857028870016679,0.4028621561137475,False
2022-23,2023-03-18,401469213,old,8,7,0.0031343516094553365,0.63247913377825,True,6,4,0.0005226141952502805,0.117941041865787,False
2022-23,2023-03-18,401469213,new,11,10,0.005600607584366128,0.8323379263323316,True,12,10,0.0030679766416495777,0.4589525170016122,False
2022-23,2023-03-18,401469215,old,11,9,0.00255340346945751,0.4506627033677625,False,11,9,0.0017175287457329108,0.3702246126345604,False
2022-23,2023-03-18,401469215,new,9,7,0.002145490695056203,0.462208279105689,False,9,7,0.0014920625485821723,0.40737943272844096,False
2022-23,2023-03-18,401469214,old,8,6,0.0018175356249676147,0.3711806537414098,False,12,10,0.0018158786375540527,0.43676938651910374,False
2022-23,2023-03-18,401469214,new,8,6,0.0014727323390737834,0.44733436995679915,False,8,6,0.001026866454663942,0.441424403195617,False
2022-23,2023-03-18,401469216,old,11,9,0.0016283269763528597,0.4073602140037635,False,11,9,0.001618871918339822,0.4059550711371791,False
2022-23,2023-03-18,401469216,new,13,11,0.00289708683336342,0.4865403189698408,False,13,11,0.002690800754644529,0.4681136827571785,False
2022-23,2023-03-18,401469217,old,11,10,0.0022071726544033885,0.53449362365436,True,12,10,0.0018437947457818691,0.43444026984493234,False
2022-23,2023-03-18,401469217,new,8,7,0.0016054032190144934,0.577987843896078,True,10,8,0.0014529063107721729,0.46104890590684605,False
2022-23,2023-03-19,401469218,old,4,3,0.0010845652686664437,0.6291779511587312,True,6,4,0.0006467148367936785,0.3075679683674112,False
2022-23,2023-03-19,401469218,new,5,4,0.00144301704053361,0.6358258834562828,True,7,5,0.0009975655849553606,0.36575617024171053,False
2022-23,2023-03-19,401469219,old,9,8,0.0024691500767488215,0.5647626972931067,True,11,9,0.001569927689908271,0.32791972784435175,False
2022-23,2023-03-19,401469219,new,9,8,0.0034181057893075094,0.6386000931254107,True,9,7,0.0017961026467809024,0.34051143991884947,False
2022-23,2023-03-19,401469220,old,8,7,0.0012153405339391289,0.4176329824521785,False,9,8,0.0012106132890637826,0.41668542022886235,False
2022-23,2023-03-19,401469220,new,5,4,0.0013698179625586397,0.46056356253635955,False,4,3,0.0011987849546212061,0.4276505269031628,False
2022-23,2023-03-19,401469221,old,7,6,0.0010096019317039334,0.4435811663277231,False,8,7,0.0010229526357226344,0.4468259733546163,False
2022-23,2023-03-19,401469221,new,5,4,0.0011352457411972915,0.4350846520939466,False,6,5,0.0011272528293974648,0.4333488320816396,False
2022-23,2023-03-19,401469222,old,10,9,0.0020720971644797442,0.6382495320251884,True,10,9,0.0015247052796771032,0.450764876940615,False
2022-23,2023-03-19,401469222,new,6,5,0.0015012018599824715,0.7721263717549252,True,6,5,0.0008620365647462951,0.4439290934024241,False
2022-23,2023-03-19,401469223,old,9,8,0.0013781310541673933,0.4452325721465178,False,12,10,0.0014829743399460758,0.4318861245613829,False
2022-23,2023-03-19,401469223,new,6,5,0.0016345695663030643,0.5127250999526802,True,6,4,0.0013884301813523229,0.4372414589357324,False
2022-23,2023-03-19,401469224,old,10,9,0.002889982268447076,0.7242635333595537,True,8,6,0.0010314531432696992,0.2967748302586503,False
2022-23,2023-03-19,401469224,new,11,9,0.00310928957846802,0.8511223591556586,True,9,7,0.0015741169723951392,0.4180253337274758,False
2022-23,2023-03-19,401469225,old,8,6,0.0018782250684509446,0.5343893691592829,True,10,8,0.001570314604935633,0.3920221644619001,False
2022-23,2023-03-19,401469225,new,7,6,0.002554849146346461,0.6680275078673475,True,8,7,0.0019240616651206484,0.4873450907975241,False
2022-23,2023-03-20,401469226,old,6,5,0.0009685574869486065,0.46461271639392415,False,4,3,0.0006056989903934746,0.3517830294100757,False
2022-23,2023-03-20,401469226,new,4,3,0.0005803296309218149,0.5953034827183711,True,2,1,0.0001879838416785832,0.32271854130633304,False
2022-23,2023-03-20,401469227,old,11,10,0.002796276596766642,0.6255455660311426,True,13,11,0.001972346764524208,0.45441165483926516,False
2022-23,2023-03-20,401469227,new,8,7,0.001994521137471061,0.611356074080681,True,8,6,0.0013286432560107799,0.46254668551293965,False
2022-23,2023-03-20,401469228,old,12,11,0.004260029641729221,0.9746258600314872,True,14,12,0.0022892130705949036,0.44818651989401953,False
2022-23,2023-03-20,401469228,new,11,10,0.005522857431746722,0.9616729544859702,True,12,10,0.002803400711222577,0.466565249121494,False
2022-23,2023-03-20,401469229,old,10,8,0.0017106276933547078,0.4273033449496895,False,11,10,0.001862586098582201,0.4707750602520187,False
2022-23,2023-03-20,401469229,new,9,7,0.0028610512341642924,0.49473362797558607,False,9,8,0.002646664328545659,0.4877121840042556,False
2022-23,2023-03-20,401469230,old,13,11,0.0030083428588631896,0.6243874937314889,True,14,12,0.0022004356246941724,0.45039628923573843,False
2022-23,2023-03-20,401469230,new,13,11,0.004012614954722563,0.48135409744195706,False,13,11,0.0031511724315555004,0.4760210446133533,False
2022-23,2023-03-20,401469231,old,13,11,0.002043070534546131,0.43966227438101546,False,15,13,0.0024698534964578698,0.46257207282456037,False
2022-23,2023-03-20,401469231,new,11,9,0.0021516373629787045,0.493911005086671,False,12,10,0.0022504241035778455,0.47243500454886117,False
2022-23,2023-03-21,401469232,old,9,7,0.0012326950281803801,0.38772295395580336,False,6,4,0.0005560268691518196,0.27406790406690085,False
2022-23,2023-03-21,401469232,new,4,3,0.0006454262439156346,0.4838435652204092,False,3,2,0.00023762578179358014,0.39448176750210584,False
2022-23,2023-03-21,401469234,old,6,5,0.001544391147658647,0.6438911323942125,True,7,5,0.0010256300614994462,0.37524260387664904,False
2022-23,2023-03-21,401469234,new,5,4,0.0017373566978222236,0.6123953782074633,True,7,5,0.0013363955435183948,0.39263987450527454,False
2022-23,2023-03-21,401469233,old,10,9,0.002034780655141214,0.5162365956265375,True,10,9,0.0016091897082864003,0.4576794905673922,False
2022-23,2023-03-21,401469233,new,4,3,0.0013818946063480105,0.48668742845542157,False,4,3,0.0012533540193703015,0.4623476257728488,False
2022-23,2023-03-21,401469235,old,11,10,0.002321066948918635,0.6752867393683359,True,11,10,0.0015831775230276434,0.4671819070319948,False
2022-23,2023-03-21,401469235,new,7,6,0.0017433168278565743,0.7971398496299178,True,5,4,0.0007785797932037021,0.4280691934413717,False
2022-23,2023-03-21,401469236,old,6,5,0.0013643011145507047,0.6722418183031783,True,7,5,0.0008295104721431468,0.4087073604603866,False
2022-23,2023-03-21,401469236,new,6,5,0.001364224144051728,0.6723568921816583,True,7,5,0.0008294335016441701,0.408762448215169,False
2022-23,2023-03-21,401469237,old,8,7,0.002087840742613653,0.5621447292470689,True,10,8,0.001101271316494089,0.20792729715402272,False
2022-23,2023-03-21,401469237,new,11,9,0.002682807752921886,0.6073479410551049,True,9,7,0.0011338410324651482,0.17062833222564844,False
2022-23,2023-03-22,401469238,old,7,6,0.0014209962890343376,0.5228400667628852,True,8,6,0.0009009427321312833,0.3651476504169693,False
2022-23,2023-03-22,401469238,new,6,5,0.0013978673978932235,0.7451962762295681,True,5,3,0.0004487761695756866,0.34350332429056524,False
2022-23,2023-03-22,401469240,old,9,7,0.00125922236026837,0.3104525667907687,False,10,8,0.001202650953837896,0.30069921657794463,False
2022-23,2023-03-22,401469240,new,5,3,0.0009733104712779634,0.3566176884661234,False,5,3,0.0010434363648017032,0.3727345784112812,False
2022-23,2023-03-22,401469239,old,6,4,0.0013560304312508567,0.46248889670443355,False,6,4,0.0008151369733267786,0.28756774066606133,False
2022-23,2023-03-22,401469239,new,7,5,0.0018422194457088797,0.4695569010183856,False,7,5,0.0013099575672138404,0.34002637800020546,False
2022-23,2023-03-22,401469244,old,2,2,0.0003257314527626945,1.0,True,2,1,0.00011203048020438405,0.34437477665561517,False
2022-23,2023-03-22,401469244,new,2,2,0.00032338597267154875,1.0,True,2,1,0.00011203048020438405,0.34437477665561517,False
2022-23,2023-03-22,401469241,old,4,2,0.0003264120778880424,0.05757389248618105,False,2,0,0.0,0.0,False
2022-23,2023-03-22,401469241,new,5,3,0.0025569378432009223,0.19631412359515515,False,4,2,0.00029702566893357853,0.03471482619982003,False
2022-23,2023-03-22,401469242,old,13,12,0.0034588678665876324,0.7292045991896866,True,11,9,0.0017135834937075174,0.4145239025502002,False
2022-23,2023-03-22,401469242,new,7,6,0.0020283459196787667,0.6106895163722766,True,6,4,0.001331343767035792,0.41933263008015625,False
2022-23,2023-03-22,401469243,old,3,2,0.0004129472561697991,0.39884075903571276,False,3,2,0.00040251693558154323,0.3927230416606853,False
2022-23,2023-03-22,401469243,new,3,2,0.00041239509301256767,0.3985792825227454,False,3,2,0.00040251693558154323,0.39278203575907156,False
2022-23,2023-03-22,401469245,old,8,7,0.003343231979412554,0.6197974533912003,True,10,8,0.0011893778325356118,0.20596842437990714,False
2022-23,2023-03-22,401469245,new,11,10,0.006686477643694362,0.803618521119424,True,11,9,0.0038009684921379108,0.44960080324332097,False
2022-23,2023-03-22,401469246,old,10,8,0.0015949312939903388,0.3690534646144686,False,13,11,0.0019795568441420513,0.4025295883112902,False
2022-23,2023-03-22,401469246,new,8,7,0.002059211677380514,0.5324559857764982,True,8,7,0.001982665480531352,0.47796160359782597,False
2022-23,2023-03-22,401469247,old,11,10,0.0035041626745806217,0.710647349920637,True,11,9,0.0013891876132851187,0.2690261329023096,False
2022-23,2023-03-22,401469247,new,10,9,0.00395087650864324,0.7247560534682724,True,8,6,0.001163256380776611,0.22201199667953156,False
2022-23,2023-03-23,401469248,old,5,4,0.0010256125008893395,0.777562644515774,True,5,3,0.0004336845352306396,0.3380602284949083,False
2022-23,2023-03-23,401469248,new,5,4,0.0010502318475304362,0.8168045630058208,True,4,3,0.0005666268213597653,0.4527756826289156,False
2022-23,2023-03-23,401469249,old,6,5,0.0014307324000973223,0.5751927014459313,True,8,6,0.0011651984452735464,0.3996246721583705,False
2022-23,2023-03-23,401469249,new,6,5,0.0018903028880942901,0.5814999293358268,True,7,5,0.0015434434351813736,0.41166235249716626,False
2022-23,2023-03-23,401469250,old,10,9,0.0026195108987760595,0.6557918493099906,True,10,9,0.0016035090274710109,0.4430547281005389,False
2022-23,2023-03-23,401469250,new,7,6,0.0021276138823773114,0.765030614474638,True,7,6,0.0011772138765339644,0.4675877533004887,False
2022-23,2023-03-23,401469251,old,4,3,0.000842155354085151,0.49314416788544846,False,2,0,0.0,0.0,False
2022-23,2023-03-23,401469251,new,6,4,0.0009849056045966038,0.4843325598850272,False,3,1,0.00017716070165212433,0.024093987609312924,False
2022-23,2023-03-24,401469253,old,5,4,0.0007155904116304161,0.38958150883568293,False,4,3,0.0004876410669289887,0.36524042259753187,False
2022-23,2023-03-24,401469253,new,2,1,0.0001588544546156363,0.31864757061360055,False,1,0,0.0,0.0,False
2022-23,2023-03-24,401469252,old,8,7,0.001493593277981075,0.6406450163216542,True,8,6,0.0012597373271519556,0.3996884657069497,False
2022-23,2023-03-24,401469252,new,6,6,0.0012640652696713913,1.0,True,7,5,0.0009674729632129164,0.46120961322322857,False
2022-23,2023-03-24,401469254,old,11,10,0.002452513109956135,0.5572913253151472,True,10,9,0.0016858603311736221,0.46389767500549756,False
2022-23,2023-03-24,401469254,new,5,4,0.0012216614641146982,0.5014143676712166,True,4,3,0.0010473898112092438,0.46300445378555166,False
2022-23,2023-03-24,401469255,old,3,2,0.0003989771617939892,0.43991397144682953,False,3,2,0.00038766164208757763,0.4328377479347277,False
2022-23,2023-03-24,401469255,new,3,2,0.000398312611420645,0.4395032752283203,False,3,2,0.00038766164208757763,0.4328377479347277,False
2022-23,2023-03-24,401469256,old,10,9,0.0035395805754769626,0.47834706174223246,False,12,11,0.0021920770750326717,0.48332889213876984,False
2022-23,2023-03-24,401469256,new,8,7,0.004257373020346249,0.4875254458078521,False,9,8,0.0025471629998454143,0.49360561196078856,False
2022-23,2023-03-24,401469257,old,10,9,0.0024275390128725436,0.5430582507229189,True,10,8,0.0016982417012454832,0.41845845488385836,False
2022-23,2023-03-24,401469257,new,9,8,0.0019204821365356767,0.5625785361751137,True,10,8,0.001647777026557545,0.46722932344560925,False
2022-23,2023-03-24,401469259,old,9,7,0.0018523947915353618,0.38997202722922164,False,4,2,0.000618267836786747,0.17140372593588554,False
2022-23,2023-03-24,401469259,new,7,5,0.0015117879591459024,0.46940140516299034,False,4,3,0.0011806642467693425,0.46790271552148366,False
2022-23,2023-03-24,401469260,old,9,8,0.0026950595614089056,0.8715485544224361,True,11,9,0.001450191513133417,0.4144204391235991,False
2022-23,2023-03-24,401469260,new,10,9,0.0038664858072815405,0.906995442995391,True,12,10,0.00197476824989482,0.4420080118314021,False
2022-23,2023-03-24,401469258,old,11,10,0.0028422075132268584,0.5857400453768559,True,13,11,0.0021586160189211606,0.45437679160338235,False
2022-23,2023-03-24,401469258,new,11,10,0.003944035786273291,0.5777908943071866,True,13,11,0.0031351052866359593,0.47508045953534817,False
2022-23,2023-03-24,401469261,old,4,2,0.0013311845693723505,0.23641927881897484,False,2,0,0.0,0.0,False
2022-23,2023-03-24,401469261,new,7,5,0.002248084603579286,0.2815557747099942,False,5,3,0.00044008163796600694,0.05417495253735897,False
2022-23,2023-03-25,401469262,old,8,6,0.0011698725471830282,0.26454225902766854,False,8,6,0.0008787288381208587,0.21271018954027313,False
2022-23,2023-03-25,401469262,new,4,2,0.0008667188882339158,0.29064108023566065,False,4,2,0.000942568915064573,0.3082362031986282,False
2022-23,2023-03-25,401469263,old,2,0,0.0,0.0,False,2,0,0.0,0.0,False
2022-23,2023-03-25,401469263,new,3,1,0.00038123460022877135,0.06566752457916143,False,2,0,0.0,0.0,False
2022-23,2023-03-25,401469264,old,4,4,0.0011615128532823933,1.0,True,3,1,0.0002100523432150134,0.21774515639577025,False
2022-23,2023-03-25,401469264,new,4,4,0.0011603679180746261,1.0,True,3,1,0.0002100523432150134,0.21774515639577025,False
2022-23,2023-03-25,401469266,old,11,9,0.003140847562691978,0.5731411685878005,True,12,10,0.0019744604437701998,0.442552254333082,False
2022-23,2023-03-25,401469266,new,10,8,0.001774173857928214,0.519327443438604,True,10,8,0.0015834392517707224,0.462056484153715,False
2022-23,2023-03-25,401469265,old,9,9,0.003949703471600134,1.0,True,11,9,0.001740767666370983,0.4237033514476846,False
2022-23,2023-03-25,401469265,new,11,11,0.005418254376102242,1.0,True,14,12,0.0026149513670493418,0.4731191343904881,False
2022-23,2023-03-25,401469267,old,13,12,0.005490665223333705,0.7618425203334797,True,12,10,0.0016899299334050281,0.279336970050737,False
2022-23,2023-03-25,401469267,new,10,8,0.004714678097825046,0.7179274041197536,True,7,5,0.0008332193187212533,0.13984076517653607,False
2022-23,2023-03-26,401469268,old,10,9,0.005234085577117441,0.4869242394690867,False,10,9,0.0019634289149539313,0.4710197734362332,False
2022-23,2023-03-26,401469268,new,7,6,0.0034708845882911016,0.4839136447949613,False,7,6,0.001794294758025515,0.4766236796985125,False
2022-23,2023-03-26,401469269,old,14,12,0.003859220991315799,0.5908489969033074,True,9,7,0.0012647018564623965,0.2229301697133125,False
2022-23,2023-03-26,401469269,new,13,11,0.005700229747596749,0.6519810638133382,True,12,10,0.004082001437329972,0.47031837488555595,False
2022-23,2023-03-26,401469271,old,3,3,0.0008898699861946777,1.0,True,3,2,0.0003893549861088212,0.4265716554349832,False
2022-23,2023-03-26,401469271,new,3,3,0.0008917446336956068,1.0,True,3,2,0.0003893549861088212,0.4265716554349832,False
2022-23,2023-03-26,401469274,old,10,8,0.0025468668139682705,0.39267593494155584,False,9,7,0.0011270347143256868,0.2522158059229994,False
2022-23,2023-03-26,401469274,new,5,3,0.0010622232208496744,0.3282309145688159,False,4,2,0.0007416231102659954,0.2919569053191797,False
2022-23,2023-03-26,401469272,old,4,4,0.001191425565036378,1.0,True,4,3,0.0005729679761768727,0.478129616221011,False
2022-23,2023-03-26,401469272,new,4,4,0.0011913855579649018,1.0,True,4,3,0.0005729679761768727,0.478129616221011,False
2022-23,2023-03-26,401469273,old,7,5,0.0008778216211803451,0.3689457954844983,False,9,7,0.0013302895331960538,0.44358161884815517,False
2022-23,2023-03-26,401469273,new,5,4,0.001232558717539165,0.48089809757043783,False,5,4,0.0013904341898432289,0.4564471877181921,False
2022-23,2023-03-26,401469270,old,13,11,0.002324494061613429,0.4841479017850041,False,12,10,0.0019539378050456,0.44100474870628015,False
2022-23,2023-03-26,401469270,new,6,4,0.0017287524398072365,0.4384570577875842,False,7,5,0.0018321202628075177,0.4528028152253858,False
2022-23,2023-03-26,401469275,old,13,11,0.00276031703831642,0.5151001939680852,True,15,13,0.002428834033755974,0.4424139502900993,False
2022-23,2023-03-26,401469275,new,10,9,0.0032558145688317804,0.6524116169510902,True,9,8,0.002490760859867973,0.4935873001477019,False
2022-23,2023-03-26,401469276,old,7,6,0.0032867695250867993,0.608203664963753,True,6,4,0.0005627888323700041,0.10901378340311449,False
2022-23,2023-03-26,401469276,new,7,6,0.004863882278802482,0.6060054941644955,True,6,4,0.0007595744624333563,0.10084332412280128,False
2022-23,2023-03-27,401469278,old,12,10,0.006520269900929937,0.46197285749580774,False,11,9,0.0017319135491610637,0.37519012713203104,False
2022-23,2023-03-27,401469278,new,6,5,0.0023771474424817895,0.4817079499145624,False,6,5,0.00109269936205723,0.4636415243059916,False
2022-23,2023-03-27,401469277,old,2,2,0.00038848907125911905,1.0,True,2,1,0.0001495535720169563,0.3850574710383906,False
2022-23,2023-03-27,401469277,new,2,2,0.0003840921355900011,1.0,True,2,1,0.0001495535720169563,0.3850574710383906,False
2022-23,2023-03-27,401469279,old,5,3,0.000909020244026934,0.765236299449284,True,3,2,0.00038407373972404484,0.3930567557967609,False
2022-23,2023-03-27,401469279,new,4,3,0.0010657905259041777,0.7526018084060472,True,2,1,0.00045746879073865174,0.37711893803203544,False
2022-23,2023-03-27,401469280,old,11,10,0.00515814865485336,0.723998447344318,True,12,10,0.0017920304897928354,0.3420642335548652,False
2022-23,2023-03-27,401469280,new,7,6,0.0026245743610801486,0.6820408175508531,True,8,6,0.0010992797480073627,0.27105800867049556,False
2022-23,2023-03-27,401469281,old,2,2,0.0017271012991289443,1.0,True,2,0,0.0,0.0,False
2022-23,2023-03-27,401469281,new,2,2,0.0017271012991289443,1.0,True,2,0,0.0,0.0,False
2022-23,2023-03-27,401469282,old,13,11,0.0042673879084291055,0.7015644806917533,True,15,13,0.0026921057498074147,0.4680514023040576,False
2022-23,2023-03-27,401469282,new,10,9,0.004418773262418021,0.7935302599242942,True,9,8,0.002771664287280418,0.4947847784692448,False
2022-23,2023-03-27,401469283,old,11,10,0.004025808513152864,0.9132071527370732,True,12,10,0.0019718571201480053,0.44505254263700594,False
2022-23,2023-03-27,401469283,new,11,10,0.0055668234486394635,0.9356880912549136,True,10,8,0.0026781076393736776,0.45730541863119906,False
2022-23,2023-03-27,401469284,old,13,12,0.005652660787553355,0.8594137952980482,True,9,7,0.0014456865657467568,0.2516807660662534,False
2022-23,2023-03-27,401469284,new,14,12,0.006198544529507115,0.7612021851254774,True,11,9,0.0040296238689453735,0.4455278845577615,False
2022-23,2023-03-28,401469285,old,6,5,0.0013244560152409662,0.583895137130066,True,7,5,0.0008979966784025878,0.4076462989084827,False
2022-23,2023-03-28,401469285,new,3,2,0.0007354688988220803,0.8052202720009572,True,2,1,0.0002652016644230745,0.3555727562706658,False
2022-23,2023-03-28,401469287,old,11,9,0.003521152684388204,0.505530960792377,True,12,10,0.002349437341644137,0.4055270134664682,False
2022-23,2023-03-28,401469287,new,8,6,0.0030339420602298176,0.45351226377644105,False,9,7,0.0030652257253922554,0.4560558921367379,False
2022-23,2023-03-28,401469286,old,11,10,0.0033829258429600557,0.6550941669271533,True,11,9,0.0019670048451490623,0.45048535150552366,False
2022-23,2023-03-28,401469286,new,6,5,0.0023978732408223816,0.6207932649434547,True,6,4,0.0018033224116887259,0.4640146275256777,False
2022-23,2023-03-28,401469288,old,5,3,0.00044381903170510537,0.2517519511210594,False,8,6,0.0011098480879577941,0.45724904190386545,False
2022-23,2023-03-28,401469288,new,4,3,0.0005888984621889757,0.48831912617342327,False,4,3,0.0005761622507503633,0.48285760378462,False
2022-23,2023-03-28,401469289,old,10,9,0.002398448097296679,0.5676160348267538,True,11,10,0.002120599428850769,0.4836564043244181,False
2022-23,2023-03-28,401469289,new,10,9,0.003317609730855003,0.6327837110684362,True,7,6,0.002444439920808425,0.4758900602297169,False
2022-23,2023-03-28,401469290,old,8,6,0.002690225790146363,0.4220121030852015,False,7,5,0.0007733202876222256,0.12786759452261884,False
2022-23,2023-03-28,401469290,new,9,7,0.003915216790718234,0.40359914959822485,False,7,5,0.0010593161301850396,0.11600124628558275,False
2022-23,2023-03-29,401469291,old,5,4,0.0006779125163886325,0.47048370179714766,False,5,3,0.0005175062315110264,0.3806841377897544,False
2022-23,2023-03-29,401469291,new,2,1,0.00015539370409027773,0.5561519812729795,True,1,0,0.0,0.0,False
2022-23,2023-03-29,401469293,old,7,5,0.0015237903944098341,0.432486459900264,False,7,5,0.0011185121167420367,0.31907462063387493,False
2022-23,2023-03-29,401469293,new,8,6,0.001944068945245797,0.4263199980019176,False,7,5,0.0014615950125388098,0.3272211838141987,False
2022-23,2023-03-29,401469292,old,5,3,0.0008731389831549626,0.34372757103024415,False,6,5,0.0013217775080456337,0.44644129281233047,False
2022-23,2023-03-29,401469292,new,4,3,0.0013182904779007244,0.4465713382810919,False,7,6,0.001839583175437636,0.4688912003172812,False
2022-23,2023-03-29,401469294,old,11,10,0.006245448362937023,0.5377944849169428,True,12,10,0.002385446084737315,0.4558861780078036,False
2022-23,2023-03-29,401469294,new,9,8,0.004941999615323878,0.556426898014931,True,10,8,0.0023174729372842187,0.4630468878925419,False
2022-23,2023-03-29,401469298,old,8,7,0.0023887584832197493,0.6439655833770329,True,7,6,0.0010164377114298758,0.43340616494019746,False
2022-23,2023-03-29,401469298,new,3,2,0.0002963554467134214,0.41372404640633276,False,3,2,0.00031256524509730893,0.4198449631169673,False
2022-23,2023-03-29,401469295,old,12,10,0.0032583039468838506,0.5731724363518858,True,9,7,0.0010847506958338682,0.19809719936169407,False
2022-23,2023-03-29,401469295,new,11,9,0.004853752969032331,0.6626196858035235,True,11,9,0.0035904240835014415,0.46965917679315294,False
2022-23,2023-03-29,401469296,old,8,7,0.0033852478788086384,0.8392283900664345,True,11,9,0.0021339031323985443,0.44669161815444625,False
2022-23,2023-03-29,401469296,new,12,10,0.0046261479736899955,0.8055593354403363,True,13,11,0.0031469624823538766,0.4793659217122721,False
2022-23,2023-03-29,401469297,old,10,9,0.0035732784581721895,0.6393182170562636,True,8,7,0.0018379831570175308,0.45613847121339307,False
2022-23,2023-03-29,401469297,new,8,7,0.0026341475170653084,0.6535446277179561,True,7,6,0.0016090418791510767,0.4765741405849313,False
2022-23,2023-03-29,401469300,old,3,1,0.00017152065848350095,0.1606902433966884,False,5,3,0.0004689203054098365,0.3715563920246449,False
2022-23,2023-03-29,401469300,new,2,1,0.00012715517518596873,0.28482759150368786,False,2,1,0.00012707820367767686,0.2847042629465502,False
2022-23,2023-03-29,401469299,old,3,3,0.004018764190163424,1.0,True,3,1,0.00014166191379790278,0.03452793436321873,False
2022-23,2023-03-29,401469299,new,5,5,0.005420853278122333,1.0,True,6,4,0.0008081195620678923,0.14238680601570314,False
2022-23,2023-03-30,401469301,old,4,4,0.0010431323160005623,1.0,True,4,2,0.0003903556048865498,0.37213824513975635,False
2022-23,2023-03-30,401469301,new,4,4,0.0010424010970731827,1.0,True,4,2,0.0003903556048865498,0.37213824513975635,False
2022-23,2023-03-30,401469302,old,11,10,0.00383723395684741,0.7495211273880613,True,14,12,0.0026379570689813547,0.48240318621275213,False
2022-23,2023-03-30,401469302,new,10,9,0.004413676756147845,0.8066949359751253,True,11,9,0.002972647875768886,0.4866729941100657,False
2022-23,2023-03-31,401469303,old,10,9,0.00451960302341316,0.7637178804783117,True,7,6,0.0013132750308319648,0.45113521299493925,False
2022-23,2023-03-31,401469303,new,5,4,0.0009936560425268836,0.5009262980800135,True,3,2,0.000693720892397677,0.44279397671688847,False
2022-23,2023-03-31,401469306,old,5,3,0.000550475197743364,0.23753527493002743,False,4,2,0.0002735565413617739,0.14401891640585943,False
2022-23,2023-03-31,401469306,new,3,2,0.00022438347351765495,0.4701560374050792,False,1,0,0.0,0.0,False
2022-23,2023-03-31,401469305,old,14,13,0.003664413860355354,0.6663534958532749,True,13,11,0.0020883382705986476,0.46028211635640354,False
2022-23,2023-03-31,401469305,new,8,7,0.0029389703546992382,0.6101091107785391,True,8,6,0.002215253908071766,0.4705936046031113,False
2022-23,2023-03-31,401469304,old,13,11,0.003563488695253092,0.5847309968969967,True,13,11,0.002251152783663326,0.46133019237981865,False
2022-23,2023-03-31,401469304,new,7,6,0.00221487286595125,0.6148982990982702,True,8,7,0.0015638782340864636,0.4918767911836719,False
2022-23,2023-03-31,401469308,old,10,8,0.0022513645417032656,0.41873846268247844,False,11,9,0.0019544156114060236,0.3661812780367746,False
2022-23,2023-03-31,401469308,new,6,4,0.0022064955727543367,0.3947296791633123,False,8,6,0.0026663901404496413,0.4120394394269171,False
2022-23,2023-03-31,401469307,old,10,9,0.004569300693450046,0.733691722714565,True,11,9,0.0017272851258093652,0.4617136195977032,False
2022-23,2023-03-31,401469307,new,6,5,0.0012299299533408662,0.625583329123447,True,7,5,0.0009107048613070494,0.4520749816286223,False
2022-23,2023-03-31,401469309,old,5,5,0.0014926493364753831,1.0,True,4,2,0.0004134082532082937,0.30706020320327265,False
2022-23,2023-03-31,401469309,new,5,5,0.0014890608772771088,1.0,True,4,2,0.0004134082532082937,0.30695967033254407,False
2022-23,2023-03-31,401469311,old,9,8,0.0034815033252568323,0.8394007778911753,True,11,9,0.002118987673862152,0.4674009697290032,False
2022-23,2023-03-31,401469311,new,12,10,0.004441369586489787,0.8123874292042732,True,12,10,0.0028258346931119417,0.4812292204659674,False
2022-23,2023-03-31,401469312,old,7,6,0.004702851761144118,0.7806370870319959,True,5,3,0.00046486384661174077,0.08158417634708519,False
2022-23,2023-03-31,401469312,new,8,7,0.007372249756720911,0.8067531377353994,True,7,5,0.0011488362966850993,0.12621716274362474,False
2022-23,2023-03-31,401469310,old,1,0,0.0,0.0,False,1,0,0.0,0.0,False
2022-23,2023-03-31,401469310,new,0,0,0.0,nan,False,0,0,0.0,nan,False
2022-23,2023-03-31,401469314,old,4,2,0.00031464455953397627,0.2510165355127267,False,6,4,0.0006477689365974678,0.4348879787635398,False
2022-23,2023-03-31,401469314,new,3,2,0.0003080357162693626,0.419035653995407,False,3,2,0.0003080357162693626,0.419035653995407,False
2022-23,2023-03-31,401469313,old,8,7,0.0019798290124576493,0.46593639261066067,False,9,8,0.0020143759563539393,0.47024349190823805,False
2022-23,2023-03-31,401469313,new,8,7,0.0033123114015732175,0.48292467220709506,False,9,8,0.0034125786056142596,0.4903747038234968,False
2022-23,2023-03-31,401469315,old,7,7,0.002397769654566358,1.0,True,8,6,0.0013005556501086565,0.42717609027808723,False
2022-23,2023-03-31,401469315,new,8,8,0.0025474535981092894,1.0,True,8,6,0.001294996212364097,0.4187365610453033,False
2022-23,2023-04-01,401469316,old,13,11,0.006502386497538526,0.4560106950099263,False,10,8,0.0018204463792494123,0.3473412515849617,False
2022-23,2023-04-01,401469316,new,10,8,0.0030583107127974477,0.44159011358899725,False,9,7,0.0015912583661965797,0.3927054682209556,False
2022-23,2023-04-01,401469317,old,10,9,0.004337583050488811,0.7537996862135008,True,11,9,0.0014170703199585428,0.2391554673995683,False
2022-23,2023-04-01,401469317,new,10,8,0.0051753360430824525,0.6570324270006722,True,8,6,0.001329340940762334,0.16127052826515695,False
2022-23,2023-04-02,401469318,old,9,8,0.0031364224190526388,0.6418971878978729,True,7,6,0.0014451842559181937,0.4523356888808993,False
2022-23,2023-04-02,401469318,new,3,2,0.001530515560512958,0.4794932584858395,False,3,2,0.0015136542460049893,0.47672910109561545,False
2022-23,2023-04-02,401469320,old,12,10,0.00471857273076118,0.7295380613775034,True,10,8,0.0019037193766692842,0.4502990372658015,False
2022-23,2023-04-02,401469320,new,7,5,0.001727716230501638,0.46863890051727236,False,7,5,0.0017472903518903746,0.4738394560768691,False
2022-23,2023-04-02,401469321,old,10,9,0.0038527368202551965,0.9291148637185945,True,10,8,0.0018253895042620435,0.43753376010156675,False
2022-23,2023-04-02,401469321,new,8,8,0.006560366625267553,1.0,True,5,4,0.0030087181675079247,0.47534876334007914,False
2022-23,2023-04-02,401469319,old,10,8,0.004137012213078969,0.6627230909728353,True,10,8,0.0017914041585966431,0.425286172513579,False
2022-23,2023-04-02,401469319,new,5,3,0.0008760851947032376,0.4182274289969155,False,6,4,0.0011974286411928564,0.42152462526185336,False
2022-23,2023-04-02,401469323,old,7,6,0.0012280526547354717,0.5773203266035157,True,5,3,0.0006247764055018845,0.36524936998818813,False
2022-23,2023-04-02,401469323,new,3,2,0.00041088055084493403,0.7910450825033065,True,1,0,0.0,0.0,False
2022-23,2023-04-02,401469325,old,4,3,0.0005177032026540251,0.49103850885221245,False,4,3,0.0005177032026540251,0.49103850885221245,False
2022-23,2023-04-02,401469325,new,4,3,0.0005177032026540251,0.49103850885221245,False,4,3,0.0005177032026540251,0.49103850885221245,False
2022-23,2023-04-02,401469324,old,4,3,0.0005490536627540398,0.46820764465128295,False,4,3,0.0005484763844203145,0.46818290305868243,False
2022-23,2023-04-02,401469324,new,0,0,0.0,nan,False,0,0,0.0,nan,False
2022-23,2023-04-02,401469322,old,6,4,0.007237372329699932,0.41205891263797967,False,5,3,0.000861428297288753,0.1807531282372885,False
2022-23,2023-04-02,401469322,new,7,5,0.0029714438113369363,0.4785930785134559,False,6,4,0.002125988976094511,0.4758286958678217,False
2022-23,2023-04-02,401469326,old,10,8,0.002520916910367332,0.689690226070152,True,10,9,0.002020967342107657,0.47500756074222783,False
2022-23,2023-04-02,401469326,new,9,7,0.004524385750500771,0.7944487201939365,True,6,5,0.003244858684833029,0.4740374130073025,False
2022-23,2023-04-02,401469327,old,11,10,0.004964329437879696,0.7445829202464589,True,10,8,0.0019213279231822071,0.41640848693396415,False
2022-23,2023-04-02,401469327,new,6,5,0.0021511987253175933,0.7563145366986926,True,5,3,0.0008053785341926503,0.3147822584048494,False
2022-23,2023-04-02,401469329,old,4,4,0.0012120343193559784,1.0,True,4,2,0.0004444273344523233,0.3666613732323586,False
2022-23,2023-04-02,401469329,new,4,4,0.0012063192647180445,1.0,True,4,2,0.0004444273344523233,0.3666613732323586,False
2022-23,2023-04-02,401469328,old,5,4,0.00104646974785903,0.8940036031985558,True,6,4,0.0010451177860110285,0.43886720973206417,False
2022-23,2023-04-02,401469328,new,3,2,0.0005294796896799066,0.48055247631514625,False,3,2,0.0005294796896799066,0.4662622448664775,False
2022-23,2023-04-02,401469330,old,8,7,0.0022934624652098876,0.5400915170502436,True,11,9,0.0023142198388548946,0.47952061138436314,False
2022-23,2023-04-02,401469330,new,10,9,0.0031941313567300953,0.516973985717074,True,11,9,0.003360359617255185,0.486750182110424,False
2022-23,2023-04-04,401469331,old,9,8,0.0023097133609680967,0.5667456211296034,True,6,5,0.0013754768682544708,0.43788813032651297,False
2022-23,2023-04-04,401469331,new,4,3,0.0017854843346951038,0.4896274857594597,False,4,3,0.0017836164731869723,0.4893659300493696,False
2022-23,2023-04-04,401469334,old,7,6,0.0009513773227594005,0.5194646185265561,True,7,5,0.0009367651892221425,0.48133184048601657,False
2022-23,2023-04-04,401469334,new,2,2,0.00025267472218124546,1.0,True,2,1,0.00012650092299844098,0.49443441543556516,False
2022-23,2023-04-04,401469333,old,6,5,0.0017901513228258741,0.6748037384014789,True,8,6,0.0013396076424248265,0.47890488340897325,False
2022-23,2023-04-04,401469333,new,3,3,0.001116842962960366,1.0,True,3,2,0.0005223983805368568,0.4676980176790906,False
2022-23,2023-04-04,401469332,old,6,5,0.0011046566280081935,0.4507012651902823,False,5,4,0.0009559459819837001,0.4152202654289373,False
2022-23,2023-04-04,401469332,new,6,5,0.0008766782188867555,0.45237060994526623,False,6,5,0.0007849528510082632,0.42516313490774627,False
2022-23,2023-04-04,401469335,old,13,12,0.0041742637554760135,0.9241774351195372,True,12,10,0.002219183415390216,0.452643242936668,False
2022-23,2023-04-04,401469335,new,9,8,0.005874521673584964,0.9338507274409085,True,8,6,0.003295643193411523,0.47117680517187466,False
2022-23,2023-04-04,401469339,old,6,4,0.0006662358765347523,0.3456376024081883,False,7,5,0.0011033184332571967,0.4703184867101747,False
2022-23,2023-04-04,401469339,new,3,2,0.0005166255932397628,0.45326849411174835,False,3,2,0.0005166255932397628,0.45326849411174835,False
2022-23,2023-04-04,401469340,old,11,9,0.002585968069065915,0.5989803692337385,True,12,10,0.0025390405710198883,0.4800695758102779,False
2022-23,2023-04-04,401469340,new,10,8,0.0036992984420929384,0.5949952795667599,True,8,6,0.0038314663651931938,0.4802086645182973,False
2022-23,2023-04-04,401469338,old,2,2,0.0007392241316876175,1.0,True,2,1,0.0003011083707564367,0.407330277583091,False
2022-23,2023-04-04,401469338,new,2,2,0.0007392241316876175,1.0,True,2,1,0.0003011083707564367,0.407330277583091,False
2022-23,2023-04-04,401469337,old,6,4,0.002751967620179572,0.4200043152082166,False,3,1,0.00035021339825640424,0.06636709891437723,False
2022-23,2023-04-04,401469337,new,4,2,0.001569205787744789,0.19175399644434452,False,4,2,0.001569205787744789,0.19130258771179923,False
2022-23,2023-04-04,401469336,old,4,4,0.0010389470423140515,1.0,True,4,2,0.0002459205668924257,0.2514560062596785,False
2022-23,2023-04-04,401469336,new,4,4,0.0010389470423140515,1.0,True,4,2,0.0002459205668924257,0.2514560062596785,False
2022-23,2023-04-04,401469341,old,10,8,0.005213624537910623,0.6908777879680602,True,11,9,0.002455650912782416,0.43774320618699647,False
2022-23,2023-04-04,401469341,new,6,4,0.0027102086930481254,0.5578627538033045,True,8,6,0.0030574228138431883,0.47486135624772813,False
2022-23,2023-04-04,401469343,old,2,2,0.00051882271621098,1.0,True,3,2,0.0004671720690965616,0.3883878348772929,False
2022-23,2023-04-04,401469343,new,1,1,0.0003575894267174733,1.0,True,2,1,0.00034101755643295575,0.3279926021942775,False
2022-23,2023-04-04,401469342,old,10,8,0.0073711874321643655,0.6692174627399414,True,9,7,0.002402648099988392,0.3951894754030984,False
2022-23,2023-04-04,401469342,new,10,8,0.00426194209458572,0.5206463532209551,True,8,6,0.0034121397593969674,0.467488870801229,False
2022-23,2023-04-05,401469344,old,5,4,0.0009613916696896675,0.4912519488763115,False,6,5,0.001204480356739692,0.49212756125103196,False
2022-23,2023-04-05,401469344,new,4,3,0.0013113720160123337,0.5055277784387255,True,5,4,0.0015470555200949173,0.4778347814002401,False
2022-23,2023-04-05,401469345,old,6,5,0.0012816690002493932,0.5837826207496306,True,7,5,0.0010421058515654874,0.47464666561162494,False
2022-23,2023-04-05,401469345,new,2,2,0.0003791948944144411,1.0,True,2,1,0.00013954741320586567,0.36800973657980557,False
2022-23,2023-04-05,401469347,old,6,5,0.0013064356721029648,0.44257302529310455,False,9,7,0.00156473405687038,0.4584388696918657,False
2022-23,2023-04-05,401469347,new,5,4,0.0023264861775021415,0.5072472888476451,True,6,4,0.0022340473532563567,0.47563025660396563,False
2022-23,2023-04-05,401469348,old,9,8,0.0035713809742566834,0.8271980780337013,True,7,6,0.001161649712069037,0.4888144972226495,False
2022-23,2023-04-05,401469348,new,2,1,0.00048682881875282397,0.4962799467886198,False,2,1,0.00048682881875282397,0.500439203458243,True
2022-23,2023-04-05,401469346,old,8,6,0.0016582806581642707,0.39098719034148266,False,12,10,0.002412507823420213,0.4829368726306879,False
2022-23,2023-04-05,401469346,new,2,1,0.0020154918691173062,0.4777245356349104,False,2,1,0.0020154918691173062,0.4777245356349104,False
2022-23,2023-04-05,401469349,old,10,8,0.0019690679935565774,0.4988422718088984,False,10,8,0.0020701613590575286,0.4592899207920065,False
2022-23,2023-04-05,401469349,new,10,8,0.0026366750577448235,0.529685964778648,True,8,6,0.002842742156647909,0.48214141670420874,False
2022-23,2023-04-05,401469350,old,7,5,0.007470754297678863,0.48694385343227203,False,7,5,0.0015154703217414467,0.46431016552540255,False
2022-23,2023-04-05,401469350,new,6,4,0.001825435990873401,0.47081959499170867,False,5,3,0.0009788080614862563,0.4658136525879109,False
2022-23,2023-04-05,401469351,old,4,3,0.003682891431074902,0.6484660998966966,True,3,1,0.00025912723920821986,0.04547323342600575,False
2022-23,2023-04-05,401469351,new,7,5,0.006199785582501701,0.6231393922341906,True,5,3,0.0011970494063535434,0.12036395330566861,False
2022-23,2023-04-06,401469352,old,5,4,0.0018490729374232779,0.6612867058893936,True,7,5,0.00140813546508273,0.48393859715993237,False
2022-23,2023-04-06,401469352,new,2,2,0.0010163177218342092,1.0,True,2,1,0.00046170719095512677,0.4542941454586232,False
2022-23,2023-04-06,401469353,old,7,6,0.00212252226584079,0.6136623744981585,True,7,5,0.0014691792137516257,0.4471182670560223,False
2022-23,2023-04-06,401469353,new,7,6,0.002078981308217488,0.6297509384627279,True,6,4,0.0013953431368747544,0.45038865528241506,False
2022-23,2023-04-06,401469354,old,4,3,0.0005893955168352644,0.49666761512555996,False,4,3,0.0005888786869669356,0.4964483090426922,False
2022-23,2023-04-06,401469354,new,0,0,0.0,nan,False,0,0,0.0,nan,False
2022-23,2023-04-06,401469355,old,5,3,0.008042218962448002,0.7713927954558569,True,4,2,0.0010924175760153626,0.3147954196781829,False
2022-23,2023-04-06,401469355,new,3,2,0.0034130048062398243,0.7878373621809216,True,2,1,0.0009394858720689926,0.4949240339708084,False
2022-23,2023-04-06,401469356,old,3,3,0.0010916718002437415,1.0,True,4,2,0.0007677031939549902,0.41907562507896234,False
2022-23,2023-04-06,401469356,new,3,3,0.001070735843549941,1.0,True,4,2,0.0007664331961182299,0.42381357955519994,False
2022-23,2023-04-07,401469358,old,4,3,0.0008704887740606812,0.4831265739716887,False,4,3,0.0008705143212789623,0.48313390254466354,False
2022-23,2023-04-07,401469358,new,0,0,0.0,nan,False,0,0,0.0,nan,False
2022-23,2023-04-07,401469357,old,0,0,0.0,nan,False,0,0,0.0,nan,False
2022-23,2023-04-07,401469357,new,0,0,0.0,nan,False,0,0,0.0,nan,False
2022-23,2023-04-07,401469359,old,8,6,0.001924803806063268,0.4806218647086437,False,8,6,0.0018607262697365266,0.47217663489880496,False
2022-23,2023-04-07,401469359,new,4,3,0.001305197448482028,0.5001820343159159,True,4,3,0.0012511260880890254,0.489605953305956,False
2022-23,2023-04-07,401469362,old,6,4,0.0015779366293875237,0.4526094339355644,False,7,5,0.0018006506097616754,0.45831648694469024,False
2022-23,2023-04-07,401469362,new,3,2,0.0015636999505641415,0.519300199558752,True,3,2,0.0016337815411687083,0.46266671591477787,False
2022-23,2023-04-07,401469361,old,6,5,0.001028377935045716,0.4551421958982926,False,7,6,0.0010885172940532583,0.46926848285919914,False
2022-23,2023-04-07,401469361,new,2,1,0.0009007222675622668,0.4830897279684441,False,2,1,0.0009007222675622668,0.4830897279684441,False
2022-23,2023-04-07,401469360,old,9,8,0.002667238301479797,0.6728289609932612,True,10,8,0.001955230460573203,0.492397045591202,False
2022-23,2023-04-07,401469360,new,6,5,0.0020945355263683463,0.7146487951760933,True,5,3,0.0011924034549163373,0.4340175322373332,False
2022-23,2023-04-07,401469363,old,2,1,0.00042476138692427204,0.41284506443564095,False,2,1,0.00042476138692427204,0.41284506443564095,False
2022-23,2023-04-07,401469363,new,2,1,0.00042476138692427204,0.41284506443564095,False,2,1,0.00042476138692427204,0.41284506443564095,False
2022-23,2023-04-07,401469364,old,9,8,0.0028537324073383825,0.7567596351826856,True,9,7,0.002415049806921864,0.49109250035455393,False
2022-23,2023-04-07,401469364,new,9,8,0.004168605778044537,0.6978244957417651,True,7,5,0.004191069023345694,0.49286504492944433,False
2022-23,2023-04-07,401469365,old,5,3,0.010894655015200894,0.4476478154190772,False,3,1,0.00047999685528733147,0.11717306879901968,False
2022-23,2023-04-07,401469365,new,3,2,0.0020677984856635966,0.4961339663064027,False,2,1,0.0009065812581394117,0.5,False
2022-23,2023-04-07,401469366,old,9,7,0.0021528823018701097,0.48074234797030385,False,9,7,0.0021676824424398692,0.48245278821399873,False
2022-23,2023-04-07,401469366,new,8,6,0.00297599474961191,0.47300368469010157,False,8,6,0.003110843045403177,0.4840616602879183,False
2022-23,2023-04-07,401469367,old,7,6,0.002387459849442681,0.6869695201124772,True,8,6,0.002328674143249354,0.47719642706289467,False
2022-23,2023-04-07,401469367,new,5,4,0.004326686694420384,0.7411771722532535,True,7,5,0.003942659054410963,0.4864621092075509,False
2022-23,2023-04-08,401469368,old,7,6,0.0018595669660999186,0.6925035013904595,True,6,4,0.0011073973265353751,0.4857651026639348,False
2022-23,2023-04-08,401469368,new,4,3,0.001162138232741083,0.7124622480475885,True,4,3,0.0008155788167889042,0.5000000007734654,True
2022-23,2023-04-08,401469369,old,5,5,0.0035082179632485813,1.0,True,6,5,0.0017644953771505146,0.4763329998968551,False
2022-23,2023-04-08,401469369,new,5,5,0.007776284985215027,1.0,True,4,3,0.00393689413647399,0.499591637283742,False
2022-23,2023-04-08,401469370,old,10,9,0.005513111518393665,0.8937878986366397,True,9,7,0.0030286660902071943,0.4904386034656654,False
2022-23,2023-04-08,401469370,new,8,7,0.007888610702558687,0.8636632688167868,True,6,5,0.004548921059341195,0.4985742846141229,False
2022-23,2023-04-09,401469376,old,5,4,0.0006641051973496712,0.4627253724479703,False,4,3,0.0006673169320476764,0.4639250143889395,False
2022-23,2023-04-09,401469376,new,0,0,0.0,nan,False,0,0,0.0,nan,False
2022-23,2023-04-09,401469373,old,3,2,0.0014911869028353783,0.852481742222776,True,3,2,0.0008746151521508331,0.49999999816407403,False
2022-23,2023-04-09,401469373,new,3,2,0.0014911869028353783,0.852481742222776,True,3,2,0.0008746151521508331,0.49999999816407403,False
2022-23,2023-04-09,401469371,old,3,2,0.000521301048879111,0.44131200453195296,False,4,3,0.0006093671670082519,0.48007411672756894,False
2022-23,2023-04-09,401469371,new,0,0,0.0,nan,False,0,0,0.0,nan,False
2022-23,2023-04-09,401469378,old,6,5,0.0074369129363831546,0.9016150917655651,True,4,3,0.0011231761325791302,0.49959429333237887,False
2022-23,2023-04-09,401469378,new,0,0,0.0,nan,False,0,0,0.0,nan,False
2022-23,2023-04-09,401469377,old,5,3,0.00040510585756542205,0.49959650607838935,False,5,3,0.00040536078484528653,0.49804237349940733,False
2022-23,2023-04-09,401469377,new,0,0,0.0,nan,False,0,0,0.0,nan,False
2022-23,2023-04-09,401469372,old,2,2,0.0007166717953869863,1.0,True,4,2,0.0009729448900434187,0.5,False
2022-23,2023-04-09,401469372,new,2,2,0.0007166717953869863,1.0,True,4,2,0.0009729448900434187,0.5,False
2022-23,2023-04-09,401469374,old,8,6,0.0021166255197013002,0.48934494404007645,False,9,7,0.0022062012030740646,0.4997384056458057,False
2022-23,2023-04-09,401469374,new,4,3,0.0009213362271774768,0.4931913343247016,False,5,4,0.0009467749459023259,0.5000000079992056,True
2022-23,2023-04-09,401469375,old,5,4,0.0014065093915038632,0.6710160534940642,True,6,4,0.0010474963879673453,0.4996980747362994,False
2022-23,2023-04-09,401469375,new,2,2,0.0007183651442598242,1.0,True,2,1,0.0003591825721299121,0.5,False
2022-23,2023-04-09,401469379,old,6,4,0.006366623750085127,0.49684911068397014,False,5,3,0.0007232122839334545,0.4691877600726752,False
2022-23,2023-04-09,401469379,new,0,0,0.0,nan,False,0,0,0.0,nan,False
2022-23,2023-04-09,401469381,old,9,7,0.011140446683126911,0.8421554985900939,True,7,5,0.0020698823840688547,0.4998574489964098,False
2022-23,2023-04-09,401469381,new,3,2,0.000875461822182968,0.5000000013101074,True,3,2,0.000875461822182968,0.5000000013101074,True
2022-23,2023-04-09,401469385,old,8,6,0.003005368075391327,0.4996298355505052,False,8,6,0.003031675381407112,0.5018086650268354,True
2022-23,2023-04-09,401469385,new,7,6,0.004445851279079703,0.5005278266217468,True,5,4,0.004448653848869671,0.5006853714032863,True
2022-23,2023-04-09,401469382,old,6,5,0.0027241763908397686,0.850679003937158,True,6,4,0.0016011776253030512,0.49999999706310483,False
2022-23,2023-04-09,401469382,new,6,5,0.0027241763908397686,0.850679003937158,True,6,4,0.0016011776253030512,0.49999999706310483,False
2022-23,2023-04-09,401469383,old,9,7,0.0026078951634848865,0.6517927305456618,True,9,7,0.0017883698408800376,0.5009218834625466,True
2022-23,2023-04-09,401469383,new,4,2,0.001675797341624562,0.5240241487304929,True,5,4,0.0022971041921935947,0.5400675922173326,True
2022-23,2023-04-09,401469384,old,5,5,0.004035709743753059,1.0,True,7,5,0.0026731594632462344,0.5020258010746089,True
2022-23,2023-04-09,401469384,new,7,6,0.004982982251296983,0.9300894634370952,True,7,5,0.003908398818817533,0.5429069220662228,True
2022-23,2023-04-09,401469380,old,9,8,0.004857322830721656,0.6638268009194792,True,8,6,0.0020691455221588206,0.24550275437112543,False
2022-23,2023-04-09,401469380,new,7,6,0.011659987518346163,0.6261303374779382,True,5,3,0.003359247115113429,0.1649234168448397,False
2023-24,2024-02-22,401585421,old,6,6,0.001747557114173876,1.0,True,4,3,0.0004332185574272363,0.2813927893385756,False
2023-24,2024-02-22,401585421,new,8,7,0.002113055698342044,0.8207537645967594,True,6,5,0.0010466656969459523,0.4342659017016638,False
2023-24,2024-02-22,401585422,old,2,0,0.0,0.0,False,2,0,0.0,0.0,False
2023-24,2024-02-22,401585422,new,3,1,0.00012633478744391335,0.038522154747226346,False,4,2,0.00024699090951669074,0.07239773057985896,False
2023-24,2024-02-22,401585423,old,6,5,0.0019041396420907883,0.6235446108391213,True,3,1,0.0001391678209569682,0.12792442128964876,False
2023-24,2024-02-22,401585423,new,2,2,0.00033302870482039174,1.0,True,2,1,0.00013508531104352062,0.4056266294413706,False
2023-24,2024-02-22,401585420,old,10,8,0.0011997116048092827,0.37631827861120387,False,8,6,0.0008531369159229814,0.3002471279734399,False
2023-24,2024-02-22,401585420,new,11,9,0.001508510403479972,0.407973997551637,False,10,8,0.0013826424850610294,0.3871107839639223,False
2023-24,2024-02-22,401585424,old,5,3,0.0018791453791966403,0.49487931443991706,False,2,0,0.0,0.0,False
2023-24,2024-02-22,401585424,new,5,3,0.0006450876801461518,0.11596746306668276,False,2,0,0.0,0.0,False
2023-24,2024-02-22,401585427,old,0,0,0.0,nan,False,2,0,0.0,0.0,False
2023-24,2024-02-22,401585427,new,0,0,0.0,nan,False,2,0,0.0,0.0,False
2023-24,2024-02-22,401585425,old,3,2,0.0008048991768679978,0.552700421992625,True,1,0,0.0,0.0,False
2023-24,2024-02-22,401585425,new,3,2,0.0002560443164123669,0.31372219572277016,False,3,2,0.00030679980597635105,0.35390232287686363,False
2023-24,2024-02-22,401585426,old,8,6,0.002348000067137048,0.6120209633365351,True,9,7,0.0010355484348980827,0.34195126244157,False
2023-24,2024-02-22,401585426,new,6,5,0.001460713902127913,0.543320834564665,True,8,7,0.0015270255768037747,0.437437681812922,False
2023-24,2024-02-22,401585428,old,4,2,0.00023179649062835485,0.17595122740517025,False,4,3,0.0003311758733862147,0.2766804455763868,False
2023-24,2024-02-22,401585428,new,4,2,0.00023239301238467072,0.15714764891254954,False,4,3,0.00033212021633042345,0.2652799712387883,False
2023-24,2024-02-22,401585429,old,5,3,0.0025881958478199693,0.4650946630053872,False,4,2,0.00023641698295323647,0.25877057336871084,False
2023-24,2024-02-22,401585429,new,2,1,0.00014432920238778473,0.37248280321354,False,0,0,0.0,nan,False
2023-24,2024-02-22,401585431,old,5,4,0.0009195966268991523,0.3634143796084717,False,6,5,0.0007866013802162482,0.3519963484717246,False
2023-24,2024-02-22,401585431,new,6,5,0.0018508469103492447,0.4313569843304782,False,6,5,0.0015347991908897275,0.4315338691294744,False
2023-24,2024-02-22,401585430,old,3,2,0.0020571975226137606,0.8644828094327032,True,2,0,0.0,0.0,False
2023-24,2024-02-22,401585430,new,4,3,0.002016140735648296,0.6587799258178484,True,3,1,0.00013011932168735383,0.042176578081022875,False
2023-24,2024-02-23,401585432,old,5,3,0.002703510341692635,0.5837202815037965,True,3,1,0.00011605669517860317,0.08829724104255608,False
2023-24,2024-02-23,401585432,new,3,1,0.000179960846304186,0.22476800942204184,False,2,0,0.0,0.0,False
2023-24,2024-02-23,401585433,old,9,7,0.0009532115664796888,0.3215436679519299,False,8,6,0.0008202869529909308,0.28969425809530996,False
2023-24,2024-02-23,401585433,new,9,7,0.0011490902546023873,0.33788111885819555,False,8,6,0.0011321497087967342,0.3345664367582187,False
2023-24,2024-02-23,401585437,old,5,4,0.0006461476309834908,0.7804350801400183,True,5,4,0.0005134033924043338,0.4408245352154735,False
2023-24,2024-02-23,401585437,new,5,4,0.0006455400109787802,0.8238880685482719,True,5,4,0.0005147172079130995,0.43895802039126053,False
2023-24,2024-02-23,401585435,old,9,8,0.0023084240410955192,0.8292912660055874,True,7,5,0.0006119795382095475,0.3292790769630745,False
2023-24,2024-02-23,401585435,new,4,4,0.0009353198270283372,1.0,True,4,3,0.0003917102967038034,0.332785331466196,False
2023-24,2024-02-23,401585438,old,4,2,0.00068776809622625,0.24818343283186045,False,2,0,0.0,0.0,False
2023-24,2024-02-23,401585438,new,9,7,0.0016365826599537192,0.3894168549537673,False,9,7,0.0012928324266480008,0.28688891385740956,False
2023-24,2024-02-23,401585434,old,11,9,0.0027428134261441783,0.5527107781883615,True,10,8,0.0011674209742035923,0.35958414667727207,False
2023-24,2024-02-23,401585434,new,8,7,0.0022608886280920952,0.5794172548241373,True,6,5,0.0015498007824807168,0.4288357612384511,False
2023-24,2024-02-23,401585440,old,5,4,0.0005151492946799238,0.3710153436483221,False,3,2,0.0002661743120705876,0.2335866058401374,False
2023-24,2024-02-23,401585440,new,5,4,0.0005184298665224295,0.3613925321573467,False,3,2,0.0002665178705994433,0.22536184410251853,False
2023-24,2024-02-23,401585439,old,7,6,0.0018303708657609378,0.894101838973229,True,5,4,0.0005200990336779367,0.3529112298604706,False
2023-24,2024-02-23,401585439,new,7,6,0.0017706581466273954,0.6882802515598524,True,6,5,0.000975435431321621,0.4625712090287656,False
2023-24,2024-02-23,401585436,old,6,4,0.0010884834420345232,0.5117626559513866,True,7,5,0.0006018750440310399,0.25353842718003994,False
2023-24,2024-02-23,401585436,new,8,6,0.001376039076446069,0.5665720063533659,True,9,7,0.000863096066174152,0.32239179681389013,False
2023-24,2024-02-23,401585441,old,4,4,0.001293624962705796,1.0,True,3,2,0.00026786619962915887,0.2495295294995769,False
2023-24,2024-02-23,401585441,new,6,6,0.0018347375611320565,1.0,True,5,4,0.0007018546279476348,0.43725758543060134,False
2023-24,2024-02-24,401585442,old,7,6,0.0009998275910708813,0.4314959729046503,False,7,6,0.0008380695124508855,0.3888302128928294,False
2023-24,2024-02-24,401585442,new,6,5,0.0010956134285035435,0.42199899224163817,False,5,4,0.0009324208396400247,0.3832306450304136,False
2023-24,2024-02-24,401585444,old,5,4,0.0005291695189724885,0.3139736868182602,False,5,4,0.0005063229838458122,0.28655141548657836,False
2023-24,2024-02-24,401585444,new,5,4,0.00059093669642491,0.31845278181827164,False,6,5,0.0007228615683376106,0.34738556817340493,False
2023-24,2024-02-24,401585443,old,9,8,0.0017200662523151552,0.7314531979229978,True,9,7,0.0009005068962372318,0.4314248317289523,False
2023-24,2024-02-24,401585443,new,7,6,0.0008362223160282318,0.5690863454222996,True,7,5,0.0006529025325864961,0.44241181287993875,False
2023-24,2024-02-25,401585445,old,3,1,0.0005411247667930864,0.19852273029033599,False,2,0,0.0,0.0,False
2023-24,2024-02-25,401585445,new,6,4,0.0009393884565790353,0.2784112629337671,False,5,3,0.0004575331811648952,0.13200945692679586,False
2023-24,2024-02-25,401585446,old,3,2,0.0013787156719103487,0.46786328179128994,False,2,0,0.0,0.0,False
2023-24,2024-02-25,401585446,new,6,5,0.0027328905465253002,0.6089524854822208,True,6,4,0.0005607827090335725,0.12143643792291217,False
2023-24,2024-02-25,401585447,old,5,5,0.0032194938216088043,1.0,True,3,1,0.00011289421188484033,0.03886456381426675,False
2023-24,2024-02-25,401585447,new,13,11,0.003498980947059943,0.635430842307927,True,11,9,0.0018216402649738211,0.3468831713658895,False
2023-24,2024-02-25,401585448,old,5,3,0.00036155735424767523,0.24797944300042238,False,3,2,0.00025284790733325475,0.2230118779592033,False
2023-24,2024-02-25,401585448,new,4,2,0.00025327184459152867,0.17885753855595887,False,3,2,0.0002528100229596699,0.22129831220927146,False
2023-24,2024-02-25,401585449,old,9,7,0.0027339256033386103,0.5594594824924579,True,13,11,0.001459298705358203,0.4173288604094021,False
2023-24,2024-02-25,401585449,new,8,6,0.0011864607260919746,0.3887406959668993,False,8,6,0.001143098560270553,0.39193817000622466,False
2023-24,2024-02-25,401585451,old,9,7,0.0017508105487292892,0.5290438916426514,True,8,6,0.0008242520443785421,0.2903281715619989,False
2023-24,2024-02-25,401585451,new,9,7,0.0014892450534782047,0.46398200020565605,False,7,5,0.0012733016479337057,0.3583347011927295,False
2023-24,2024-02-25,401585450,old,7,5,0.0020457403999192968,0.57270464110749,True,7,5,0.0006991377810887506,0.3659167562750007,False
2023-24,2024-02-25,401585450,new,4,4,0.000752495140532029,1.0,True,4,3,0.00040919348700671265,0.3957967282167836,False
2023-24,2024-02-25,401585452,old,9,7,0.0021117705568544243,0.6753233165238827,True,7,5,0.0007149507851970787,0.270930559574621,False
2023-24,2024-02-25,401585452,new,10,8,0.002500740178446592,0.5774715126410562,True,10,8,0.0015640230606057627,0.4017831205365909,False
2023-24,2024-02-25,401585453,old,4,3,0.002871829400962592,0.48006587630810954,False,3,2,0.0002874670479327888,0.3310705184161593,False
2023-24,2024-02-25,401585453,new,0,0,0.0,nan,False,0,0,0.0,nan,False
2023-24,2024-02-25,401585454,old,2,0,0.0,0.0,False,2,0,0.0,0.0,False
2023-24,2024-02-25,401585454,new,0,0,0.0,nan,False,0,0,0.0,nan,False
2023-24,2024-02-25,401585455,old,9,8,0.00162161555440994,0.5268698413728365,True,9,7,0.0009917490139712303,0.3077714409674057,False
2023-24,2024-02-25,401585455,new,9,8,0.002185314219350556,0.49693633554042294,False,9,7,0.001657755014686146,0.3740193892655294,False
2023-24,2024-02-26,401585457,old,10,10,0.002101679999800553,1.0,True,8,6,0.0008401526037891771,0.3290142091947543,False
2023-24,2024-02-26,401585457,new,8,6,0.0013171788674705158,0.5132032986986733,True,7,5,0.0011100314772867143,0.4049866094206729,False
2023-24,2024-02-26,401585456,old,8,7,0.0009046055583177942,0.4299695999343077,False,10,9,0.0010998204943494716,0.45723628514837605,False
2023-24,2024-02-26,401585456,new,7,6,0.0009237732587050829,0.4069476898611949,False,7,6,0.0009654060410223914,0.4026679765987779,False
2023-24,2024-02-26,401585458,old,2,1,0.0005957328436229011,0.5349799234733815,True,2,0,0.0,0.0,False
2023-24,2024-02-26,401585458,new,1,1,0.00013207891362416657,1.0,True,1,0,0.0,0.0,False
2023-24,2024-02-26,401585459,old,3,1,0.0006394139627420942,0.218280710431748,False,2,0,0.0,0.0,False
2023-24,2024-02-26,401585459,new,9,7,0.0015303145810440504,0.33501672497734,False,9,7,0.001269771421622422,0.2695472643341309,False
2023-24,2024-02-27,401585462,old,7,6,0.0016380300913107818,0.8638665779509512,True,4,3,0.000397944298180282,0.2845443262840635,False
2023-24,2024-02-27,401585462,new,9,7,0.0019326782194062238,0.6525579109610187,True,6,5,0.001033495885498915,0.4624886927661247,False
2023-24,2024-02-27,401585460,old,9,7,0.0025284295948330387,0.7214646789292098,True,8,6,0.000904508140549176,0.27615692439018225,False
2023-24,2024-02-27,401585460,new,9,7,0.0019671390364972194,0.4193963924473696,False,9,7,0.0017111047475081868,0.36961806917975903,False
2023-24,2024-02-27,401585461,old,11,10,0.0021466935795190416,0.6203891488833787,True,12,10,0.0013689310242949039,0.4201465413152107,False
2023-24,2024-02-27,401585461,new,6,5,0.0010705422331187611,0.4127491903705809,False,7,5,0.0010759757245226238,0.38799285862240374,False
2023-24,2024-02-27,401585463,old,4,2,0.0036797722823726175,0.42052044173187597,False,2,0,0.0,0.0,False
2023-24,2024-02-27,401585463,new,6,4,0.000582797382064752,0.5679488811709288,True,2,1,0.00012303697206007556,0.333131899752573,False
2023-24,2024-02-27,401585465,old,5,3,0.0005899261930995423,0.17571895169770013,False,2,0,0.0,0.0,False
2023-24,2024-02-27,401585465,new,9,7,0.001571944771098443,0.33645340070566565,False,8,6,0.0012042696391169107,0.2526796108449861,False
2023-24,2024-02-27,401585464,old,7,6,0.0009656514352704156,0.4280594535610544,False,7,6,0.0008137564898107694,0.3867688499072675,False
2023-24,2024-02-27,401585464,new,7,6,0.0011759641671779258,0.4323411906049988,False,6,5,0.0010944170493903,0.4147964024435478,False
2023-24,2024-02-27,401585466,old,4,3,0.00039388662644216374,0.39053054645391083,False,5,4,0.0005129695249368355,0.4548906589680249,False
2023-24,2024-02-27,401585466,new,5,4,0.0004954871778432863,0.44555529046169234,False,5,4,0.0005129295703556993,0.4541172779388233,False
2023-24,2024-02-27,401585468,old,3,2,0.0003782352283602422,0.330429355416895,False,2,1,0.00012630331213949275,0.10791203265901886,False
2023-24,2024-02-27,401585468,new,3,2,0.00042136640646011557,0.3519769973098262,False,2,1,0.00012989534153841047,0.108530635885057,False
2023-24,2024-02-27,401585467,old,3,2,0.0006837861727807886,0.5308163165721748,True,1,0,0.0,0.0,False
2023-24,2024-02-27,401585467,new,3,2,0.0003008920802772015,0.36810794071860575,False,3,2,0.00035610572233165424,0.40724977209894403,False
2023-24,2024-02-27,401585469,old,8,6,0.002071370443433731,0.5985222841124404,True,7,5,0.000694330773691581,0.36786772437255405,False
2023-24,2024-02-27,401585469,new,4,4,0.0007486530216774913,1.0,True,4,3,0.0003937269170177916,0.4044802584642134,False
2023-24,2024-02-27,401585470,old,9,7,0.0010926201290895386,0.426879576012151,False,9,8,0.001064972510813127,0.44682258219946236,False
2023-24,2024-02-27,401585470,new,6,5,0.0010159847836254856,0.4114341383721296,False,5,4,0.0008294951889238211,0.36335399623131914,False
2023-24,2024-02-28,401585472,old,13,11,0.003863744470389657,0.7376477004938776,True,10,8,0.0011890154093221904,0.37740776010126886,False
2023-24,2024-02-28,401585472,new,9,7,0.002187007423412545,0.478793013722002,False,7,5,0.001539457268349301,0.42671295938623494,False
2023-24,2024-02-28,401585471,old,5,4,0.0014907050655754745,0.5420713117439115,True,2,0,0.0,0.0,False
2023-24,2024-02-28,401585471,new,12,10,0.0026962950020264866,0.5709703361608884,True,10,8,0.0016291053761397323,0.3301943944832511,False
2023-24,2024-02-28,401585473,old,9,7,0.0013110067371562885,0.5810204444021893,True,6,4,0.0005108913263698599,0.3521123845432008,False
2023-24,2024-02-28,401585473,new,5,4,0.000503598369618997,0.4579400618397525,False,5,4,0.0005108913224192766,0.4615111816058948,False
2023-24,2024-02-28,401585474,old,8,6,0.0014455530375923344,0.5095957841141401,True,7,5,0.0006375099705942887,0.3142574986907696,False
2023-24,2024-02-28,401585474,new,8,6,0.0007524655724634429,0.3908291954020627,False,8,6,0.0007742564288823276,0.39764670803561675,False
2023-24,2024-02-28,401585475,old,11,9,0.001495641938613908,0.4306512715256061,False,12,10,0.0013117184796864335,0.3723334910657343,False
2023-24,2024-02-28,401585475,new,8,6,0.0014162269098432901,0.3440094723062153,False,11,9,0.001768531231200328,0.39484413406885316,False
2023-24,2024-02-28,401585476,old,9,9,0.0025356778101746314,1.0,True,8,6,0.0007753452052183263,0.31338094617851,False
2023-24,2024-02-28,401585476,new,13,13,0.0036859167432156496,1.0,True,9,7,0.0011732380235586059,0.3791929311071798,False
2023-24,2024-02-29,401585477,old,5,4,0.0005683937244510233,0.4272224938609962,False,3,2,0.00024676719924284033,0.19540579730139157,False
2023-24,2024-02-29,401585477,new,5,4,0.0005983319437156709,0.4389894836846945,False,3,2,0.00024628232403467584,0.19219606991063512,False
2023-24,2024-02-29,401585478,old,9,7,0.0036779201382856224,0.44973950516704614,False,12,10,0.0014213455088663753,0.42202295802235795,False
2023-24,2024-02-29,401585478,new,6,5,0.0011362398051371278,0.41963550948794126,False,5,4,0.0009824844379453246,0.38469553506192494,False
2023-24,2024-02-29,401585479,old,6,5,0.002852836071633325,0.7893548251702021,True,2,0,0.0,0.0,False
2023-24,2024-02-29,401585479,new,3,2,0.00037794863998647426,0.535065520477336,True,2,0,0.0,0.0,False
2023-24,2024-02-29,401585480,old,6,4,0.0016991560207484115,0.5050668161367868,True,3,1,0.00012681790753225046,0.046401400743889716,False
2023-24,2024-02-29,401585480,new,11,9,0.0026182930547811066,0.5284439636581882,True,11,9,0.0015805619807565002,0.3410215397221519,False
2023-24,2024-02-29,401585481,old,4,4,0.000773081514572758,1.0,True,3,2,0.0002943734600371566,0.35809925032613205,False
2023-24,2024-02-29,401585481,new,3,3,0.0006724811423861815,1.0,True,3,2,0.0002943734600371566,0.3579551275944519,False
2023-24,2024-02-29,401585482,old,11,9,0.003168462530121981,0.5911495514941837,True,12,10,0.0014892343649973614,0.4132973002593447,False
2023-24,2024-02-29,401585482,new,8,7,0.002557162438661244,0.5978076459852361,True,6,5,0.0017261208434553757,0.4370426648373696,False
2023-24,2024-02-29,401585483,old,10,8,0.0011921768000574702,0.36741970645193617,False,11,9,0.0011477793889580607,0.35864407169703577,False
2023-24,2024-02-29,401585483,new,9,7,0.0012031355627087083,0.35708432729522877,False,8,6,0.0010138055651439102,0.3188066054316281,False
2023-24,2024-02-29,401585484,old,5,5,0.0018136698699168403,1.0,True,6,5,0.0006695070986130696,0.3907506378965795,False
2023-24,2024-02-29,401585484,new,8,7,0.002790901933324579,0.9490213186479943,True,6,5,0.0012073265539015836,0.46867962924860257,False
2023-24,2024-03-01,401585486,old,7,5,0.0008255144541485058,0.37722280023195703,False,6,4,0.0005960688169268696,0.30427904051162075,False
2023-24,2024-03-01,401585486,new,7,6,0.001242463124763658,0.45456547968048155,False,6,5,0.0011620855494702976,0.4380400323869038,False
2023-24,2024-03-01,401585485,old,3,2,0.0002686172262345398,0.23865331615617688,False,3,2,0.0002856758015294527,0.2500198007430149,False
2023-24,2024-03-01,401585485,new,3,2,0.00029541256039055275,0.25553123144464124,False,3,2,0.00028632010904647433,0.2496296051166061,False
2023-24,2024-03-01,401585488,old,12,10,0.003983627830403498,0.7350637059964152,True,9,7,0.0010853010782890858,0.37342472349100914,False
2023-24,2024-03-01,401585488,new,9,7,0.0029176680125325262,0.6789260620968053,True,7,5,0.001501889994290778,0.4462821667053527,False
2023-24,2024-03-01,401585487,old,9,8,0.002845911159336782,0.9559978457518797,True,9,8,0.0012743865387686844,0.4436594630102073,False
2023-24,2024-03-01,401585487,new,6,5,0.001886145331539793,0.48568981782934,False,6,5,0.0016529630134689867,0.43023531415717475,False
2023-24,2024-03-01,401585489,old,5,3,0.0008508936739478666,0.6753929885158131,True,2,0,0.0,0.0,False
2023-24,2024-03-01,401585489,new,0,0,0.0,nan,False,0,0,0.0,nan,False
2023-24,2024-03-01,401585491,old,5,4,0.001851217557067451,0.5479885757893226,True,3,1,0.00011999936268633848,0.037201793461972145,False
2023-24,2024-03-01,401585491,new,13,11,0.003495217888392667,0.5956131156179062,True,11,9,0.0020993156147354843,0.3516052162245594,False
2023-24,2024-03-01,401585490,old,11,9,0.0016744499558672705,0.4222710066694283,False,12,10,0.0015244146008768372,0.4194105814686971,False
2023-24,2024-03-01,401585490,new,10,8,0.0023062745428932504,0.4232133671687453,False,9,7,0.001951630816240413,0.4166285006690223,False
2023-24,2024-03-01,401585492,old,7,5,0.0009186918946911127,0.418498824300099,False,4,2,0.00027237043377392436,0.15621215922528967,False
2023-24,2024-03-01,401585492,new,7,5,0.0006793771098434236,0.3504170990860801,False,6,4,0.0005554914645351118,0.27567785177404963,False
2023-24,2024-03-01,401585493,old,3,2,0.00028801977653928067,0.3068443918791365,False,3,2,0.00028243942430494675,0.23622611529743393,False
2023-24,2024-03-01,401585493,new,3,2,0.00028763854864977866,0.2995201023472218,False,3,2,0.00028225105192043406,0.22776418046191207,False
2023-24,2024-03-02,401585494,old,5,4,0.00235021193527182,0.7273344141903312,True,2,0,0.0,0.0,False
2023-24,2024-03-02,401585494,new,2,1,0.00039007242619576964,0.47731288433549457,False,2,0,0.0,0.0,False
2023-24,2024-03-02,401585495,old,9,7,0.0038056886631661333,0.4545768762634173,False,11,9,0.0012998010574867592,0.40457611490483725,False
2023-24,2024-03-02,401585495,new,6,5,0.0010350787004054108,0.4141694842058521,False,5,4,0.0008841824077028255,0.37652490884218137,False
2023-24,2024-03-02,401585497,old,10,9,0.0022737815779336414,0.7766996205647402,True,10,8,0.0011261807776730647,0.3924192315966289,False
2023-24,2024-03-02,401585497,new,11,10,0.0032038966112214844,0.8301836790380301,True,10,8,0.0016830569551151925,0.4441841780054394,False
2023-24,2024-03-02,401585496,old,5,3,0.0007906962472015366,0.6935623351765907,True,2,0,0.0,0.0,False
2023-24,2024-03-02,401585496,new,0,0,0.0,nan,False,0,0,0.0,nan,False
2023-24,2024-03-02,401585498,old,11,9,0.003070822760668127,0.5674350759284593,True,13,11,0.0017605557764517575,0.443495369468834,False
2023-24,2024-03-02,401585498,new,9,8,0.002714685445083014,0.6052439204000302,True,6,5,0.0018301299536906208,0.44387175383769445,False
2023-24,2024-03-03,401585499,old,6,4,0.0021974675101425942,0.5868472250803595,True,2,0,0.0,0.0,False
2023-24,2024-03-03,401585499,new,11,9,0.0022137578271130103,0.3712025321773994,False,11,9,0.0021140883231089837,0.3642310971693163,False
2023-24,2024-03-03,401585500,old,7,6,0.0025542794389654022,0.9344794655643469,True,6,5,0.0009166747360812225,0.3837446071480428,False
2023-24,2024-03-03,401585500,new,8,7,0.0031493944870376704,0.7280474563063987,True,6,5,0.0017552536373623814,0.4543969337397303,False
2023-24,2024-03-03,401585501,old,3,2,0.001018674960179287,0.5715657456770322,True,2,0,0.0,0.0,False
2023-24,2024-03-03,401585501,new,3,2,0.0010311441695103438,0.5742930050965732,True,2,0,0.0,0.0,False
2023-24,2024-03-03,401585502,old,7,6,0.0010494038353815844,0.4359765170736789,False,8,7,0.0010069587738775257,0.425852067469574,False
2023-24,2024-03-03,401585502,new,6,5,0.0010885900383527656,0.4223554483912036,False,5,4,0.0009270807645101636,0.3837386617765424,False
2023-24,2024-03-03,401585503,old,4,3,0.0007991129304838403,0.4685525187252587,False,1,0,0.0,0.0,False
2023-24,2024-03-03,401585503,new,1,0,0.0,0.0,False,0,0,0.0,nan,False
2023-24,2024-03-03,401585504,old,10,8,0.001037536214950294,0.32478280799322856,False,10,8,0.0009950801678320614,0.3061363248586298,False
2023-24,2024-03-03,401585504,new,9,7,0.001118241106268318,0.3228279287645231,False,10,8,0.0012897953760721559,0.348236062870165,False
2023-24,2024-03-03,401585505,old,5,5,0.0016103564129389316,1.0,True,4,3,0.0004130364954654616,0.28063609566908704,False
2023-24,2024-03-03,401585505,new,7,6,0.0018861977633028992,0.8290288029111947,True,6,5,0.0009873563019164922,0.4469842385876419,False
2023-24,2024-03-03,401585506,old,11,10,0.002153658533187746,0.599048506738908,True,10,8,0.001323039400989802,0.38063463001939774,False
2023-24,2024-03-03,401585506,new,14,13,0.0037170544137097674,0.6973434284503427,True,10,8,0.002212237845576286,0.43708521117541255,False
2023-24,2024-03-04,401585507,old,6,5,0.002015759919831825,0.919351094353791,True,5,3,0.00047782175436096493,0.3435892530901047,False
2023-24,2024-03-04,401585507,new,2,2,0.0004722456718995932,1.0,True,2,1,0.00020388561991880518,0.43173634413351375,False
2023-24,2024-03-04,401585508,old,4,3,0.000994551133036759,0.5327957982628696,True,2,0,0.0,0.0,False
2023-24,2024-03-04,401585508,new,4,3,0.001002636526322102,0.5345556161102033,True,2,0,0.0,0.0,False
2023-24,2024-03-04,401585509,old,7,5,0.0006574622817028855,0.4365714732876931,False,7,5,0.0006587515333645692,0.4376692974059561,False
2023-24,2024-03-04,401585509,new,6,5,0.0006589636439335697,0.471189131852361,False,6,5,0.0006587519767488323,0.47110908330556417,False
2023-24,2024-03-04,401585510,old,5,4,0.0030780950503449186,0.4972249015382248,False,4,3,0.00046207492884686393,0.42721538113806234,False
2023-24,2024-03-04,401585510,new,0,0,0.0,nan,False,0,0,0.0,nan,False
2023-24,2024-03-04,401585511,old,12,10,0.002155061675753334,0.5702909519702433,True,9,7,0.0009618127773126028,0.3283976965013998,False
2023-24,2024-03-04,401585511,new,11,9,0.0017371944575267754,0.44534706947292213,False,10,8,0.0017038248132621224,0.427461287890196,False
2023-24,2024-03-04,401585512,old,9,9,0.002368419129604297,1.0,True,8,6,0.0009560986260204443,0.3731163650876285,False
2023-24,2024-03-04,401585512,new,11,11,0.003601932435895582,1.0,True,10,8,0.0016627684538740944,0.4571807829758411,False
2023-24,2024-03-05,401585513,old,7,5,0.0009617853069606002,0.3954035733016701,False,7,5,0.0007939904326579323,0.3506065623079886,False
2023-24,2024-03-05,401585513,new,5,4,0.0010336990901773837,0.40534645944987696,False,6,5,0.0010428537037559728,0.40747352086834043,False
2023-24,2024-03-05,401585518,old,14,12,0.00232838366330258,0.496078427795099,False,13,11,0.0015456354108110994,0.4403933184247705,False
2023-24,2024-03-05,401585518,new,10,8,0.0014299415202800125,0.42176048222571333,False,10,8,0.0016713302712156933,0.44338351607319165,False
2023-24,2024-03-05,401585514,old,4,3,0.00043576816834676833,0.3242812300348772,False,4,3,0.0004209513570471056,0.31674763621044144,False
2023-24,2024-03-05,401585514,new,4,3,0.0004358451387912651,0.32201878845987025,False,4,3,0.0004209513570471056,0.31447521450897775,False
2023-24,2024-03-05,401585517,old,9,7,0.003156096430118259,0.6029353915964787,True,11,9,0.0014071720122096811,0.4074499028021912,False
2023-24,2024-03-05,401585517,new,7,5,0.0010768232826568985,0.3731119668144074,False,8,6,0.0011659760164593985,0.39655439913766055,False
2023-24,2024-03-05,401585516,old,6,5,0.0009359559508663731,0.41273801040144387,False,6,5,0.0007766969452605212,0.36837924518950144,False
2023-24,2024-03-05,401585516,new,5,4,0.0009678057758482591,0.3972694767753104,False,6,5,0.0009947910488559352,0.40387280281375665,False
2023-24,2024-03-05,401585515,old,10,9,0.0022526850025133,0.620833338213222,True,10,8,0.0012377496405877552,0.3829776990078895,False
2023-24,2024-03-05,401585515,new,6,5,0.0012366236523013664,0.4353375857444656,False,7,5,0.0011899405646789076,0.39221210960908487,False
2023-24,2024-03-05,401585519,old,5,4,0.0024284146570157325,0.7921265766530068,True,4,3,0.00043246545869542484,0.4302525367258371,False
2023-24,2024-03-05,401585519,new,0,0,0.0,nan,False,0,0,0.0,nan,False
2023-24,2024-03-05,401585520,old,9,7,0.003424048283318678,0.9074778895968671,True,7,5,0.0006054383251925037,0.1913015384038593,False
2023-24,2024-03-05,401585520,new,11,9,0.003450492353170884,0.5401195347413343,True,9,7,0.0020946231587038364,0.3945678035348393,False
2023-24,2024-03-05,401585521,old,9,7,0.0017102928979354846,0.46146397769642,False,9,7,0.0012599711032978498,0.382424645798563,False
2023-24,2024-03-05,401585521,new,13,11,0.0036971325300547498,0.6361736772791806,True,9,7,0.002117288919798375,0.4397174345952848,False
2023-24,2024-03-06,401585522,old,7,6,0.001007163157257906,0.4307708169410936,False,8,7,0.000988440443247737,0.42617572544808563,False
2023-24,2024-03-06,401585522,new,6,5,0.0009907692739399474,0.40732233640903037,False,7,6,0.0010741872386887418,0.42697401281501407,False
2023-24,2024-03-06,401585523,old,9,7,0.0027971578412865064,0.6378663375763061,True,10,8,0.0011888475020972375,0.43143785608937424,False
2023-24,2024-03-06,401585523,new,7,5,0.0007718313251212847,0.39647037059931833,False,8,6,0.0008706075033094148,0.4299416864609085,False
2023-24,2024-03-06,401585524,old,9,7,0.0014862609476752112,0.4990276043098856,False,7,5,0.000740151341627553,0.3301283041893453,False
2023-24,2024-03-06,401585524,new,8,7,0.001361550764554119,0.46342561220113365,False,6,5,0.00121256485015027,0.4347625675849109,False
2023-24,2024-03-06,401585525,old,9,8,0.0034509971078073936,0.8483763472985434,True,10,8,0.0010968577025202038,0.42401423451692777,False
2023-24,2024-03-06,401585525,new,6,6,0.0013933678952119447,1.0,True,6,5,0.000663332098894588,0.414313530292933,False
2023-24,2024-03-06,401585526,old,4,2,0.002886591251128278,0.426339869723404,False,3,1,0.00010874719373957704,0.08240663360398973,False
2023-24,2024-03-06,401585526,new,3,2,0.00033362502465146673,0.38840378544130816,False,3,2,0.00039534835264649594,0.42940670570591244,False
2023-24,2024-03-06,401585527,old,12,10,0.0031026638190371826,0.7567325505617727,True,11,9,0.001367071267450399,0.3721524585391299,False
2023-24,2024-03-06,401585527,new,12,10,0.003780646113806696,0.6556463101699407,True,12,10,0.0022529865679022576,0.43562780672556767,False
2023-24,2024-03-06,401585528,old,6,6,0.0011836033774799244,1.0,True,6,5,0.0006891163756932026,0.4833450295962242,False
2023-24,2024-03-06,401585528,new,6,6,0.00118878925871147,1.0,True,6,5,0.0006891163860263047,0.4827976646078202,False
2023-24,2024-03-06,401585529,old,3,2,0.0019909308662543037,0.4740457176372306,False,2,0,0.0,0.0,False
2023-24,2024-03-06,401585529,new,5,4,0.0033558086738366922,0.5102965780294186,True,3,1,0.00011484369007528413,0.02398512904787177,False
2023-24,2024-03-07,401585530,old,6,6,0.001729038238223972,1.0,True,4,3,0.00044365725336749075,0.42070457366664116,False
2023-24,2024-03-07,401585530,new,2,2,0.00032765248901135593,1.0,True,2,1,0.00015452290127841524,0.47180970520749277,False
2023-24,2024-03-07,401585531,old,10,8,0.0021519408660475334,0.7206588233027547,True,8,6,0.0009284197091999262,0.332126321988072,False
2023-24,2024-03-07,401585531,new,11,9,0.002537697643947759,0.6657711606421983,True,10,8,0.0016257132265899165,0.4294806218194067,False
2023-24,2024-03-07,401585532,old,6,4,0.0019399702307778923,0.5418960240691328,True,4,2,0.0002980368178089945,0.0999393841483609,False
2023-24,2024-03-07,401585532,new,10,8,0.00223958400003078,0.3723523486048484,False,10,8,0.0016130240056358536,0.3383712042899144,False
2023-24,2024-03-07,401585533,old,11,9,0.002268850288690067,0.4694824465368395,False,9,7,0.0011662951980036672,0.38460160503630014,False
2023-24,2024-03-07,401585533,new,11,9,0.003286159516647853,0.6502022642008064,True,6,5,0.001853373064876224,0.4567932568791205,False
2023-24,2024-03-07,401585536,old,8,7,0.0013306746442895054,0.5114918994745768,True,8,7,0.0011076657986517889,0.4289219299718785,False
2023-24,2024-03-07,401585536,new,8,7,0.001620902275959404,0.4422136056922258,False,8,7,0.0016576641053682388,0.45427866464833205,False
2023-24,2024-03-07,401585535,old,9,7,0.002580426629055873,0.7495734536368195,True,6,4,0.000674313354436797,0.2353620425874125,False
2023-24,2024-03-07,401585535,new,12,10,0.004147013263634036,0.6726386764735174,True,9,7,0.002360522873334901,0.4402964308958852,False
2023-24,2024-03-07,401585534,old,4,3,0.0004508928604179699,0.4012978337860274,False,4,3,0.00045089286093696445,0.4012978340625732,False
2023-24,2024-03-07,401585534,new,4,3,0.00045129695523867447,0.4012448085078124,False,4,3,0.00045089286093696445,0.4010296120584766,False
2023-24,2024-03-08,401585538,old,1,0,0.0,0.0,False,1,0,0.0,0.0,False
2023-24,2024-03-08,401585538,new,0,0,0.0,nan,False,0,0,0.0,nan,False
2023-24,2024-03-08,401585537,old,4,2,0.00029426403595305556,0.09965572963383484,False,4,2,0.00032115583596728823,0.10227124994949212,False
2023-24,2024-03-08,401585537,new,10,8,0.0017925088479883112,0.3479925831058091,False,10,8,0.001946899121484017,0.34893917480909253,False
2023-24,2024-03-08,401585540,old,2,0,0.0,0.0,False,2,0,0.0,0.0,False
2023-24,2024-03-08,401585540,new,2,0,0.0,0.0,False,3,1,0.00020363894438470628,0.05970023835222464,False
2023-24,2024-03-08,401585542,old,11,10,0.0018882997004934419,0.5864197472266653,True,10,8,0.001185822188726053,0.37192219064929605,False
2023-24,2024-03-08,401585542,new,11,10,0.0019474239484266861,0.576991015417202,True,10,8,0.0013440619806402096,0.3904027369804111,False
2023-24,2024-03-08,401585541,old,7,5,0.002968479809904917,0.7851072544957286,True,3,1,0.00012700893783116712,0.13403445264896074,False
2023-24,2024-03-08,401585541,new,2,1,0.00011985755102878685,0.4179476047633898,False,2,1,0.00011985755102878685,0.41789152398895474,False
2023-24,2024-03-08,401585539,old,3,1,0.00011766856409961427,0.06479595087819684,False,2,0,0.0,0.0,False
2023-24,2024-03-08,401585539,new,3,1,0.00011741841015499998,0.06454296273966563,False,2,0,0.0,0.0,False
2023-24,2024-03-08,401585544,old,4,3,0.0015820483315471588,0.721084617312915,True,3,2,0.00031408601204967304,0.3787517376648508,False
2023-24,2024-03-08,401585544,new,0,0,0.0,nan,False,0,0,0.0,nan,False
2023-24,2024-03-08,401585543,old,8,7,0.0017901592882031939,0.7185581061379718,True,7,5,0.0007731157111664119,0.28730249813362063,False
2023-24,2024-03-08,401585543,new,9,8,0.00261933284845816,0.7887329124388642,True,7,5,0.0011111978419761517,0.34753968535375235,False
2023-24,2024-03-09,401585545,old,8,7,0.0015701857575064274,0.6529085728515559,True,7,5,0.0008290537931092053,0.3333338249534985,False
2023-24,2024-03-09,401585545,new,8,7,0.0020571809082477266,0.6207293153175191,True,7,5,0.0013896424290270565,0.3992372257099484,False
2023-24,2024-03-09,401585546,old,6,5,0.0011877888176856876,0.8998029246032436,True,3,1,0.00012339504067323585,0.17616330524368806,False
2023-24,2024-03-09,401585546,new,0,0,0.0,nan,False,1,0,0.0,0.0,False
2023-24,2024-03-09,401585547,old,7,6,0.00206998481003918,0.8876748586833061,True,5,4,0.0007909572686385704,0.3709128422009394,False
2023-24,2024-03-09,401585547,new,7,6,0.0022330892928650596,0.4900863986601572,False,6,5,0.0015382369622065806,0.46624935879980767,False
2023-24,2024-03-09,401585548,old,7,6,0.001395547389217517,0.46982542744476297,False,9,8,0.001352087365548678,0.45805224573436215,False
2023-24,2024-03-09,401585548,new,10,9,0.0030395240791315776,0.627868870749575,True,6,5,0.0018985963934398248,0.44879143112792863,False
2023-24,2024-03-09,401585549,old,8,6,0.0021106317665092775,0.8569313388778942,True,6,4,0.000714258890530061,0.3416403935477131,False
2023-24,2024-03-09,401585549,new,8,7,0.0026464395203841568,0.7110023127267758,True,6,5,0.0014307249926628397,0.4660705148601323,False
2023-24,2024-03-09,401585550,old,7,5,0.0023683712195259224,0.4422373130094035,False,8,6,0.0008472188071604826,0.4342668043171283,False
2023-24,2024-03-09,401585550,new,4,2,0.00027187884958854337,0.247570354395716,False,4,3,0.00045096982902734825,0.4174887391037858,False
2023-24,2024-03-09,401585551,old,4,3,0.0008573026003995225,0.48190940904886786,False,2,1,0.0001082759490090458,0.26371779973626025,False
2023-24,2024-03-09,401585551,new,0,0,0.0,nan,False,0,0,0.0,nan,False
2023-24,2024-03-10,401585552,old,4,3,0.0010528158935033372,0.5994685421342606,True,2,0,0.0,0.0,False
2023-24,2024-03-10,401585552,new,4,3,0.0010568935041058876,0.6002158997385812,True,2,0,0.0,0.0,False
2023-24,2024-03-10,401585553,old,10,8,0.0023632696937123825,0.6167959511497816,True,10,8,0.0010657104837038351,0.38466614062645976,False
2023-24,2024-03-10,401585553,new,7,5,0.000828940824167865,0.3719355355652668,False,10,8,0.0012718484327552658,0.42681680349273216,False
2023-24,2024-03-10,401585554,old,8,7,0.0011471332858658538,0.4672149638236754,False,8,7,0.0009681560304150037,0.42532364483254587,False
2023-24,2024-03-10,401585554,new,7,6,0.001073810021080733,0.43029861497808164,False,6,5,0.0009796114155487937,0.4079502812260384,False
2023-24,2024-03-10,401585557,old,10,8,0.002755342269780257,0.6281476294573962,True,10,8,0.0012564214486151194,0.40368551508750466,False
2023-24,2024-03-10,401585557,new,8,7,0.0015475040145870255,0.4642404361534706,False,9,8,0.0016553814415241996,0.4661489839297999,False
2023-24,2024-03-10,401585556,old,4,2,0.0012252459296082467,0.4481152828863524,False,3,1,0.00015180493458610744,0.05552042133326337,False
2023-24,2024-03-10,401585556,new,6,4,0.0015535915903342244,0.419487198447253,False,4,2,0.0005124977620401434,0.14345874823856142,False
2023-24,2024-03-10,401585559,old,8,7,0.001960790536417712,0.8762671898893177,True,6,4,0.0005903910214511549,0.39394208227360505,False
2023-24,2024-03-10,401585559,new,4,4,0.0008418546072889826,1.0,True,4,3,0.00046667180019499636,0.42439259857153855,False
2023-24,2024-03-10,401585558,old,9,8,0.001480045168195894,0.6428345205010872,True,6,4,0.0005396261034668447,0.30356871329457424,False
2023-24,2024-03-10,401585558,new,4,3,0.000446505539908918,0.3520279156154886,False,4,3,0.00041737223013643676,0.33679482643572706,False
2023-24,2024-03-10,401585555,old,3,1,0.00016619280370331024,0.0578142159386869,False,4,2,0.00027340566341026265,0.0909423921949006,False
2023-24,2024-03-10,401585555,new,5,3,0.0006445356237279421,0.16278073012701694,False,4,2,0.0005461294595228497,0.14008169786392488,False
2023-24,2024-03-10,401585560,old,11,10,0.002714072618824666,0.7925830528983483,True,9,7,0.001229017538874796,0.38437397785337224,False
2023-24,2024-03-10,401585560,new,11,10,0.0039566879831423344,0.847684666310257,True,10,8,0.0019624149292163393,0.45086109837009375,False
2023-24,2024-03-11,401585561,old,1,0,0.0,0.0,False,1,0,0.0,0.0,False
2023-24,2024-03-11,401585561,new,1,1,0.00010905759705197907,1.0,True,1,0,0.0,0.0,False
2023-24,2024-03-11,401585562,old,10,8,0.0017220639351534057,0.40293413218211105,False,9,7,0.001250410446764876,0.3263902067825819,False
2023-24,2024-03-11,401585562,new,12,10,0.003598824885703533,0.5719678276248971,True,9,7,0.0021366787549169214,0.3945626879033783,False
2023-24,2024-03-11,401585563,old,7,5,0.002586990227403513,0.7259186636556683,True,5,3,0.0006319890587200048,0.20969712112792085,False
2023-24,2024-03-11,401585563,new,12,10,0.003111124902183773,0.47083647082524616,False,10,8,0.0024440057012311825,0.43405971386857883,False
2023-24,2024-03-11,401585564,old,8,6,0.0017821786644842265,0.8187659450447132,True,6,4,0.0005997231753475139,0.3372135760787973,False
2023-24,2024-03-11,401585564,new,8,7,0.0019450576081006374,0.6888555821651031,True,5,4,0.0009860560486229055,0.45567270665106274,False
2023-24,2024-03-11,401585565,old,6,4,0.0009842083445608472,0.40706044606069774,False,5,3,0.0004190024514983133,0.33942151312626795,False
2023-24,2024-03-11,401585565,new,3,2,0.0003117687804905441,0.3656015882191373,False,3,2,0.0003063038775778784,0.3615098095912369,False
2023-24,2024-03-11,401585566,old,0,0,0.0,nan,False,0,0,0.0,nan,False
2023-24,2024-03-11,401585566,new,0,0,0.0,nan,False,0,0,0.0,nan,False
2023-24,2024-03-12,401585567,old,2,0,0.0,0.0,False,2,0,0.0,0.0,False
2023-24,2024-03-12,401585567,new,3,1,0.0001699009060984014,0.04104228052959474,False,3,1,0.0001699009060984014,0.040751697126114914,False
2023-24,2024-03-12,401585569,old,9,9,0.002800510457676937,1.0,True,8,6,0.0010242152573575957,0.35844459524370015,False
2023-24,2024-03-12,401585569,new,10,9,0.0031280403831708205,0.8647915359398378,True,9,7,0.0016229233794956377,0.434313687927915,False
2023-24,2024-03-12,401585568,old,3,2,0.0010865962030227555,0.8534555695788901,True,2,1,0.00012001407855226573,0.37848047927437617,False
2023-24,2024-03-12,401585568,new,1,1,0.00011795716733261427,1.0,True,0,0,0.0,nan,False
2023-24,2024-03-12,401585570,old,5,3,0.0014464841762115393,0.6984619711827043,True,4,2,0.00029212622769646853,0.3268023749008112,False
2023-24,2024-03-12,401585570,new,0,0,0.0,nan,False,0,0,0.0,nan,False
2023-24,2024-03-12,401585571,old,4,3,0.0019265185418265351,0.4899969708762793,False,4,3,0.000389444549302329,0.460170975599491,False
2023-24,2024-03-12,401585571,new,0,0,0.0,nan,False,0,0,0.0,nan,False
2023-24,2024-03-12,401585572,old,3,2,0.001011362763094054,0.5422489692334396,True,2,0,0.0,0.0,False
2023-24,2024-03-12,401585572,new,3,2,0.0010208878563230989,0.5437672683948312,True,2,0,0.0,0.0,False
2023-24,2024-03-12,401585573,old,9,7,0.001695403527260735,0.40260686396420614,False,8,6,0.0010812675770818978,0.2981258492262751,False
2023-24,2024-03-12,401585573,new,8,6,0.002320519435684521,0.41286494757741937,False,8,6,0.0018079893756583465,0.3641675000975197,False
2023-24,2024-03-13,401585575,old,9,8,0.0018278428521511492,0.5524759409475954,True,11,9,0.0014268471208705984,0.42227422103760853,False
2023-24,2024-03-13,401585575,new,7,6,0.0013749406862182398,0.45830649506216686,False,7,5,0.0011869497025515298,0.4004337080946235,False
2023-24,2024-03-13,401585574,old,3,2,0.0007715796574956719,0.45599597607069026,False,2,1,0.0001302156590568474,0.34392983024596213,False
2023-24,2024-03-13,401585574,new,0,0,0.0,nan,False,0,0,0.0,nan,False
2023-24,2024-03-13,401585577,old,10,8,0.001372594561704846,0.4377536508988967,False,9,7,0.0011262626665493624,0.389816932178447,False
2023-24,2024-03-13,401585577,new,8,6,0.0013376135821589895,0.4106040461343804,False,8,6,0.001355699552527496,0.41385819239618865,False
2023-24,2024-03-13,401585579,old,4,2,0.00048807777050384086,0.177408422539513,False,2,0,0.0,0.0,False
2023-24,2024-03-13,401585579,new,5,3,0.0007201284346669792,0.2235568811258503,False,5,3,0.0004977905172741323,0.14426661615553882,False
2023-24,2024-03-13,401585578,old,4,2,0.0011439453673505217,0.772917892702019,True,3,1,0.0001262084415236565,0.26493862551500696,False
2023-24,2024-03-13,401585578,new,0,0,0.0,nan,False,1,0,0.0,0.0,False
2023-24,2024-03-13,401585576,old,6,5,0.002109724472537778,0.7601370341391135,True,5,3,0.00047453807699820663,0.1794469285569974,False
2023-24,2024-03-13,401585576,new,6,4,0.002002262704435566,0.5838872941686611,True,5,3,0.0006295175264925567,0.18714582034633506,False
2023-24,2024-03-13,401585580,old,7,5,0.0030428121481115627,0.8476254001612733,True,4,2,0.0002456676164660985,0.07062031368661799,False
2023-24,2024-03-13,401585580,new,7,5,0.0018040126940595165,0.2904679620073076,False,6,4,0.000860538847500949,0.1648138735594278,False
2023-24,2024-03-13,401585581,old,4,3,0.0012071939245959368,0.6998932627015109,True,4,3,0.0003913500147733722,0.43055489748202525,False
2023-24,2024-03-13,401585581,new,2,1,0.00013210883334233823,0.4462496532841526,False,2,1,0.00013210883334233823,0.44633501570377493,False
2023-24,2024-03-13,401585582,old,3,2,0.0018981968668844596,0.4819067216940081,False,2,0,0.0,0.0,False
2023-24,2024-03-13,401585582,new,5,4,0.003291186725741265,0.5205193412010763,True,3,1,0.00011198990561351293,0.022441653533885927,False
2023-24,2024-03-14,401585583,old,5,4,0.0012040902921468424,0.4224411482261779,False,7,6,0.0011632072304701567,0.4108349907418882,False
2023-24,2024-03-14,401585583,new,7,6,0.00246115931721586,0.5654505058865599,True,6,5,0.0018834470928951873,0.4410052806970018,False
2023-24,2024-03-14,401585584,old,5,4,0.001276854648017639,0.6437777150241986,True,5,3,0.0005204332425148143,0.24547086357230474,False
2023-24,2024-03-14,401585584,new,7,6,0.0019643595878817907,0.6533274980049201,True,7,5,0.0012643853422054895,0.3894985201696898,False
2023-24,2024-03-14,401585585,old,4,3,0.0014690100330336906,0.7852567443106512,True,2,1,0.00015180521557282218,0.2678147806079966,False
2023-24,2024-03-14,401585585,new,0,0,0.0,nan,False,0,0,0.0,nan,False
2023-24,2024-03-14,401585586,old,9,7,0.0013303032202750028,0.4042008049962122,False,7,5,0.0009018072752841948,0.2832111676885619,False
2023-24,2024-03-14,401585586,new,11,9,0.0019458894123846361,0.4519017300130697,False,9,7,0.0016844496775847287,0.3866160316060725,False
2023-24,2024-03-14,401585588,old,9,7,0.0010506587539346655,0.42667369417620943,False,9,8,0.0011664417132142052,0.4513010095579455,False
2023-24,2024-03-14,401585588,new,7,6,0.0010485844969864541,0.42618758187183603,False,7,6,0.0010792896819159154,0.4157992338209945,False
2023-24,2024-03-14,401585587,old,10,9,0.0033297186643428322,0.9669998150466078,True,11,9,0.0015620839781123974,0.4097847416446676,False
2023-24,2024-03-14,401585587,new,12,11,0.0031388645480041563,0.6059276390315037,True,11,9,0.002335199608313236,0.44420055795597724,False
2023-24,2024-03-15,401585590,old,6,5,0.0008546649056465431,0.41622389704975293,False,5,4,0.0006445471903048785,0.34967783404705766,False
2023-24,2024-03-15,401585590,new,7,6,0.0012112108585734173,0.4625610197355134,False,6,5,0.001159570962300798,0.4517488161261809,False
2023-24,2024-03-15,401585589,old,6,4,0.0011491153601266375,0.40165366207139847,False,9,7,0.0012619512015877947,0.41999284073972715,False
2023-24,2024-03-15,401585589,new,7,6,0.0027534186925704004,0.609202841846715,True,6,5,0.0019760908885603254,0.45695125417381977,False
2023-24,2024-03-15,401585591,old,10,8,0.0018988571238060747,0.43819678888265196,False,11,9,0.0012832661584294897,0.4442595319541887,False
2023-24,2024-03-15,401585591,new,7,5,0.0010368479079424216,0.3968826985161238,False,7,6,0.0010484055323627158,0.4241570300068566,False
2023-24,2024-03-15,401585592,old,7,6,0.0016735723785216805,0.5906827787866834,True,8,6,0.0008389034450835851,0.2665061415950611,False
2023-24,2024-03-15,401585592,new,8,7,0.001993873479286522,0.5661891276156306,True,8,6,0.0012507992561219864,0.3093618051572707,False
2023-24,2024-03-15,401585593,old,3,2,0.0003302320642481124,0.42517373228425887,False,3,2,0.00032231372747231515,0.4192531004640965,False
2023-24,2024-03-15,401585593,new,3,2,0.0003358312319890169,0.4292879541099618,False,3,2,0.0003223132956678395,0.4192527742732547,False
2023-24,2024-03-15,401585594,old,3,1,0.0016480815400692905,0.3662916198900244,False,2,0,0.0,0.0,False
2023-24,2024-03-15,401585594,new,2,1,0.00016342962511018793,0.47756700413590425,False,2,1,0.00016342962511018793,0.4775686301236988,False
2023-24,2024-03-16,401585595,old,7,5,0.002048262661752891,0.605790363163135,True,5,3,0.000496991773945876,0.2671691432181627,False
2023-24,2024-03-16,401585595,new,4,3,0.00048196885666639856,0.33869393149611987,False,4,3,0.0004951760256867194,0.3447751212329393,False
2023-24,2024-03-16,401585598,old,10,8,0.0012225685513080062,0.5080345398975097,True,8,7,0.0010149328511719462,0.427900558769245,False
2023-24,2024-03-16,401585598,new,8,7,0.0012220670555578902,0.46829875039486973,False,9,8,0.0014641023656614613,0.4536593911630471,False
2023-24,2024-03-16,401585597,old,6,4,0.0006698930345529378,0.3616412794689296,False,5,3,0.0005617733915817689,0.3220717515743353,False
2023-24,2024-03-16,401585597,new,7,6,0.001349628634690271,0.48974473929978396,False,6,5,0.0012947208383574961,0.4793714256350343,False
2023-24,2024-03-16,401585596,old,9,9,0.0030376498035201995,1.0,True,7,5,0.000921956117961189,0.3584138841394774,False
2023-24,2024-03-16,401585596,new,9,8,0.0027079243170138293,0.8435057753287732,True,8,6,0.0014851010812395686,0.4638128463040174,False
2023-24,2024-03-16,401585599,old,3,2,0.0003116589309428841,0.36028086309718066,False,2,1,0.00015534158101542206,0.21918394163839133,False
2023-24,2024-03-16,401585599,new,4,3,0.0005993086698948177,0.46624814018436833,False,4,3,0.0006517884373128562,0.4869126991936453,False
2023-24,2024-03-16,401585600,old,6,5,0.0019602321022244595,0.9001178208567419,True,5,3,0.00046401632378139095,0.37913524278429317,False
2023-24,2024-03-16,401585600,new,3,3,0.000739551262407887,1.0,True,3,2,0.0003308574512418534,0.37587443168096835,False
2023-24,2024-03-16,401585601,old,5,4,0.002399143553094782,0.8782343370994239,True,3,1,0.00013909392237426263,0.052637306899777456,False
2023-24,2024-03-16,401585601,new,6,5,0.0025216531699400802,0.7348901499229636,True,3,1,0.00037039021763955575,0.11360186588634795,False
2023-24,2024-03-16,401585602,old,8,6,0.0024283235257570113,0.45269896561165807,False,7,5,0.0006995481329934832,0.39593252348126684,False
2023-24,2024-03-16,401585602,new,5,3,0.00032985683681392865,0.2898493654118273,False,4,3,0.0003925492630622308,0.38526501548253594,False
2023-24,2024-03-16,401585603,old,3,1,0.0005621920658536624,0.17164114455207735,False,2,0,0.0,0.0,False
2023-24,2024-03-16,401585603,new,7,5,0.0013735406760994888,0.29289414683745124,False,7,5,0.0011416040784902651,0.2350694479760137,False
2023-24,2024-03-17,401585604,old,10,8,0.0017989260131510384,0.4465114477671157,False,9,7,0.0011421617847252644,0.3038716375969931,False
2023-24,2024-03-17,401585604,new,10,8,0.003285893981992203,0.569964721285911,True,8,6,0.0018844711381838916,0.36063117792250304,False
2023-24,2024-03-17,401585605,old,6,5,0.0008091648380241774,0.4025185791821293,False,4,3,0.0005181657942549375,0.30138962349974646,False
2023-24,2024-03-17,401585605,new,7,6,0.0011609304128573715,0.4538915063992772,False,6,5,0.0011052665390648667,0.4417421253898863,False
2023-24,2024-03-17,401585606,old,13,11,0.0032842011777663447,0.8597270379089188,True,13,11,0.0017665702336917535,0.46659585257879843,False
2023-24,2024-03-17,401585606,new,9,7,0.0022966846409678424,0.4684958386246003,False,9,7,0.0020726232412313084,0.4433247932940059,False
2023-24,2024-03-17,401585607,old,10,8,0.0019005784150266758,0.43192048231931945,False,11,9,0.0013145383562389913,0.4401881034396027,False
2023-24,2024-03-17,401585607,new,8,6,0.0011561380783818938,0.40510604015899027,False,8,7,0.0012009211500498146,0.4394698192532967,False
2023-24,2024-03-17,401585608,old,0,0,0.0,nan,False,0,0,0.0,nan,False
2023-24,2024-03-17,401585608,new,0,0,0.0,nan,False,0,0,0.0,nan,False
2023-24,2024-03-17,401585609,old,4,4,0.0009484031798024434,1.0,True,3,2,0.0003040549964820192,0.4348839776137586,False
2023-24,2024-03-17,401585609,new,2,2,0.00034926044873303576,1.0,True,2,1,0.00017154294088872962,0.49167183846066664,False
2023-24,2024-03-17,401585610,old,8,7,0.002710174359457743,0.8513464370788237,True,7,5,0.0007877549200606975,0.37374877198121875,False
2023-24,2024-03-17,401585610,new,6,5,0.0014776334132737946,0.8821472154268513,True,6,4,0.0006480856569211952,0.3757130986312378,False
2023-24,2024-03-18,401585611,old,6,5,0.001978745532539268,0.6444813376065992,True,7,5,0.0008314443140917194,0.2536467136537556,False
2023-24,2024-03-18,401585611,new,9,7,0.002408157757206975,0.609025583228407,True,8,6,0.001273116558410103,0.3211695330187758,False
2023-24,2024-03-18,401585612,old,0,0,0.0,nan,False,0,0,0.0,nan,False
2023-24,2024-03-18,401585612,new,0,0,0.0,nan,False,0,0,0.0,nan,False
2023-24,2024-03-18,401585613,old,3,1,0.0001297348426399284,0.04342439029562179,False,3,1,0.0001297348426399284,0.04342439029562179,False
2023-24,2024-03-18,401585613,new,4,2,0.0004292702984524263,0.10761405296457699,False,3,1,0.00030640296275240026,0.07925350194779196,False
2023-24,2024-03-18,401585614,old,5,3,0.00035072646299299105,0.35197487391446924,False,3,2,0.00025399043692121806,0.32643184872209546,False
2023-24,2024-03-18,401585614,new,2,1,0.00033601925224484416,0.36265061227006423,False,3,2,0.00047626592316577117,0.45377618553192794,False
2023-24,2024-03-18,401585615,old,6,4,0.0014335423176303728,0.410598623145555,False,5,3,0.0004856154764292726,0.3573917258532295,False
2023-24,2024-03-18,401585615,new,3,1,0.00016236915073031787,0.17769560040185603,False,3,2,0.0003457897189107673,0.3809366327223122,False
2023-24,2024-03-18,401585616,old,7,5,0.0018107304836666469,0.5228687143087045,True,6,4,0.0005983659499568382,0.1897769005449711,False
2023-24,2024-03-18,401585616,new,10,8,0.0021549228907850383,0.500521917622708,True,9,7,0.0012084178954210425,0.3050551045865636,False
2023-24,2024-03-18,401585618,old,8,7,0.002689508389600946,0.9340616869326074,True,5,3,0.0005162152411459401,0.27870149413317813,False
2023-24,2024-03-18,401585618,new,6,6,0.0020888554043544385,1.0,True,5,4,0.000868184723009044,0.4508360739002493,False
2023-24,2024-03-18,401585617,old,10,8,0.002322025520446344,0.551244875462503,True,11,9,0.0014455034319473964,0.4359269932775334,False
2023-24,2024-03-18,401585617,new,9,8,0.002117301476842747,0.45785716194186016,False,8,7,0.0018692711119767049,0.45635217435270375,False
2023-24,2024-03-19,401585619,old,8,6,0.0010753008508923338,0.415682454060359,False,9,7,0.0010255009199071192,0.4042127651526794,False
2023-24,2024-03-19,401585619,new,6,5,0.0010753647380055866,0.4264120776446093,False,9,7,0.0011443795844381598,0.4223125483959835,False
2023-24,2024-03-19,401585620,old,3,2,0.0006915313319675569,0.6844414675049266,True,1,0,0.0,0.0,False
2023-24,2024-03-19,401585620,new,0,0,0.0,nan,False,0,0,0.0,nan,False
2023-24,2024-03-19,401585621,old,10,9,0.0016258307569691345,0.6053884836823328,True,11,9,0.0012780761979427787,0.4409149646176688,False
2023-24,2024-03-19,401585621,new,8,7,0.001199227886233167,0.48222435558630794,False,9,8,0.0013648297232226486,0.46549019295396993,False
2023-24,2024-03-19,401585622,old,8,6,0.0025544395584487394,0.9160111880121038,True,9,7,0.0011834805017690035,0.40770410174892846,False
2023-24,2024-03-19,401585622,new,9,8,0.002266065603861853,0.5315322231191192,True,9,7,0.001923681527759411,0.45197214604500296,False
2023-24,2024-03-19,401585623,old,2,0,0.0,0.0,False,2,0,0.0,0.0,False
2023-24,2024-03-19,401585623,new,2,0,0.0,0.0,False,2,0,0.0,0.0,False
2023-24,2024-03-20,401585625,old,6,5,0.0016970340758019392,0.9350309162988593,True,4,3,0.0005854819028636764,0.34285551668396774,False
2023-24,2024-03-20,401585625,new,5,4,0.0020000644867078053,0.7705778336065984,True,4,3,0.0011289913873823144,0.4360008941393525,False
2023-24,2024-03-20,401585624,old,6,4,0.0007928355647781135,0.2639244511602106,False,7,5,0.0009581307985563687,0.30231432130826297,False
2023-24,2024-03-20,401585624,new,9,7,0.0014434353953350948,0.36924185225316314,False,8,6,0.001459229291295146,0.3717799866268712,False
2023-24,2024-03-20,401585627,old,9,7,0.0019994480878207225,0.4456823749669204,False,8,6,0.0010848123534579733,0.37811226865275677,False
2023-24,2024-03-20,401585627,new,9,8,0.001978590661483917,0.46464416580628426,False,8,7,0.0017820661509738145,0.4564122804669811,False
2023-24,2024-03-20,401585626,old,4,3,0.0005281711941277563,0.4801455479872194,False,4,3,0.00048283559846258237,0.3559754879741132,False
2023-24,2024-03-20,401585626,new,4,3,0.0005266510276998431,0.47949334073362476,False,4,3,0.00048256620183802706,0.35627613440393063,False
2023-24,2024-03-20,401585628,old,6,4,0.0006360179287318314,0.30515496952590815,False,5,3,0.0005116413659233129,0.3815753149514718,False
2023-24,2024-03-20,401585628,new,3,2,0.0003617610867001033,0.43057050716157375,False,3,2,0.0003617610867001033,0.40258683641684767,False
2023-24,2024-03-20,401585631,old,6,6,0.0019698029240227334,1.0,True,6,5,0.0007845526664033828,0.4097764049091244,False
2023-24,2024-03-20,401585631,new,5,5,0.0019124918425562072,1.0,True,6,5,0.000817489221431265,0.39744115144287495,False
2023-24,2024-03-20,401585630,old,7,5,0.0010766355422217576,0.2666807158667414,False,6,4,0.0005696486646044094,0.15989222005490492,False
2023-24,2024-03-20,401585630,new,14,12,0.003876007609327954,0.5409647937521767,True,10,8,0.0026079887290739157,0.40300835144510466,False
2023-24,2024-03-20,401585629,old,9,7,0.0023290204582171194,0.8120269659483969,True,5,3,0.0004534253868400515,0.2958258210309896,False
2023-24,2024-03-20,401585629,new,5,4,0.0007189664599787019,0.5181965512009911,True,4,3,0.0004790251297641408,0.3983011361808907,False
2023-24,2024-03-21,401585632,old,3,1,0.00024599753598352256,0.08154187964606471,False,2,0,0.0,0.0,False
2023-24,2024-03-21,401585632,new,7,5,0.0008696800928338648,0.22506889659287865,False,6,4,0.000572143346520704,0.14588374775586127,False
2023-24,2024-03-21,401585633,old,8,6,0.001424407821292909,0.48774511008467986,False,7,6,0.0010962491048532028,0.40426163194203646,False
2023-24,2024-03-21,401585633,new,8,6,0.0016534778930212444,0.40791649919978,False,8,7,0.001811144856851989,0.45292252799171856,False
2023-24,2024-03-21,401585635,old,8,7,0.0014460473459867323,0.7319805434943696,True,7,5,0.0007919900301650319,0.3792258929427942,False
2023-24,2024-03-21,401585635,new,5,4,0.0008393973274835982,0.613253145847254,True,5,4,0.0006598060393240267,0.3993700043328075,False
2023-24,2024-03-21,401585634,old,5,3,0.000537733251637517,0.3333423226513329,False,3,1,0.0001411526759762568,0.10541081993207108,False
2023-24,2024-03-21,401585634,new,3,2,0.00053258342539407,0.4346311265338413,False,3,2,0.000591479159530045,0.46011601664530594,False
2023-24,2024-03-21,401585636,old,11,9,0.003644843117264727,0.779381047843265,True,10,8,0.0013368472822361845,0.4108424749811824,False
2023-24,2024-03-21,401585636,new,9,8,0.0022939601682719847,0.5390340547791218,True,8,7,0.001917717202147225,0.45960347917864414,False
2023-24,2024-03-21,401585637,old,9,7,0.0011571514184915484,0.4172013222096538,False,10,8,0.0012642519892826017,0.41823006915644395,False
2023-24,2024-03-21,401585637,new,9,7,0.0011445425143911062,0.4139777687158444,False,9,7,0.0011291869096244126,0.39312848181649507,False
2023-24,2024-03-21,401585638,old,11,9,0.002299249068791753,0.5716225987661923,True,10,8,0.0013058822201013735,0.4112454691055098,False
2023-24,2024-03-21,401585638,new,8,6,0.002572669170088917,0.5839013745066625,True,6,5,0.0018413051763068748,0.44750691043386387,False
2023-24,2024-03-22,401585639,old,0,0,0.0,nan,False,0,0,0.0,nan,False
2023-24,2024-03-22,401585639,new,0,0,0.0,nan,False,0,0,0.0,nan,False
2023-24,2024-03-22,401585640,old,6,5,0.0016830076910323173,0.6291660328815982,True,5,3,0.0005066611803843431,0.41468604444132473,False
2023-24,2024-03-22,401585640,new,3,3,0.0007769396549734183,1.0,True,3,2,0.0003589516606100426,0.43411682332011137,False
2023-24,2024-03-22,401585641,old,8,6,0.0009252967866044661,0.2604600031691622,False,6,4,0.0006539162282206255,0.18837955388815328,False
2023-24,2024-03-22,401585641,new,10,8,0.0014460492178077315,0.32836413809631815,False,8,6,0.0014000682298196212,0.30228553830474786,False
2023-24,2024-03-22,401585642,old,7,5,0.0008213894221981587,0.3240771186705587,False,7,5,0.0007101819724269445,0.2930589356506007,False
2023-24,2024-03-22,401585642,new,7,5,0.0008152548473956951,0.3224574673101156,False,7,5,0.0007100614042126818,0.29304301903212654,False
2023-24,2024-03-22,401585643,old,3,1,0.0007410435229284953,0.5135187238330922,True,3,1,0.0001498680708001025,0.3011276908411813,False
2023-24,2024-03-22,401585643,new,0,0,0.0,nan,False,1,1,0.00011682562692477392,1.0,True
2023-24,2024-03-22,401585645,old,6,6,0.001883763630440486,1.0,True,6,5,0.000758352421785502,0.4142069834802016,False
2023-24,2024-03-22,401585645,new,6,6,0.0019370357380615855,1.0,True,6,5,0.000773986219104421,0.40064660230590365,False
2023-24,2024-03-22,401585644,old,8,7,0.002976382464911263,0.9081578512139795,True,5,3,0.0004495653441621953,0.1706687979239716,False
2023-24,2024-03-22,401585644,new,11,9,0.0031998383367257623,0.7336765858036269,True,8,6,0.0012928115381167708,0.3687657007408604,False
2023-24,2024-03-22,401585646,old,6,5,0.0023274216691399614,0.6653971426320261,True,5,3,0.00038968087909910145,0.1473183509314601,False
2023-24,2024-03-22,401585646,new,11,10,0.003623318736184927,0.7407174273145897,True,7,5,0.0015118998096253287,0.38038696582708675,False
2023-24,2024-03-23,401585647,old,7,6,0.001255810745264563,0.500784407506053,True,10,8,0.0012646677337469392,0.41870016617804245,False
2023-24,2024-03-23,401585647,new,6,5,0.000830268665601547,0.39763167897318363,False,8,7,0.0011010807854523452,0.4365395398630078,False
2023-24,2024-03-23,401585648,old,3,1,0.00012997421395366784,0.03758770596254336,False,5,3,0.00039029160132505287,0.10636805410849197,False
2023-24,2024-03-23,401585648,new,8,6,0.0018648896352208985,0.3048758900351634,False,7,5,0.0014216750696451953,0.2690165009315385,False
2023-24,2024-03-23,401585649,old,4,2,0.0009340170935449234,0.7027816784794748,True,3,1,0.0001387902238243011,0.2600407199540572,False
2023-24,2024-03-23,401585649,new,0,0,0.0,nan,False,0,0,0.0,nan,False
2023-24,2024-03-23,401585651,old,3,2,0.0002905188390980748,0.3547301731783664,False,3,2,0.00031769741058779204,0.3754560754145144,False
2023-24,2024-03-23,401585651,new,2,1,0.0004175146885043224,0.4080395473682787,False,2,1,0.0004175146885043224,0.4080395473682787,False
2023-24,2024-03-23,401585653,old,9,7,0.001693780762720273,0.49366492076849067,False,10,8,0.0013895952043329475,0.4411911031084904,False
2023-24,2024-03-23,401585653,new,7,6,0.0028336588963225264,0.6051906735595362,True,6,5,0.0019057834292319567,0.44214623243909124,False
2023-24,2024-03-23,401585652,old,4,2,0.0008747046686387212,0.40043848135885984,False,5,3,0.00040311912799765925,0.35659449553893474,False
2023-24,2024-03-23,401585652,new,2,2,0.0003476209628556023,1.0,True,2,1,0.0001251051022512992,0.48292999012867815,False
2023-24,2024-03-23,401585650,old,3,2,0.000842664546088782,0.47438819563532414,False,2,1,0.00014307569596123747,0.40328797142554157,False
2023-24,2024-03-23,401585650,new,0,0,0.0,nan,False,0,0,0.0,nan,False
2023-24,2024-03-23,401585654,old,3,2,0.00036820735610987684,0.4799709003724069,False,3,2,0.0003688038768203185,0.48037495310690365,False
2023-24,2024-03-23,401585654,new,3,2,0.00037140162962315634,0.4821272422310253,False,3,2,0.0003688038768203185,0.48037495310690365,False
2023-24,2024-03-24,401585655,old,7,6,0.0011138567093586422,0.49265205538651075,False,9,8,0.001309409858229882,0.47949099413257823,False
2023-24,2024-03-24,401585655,new,9,8,0.0014679614694822747,0.5091645899038131,True,9,8,0.0015789215738387147,0.4786632788137698,False
2023-24,2024-03-24,401585656,old,6,5,0.001660858376947572,0.6467073465919307,True,7,5,0.0008820836646700494,0.3186625938384978,False
2023-24,2024-03-24,401585656,new,9,8,0.0022824733257909174,0.6927716256629922,True,8,6,0.0012872293195086936,0.3833641369547667,False
2023-24,2024-03-24,401585657,old,8,6,0.0009243599907231248,0.27929068381655725,False,8,6,0.0009723640469325282,0.2895945340997652,False
2023-24,2024-03-24,401585657,new,9,7,0.0012538731763822573,0.3340430993170646,False,7,5,0.0011113049648452595,0.3077504545674465,False
2023-24,2024-03-24,401585658,old,8,7,0.0014287253789112817,0.7359448099417364,True,7,5,0.0007747844890966607,0.3700191140558081,False
2023-24,2024-03-24,401585658,new,8,7,0.001423953212006247,0.7351188108404978,True,7,5,0.0007741687254489313,0.37059690403670315,False
2023-24,2024-03-24,401585659,old,7,5,0.0010147379879125093,0.5743961700690633,True,6,4,0.0006476167228582037,0.3562993229156342,False
2023-24,2024-03-24,401585659,new,7,5,0.0006560742034667492,0.3954972462963284,False,5,3,0.00040691176905362545,0.30304257514889,False
2023-24,2024-03-24,401585660,old,6,6,0.003434900023532103,1.0,True,5,3,0.00038024169939535247,0.1362789690904208,False
2023-24,2024-03-24,401585660,new,12,11,0.005248324438547029,0.9474364529242842,True,8,6,0.0016121232852815612,0.37230996537522176,False
2023-24,2024-03-25,401585661,old,8,6,0.0012445682899326785,0.4306457468831104,False,9,7,0.0012125611257692644,0.4242694593012701,False
2023-24,2024-03-25,401585661,new,6,5,0.0011304400341724428,0.4287802628918411,False,7,6,0.001048177913342957,0.4103828276721069,False
2023-24,2024-03-25,401585664,old,4,3,0.00119920896230292,0.5720903552794339,True,3,1,0.00013037691694969242,0.20017880601551338,False
2023-24,2024-03-25,401585664,new,0,0,0.0,nan,False,0,0,0.0,nan,False
2023-24,2024-03-25,401585662,old,3,2,0.0004349599779806308,0.714505979099158,True,1,0,0.0,0.0,False
2023-24,2024-03-25,401585662,new,0,0,0.0,nan,False,0,0,0.0,nan,False
2023-24,2024-03-25,401585663,old,6,5,0.000935615182534896,0.40891035209629745,False,8,7,0.0011798604803326014,0.4351820477406205,False
2023-24,2024-03-25,401585663,new,9,8,0.001206978683519702,0.4713284006689075,False,10,9,0.0013607224355265926,0.47461671441533115,False
2023-24,2024-03-25,401585667,old,10,8,0.0018010857808661272,0.4883856734313474,False,11,9,0.0015641702627954398,0.4502797500644245,False
2023-24,2024-03-25,401585667,new,8,7,0.0030183183418145292,0.599738806462439,True,7,6,0.0021543250611824605,0.453381377216167,False
2023-24,2024-03-25,401585666,old,6,4,0.0005915622143357451,0.5594061362981774,True,3,2,0.00036821172371346623,0.4390049264877052,False
2023-24,2024-03-25,401585666,new,3,2,0.0004687502477237762,0.791723463091664,True,2,1,0.00018469100792733423,0.5356257482554941,True
2023-24,2024-03-25,401585665,old,1,0,0.0,0.0,False,2,1,0.00015107441015850084,0.30013246033836005,False
2023-24,2024-03-25,401585665,new,3,1,0.00018852643059915196,0.35878686546214256,False,1,0,0.0,0.0,False
2023-24,2024-03-25,401585669,old,11,10,0.0036740706723689155,0.8695914196197773,True,11,9,0.0015951552399786804,0.4412692447043742,False
2023-24,2024-03-25,401585669,new,9,8,0.002814354004634961,0.5974145917044041,True,9,8,0.002203958353696847,0.47352075940762306,False
2023-24,2024-03-25,401585668,old,7,5,0.0013354724457614044,0.6837798662257754,True,5,3,0.00046601262518492284,0.4303528609223947,False
2023-24,2024-03-25,401585668,new,3,2,0.000346857681548598,0.4829013470191789,False,3,2,0.0003507927962804782,0.48571885465383585,False
2023-24,2024-03-25,401585670,old,7,5,0.0010661963956312662,0.27305871394967657,False,6,4,0.0006649671300517076,0.17716517643760643,False
2023-24,2024-03-25,401585670,new,10,8,0.0023722908085622367,0.37287033014552357,False,9,7,0.0023368962946208583,0.37700865455533167,False
2023-24,2024-03-25,401585671,old,7,7,0.003204735831472873,1.0,True,7,5,0.0009465223087064624,0.28172725278544863,False
2023-24,2024-03-25,401585671,new,8,7,0.003612633069272266,0.9005743216378577,True,6,4,0.0011854414147574699,0.29823209752440105,False
2023-24,2024-03-26,401585672,old,8,6,0.0010941045141700404,0.42272671384401916,False,6,4,0.0007120302772910439,0.27977773865347744,False
2023-24,2024-03-26,401585672,new,9,7,0.001334103189223108,0.41790292588624867,False,6,4,0.001037680431870863,0.376323326252316,False
2023-24,2024-03-26,401585674,old,10,9,0.002042216856284049,0.6438552173595348,True,10,8,0.0014207126259116218,0.4353433239342626,False
2023-24,2024-03-26,401585674,new,11,10,0.002177432423832484,0.6241702247857437,True,11,9,0.001681649841427486,0.45067712034823004,False
2023-24,2024-03-26,401585673,old,5,4,0.0019949394640211087,0.844510894937058,True,4,2,0.0004625465324873536,0.19350651294171187,False
2023-24,2024-03-26,401585673,new,9,8,0.0037469783586172806,0.910741917710961,True,5,3,0.0013514566130256554,0.35191911469345244,False
2023-24,2024-03-26,401585675,old,3,2,0.002557780907231217,0.6050325365197387,True,2,0,0.0,0.0,False
2023-24,2024-03-26,401585675,new,3,1,0.0010710264236233034,0.17323923688818116,False,2,0,0.0,0.0,False
2023-24,2024-03-27,401585676,old,7,5,0.0012225516609006052,0.4116134231590721,False,9,7,0.0013056881998044622,0.4276343562517559,False
2023-24,2024-03-27,401585676,new,5,4,0.001239667587907539,0.4465609845173113,False,8,6,0.0011731506599015429,0.4070642511949389,False
2023-24,2024-03-27,401585677,old,10,8,0.0016458401887604296,0.463435036890728,False,10,8,0.0012754800031181382,0.3582986134823285,False
2023-24,2024-03-27,401585677,new,9,7,0.0012951281465902668,0.37383811414040724,False,11,9,0.0013978174282194065,0.40003041435148795,False
2023-24,2024-03-27,401585678,old,3,2,0.0005643424404993241,0.8300913468413006,True,3,1,0.0001961941138036097,0.3314849577163248,False
2023-24,2024-03-27,401585678,new,2,1,0.00031895594154517017,0.5046045088497104,True,0,0,0.0,nan,False
2023-24,2024-03-27,401585679,old,4,2,0.0002769503187401583,0.4452343418493581,False,3,1,0.0001427740832869651,0.2930555170677515,False
2023-24,2024-03-27,401585679,new,0,0,0.0,nan,False,0,0,0.0,nan,False
2023-24,2024-03-27,401585681,old,9,7,0.0016902255277871211,0.4383815680904568,False,9,7,0.0012676577334319674,0.4243390799602419,False
2023-24,2024-03-27,401585681,new,7,5,0.0009709591655559139,0.3995758661209094,False,8,7,0.0012526182588128334,0.4489722070045021,False
2023-24,2024-03-27,401585680,old,9,8,0.002845770903548973,0.7573173651513598,True,9,7,0.001285431022826725,0.34948241994037954,False
2023-24,2024-03-27,401585680,new,11,10,0.0036158216290704246,0.7940970586953289,True,11,9,0.0018878871744293607,0.41125147415801905,False
2023-24,2024-03-27,401585684,old,3,2,0.0003046393960367675,0.4437141794587778,False,3,2,0.00030449507712430136,0.44359722150022574,False
2023-24,2024-03-27,401585684,new,3,2,0.00030403325378635597,0.4432474910458972,False,3,2,0.00030449507712430136,0.443622093786505,False
2023-24,2024-03-27,401585682,old,8,7,0.0023015487091844573,0.8764855125165651,True,10,8,0.0012315573517296496,0.4283850893272716,False
2023-24,2024-03-27,401585682,new,6,5,0.0021903265122047047,0.8812026874247262,True,4,3,0.0008730414200280469,0.3757792299293608,False
2023-24,2024-03-27,401585683,old,8,7,0.0037941112592661218,0.9544422330073592,True,6,4,0.000851585491827649,0.3391157454070404,False
2023-24,2024-03-27,401585683,new,7,6,0.004572233106054655,0.9749742324991204,True,6,5,0.0018386750824162573,0.45987092030011284,False
2023-24,2024-03-27,401585685,old,6,4,0.0009336870754429533,0.6645563286683607,True,5,3,0.0006063143298169828,0.4087497539949305,False
2023-24,2024-03-27,401585685,new,6,5,0.0012273194600792244,0.8943502557655193,True,5,3,0.0005807838918389024,0.49285345919213647,False
2023-24,2024-03-27,401585686,old,4,2,0.00035550564130514716,0.3795429751322457,False,3,1,0.00020566343005179447,0.32581670833944465,False
2023-24,2024-03-27,401585686,new,2,2,0.00023501217446654583,1.0,True,2,1,0.00013440553010171828,0.4929830876342239,False
2023-24,2024-03-27,401585687,old,10,8,0.00208140182760732,0.5052214450335354,True,10,8,0.0015381962209644428,0.4261927320155767,False
2023-24,2024-03-27,401585687,new,10,8,0.003385833062306284,0.6032621833274585,True,10,8,0.0025039356136278964,0.46700988511420105,False
2023-24,2024-03-28,401585688,old,2,1,0.00013741629445974862,0.4390258594629755,False,2,1,0.00013741629445974862,0.4390798466659128,False
2023-24,2024-03-28,401585688,new,0,0,0.0,nan,False,0,0,0.0,nan,False
2023-24,2024-03-28,401585689,old,5,3,0.0006110455191239619,0.2796213042028696,False,7,5,0.0007583058798637383,0.22148458490239292,False
2023-24,2024-03-28,401585689,new,7,5,0.0009790795019875064,0.3350765082207443,False,7,5,0.0012420949179368739,0.28292337310206433,False
2023-24,2024-03-29,401585690,old,7,5,0.0011209528239310102,0.6832424047848591,True,5,3,0.000505095618942291,0.3415823995580221,False
2023-24,2024-03-29,401585690,new,5,4,0.0005896172300457553,0.49434486276405604,False,4,2,0.0003015608181249711,0.3167073432508463,False
2023-24,2024-03-29,401585693,old,0,0,0.0,nan,False,0,0,0.0,nan,False
2023-24,2024-03-29,401585693,new,0,0,0.0,nan,False,0,0,0.0,nan,False
2023-24,2024-03-29,401585691,old,8,8,0.005567008805932182,1.0,True,7,5,0.001044872215016051,0.24866849848694111,False
2023-24,2024-03-29,401585691,new,11,10,0.007655044844823745,0.9610681667221951,True,9,7,0.0028004578801472647,0.4155608605987072,False
2023-24,2024-03-29,401585692,old,6,5,0.0019548211670307363,0.544053616016455,True,6,4,0.0006075764068416962,0.1696220514000761,False
2023-24,2024-03-29,401585692,new,9,8,0.002631654733693718,0.6205156304514567,True,7,5,0.0009268908902691187,0.22741087286891362,False
2023-24,2024-03-29,401585694,old,5,4,0.0010228688805372637,0.7396054824710346,True,4,2,0.0004133194518789097,0.39462116419493454,False
2023-24,2024-03-29,401585694,new,2,1,0.00012625022982243767,0.44179898470952444,False,2,1,0.00012625022982243767,0.44179898470952444,False
2023-24,2024-03-29,401585695,old,8,6,0.0011787748032203531,0.3157739607281802,False,9,7,0.00113881398189843,0.30837017934662025,False
2023-24,2024-03-29,401585695,new,9,7,0.001346454708528903,0.3401848914934576,False,10,8,0.0013741733857452437,0.3447735652737743,False
2023-24,2024-03-29,401585696,old,5,3,0.00046103886240807755,0.2758219024769302,False,5,3,0.0005925192804431477,0.33724811596731574,False
2023-24,2024-03-29,401585696,new,5,4,0.0009037634664299431,0.4483403026293811,False,4,3,0.0009016395436895979,0.44775843954936406,False
2023-24,2024-03-29,401585697,old,10,9,0.0029650529178168053,0.6020836159470474,True,11,9,0.0019919835414412973,0.44717324192220353,False
2023-24,2024-03-29,401585697,new,12,11,0.004511774093349891,0.664409043161173,True,10,8,0.002942999478244099,0.4608953988244141,False
2023-24,2024-03-29,401585698,old,9,7,0.001201882795520708,0.4416667432383301,False,10,8,0.0013632819717210765,0.4408559346888447,False
2023-24,2024-03-29,401585698,new,6,5,0.0009091973821660305,0.42469482143715737,False,9,7,0.0012267254801932384,0.4322844393804332,False
2023-24,2024-03-29,401585699,old,2,0,0.0,0.0,False,2,0,0.0,0.0,False
2023-24,2024-03-29,401585699,new,2,0,0.0,0.0,False,2,0,0.0,0.0,False
2023-24,2024-03-29,401585700,old,4,2,0.0004600856546728341,0.32879854799962505,False,4,2,0.00046428573180727265,0.37756006697511185,False
2023-24,2024-03-29,401585700,new,3,3,0.0005930035559959092,1.0,True,2,1,0.00018464633420329303,0.5136389988876263,True
2023-24,2024-03-29,401585701,old,4,3,0.002959534274970077,0.4919896928252269,False,4,2,0.00030907577977787017,0.06302248703598258,False
2023-24,2024-03-29,401585701,new,6,4,0.002431933880415728,0.2605154117499422,False,6,4,0.0008680407466038893,0.10934125483707333,False
2023-24,2024-03-30,401585702,old,6,5,0.001134671643017929,0.5582131051434962,True,7,6,0.0011490489916129686,0.46361703525753306,False
2023-24,2024-03-30,401585702,new,6,5,0.0012317279797361903,0.537983992364923,True,7,6,0.0013125720215560789,0.4606288637229049,False
2023-24,2024-03-30,401585703,old,9,7,0.0016033313435914024,0.48823148394839166,False,8,6,0.001095975085824749,0.39547597774119697,False
2023-24,2024-03-30,401585703,new,7,6,0.0013281394928077305,0.4540878593322581,False,6,5,0.001174759914998742,0.42387583473131135,False
2023-24,2024-03-30,401585704,old,7,5,0.0010870733244480704,0.6206391041631186,True,7,5,0.0009121435480324874,0.4436205335764255,False
2023-24,2024-03-30,401585704,new,5,4,0.0009071736675893585,0.680642181995199,True,5,4,0.0007358374533683905,0.44668723026947343,False
2023-24,2024-03-31,401585705,old,8,6,0.0015174739899927456,0.4440463422062248,False,9,7,0.0014708582558399157,0.4363578167274987,False
2023-24,2024-03-31,401585705,new,8,6,0.001499986405476995,0.44584980068742847,False,9,7,0.0014638872669994391,0.43983929893428236,False
2023-24,2024-03-31,401585706,old,11,11,0.0048458007364399844,1.0,True,9,7,0.0014432906815334105,0.4437168243683584,False
2023-24,2024-03-31,401585706,new,6,6,0.005021526446409223,1.0,True,4,3,0.0016775000858565202,0.43428107413391087,False
2023-24,2024-03-31,401585708,old,5,3,0.000855714350450182,0.3724030393712845,False,4,2,0.0002710257435799396,0.25991979489405526,False
2023-24,2024-03-31,401585708,new,4,3,0.0004074229035156005,0.4254550103844345,False,5,4,0.0005199830894836079,0.48588509469666946,False
2023-24,2024-03-31,401585709,old,5,4,0.0007044173919770527,0.38386411618544203,False,4,3,0.0006129733886216879,0.35155102666820554,False
2023-24,2024-03-31,401585709,new,5,4,0.0009368869860052724,0.43524423648103333,False,4,3,0.0009368085233574739,0.4352236498498177,False
2023-24,2024-03-31,401585707,old,7,6,0.0019583061926529972,0.8923765819820425,True,8,6,0.0009788908709026177,0.44296179955334214,False
2023-24,2024-03-31,401585707,new,6,6,0.0021242713061193725,1.0,True,6,4,0.0007690322096935842,0.37388612288554857,False
2023-24,2024-03-31,401585711,old,9,8,0.002629684090790584,0.903829598434621,True,9,7,0.001377670753031568,0.3912281903171823,False
2023-24,2024-03-31,401585711,new,10,9,0.00298806983124743,0.8050186021852171,True,9,7,0.0016157807628885917,0.41871966674701105,False
2023-24,2024-03-31,401585712,old,5,3,0.0006518213719622232,0.44988724199515473,False,5,3,0.0006523890282921811,0.45010268984382606,False
2023-24,2024-03-31,401585712,new,5,3,0.0006193989022298849,0.49038634154624416,False,5,3,0.0006190525343837749,0.49024655490408675,False
2023-24,2024-03-31,401585713,old,9,7,0.0018022054235579232,0.7475277312266658,True,7,5,0.0008389820760712103,0.41256349177029195,False
2023-24,2024-03-31,401585713,new,6,5,0.0010023109509454374,0.5442142889828401,True,6,4,0.0006893607458261581,0.4276500424106637,False
2023-24,2024-03-31,401585710,old,10,9,0.002078340910817552,0.6189527809108094,True,11,9,0.0017062138083539658,0.45606865834143084,False
2023-24,2024-03-31,401585710,new,8,7,0.001833356274865941,0.5998463069376164,True,9,7,0.0014935450033412305,0.43126899183881257,False
2023-24,2024-03-31,401585714,old,11,9,0.002695412523014703,0.4636770229317554,False,10,8,0.0015999525590755165,0.4426026236285102,False
2023-24,2024-03-31,401585714,new,8,7,0.0032515234954519122,0.4671195320675531,False,6,5,0.002004980582222443,0.44669937522747183,False
2023-24,2024-04-01,401585715,old,3,2,0.00022078524550400708,0.4787110165691158,False,3,2,0.00023597684852672674,0.49533407606188956,False
2023-24,2024-04-01,401585715,new,1,1,0.0001896553982899116,1.0,True,2,1,0.00011946420604334406,0.357650809595109,False
2023-24,2024-04-01,401585718,old,10,8,0.001490379556494235,0.43667145895708315,False,10,8,0.0014670589418812514,0.4379975811155215,False
2023-24,2024-04-01,401585718,new,9,8,0.0017501709978026934,0.4988873453938884,False,7,6,0.0014309884673403214,0.44873115179500495,False
2023-24,2024-04-01,401585716,old,3,2,0.000934818177172437,0.874371475883581,True,1,0,0.0,0.0,False
2023-24,2024-04-01,401585716,new,0,0,0.0,nan,False,0,0,0.0,nan,False
2023-24,2024-04-01,401585717,old,10,10,0.0031009522473676265,1.0,True,10,8,0.0014264753463627004,0.46790316539486576,False
2023-24,2024-04-01,401585717,new,6,5,0.0024253409161772263,0.8869764023252168,True,5,4,0.0011983040686891389,0.4408339333558249,False
2023-24,2024-04-01,401585719,old,2,0,0.0,0.0,False,2,0,0.0,0.0,False
2023-24,2024-04-01,401585719,new,2,1,0.00012053452483851196,0.48956656354321265,False,2,1,0.00012053452483851196,0.48956656354321265,False
2023-24,2024-04-01,401585720,old,8,6,0.0014079486291116018,0.2536367256356374,False,10,8,0.0013617551962177253,0.25472618125485985,False
2023-24,2024-04-01,401585720,new,9,7,0.0026925609193585256,0.3230005748085776,False,8,6,0.0018581431384978129,0.2408605333250046,False
2023-24,2024-04-02,401585722,old,9,8,0.004799269712667077,0.8917341854968214,True,8,7,0.001451990007081633,0.45704288722938125,False
2023-24,2024-04-02,401585722,new,5,5,0.005251975696720127,1.0,True,5,4,0.002053064175368365,0.4640560813124197,False
2023-24,2024-04-02,401585723,old,3,1,0.00022829434198566112,0.20549060903043917,False,3,2,0.0004306111536390869,0.3612617893604208,False
2023-24,2024-04-02,401585723,new,3,1,0.00021097707482410858,0.19893033368853802,False,3,2,0.00043034278709215345,0.36265217672187505,False
2023-24,2024-04-02,401585724,old,5,3,0.0005144516917457919,0.14378311552807863,False,6,4,0.0006482016378241054,0.16857655521171053,False
2023-24,2024-04-02,401585724,new,6,4,0.0006278041452107107,0.16542279711886668,False,7,5,0.0008296714268587994,0.200966592138785,False
2023-24,2024-04-02,401585721,old,6,5,0.001342251532543148,0.6636360161753121,True,6,4,0.0008110232257127686,0.3979454503033833,False
2023-24,2024-04-02,401585721,new,6,5,0.0014419789094050617,0.7021518394994941,True,7,5,0.0010319101501409023,0.4711336290974184,False
2023-24,2024-04-02,401585726,old,5,3,0.0006014181686946068,0.4690354186288002,False,5,3,0.0006000758273869104,0.41253451099240046,False
2023-24,2024-04-02,401585726,new,5,4,0.0007742180513928294,0.6120203620557132,True,5,3,0.0005569327430541684,0.47574648277381504,False
2023-24,2024-04-02,401585728,old,10,8,0.001819958150896858,0.4664871251323411,False,10,8,0.001608939143055398,0.4537263598081111,False
2023-24,2024-04-02,401585728,new,6,5,0.0012370189378093463,0.43980731101912723,False,7,6,0.0011921032556192182,0.43071628593461175,False
2023-24,2024-04-02,401585727,old,6,4,0.0007733857668129452,0.4876986513735521,False,6,4,0.0007724279303652492,0.4920580905197009,False
2023-24,2024-04-02,401585727,new,3,2,0.0005113435189721112,0.4860042988408255,False,5,3,0.0006618242202171244,0.4881282896461981,False
2023-24,2024-04-02,401585729,old,9,8,0.0030720009332758434,0.5206711505332107,True,10,8,0.0016325400701183042,0.3677390986749383,False
2023-24,2024-04-02,401585729,new,8,7,0.004017764997179217,0.5127226491644952,True,7,5,0.002080790424266892,0.3644952111877697,False
2023-24,2024-04-02,401636114,old,8,7,0.002828584847238714,0.909250307102031,True,9,7,0.001227467346139327,0.3510945061183433,False
2023-24,2024-04-02,401636114,new,8,6,0.0019260197998456868,0.636685361010335,True,8,6,0.001191287661831967,0.33854699234447444,False
2023-24,2024-04-03,401585730,old,2,0,0.0,0.0,False,2,0,0.0,0.0,False
2023-24,2024-04-03,401585730,new,3,2,0.0005877864558546466,0.8211881057516802,True,2,0,0.0,0.0,False
2023-24,2024-04-03,401585731,old,9,9,0.00422196314300068,1.0,True,9,8,0.0016143544210766882,0.47106032819844695,False
2023-24,2024-04-03,401585731,new,6,5,0.004642082340091488,0.9366069666491654,True,5,4,0.0020613890461387142,0.4605491428756028,False
2023-24,2024-04-03,401585732,old,2,1,0.0002066540245108215,0.45629842126735687,False,2,1,0.0002066540245108215,0.45633719922842136,False
2023-24,2024-04-03,401585732,new,0,0,0.0,nan,False,0,0,0.0,nan,False
2023-24,2024-04-03,401585734,old,10,10,0.0035466337440671317,1.0,True,10,8,0.0015708474655077174,0.46020480440158434,False
2023-24,2024-04-03,401585734,new,6,5,0.002811431058833054,0.8923644819343494,True,5,4,0.0013714745907876405,0.44038140982874624,False
2023-24,2024-04-03,401585733,old,3,3,0.001135775863113836,1.0,True,3,2,0.000566079128187223,0.49719443163377486,False
2023-24,2024-04-03,401585733,new,3,3,0.001135775863113836,1.0,True,3,2,0.000566079128187223,0.49719443163377486,False
2023-24,2024-04-03,401585736,old,5,3,0.0008223894495133042,0.47561613678761594,False,3,2,0.0005005003085011258,0.494693597043723,False
2023-24,2024-04-03,401585736,new,3,2,0.0005006157637234282,0.494751253874378,False,3,2,0.0005005003085011258,0.494693597043723,False
2023-24,2024-04-03,401585735,old,8,6,0.001252325316155502,0.5961949235819443,True,6,4,0.000839825475205999,0.40400110910706016,False
2023-24,2024-04-03,401585735,new,5,4,0.000937985365167084,0.573303089317062,True,5,4,0.0008343831427440722,0.43650849858497864,False
2023-24,2024-04-03,401585737,old,9,7,0.001212635693494105,0.21861744050952286,False,7,5,0.0007956788278456171,0.14570683158984993,False
2023-24,2024-04-03,401585737,new,12,10,0.0025639227640067972,0.34022049748264144,False,11,9,0.002693758209140479,0.32598447718934326,False
2023-24,2024-04-03,401585738,old,8,6,0.0018377151718386438,0.30399028135748735,False,7,5,0.0010844892983894545,0.20332928285268212,False
2023-24,2024-04-03,401585738,new,11,9,0.004369148934830438,0.49630027179500463,False,7,5,0.0023481683377411825,0.30942174303739844,False
2023-24,2024-04-04,401585752,old,10,9,0.004059197361540629,0.9294331611825154,True,11,9,0.0021789801650330515,0.4710519706626402,False
2023-24,2024-04-04,401585752,new,9,8,0.0037360413092483967,0.7900092958248341,True,10,9,0.0024392394986872084,0.48932619921846693,False
2023-24,2024-04-04,401585739,old,4,2,0.00031091629180673926,0.09899956581796898,False,3,1,0.00014377831833732544,0.04835413035915816,False
2023-24,2024-04-04,401585739,new,4,2,0.0004026352878517231,0.11794464810046207,False,4,2,0.0004045602541693956,0.11844174442936166,False
2023-24,2024-04-04,401585740,old,6,4,0.0010442026753723088,0.16601780566043475,False,6,4,0.0008027884791492096,0.14057946876238103,False
2023-24,2024-04-04,401585740,new,11,9,0.0034369114808785106,0.3515706649804507,False,10,8,0.0029536065140567274,0.34007147287503614,False
2023-24,2024-04-04,401585741,old,6,4,0.0018662602213041397,0.8018069838451867,True,5,3,0.0005125430271319852,0.2862419012160152,False
2023-24,2024-04-04,401585741,new,5,4,0.0012002101398135262,0.6416405597893604,True,4,3,0.0006453173461333781,0.4384201921751553,False
2023-24,2024-04-04,401585742,old,7,6,0.0018813869168923414,0.7889927545837395,True,7,5,0.0010026312754005489,0.42747989883369614,False
2023-24,2024-04-04,401585742,new,8,7,0.0021231794470693813,0.8084190544254728,True,9,7,0.001247945040890263,0.45766902634343715,False
2023-24,2024-04-05,401585744,old,8,8,0.0035043655510754884,1.0,True,9,7,0.0016142335917791754,0.44270224586056756,False
2023-24,2024-04-05,401585744,new,9,8,0.0036918955399640437,0.8968493448040397,True,8,6,0.0019267193899739367,0.4676132241517485,False
2023-24,2024-04-05,401585743,old,11,9,0.0019899006350726912,0.47181992099755843,False,13,11,0.001998086352636663,0.47284307628693495,False
2023-24,2024-04-05,401585743,new,10,9,0.0020495550104736187,0.5103325543621157,True,12,10,0.001922583922245033,0.4654248976329312,False
2023-24,2024-04-05,401585745,old,2,1,0.000153388359761924,0.5244496341623204,True,1,0,0.0,0.0,False
2023-24,2024-04-05,401585745,new,0,0,0.0,nan,False,0,0,0.0,nan,False
2023-24,2024-04-05,401585746,old,8,7,0.0030554984070484147,0.4713981648204695,False,9,8,0.0021563581795461767,0.4678815347575347,False
2023-24,2024-04-05,401585746,new,10,9,0.004350062101762961,0.4842937553789392,False,9,8,0.0032627821062847077,0.4889279246668436,False
2023-24,2024-04-05,401585749,old,2,1,0.00013299530833240443,0.4721937582878059,False,2,1,0.00011887308763978891,0.45160850451634094,False
2023-24,2024-04-05,401585749,new,0,0,0.0,nan,False,0,0,0.0,nan,False
2023-24,2024-04-05,401585751,old,10,8,0.002290980922921622,0.5029315822415616,True,12,10,0.0025957943702046953,0.47362635989337454,False
2023-24,2024-04-05,401585751,new,13,11,0.003396160561871308,0.5238799453781561,True,12,10,0.0039051203945935547,0.4936067433428838,False
2023-24,2024-04-05,401585748,old,6,4,0.0008867210497902865,0.38044070577174255,False,5,3,0.0007842121054946811,0.3467227434827436,False
2023-24,2024-04-05,401585748,new,6,5,0.001214954820546585,0.46772542629534014,False,5,4,0.0012070876662348756,0.46610845779105325,False
2023-24,2024-04-05,401585747,old,9,7,0.0015673103891647364,0.41250282009143385,False,13,11,0.002162815551062115,0.47578680597404943,False
2023-24,2024-04-05,401585747,new,8,7,0.0014533651283964247,0.46208228602938684,False,9,8,0.0015469036211242218,0.4570195432131899,False
2023-24,2024-04-05,401585750,old,9,7,0.0016213996171801017,0.5686449049570302,True,8,7,0.0013803774897336372,0.47637291321971786,False
2023-24,2024-04-05,401585750,new,7,6,0.0014111558312711189,0.5786299172535555,True,8,7,0.0013503780450705317,0.4800093175437715,False
2023-24,2024-04-05,401585725,old,11,10,0.005212942788736306,0.9449754211815277,True,9,7,0.0014178027101413493,0.31269687361211057,False
2023-24,2024-04-05,401585725,new,10,8,0.004133683407452805,0.7164992397154745,True,9,7,0.0016591300327513203,0.3210305008092592,False
2023-24,2024-04-05,401585753,old,12,10,0.0034032296344278417,0.5219489755637082,True,13,11,0.0029300356470578744,0.48172375742369206,False
2023-24,2024-04-05,401585753,new,15,13,0.005328409530478973,0.5990291475754237,True,12,10,0.004013578421237461,0.4848793511292839,False
2023-24,2024-04-05,401585754,old,6,5,0.001393689714436665,0.788544855378775,True,6,4,0.0006611033277228857,0.40514782810153555,False
2023-24,2024-04-05,401585754,new,3,3,0.0011513643995246902,1.0,True,3,2,0.0003781911829275774,0.33229651279038347,False
2023-24,2024-04-06,401585755,old,7,6,0.006150221819623188,0.7657679056796285,True,7,5,0.0013476396718037748,0.2331376069803596,False
2023-24,2024-04-06,401585755,new,8,7,0.007922656009060659,0.8140537931372521,True,8,6,0.0029132943911263014,0.3542586491900484,False
2023-24,2024-04-06,401585756,old,2,2,0.0003904378253669496,1.0,True,2,1,0.00014005157746395378,0.44784863839227834,False
2023-24,2024-04-06,401585756,new,0,0,0.0,nan,False,0,0,0.0,nan,False
2023-24,2024-04-06,401585757,old,8,6,0.001088303339853555,0.4240130252532548,False,8,6,0.0011635059920379106,0.4406943015120493,False
2023-24,2024-04-06,401585757,new,6,5,0.00114178957077473,0.47734077679173975,False,5,4,0.0011416741148900646,0.4773155479031616,False
2023-24,2024-04-06,401585758,old,6,4,0.0009057991430243689,0.49765028570550446,False,6,4,0.0009110102807428994,0.4990949414711414,False
2023-24,2024-04-06,401585758,new,3,2,0.0005674645968017814,0.4983102409968542,False,3,2,0.0005672721704124045,0.498225453014773,False
2023-24,2024-04-07,401585760,old,9,8,0.0019417474636382534,0.4843725235147688,False,10,8,0.001612871476523279,0.397458587041426,False
2023-24,2024-04-07,401585760,new,8,7,0.0017350536760077184,0.4630770910249434,False,9,7,0.0014061032388392473,0.369156420943036,False
2023-24,2024-04-07,401585759,old,7,6,0.0020380056948935315,0.898882346330005,True,7,5,0.0010136027196137255,0.4246960146325203,False
2023-24,2024-04-07,401585759,new,6,6,0.0018956124649172391,1.0,True,5,4,0.0007870361843383053,0.41679130006178305,False
2023-24,2024-04-07,401585761,old,3,1,0.002501664466791211,0.48811876380032027,False,2,0,0.0,0.0,False
2023-24,2024-04-07,401585761,new,5,3,0.0028162577600357908,0.3913679002750022,False,4,2,0.0002657564008667725,0.036938379251365935,False
2023-24,2024-04-07,401585762,old,2,1,0.00016546038026843721,0.5688097737894015,True,1,0,0.0,0.0,False
2023-24,2024-04-07,401585762,new,0,0,0.0,nan,False,0,0,0.0,nan,False
2023-24,2024-04-07,401585764,old,11,9,0.0023967159457770645,0.45915338978673004,False,14,12,0.002714670237019412,0.4902061703947785,False
2023-24,2024-04-07,401585764,new,9,8,0.002461769954381817,0.4869136648910804,False,10,9,0.002421912562462075,0.4828366612087175,False
2023-24,2024-04-07,401585766,old,6,4,0.0011292511004398805,0.15802800612967097,False,4,2,0.00035735635074706857,0.05298538981125083,False
2023-24,2024-04-07,401585766,new,9,7,0.0020097205186466716,0.19093113691006156,False,6,4,0.0008486693606594179,0.08293302718699176,False
2023-24,2024-04-07,401585763,old,5,4,0.0010168349731296533,0.8446400123081733,True,5,3,0.0005739077007092418,0.4591928831482543,False
2023-24,2024-04-07,401585763,new,5,4,0.0010846840496900668,0.9091286349103795,True,5,3,0.0006119884912003739,0.4526838043795517,False
2023-24,2024-04-07,401585765,old,2,1,0.00017682550874329408,0.4540730876139867,False,0,0,0.0,nan,False
2023-24,2024-04-07,401585765,new,0,0,0.0,nan,False,0,0,0.0,nan,False
2023-24,2024-04-07,401585767,old,7,5,0.00126571342638607,0.2299509582163828,False,7,5,0.0009323223987663592,0.17485204015190775,False
2023-24,2024-04-07,401585767,new,7,5,0.0012446328710362946,0.22914195850624222,False,7,5,0.001173164905235001,0.21565709631796473,False
2023-24,2024-04-07,401585769,old,11,10,0.004064657463467769,0.4904605533121149,False,11,10,0.002540788307263972,0.4924562123907821,False
2023-24,2024-04-07,401585769,new,6,5,0.004878379976566551,0.47186328314504405,False,5,4,0.0031099791981066827,0.4636034231503489,False
2023-24,2024-04-07,401585768,old,7,5,0.0011952307965749631,0.4051894255934924,False,9,7,0.0014164893769177936,0.4470099302603984,False
2023-24,2024-04-07,401585768,new,7,5,0.0014800120099633946,0.4566530971891832,False,7,5,0.001670408766505935,0.4825874056438509,False
2023-24,2024-04-07,401585770,old,8,6,0.002177922472796966,0.8093252397965233,True,6,4,0.0007459937883011346,0.38641289449438226,False
2023-24,2024-04-07,401585770,new,5,4,0.0014873249467257294,0.6766914133378086,True,4,3,0.00086731061744901,0.49554997862163813,False
2023-24,2024-04-07,401585771,old,14,13,0.007956397573846842,0.9332198919161151,True,15,13,0.003460319408014671,0.4972370287196897,False
2023-24,2024-04-07,401585771,new,12,11,0.009790571321894393,0.9450429852552649,True,11,9,0.004496597813437708,0.48255308181472295,False
2023-24,2024-04-09,401585772,old,4,3,0.000956736049633513,0.8332711587191172,True,4,2,0.00031430374328700615,0.2659957867752064,False
2023-24,2024-04-09,401585772,new,5,4,0.001120237132525849,0.9005209304090691,True,4,2,0.00036803405774640276,0.2761614336573833,False
2023-24,2024-04-09,401585773,old,5,4,0.0009775971690576886,0.40105189550097425,False,6,5,0.001077230883844361,0.4245719326054706,False
2023-24,2024-04-09,401585773,new,6,5,0.0012972052220335494,0.46427973067333267,False,5,4,0.0012972052220335498,0.4642797306733328,False
2023-24,2024-04-09,401585774,old,10,9,0.002461271323981097,0.5569884755321478,True,11,10,0.0022692029073163784,0.4898049116820572,False
2023-24,2024-04-09,401585774,new,9,7,0.00234626124760351,0.48069425145950534,False,8,7,0.002266288955782905,0.4720439777172145,False
2023-24,2024-04-09,401585776,old,8,7,0.002073194238238479,0.6602115209394632,True,9,8,0.0018163839824053428,0.4825322226113355,False
2023-24,2024-04-09,401585776,new,8,7,0.0019166141008460714,0.638303904243894,True,9,8,0.0017223407027041216,0.4880440783792238,False
2023-24,2024-04-09,401585779,old,4,3,0.0005670903574871183,0.7384242975095492,True,4,2,0.0002618927594567248,0.38496743143618567,False
2023-24,2024-04-09,401585779,new,1,0,0.0,0.0,False,2,1,0.00021656027013404987,0.5593754165549316,True
2023-24,2024-04-09,401585775,old,7,5,0.0010196249268107757,0.3842908193959059,False,7,5,0.0010268669490337882,0.3960675047430465,False
2023-24,2024-04-09,401585775,new,6,5,0.0012601564627862324,0.4709609109245481,False,5,4,0.0012601564627862324,0.47096091092454806,False
2023-24,2024-04-09,401585777,old,9,7,0.0022456159195977077,0.4352557083578351,False,12,10,0.0027392849944028927,0.48015805134480166,False
2023-24,2024-04-09,401585777,new,8,7,0.002120458648174472,0.48094868984787476,False,8,7,0.002052417624533603,0.4672330086775404,False
2023-24,2024-04-09,401585780,old,3,2,0.0006010237114109431,0.4972141752196773,False,3,2,0.0006007543166301081,0.49710209708411507,False
2023-24,2024-04-09,401585780,new,3,2,0.0006010237114109431,0.4972141752196773,False,3,2,0.0006007543166301081,0.49710209708411507,False
2023-24,2024-04-09,401585778,old,12,10,0.0027409970348541415,0.4870440369106946,False,13,11,0.0027976382729899022,0.4837920456738695,False
2023-24,2024-04-09,401585778,new,10,9,0.0026697498158122354,0.5014262305910256,True,10,9,0.0025082031360120225,0.4858254956397542,False
2023-24,2024-04-09,401585781,old,14,13,0.004146285706985934,0.5569052231890469,True,14,12,0.0033633416264291097,0.4916330878566534,False
2023-24,2024-04-09,401585781,new,14,13,0.005415250014052999,0.5387026636319434,True,13,11,0.00422912874188228,0.49354894588965526,False
2023-24,2024-04-09,401585782,old,5,3,0.000549454204145254,0.3114701374017085,False,6,4,0.0008475464833553812,0.49904416620677283,False
2023-24,2024-04-09,401585782,new,3,1,0.00030995997366279796,0.25247055249469186,False,3,2,0.0006090671170429496,0.49914842623318084,False
2023-24,2024-04-09,401585785,old,9,7,0.0027702836846308274,0.540861365411271,True,10,9,0.0030318394324835786,0.4855826768182646,False
2023-24,2024-04-09,401585785,new,10,9,0.003852055533504471,0.557705680278427,True,10,9,0.004326392211508266,0.49392789272505605,False
2023-24,2024-04-09,401585784,old,10,9,0.0032090397210903765,0.5076997569004993,True,10,8,0.002849421913478627,0.46241703626030184,False
2023-24,2024-04-09,401585784,new,11,10,0.005258556221975813,0.5939819893977727,True,11,9,0.0043124746851595135,0.48366623197420744,False
2023-24,2024-04-09,401585783,old,9,8,0.007241735782801422,0.9378716769235013,True,7,5,0.0012458627464006203,0.20091237198325015,False
2023-24,2024-04-09,401585783,new,8,7,0.00828456382823089,0.852978738313959,True,5,3,0.002347641211310214,0.27566466633895087,False
2023-24,2024-04-10,401585786,old,13,11,0.0026134087887384506,0.48500957066046824,False,12,10,0.0025765020852488016,0.4818485273429086,False
2023-24,2024-04-10,401585786,new,10,9,0.0027126941002482145,0.49439419534345863,False,10,9,0.0027023207526684113,0.4934365044444261,False
2023-24,2024-04-10,401585787,old,3,1,0.00012237272454956565,0.33850843822996046,False,3,1,0.00012237272454956565,0.338544479085336,False
2023-24,2024-04-10,401585787,new,1,1,0.0001419737314139406,1.0,True,2,1,0.00010819270762197992,0.38483510150468825,False
2023-24,2024-04-10,401585789,old,11,10,0.0025944053397914503,0.5468101217044706,True,11,9,0.002289016766403608,0.473364983804447,False
2023-24,2024-04-10,401585789,new,8,7,0.002932133046086639,0.5330513550148196,True,7,5,0.002522622376615571,0.4597254322043746,False
2023-24,2024-04-10,401585788,old,2,1,0.000285901773015532,0.44599488653735353,False,0,0,0.0,nan,False
2023-24,2024-04-10,401585788,new,0,0,0.0,nan,False,0,0,0.0,nan,False
2023-24,2024-04-10,401585791,old,5,4,0.0011796371553896461,0.8201389838342762,True,5,3,0.000701673886852839,0.4763075109925333,False
2023-24,2024-04-10,401585791,new,3,3,0.0009510083165066488,1.0,True,3,2,0.00047944889399291853,0.48318659544343123,False
2023-24,2024-04-10,401585790,old,11,9,0.0028468143034838904,0.41236794578900604,False,11,9,0.002046894538467125,0.29839415587126317,False
2023-24,2024-04-10,401585790,new,10,8,0.0032412406866782063,0.42219664323782197,False,10,8,0.002516512757570377,0.32787466791278413,False
2023-24,2024-04-10,401585792,old,2,0,0.0,0.0,False,2,0,0.0,0.0,False
2023-24,2024-04-10,401585792,new,2,0,0.0,0.0,False,2,0,0.0,0.0,False
2023-24,2024-04-10,401585793,old,11,10,0.003128750173132013,0.5053181109976385,True,11,10,0.003017696431361645,0.492559791032621,False
2023-24,2024-04-10,401585793,new,11,10,0.004943457136286776,0.6024026355601526,True,9,8,0.00388742469632261,0.4853194605224362,False
2023-24,2024-04-11,401585794,old,1,0,0.0,0.0,False,1,0,0.0,0.0,False
2023-24,2024-04-11,401585794,new,0,0,0.0,nan,False,0,0,0.0,nan,False
2023-24,2024-04-11,401585795,old,6,5,0.0014557705653133767,0.46710210558864473,False,6,5,0.0014489888397140262,0.46349077169907155,False
2023-24,2024-04-11,401585795,new,7,6,0.0015106081603797406,0.49061706098478675,False,7,6,0.0015076832645441363,0.4875282090918415,False
2023-24,2024-04-11,401585796,old,1,1,0.00013415981513784114,1.0,True,2,1,0.00013415981513784114,0.49961211353743085,False
2023-24,2024-04-11,401585796,new,0,0,0.0,nan,False,0,0,0.0,nan,False
2023-24,2024-04-11,401585797,old,9,7,0.0037781845039636494,0.7043323023669925,True,9,7,0.001806846399875626,0.4798396513224586,False
2023-24,2024-04-11,401585797,new,5,3,0.0037373739355056725,0.6533081876515588,True,4,3,0.0019849458142617237,0.4984662419952648,False
2023-24,2024-04-11,401585798,old,8,6,0.0024180520502157412,0.25412055788306204,False,9,7,0.0016462662843648016,0.2180007522688797,False
2023-24,2024-04-11,401585798,new,7,5,0.003394996530468022,0.26059304012539497,False,8,6,0.0020845806692460066,0.2075679976563143,False
2023-24,2024-04-12,401585799,old,4,2,0.00031680591528268165,0.05298692277084081,False,4,2,0.00031697956070319487,0.053014425900360665,False
2023-24,2024-04-12,401585799,new,5,3,0.0005857920535804693,0.07195162669684906,False,5,3,0.0006238129389134686,0.07626549154233028,False
2023-24,2024-04-12,401585800,old,2,1,0.00013861821049431606,0.36285793153294904,False,2,1,0.00021807118054316488,0.47255680388763227,False
2023-24,2024-04-12,401585800,new,0,0,0.0,nan,False,0,0,0.0,nan,False
2023-24,2024-04-12,401585801,old,3,2,0.00037713191319977524,0.5009561931808838,True,3,2,0.0003779101287715281,0.5014715361343021,True
2023-24,2024-04-12,401585801,new,3,2,0.0005508579027822447,0.7533221661113637,True,3,2,0.0003573957581465946,0.45704719551945483,False
2023-24,2024-04-12,401585802,old,9,8,0.004015128258827342,0.6583663787222668,True,10,8,0.0017389279607300874,0.2748598640283469,False
2023-24,2024-04-12,401585802,new,7,5,0.0036492136634857864,0.6155018518224916,True,7,5,0.001615491559329755,0.26725996844885996,False
2023-24,2024-04-12,401585803,old,5,4,0.0014085956436383387,0.4818770806437997,False,5,4,0.0014085971919900388,0.47860077518630695,False
2023-24,2024-04-12,401585803,new,5,4,0.0013594519622334889,0.4812468501971175,False,5,4,0.0013594519835954141,0.4778615044958852,False
2023-24,2024-04-12,401585807,old,7,6,0.0021237299697137594,0.75787290630832,True,8,6,0.0016633697783802709,0.48874289380622227,False
2023-24,2024-04-12,401585807,new,7,6,0.0021154171578256927,0.7557471210816712,True,8,6,0.0016544411888602991,0.48913389952462594,False
2023-24,2024-04-12,401585808,old,6,4,0.0010041673994454806,0.49936429404473,False,6,4,0.0010063398661218949,0.49985874372935324,False
2023-24,2024-04-12,401585808,new,3,2,0.0006331877322046583,0.5003002820108788,True,5,3,0.0008097064004235515,0.5062460790962432,True
2023-24,2024-04-12,401585804,old,6,4,0.0007961694958146335,0.39300539341008234,False,6,5,0.0008361073324728256,0.4778627042107255,False
2023-24,2024-04-12,401585804,new,3,2,0.0006970802121106111,0.46377156990707774,False,3,2,0.0006970802121106111,0.46377156990707774,False
2023-24,2024-04-12,401585805,old,8,8,0.0047581085731196815,1.0,True,6,5,0.0012558112488378925,0.47548229340255044,False
2023-24,2024-04-12,401585805,new,4,4,0.003614772402841688,1.0,True,3,2,0.0008786204746956858,0.466331739814059,False
2023-24,2024-04-12,401585806,old,3,2,0.0006294546613756171,0.49998089312406174,False,3,2,0.0006295027679034275,0.4999999988248153,False
2023-24,2024-04-12,401585806,new,3,2,0.0006295027679034275,0.4999999988248153,False,3,2,0.0006295027679034275,0.4999999988248153,False
2023-24,2024-04-12,401585809,old,3,3,0.0009200757972493517,1.0,True,4,3,0.0005821274653285871,0.4667366115453514,False
2023-24,2024-04-12,401585809,new,3,3,0.0009452740002246893,1.0,True,4,3,0.0005821274653285871,0.4667366115453514,False
2023-24,2024-04-12,401585811,old,4,2,0.0005195619183655302,0.5144627061525714,True,4,2,0.0005182828126576146,0.4687443712963819,False
2023-24,2024-04-12,401585811,new,0,0,0.0,nan,False,0,0,0.0,nan,False
2023-24,2024-04-12,401585810,old,12,10,0.009967652973672348,0.784224753881207,True,11,9,0.003920614059085443,0.4624942187676259,False
2023-24,2024-04-12,401585810,new,10,8,0.009283824679674547,0.5857748105452981,True,8,6,0.005747727459504774,0.46529865501742623,False
2023-24,2024-04-12,401585812,old,2,2,0.000726677933888478,1.0,True,2,1,0.00034721365562649317,0.47773364564993925,False
2023-24,2024-04-12,401585812,new,2,2,0.000726793389555223,1.0,True,2,1,0.00034721365562649317,0.47773364564993925,False
2023-24,2024-04-12,401585813,old,10,8,0.0063981827870593965,0.40105766202949455,False,9,7,0.0036818704845640823,0.4003897047440894,False
2023-24,2024-04-12,401585813,new,11,9,0.00967085268942496,0.455949958340674,False,8,6,0.006954497190978326,0.471109830335385,False
2023-24,2024-04-14,401585815,old,6,4,0.0014056491172993403,0.47246408316252086,False,7,5,0.0014933970028833045,0.487577299392299,False
2023-24,2024-04-14,401585815,new,8,6,0.002159400761500145,0.6200975564391371,True,7,5,0.001479039542123959,0.484386315247902,False
2023-24,2024-04-14,401585820,old,9,8,0.0028691935535976295,0.5233865957492583,True,9,7,0.002745727676125654,0.5001425855337365,True
2023-24,2024-04-14,401585820,new,5,4,0.0028641822224455406,0.48286173913721203,False,4,3,0.0028641822224455406,0.48286173913721203,False
2023-24,2024-04-14,401585814,old,0,0,0.0,nan,False,0,0,0.0,nan,False
2023-24,2024-04-14,401585814,new,0,0,0.0,nan,False,0,0,0.0,nan,False
2023-24,2024-04-14,401585816,old,8,6,0.005460186540294517,0.9410978099579208,True,7,6,0.0029431468521567876,0.5024259829679566,True
2023-24,2024-04-14,401585816,new,5,4,0.007141624027037342,0.8458351531427234,True,4,3,0.004123926604937377,0.48842701299183333,False
2023-24,2024-04-14,401585817,old,7,5,0.001145261149261214,0.4076444508818997,False,7,6,0.0014945561889041427,0.5018741921043834,True
2023-24,2024-04-14,401585817,new,5,3,0.0013621354948766121,0.43961760133292377,False,4,3,0.0015209602683486805,0.49087694095710743,False
2023-24,2024-04-14,401585819,old,11,9,0.005888427329623353,0.5938057483639145,True,13,11,0.00549151506674406,0.4964117764296691,False
2023-24,2024-04-14,401585819,new,10,8,0.008149136601766749,0.570569120181865,True,9,7,0.007350911025575529,0.49164680558095203,False
2023-24,2024-04-14,401585818,old,7,5,0.0021803114399758265,0.4891249871425982,False,8,6,0.0026370377793636527,0.5000706717111761,True
2023-24,2024-04-14,401585818,new,5,4,0.0018780788382901836,0.50000000113629,True,6,5,0.002237107439587132,0.4999999974346132,False
2023-24,2024-04-14,401585825,old,4,2,0.0004341534972850081,0.4714824081633706,False,4,2,0.00042943829766802513,0.4679309322543855,False
2023-24,2024-04-14,401585825,new,0,0,0.0,nan,False,0,0,0.0,nan,False
2023-24,2024-04-14,401585824,old,7,7,0.004180572669519561,1.0,True,8,6,0.0025006157551488374,0.49999999989794675,False
2023-24,2024-04-14,401585824,new,7,7,0.004180572669519561,1.0,True,8,6,0.0025006157551488374,0.49999999989794675,False
2023-24,2024-04-14,401585827,old,4,3,0.0006747840288131879,0.8615513650094835,True,4,2,0.0004202812586095542,0.49978615891229505,False
2023-24,2024-04-14,401585827,new,2,2,0.0005087746290737774,1.0,True,2,1,0.0002543873145368887,0.5,False
2023-24,2024-04-14,401585826,old,9,7,0.002789832450788152,0.7096790303344659,True,6,4,0.0015062627458638784,0.46461985729877736,False
2023-24,2024-04-14,401585826,new,2,1,0.0007612544833805237,0.5137916686009841,True,2,1,0.0007613699390472689,0.4984685740488805,False
2023-24,2024-04-14,401585828,old,8,6,0.006786044464040097,0.4408447471890536,False,7,5,0.002558677234096033,0.4918513213765466,False
2023-24,2024-04-14,401585828,new,7,5,0.008189587700601226,0.5095277469066479,True,4,3,0.004187107508206167,0.5439422408813875,True
2023-24,2024-04-14,401585821,old,3,2,0.001225446439084363,0.5000000025925643,True,3,2,0.001225446439084363,0.5000000025925643,True
2023-24,2024-04-14,401585821,new,3,2,0.001225446439084363,0.5000000025925643,True,3,2,0.001225446439084363,0.5000000025925643,True
2023-24,2024-04-14,401585822,old,7,5,0.002997282302027612,0.4932576733196,False,8,6,0.0031130171799931905,0.5019074317320527,True
2023-24,2024-04-14,401585822,new,10,8,0.004765313802001106,0.5472999473628101,True,8,6,0.0044037179432791,0.5022678861452141,True
2023-24,2024-04-14,401585823,old,13,12,0.02000462485207543,0.886724047010661,True,13,11,0.006795303223321918,0.49247975185994125,False
2023-24,2024-04-14,401585823,new,13,12,0.02186636141547236,0.8423178902125082,True,13,11,0.010343945069445387,0.4759674259953127,False
2024-25,2025-02-19,401748704,old,4,4,0.0013730002373666711,1.0,True,5,4,0.0005040136319378931,0.34735398409684526,False
2024-25,2025-02-19,401748704,new,5,5,0.002040045400641818,1.0,True,6,5,0.0008147144404899385,0.4064684726722375,False
2024-25,2025-02-20,401705355,old,5,3,0.001145413615031468,0.3897636517823251,False,4,2,0.00032837229628703105,0.2621599180546692,False
2024-25,2025-02-20,401705355,new,4,2,0.0004224518503186796,0.34672848574596493,False,3,1,0.00013666382596533942,0.21751611378054225,False
2024-25,2025-02-20,401705354,old,2,1,0.0006686422328428771,0.4090762659313375,False,2,0,0.0,0.0,False
2024-25,2025-02-20,401705354,new,2,1,0.0006611351465595366,0.421350641733204,False,2,0,0.0,0.0,False
2024-25,2025-02-20,401705357,old,6,5,0.0011162727446571003,0.6596759207128331,True,5,3,0.00042237080671062916,0.3650813268462319,False
2024-25,2025-02-20,401705357,new,4,3,0.00045606800883617307,0.6945448356321495,True,3,1,0.00013808497547727137,0.27631993815567096,False
2024-25,2025-02-20,401705358,old,7,6,0.0015496424791469586,0.6902999513944463,True,6,4,0.0005877972878807445,0.32082469998968605,False
2024-25,2025-02-20,401705358,new,6,5,0.0012241562043639584,0.8078674269070523,True,5,3,0.00039365697633690833,0.3196285776850607,False
2024-25,2025-02-20,401705356,old,4,3,0.0015939159973963669,0.536835827500509,True,2,0,0.0,0.0,False
2024-25,2025-02-20,401705356,new,3,2,0.001905394426513862,0.5019971100535472,True,2,0,0.0,0.0,False
2024-25,2025-02-20,401705359,old,5,4,0.0017450664185356059,0.7919028209473643,True,4,2,0.00023039271893458767,0.08813211286684909,False
2024-25,2025-02-20,401705359,new,11,10,0.0038364429757488778,0.8964609901419617,True,11,9,0.001718142530528946,0.3664207806802368,False
2024-25,2025-02-20,401705360,old,3,3,0.0009614212429275071,1.0,True,3,2,0.0002834157348276768,0.3230879365135611,False
2024-25,2025-02-20,401705360,new,6,6,0.0015729876296245661,1.0,True,4,2,0.00028334756666978866,0.28385073876054157,False
2024-25,2025-02-20,401705361,old,6,5,0.0023468166697193826,0.7420767203705503,True,2,0,0.0,0.0,False
2024-25,2025-02-20,401705361,new,3,3,0.000775908794409132,1.0,True,1,0,0.0,0.0,False
2024-25,2025-02-20,401705362,old,11,10,0.002374082063272378,0.7584461816781838,True,8,6,0.0008520609877395704,0.32405838663235587,False
2024-25,2025-02-20,401705362,new,6,6,0.0025913816136700235,1.0,True,6,5,0.0010453616253353285,0.4153416489715642,False
2024-25,2025-02-21,401705363,old,4,4,0.0008880080075921914,1.0,True,4,2,0.0002872536966394808,0.29967479244086087,False
2024-25,2025-02-21,401705363,new,4,4,0.0008870266337811332,1.0,True,4,2,0.0002872536966394808,0.3000723669762642,False
2024-25,2025-02-21,401705365,old,2,2,0.0009832364293897043,1.0,True,2,1,0.00012716128801158077,0.1201638881687323,False
2024-25,2025-02-21,401705365,new,4,4,0.0012243585147748669,1.0,True,4,3,0.0003995948484878888,0.2966725993925042,False
2024-25,2025-02-21,401705364,old,9,8,0.0025311390749117716,0.7029234576918277,True,8,6,0.000893824297297861,0.345241329573194,False
2024-25,2025-02-21,401705364,new,10,8,0.002889476371216022,0.6588305341890252,True,9,7,0.0013635531389515107,0.40295824314721496,False
2024-25,2025-02-21,401705366,old,10,8,0.0027908826891542074,0.5533125216725246,True,5,3,0.0005771702536928699,0.29929518324308724,False
2024-25,2025-02-21,401705366,new,6,5,0.002320516318858308,0.5005836925534587,True,5,4,0.00104158796969093,0.46046247071946056,False
2024-25,2025-02-21,401705368,old,10,8,0.0013605819981932692,0.4098848548335665,False,7,5,0.0006504891840425943,0.27306904612012534,False
2024-25,2025-02-21,401705368,new,8,6,0.001362718372669515,0.4867147796979295,False,5,4,0.0009854781988749767,0.49956670176408463,False
2024-25,2025-02-21,401705369,old,7,6,0.0009751279585171873,0.4222594185181625,False,5,4,0.0007888842558861228,0.37157775214789807,False
2024-25,2025-02-21,401705369,new,8,6,0.0023338213638765984,0.5326041644754652,True,8,6,0.001663771313033926,0.4482299540098624,False
2024-25,2025-02-21,401705370,old,2,2,0.00030192618556217435,1.0,True,2,1,0.00014682112154413215,0.4505728127719215,False
2024-25,2025-02-21,401705370,new,4,2,0.0003051397019123837,0.2432058115898732,False,3,1,0.00014682112154413215,0.3389781898556122,False
2024-25,2025-02-21,401705367,old,4,4,0.0024566098467683826,1.0,True,2,0,0.0,0.0,False
2024-25,2025-02-21,401705367,new,7,7,0.003888973763473937,1.0,True,5,3,0.0005944800777857644,0.15786505744853652,False
2024-25,2025-02-21,401705371,old,4,2,0.0020346662653040136,0.3945140339964705,False,2,0,0.0,0.0,False
2024-25,2025-02-21,401705371,new,4,2,0.001681978478379933,0.2594430417174692,False,2,0,0.0,0.0,False
2024-25,2025-02-22,401705372,old,7,6,0.003085469637092629,0.8152521577477897,True,5,3,0.00043268960924807575,0.22122516428566025,False
2024-25,2025-02-22,401705372,new,7,6,0.0012409570261651195,0.8239016434710886,True,4,2,0.00023838746924494282,0.30065984265331347,False
2024-25,2025-02-22,401705373,old,3,1,0.0011847166854353313,0.3012219857613356,False,2,0,0.0,0.0,False
2024-25,2025-02-22,401705373,new,3,1,0.0003817443346272699,0.27620996066955583,False,2,0,0.0,0.0,False
2024-25,2025-02-22,401705374,old,4,4,0.0019535052814297514,1.0,True,3,1,0.00012155579102989164,0.06568391898229542,False
2024-25,2025-02-22,401705374,new,5,5,0.0025063610049076306,1.0,True,5,3,0.0005156684949629871,0.2057218704436848,False
2024-25,2025-02-22,401705375,old,6,5,0.0009445479641741621,0.8361306088312527,True,4,3,0.00038019570931115045,0.30006219968145315,False
2024-25,2025-02-22,401705375,new,7,6,0.0014166885313331853,0.768707565158273,True,6,4,0.0005022738279879252,0.30986023904743326,False
2024-25,2025-02-22,401705376,old,5,4,0.0006478955337440086,0.4836846877527521,False,2,1,0.00014022933525282787,0.17445444686395925,False
2024-25,2025-02-22,401705376,new,2,2,0.00042093848325157297,1.0,True,0,0,0.0,nan,False
2024-25,2025-02-23,401705377,old,4,3,0.0007665379523092862,0.8126789333515865,True,4,2,0.00023114224382861996,0.22802279544835993,False
2024-25,2025-02-23,401705377,new,4,3,0.0007642499960073658,0.812223447988665,True,4,2,0.00023102678816187486,0.228359612291271,False
2024-25,2025-02-23,401705378,old,5,3,0.0014982461366017906,0.42745118333792104,False,2,0,0.0,0.0,False
2024-25,2025-02-23,401705378,new,4,2,0.0009466738344928403,0.13896002040193028,False,3,1,0.00010871925489604882,0.02115281108125644,False
2024-25,2025-02-23,401705379,old,7,5,0.002235316618222057,0.6069678557820557,True,5,3,0.0004005809567263358,0.1420575519841807,False
2024-25,2025-02-23,401705379,new,9,7,0.00395280861362718,0.7451439615331136,True,6,4,0.0011176075125106052,0.2749444070245869,False
2024-25,2025-02-23,401705382,old,7,6,0.0036625701308564992,0.9150939853845651,True,3,1,0.00016357288351519816,0.12606751506705136,False
2024-25,2025-02-23,401705382,new,4,4,0.0009902849890452696,1.0,True,2,1,0.0001313329524302843,0.25570569407974775,False
2024-25,2025-02-23,401705381,old,7,6,0.00194405561132482,0.6683790559459248,True,4,3,0.0005880916982443652,0.37875741482248676,False
2024-25,2025-02-23,401705381,new,5,4,0.0020812075316289876,0.6266045225015173,True,4,3,0.0010298020485730228,0.4536509919256731,False
2024-25,2025-02-23,401705383,old,9,8,0.002405972151384343,0.5902983849586484,True,4,2,0.00026916377373447254,0.11387394129012027,False
2024-25,2025-02-23,401705383,new,8,7,0.0028586842578775047,0.5461649106084222,True,4,2,0.00048181124510775756,0.16029355377493376,False
2024-25,2025-02-23,401705380,old,7,5,0.0018106532748862897,0.5612120998263024,True,2,0,0.0,0.0,False
2024-25,2025-02-23,401705380,new,6,5,0.002195361903050815,0.6259859838538137,True,3,1,0.00016607230409873373,0.06390875602449174,False
2024-25,2025-02-23,401705384,old,4,3,0.0005188795989820224,0.46293142360112466,False,2,1,0.00015486035890242088,0.19005886360559657,False
2024-25,2025-02-23,401705384,new,3,3,0.0006464219830380368,1.0,True,0,0,0.0,nan,False
2024-25,2025-02-23,401705385,old,6,6,0.0014376748228236665,1.0,True,6,4,0.0005487575089018002,0.3869128046818623,False
2024-25,2025-02-23,401705385,new,6,6,0.0014446539966378607,1.0,True,6,4,0.0005524119165618444,0.37898837447527983,False
2024-25,2025-02-23,401705386,old,8,7,0.002327096010592447,0.902500506002614,True,8,6,0.0009890412104680993,0.40375089335992054,False
2024-25,2025-02-23,401705386,new,9,8,0.0037458125504885456,0.8993656588172237,True,8,6,0.0016324594002382565,0.43382873958722795,False
2024-25,2025-02-24,401705388,old,2,1,0.0007714780594310323,0.43331875437491146,False,2,0,0.0,0.0,False
2024-25,2025-02-24,401705388,new,2,1,0.0007782840399159472,0.4414522894835597,False,2,0,0.0,0.0,False
2024-25,2025-02-24,401705389,old,3,1,0.001534180954896393,0.32894507309128035,False,2,0,0.0,0.0,False
2024-25,2025-02-24,401705389,new,3,1,0.0003756433642884255,0.2597680032308045,False,2,0,0.0,0.0,False
2024-25,2025-02-24,401705387,old,7,5,0.0024200121996831537,0.7512848428142449,True,5,3,0.000358971850796471,0.13208801405169984,False
2024-25,2025-02-24,401705387,new,11,9,0.004724186507935858,0.8463463070421502,True,8,6,0.001576422449999943,0.3542645552478535,False
2024-25,2025-02-24,401705390,old,5,4,0.0010425652238127124,0.6047420112171644,True,3,2,0.000326048038814748,0.3237356319705902,False
2024-25,2025-02-24,401705390,new,3,2,0.00030043729439590796,0.5451392530363124,True,1,0,0.0,0.0,False
2024-25,2025-02-24,401705391,old,3,2,0.0025948944264447995,0.5034997628252543,True,2,0,0.0,0.0,False
2024-25,2025-02-24,401705391,new,4,3,0.0031536112183126025,0.48636120564587126,False,3,1,0.00010902589659145622,0.03527826536809079,False
2024-25,2025-02-24,401705392,old,8,7,0.0023674601439254437,0.9098731718406199,True,7,5,0.0008964718984935411,0.3767882066765741,False
2024-25,2025-02-24,401705392,new,9,8,0.0038331357119977144,0.90882141816067,True,9,7,0.0017613322942859049,0.45113642571297313,False
2024-25,2025-02-24,401705393,old,7,5,0.0008190709646643462,0.4880984368173613,False,4,2,0.0002661242606708849,0.24732847378646816,False
2024-25,2025-02-24,401705393,new,3,2,0.000570873802991215,0.5010090912406784,True,1,0,0.0,0.0,False
2024-25,2025-02-24,401705394,old,6,5,0.002352777042481803,0.4639698469453276,False,4,3,0.00037793257073052885,0.3039256785764226,False
2024-25,2025-02-24,401705394,new,7,6,0.001684252855092959,0.519447797539014,True,5,4,0.0005935092591345815,0.4254221954097424,False
2024-25,2025-02-25,401705395,old,5,3,0.0010854148437204273,0.6574999059586781,True,5,3,0.0003369863168166453,0.3734364127779947,False
2024-25,2025-02-25,401705395,new,2,0,0.0,0.0,False,2,0,0.0,0.0,False
2024-25,2025-02-25,401705396,old,8,7,0.0018674903675757143,0.6977738572990818,True,5,3,0.0005323176334913251,0.34917817860464273,False
2024-25,2025-02-25,401705396,new,7,6,0.0019878659154544077,0.6645815169403227,True,6,4,0.0009449315987652603,0.4433221629138008,False
2024-25,2025-02-25,401705397,old,3,3,0.0011213165248195015,1.0,True,2,0,0.0,0.0,False
2024-25,2025-02-25,401705397,new,4,4,0.0006726572343046992,1.0,True,2,0,0.0,0.0,False
2024-25,2025-02-25,401705399,old,4,2,0.00026250505134788336,0.26804773697702416,False,3,1,0.0001457266747597841,0.16122009450106728,False
2024-25,2025-02-25,401705399,new,3,2,0.0006108047511167073,0.8370745774934231,True,1,0,0.0,0.0,False
2024-25,2025-02-25,401705398,old,7,7,0.0036829713147636402,1.0,True,8,6,0.0007694201828136113,0.33595773654721905,False
2024-25,2025-02-25,401705398,new,7,6,0.0018728763393268584,0.928865744660293,True,6,4,0.0005112286842301365,0.31436618090995594,False
2024-25,2025-02-25,401705400,old,7,6,0.001895229138838378,0.8943087760118688,True,5,4,0.0007391645020230831,0.36960891068308865,False
2024-25,2025-02-25,401705400,new,8,7,0.0021988782685527673,0.4902214039823194,False,6,5,0.0015399768544118605,0.45023071237797907,False
2024-25,2025-02-25,401705401,old,7,6,0.0018153555347197277,0.5635116009634752,True,5,3,0.0005245807759534715,0.17715838092212452,False
2024-25,2025-02-25,401705401,new,9,8,0.0031455357647148826,0.593642212377561,True,6,4,0.0012098430818328607,0.263467164357638,False
2024-25,2025-02-26,401705402,old,6,4,0.0011473102086220488,0.7684978978038787,True,4,2,0.00025510192541285825,0.19864079021731457,False
2024-25,2025-02-26,401705402,new,6,4,0.001046893054457523,0.712241447694017,True,4,2,0.00028968810973967245,0.23178331636622265,False
2024-25,2025-02-26,401705403,old,7,5,0.001417573983512155,0.5119728015625236,True,7,5,0.0005813396545720163,0.30080516491795395,False
2024-25,2025-02-26,401705403,new,5,3,0.00047268270950704425,0.3233892319255652,False,5,3,0.0003477528988492826,0.2601533417030709,False
2024-25,2025-02-26,401705405,old,6,5,0.0009512728679156572,0.5563100298348638,True,3,2,0.00028758148848840253,0.2955260729552476,False
2024-25,2025-02-26,401705405,new,1,0,0.0,0.0,False,0,0,0.0,nan,False
2024-25,2025-02-26,401705404,old,7,6,0.0025116447778701957,0.580153654141427,True,8,6,0.0008158518672105371,0.39948090583445467,False
2024-25,2025-02-26,401705404,new,6,5,0.0012249927185972104,0.7553549869969007,True,6,4,0.0005266698643459149,0.3790254036582962,False
2024-25,2025-02-26,401705407,old,3,2,0.0031142601272559833,0.4985960649492839,False,2,0,0.0,0.0,False
2024-25,2025-02-26,401705407,new,3,2,0.003735515771850394,0.4862441494221508,False,2,0,0.0,0.0,False
2024-25,2025-02-26,401705406,old,6,4,0.0010023383690305706,0.5104473723872671,True,5,3,0.0004518389572917852,0.36052870764935485,False
2024-25,2025-02-26,401705406,new,4,3,0.0004592993368442415,0.6963517631197805,True,4,2,0.0002668070917929152,0.397205335895483,False
2024-25,2025-02-26,401705408,old,10,8,0.002125015215291185,0.7006959128396639,True,9,7,0.0011133939633896411,0.37277562853056667,False
2024-25,2025-02-26,401705408,new,10,8,0.003659584330775589,0.8935253838342384,True,7,5,0.0014011588154432461,0.42246837075787985,False
2024-25,2025-02-26,401705409,old,6,4,0.0019962925542139675,0.43932229249612775,False,4,3,0.00042189276804776427,0.3240010736525645,False
2024-25,2025-02-26,401705409,new,7,5,0.0019099760189402583,0.4999675196611655,False,4,3,0.0005982546469134174,0.41009417316562,False
2024-25,2025-02-26,401705410,old,11,9,0.0017462931033399762,0.7101820322177662,True,8,6,0.0007556723357304139,0.3224613004639775,False
2024-25,2025-02-26,401705410,new,6,6,0.0013895037641529252,1.0,True,6,5,0.0006756472760515573,0.3769388960211531,False
2024-25,2025-02-27,401705411,old,9,7,0.0030785189140900065,0.7617174561011457,True,8,6,0.001020764259379698,0.33384275160973276,False
2024-25,2025-02-27,401705411,new,9,7,0.0029408305286826894,0.4813578169387315,False,8,6,0.002127738773284686,0.43093474399769155,False
2024-25,2025-02-27,401705412,old,5,5,0.0022506116980076716,1.0,True,5,3,0.00040159317541723185,0.20203221011617495,False
2024-25,2025-02-27,401705412,new,6,6,0.0023307695826559676,1.0,True,6,4,0.0005258845310131965,0.25014216315788146,False
2024-25,2025-02-27,401705413,old,4,3,0.0006262800315981124,0.36163595324248,False,5,4,0.0007207014263327,0.3946414395032733,False
2024-25,2025-02-27,401705413,new,7,6,0.0018955311467823096,0.5586504296388446,True,5,4,0.0012184784803747535,0.4486295376841763,False
2024-25,2025-02-27,401705414,old,7,6,0.002076971009865806,0.9425938846949904,True,3,1,0.00016551191251903448,0.174658539393219,False
2024-25,2025-02-27,401705414,new,5,4,0.0009205637745111307,0.8888617586262298,True,2,0,0.0,0.0,False
2024-25,2025-02-27,401705415,old,5,5,0.002763996145284872,1.0,True,5,3,0.0003947929545881132,0.14476927097641487,False
2024-25,2025-02-27,401705415,new,6,6,0.004022053824389209,1.0,True,5,3,0.0008060751602644266,0.20963948114877767,False
2024-25,2025-02-28,401705416,old,4,4,0.0019509589020851152,1.0,True,5,3,0.00038375887994542663,0.18104013929644033,False
2024-25,2025-02-28,401705416,new,5,4,0.0018747802709198054,0.9279730149479805,True,5,3,0.0003941970007651117,0.1912967089239376,False
2024-25,2025-02-28,401705417,old,8,6,0.002158792626694343,0.7750894468614644,True,5,3,0.000569572728232328,0.3763349389246544,False
2024-25,2025-02-28,401705417,new,6,5,0.0024346256901681593,0.8384210928217968,True,5,3,0.0009425236040532371,0.47926440562767475,False
2024-25,2025-02-28,401705418,old,3,2,0.00030210899083882005,0.7311847974245103,True,3,1,0.00013281249962208028,0.31663455214812686,False
2024-25,2025-02-28,401705418,new,3,2,0.0003034367312343443,0.732045864800688,True,3,1,0.00013281249962208028,0.31663455214812686,False
2024-25,2025-02-28,401705419,old,7,5,0.0016014520415881686,0.5411906533419528,True,5,3,0.0003722857802667316,0.22488105647132534,False
2024-25,2025-02-28,401705419,new,2,0,0.0,0.0,False,2,1,0.00011560185058312659,0.3713290237755475,False
2024-25,2025-02-28,401705420,old,7,5,0.0014946588165389476,0.3923123854402328,False,6,4,0.000585148003064856,0.26017391851656924,False
2024-25,2025-02-28,401705420,new,7,5,0.0016686446308893912,0.3795309836883556,False,6,4,0.0008289524866736457,0.31388860524853557,False
2024-25,2025-02-28,401705422,old,2,2,0.0017327874832543052,1.0,True,2,0,0.0,0.0,False
2024-25,2025-02-28,401705422,new,2,2,0.0017227652138562314,1.0,True,2,0,0.0,0.0,False
2024-25,2025-02-28,401705421,old,4,2,0.00031717129823141986,0.18032465364076242,False,2,0,0.0,0.0,False
2024-25,2025-02-28,401705421,new,3,1,0.00011710329140070034,0.17323104572761122,False,2,0,0.0,0.0,False
2024-25,2025-02-28,401705423,old,8,7,0.0019174130829342796,0.9303489739176871,True,4,2,0.0002839995571297412,0.26414952499387834,False
2024-25,2025-02-28,401705423,new,3,3,0.0006120009031166317,1.0,True,0,0,0.0,nan,False
2024-25,2025-02-28,401705424,old,6,4,0.0008328312502098435,0.3913655274491398,False,6,5,0.0008723774516708739,0.4089928821893023,False
2024-25,2025-02-28,401705424,new,6,5,0.0020797286740116645,0.47323505133081756,False,5,4,0.0013841635443830019,0.42013510872910415,False
2024-25,2025-02-28,401705425,old,9,8,0.0033685839312360788,0.9465845321845797,True,9,7,0.0010293376259091402,0.3188806743330922,False
2024-25,2025-02-28,401705425,new,11,10,0.005168216749549469,0.9671712174294574,True,9,7,0.0016605753944501068,0.3587796117003782,False
2024-25,2025-03-01,401705426,old,0,0,0.0,nan,False,0,0,0.0,nan,False
2024-25,2025-03-01,401705426,new,0,0,0.0,nan,False,0,0,0.0,nan,False
2024-25,2025-03-01,401705427,old,8,6,0.002276410584951997,0.7182273415216022,True,8,6,0.0007807181398459529,0.3505658599279218,False
2024-25,2025-03-01,401705427,new,5,3,0.0010323389340612089,0.6138689265985208,True,5,3,0.000470035091132795,0.3150501183178995,False
2024-25,2025-03-01,401705428,old,8,7,0.0022282713961998715,0.5284219664197658,True,6,4,0.0005520039861507694,0.2271310265166843,False
2024-25,2025-03-01,401705428,new,10,9,0.002660544799604698,0.5741712173376932,True,8,6,0.0009749625932081836,0.30786850211439,False
2024-25,2025-03-01,401705429,old,8,7,0.0016750949742154778,0.7592575210008627,True,6,4,0.0005506407188871122,0.2820889943599465,False
2024-25,2025-03-01,401705429,new,5,4,0.0013047659685791154,0.8821654411285544,True,4,3,0.0004297125302980515,0.3236849012808801,False
2024-25,2025-03-01,401705431,old,3,2,0.0011598717023182964,0.46668745661232625,False,4,2,0.0002510855310020145,0.0957170397202234,False
2024-25,2025-03-01,401705431,new,8,7,0.003077859136503241,0.620573941089258,True,6,4,0.0012278204813765338,0.302300737228914,False
2024-25,2025-03-01,401705430,old,8,6,0.0029464298830074623,0.6029302817652817,True,10,8,0.0013143841621065624,0.4168916070709982,False
2024-25,2025-03-01,401705430,new,9,7,0.0019705981724409028,0.44125630058744875,False,7,5,0.001693063774819636,0.43402223611499313,False
2024-25,2025-03-02,401705432,old,4,3,0.0009398642318331135,0.8363093987787091,True,3,1,0.00011483990298549695,0.12251051150405058,False
2024-25,2025-03-02,401705432,new,4,3,0.0009417990568581804,0.8365907314936734,True,3,1,0.00011483990298549695,0.12201166282642374,False
2024-25,2025-03-02,401705433,old,8,7,0.0014807582296637765,0.6443628934624293,True,5,3,0.0004568526619164286,0.34943516214851966,False
2024-25,2025-03-02,401705433,new,5,4,0.0005447290013000989,0.6998821421312917,True,3,1,0.00016452432284934506,0.3595714281951345,False
2024-25,2025-03-02,401705434,old,8,6,0.0011868832560420453,0.41067693601828326,False,8,6,0.0007960108956838135,0.3185169607172607,False
2024-25,2025-03-02,401705434,new,6,4,0.000865384047879973,0.40706349426480404,False,6,4,0.0005281421974271629,0.2952645467230757,False
2024-25,2025-03-02,401705435,old,6,5,0.0012346649265042723,0.5645476942278961,True,6,4,0.0005517769155780025,0.30092721666288247,False
2024-25,2025-03-02,401705435,new,6,5,0.00163297131525251,0.527900170244383,True,7,5,0.0008822142283638555,0.3854834526651062,False
2024-25,2025-03-02,401705436,old,8,6,0.001536138480072093,0.5797026118093672,True,4,2,0.00041720148140413603,0.27251393379767375,False
2024-25,2025-03-02,401705436,new,4,3,0.0012788109635813842,0.6027252051488908,True,3,2,0.0006945967889283889,0.4517711479737845,False
2024-25,2025-03-02,401705437,old,6,5,0.0006998059452685913,0.5507755234366399,True,5,3,0.00043203767943219114,0.34973709917777923,False
2024-25,2025-03-02,401705437,new,2,2,0.00030296528690839823,1.0,True,2,1,0.00014909174924675062,0.4804067460424245,False
2024-25,2025-03-02,401705438,old,2,0,0.0,0.0,False,2,0,0.0,0.0,False
2024-25,2025-03-02,401705438,new,3,1,0.0008183416645027166,0.3987119314851937,False,2,0,0.0,0.0,False
2024-25,2025-03-02,401705440,old,9,8,0.003370627175209756,0.9243534627005677,True,8,6,0.0010299417206181606,0.3319907350096582,False
2024-25,2025-03-02,401705440,new,11,10,0.005202533812323738,0.9545506343496872,True,8,6,0.0017421688183687782,0.3873725393820659,False
2024-25,2025-03-02,401705439,old,11,10,0.0037936318240866626,0.970272722887361,True,10,8,0.0012625140661941495,0.37677287342033916,False
2024-25,2025-03-02,401705439,new,8,8,0.004338897891840092,1.0,True,7,5,0.001594835943308591,0.4147967234502805,False
2024-25,2025-03-03,401705442,old,7,5,0.001955904400663744,0.4192632335202675,False,4,2,0.0003047525276363734,0.18233977765239168,False
2024-25,2025-03-03,401705442,new,3,1,0.00024281010456346226,0.27851675968724554,False,2,1,0.0001508938798952155,0.3932609927303655,False
2024-25,2025-03-03,401705441,old,7,6,0.0019769686689661693,0.9122180387965436,True,5,4,0.0008459637869114683,0.39666655435404585,False
2024-25,2025-03-03,401705441,new,8,7,0.002701802355986926,0.5249054651027777,True,5,4,0.001593757949526729,0.44368807476990013,False
2024-25,2025-03-03,401705443,old,5,4,0.0011794009086475764,0.47161839980925974,False,3,2,0.0003756611810200608,0.3466990927529036,False
2024-25,2025-03-03,401705443,new,5,4,0.0016994594901684826,0.48082197739911425,False,3,2,0.0006589661921809346,0.4182578080310413,False
2024-25,2025-03-03,401705445,old,6,6,0.0011600655777040815,1.0,True,7,5,0.0006707280363197962,0.37783917523780614,False
2024-25,2025-03-03,401705445,new,6,6,0.0013155863758578838,1.0,True,8,6,0.0007914548076043121,0.39037999440924037,False
2024-25,2025-03-03,401705444,old,10,8,0.0028316934309368887,0.8704286093662827,True,8,6,0.0009432755720096751,0.3567640735421697,False
2024-25,2025-03-03,401705444,new,9,7,0.003323469070866165,0.8886134977721135,True,8,6,0.001284647441675958,0.4142431234615208,False
2024-25,2025-03-03,401705446,old,3,1,0.00011855044319475528,0.04272137988403869,False,2,0,0.0,0.0,False
2024-25,2025-03-03,401705446,new,4,2,0.001232813145849005,0.19139661681191567,False,2,0,0.0,0.0,False
2024-25,2025-03-03,401705447,old,5,3,0.0011894974402651003,0.7679150848850822,True,3,2,0.00026730580156314536,0.22392170258182595,False
2024-25,2025-03-03,401705447,new,6,4,0.0014389569236328093,0.7366344405515902,True,4,3,0.0004012437032069554,0.32211706089651443,False
2024-25,2025-03-04,401705448,old,4,3,0.001179813778114887,0.5032400874634578,True,2,0,0.0,0.0,False
2024-25,2025-03-04,401705448,new,3,2,0.0012315590944002902,0.5218580813800328,True,2,0,0.0,0.0,False
2024-25,2025-03-04,401705450,old,9,8,0.002918480478528042,0.9456428561418276,True,7,5,0.0007980378824990215,0.30392034077879393,False
2024-25,2025-03-04,401705450,new,8,8,0.0035639404730245902,1.0,True,7,5,0.001125726514334876,0.369334355646864,False
2024-25,2025-03-04,401705449,old,5,3,0.00135716381859247,0.5090876784636084,True,5,3,0.0005504838295129522,0.29608728486672214,False
2024-25,2025-03-04,401705449,new,5,3,0.0014161925722055064,0.5919118924027126,True,4,2,0.000756326884552817,0.4365018941400018,False
2024-25,2025-03-04,401705451,old,7,6,0.0025448430357715465,0.9429710919156642,True,9,7,0.0011647218266781013,0.3883136907777923,False
2024-25,2025-03-04,401705451,new,10,9,0.003281244182565292,0.5768174024347378,True,8,6,0.0018367270408317195,0.41254017219634925,False
2024-25,2025-03-04,401705453,old,9,7,0.0032676445925915562,0.620059891669255,True,12,10,0.0014842468135431663,0.4377157265080504,False
2024-25,2025-03-04,401705453,new,9,7,0.003712554187003919,0.8766777565606747,True,11,9,0.0019892315755953654,0.47336214837074686,False
2024-25,2025-03-04,401705452,old,7,6,0.0011435235070794685,0.6171498981037088,True,6,4,0.0005729077920794791,0.39386120772618677,False
2024-25,2025-03-04,401705452,new,5,4,0.0006908153292365366,0.6960082236487937,True,3,1,0.00016856527130298428,0.2623260204104564,False
2024-25,2025-03-04,401705454,old,5,3,0.0009735198591083703,0.47320234755383744,False,3,1,0.0001277437646950321,0.10314080556990157,False
2024-25,2025-03-04,401705454,new,1,0,0.0,0.0,False,1,0,0.0,0.0,False
2024-25,2025-03-04,401705455,old,10,9,0.002993274425766236,0.9266063169641402,True,8,6,0.001032897961923827,0.35212674695600976,False
2024-25,2025-03-04,401705455,new,10,9,0.004265270034171522,0.95589409545748,True,5,4,0.0013718458054423812,0.4332543322576521,False
2024-25,2025-03-04,401705456,old,6,5,0.0014533554839331355,0.9105085801545519,True,5,3,0.00037251272607963156,0.3112073418339791,False
2024-25,2025-03-04,401705456,new,6,6,0.001694754878227348,1.0,True,4,3,0.00037261517034297196,0.3508416728394769,False
2024-25,2025-03-05,401705457,old,6,5,0.0009698551102183165,0.5262582273771089,True,3,2,0.0002990773849854741,0.3007660966682634,False
2024-25,2025-03-05,401705457,new,2,1,0.00011188514630382564,0.3151827258073857,False,1,0,0.0,0.0,False
2024-25,2025-03-05,401705458,old,7,6,0.0021842687262148986,0.9410281501497991,True,8,7,0.0010333847757638477,0.4404137424674211,False
2024-25,2025-03-05,401705458,new,8,7,0.003452887542683844,0.9676548986174224,True,9,8,0.0017427232399084415,0.4780671753996322,False
2024-25,2025-03-05,401705460,old,0,0,0.0,nan,False,0,0,0.0,nan,False
2024-25,2025-03-05,401705460,new,2,1,0.00028829157920942736,0.44088115622410806,False,0,0,0.0,nan,False
2024-25,2025-03-05,401705459,old,5,4,0.0006564340160339025,0.4746087687646475,False,4,2,0.0002928860389118133,0.2734350705761464,False
2024-25,2025-03-05,401705459,new,7,6,0.0012874660707538998,0.5385799941989523,True,6,4,0.0006454237844232929,0.4398417464439614,False
2024-25,2025-03-05,401705463,old,6,5,0.0015460267894580643,0.598337117392406,True,5,3,0.0004130611063893891,0.16181795955308287,False
2024-25,2025-03-05,401705463,new,9,8,0.0030191266185993207,0.6938003953409927,True,6,4,0.0007674206599189626,0.24592915706897822,False
2024-25,2025-03-05,401705462,old,9,8,0.002355134558065066,0.7704968239667698,True,8,6,0.0009703684545901276,0.33713167958522045,False
2024-25,2025-03-05,401705462,new,11,10,0.0033074306160142857,0.5616828429429653,True,8,6,0.0016110200827606353,0.3839170837722917,False
2024-25,2025-03-05,401705461,old,7,6,0.001744133900967473,0.8233843461872122,True,7,5,0.0007245536464694796,0.35725949541830926,False
2024-25,2025-03-05,401705461,new,7,6,0.0017517761486515653,0.7540420506787273,True,8,6,0.000937482870810903,0.38600652078569647,False
2024-25,2025-03-05,401705464,old,6,5,0.002611946031068279,0.9297853775299154,True,4,2,0.00027285725461803227,0.11300062003409232,False
2024-25,2025-03-05,401705464,new,10,8,0.0047822169847279395,0.940856250052241,True,7,5,0.0010128629832204777,0.29807800996798123,False
2024-25,2025-03-06,401705466,old,4,3,0.0016346992723989696,0.4679921122420222,False,4,3,0.0004231922952139773,0.44258793672788505,False
2024-25,2025-03-06,401705466,new,3,2,0.00033052909450749306,0.4488745968866108,False,2,1,0.00011496548702054467,0.37545585296039846,False
2024-25,2025-03-06,401705510,old,6,4,0.0011981659826176391,0.4042891055728765,False,6,4,0.0007247778944010015,0.291073404332902,False
2024-25,2025-03-06,401705510,new,7,5,0.0014758997613533455,0.5509335949771562,True,5,3,0.0008437379516817825,0.4121587356526167,False
2024-25,2025-03-06,401705465,old,9,7,0.0020411450184880746,0.6317956898816203,True,8,6,0.001030173119727826,0.3654401040317143,False
2024-25,2025-03-06,401705465,new,8,7,0.0026490558276515514,0.7275979431571666,True,8,6,0.001312552472853812,0.42538826317059864,False
2024-25,2025-03-06,401705467,old,9,8,0.0033418025923312882,0.8570211410611164,True,11,9,0.0012958970860048363,0.4289052810724055,False
2024-25,2025-03-06,401705467,new,8,6,0.002045907937786232,0.45993082262180085,False,7,6,0.0017610034689739128,0.4566267325494434,False
2024-25,2025-03-06,401705468,old,9,8,0.0017784346435047698,0.9371130170799319,True,7,5,0.0007913548923936879,0.373935914734065,False
2024-25,2025-03-06,401705468,new,8,8,0.002386545753152784,1.0,True,7,6,0.0010990534209104857,0.42231154914440516,False
2024-25,2025-03-06,401705469,old,2,2,0.001543177596933419,1.0,True,2,0,0.0,0.0,False
2024-25,2025-03-06,401705469,new,2,2,0.0015488078381360377,1.0,True,2,0,0.0,0.0,False
2024-25,2025-03-07,401705470,old,2,2,0.0003367937955399746,1.0,True,2,1,0.00017072044280265898,0.49614137086494664,False
2024-25,2025-03-07,401705470,new,2,2,0.00033838131130037,1.0,True,2,1,0.00017072044280265898,0.49614137086494664,False
2024-25,2025-03-07,401705472,old,7,5,0.0014174588555102355,0.4762534023879892,False,7,5,0.0007116457155505153,0.24614651626278874,False
2024-25,2025-03-07,401705472,new,11,9,0.002193784685537986,0.5036207707019914,True,8,6,0.000887529784185225,0.24483825041598156,False
2024-25,2025-03-07,401705471,old,4,3,0.001095390745681761,0.6877473865363883,True,3,2,0.0002806043630678539,0.36070360041916305,False
2024-25,2025-03-07,401705471,new,4,2,0.0003416694057959202,0.3999362608690162,False,2,1,0.00010914521207802143,0.3831510245627951,False
2024-25,2025-03-07,401705474,old,9,8,0.0013613269128156815,0.6314422364446043,True,6,4,0.0005916739939943386,0.4110571016205289,False
2024-25,2025-03-07,401705474,new,3,2,0.0003227659336340285,0.6511418740579632,True,2,1,0.00016032943408592174,0.487936285853125,False
2024-25,2025-03-07,401705473,old,9,7,0.0023457820935628526,0.6585723873358355,True,9,7,0.0010314680689382514,0.34752929071800226,False
2024-25,2025-03-07,401705473,new,12,10,0.004030903222243958,0.7419592935969329,True,11,9,0.001883440023189167,0.428003331323562,False
2024-25,2025-03-07,401705476,old,9,7,0.001093411913687422,0.3881072025463292,False,10,8,0.0011144726264260241,0.38894177751203507,False
2024-25,2025-03-07,401705476,new,8,7,0.0023665941576726294,0.5045841703457973,True,6,5,0.0012581900500723585,0.4563560749186705,False
2024-25,2025-03-07,401705475,old,7,7,0.002665926638553585,1.0,True,7,5,0.0007564292722195084,0.35802007447782247,False
2024-25,2025-03-07,401705475,new,3,3,0.0011345492291406985,1.0,True,4,2,0.00030653479125114443,0.2791275858314662,False
2024-25,2025-03-07,401705477,old,8,7,0.001977476993545803,0.8988734271899567,True,7,5,0.000868301971175222,0.3381071117037301,False
2024-25,2025-03-07,401705477,new,12,11,0.004571200445132771,0.9615997471216624,True,8,6,0.0014924328464494551,0.40574822412559813,False
2024-25,2025-03-08,401705478,old,3,2,0.0012189368069540202,0.8204447296304311,True,1,0,0.0,0.0,False
2024-25,2025-03-08,401705478,new,0,0,0.0,nan,False,0,0,0.0,nan,False
2024-25,2025-03-08,401705479,old,8,8,0.0017199650711131112,1.0,True,6,5,0.00080343806183173,0.39444001113007865,False
2024-25,2025-03-08,401705479,new,8,8,0.002365994017337477,1.0,True,8,7,0.0012402763936746365,0.4457600822917681,False
2024-25,2025-03-08,401705481,old,4,3,0.0010774235407559566,0.6448949788220523,True,3,2,0.00032742174366106995,0.35562480891435616,False
2024-25,2025-03-08,401705481,new,2,1,0.00013529236832004367,0.3836564813966444,False,2,1,0.00013529224876208164,0.3836562724330046,False
2024-25,2025-03-08,401705480,old,8,6,0.0014715858715269013,0.5509128555011961,True,9,7,0.0010314088946845022,0.3805755643842036,False
2024-25,2025-03-08,401705480,new,9,8,0.0022439058649372664,0.6859869850695645,True,9,7,0.0011726522718951287,0.41549722438516556,False
2024-25,2025-03-08,401705482,old,5,3,0.0012489294124371241,0.37179629478854104,False,5,3,0.00047329974604157975,0.2415155230497698,False
2024-25,2025-03-08,401705482,new,7,5,0.0015604494921684195,0.4462033451115889,False,5,3,0.0005440998958271014,0.3253721987269934,False
2024-25,2025-03-08,401705483,old,12,11,0.0031095582076015892,0.7624615322049406,True,13,11,0.0015274126793110693,0.4309139143597941,False
2024-25,2025-03-08,401705483,new,9,8,0.0026771476304764757,0.7794942312914565,True,10,8,0.0013776498647055375,0.4431086541394529,False
2024-25,2025-03-08,401705484,old,3,3,0.0009866273012584387,1.0,True,3,2,0.00029722136634590085,0.3354126610364402,False
2024-25,2025-03-08,401705484,new,3,3,0.0009913423074356352,1.0,True,3,2,0.0002971828811236526,0.3337082229370086,False
2024-25,2025-03-08,401705485,old,5,4,0.002694600001002048,0.9606130612966208,True,4,2,0.0002255286295800192,0.0826984172887115,False
2024-25,2025-03-08,401705485,new,10,8,0.003142641555549048,0.5958670373527971,True,7,5,0.0013496343334235892,0.3040144332366573,False
2024-25,2025-03-09,401705486,old,5,5,0.0013177334941919677,1.0,True,5,3,0.00048311552069492614,0.3945052847440542,False
2024-25,2025-03-09,401705486,new,5,5,0.0013253727498168078,1.0,True,5,3,0.00048316216938975887,0.39038096483930795,False
2024-25,2025-03-09,401705487,old,4,3,0.001080857659550377,0.6024547614396062,True,6,4,0.0004957163841491291,0.24489998012714265,False
2024-25,2025-03-09,401705487,new,5,4,0.0006767736296328078,0.5176897879045574,True,3,1,0.00017507289462021178,0.17634453845550746,False
2024-25,2025-03-09,401705489,old,10,8,0.001933374123040329,0.7754814562720312,True,8,6,0.0008320684757128326,0.38916461483259396,False
2024-25,2025-03-09,401705489,new,7,6,0.0018403000847943833,0.7022848754908959,True,7,6,0.001060699641511948,0.41717370795045733,False
2024-25,2025-03-09,401705490,old,2,1,0.0011924364971278509,0.4370408109313365,False,1,0,0.0,0.0,False
2024-25,2025-03-09,401705490,new,3,1,0.00031698795481361247,0.4100467459897545,False,0,0,0.0,nan,False
2024-25,2025-03-09,401705491,old,10,9,0.0027080989297206177,0.8035296220752328,True,12,10,0.0015451051633241365,0.4363005466976926,False
2024-25,2025-03-09,401705491,new,7,7,0.003534895559648318,1.0,True,8,7,0.001714495495083771,0.4710181490793888,False
2024-25,2025-03-09,401705488,old,8,8,0.0019497089387900365,1.0,True,9,7,0.0009703055672184905,0.4386157765647162,False
2024-25,2025-03-09,401705488,new,7,7,0.0016878050802469258,1.0,True,7,5,0.000706636661179176,0.38210666962945705,False
2024-25,2025-03-09,401705492,old,9,7,0.0016359815568011073,0.6365549101105131,True,7,5,0.0006839929483408292,0.30205780517200287,False
2024-25,2025-03-09,401705492,new,7,5,0.0011130980109561792,0.773687367608459,True,4,3,0.00036833575791418423,0.33244898815524004,False
2024-25,2025-03-09,401705493,old,5,3,0.0023871081138175684,0.7101500614277887,True,2,0,0.0,0.0,False
2024-25,2025-03-09,401705493,new,5,3,0.004230492271398467,0.5014580416166627,True,2,0,0.0,0.0,False
2024-25,2025-03-10,401705495,old,0,0,0.0,nan,False,0,0,0.0,nan,False
2024-25,2025-03-10,401705495,new,2,1,0.0002479752125855258,0.44438455520699693,False,0,0,0.0,nan,False
2024-25,2025-03-10,401705498,old,3,2,0.00100471823031871,0.7314589828947969,True,2,1,0.00012045198780113703,0.24616458566303864,False
2024-25,2025-03-10,401705498,new,2,1,0.00012775682625441073,0.4445777869746556,False,0,0,0.0,nan,False
2024-25,2025-03-10,401705494,old,6,5,0.002538474876922996,0.6388667057019669,True,5,3,0.00042881926513538553,0.29648723236212104,False
2024-25,2025-03-10,401705494,new,5,4,0.0020134252533917257,0.8859011253958881,True,4,2,0.0005220603497739296,0.39228800904691913,False
2024-25,2025-03-10,401705497,old,5,3,0.0019843239637671187,0.45161328526773614,False,4,2,0.0005356188488768744,0.34912166639195014,False
2024-25,2025-03-10,401705497,new,4,3,0.0023213946023846765,0.4776304365134463,False,4,3,0.0010463315718810902,0.48369804262596927,False
2024-25,2025-03-10,401705496,old,6,5,0.001923412925997184,0.7952370794859841,True,5,3,0.0004483528682910041,0.32983368348741865,False
2024-25,2025-03-10,401705496,new,4,3,0.001002640145680427,0.7679825850511199,True,4,3,0.00045000481306792597,0.3854700998348246,False
2024-25,2025-03-10,401705499,old,10,8,0.0014755928616974646,0.43896580464685725,False,11,9,0.0012347582616729616,0.3956590208517366,False
2024-25,2025-03-10,401705499,new,7,5,0.0010212223666675355,0.43336712174923897,False,6,4,0.0005624752219671605,0.29638958254565034,False
2024-25,2025-03-10,401705502,old,5,5,0.001448305320622001,1.0,True,6,4,0.0006176424303957947,0.4260996565383969,False
2024-25,2025-03-10,401705502,new,5,5,0.0014585765521708733,1.0,True,6,4,0.0006200132130939228,0.42107521338808196,False
2024-25,2025-03-10,401705500,old,13,11,0.0033809360619084946,0.7446523247219708,True,11,9,0.0014198002141567934,0.3990420743253358,False
2024-25,2025-03-10,401705500,new,10,9,0.00386867429161582,0.7966992254143017,True,9,7,0.0018143840765758221,0.42924415012263695,False
2024-25,2025-03-10,401705501,old,10,9,0.003194613087250841,0.9194528952649037,True,10,8,0.0011418041827104379,0.374772700943287,False
2024-25,2025-03-10,401705501,new,9,8,0.0021595739591368512,0.7906489953289852,True,10,8,0.0012543058523715588,0.4417326707934036,False
2024-25,2025-03-10,401705503,old,7,5,0.0008031387522528498,0.37205467051646757,False,4,2,0.0002639638745958778,0.16706440749004575,False
2024-25,2025-03-10,401705503,new,3,2,0.00027271808712686174,0.39510346259264617,False,3,2,0.0002760495798612213,0.3980089952824553,False
2024-25,2025-03-10,401705504,old,11,10,0.0031322448724801773,0.7867971516472948,True,14,12,0.001802253149943008,0.45558210480577477,False
2024-25,2025-03-10,401705504,new,10,8,0.002633846122893129,0.5946189683738785,True,7,6,0.0017480154219486962,0.4530585040489337,False
2024-25,2025-03-10,401705505,old,7,6,0.0014917109962808222,0.633616914634894,True,7,5,0.0007795011010696205,0.3264001283390795,False
2024-25,2025-03-10,401705505,new,8,7,0.0026368562469949765,0.5904792734769606,True,6,4,0.0010325435993340235,0.3525701812023081,False
2024-25,2025-03-11,401705506,old,5,4,0.0015676676125384245,0.8463945822240935,True,3,1,0.0001533251245198726,0.26175159201279113,False
2024-25,2025-03-11,401705506,new,2,2,0.0003009544358373129,1.0,True,2,1,0.0001533251245198726,0.4960159365994162,False
2024-25,2025-03-11,401705507,old,5,5,0.0013402174970955146,1.0,True,5,4,0.0005172425869230325,0.3906142694846701,False
2024-25,2025-03-11,401705507,new,5,3,0.0008958183290114469,0.7994824218406776,True,3,2,0.00028231879493956826,0.2855499805792568,False
2024-25,2025-03-11,401705508,old,2,1,0.001116242301520923,0.4990248481803559,False,2,0,0.0,0.0,False
2024-25,2025-03-11,401705508,new,2,1,0.0010196581457964198,0.5010000154072399,True,2,0,0.0,0.0,False
2024-25,2025-03-11,401705509,old,7,6,0.0016737798733476757,0.8664421994442051,True,6,5,0.0007097993275232012,0.3997517647603269,False
2024-25,2025-03-11,401705509,new,10,8,0.003748091142064616,0.9304385154920495,True,6,4,0.0010690324444755316,0.3978325932382929,False
2024-25,2025-03-12,401705513,old,3,1,0.0017770073294780682,0.3851948440772904,False,2,0,0.0,0.0,False
2024-25,2025-03-12,401705513,new,1,0,0.0,0.0,False,0,0,0.0,nan,False
2024-25,2025-03-12,401705511,old,5,5,0.0012732712742793712,1.0,True,3,2,0.00025834204540734715,0.3146698416286763,False
2024-25,2025-03-12,401705511,new,4,4,0.0016370457955736165,1.0,True,3,2,0.00041581141305537564,0.3988376444509794,False
2024-25,2025-03-12,401705512,old,2,2,0.00029417141336658643,1.0,True,2,1,0.00014004772151086315,0.467437378375537,False
2024-25,2025-03-12,401705512,new,2,2,0.000294132928181614,1.0,True,2,1,0.00014004772151086315,0.467437378375537,False
2024-25,2025-03-12,401705517,old,6,4,0.0008143531848845044,0.37962580672159324,False,6,4,0.0005678074704969443,0.3071520625129191,False
2024-25,2025-03-12,401705517,new,3,2,0.00047101925798428415,0.4542794115362987,False,2,1,0.00031205375625468335,0.35546137405441175,False
2024-25,2025-03-12,401705515,old,8,7,0.0021158369993293574,0.7336632922445908,True,8,6,0.0009434343924476952,0.33970975237513207,False
2024-25,2025-03-12,401705515,new,7,7,0.001860061020839137,1.0,True,6,4,0.0008590965609725791,0.37015900278334757,False
2024-25,2025-03-12,401705516,old,6,4,0.001446803664978638,0.78371934436394,True,6,5,0.0007061018172284439,0.4118564226093998,False
2024-25,2025-03-12,401705516,new,5,4,0.0014823294147677717,0.7950978044993825,True,6,5,0.0008384834140971013,0.4163915505821718,False
2024-25,2025-03-12,401705514,old,6,4,0.0030079986814992043,0.5457035329971386,True,6,4,0.0008259706813758894,0.3068401212492755,False
2024-25,2025-03-12,401705514,new,10,9,0.0053710177712096175,0.7129327298616271,True,9,7,0.0019684105974194215,0.4612186559804563,False
2024-25,2025-03-12,401705518,old,6,5,0.0023166813660725474,0.9516821978250374,True,7,5,0.0007606997007847555,0.2942720624150967,False
2024-25,2025-03-12,401705518,new,7,7,0.003199275463756135,1.0,True,7,5,0.0010683781067519576,0.3170440166486343,False
2024-25,2025-03-12,401705519,old,8,7,0.001577168722655765,0.6597845221083516,True,10,8,0.0011594006153962944,0.44360855938402716,False
2024-25,2025-03-12,401705519,new,4,4,0.0010388519467523076,1.0,True,5,4,0.0005770082939367085,0.4592669030330893,False
2024-25,2025-03-13,401705520,old,4,4,0.0012420907145911052,1.0,True,5,4,0.0005557363924883725,0.4023688506211988,False
2024-25,2025-03-13,401705520,new,3,3,0.0009564118351440379,1.0,True,3,2,0.00032866377505468263,0.31445873446738504,False
2024-25,2025-03-13,401705521,old,7,7,0.0027350571850031135,1.0,True,9,7,0.0008956765601176785,0.3288903540928221,False
2024-25,2025-03-13,401705521,new,7,7,0.0027136435648472297,1.0,True,9,7,0.0009563380904301611,0.34412344325116445,False
2024-25,2025-03-13,401705707,old,7,6,0.00277573197438655,0.7277101956951365,True,5,4,0.0008040590425909218,0.4363567979685114,False
2024-25,2025-03-13,401705707,new,4,3,0.0024924047016559167,0.7189464869992795,True,3,2,0.0008550196324158203,0.4673881929477685,False
2024-25,2025-03-13,401705522,old,9,7,0.002194339854084634,0.6131590567426893,True,7,5,0.0008336814454234197,0.3758611721624457,False
2024-25,2025-03-13,401705522,new,4,3,0.0010143898380999493,0.6113232623932412,True,3,2,0.00047034928181757693,0.4217393207978626,False
2024-25,2025-03-13,401705523,old,6,5,0.0018944545084046396,0.7062615506699823,True,6,4,0.0006101153096111917,0.2291599152647015,False
2024-25,2025-03-13,401705523,new,9,7,0.002153120134306451,0.4010789454805641,False,7,5,0.0011773855148444117,0.2836920098904092,False
2024-25,2025-03-14,401705524,old,7,6,0.0024185930819262437,0.49272925427931275,False,4,3,0.0006606968370190561,0.3948307216659213,False
2024-25,2025-03-14,401705524,new,5,4,0.0021196673464219666,0.4937618156542055,False,4,3,0.0009040059019440969,0.4885859699040952,False
2024-25,2025-03-14,401705525,old,7,5,0.0016264230553610561,0.4010898967661346,False,7,5,0.0006935863114732605,0.36303425461094513,False
2024-25,2025-03-14,401705525,new,5,4,0.000587758128833235,0.4073449974340309,False,5,4,0.0005396574982049592,0.38690687680747143,False
2024-25,2025-03-14,401705526,old,4,2,0.0013355373110171954,0.8024099219790969,True,4,2,0.0002210006824448392,0.12671385434079688,False
2024-25,2025-03-14,401705526,new,9,8,0.003225325903735989,0.9161037430496846,True,7,5,0.0009906882963836045,0.3571961849922894,False
2024-25,2025-03-14,401705527,old,9,8,0.0021433257328836762,0.7905362751444087,True,8,6,0.0009744705787734038,0.36377865764566675,False
2024-25,2025-03-14,401705527,new,11,9,0.00245591815040775,0.8220437913810967,True,8,6,0.0012535186265108015,0.4106257563145492,False
2024-25,2025-03-14,401705530,old,5,3,0.0004306518848442879,0.34630855811144895,False,5,3,0.0004293468156002893,0.3449828065526671,False
2024-25,2025-03-14,401705530,new,1,1,0.00010829578219053006,1.0,True,0,0,0.0,nan,False
2024-25,2025-03-14,401705528,old,9,8,0.0020986159684365673,0.9370780234275896,True,9,7,0.001056581914290761,0.46955357364273315,False
2024-25,2025-03-14,401705528,new,8,7,0.0020070128771080037,0.8568697702704334,True,9,7,0.0011953082508506148,0.46677475419177294,False
2024-25,2025-03-14,401705529,old,10,9,0.004201288355474235,0.8093615643002443,True,10,8,0.0015172656023902987,0.4129255623300588,False
2024-25,2025-03-14,401705529,new,11,10,0.005193994360771534,0.8263863327062511,True,11,9,0.0024419661794439296,0.4694261321347567,False
2024-25,2025-03-14,401705531,old,2,2,0.0020431804063049627,1.0,True,2,0,0.0,0.0,False
2024-25,2025-03-14,401705531,new,3,3,0.002308753537939536,1.0,True,3,1,0.00011352499815530887,0.04845390199442882,False
2024-25,2025-03-14,401705532,old,3,2,0.0008688294913237473,0.6613032761357817,True,1,0,0.0,0.0,False
2024-25,2025-03-14,401705532,new,1,0,0.0,0.0,False,0,0,0.0,nan,False
2024-25,2025-03-14,401705533,old,6,5,0.0022287029427743837,0.5950534201825283,True,7,5,0.0006686490848748244,0.3003620310052989,False
2024-25,2025-03-14,401705533,new,4,3,0.000972463105831505,0.47489414787471446,False,3,1,0.0003001100933435508,0.2799155342896242,False
2024-25,2025-03-15,401705534,old,3,2,0.0015410965098530856,0.871218935022791,True,2,1,0.00010785122397522593,0.33056698919361194,False
2024-25,2025-03-15,401705534,new,0,0,0.0,nan,False,0,0,0.0,nan,False
2024-25,2025-03-15,401705535,old,6,5,0.0011727474663502987,0.8919678969401328,True,6,4,0.0005462422483792385,0.3994897944963243,False
2024-25,2025-03-15,401705535,new,5,5,0.001033571563289287,1.0,True,5,3,0.00040840846742356375,0.36257270003398734,False
2024-25,2025-03-15,401705537,old,13,11,0.004128791931310167,0.5766361380168625,True,10,8,0.0015062309569017507,0.4022327458156895,False
2024-25,2025-03-15,401705537,new,11,9,0.0035990615992226,0.5536904689347444,True,10,8,0.0019675227605046924,0.45219778493455737,False
2024-25,2025-03-15,401705536,old,12,10,0.0028869066292221443,0.7023028477244926,True,12,10,0.0016988023382135883,0.43850066608420274,False
2024-25,2025-03-15,401705536,new,9,8,0.0025711198348042064,0.7581324787162926,True,10,8,0.0017479903497911078,0.4545986709529022,False
2024-25,2025-03-15,401705538,old,2,1,0.0011196749958535413,0.48573962572093604,False,2,0,0.0,0.0,False
2024-25,2025-03-15,401705538,new,2,1,0.0010005265277692739,0.48269640347281684,False,2,0,0.0,0.0,False
2024-25,2025-03-15,401705540,old,6,6,0.0026500223013124977,1.0,True,7,5,0.000800310049244213,0.29504961128536134,False
2024-25,2025-03-15,401705540,new,8,7,0.002691121747923484,0.738067766774297,True,8,6,0.0012335433375697087,0.33698886850077564,False
2024-25,2025-03-15,401705539,old,4,2,0.00026963828703964975,0.27428108537550655,False,4,2,0.00026963828703964975,0.2736824133341939,False
2024-25,2025-03-15,401705539,new,2,1,0.00012960595725049838,0.5258111739014766,True,1,0,0.0,0.0,False
2024-25,2025-03-15,401705541,old,4,3,0.0011457764455272347,0.8463556330879336,True,5,4,0.0005563358774408158,0.4418305105434029,False
2024-25,2025-03-15,401705541,new,4,4,0.0013164953476556324,1.0,True,5,4,0.0005673921940846583,0.4355005817965045,False
2024-25,2025-03-16,401705542,old,6,4,0.001958387231256265,0.49784869714400287,False,4,2,0.000343554038685744,0.2918098315337138,False
2024-25,2025-03-16,401705542,new,2,1,0.00016695851549776295,0.3499992072814631,False,2,1,0.0001621270734215932,0.34334846332862634,False
2024-25,2025-03-16,401705545,old,9,8,0.0029250387163049342,0.748205412896386,True,5,3,0.0007269187153793094,0.3833151050925345,False
2024-25,2025-03-16,401705545,new,7,6,0.002684659359013539,0.7206104930657975,True,6,4,0.001177016836896496,0.489810674861292,False
2024-25,2025-03-16,401705543,old,8,8,0.003269514533916013,1.0,True,11,9,0.0014317904162356784,0.4056289347085479,False
2024-25,2025-03-16,401705543,new,9,9,0.003153108778570719,1.0,True,9,7,0.001420542661455314,0.4462870947424822,False
2024-25,2025-03-16,401705546,old,6,4,0.0007999372071112549,0.329441593573951,False,3,1,0.00013127908663854694,0.07637385403646436,False
2024-25,2025-03-16,401705546,new,1,0,0.0,0.0,False,1,0,0.0,0.0,False
2024-25,2025-03-16,401705544,old,8,6,0.0023467967289884117,0.8855613474036051,True,3,1,0.00010872078047460454,0.13991993615125345,False
2024-25,2025-03-16,401705544,new,5,5,0.0012476811056764858,1.0,True,4,3,0.0003988542689666663,0.44171775615230574,False
2024-25,2025-03-16,401748706,old,4,3,0.0009609250231065096,0.8783082477610191,True,5,3,0.000365544865245897,0.2885362779055802,False
2024-25,2025-03-16,401748706,new,5,5,0.0015098807494111385,1.0,True,4,2,0.0003927543393586077,0.2708591991337354,False
2024-25,2025-03-16,401705547,old,6,5,0.0009776077416587016,0.44521714997899564,False,8,7,0.001122423880873916,0.46567612289786253,False
2024-25,2025-03-16,401705547,new,8,7,0.0016249192006564006,0.4575487337021227,False,9,8,0.0017618449698084018,0.48907820029437765,False
2024-25,2025-03-16,401705548,old,7,6,0.001697213770402917,0.935869196254395,True,7,5,0.0007455125937387556,0.3924020399777931,False
2024-25,2025-03-16,401705548,new,6,6,0.001546952631507951,1.0,True,6,4,0.0005887508908995755,0.35935223353303464,False
2024-25,2025-03-17,401705550,old,10,9,0.0031741294136314745,0.5656188332793011,True,11,9,0.0015257545345000428,0.441231981028343,False
2024-25,2025-03-17,401705550,new,8,7,0.002554153900444852,0.57013230394706,True,9,7,0.0014256210863870542,0.46394170015793307,False
2024-25,2025-03-17,401705553,old,4,3,0.0007221393936112105,0.8631631656799521,True,5,3,0.0003484201599736086,0.3497959769321173,False
2024-25,2025-03-17,401705553,new,8,6,0.001112434036723257,0.7951090049662225,True,4,2,0.00023495776926784432,0.2781050544122132,False
2024-25,2025-03-17,401705551,old,9,8,0.003134823910009233,0.6592461118384699,True,8,6,0.001033980738329091,0.408276679290951,False
2024-25,2025-03-17,401705551,new,8,7,0.0019435080841074435,0.9466824988924051,True,7,6,0.001232214467371062,0.4719617438958281,False
2024-25,2025-03-17,401705552,old,3,2,0.001578973888703104,0.6034075210919743,True,6,4,0.0005058739008917803,0.16957285759947102,False
2024-25,2025-03-17,401705552,new,5,4,0.0027008421751797866,0.7516067854341907,True,6,4,0.0010587117518164814,0.270692688511779,False
2024-25,2025-03-17,401705555,old,8,7,0.0016195042308750178,0.6054432583179112,True,7,6,0.0009158324361713896,0.4645983243631278,False
2024-25,2025-03-17,401705555,new,3,2,0.00048548685697711826,0.47152679762082206,False,2,1,0.0002614927999217748,0.324606359192119,False
2024-25,2025-03-17,401705557,old,8,7,0.0029265631994220306,0.8520432776758101,True,5,3,0.0004468976268524911,0.23018429636623103,False
2024-25,2025-03-17,401705557,new,3,2,0.00045993202929373543,0.8052952338396384,True,3,1,0.0001957887098186861,0.3455476247069021,False
2024-25,2025-03-17,401705561,old,8,6,0.001067334450074088,0.4921265513205029,False,6,4,0.0006537251889233417,0.3928814281389782,False
2024-25,2025-03-17,401705561,new,3,1,0.0003405747528295743,0.3730580799047134,False,0,0,0.0,nan,False
2024-25,2025-03-17,401705558,old,9,7,0.00275567623379365,0.6060593464492074,True,9,7,0.0011859746032933417,0.4083564138238591,False
2024-25,2025-03-17,401705558,new,7,5,0.0018578599364636615,0.6343834681402933,True,8,6,0.0012509862930146856,0.41711332268643997,False
2024-25,2025-03-17,401705556,old,5,5,0.002831240184209747,1.0,True,4,2,0.00029310795762590617,0.1066919761318758,False
2024-25,2025-03-17,401705556,new,7,6,0.00300866433527687,0.760722674115282,True,5,3,0.0006863513662672033,0.17541479168869428,False
2024-25,2025-03-17,401754705,old,10,9,0.00257727936579305,0.7820194813598664,True,11,9,0.0014262273349247186,0.424418227469147,False
2024-25,2025-03-17,401754705,new,6,6,0.0025927904933933017,1.0,True,7,6,0.001247465755575983,0.4608269611549975,False
2024-25,2025-03-18,401705559,old,6,5,0.0018183513949093183,0.9362408214508804,True,4,2,0.00032285913547467845,0.2990073954095398,False
2024-25,2025-03-18,401705559,new,9,9,0.002632286555079999,1.0,True,5,3,0.0006714707886264998,0.4474334191444352,False
2024-25,2025-03-18,401705560,old,3,2,0.0015287066815725362,0.8559180264831983,True,2,1,0.00011545632945649183,0.3136894879805027,False
2024-25,2025-03-18,401705560,new,0,0,0.0,nan,False,0,0,0.0,nan,False
2024-25,2025-03-18,401705578,old,3,3,0.00280693217142762,1.0,True,3,1,0.000177363451352836,0.06336117684475584,False
2024-25,2025-03-18,401705578,new,7,6,0.0030144986367324433,0.7373090108274093,True,5,3,0.0009003873110487988,0.22970245732537456,False
2024-25,2025-03-18,401705563,old,7,6,0.0017015938061780908,0.9299599316335838,True,8,6,0.0009359512145086338,0.4440058728467974,False
2024-25,2025-03-18,401705563,new,8,7,0.0025141544572330264,0.9460591894982575,True,7,5,0.0010852098145361165,0.43174031450497036,False
2024-25,2025-03-19,401705565,old,11,10,0.002803907524261397,0.7381070849231325,True,11,9,0.0014544708997929277,0.44165777171999704,False
2024-25,2025-03-19,401705565,new,10,9,0.0027929804605911442,0.7265678242752519,True,11,9,0.0018506922065815513,0.4782414932704677,False
2024-25,2025-03-19,401705564,old,11,9,0.0017866521780890929,0.5086023516915956,True,9,7,0.0011120398425128848,0.3918041748651011,False
2024-25,2025-03-19,401705564,new,7,5,0.0008438606318625464,0.40576359048569144,False,7,5,0.0007956447432780938,0.3916596938895048,False
2024-25,2025-03-19,401705566,old,9,8,0.0025770943416630063,0.5390477664779705,True,8,6,0.0010145788684893693,0.38051578114092577,False
2024-25,2025-03-19,401705566,new,6,5,0.0016908537312363048,0.5386853932961712,True,5,3,0.0005591259485813254,0.33266706224959364,False
2024-25,2025-03-19,401705568,old,6,4,0.000655389298637033,0.18631213054515675,False,4,2,0.00033434640223325415,0.37890568339828956,False
2024-25,2025-03-19,401705568,new,2,2,0.00043087091911675897,1.0,True,2,1,0.00021794180931716125,0.4992946563309484,False
2024-25,2025-03-19,401705569,old,8,7,0.0013642665963989394,0.6906067799371544,True,8,6,0.0008811911562509803,0.39418298078939334,False
2024-25,2025-03-19,401705569,new,4,4,0.0010032052393395645,1.0,True,5,4,0.0006285909647081983,0.4605951876719884,False
2024-25,2025-03-19,401705567,old,8,7,0.0025292468911322697,0.9585074866283299,True,8,6,0.0011341619392712609,0.4379319049595098,False
2024-25,2025-03-19,401705567,new,12,11,0.00427439489818698,0.967223438147913,True,8,6,0.0016994543888369656,0.4499781528332247,False
2024-25,2025-03-19,401705193,old,1,0,0.0,0.0,False,1,0,0.0,0.0,False
2024-25,2025-03-19,401705193,new,2,1,0.0003325547684979593,0.4446389244693161,False,0,0,0.0,nan,False
2024-25,2025-03-19,401705573,old,8,7,0.0025542954960870107,0.6904733987503063,True,4,2,0.00032545628625474155,0.12661391563987626,False
2024-25,2025-03-19,401705573,new,6,5,0.0013596319699498481,0.6795838317544076,True,5,3,0.0007836688444089638,0.4499194490852506,False
2024-25,2025-03-19,401705574,old,12,10,0.0026497388302506347,0.6533081167021205,True,13,11,0.0017574592290276793,0.4456638012623836,False
2024-25,2025-03-19,401705574,new,11,9,0.0024740794104343394,0.6996001643847051,True,8,7,0.0015308130304291644,0.47434554249089345,False
2024-25,2025-03-19,401705575,old,5,4,0.0010681926336459796,0.5305508997033948,True,4,2,0.0003182208773922988,0.342402670071655,False
2024-25,2025-03-19,401705575,new,5,4,0.00073488990378879,0.6265929785173964,True,4,2,0.0003206886973541859,0.4195332383809199,False
2024-25,2025-03-19,401705572,old,2,2,0.0021723096834656923,1.0,True,2,0,0.0,0.0,False
2024-25,2025-03-19,401705572,new,3,3,0.0024832672703318658,1.0,True,3,1,0.00014543234472401723,0.05797704762472228,False
2024-25,2025-03-20,401705576,old,4,3,0.0011080480749853315,0.9115536647436312,True,6,4,0.0007199816173994126,0.4101229977039504,False
2024-25,2025-03-20,401705576,new,5,5,0.0013920304369669405,1.0,True,5,4,0.0007191348528825525,0.43854584544954506,False
2024-25,2025-03-20,401705577,old,8,6,0.0023636926906312654,0.5933226542090189,True,9,7,0.0010795781507960882,0.43754823112003854,False
2024-25,2025-03-20,401705577,new,7,5,0.0006816247815828623,0.35042758402020924,False,7,6,0.0008429557990804269,0.45098642956567414,False
2024-25,2025-03-20,401705579,old,7,5,0.0015347601276818883,0.4836405979141652,False,6,4,0.0007912735075236787,0.3521931411541806,False
2024-25,2025-03-20,401705579,new,6,4,0.001326127784483253,0.507864411863858,True,4,2,0.0006335044656509806,0.38134697773355863,False
2024-25,2025-03-20,401705571,old,8,7,0.0034662392961507505,0.8955998318834775,True,7,5,0.0010316519963880467,0.3622291308460298,False
2024-25,2025-03-20,401705571,new,8,7,0.0027566518388079803,0.7063022706230137,True,5,4,0.001474284030035929,0.41981048334018783,False
2024-25,2025-03-20,401705562,old,6,6,0.0029707145914320693,1.0,True,8,6,0.0009260052972894205,0.31448252755427497,False
2024-25,2025-03-20,401705562,new,4,4,0.0026234022176396,1.0,True,6,4,0.0006947758124287108,0.26404555391843754,False
2024-25,2025-03-21,401705580,old,5,4,0.0019223535385903656,0.6385684384704456,True,4,3,0.0007560276171959021,0.40997433814168127,False
2024-25,2025-03-21,401705580,new,7,5,0.002131217488138029,0.6274550031644858,True,4,3,0.001117062580056182,0.49682878151320287,False
2024-25,2025-03-21,401705583,old,3,2,0.00037434575171439255,0.7679318483824753,True,3,1,0.0001877309117704776,0.38323481706679596,False
2024-25,2025-03-21,401705583,new,4,4,0.0006939258999902332,1.0,True,4,2,0.0003122561742388757,0.4894704271654509,False
2024-25,2025-03-21,401705582,old,8,6,0.002305582872771411,0.9022130406586617,True,8,6,0.0010916964251115769,0.4433037977198748,False
2024-25,2025-03-21,401705582,new,8,7,0.003217602811180969,0.9627693937850068,True,8,6,0.0014813612287796567,0.4466661445526434,False
2024-25,2025-03-21,401705584,old,5,3,0.001570178622897233,0.40461662038356094,False,5,3,0.0003696945193011402,0.27643178683722375,False
2024-25,2025-03-21,401705584,new,0,0,0.0,nan,False,0,0,0.0,nan,False
2024-25,2025-03-21,401705581,old,9,8,0.002452031652494501,0.554291557756712,True,10,8,0.001419775736183623,0.4254565647002958,False
2024-25,2025-03-21,401705581,new,7,6,0.0017909828696111092,0.5840480384082662,True,8,6,0.0010897707098715596,0.4258391722668624,False
2024-25,2025-03-21,401705585,old,9,8,0.002341884606457329,0.7384057179386097,True,7,5,0.0008943786385874409,0.3669676812230683,False
2024-25,2025-03-21,401705585,new,5,4,0.0010913419694484072,0.7410183597581419,True,4,2,0.00040912068547634226,0.2991521399077425,False
2024-25,2025-03-21,401705586,old,0,0,0.0,nan,False,0,0,0.0,nan,False
2024-25,2025-03-21,401705586,new,0,0,0.0,nan,False,0,0,0.0,nan,False
2024-25,2025-03-21,401705587,old,8,7,0.002451498477356428,0.9391399416115018,True,5,3,0.0006559988960112048,0.3642364248580802,False
2024-25,2025-03-21,401705587,new,4,3,0.0008071468841234906,0.835543775830491,True,4,2,0.0004388721792302335,0.45010895129722855,False
2024-25,2025-03-21,401705588,old,10,9,0.0029491706555895706,0.714125767477946,True,11,9,0.0015049103732116696,0.4408993101542775,False
2024-25,2025-03-21,401705588,new,6,5,0.001810510352046521,0.8542177428166718,True,6,4,0.0006956819785952867,0.3764172896378324,False
2024-25,2025-03-21,401705589,old,4,3,0.002591664501245845,0.790853864323935,True,4,2,0.0002476760747677913,0.07578295073097972,False
2024-25,2025-03-21,401705589,new,7,6,0.0036699275852443845,0.7284954318126543,True,4,2,0.00024062059975940215,0.054241554348502204,False
2024-25,2025-03-22,401705590,old,8,6,0.0025070900998475946,0.5726447493883022,True,9,7,0.0011760319943494059,0.4295169752561105,False
2024-25,2025-03-22,401705590,new,7,5,0.0007380200502443915,0.32745875047789,False,7,6,0.0009313850592243229,0.4359539467320524,False
2024-25,2025-03-22,401705591,old,9,8,0.003438369917896145,0.9370264520876369,True,11,9,0.0016029018542353447,0.4419101450332349,False
2024-25,2025-03-22,401705591,new,9,7,0.0033592273804554026,0.7531990388968322,True,11,9,0.002141798171970554,0.46410223955953234,False
2024-25,2025-03-22,401705592,old,6,5,0.001646186505829988,0.8753164226091675,True,7,6,0.0009776017842503184,0.4486480264686388,False
2024-25,2025-03-22,401705592,new,5,5,0.0016115025944434523,1.0,True,7,6,0.000965786645294447,0.45152758369593354,False
2024-25,2025-03-22,401705593,old,12,11,0.003508513152532562,0.6756341027474572,True,9,7,0.0010312129562615045,0.38404215618655063,False
2024-25,2025-03-22,401705593,new,8,7,0.0018007698283459864,0.8077285204387357,True,7,5,0.0006506055069944415,0.3458724129893642,False
2024-25,2025-03-22,401705594,old,11,10,0.0030651748695194165,0.7417054788381328,True,13,11,0.0019696524759405926,0.45187603236170437,False
2024-25,2025-03-22,401705594,new,9,8,0.00310935509945288,0.7831652666126869,True,12,10,0.0021601780462652833,0.48111141527978474,False
2024-25,2025-03-23,401705595,old,3,2,0.0006299909603211257,0.8510331004813418,True,2,0,0.0,0.0,False
2024-25,2025-03-23,401705595,new,5,3,0.0006034625902082053,0.6922074040315103,True,4,2,0.0002509141022250861,0.3039534432552819,False
2024-25,2025-03-23,401705596,old,1,1,0.00011041410015024278,1.0,True,1,0,0.0,0.0,False
2024-25,2025-03-23,401705596,new,1,1,0.00011041410015024278,1.0,True,1,0,0.0,0.0,False
2024-25,2025-03-23,401705600,old,7,6,0.002019963189878676,0.6062686117865466,True,6,5,0.0007846602462345,0.43617350663588805,False
2024-25,2025-03-23,401705600,new,3,2,0.00028271358649868683,0.4189761082539947,False,1,0,0.0,0.0,False
2024-25,2025-03-23,401705599,old,6,4,0.0013303255283967,0.5903282292947466,True,4,2,0.0002691523273598036,0.22502466495847964,False
2024-25,2025-03-23,401705599,new,0,0,0.0,nan,False,0,0,0.0,nan,False
2024-25,2025-03-23,401705597,old,7,6,0.0023633030971034275,0.6005151521058414,True,5,3,0.0003759034214946737,0.33840348939836673,False
2024-25,2025-03-23,401705597,new,2,2,0.0006221201955335785,1.0,True,2,1,0.0001973988394421401,0.3171827344079152,False
2024-25,2025-03-23,401705598,old,5,3,0.000809963986816157,0.39506191522117173,False,4,2,0.00034411511111443843,0.3001777555158874,False
2024-25,2025-03-23,401705598,new,4,3,0.0005908705937999445,0.5294677140134625,True,3,1,0.00013037078735892314,0.2582308576266625,False
2024-25,2025-03-23,401705601,old,2,2,0.002040248506266085,1.0,True,2,0,0.0,0.0,False
2024-25,2025-03-23,401705601,new,2,2,0.002076535241140474,1.0,True,2,0,0.0,0.0,False
2024-25,2025-03-23,401705602,old,9,7,0.001315783883095515,0.437812068469432,False,9,7,0.0014012522343978713,0.4618739005172411,False
2024-25,2025-03-23,401705602,new,9,7,0.0018443077005006138,0.44791355477564737,False,9,7,0.001990187367229443,0.4730257276611186,False
2024-25,2025-03-24,401705603,old,4,3,0.002190580762986626,0.5676999376422424,True,2,0,0.0,0.0,False
2024-25,2025-03-24,401705603,new,7,6,0.0038050718319843986,0.711182406298643,True,5,3,0.0009048921132145255,0.1887692380917109,False
2024-25,2025-03-24,401705604,old,11,10,0.0036689505887823183,0.7582378338836109,True,13,11,0.002040920949220444,0.4484411973124925,False
2024-25,2025-03-24,401705604,new,9,8,0.004046228890774297,0.7744094464535587,True,13,11,0.0026302657816591186,0.4909677314309763,False
2024-25,2025-03-24,401705605,old,3,2,0.0012200799931939166,0.8410087848197401,True,2,1,0.00011104111270265631,0.3249713672949314,False
2024-25,2025-03-24,401705605,new,0,0,0.0,nan,False,0,0,0.0,nan,False
2024-25,2025-03-24,401705606,old,8,6,0.0036281074882434693,0.7553656501899777,True,6,4,0.0007771046542923395,0.3983586667327811,False
2024-25,2025-03-24,401705606,new,3,2,0.00040459904574083577,0.49457490489660083,False,2,1,0.0002548845109581836,0.381358220073413,False
2024-25,2025-03-24,401705607,old,5,3,0.001663696922221471,0.4798595371010432,False,4,2,0.0002268864185489155,0.38382488108216534,False
2024-25,2025-03-24,401705607,new,2,1,0.00018096523869810216,0.5581391112187272,True,2,1,0.0001267529357918033,0.46942518898466606,False
2024-25,2025-03-24,401705608,old,10,9,0.0031485016384815534,0.7307656931650061,True,10,8,0.0015888796764839952,0.4298903295795303,False
2024-25,2025-03-24,401705608,new,6,5,0.002694927549709308,0.7204430461027403,True,7,5,0.0015511514142651343,0.43319160688541625,False
2024-25,2025-03-24,401705610,old,5,4,0.0021041580276155098,0.48487104494004546,False,3,2,0.0003097998144639984,0.3541389888791724,False
2024-25,2025-03-24,401705610,new,2,1,0.00023658589257236382,0.34895969282895284,False,1,0,0.0,0.0,False
2024-25,2025-03-24,401705609,old,13,13,0.00559534168046618,1.0,True,12,10,0.0018453767777364457,0.43386598681234073,False
2024-25,2025-03-24,401705609,new,11,11,0.003069312302260804,1.0,True,10,8,0.0013402579789055429,0.4522914001317571,False
2024-25,2025-03-25,401705612,old,7,6,0.0013411528887108965,0.6436810703955287,True,7,5,0.000776297232622769,0.3640703309799761,False
2024-25,2025-03-25,401705612,new,4,2,0.0006141813052386995,0.723229074713267,True,3,2,0.0002516331285653027,0.304159848360051,False
2024-25,2025-03-25,401705611,old,7,6,0.001694349955825944,0.5996265539083516,True,3,2,0.0006473975239383935,0.36396761744104544,False
2024-25,2025-03-25,401705611,new,7,6,0.0017340782182890795,0.5791695327434822,True,5,3,0.0012628987885811072,0.4796251618387987,False
2024-25,2025-03-25,401705614,old,9,8,0.003941471242695597,0.8097704870680882,True,9,7,0.0014271167497146415,0.4156761585777182,False
2024-25,2025-03-25,401705614,new,8,7,0.0021633396345342925,0.8293350778151718,True,9,7,0.001218849150074997,0.44562371864665423,False
2024-25,2025-03-25,401705613,old,9,8,0.0016449607193847367,0.7401313736001737,True,11,9,0.0018230226999142454,0.44207272367414774,False
2024-25,2025-03-25,401705613,new,8,6,0.0016762819192137634,0.48003585780888214,False,8,6,0.0018817157847473111,0.4462053752182207,False
2024-25,2025-03-25,401705615,old,6,5,0.0013593538498344842,0.8544468160138851,True,6,4,0.0006731373082792373,0.3381525249933589,False
2024-25,2025-03-25,401705615,new,4,4,0.0011128536050983,1.0,True,6,4,0.0007208837681148279,0.36247270918193836,False
2024-25,2025-03-25,401705616,old,9,7,0.002440221963789715,0.7216317652441565,True,9,8,0.001513342385659802,0.4751863144526038,False
2024-25,2025-03-25,401705616,new,10,8,0.0026202949188981186,0.6081036529544273,True,9,8,0.002054748845069162,0.484087659038509,False
2024-25,2025-03-25,401705617,old,9,8,0.0018547154278026358,0.6173076770233092,True,7,5,0.0007658746893605784,0.4141698283744604,False
2024-25,2025-03-25,401705617,new,2,1,0.0001071813427716989,0.3084738341579288,False,2,0,0.0,0.0,False
2024-25,2025-03-25,401705618,old,5,4,0.003206446141134808,0.48588478098522314,False,3,2,0.0004376839949894727,0.3705822546225195,False
2024-25,2025-03-25,401705618,new,2,1,0.0003275813584599323,0.3546745320802519,False,1,0,0.0,0.0,False
2024-25,2025-03-26,401705619,old,3,2,0.001497027829457934,0.4852519188510674,False,2,1,0.00013174758601782667,0.3740881348605794,False
2024-25,2025-03-26,401705619,new,0,0,0.0,nan,False,0,0,0.0,nan,False
2024-25,2025-03-26,401705622,old,7,7,0.0033190959777578757,1.0,True,8,6,0.0012404830917594084,0.3386819931911934,False
2024-25,2025-03-26,401705622,new,8,8,0.004450608038790155,1.0,True,9,7,0.0017827664417630947,0.3741424077284347,False
2024-25,2025-03-26,401705620,old,4,2,0.0011228690132361295,0.6950587885036075,True,2,0,0.0,0.0,False
2024-25,2025-03-26,401705620,new,0,0,0.0,nan,False,0,0,0.0,nan,False
2024-25,2025-03-26,401705621,old,2,1,0.0017480160254872582,0.5152956244917172,True,2,0,0.0,0.0,False
2024-25,2025-03-26,401705621,new,5,4,0.0024169946371579163,0.6030233714162688,True,4,2,0.0003137537685370508,0.0802319328707725,False
2024-25,2025-03-26,401705623,old,6,6,0.003441098168933707,1.0,True,8,6,0.0009911370125093035,0.28778559821694055,False
2024-25,2025-03-26,401705623,new,5,5,0.0030649406070807667,1.0,True,7,5,0.000752528979138681,0.24112112058198762,False
2024-25,2025-03-26,401705624,old,5,5,0.003889848037172915,1.0,True,4,3,0.0007117942900200897,0.39408849342428504,False
2024-25,2025-03-26,401705624,new,4,4,0.0010289088102489769,1.0,True,2,1,0.0002668264143381398,0.4008249318106349,False
2024-25,2025-03-27,401705627,old,7,5,0.0010715706233697427,0.3769044857858753,False,7,6,0.0011870772300702065,0.44498766107437987,False
2024-25,2025-03-27,401705627,new,6,5,0.0010035529080100604,0.4243069456001705,False,7,6,0.0010681215208814905,0.4396056643476305,False
2024-25,2025-03-27,401705626,old,8,6,0.002549355425631658,0.5363206305929312,True,5,3,0.0007528947952929996,0.2546029006172209,False
2024-25,2025-03-27,401705626,new,9,7,0.0021071649080294185,0.5731628696459278,True,6,4,0.0014055065311976219,0.47248352582651637,False
2024-25,2025-03-27,401705625,old,3,2,0.0003812592812734579,0.3698514651613806,False,3,2,0.000377109917036458,0.36539757273513346,False
2024-25,2025-03-27,401705625,new,0,0,0.0,nan,False,0,0,0.0,nan,False
2024-25,2025-03-27,401705628,old,5,4,0.0017886158877190115,0.5232360063602289,True,4,2,0.0003602361433742254,0.18472386494566762,False
2024-25,2025-03-27,401705628,new,5,4,0.0014311849073320175,0.6468156144727563,True,4,2,0.0003162470037093409,0.2375501408371782,False
2024-25,2025-03-27,401705630,old,9,7,0.0023387574506436486,0.7949793026918371,True,8,7,0.001260084435228258,0.45670678321055214,False
2024-25,2025-03-27,401705630,new,9,7,0.00238650390347359,0.6552342585060138,True,8,7,0.0016807505656633893,0.4698310478004815,False
2024-25,2025-03-27,401705629,old,13,12,0.0036397349786116005,0.7522736977148616,True,14,12,0.0021470998847874703,0.4493778314192514,False
2024-25,2025-03-27,401705629,new,9,8,0.003729634573464095,0.7731427568371267,True,11,9,0.00240633899896895,0.470990588815583,False
2024-25,2025-03-27,401705631,old,4,4,0.0008629315447986482,1.0,True,4,3,0.0005579307932037084,0.4189345501962906,False
2024-25,2025-03-27,401705631,new,4,4,0.0008703235043924061,1.0,True,4,3,0.000557977444634807,0.41564778218290915,False
2024-25,2025-03-27,401705632,old,6,4,0.004060768528425992,0.41550763009688185,False,5,3,0.00045613371406223556,0.18315895777587815,False
2024-25,2025-03-27,401705632,new,4,2,0.0005921426967605374,0.3443302440953969,False,2,0,0.0,0.0,False
2024-25,2025-03-28,401705633,old,5,5,0.0015040126744471725,1.0,True,5,4,0.0006309651988506859,0.422051193594481,False
2024-25,2025-03-28,401705633,new,2,2,0.0009013012552318964,1.0,True,2,1,0.00019015437980378743,0.21123675798208202,False
2024-25,2025-03-28,401705635,old,2,2,0.00027315691914496,1.0,True,0,0,0.0,nan,False
2024-25,2025-03-28,401705635,new,1,1,0.00013949526116352633,1.0,True,0,0,0.0,nan,False
2024-25,2025-03-28,401705634,old,9,8,0.0030214954577351093,0.8824602055554728,True,10,8,0.0016788977807924883,0.4785497885102286,False
2024-25,2025-03-28,401705634,new,8,7,0.004107701397674713,0.9640881786592138,True,7,6,0.0020540993606112446,0.47598978707195216,False
2024-25,2025-03-28,401705637,old,12,11,0.006748355538334502,0.9784336376143029,True,15,13,0.00251196369818136,0.48169211203585055,False
2024-25,2025-03-28,401705637,new,10,10,0.005194274651597648,1.0,True,9,7,0.0022975350047890752,0.4702998598332611,False
2024-25,2025-03-28,401705636,old,6,6,0.0011697633883041472,1.0,True,8,6,0.0010071400940426147,0.309211238328942,False
2024-25,2025-03-28,401705636,new,3,3,0.0005794437204110936,1.0,True,5,3,0.0005743209874549057,0.21629030578280323,False
2024-25,2025-03-28,401705638,old,10,9,0.0035320751228570557,0.9620724793630331,True,9,7,0.0014307699641559707,0.4640747962692125,False
2024-25,2025-03-28,401705638,new,10,9,0.0029633983756158096,0.7071664534900575,True,8,7,0.0019635967742972307,0.48591822721163397,False
2024-25,2025-03-28,401705639,old,5,4,0.0016651604973316736,0.9331376296678293,True,6,5,0.0008133438150986856,0.45414086705575374,False
2024-25,2025-03-28,401705639,new,5,5,0.0018314663521381005,1.0,True,6,5,0.0008206557797764734,0.44262535724781865,False
2024-25,2025-03-29,401705640,old,8,6,0.004287835582684442,0.46788270209978344,False,5,3,0.0007682334415364014,0.2665675632877569,False
2024-25,2025-03-29,401705640,new,8,6,0.0022589891283313515,0.5475488803568122,True,6,4,0.00153075880148992,0.4855380026778192,False
2024-25,2025-03-29,401705641,old,3,2,0.002080441358426214,0.9162934076072644,True,2,1,0.00013898442164792885,0.422393818787571,False
2024-25,2025-03-29,401705641,new,0,0,0.0,nan,False,0,0,0.0,nan,False
2024-25,2025-03-29,401705642,old,9,7,0.0015448499879060207,0.3259897931406143,False,8,6,0.0009869233681162712,0.44975928201848064,False
2024-25,2025-03-29,401705642,new,5,4,0.0010592580636376834,0.49698693649108205,False,4,3,0.00045087235391249095,0.49356976108100925,False
2024-25,2025-03-29,401705645,old,8,6,0.0011674492076650638,0.4108874696966314,False,7,6,0.001157404565119891,0.4408449278891345,False
2024-25,2025-03-29,401705645,new,8,6,0.0011034621448856425,0.4125177239498089,False,7,6,0.001074273322476794,0.43685859727139875,False
2024-25,2025-03-29,401705646,old,3,2,0.00035330731088845004,0.38476344646847055,False,3,2,0.0003535216000123881,0.382014535709118,False
2024-25,2025-03-29,401705646,new,0,0,0.0,nan,False,0,0,0.0,nan,False
2024-25,2025-03-29,401705643,old,9,7,0.002411409187841894,0.5217091369137266,True,7,5,0.0009620133123356006,0.302387103369741,False
2024-25,2025-03-29,401705643,new,8,6,0.002362915165440145,0.5713698861942731,True,6,4,0.0016621883040735753,0.4829021095970058,False
2024-25,2025-03-29,401705644,old,3,2,0.003102308598606105,0.7924949114092191,True,2,0,0.0,0.0,False
2024-25,2025-03-29,401705644,new,5,4,0.0037213377444080668,0.6929826694927362,True,4,2,0.0002659721350214466,0.0495409682259424,False
2024-25,2025-03-30,401705647,old,7,7,0.003205144218013268,1.0,True,8,7,0.001659336186566578,0.4854351727401508,False
2024-25,2025-03-30,401705647,new,8,8,0.004519593807597593,1.0,True,7,6,0.0021909861719522803,0.47640332856538237,False
2024-25,2025-03-30,401705648,old,9,8,0.0020236087267004846,0.707618725726825,True,9,7,0.0013021146327478754,0.42949108190106855,False
2024-25,2025-03-30,401705648,new,3,3,0.001105616874891804,1.0,True,4,3,0.0006184001678993272,0.4042849124848169,False
2024-25,2025-03-30,401705652,old,10,9,0.0035203501671269483,0.8897023682846348,True,10,8,0.0017645940804120904,0.4582431933826006,False
2024-25,2025-03-30,401705652,new,9,8,0.0032410874621977763,0.7246968195604405,True,8,7,0.0021562022191691085,0.490722926075801,False
2024-25,2025-03-30,401705651,old,4,2,0.000434570692547538,0.5836409249043535,True,2,0,0.0,0.0,False
2024-25,2025-03-30,401705651,new,2,1,0.00029720972994058014,0.5832419558814462,True,2,0,0.0,0.0,False
2024-25,2025-03-30,401705649,old,10,9,0.0036951557927855116,0.9036626884505476,True,9,7,0.001132593030874657,0.40545317370238126,False
2024-25,2025-03-30,401705649,new,8,8,0.0034019034903223426,1.0,True,6,4,0.0010449292584159364,0.39151342344500484,False
2024-25,2025-03-30,401705653,old,3,2,0.0014735429925224566,0.48940835565283825,False,2,1,0.0001302231499223435,0.40092884813216706,False
2024-25,2025-03-30,401705653,new,0,0,0.0,nan,False,0,0,0.0,nan,False
2024-25,2025-03-30,401705650,old,5,4,0.002527459988241526,0.6567514902737489,True,5,3,0.00045197253453145233,0.12252012135342275,False
2024-25,2025-03-30,401705650,new,7,6,0.004256533367820913,0.7963237988814493,True,6,4,0.0014363685530939371,0.2850840148809149,False
2024-25,2025-03-30,401705654,old,10,9,0.004422489154952305,0.7944416011745702,True,9,7,0.001380137892978761,0.4375668406916527,False
2024-25,2025-03-30,401705654,new,6,5,0.0014557694286689374,0.7979399539520594,True,6,4,0.0008136295843813533,0.44948312331061707,False
2024-25,2025-03-31,401705655,old,0,0,0.0,nan,False,0,0,0.0,nan,False
2024-25,2025-03-31,401705655,new,0,0,0.0,nan,False,0,0,0.0,nan,False
2024-25,2025-03-31,401705658,old,9,8,0.002666872119774589,0.5485133984647249,True,5,4,0.0008390679863318573,0.43538041128697086,False
2024-25,2025-03-31,401705658,new,5,4,0.001377748142795693,0.49729053524179817,False,4,3,0.0005885403499360891,0.49490750615145684,False
2024-25,2025-03-31,401705656,old,10,8,0.004258884776729677,0.44800561243773457,False,10,8,0.0017705762958985809,0.4404137890242474,False
2024-25,2025-03-31,401705656,new,8,6,0.001118679972125058,0.380680702179844,False,9,7,0.0013458514332225985,0.4651435669185418,False
2024-25,2025-03-31,401705657,old,11,10,0.004541229676444029,0.8109735124099466,True,12,10,0.002312995868044486,0.46703030532184053,False
2024-25,2025-03-31,401705657,new,11,10,0.0055571375203109065,0.8069230351729039,True,11,9,0.003466148891305758,0.49007163395214753,False
2024-25,2025-03-31,401705659,old,8,7,0.00233892971617346,0.700331696266093,True,6,5,0.0014457162610506202,0.4480953950467855,False
2024-25,2025-03-31,401705659,new,8,7,0.0029098945945224843,0.6035539103720822,True,6,5,0.002285834109124301,0.4742084691698885,False
2024-25,2025-03-31,401705660,old,9,7,0.002438300062409065,0.6093198234280676,True,5,4,0.0009537504454687772,0.44108146904186246,False
2024-25,2025-03-31,401705660,new,5,3,0.0013821098633075945,0.4975081743262173,False,4,3,0.0011825026506812717,0.4975953530566471,False
2024-25,2025-03-31,401705661,old,7,5,0.0034394977933356733,0.8024516704024917,True,5,3,0.0005407045334085792,0.3902936084478224,False
2024-25,2025-03-31,401705661,new,3,2,0.0002789846769634755,0.5657234220321076,True,2,1,0.000143126831792471,0.40059129400447,False
2024-25,2025-03-31,401705662,old,7,7,0.00287264858643697,1.0,True,8,6,0.001191572616142592,0.37113687996961836,False
2024-25,2025-03-31,401705662,new,8,8,0.0033928511916838794,1.0,True,8,6,0.0014404559895555297,0.3886121309572852,False
2024-25,2025-04-01,401705664,old,5,4,0.0023575337718302752,0.6418705531537893,True,5,3,0.0006862299390325375,0.3846213930137969,False
2024-25,2025-04-01,401705664,new,3,3,0.0011301955042964335,1.0,True,4,3,0.0006860375594292665,0.42417608383641364,False
2024-25,2025-04-01,401705663,old,9,7,0.002152758989541096,0.6930386120611798,True,6,4,0.0005398130595149385,0.2936473319919896,False
2024-25,2025-04-01,401705663,new,4,4,0.0018956450922931437,1.0,True,3,2,0.0005207618156425623,0.4408406946864412,False
2024-25,2025-04-01,401705667,old,10,10,0.005551127222367112,1.0,True,9,7,0.0014030816794748575,0.4357033914253147,False
2024-25,2025-04-01,401705667,new,7,7,0.0021325835953547325,1.0,True,6,4,0.0007697337383827742,0.4415732721025359,False
2024-25,2025-04-01,401705665,old,9,7,0.0027143745306579645,0.6461259163053993,True,6,4,0.00106313244229883,0.41695437978547045,False
2024-25,2025-04-01,401705665,new,4,3,0.001626905808213058,0.5852937059571259,True,3,2,0.0010512689314064042,0.47700814915447237,False
2024-25,2025-04-01,401705554,old,9,7,0.0040026910441239,0.6842482961700802,True,8,6,0.0012080112679602963,0.41267418613189255,False
2024-25,2025-04-01,401705554,new,5,3,0.0029401850719315164,0.6285541289685992,True,4,3,0.0015904778426832043,0.4989267024039804,False
2024-25,2025-04-01,401705666,old,3,2,0.0025362363626373957,0.5943407432182618,True,2,0,0.0,0.0,False
2024-25,2025-04-01,401705666,new,6,4,0.0018440656745389139,0.2515906181829086,False,4,2,0.00039985345272322705,0.05455388122283851,False
2024-25,2025-04-01,401705668,old,7,7,0.004282364931493907,1.0,True,8,6,0.0015412312562215638,0.35878329322451713,False
2024-25,2025-04-01,401705668,new,9,9,0.006155922970204306,1.0,True,8,6,0.0023360129345798802,0.38893165260313817,False
2024-25,2025-04-02,401705670,old,7,6,0.0013637076352555684,0.4694342738657284,False,6,5,0.001222370333238647,0.44230047548258683,False
2024-25,2025-04-02,401705670,new,8,7,0.0013120695782580971,0.4844118381614628,False,6,5,0.0010796259271308984,0.4360118141398081,False
2024-25,2025-04-02,401705669,old,3,3,0.0007680495762411883,1.0,True,4,3,0.0006064116419522375,0.45817219501174816,False
2024-25,2025-04-02,401705669,new,3,3,0.0007672029004370326,1.0,True,4,3,0.000606334671269749,0.45840728437976835,False
2024-25,2025-04-02,401705671,old,6,5,0.0048009351959826165,0.4852085945074373,False,6,5,0.0008620888764620877,0.4539042439298496,False
2024-25,2025-04-02,401705671,new,3,2,0.00047358136819867683,0.46346123542281054,False,2,1,0.00016882139738156517,0.41334821131443417,False
2024-25,2025-04-02,401705672,old,9,8,0.004358886936308482,0.5725965189778559,True,7,6,0.0012865922643491754,0.47874223326945936,False
2024-25,2025-04-02,401705672,new,5,4,0.0026750735677162608,0.49633960723956827,False,4,3,0.001138382605551743,0.49299943777382504,False
2024-25,2025-04-02,401705673,old,4,4,0.0008271243901032848,1.0,True,4,3,0.0006285406373013407,0.44721590090945906,False
2024-25,2025-04-02,401705673,new,4,4,0.0008274322643001814,1.0,True,4,3,0.000628502152446116,0.44731449349737956,False
2024-25,2025-04-02,401705675,old,7,5,0.0029076060640832535,0.66342305908791,True,4,2,0.00034083932935558833,0.15246209741272576,False
2024-25,2025-04-02,401705675,new,8,7,0.003016883696300515,0.9270540097585392,True,6,4,0.0010572505983720269,0.49166699218488585,False
2024-25,2025-04-02,401705676,old,7,6,0.0023731107745627754,0.9037168312020608,True,8,6,0.0011106031261116718,0.41966940398640307,False
2024-25,2025-04-02,401705676,new,7,7,0.002637144560005781,1.0,True,9,8,0.0014300086767116947,0.4987661071246208,False
2024-25,2025-04-02,401705674,old,5,4,0.0013604691207920949,0.8968450950792956,True,5,4,0.0006466671772727862,0.4267160685483485,False
2024-25,2025-04-02,401705674,new,3,2,0.0009270706287317555,0.8881420605730486,True,3,2,0.00033518333106032544,0.3212660960535168,False
2024-25,2025-04-02,401705677,old,9,8,0.0031164762352030536,0.9583116126051937,True,9,7,0.0015371467060399586,0.47242802624030944,False
2024-25,2025-04-02,401705677,new,8,8,0.00441538011883544,1.0,True,6,5,0.0019361335537239923,0.46683396010168615,False
2024-25,2025-04-03,401705681,old,4,3,0.0018000135373805177,0.6106580112955187,True,3,1,0.0002305264729063665,0.2502845663877286,False
2024-25,2025-04-03,401705681,new,2,2,0.0006747318727888767,1.0,True,2,1,0.00023052648444467323,0.33971167164734506,False
2024-25,2025-04-03,401705678,old,8,7,0.005179388974548857,0.7863831161110395,True,6,5,0.0012729784891611848,0.4750039319627728,False
2024-25,2025-04-03,401705678,new,5,4,0.003721549296467438,0.6706569673484605,True,4,3,0.001801523951716321,0.4964188196383885,False
2024-25,2025-04-03,401705682,old,6,5,0.0010048035180469236,0.5158019745085366,True,3,2,0.0004684910416849641,0.34864089986987856,False
2024-25,2025-04-03,401705682,new,0,0,0.0,nan,False,0,0,0.0,nan,False
2024-25,2025-04-03,401705679,old,9,8,0.0045763406994422445,0.9580602014717435,True,7,6,0.0017529463365617479,0.47982393461231965,False
2024-25,2025-04-03,401705679,new,8,8,0.005275864334495721,1.0,True,7,6,0.0025377083194780825,0.48630825317336207,False
2024-25,2025-04-03,401705680,old,14,12,0.006647829616306747,0.5504954565341941,True,14,12,0.0027614140966747444,0.4665058313813464,False
2024-25,2025-04-03,401705680,new,11,9,0.004624873042349568,0.42500089803067365,False,11,9,0.003786530486253056,0.4870838935370319,False
2024-25,2025-04-03,401705683,old,5,5,0.004284884557817445,1.0,True,4,2,0.0003042672590128629,0.07335312098438897,False
2024-25,2025-04-03,401705683,new,7,6,0.004681069013272262,0.809181001096529,True,5,3,0.0008727817976368945,0.1567115600912334,False
2024-25,2025-04-04,401705684,old,7,6,0.005994518164296125,0.49303703760327233,False,7,6,0.0012359143788931645,0.47931787057974246,False
2024-25,2025-04-04,401705684,new,4,3,0.0008299527287774492,0.47561958806223104,False,2,1,0.00022449200990728248,0.38901157410535686,False
2024-25,2025-04-04,401705685,old,8,6,0.0013428540786211312,0.38642259564436815,False,7,6,0.0015639239587591453,0.4695259319065358,False
2024-25,2025-04-04,401705685,new,8,6,0.001248609104121597,0.4006093282362909,False,7,6,0.0013867379901896285,0.46589777793088066,False
2024-25,2025-04-04,401705686,old,8,8,0.004936759388455075,1.0,True,6,5,0.0012329398087123024,0.46439885859842384,False
2024-25,2025-04-04,401705686,new,3,3,0.0013655798601155424,1.0,True,2,1,0.00027464062916909187,0.40984249099403686,False
2024-25,2025-04-04,401705687,old,2,2,0.0007466397338381598,1.0,True,2,1,0.0002396859551161722,0.31223847385492565,False
2024-25,2025-04-04,401705687,new,2,2,0.0006706072491691719,1.0,True,2,1,0.0002396859632681119,0.3560564760106868,False
2024-25,2025-04-04,401705690,old,2,1,0.00011396477442328737,0.288442207279498,False,2,1,0.00011396477442328737,0.28702340840123486,False
2024-25,2025-04-04,401705690,new,0,0,0.0,nan,False,0,0,0.0,nan,False
2024-25,2025-04-04,401705688,old,8,6,0.0024684476282087783,0.4214652346752196,False,5,3,0.0004991601966242287,0.13873963845572349,False
2024-25,2025-04-04,401705688,new,6,4,0.002077400340591995,0.5848312239535518,True,5,3,0.0011603464922478146,0.473668307026656,False
2024-25,2025-04-04,401705689,old,1,1,0.00015690425113520215,1.0,True,2,1,0.00024819119481296446,0.36723421148420926,False
2024-25,2025-04-04,401705689,new,1,1,0.00015690425113520215,1.0,True,2,1,0.00024819119481296446,0.36725512459445553,False
2024-25,2025-04-04,401705691,old,4,4,0.004417251085463743,1.0,True,4,2,0.00025609009731596155,0.057669837258896746,False
2024-25,2025-04-04,401705691,new,7,5,0.0046016506177015744,0.7681848395703114,True,4,2,0.0004953063539680432,0.08470395339581864,False
2024-25,2025-04-04,401705693,old,9,8,0.004459771889621575,0.8866372554008024,True,11,9,0.002020608045121505,0.45761841172620826,False
2024-25,2025-04-04,401705693,new,9,9,0.005217889455629552,1.0,True,7,6,0.0023924671974169046,0.48244935533954464,False
2024-25,2025-04-04,401705692,old,10,9,0.0054971312944201,0.9754962006970461,True,8,6,0.0018540443596097738,0.4597990834193453,False
2024-25,2025-04-04,401705692,new,9,9,0.005046247176191517,1.0,True,7,6,0.0024165393670607716,0.482981779975661,False
2024-25,2025-04-05,401705694,old,9,8,0.004919835427055086,0.856991436155452,True,11,9,0.0016410598185939633,0.4594608536234757,False
2024-25,2025-04-05,401705694,new,7,6,0.004442325502718753,0.9735797913521889,True,9,7,0.0020112916201763765,0.4841370855617537,False
2024-25,2025-04-05,401705696,old,8,7,0.004335476120115479,0.8007443634097473,True,8,6,0.0020075075658456355,0.4669549205285412,False
2024-25,2025-04-05,401705696,new,9,9,0.00597818740036216,1.0,True,7,6,0.0028940482447363312,0.48823226883012666,False
2024-25,2025-04-05,401705695,old,10,9,0.003033968907489163,0.7044933449035873,True,9,7,0.0015724681306927258,0.36099961406812,False
2024-25,2025-04-05,401705695,new,12,11,0.0035717598577403482,0.5872283462391972,True,9,7,0.0027052831794313775,0.44358208159232526,False
2024-25,2025-04-05,401705697,old,11,10,0.005963205539748119,0.6276054071654943,True,9,7,0.001641108236206543,0.44485409464599,False
2024-25,2025-04-05,401705697,new,6,5,0.0033477061662563483,0.5384766286924352,True,5,3,0.0013370167592146852,0.4432121838886255,False
2024-25,2025-04-05,401705698,old,12,11,0.005634561068131121,0.8872090213338082,True,12,10,0.002429477340556653,0.47472287649100325,False
2024-25,2025-04-05,401705698,new,10,10,0.005669433471001297,1.0,True,7,6,0.0026187530425573783,0.48476853824728694,False
2024-25,2025-04-06,401705699,old,9,8,0.004287529127445409,0.7403757087438628,True,7,6,0.0013926331255373241,0.48085494151944036,False
2024-25,2025-04-06,401705699,new,5,4,0.002473973864054788,0.6103313871396153,True,4,3,0.0015501610822227045,0.4953632560871988,False
2024-25,2025-04-06,401705701,old,9,8,0.0037353644879836562,0.9325180967254848,True,7,6,0.001863866527470338,0.4816416041300542,False
2024-25,2025-04-06,401705701,new,9,8,0.004322370192481316,0.9276696234324953,True,7,6,0.002272447915914199,0.4853803791528555,False
2024-25,2025-04-06,401705700,old,2,2,0.0006889224040751825,1.0,True,0,0,0.0,nan,False
2024-25,2025-04-06,401705700,new,0,0,0.0,nan,False,0,0,0.0,nan,False
2024-25,2025-04-06,401705703,old,0,0,0.0,nan,False,0,0,0.0,nan,False
2024-25,2025-04-06,401705703,new,0,0,0.0,nan,False,0,0,0.0,nan,False
2024-25,2025-04-06,401705702,old,9,8,0.004974775036658946,0.8568317371222551,True,7,6,0.0014113161066386965,0.48928594816171367,False
2024-25,2025-04-06,401705702,new,5,5,0.004365484753527564,1.0,True,4,3,0.0017522688110498392,0.5142822461382907,True
2024-25,2025-04-06,401705704,old,7,6,0.0051532085288868166,0.4924363412534575,False,7,6,0.0010283266810761338,0.4904944352985306,False
2024-25,2025-04-06,401705704,new,3,2,0.0004501035677280858,0.47719676449198833,False,2,1,0.00017150384715897043,0.44310419592626166,False
2024-25,2025-04-06,401705705,old,4,2,0.0004619569065695312,0.2579385091296268,False,4,2,0.0004700955976884227,0.2671904403270232,False
2024-25,2025-04-06,401705705,new,0,0,0.0,nan,False,0,0,0.0,nan,False
2024-25,2025-04-06,401705706,old,9,9,0.004999482228564298,1.0,True,8,6,0.0014328537733735594,0.41393755681312616,False
2024-25,2025-04-06,401705706,new,5,5,0.0018480719090066503,1.0,True,5,3,0.0006006082507044842,0.37154484657984327,False
2024-25,2025-04-06,401705708,old,4,3,0.002982410426363891,0.5610780571582374,True,2,0,0.0,0.0,False
2024-25,2025-04-06,401705708,new,9,7,0.004482985134283827,0.6144468967812454,True,7,5,0.0013790515068037251,0.19742573612692013,False
2024-25,2025-04-06,401754706,old,5,4,0.0023131501847285844,0.9527370648681865,True,3,1,0.00023653018331324928,0.26070371542085685,False
2024-25,2025-04-06,401754706,new,2,2,0.0006951200604734694,1.0,True,2,1,0.00023653017300217803,0.340272402498454,False
2024-25,2025-04-06,401705709,old,9,9,0.004262901077947932,1.0,True,9,7,0.0021797497476469556,0.4740781905623403,False
2024-25,2025-04-06,401705709,new,11,10,0.004658017296322464,0.8074669611972082,True,9,7,0.002918187919380964,0.4795502625327302,False
2024-25,2025-04-07,401705710,old,7,6,0.0035871278493797456,0.5155363304435967,True,6,4,0.000767449983902277,0.4298311055738747,False
2024-25,2025-04-07,401705710,new,3,2,0.00040763547314271305,0.6987126341725287,True,2,1,0.00019050185428702923,0.467333848102897,False
2024-25,2025-04-07,401705711,old,8,6,0.0015093855363487066,0.3053281796247286,False,6,4,0.0010848843563798802,0.4387090595556535,False
2024-25,2025-04-07,401705711,new,3,2,0.001357731432541845,0.4959090913936928,False,2,1,0.0005796335116757144,0.4936248130110884,False
2024-25,2025-04-08,401705713,old,8,7,0.0036203667049732624,0.693070301767985,True,5,4,0.0013722787594634951,0.4611808003877516,False
2024-25,2025-04-08,401705713,new,5,4,0.0036352522423946285,0.6065564110362649,True,4,3,0.0023032776096134585,0.4941993917224678,False
2024-25,2025-04-08,401705714,old,7,5,0.001594487809108834,0.4070478281763488,False,7,6,0.0018911254161836698,0.48924711150760053,False
2024-25,2025-04-08,401705714,new,7,5,0.00151003501003736,0.42430722625663886,False,7,6,0.0017432650751485876,0.48835629431224276,False
2024-25,2025-04-08,401705715,old,5,4,0.0031453142931845085,0.652411806949361,True,4,2,0.0003741833660919523,0.10075597445600916,False
2024-25,2025-04-08,401705715,new,5,4,0.0038594936534397046,0.6025993771495409,True,4,2,0.0009430342097080881,0.1687268501440031,False
2024-25,2025-04-08,401705712,old,9,8,0.002768594971009497,0.6879671533964844,True,8,7,0.001972666813482881,0.4921186760692533,False
2024-25,2025-04-08,401705712,new,10,9,0.0032486660245918193,0.5558790842613675,True,7,6,0.002872660273151538,0.49161575431223103,False
2024-25,2025-04-08,401705716,old,2,2,0.00030813348044369013,1.0,True,0,0,0.0,nan,False
2024-25,2025-04-08,401705716,new,0,0,0.0,nan,False,0,0,0.0,nan,False
2024-25,2025-04-08,401705717,old,1,1,0.00015328663449190805,1.0,True,2,1,0.00023818504100830612,0.3782776156309458,False
2024-25,2025-04-08,401705717,new,1,1,0.00015328663449190805,1.0,True,2,1,0.00023818504100830612,0.3782776156309458,False
2024-25,2025-04-08,401705718,old,9,8,0.00492228505305653,0.9717074282127758,True,9,7,0.001923305244019479,0.3850282721308622,False
2024-25,2025-04-08,401705718,new,10,9,0.006312694166558788,0.9787634020439668,True,9,7,0.0028075717616153103,0.4355940991679171,False
2024-25,2025-04-08,401705719,old,8,7,0.002445444897698651,0.9462030282610534,True,8,7,0.0012664140017233157,0.4944506892340247,False
2024-25,2025-04-08,401705719,new,8,7,0.0024619833103372095,0.9499076950106274,True,8,7,0.0012850684842054482,0.49438123056304745,False
2024-25,2025-04-08,401705720,old,12,12,0.006404978296958036,1.0,True,11,9,0.003002130825847505,0.4771194871051756,False
2024-25,2025-04-08,401705720,new,11,10,0.004991663513445936,0.7546329876958381,True,9,7,0.003283711941985839,0.4925119011892763,False
2024-25,2025-04-08,401705721,old,9,8,0.004083466119301025,0.9722221383629485,True,9,7,0.002096370472879002,0.4895625820144561,False
2024-25,2025-04-08,401705721,new,10,10,0.006053918433946748,1.0,True,7,6,0.0028985580344888496,0.4903864462035472,False
2024-25,2025-04-09,401705722,old,5,4,0.000756508359946125,0.5878050327261292,True,4,3,0.0004175208218000749,0.44041443913547196,False
2024-25,2025-04-09,401705722,new,2,1,0.0003280046463974905,0.43671031118913695,False,2,1,0.0003282037879675439,0.4368931571564006,False
2024-25,2025-04-09,401705723,old,2,1,0.00026924811760128134,0.4674743872911398,False,0,0,0.0,nan,False
2024-25,2025-04-09,401705723,new,0,0,0.0,nan,False,0,0,0.0,nan,False
2024-25,2025-04-09,401705724,old,0,0,0.0,nan,False,0,0,0.0,nan,False
2024-25,2025-04-09,401705724,new,0,0,0.0,nan,False,0,0,0.0,nan,False
2024-25,2025-04-09,401705725,old,12,11,0.004152129391083197,0.8459119479035292,True,12,10,0.002467031392846556,0.4785007964643792,False
2024-25,2025-04-09,401705725,new,8,8,0.0039006663306376333,1.0,True,7,6,0.0019055253582603228,0.4843058178604559,False
2024-25,2025-04-09,401705726,old,5,3,0.004835954362686927,0.37554397865953215,False,4,2,0.0006923244013455172,0.15083891792171164,False
2024-25,2025-04-09,401705726,new,5,3,0.004945847212036178,0.4040493049520134,False,4,2,0.0017133132874523162,0.2973529004450998,False
2024-25,2025-04-09,401705728,old,3,2,0.0006583707657097109,0.43870005255242506,False,3,2,0.0006660495096225376,0.4415574184576354,False
2024-25,2025-04-09,401705728,new,0,0,0.0,nan,False,0,0,0.0,nan,False
2024-25,2025-04-09,401705730,old,4,4,0.0017748214542995763,1.0,True,4,3,0.0008291566308779306,0.46510944146464134,False
2024-25,2025-04-09,401705730,new,0,0,0.0,nan,False,0,0,0.0,nan,False
2024-25,2025-04-09,401705729,old,10,9,0.0049504081519396535,0.9780230474044652,True,9,7,0.0025041876576047664,0.49093809746903355,False
2024-25,2025-04-09,401705729,new,11,10,0.005400062304172044,0.7736528124397479,True,7,6,0.003370819220773349,0.491176062340689,False
2024-25,2025-04-09,401705731,old,10,9,0.005767611796048242,0.8148159397502591,True,11,9,0.0029239665778797727,0.48672211299035567,False
2024-25,2025-04-09,401705731,new,10,9,0.0066781068952039765,0.8606150486567503,True,8,7,0.0038824972342986963,0.499443043863922,False
2024-25,2025-04-09,401705732,old,8,8,0.00492026738701871,1.0,True,10,8,0.0026497982894981703,0.5018158936895454,True
2024-25,2025-04-09,401705732,new,9,9,0.007317082470916193,1.0,True,10,8,0.0037870869535963697,0.4987203027559614,False
2024-25,2025-04-10,401705733,old,3,3,0.0007290640365896665,1.0,True,5,3,0.0005114301050677118,0.44205308429123735,False
2024-25,2025-04-10,401705733,new,3,3,0.0007286791872689639,1.0,True,5,3,0.0005114301095006695,0.44220018307810416,False
2024-25,2025-04-10,401705734,old,8,7,0.0019856835128808296,0.5000000025378702,True,7,6,0.0018736145449767872,0.4854806565013047,False
2024-25,2025-04-10,401705734,new,8,7,0.0019041718075251473,0.500000001828086,True,7,6,0.0017921028394117869,0.48484028308009564,False
2024-25,2025-04-10,401705735,old,8,7,0.004249419847947813,0.9189902776073058,True,4,3,0.001428003294334286,0.4673849487852111,False
2024-25,2025-04-10,401705735,new,4,4,0.005176406388734719,1.0,True,3,2,0.002740630046341205,0.5443210777952764,True
2024-25,2025-04-10,401705727,old,4,4,0.0010679787665780801,1.0,True,4,3,0.0004304191742390048,0.4030272799297166,False
2024-25,2025-04-10,401705727,new,3,3,0.0006883467010049183,1.0,True,3,2,0.00022552340020760524,0.32763053832954137,False
2024-25,2025-04-10,401705736,old,5,4,0.004430608400344169,0.6498956255403503,True,3,1,0.0002591393324577698,0.03855708382866458,False
2024-25,2025-04-10,401705736,new,7,6,0.007075761677358413,0.594314284175141,True,5,3,0.0013461055087680002,0.11286553582074915,False
2024-25,2025-04-11,401705739,old,9,7,0.004442753816978363,0.8108677402051092,True,6,5,0.0014536210138881495,0.5001207034045988,True
2024-25,2025-04-11,401705739,new,4,4,0.004499173086685117,1.0,True,3,2,0.002337135699586778,0.5371123793814339,True
2024-25,2025-04-11,401705738,old,9,7,0.0017767524807953993,0.417101376668405,False,10,8,0.0020206871721550343,0.48632425993867656,False
2024-25,2025-04-11,401705738,new,7,5,0.0014461591959560494,0.39612279328541417,False,7,6,0.0017811345633003506,0.48787713026662777,False
2024-25,2025-04-11,401705737,old,4,4,0.0017751693195609483,1.0,True,4,2,0.0005295951174843937,0.2983349879071695,False
2024-25,2025-04-11,401705737,new,4,4,0.00129872233188812,1.0,True,4,2,0.00032346830555935157,0.24906656150979098,False
2024-25,2025-04-11,401705740,old,0,0,0.0,nan,False,0,0,0.0,nan,False
2024-25,2025-04-11,401705740,new,0,0,0.0,nan,False,0,0,0.0,nan,False
2024-25,2025-04-11,401705741,old,3,3,0.001157596993817503,1.0,True,3,2,0.0005360221613790345,0.42829027679340004,False
2024-25,2025-04-11,401705741,new,3,3,0.001157596993817503,1.0,True,3,2,0.0005360221613790345,0.42829027679340004,False
2024-25,2025-04-11,401705743,old,5,4,0.0007604832534042529,0.46852843479154077,False,4,3,0.0005805709125797072,0.45800460547145555,False
2024-25,2025-04-11,401705743,new,2,2,0.0006897752294380463,1.0,True,2,2,0.0006896183443124192,1.0,True
2024-25,2025-04-11,401705742,old,8,6,0.002133100522265068,0.6794355634830741,True,5,3,0.0007545393185114412,0.4284824620070464,False
2024-25,2025-04-11,401705742,new,4,3,0.0009399873694829296,0.6107695883142636,True,3,2,0.0005358572911819048,0.4722566582761045,False
2024-25,2025-04-11,401705744,old,6,5,0.002586123125362221,0.7445314628419479,True,5,4,0.0008659184949305125,0.4938831723597358,False
2024-25,2025-04-11,401705744,new,0,0,0.0,nan,False,0,0,0.0,nan,False
2024-25,2025-04-11,401705745,old,7,6,0.005524557011212766,0.9589765008152715,True,6,5,0.002581359667381262,0.4879809977915358,False
2024-25,2025-04-11,401705745,new,9,8,0.009176960323969209,0.9801104124319875,True,6,5,0.004466765466966204,0.4902780316443484,False
2024-25,2025-04-11,401705746,old,9,8,0.004831950943486566,0.6290814066153954,True,8,6,0.00108509851991122,0.13813038583182263,False
2024-25,2025-04-11,401705746,new,10,8,0.006653197092706483,0.4671278729576121,False,7,5,0.0018326979919555235,0.13688880289772798,False
2024-25,2025-04-11,401705747,old,2,1,0.00010862636848336645,0.4734480832832557,False,2,1,0.00010862636848336645,0.4734480832832557,False
2024-25,2025-04-11,401705747,new,0,0,0.0,nan,False,0,0,0.0,nan,False
2024-25,2025-04-11,401705748,old,4,3,0.0015445898274655348,0.8132349082643618,True,4,2,0.0005843094323840821,0.3086152469843582,False
2024-25,2025-04-11,401705748,new,0,0,0.0,nan,False,0,0,0.0,nan,False
2024-25,2025-04-11,401705749,old,9,8,0.005547036144220659,0.8701226479968008,True,9,7,0.003012282779511108,0.48525452825729776,False
2024-25,2025-04-11,401705749,new,9,8,0.00577838714970227,0.6866542767150403,True,6,5,0.0038581283412987867,0.49360890846868993,False
2024-25,2025-04-11,401705750,old,12,11,0.006155203257001426,0.7512444409118186,True,11,9,0.0028615023534933315,0.484357115862798,False
2024-25,2025-04-11,401705750,new,10,10,0.006326456360718198,1.0,True,7,6,0.0030083959784068673,0.4896489280173203,False
2024-25,2025-04-11,401705751,old,6,6,0.00315698124037934,1.0,True,6,5,0.0014360760528453179,0.4661985723379682,False
2024-25,2025-04-11,401705751,new,6,6,0.003132196746312376,1.0,True,6,5,0.0014250692835173985,0.466377824996377,False
2024-25,2025-04-13,401705752,old,4,3,0.0019790352190390205,0.6853328549338313,True,3,2,0.0004886432726653755,0.45650904439363865,False
2024-25,2025-04-13,401705752,new,0,0,0.0,nan,False,0,0,0.0,nan,False
2024-25,2025-04-13,401705757,old,5,4,0.003781473407596538,0.8252113284161845,True,4,3,0.0007387050716334032,0.4797839277077341,False
2024-25,2025-04-13,401705757,new,0,0,0.0,nan,False,0,0,0.0,nan,False
2024-25,2025-04-13,401705753,old,0,0,0.0,nan,False,0,0,0.0,nan,False
2024-25,2025-04-13,401705753,new,0,0,0.0,nan,False,0,0,0.0,nan,False
2024-25,2025-04-13,401705756,old,5,3,0.0004823430148298783,0.5021796538812816,True,5,3,0.0004770016753380068,0.49939611690760016,False
2024-25,2025-04-13,401705756,new,0,0,0.0,nan,False,0,0,0.0,nan,False
2024-25,2025-04-13,401705754,old,5,4,0.0013734605698301479,0.4999999946059074,False,5,4,0.0013734605698301479,0.4999999946059074,False
2024-25,2025-04-13,401705754,new,5,4,0.0013734605698301479,0.4999999946059074,False,5,4,0.0013734605698301479,0.4999999946059074,False
2024-25,2025-04-13,401705758,old,3,3,0.0015208974879738536,1.0,True,3,2,0.0007292179915144477,0.4794655769245271,False
2024-25,2025-04-13,401705758,new,3,3,0.0008818888322454802,1.0,True,3,2,0.0004198352751445957,0.47606371664283814,False
2024-25,2025-04-13,401705755,old,7,6,0.0024641317638667217,0.4999999975010741,False,7,6,0.0024641317638667217,0.4999999975010741,False
2024-25,2025-04-13,401705755,new,7,6,0.002396320815228518,0.4999999998605994,False,7,6,0.002396320815228518,0.49999999986059934,False
2024-25,2025-04-13,401705766,old,8,7,0.007073976642579511,0.529086916996687,True,7,5,0.001459794980284517,0.4984451511766469,False
2024-25,2025-04-13,401705766,new,0,0,0.0,nan,False,0,0,0.0,nan,False
2024-25,2025-04-13,401705760,old,8,7,0.0064730893382295715,0.8540805087149593,True,7,5,0.001753365082119448,0.4917299514551733,False
2024-25,2025-04-13,401705760,new,3,2,0.0003714719735447997,0.7074790499829625,True,2,1,0.00020543411864412767,0.3912551832794098,False
2024-25,2025-04-13,401705761,old,8,7,0.0033836430158516264,0.520068838521484,True,9,7,0.0034178628328971027,0.5036597145505831,True
2024-25,2025-04-13,401705761,new,10,9,0.006754287881835114,0.517226802239646,True,7,6,0.006299453333950744,0.49999999905210607,False
2024-25,2025-04-13,401705765,old,7,6,0.0031519548294372903,0.8813582751244127,True,7,5,0.0017914019094841316,0.5005806235024859,True
2024-25,2025-04-13,401705765,new,5,5,0.002725908239452361,1.0,True,5,4,0.0013629541292515918,0.500000003494399,True
2024-25,2025-04-13,401705759,old,8,8,0.0060529232622420475,1.0,True,7,6,0.0029060465351096643,0.4912052621930769,False
2024-25,2025-04-13,401705759,new,10,9,0.008584556880322733,0.9041729566023552,True,8,7,0.004605544350689777,0.4992178242694884,False
2024-25,2025-04-13,401705762,old,0,0,0.0,nan,False,0,0,0.0,nan,False
2024-25,2025-04-13,401705762,new,0,0,0.0,nan,False,0,0,0.0,nan,False
2024-25,2025-04-13,401705763,old,0,0,0.0,nan,False,0,0,0.0,nan,False
2024-25,2025-04-13,401705763,new,0,0,0.0,nan,False,0,0,0.0,nan,False
2024-25,2025-04-13,401705764,old,7,7,0.007483981356165205,1.0,True,8,6,0.0015296938937689483,0.19393738877027636,False
2024-25,2025-04-13,401705764,new,9,8,0.009306229840877483,0.7458892951985406,True,8,6,0.003178112848361912,0.2481367350909951,False
2025-26,2026-02-19,401810648,old,7,6,0.0015636813885550758,0.8582317848853871,True,6,4,0.0005366775697713179,0.30906766779569894,False
2025-26,2026-02-19,401810648,new,6,5,0.0013759372046359731,0.9208230001007358,True,6,4,0.0005357170161388668,0.3368190686391258,False
2025-26,2026-02-19,401810647,old,12,11,0.0023617625555898344,0.6828604951248795,True,12,10,0.0013861963632703944,0.4019885381243573,False
2025-26,2026-02-19,401810647,new,9,8,0.002280486785614167,0.6622393638803112,True,13,11,0.0017949495476012863,0.44588710643401835,False
2025-26,2026-02-19,401810650,old,4,2,0.0006162542614023765,0.3482330275206028,False,2,0,0.0,0.0,False
2025-26,2026-02-19,401810650,new,3,2,0.0007869614604804631,0.5192170557833584,True,1,0,0.0,0.0,False
2025-26,2026-02-19,401810649,old,5,4,0.0023063142803522205,0.9230453838460019,True,4,2,0.0002587428944561048,0.09958099455245592,False
2025-26,2026-02-19,401810649,new,4,3,0.002165033344119651,0.734330288096802,True,3,1,0.00014985710089205514,0.04974532118882785,False
2025-26,2026-02-19,401810651,old,8,6,0.0009018274767571009,0.44339605404972865,False,8,6,0.000722021251186279,0.3569663765733318,False
2025-26,2026-02-19,401810651,new,8,6,0.0008875078373075399,0.4402883197852451,False,7,5,0.0006106450187163933,0.321439662945829,False
2025-26,2026-02-19,401810652,old,5,3,0.0005430132394758403,0.2529476905714794,False,4,2,0.00025399945440113573,0.13800383852392534,False
2025-26,2026-02-19,401810652,new,7,5,0.0007219797197985685,0.3437245573339688,False,5,3,0.000489248127181844,0.2631083917962888,False
2025-26,2026-02-19,401810653,old,11,11,0.002778698648560144,1.0,True,7,5,0.0006484447133067848,0.26656418812776883,False
2025-26,2026-02-19,401810653,new,11,11,0.003772905125985539,1.0,True,7,5,0.00112688486923006,0.3340654958366292,False
2025-26,2026-02-19,401810655,old,4,4,0.0014073310150345768,1.0,True,5,4,0.0005941985881422746,0.3485808847249764,False
2025-26,2026-02-19,401810655,new,6,6,0.002073033783582942,1.0,True,7,6,0.0013192280572973444,0.47582929008454405,False
2025-26,2026-02-19,401810654,old,10,8,0.0016591305082449145,0.4648528782210382,False,7,5,0.0007062870024871242,0.26995556744050114,False
2025-26,2026-02-19,401810654,new,10,8,0.0017900439433129096,0.4543548489754769,False,7,5,0.0010851355506199894,0.3354525832647034,False
2025-26,2026-02-19,401810656,old,9,8,0.002391020941497541,0.684044017735796,True,7,5,0.0006703701992648683,0.2371581836504558,False
2025-26,2026-02-19,401810656,new,9,8,0.002808236048567509,0.6901674285305854,True,7,5,0.0009232406327102556,0.26345268451030424,False
2025-26,2026-02-20,401810658,old,4,2,0.0006688874385943421,0.33506278919997784,False,2,0,0.0,0.0,False
2025-26,2026-02-20,401810658,new,4,2,0.0009754060648408661,0.49467778310853966,False,2,0,0.0,0.0,False
2025-26,2026-02-20,401810659,old,4,2,0.0010841097882150032,0.3859483997155271,False,2,0,0.0,0.0,False
2025-26,2026-02-20,401810659,new,2,1,0.0002003611852764476,0.4570162359514204,False,0,0,0.0,nan,False
2025-26,2026-02-20,401810657,old,8,7,0.0016281608417680151,0.6148044532477259,True,8,6,0.0009106664497535212,0.33116761084764434,False
2025-26,2026-02-20,401810657,new,7,6,0.0016157272304571692,0.6173125365951596,True,10,8,0.0013104526262682319,0.41664897227396086,False
2025-26,2026-02-20,401810660,old,2,1,0.001292420342487737,0.4974099178005211,False,2,0,0.0,0.0,False
2025-26,2026-02-20,401810660,new,2,1,0.0017625558103216538,0.4864062420080066,False,2,0,0.0,0.0,False
2025-26,2026-02-20,401810661,old,10,8,0.001759639136877464,0.4895058119762716,False,7,5,0.0007362735518691382,0.32711887181770616,False
2025-26,2026-02-20,401810661,new,8,7,0.0013167844614589439,0.4255633638424646,False,6,5,0.0010310807620921342,0.40044502399089144,False
2025-26,2026-02-20,401810662,old,6,5,0.000815711816673426,0.5267462532386732,True,5,3,0.00048441890328945996,0.30667207899373194,False
2025-26,2026-02-20,401810662,new,6,5,0.0010060221849310135,0.7069966522345692,True,4,2,0.00033229979607976915,0.3122010739847575,False
2025-26,2026-02-20,401810663,old,5,4,0.0006913906598857799,0.7296472865203157,True,4,2,0.00024676724202561613,0.2994509681269554,False
2025-26,2026-02-20,401810663,new,6,5,0.0008109530189478091,0.8724575465471712,True,4,2,0.00024676724202561613,0.35948886137081754,False
2025-26,2026-02-20,401810665,old,6,4,0.0010589967812780262,0.2885218320285992,False,6,4,0.0005377026624476547,0.21404009074815944,False
2025-26,2026-02-20,401810665,new,7,5,0.0011263071915601935,0.3083043161870979,False,8,6,0.0008108245766195562,0.2936826820308667,False
2025-26,2026-02-20,401810664,old,7,6,0.0020751448104151444,0.6305301613752742,True,4,2,0.00025964416564269857,0.09778779599207531,False
2025-26,2026-02-20,401810664,new,7,6,0.002962917148620878,0.6506794706061878,True,5,3,0.0006771152826618859,0.1688214011528607,False
2025-26,2026-02-21,401810666,old,5,5,0.0017184037045633999,1.0,True,4,2,0.0002752372367827747,0.10512107422734371,False
2025-26,2026-02-21,401810666,new,10,10,0.002848872997195762,1.0,True,12,10,0.0021167016909749434,0.40850153944547657,False
2025-26,2026-02-21,401810667,old,9,8,0.0018385860914993098,0.8847716947029676,True,5,3,0.0004959550753034424,0.2691421535487241,False
2025-26,2026-02-21,401810667,new,11,10,0.002413547518889911,0.7473012468667305,True,8,6,0.001265354325384316,0.45229471372363766,False
2025-26,2026-02-21,401810669,old,4,3,0.0004843169891968987,0.48371747258023007,False,4,2,0.0002562660250075093,0.23792934706433427,False
2025-26,2026-02-21,401810669,new,3,2,0.0004001693378559318,0.7229336343588765,True,3,1,0.00014362684781364912,0.23927581661304326,False
2025-26,2026-02-21,401810670,old,2,2,0.00043919335527166625,1.0,True,1,0,0.0,0.0,False
2025-26,2026-02-21,401810670,new,1,1,0.0003257389196763596,1.0,True,1,0,0.0,0.0,False
2025-26,2026-02-21,401810668,old,5,3,0.0005999753572396874,0.28037424259713434,False,5,3,0.0004786625734118013,0.2533914994829287,False
2025-26,2026-02-21,401810668,new,8,6,0.0010469633349809867,0.37822777966648724,False,7,6,0.001285600194369256,0.46934697232364375,False
2025-26,2026-02-21,401810671,old,2,1,0.0009804509920181526,0.4729946160637185,False,2,0,0.0,0.0,False
2025-26,2026-02-21,401810671,new,2,1,0.0009874923130138344,0.47761930213591347,False,2,0,0.0,0.0,False
2025-26,2026-02-22,401810672,old,7,6,0.0014867964955632255,0.9060907768817891,True,6,4,0.0004782558519741879,0.2943005104789189,False
2025-26,2026-02-22,401810672,new,6,5,0.0013765106793659377,0.8993242682944232,True,6,4,0.0004780249407009126,0.29464982934465184,False
2025-26,2026-02-22,401810673,old,7,6,0.001783691115178107,0.8757102961226629,True,6,4,0.0006675088701714138,0.3464644699700774,False
2025-26,2026-02-22,401810673,new,9,8,0.00227413742250154,0.9508012422140238,True,7,5,0.0010042115768246374,0.4602732571257805,False
2025-26,2026-02-22,401810674,old,5,3,0.000489647479600553,0.21004520857812453,False,5,3,0.0005074195535818988,0.20909231951244783,False
2025-26,2026-02-22,401810674,new,5,3,0.0005835321750632359,0.27265691916462076,False,4,2,0.0003565869742213155,0.16446205358508484,False
2025-26,2026-02-22,401810675,old,7,5,0.001239880979472602,0.3765834338978532,False,8,6,0.0008545033162754749,0.2939397830262458,False
2025-26,2026-02-22,401810675,new,9,7,0.0014763306820536578,0.38614534528580624,False,8,6,0.0011575408653358254,0.3303049214617066,False
2025-26,2026-02-22,401810676,old,5,3,0.0007239670795230258,0.39399278411095945,False,2,0,0.0,0.0,False
2025-26,2026-02-22,401810676,new,4,3,0.0004985869165152664,0.8163771457415179,True,1,0,0.0,0.0,False
2025-26,2026-02-22,401810677,old,9,7,0.00122479895067119,0.44455349146529943,False,5,3,0.0005361719137830524,0.2975636813883953,False
2025-26,2026-02-22,401810677,new,6,4,0.0010326878407594731,0.4146785187090662,False,6,4,0.0007324724301193377,0.4306655792417486,False
2025-26,2026-02-22,401810678,old,3,1,0.0001088836238751709,0.051325081034384504,False,3,1,0.0001299725392489589,0.06066284351407207,False
2025-26,2026-02-22,401810678,new,4,2,0.00030631772227495145,0.12133166359979654,False,4,2,0.00038227540531623187,0.14699569971589319,False
2025-26,2026-02-22,401810679,old,10,8,0.0017349710928737782,0.49678511207195314,False,11,9,0.0012023386528425464,0.35164636817086964,False
2025-26,2026-02-22,401810679,new,11,9,0.0019747901883847992,0.4286794800375851,False,12,10,0.0020707495442015412,0.4198218473515366,False
2025-26,2026-02-22,401810681,old,9,8,0.002738874761494975,0.6566222276162272,True,6,4,0.0005132076964690076,0.20530052314857325,False
2025-26,2026-02-22,401810681,new,8,7,0.003247076294989283,0.7535981132036782,True,6,4,0.0007978770185199043,0.2692522849008493,False
2025-26,2026-02-22,401810680,old,7,5,0.0006436336239168162,0.31199459532829554,False,8,6,0.0007743484853865583,0.35107531282580084,False
2025-26,2026-02-22,401810680,new,6,4,0.0005025875905135458,0.317115637019324,False,7,5,0.0006544796850364839,0.3764486549094745,False
2025-26,2026-02-22,401810682,old,6,6,0.0029865800180051655,1.0,True,3,1,0.00011515531644199093,0.049905365628301133,False
2025-26,2026-02-22,401810682,new,11,11,0.00476172000646375,1.0,True,10,8,0.00195470689299748,0.42378342013587533,False
2025-26,2026-02-23,401810683,old,2,2,0.0006994111768458625,1.0,True,2,0,0.0,0.0,False
2025-26,2026-02-23,401810683,new,2,2,0.0006965921340258493,1.0,True,2,0,0.0,0.0,False
2025-26,2026-02-23,401810684,old,4,3,0.0004085249736663264,0.5292575098517917,True,2,1,0.0001194601427727355,0.2561235576616524,False
2025-26,2026-02-23,401810684,new,0,0,0.0,nan,False,0,0,0.0,nan,False
2025-26,2026-02-23,401810685,old,7,6,0.0021098003804031406,0.6889464175172653,True,6,4,0.0005252846014322898,0.2942821632503883,False
2025-26,2026-02-23,401810685,new,6,5,0.0016041946715451617,0.8513696609949607,True,6,5,0.000652600573118116,0.39448925238026383,False
2025-26,2026-02-24,401810686,old,9,7,0.0018018494206537932,0.6822637940203092,True,5,3,0.0004669526492119651,0.25853647184427203,False
2025-26,2026-02-24,401810686,new,12,10,0.0025837379166263907,0.7408574706887796,True,7,5,0.0011517162072896595,0.4323321012440383,False
2025-26,2026-02-24,401810687,old,8,7,0.0019832732315276124,0.7953095455740403,True,5,3,0.0004943473341612151,0.28538387392989684,False
2025-26,2026-02-24,401810687,new,7,6,0.002277615074103123,0.7688356882791023,True,7,5,0.0009300995226960663,0.4602892885807842,False
2025-26,2026-02-24,401810688,old,4,2,0.00035553923569177197,0.37641470573549857,False,2,0,0.0,0.0,False
2025-26,2026-02-24,401810688,new,3,2,0.0002601023690644285,0.6865026934038706,True,1,0,0.0,0.0,False
2025-26,2026-02-24,401810689,old,8,7,0.0010304361856496905,0.49863518307965665,False,8,6,0.0007578394092202478,0.3612484739852994,False
2025-26,2026-02-24,401810689,new,6,5,0.0007908319164444104,0.42571642701722984,False,8,6,0.000734539846425698,0.348904423507556,False
2025-26,2026-02-24,401810690,old,2,1,0.0009198256688179007,0.4767895159159799,False,2,0,0.0,0.0,False
2025-26,2026-02-24,401810690,new,2,1,0.0009175454190183259,0.4767728356984673,False,2,0,0.0,0.0,False
2025-26,2026-02-24,401810691,old,5,3,0.0004507235887896001,0.2423768085579918,False,4,2,0.00030797035978036167,0.17863970880421634,False
2025-26,2026-02-24,401810691,new,5,4,0.0005462983530188364,0.39673520221974123,False,6,5,0.0007522859107480184,0.468128756886892,False
2025-26,2026-02-24,401810692,old,4,2,0.0003244844799975433,0.1499511253211527,False,5,3,0.0004161215152895839,0.17832426986715932,False
2025-26,2026-02-24,401810692,new,8,6,0.0009512861785768658,0.3427758392127124,False,5,3,0.0006337536864326458,0.23767538750776504,False
2025-26,2026-02-24,401810693,old,10,9,0.0023815007960666266,0.6812394711336535,True,5,3,0.0005215011439467364,0.2688322781896888,False
2025-26,2026-02-24,401810693,new,8,7,0.0021732853315216674,0.597679112652318,True,6,4,0.001145274398843132,0.41985457985461644,False
2025-26,2026-02-24,401810694,old,9,8,0.00254768709435715,0.8010626958674959,True,4,2,0.0003214370512615827,0.14624482549387868,False
2025-26,2026-02-24,401810694,new,11,10,0.0037157631668088527,0.8546067895972619,True,8,6,0.0012266866543207276,0.3432707108525098,False
2025-26,2026-02-24,401810696,old,9,7,0.0021571865332284538,0.37225884485006183,False,8,6,0.0007543537769350521,0.26169284475755705,False
2025-26,2026-02-24,401810696,new,10,8,0.0022919384692565415,0.3761974424596434,False,7,5,0.0009211737245318665,0.27074613910841205,False
2025-26,2026-02-24,401810695,old,7,6,0.0016877626000670457,0.5952457509194458,True,7,5,0.0006321176788021302,0.214832285731089,False
2025-26,2026-02-24,401810695,new,7,6,0.0023274499189366053,0.6279719427697528,True,9,7,0.001499609361867476,0.3428043606407144,False
2025-26,2026-02-25,401810699,old,8,6,0.0019341602894327775,0.5577729767849566,True,7,5,0.0007110035989639903,0.3379982201278127,False
2025-26,2026-02-25,401810699,new,5,3,0.0013254367317818952,0.47299401505930777,False,4,3,0.0009391367439615476,0.4289181678635455,False
2025-26,2026-02-25,401810697,old,2,2,0.0008122594667642477,1.0,True,2,0,0.0,0.0,False
2025-26,2026-02-25,401810697,new,2,2,0.0008102678566032177,1.0,True,2,0,0.0,0.0,False
2025-26,2026-02-25,401810698,old,5,4,0.0007778805539705014,0.4210686940838494,False,8,6,0.0007294250500808542,0.3293738811928112,False
2025-26,2026-02-25,401810698,new,7,6,0.0010252029311746146,0.4645030574787014,False,8,6,0.0008551448604147518,0.348657540757694,False
2025-26,2026-02-25,401810700,old,5,4,0.001241854632167353,0.8870801378598645,True,6,4,0.0005176283200245454,0.33536080835821586,False
2025-26,2026-02-25,401810700,new,4,4,0.0012634445513201823,1.0,True,5,4,0.0005318359113433303,0.3724937032112958,False
2025-26,2026-02-25,401810701,old,7,6,0.0013716752773634499,0.643994241301126,True,7,5,0.0008028663013536191,0.34288320372165787,False
2025-26,2026-02-25,401810701,new,7,6,0.0011922916275316174,0.7340742223902714,True,8,6,0.000868228661338312,0.39344862866286295,False
2025-26,2026-02-25,401810702,old,3,1,0.0001297250013505972,0.07396275472563767,False,4,2,0.00025399050732165945,0.13523161352782667,False
2025-26,2026-02-25,401810702,new,3,1,0.00016466539860970791,0.0866310540208926,False,5,3,0.0004341313945911266,0.20003912527430964,False
2025-26,2026-02-26,401810703,old,7,5,0.0009711565576483651,0.390895981769026,False,5,3,0.0005598750106367045,0.30943674706155105,False
2025-26,2026-02-26,401810703,new,11,9,0.0016127592821345755,0.6051919106035769,True,7,5,0.0009190988944133858,0.4568684518554578,False
2025-26,2026-02-26,401810704,old,3,1,0.0012040722733615836,0.41956943165680893,False,2,0,0.0,0.0,False
2025-26,2026-02-26,401810704,new,3,1,0.0009634320780845918,0.2389038410817752,False,2,0,0.0,0.0,False
2025-26,2026-02-26,401810705,old,8,7,0.0020540056090871347,0.8231699973125278,True,6,4,0.000646376415048207,0.3315812040884285,False
2025-26,2026-02-26,401810705,new,8,7,0.002564549321519637,0.7720798864660319,True,7,5,0.0009775268810572554,0.4594685187307249,False
2025-26,2026-02-26,401810706,old,4,3,0.0005857085010154971,0.7333022947599871,True,4,2,0.00025365609419015996,0.29877500259376927,False
2025-26,2026-02-26,401810706,new,5,4,0.0008353720445301867,0.8813006213785388,True,4,2,0.00025365609419015996,0.33889418171921054,False
2025-26,2026-02-26,401810707,old,10,10,0.0030446407420864252,1.0,True,7,5,0.0007271948537612116,0.2581573848760194,False
2025-26,2026-02-26,401810707,new,12,12,0.003932708749455049,1.0,True,12,10,0.001738659031829083,0.4106862150378936,False
2025-26,2026-02-26,401810708,old,4,2,0.00038792403008810827,0.1265577239608388,False,4,2,0.00028973725202696205,0.1982824654960539,False
2025-26,2026-02-26,401810708,new,4,2,0.0004318035229552325,0.1848731271544788,False,3,2,0.0004249079426699832,0.41549262060591435,False
2025-26,2026-02-26,401810709,old,5,3,0.0004693242405541379,0.4998534002890948,False,3,1,0.00011646736831576398,0.19872708757532384,False
2025-26,2026-02-26,401810709,new,0,0,0.0,nan,False,0,0,0.0,nan,False
2025-26,2026-02-26,401810711,old,3,2,0.000992357936223201,0.4913669537564883,False,2,0,0.0,0.0,False
2025-26,2026-02-26,401810711,new,2,1,0.00032106255348736753,0.46119794606311787,False,0,0,0.0,nan,False
2025-26,2026-02-26,401810710,old,8,7,0.0021128528695696877,0.6145973432904026,True,2,0,0.0,0.0,False
2025-26,2026-02-26,401810710,new,8,7,0.002990621821778877,0.6238952783735241,True,4,2,0.00038664356749367905,0.09015274077060147,False
2025-26,2026-02-26,401810712,old,9,8,0.0024136209326261807,0.6594413378903126,True,7,5,0.0006656961013327768,0.2347985337205293,False
2025-26,2026-02-26,401810712,new,8,7,0.002519013457189277,0.6341168474925961,True,7,5,0.000901573884909814,0.26237640440934595,False
2025-26,2026-02-27,401810714,old,5,3,0.0003834698625603585,0.30432311206286206,False,5,3,0.00039716748957179145,0.3118041368286419,False
2025-26,2026-02-27,401810714,new,5,4,0.0005524548369552568,0.4522610914647872,False,4,3,0.0003971674994065477,0.3724892409991601,False
2025-26,2026-02-27,401810715,old,10,8,0.0012724547803332953,0.4090668065645399,False,9,7,0.0011512123844270737,0.3765045070106518,False
2025-26,2026-02-27,401810715,new,8,6,0.0013232298855927506,0.46335019919885423,False,10,8,0.0013329265071051282,0.4238051539330771,False
2025-26,2026-02-27,401810713,old,8,6,0.001710849944870393,0.8588173229757805,True,8,6,0.0008245073996938471,0.4139103547036322,False
2025-26,2026-02-27,401810713,new,8,6,0.0017028951771585145,0.856689331516893,True,7,5,0.0007172105996410724,0.38119783920217204,False
2025-26,2026-02-27,401810716,old,2,0,0.0,0.0,False,2,0,0.0,0.0,False
2025-26,2026-02-27,401810716,new,0,0,0.0,nan,False,0,0,0.0,nan,False
2025-26,2026-02-27,401810717,old,7,6,0.0009707609308558753,0.5035621231271844,True,9,7,0.0009369406030282904,0.42084611871599253,False
2025-26,2026-02-27,401810717,new,7,6,0.0009989202524582814,0.48780474598152734,False,9,7,0.0009865072997272007,0.4166464336842479,False
2025-26,2026-02-28,401810718,old,6,4,0.0013391818677848141,0.2954497013823549,False,5,3,0.0004351782895738329,0.16183692150588286,False
2025-26,2026-02-28,401810718,new,8,6,0.002038297723435632,0.41456747194233895,False,9,7,0.001624526867369361,0.4465818277515357,False
2025-26,2026-02-28,401810719,old,10,9,0.002062839613352395,0.6302374596081688,True,10,8,0.0011712561084486642,0.37060535089960694,False
2025-26,2026-02-28,401810719,new,11,10,0.002506271049609487,0.6218428410471819,True,11,9,0.0018053754230132888,0.43776236626577253,False
2025-26,2026-02-28,401810720,old,6,4,0.0006446264383909878,0.2985505799050603,False,6,4,0.0005428823636019106,0.2872292207801732,False
2025-26,2026-02-28,401810720,new,8,6,0.0014054890780659639,0.4189453793613814,False,6,4,0.0006933233786212955,0.343510454884011,False
2025-26,2026-02-28,401810721,old,5,3,0.001206562682468408,0.322389393310234,False,5,3,0.00041367911345640857,0.14024543811724993,False
2025-26,2026-02-28,401810721,new,7,5,0.001620943651540728,0.3202661602867753,False,6,4,0.0009825320459569704,0.22215020150798928,False
2025-26,2026-02-28,401810722,old,3,2,0.0009835320558412713,0.49220078788198535,False,2,0,0.0,0.0,False
2025-26,2026-02-28,401810722,new,2,1,0.0004259377197121327,0.44480091920415044,False,0,0,0.0,nan,False
2025-26,2026-03-01,401810723,old,7,6,0.0010191371896596242,0.5338337633679773,True,8,6,0.0008033790100759281,0.3918233652309624,False
2025-26,2026-03-01,401810723,new,7,6,0.0010189831079764988,0.534267432316313,True,8,6,0.000802647791056793,0.391928395748768,False
2025-26,2026-03-01,401810725,old,5,3,0.0004812490099982123,0.31182695654292036,False,5,3,0.0004922562706154531,0.30031312217339395,False
2025-26,2026-03-01,401810725,new,5,4,0.0006809164868171527,0.6152901039479426,True,4,3,0.00048492058830276513,0.4356571886169296,False
2025-26,2026-03-01,401810726,old,3,1,0.0003890471107114549,0.16004022054548794,False,2,0,0.0,0.0,False
2025-26,2026-03-01,401810726,new,3,1,0.00036342557011002436,0.13274498294141635,False,2,0,0.0,0.0,False
2025-26,2026-03-01,401810724,old,6,5,0.0015650013897316663,0.8824571977888843,True,6,4,0.0006088363612779989,0.3453780622651627,False
2025-26,2026-03-01,401810724,new,7,6,0.0017013135601079803,0.9394448145889196,True,6,4,0.0006074895850467656,0.36500031271055294,False
2025-26,2026-03-01,401810727,old,4,2,0.00034960608407256415,0.31734222355500835,False,3,1,0.000133078619433554,0.19845818575232402,False
2025-26,2026-03-01,401810727,new,6,5,0.0010236936318790547,0.9027177953069434,True,1,0,0.0,0.0,False
2025-26,2026-03-01,401810728,old,4,3,0.002237191183414413,0.5375927898972367,True,3,1,0.00012046370640941694,0.05077667584189682,False
2025-26,2026-03-01,401810728,new,10,9,0.0032629901800209546,0.6913219475442949,True,9,7,0.0015871371290922095,0.466747172091671,False
2025-26,2026-03-01,401810730,old,8,8,0.002166991900951371,1.0,True,8,6,0.0009249091341222291,0.3767666340791206,False
2025-26,2026-03-01,401810730,new,9,9,0.002950237222396761,1.0,True,9,7,0.0016388765003367675,0.45506692326856774,False
2025-26,2026-03-01,401810731,old,3,3,0.0004035752772084343,1.0,True,4,2,0.00029729833693089864,0.3118419208988702,False
2025-26,2026-03-01,401810731,new,3,2,0.0002829144855750738,0.46596199359537394,False,3,2,0.00029729833693089864,0.4782097299112221,False
2025-26,2026-03-01,401810729,old,9,7,0.001960583958157016,0.6958168005124877,True,5,3,0.0005017805037899122,0.21673495786838326,False
2025-26,2026-03-01,401810729,new,9,7,0.002297952033566235,0.6213947727138052,True,8,6,0.001334811816164178,0.37889148403095907,False
2025-26,2026-03-01,401810732,old,8,8,0.0026703045908453432,1.0,True,4,2,0.00034513328614407395,0.21617548207416684,False
2025-26,2026-03-01,401810732,new,4,4,0.002029763066549129,1.0,True,4,3,0.0007249235658849756,0.46478037044223997,False
2025-26,2026-03-01,401810733,old,6,4,0.0005617945767901858,0.29280853927908757,False,6,4,0.0006217266449311541,0.3142297541843884,False
2025-26,2026-03-01,401810733,new,9,7,0.0012384152585357953,0.4431154588421602,False,6,4,0.000881720003137839,0.3616428406104431,False
2025-26,2026-03-02,401810734,old,5,4,0.0012600857171293203,0.757618908583935,True,6,4,0.000563795675242818,0.3255280159560051,False
2025-26,2026-03-02,401810734,new,9,8,0.0025371181625326628,0.7633175751766235,True,7,5,0.0006942304782999732,0.39309123854313305,False
2025-26,2026-03-02,401810735,old,6,4,0.0006310125864565688,0.3348665314096363,False,7,5,0.0006709721670538603,0.33476713371476846,False
2025-26,2026-03-02,401810735,new,6,4,0.0007077895856440752,0.4391121535575497,False,7,5,0.0006555088041063428,0.38033358358402514,False
2025-26,2026-03-02,401810736,old,6,4,0.0007134417213027047,0.2985804152440892,False,6,4,0.0005945763799891703,0.3056816303846431,False
2025-26,2026-03-02,401810736,new,7,5,0.00110146825255974,0.39351803648242833,False,6,5,0.0008698865238674943,0.41435780587068255,False
2025-26,2026-03-02,401810737,old,3,2,0.0014003450552664192,0.5135508185317839,True,2,0,0.0,0.0,False
2025-26,2026-03-02,401810737,new,2,1,0.0017914389631079552,0.48811524600088685,False,2,0,0.0,0.0,False
2025-26,2026-03-03,401810740,old,6,5,0.0016710830120381522,0.8128966702854267,True,6,4,0.0007174062301434187,0.32907453945228443,False
2025-26,2026-03-03,401810740,new,8,7,0.003175019435462178,0.8004942801938413,True,7,5,0.0014979078968544877,0.45367248694471995,False
2025-26,2026-03-03,401810738,old,7,5,0.0007937227263423301,0.37412610155831955,False,8,6,0.0008398974989793897,0.3818380690931726,False
2025-26,2026-03-03,401810738,new,5,4,0.0008983829330726766,0.43471536956810464,False,6,5,0.0011409858802831987,0.48451075518134584,False
2025-26,2026-03-03,401810739,old,7,6,0.0017259598595017209,0.9176989107782533,True,7,5,0.0007548876275799325,0.3965809050146828,False
2025-26,2026-03-03,401810739,new,7,6,0.0017212997877605932,0.9167751386897814,True,7,5,0.0007540794386381623,0.3968495664006017,False
2025-26,2026-03-03,401810742,old,6,4,0.0005711766558050601,0.23535002848452516,False,6,4,0.0004728796598005513,0.20307229921582468,False
2025-26,2026-03-03,401810742,new,8,6,0.000809887463278162,0.2917366980672118,False,7,5,0.0007100033115142283,0.26530215936321105,False
2025-26,2026-03-03,401810741,old,6,4,0.0008237286902533982,0.3729752680259648,False,6,4,0.0006801872180079409,0.3293896197486434,False
2025-26,2026-03-03,401810741,new,10,8,0.0018262671553515664,0.5196755272723624,True,7,5,0.0014028122276854578,0.45386848245815214,False
2025-26,2026-03-03,401810744,old,5,4,0.0007472320061590643,0.7144899072337833,True,5,3,0.00040614039911993007,0.4007452930405337,False
2025-26,2026-03-03,401810744,new,3,3,0.0005719769848860442,1.0,True,3,2,0.00027251385394346173,0.46890934179054256,False
2025-26,2026-03-03,401810745,old,9,7,0.0012211897542187924,0.5833470786782672,True,8,6,0.0008406298621079373,0.39816370049395977,False
2025-26,2026-03-03,401810745,new,8,7,0.0012772542233277608,0.639347756883306,True,7,6,0.000940259125827338,0.4559923904581324,False
2025-26,2026-03-03,401810743,old,8,6,0.0019732446833982454,0.8579354063983239,True,7,5,0.0007503883389569915,0.3262690206329552,False
2025-26,2026-03-03,401810743,new,8,6,0.002314582040747932,0.678098874998892,True,7,5,0.0013854750146343093,0.408147392678356,False
2025-26,2026-03-03,401810746,old,7,6,0.0011131207499356557,0.5150250686608849,True,6,4,0.0006157054951299141,0.31596731038610504,False
2025-26,2026-03-03,401810746,new,5,4,0.0007486425120064008,0.357285555874837,False,5,4,0.0008867948559935125,0.3970401759573742,False
2025-26,2026-03-03,401810747,old,8,7,0.0017717012576352678,0.8908676307786139,True,6,4,0.0005285005031986658,0.2863259533352061,False
2025-26,2026-03-03,401810747,new,11,10,0.003064844706408378,0.9643712298793785,True,7,5,0.0011015103055349198,0.40696057201193353,False
2025-26,2026-03-04,401810748,old,7,6,0.001011584054898319,0.569827438804728,True,7,5,0.0007123614581825961,0.399689061159648,False
2025-26,2026-03-04,401810748,new,7,6,0.001009082515850741,0.5696037561140043,True,7,5,0.0007122460025387902,0.3999178881915404,False
2025-26,2026-03-04,401810749,old,8,6,0.0009384783145386645,0.3549696862247269,False,8,6,0.0009252216018650865,0.34703416706536383,False
2025-26,2026-03-04,401810749,new,7,5,0.0010912099865756065,0.35459850493970735,False,8,6,0.0014577234393700473,0.41707556438559684,False
2025-26,2026-03-04,401810750,old,8,6,0.0021593248657593676,0.704335907891454,True,7,5,0.000869037342116372,0.3573310346677256,False
2025-26,2026-03-04,401810750,new,9,7,0.0020858574040474266,0.5897566654184123,True,6,5,0.001582756965041563,0.4758658444333928,False
2025-26,2026-03-04,401810751,old,6,4,0.0009598489743043883,0.35274479686798205,False,5,3,0.0004372288990275282,0.2885609293987726,False
2025-26,2026-03-04,401810751,new,4,3,0.0009790667333489968,0.49116603605521547,False,3,2,0.00042547703614444584,0.4753311455589018,False
2025-26,2026-03-04,401810752,old,5,4,0.0016497520126752614,0.7294965730673145,True,5,3,0.0003737567077692759,0.1629325889536544,False
2025-26,2026-03-04,401810752,new,7,5,0.0023727101058864434,0.8415402352777098,True,6,4,0.0009491811398631148,0.32889588602490105,False
2025-26,2026-03-04,401810753,old,7,5,0.0021354529363635027,0.7670559871413787,True,4,2,0.00033937823618481475,0.2210690145816124,False
2025-26,2026-03-04,401810753,new,9,7,0.0030895610836897537,0.9020289333872507,True,5,3,0.0008523768830102492,0.4188814060909843,False
2025-26,2026-03-05,401810755,old,3,1,0.00030643352144724535,0.21466904469428935,False,2,0,0.0,0.0,False
2025-26,2026-03-05,401810755,new,4,2,0.001403519729079163,0.4531257246707601,False,2,0,0.0,0.0,False
2025-26,2026-03-05,401810754,old,7,6,0.0020510307168145297,0.8764951633345898,True,7,5,0.0008652794615174978,0.3580334469851794,False
2025-26,2026-03-05,401810754,new,6,6,0.0025774320887099636,1.0,True,6,5,0.0015906746364927184,0.47842029902048416,False
2025-26,2026-03-05,401810756,old,7,5,0.000982777864628056,0.40421348560520226,False,7,5,0.000841702885803664,0.3675143259986824,False
2025-26,2026-03-05,401810756,new,10,8,0.0019641179793850223,0.5229498439245038,True,7,5,0.001532698108759209,0.4610417013333442,False
2025-26,2026-03-05,401810757,old,9,8,0.0026054694373024425,0.7285355158726227,True,8,6,0.0009706553527080766,0.3407732798769126,False
2025-26,2026-03-05,401810757,new,10,9,0.0026880277907205515,0.7582734926462478,True,9,7,0.0013318867918927697,0.42421507397893005,False
2025-26,2026-03-05,401810758,old,8,6,0.0012232362683908986,0.42919010101303057,False,7,5,0.0006021968685145587,0.2157197708464159,False
2025-26,2026-03-05,401810758,new,8,6,0.0012786698724805707,0.3945725019146776,False,10,8,0.0011827468033161809,0.31948852849176734,False
2025-26,2026-03-05,401810759,old,2,2,0.0008575758169659783,1.0,True,2,0,0.0,0.0,False
2025-26,2026-03-05,401810759,new,2,2,0.0008548818549182578,1.0,True,2,0,0.0,0.0,False
2025-26,2026-03-05,401810760,old,8,7,0.0018619171102684776,0.9085127793562264,True,6,4,0.0005632694444706656,0.2875908369281379,False
2025-26,2026-03-05,401810760,new,8,8,0.002661437536081842,1.0,True,6,5,0.0010586331863689155,0.41799354557882895,False
2025-26,2026-03-05,401810762,old,3,2,0.00038616071204572303,0.641346071589958,True,2,0,0.0,0.0,False
2025-26,2026-03-05,401810762,new,4,3,0.00039565694418387695,0.7787192165410742,True,1,0,0.0,0.0,False
2025-26,2026-03-05,401810761,old,2,0,0.0,0.0,False,2,0,0.0,0.0,False
2025-26,2026-03-05,401810761,new,2,0,0.0,0.0,False,3,1,0.000180973581738285,0.05572309280658854,False
2025-26,2026-03-06,401810763,old,7,5,0.0007138026409042991,0.41913185884711895,False,7,5,0.0006537267858781135,0.3984989821316276,False
2025-26,2026-03-06,401810763,new,5,4,0.0005412047925167884,0.43582642504381025,False,5,4,0.0005442188273524571,0.43719245462449946,False
2025-26,2026-03-06,401810764,old,2,0,0.0,0.0,False,2,0,0.0,0.0,False
2025-26,2026-03-06,401810764,new,2,0,0.0,0.0,False,2,0,0.0,0.0,False
2025-26,2026-03-06,401810765,old,10,9,0.002849202069291725,0.6247028227320848,True,9,7,0.0010252390882090443,0.36108091710147355,False
2025-26,2026-03-06,401810765,new,10,9,0.002849749632429451,0.6779477118042998,True,9,7,0.0012034511480311298,0.4257629458954154,False
2025-26,2026-03-06,401810766,old,2,0,0.0,0.0,False,2,0,0.0,0.0,False
2025-26,2026-03-06,401810766,new,3,1,0.0001296241521057588,0.05742890901822189,False,3,1,0.0001296241521057588,0.05742890901822189,False
2025-26,2026-03-06,401810767,old,11,11,0.002875743540698214,1.0,True,7,5,0.0006937999493919776,0.31547343896414715,False
2025-26,2026-03-06,401810767,new,7,7,0.0027297272777349973,1.0,True,4,3,0.0009354870905541941,0.3743034052069044,False
2025-26,2026-03-06,401810768,old,8,8,0.003018913161643398,1.0,True,6,4,0.0006707489053228626,0.3108238976413518,False
2025-26,2026-03-06,401810768,new,9,9,0.0035571039583495545,1.0,True,7,5,0.00131031233370779,0.439855377379841,False
2025-26,2026-03-06,401810769,old,5,3,0.000533974272227679,0.2667622279849273,False,4,2,0.00035923973348859714,0.21968933584848357,False
2025-26,2026-03-06,401810769,new,8,6,0.0012719669906123326,0.45879928080854754,False,5,3,0.000729581687415577,0.3257918409712059,False
2025-26,2026-03-07,401810770,old,12,11,0.0030222779908389173,0.931457999722529,True,11,9,0.0013744816615455966,0.38066087336264515,False
2025-26,2026-03-07,401810770,new,11,10,0.0037038509825505057,0.9263226827278348,True,11,9,0.0021356112635131856,0.4319824315916229,False
2025-26,2026-03-07,401810772,old,3,2,0.0025867207956236835,0.9003515701029625,True,2,0,0.0,0.0,False
2025-26,2026-03-07,401810772,new,5,4,0.0030491930565397112,0.7021823112952121,True,4,2,0.0002775561343497181,0.06376948802021344,False
2025-26,2026-03-07,401810771,old,4,3,0.000617791069339735,0.7522395550192464,True,4,2,0.0002909482772298056,0.3457079095361113,False
2025-26,2026-03-07,401810771,new,6,5,0.0010829659351461911,0.897759160853714,True,4,2,0.0002909482772298056,0.38209442762226353,False
2025-26,2026-03-07,401810774,old,5,3,0.0007370104239585746,0.4032636665545047,False,3,1,0.000143361486127164,0.17575710070866674,False
2025-26,2026-03-07,401810774,new,2,1,0.00024068546712971068,0.4415875673455491,False,1,0,0.0,0.0,False
2025-26,2026-03-07,401810773,old,6,5,0.002125981669281522,0.8496176296851208,True,4,2,0.0003634841180349171,0.22220441189242154,False
2025-26,2026-03-07,401810773,new,5,4,0.002379190711241875,0.9390542525701518,True,4,3,0.00094708109799854,0.4531095595227344,False
2025-26,2026-03-07,401810775,old,9,7,0.0017408404485377699,0.5530742155821493,True,7,5,0.0007787738553050233,0.3589672456025795,False
2025-26,2026-03-07,401810775,new,8,6,0.0014407088627809894,0.43562115557557785,False,7,5,0.0012904450339563825,0.4551832103998227,False
2025-26,2026-03-08,401810776,old,2,1,0.0009577432282302263,0.5559378088498503,True,2,0,0.0,0.0,False
2025-26,2026-03-08,401810776,new,2,1,0.000957493074337225,0.5559975434316861,True,2,0,0.0,0.0,False
2025-26,2026-03-08,401810777,old,4,2,0.00030299302243308376,0.13758878561289767,False,4,2,0.0003252019883905965,0.14619942088033994,False
2025-26,2026-03-08,401810777,new,6,4,0.0007128495099727463,0.24727895238726522,False,5,3,0.0006568484641097421,0.23236684022867163,False
2025-26,2026-03-08,401810779,old,7,5,0.0010804080922177854,0.4116160350003678,False,8,6,0.0008899734398319438,0.3655880698804189,False
2025-26,2026-03-08,401810779,new,7,6,0.0013753313126067255,0.46174375268098394,False,6,5,0.0012545062183236047,0.4389862640294532,False
2025-26,2026-03-08,401810778,old,8,7,0.0015224514116995414,0.5426476973091914,True,8,6,0.0010143839595164433,0.38575309704722155,False
2025-26,2026-03-08,401810778,new,9,8,0.002105684217618577,0.5480787858487354,True,8,6,0.0016257272240880166,0.44009118124211943,False
2025-26,2026-03-08,401810780,old,4,3,0.0005311574306048425,0.6482332052599787,True,2,0,0.0,0.0,False
2025-26,2026-03-08,401810780,new,3,2,0.0007562634722344589,0.4956115468874393,False,1,0,0.0,0.0,False
2025-26,2026-03-08,401810781,old,8,7,0.0020413160246649104,0.856447525572951,True,8,6,0.0009146662520380212,0.348579244854075,False
2025-26,2026-03-08,401810781,new,7,7,0.0029364815589951526,1.0,True,7,5,0.0014311796107507584,0.4180526995563045,False
2025-26,2026-03-08,401810782,old,7,7,0.0018975208404343226,1.0,True,7,5,0.0007197161328249781,0.3732182217288763,False
2025-26,2026-03-08,401810782,new,7,7,0.0019021698157886367,1.0,True,7,5,0.0007297076552299252,0.37128828420240334,False
2025-26,2026-03-08,401810784,old,7,5,0.0011906294492838828,0.4206656783632258,False,5,3,0.0003849667168910308,0.3005790639489456,False
2025-26,2026-03-08,401810784,new,6,5,0.0011297237580628165,0.5685753696505361,True,3,2,0.00034553642980655446,0.4713008998657787,False
2025-26,2026-03-08,401810785,old,2,0,0.0,0.0,False,3,1,0.00012060794743588725,0.23691096857078672,False
2025-26,2026-03-08,401810785,new,2,2,0.0002538196578040648,1.0,True,0,0,0.0,nan,False
2025-26,2026-03-08,401810783,old,5,4,0.000987263530979087,0.6953026227910459,True,5,3,0.000420582169107331,0.15100065051546419,False
2025-26,2026-03-08,401810783,new,10,9,0.0028216729107727366,0.8405950413741284,True,10,8,0.0018295907888175311,0.3902833773319308,False
2025-26,2026-03-09,401810786,old,11,10,0.003148873513293926,0.8727437691917636,True,11,9,0.00140544079123288,0.38467974885347034,False
2025-26,2026-03-09,401810786,new,11,10,0.0036491712886048073,0.7416448545251338,True,11,9,0.002170170148940442,0.44022150090835105,False
2025-26,2026-03-09,401810787,old,3,1,0.00010752672649890364,0.17108889027647195,False,3,1,0.00010752672649890364,0.167378635185904,False
2025-26,2026-03-09,401810787,new,4,3,0.0004929283402653428,0.785507927258701,True,1,0,0.0,0.0,False
2025-26,2026-03-09,401810788,old,8,7,0.0010694732651744339,0.486113035456718,False,8,6,0.0009090783529591348,0.40474503227821573,False
2025-26,2026-03-09,401810788,new,9,8,0.0012304821719473621,0.4896476761498901,False,8,6,0.0010581581014007207,0.41544176932250637,False
2025-26,2026-03-09,401810789,old,6,4,0.0012347473065833204,0.4263247283442946,False,4,2,0.00039035347000262115,0.23902323699358488,False
2025-26,2026-03-09,401810789,new,5,3,0.0014709008861288413,0.5341026325021908,True,4,3,0.0008114384549086482,0.4667936753943476,False
2025-26,2026-03-09,401810790,old,10,9,0.002729786282085066,0.7694079137829474,True,8,6,0.0008916034352829224,0.33221889586249614,False
2025-26,2026-03-09,401810790,new,10,9,0.0032230988196847938,0.7978118280207389,True,9,7,0.0014155512046785626,0.42161977385295424,False
2025-26,2026-03-10,401810791,old,8,6,0.0014743849261891647,0.6545078727048723,True,7,5,0.0007993236887928074,0.3510241726047835,False
2025-26,2026-03-10,401810791,new,7,5,0.001785570356003276,0.5709833088405293,True,6,5,0.0015262845474546037,0.48622381449469976,False
2025-26,2026-03-10,401810794,old,7,5,0.002177188998535016,0.8200440316048441,True,7,5,0.0007529080340550566,0.33973975710088433,False
2025-26,2026-03-10,401810794,new,6,6,0.0027594052239284872,1.0,True,6,5,0.001391053997334243,0.48696985362065787,False
2025-26,2026-03-10,401810793,old,7,5,0.0009430282349399214,0.40266075142776897,False,7,5,0.0008051650247856986,0.3676460415602063,False
2025-26,2026-03-10,401810793,new,8,6,0.0017317739506465604,0.4493912183060359,False,5,4,0.0012488136008754862,0.4319748546026348,False
2025-26,2026-03-10,401810792,old,5,4,0.000629704819958923,0.6967199973886377,True,4,2,0.0002243303575293789,0.27549295917563976,False
2025-26,2026-03-10,401810792,new,6,5,0.0008698718414592883,0.8779654966870594,True,4,2,0.0002243303575293789,0.339335050079178,False
2025-26,2026-03-10,401810796,old,10,9,0.0022564694767270395,0.899398457433627,True,8,6,0.0008466985743000663,0.3560239415022107,False
2025-26,2026-03-10,401810796,new,6,6,0.002585652861586555,1.0,True,5,4,0.0009735786204792782,0.3834879439257654,False
2025-26,2026-03-10,401810795,old,9,8,0.0021327084739989,0.6317799881106863,True,8,6,0.0008537573305251915,0.2707519755788356,False
2025-26,2026-03-10,401810795,new,10,9,0.0025287536920200913,0.622916022324772,True,9,7,0.001347137659187516,0.3372840067113942,False
2025-26,2026-03-10,401810797,old,3,2,0.0004239916858570696,0.4602882786877852,False,3,1,0.00011364685939257882,0.12319052142490441,False
2025-26,2026-03-10,401810797,new,3,2,0.0004239916858570696,0.46032674342558855,False,3,1,0.00011364685939257882,0.1232008005790649,False
2025-26,2026-03-10,401810799,old,3,1,0.0006333884152158588,0.20307857595857165,False,3,1,0.00010772411098319572,0.05470499279583831,False
2025-26,2026-03-10,401810799,new,7,5,0.0013637628696889343,0.43099053382938335,False,7,5,0.0010527618623286867,0.44304855928657816,False
2025-26,2026-03-10,401810800,old,2,0,0.0,0.0,False,2,0,0.0,0.0,False
2025-26,2026-03-10,401810800,new,1,1,0.00015506421513465494,1.0,True,0,0,0.0,nan,False
2025-26,2026-03-10,401810798,old,4,3,0.0007814914197044134,0.49897481719006687,False,5,3,0.00043552150862479687,0.29814856033384834,False
2025-26,2026-03-10,401810798,new,4,2,0.0005604564003513883,0.457886724572605,False,2,1,0.000342291435212954,0.3846885909934152,False
2025-26,2026-03-10,401810801,old,3,1,0.0006948699163073121,0.2685537411665328,False,2,0,0.0,0.0,False
2025-26,2026-03-10,401810801,new,4,2,0.0007899187951824133,0.25131710731691564,False,3,1,0.00017723283267581687,0.05529571959457756,False
2025-26,2026-03-11,401810802,old,11,11,0.0034430182850823075,1.0,True,9,7,0.0011687745204428067,0.3444174835086828,False
2025-26,2026-03-11,401810802,new,10,10,0.004119237737858981,1.0,True,10,8,0.0019520662857641959,0.41258704199165636,False
2025-26,2026-03-11,401810803,old,8,7,0.0018145437143129554,0.5963546290708955,True,8,6,0.0009334606308048551,0.36843678190825385,False
2025-26,2026-03-11,401810803,new,7,6,0.0015770061170320981,0.47991178710823745,False,6,5,0.001411880606904587,0.4523942066333428,False
2025-26,2026-03-11,401810804,old,7,5,0.0014326047970513248,0.39519461044309745,False,7,5,0.0007691121749140191,0.36410918333429676,False
2025-26,2026-03-11,401810804,new,7,5,0.0008107421604462096,0.4090691588845109,False,5,4,0.000655865853771304,0.4061405217073856,False
2025-26,2026-03-11,401810806,old,5,3,0.0004726019219755784,0.30732818257249633,False,6,4,0.0005663817702203136,0.3446362604640356,False
2025-26,2026-03-11,401810806,new,7,5,0.000934237222304658,0.4591102381297972,False,6,4,0.0008638569255549892,0.434222240652655,False
2025-26,2026-03-11,401810805,old,3,2,0.001197162154749041,0.4761458564363293,False,3,1,0.00014194037811277998,0.055567219705231166,False
2025-26,2026-03-11,401810805,new,5,4,0.0015642318471638527,0.4985184953249374,False,4,2,0.000378648809478386,0.12191914944971675,False
2025-26,2026-03-11,401810807,old,10,9,0.0026130753170724268,0.7446940435808785,True,7,5,0.0007307972083968136,0.2558133196741907,False
2025-26,2026-03-11,401810807,new,12,11,0.00310687300677012,0.7205517475164405,True,10,8,0.001429436368723375,0.37119763342073014,False
2025-26,2026-03-12,401810809,old,9,8,0.0022490242381082814,0.9464461912704767,True,8,6,0.000879391425560669,0.38454455018002537,False
2025-26,2026-03-12,401810809,new,7,7,0.0031238653989690487,1.0,True,6,5,0.0012287713303693333,0.426804641085393,False
2025-26,2026-03-12,401810808,old,9,8,0.0022099748166711022,0.8841604742634003,True,9,7,0.0011437863132312688,0.4318427077184016,False
2025-26,2026-03-12,401810808,new,9,8,0.0027525537384873794,0.6966591564006984,True,8,6,0.0018592170244545938,0.46824144711540006,False
2025-26,2026-03-12,401810810,old,9,8,0.002116490352269276,0.9169652480272994,True,8,6,0.0008984891189875256,0.3824747143001492,False
2025-26,2026-03-12,401810810,new,10,9,0.003279476364974969,0.8645198069633474,True,6,5,0.0013888099182643066,0.4372335675885702,False
2025-26,2026-03-12,401810811,old,7,6,0.002002272363318055,0.8866682464683424,True,6,4,0.0006959831481398823,0.3370976523743833,False
2025-26,2026-03-12,401810811,new,9,8,0.003459248000637958,0.9655320759617787,True,7,5,0.0015252601431248773,0.4703569304458106,False
2025-26,2026-03-12,401810812,old,10,8,0.001434424636396456,0.4888695698365381,False,9,7,0.0011076278923587654,0.41338422616416826,False
2025-26,2026-03-12,401810812,new,8,7,0.0016272711473534188,0.4889683903097403,False,5,4,0.0012144602955799773,0.4166020015948718,False
2025-26,2026-03-12,401810966,old,2,0,0.0,0.0,False,2,0,0.0,0.0,False
2025-26,2026-03-12,401810966,new,0,0,0.0,nan,False,0,0,0.0,nan,False
2025-26,2026-03-12,401810813,old,8,7,0.0011916773881388322,0.4948288855627008,False,10,8,0.0012339699847119846,0.45215102863871387,False
2025-26,2026-03-12,401810813,new,9,8,0.0013534644679771752,0.4931165481843614,False,10,8,0.0014158881552339601,0.4588555273515344,False
2025-26,2026-03-12,401810814,old,4,3,0.0004754079478704532,0.5020116247506033,True,4,2,0.0002661253118416148,0.2810061795100179,False
2025-26,2026-03-12,401810814,new,4,3,0.0004754079478704532,0.5021953024157089,True,4,2,0.0002661253118416148,0.2811089907959539,False
2025-26,2026-03-12,401810815,old,8,6,0.0008804226049166832,0.37181298838367777,False,9,7,0.00116045045640909,0.4392542574522232,False
2025-26,2026-03-12,401810815,new,8,7,0.0011957417616347168,0.45253707947726435,False,7,6,0.0012059225048373435,0.45463834461238656,False
2025-26,2026-03-13,401810816,old,6,5,0.0008673195374012197,0.7119631082168093,True,5,3,0.0004156291711452913,0.3992960831536627,False
2025-26,2026-03-13,401810816,new,2,2,0.000369958435196723,1.0,True,2,1,0.00016263854523301767,0.38261656498129937,False
2025-26,2026-03-13,401810820,old,11,10,0.0027810758990434764,0.8788894996527746,True,10,8,0.001226172762636526,0.4463417514325466,False
2025-26,2026-03-13,401810820,new,7,7,0.0020647829269683908,1.0,True,7,6,0.0009548145018090901,0.4582499723476808,False
2025-26,2026-03-13,401810817,old,6,5,0.0008181154832541238,0.4455234909746261,False,7,5,0.0008186576958896251,0.4194718229432454,False
2025-26,2026-03-13,401810817,new,6,5,0.000818176041058825,0.4354300834261046,False,6,5,0.0008175034375341757,0.4465502728671642,False
2025-26,2026-03-13,401810818,old,8,7,0.0023875958349657894,0.6512891032524408,True,7,5,0.0007588086077572828,0.22463935945850563,False
2025-26,2026-03-13,401810818,new,10,9,0.004204785197246705,0.6964625999594434,True,12,10,0.0024967045082853407,0.4137521088271036,False
2025-26,2026-03-13,401810819,old,9,9,0.0027805011438532057,1.0,True,10,8,0.0012393241388155508,0.4413470056092301,False
2025-26,2026-03-13,401810819,new,7,7,0.0021631610824363007,1.0,True,7,6,0.0010892529704147741,0.4531075894177629,False
2025-26,2026-03-13,401810822,old,5,3,0.0011046152424298988,0.3698290443192026,False,3,1,0.00016498341426208582,0.1635456697187158,False
2025-26,2026-03-13,401810822,new,3,2,0.00047050715115360846,0.5406511653948334,True,2,1,0.0001554125083178768,0.47113471213683156,False
2025-26,2026-03-13,401810821,old,9,7,0.001376704825324616,0.38405971059601113,False,8,6,0.0010458860950271127,0.3555528650494761,False
2025-26,2026-03-13,401810821,new,9,7,0.0016368244236106735,0.4214802980924539,False,8,6,0.0014241148473444422,0.4198625172479714,False
2025-26,2026-03-13,401810823,old,5,5,0.0015125376601958511,1.0,True,4,2,0.00031680860775900037,0.21446424075902765,False
2025-26,2026-03-13,401810823,new,6,5,0.0016756976165300378,0.8756774384202984,True,4,3,0.00051325078425072,0.3718531505222833,False
2025-26,2026-03-14,401810824,old,6,4,0.0011633917220772248,0.6740325451504444,True,5,3,0.0005400369627933721,0.29952424661122934,False
2025-26,2026-03-14,401810824,new,10,8,0.00214075084295407,0.6455205597223925,True,7,5,0.001384376808373339,0.47055625521932243,False
2025-26,2026-03-14,401810825,old,8,7,0.0020951487409764267,0.9115688348568829,True,8,6,0.0009544436287800471,0.41537734281318217,False
2025-26,2026-03-14,401810825,new,7,7,0.0032326529317343636,1.0,True,6,5,0.0015532425957981058,0.4868582728491213,False
2025-26,2026-03-14,401810828,old,5,3,0.0006161712893122254,0.36409402061312374,False,5,3,0.0005710308455196633,0.3260784403609838,False
2025-26,2026-03-14,401810828,new,8,6,0.0011067616743745952,0.41067017500968844,False,8,6,0.0013506918665937683,0.47733928797249525,False
2025-26,2026-03-14,401810826,old,5,3,0.00043134397654235376,0.31599950717680525,False,5,3,0.00045270175979531083,0.33116009295894494,False
2025-26,2026-03-14,401810826,new,5,3,0.0008869021242221837,0.4115004321389013,False,4,3,0.00045258656450217324,0.37457019378253037,False
2025-26,2026-03-14,401810827,old,3,2,0.0014325287022796391,0.5025381313173866,True,2,0,0.0,0.0,False
2025-26,2026-03-14,401810827,new,3,2,0.0019452774712466084,0.5029463540519222,True,2,0,0.0,0.0,False
2025-26,2026-03-14,401810829,old,2,0,0.0,0.0,False,2,0,0.0,0.0,False
2025-26,2026-03-14,401810829,new,3,1,0.0001466190762283955,0.04408860302219383,False,3,1,0.00019295002003480642,0.05722317440392862,False
2025-26,2026-03-14,401810830,old,8,7,0.0019491206765288802,0.9109854495913063,True,5,3,0.000349912676805371,0.24173517983273446,False
2025-26,2026-03-14,401810830,new,9,8,0.002383671176970683,0.9513823661484622,True,5,3,0.0005258552142203508,0.34155352510229053,False
2025-26,2026-03-15,401810831,old,11,10,0.0016718513032535798,0.6332689371411101,True,9,7,0.0010926389060132986,0.4397638741813517,False
2025-26,2026-03-15,401810831,new,11,10,0.00191151866033619,0.6099552532048365,True,9,7,0.0013655223119193192,0.45450262970445476,False
2025-26,2026-03-15,401810834,old,2,1,0.0002094797737861592,0.5094828439073115,True,2,1,0.00020940280334166248,0.4374002142549726,False
2025-26,2026-03-15,401810834,new,0,0,0.0,nan,False,0,0,0.0,nan,False
2025-26,2026-03-15,401810832,old,11,10,0.002719134440050921,0.8750008379459867,True,10,8,0.0012524047802222966,0.4546497635497357,False
2025-26,2026-03-15,401810832,new,7,7,0.0020802899563695733,1.0,True,7,6,0.000981446979028306,0.4689940574522425,False
2025-26,2026-03-15,401810833,old,8,7,0.0015369345047359078,0.5572324892614151,True,8,6,0.0010595366598455075,0.4169137832943954,False
2025-26,2026-03-15,401810833,new,9,8,0.0021519860371343276,0.5493573881579423,True,8,6,0.00169837196225835,0.45602611577780056,False
2025-26,2026-03-15,401810835,old,8,6,0.0021544188311795284,0.5718892882186539,True,6,4,0.0006414324288646739,0.25523911485124484,False
2025-26,2026-03-15,401810835,new,9,7,0.002983476359342375,0.5901146142235459,True,8,6,0.001933143783570247,0.47898475040714894,False
2025-26,2026-03-15,401810836,old,11,9,0.0016507846401906852,0.5207036269940724,True,9,7,0.001121092865288685,0.4245592137345247,False
2025-26,2026-03-15,401810836,new,10,8,0.0012372266563300943,0.49960501707052163,False,9,7,0.001138577355183676,0.47884446540369513,False
2025-26,2026-03-15,401810837,old,3,1,0.0005920931365327991,0.31661164437675837,False,2,0,0.0,0.0,False
2025-26,2026-03-15,401810837,new,3,1,0.0003102126263602404,0.3722415616960286,False,1,0,0.0,0.0,False
2025-26,2026-03-16,401810839,old,3,1,0.0002901710688774823,0.33926483365157184,False,3,1,0.00016848079725794002,0.23065671412325642,False
2025-26,2026-03-16,401810839,new,4,2,0.0004398476012671032,0.442684252155237,False,2,1,0.00015946035223462926,0.48852899366832897,False
2025-26,2026-03-16,401810838,old,5,5,0.0029121683836375355,1.0,True,4,2,0.0002348179381526588,0.08311267789989848,False
2025-26,2026-03-16,401810838,new,6,6,0.00460524450083029,1.0,True,5,3,0.0006353485763521642,0.13836931048173567,False
2025-26,2026-03-16,401810840,old,5,3,0.0007277459579693972,0.3936765489763033,False,3,1,0.00017761270198178038,0.204605237257423,False
2025-26,2026-03-16,401810840,new,4,2,0.0005024099628851052,0.42396591652430515,False,3,1,0.00020337115611400897,0.3536089556464137,False
2025-26,2026-03-16,401810841,old,9,8,0.0022760248249451367,0.7757089640328297,True,7,5,0.0007417501126683065,0.2827418974749528,False
2025-26,2026-03-16,401810841,new,8,7,0.002912943857327936,0.8158446537023895,True,6,4,0.0008882287600364837,0.291873879001722,False
2025-26,2026-03-16,401810843,old,2,1,0.0004322563904194792,0.4588885630386835,False,2,0,0.0,0.0,False
2025-26,2026-03-16,401810843,new,0,0,0.0,nan,False,0,0,0.0,nan,False
2025-26,2026-03-16,401810842,old,4,2,0.00024649701316512473,0.2645702221619057,False,5,3,0.000439951826743183,0.3858227703527464,False
2025-26,2026-03-16,401810842,new,0,0,0.0,nan,False,0,0,0.0,nan,False
2025-26,2026-03-16,401810844,old,2,1,0.0012904318082926068,0.4869597153133503,False,2,0,0.0,0.0,False
2025-26,2026-03-16,401810844,new,2,1,0.00130297491108291,0.4709515431705663,False,2,0,0.0,0.0,False
2025-26,2026-03-16,401810845,old,4,4,0.0015804201331382516,1.0,True,3,1,0.00013893165026637706,0.12223215335213963,False
2025-26,2026-03-16,401810845,new,5,5,0.0017838398301623537,1.0,True,6,4,0.0005986935947394583,0.4009614067821882,False
2025-26,2026-03-17,401810848,old,2,1,0.000205145474964021,0.6013311677136921,True,2,0,0.0,0.0,False
2025-26,2026-03-17,401810848,new,3,2,0.0005429206442992831,0.5841934714678915,True,1,0,0.0,0.0,False
2025-26,2026-03-17,401810847,old,9,8,0.0021321550007266645,0.9195940121584639,True,8,6,0.001004620389124326,0.4075611249841127,False
2025-26,2026-03-17,401810847,new,10,9,0.003226047731583719,0.956428638128574,True,8,6,0.0015182359468472529,0.4333658541090359,False
2025-26,2026-03-17,401810846,old,5,3,0.0004800792000220134,0.17164088221266874,False,5,3,0.0004726579205485212,0.17816739021674927,False
2025-26,2026-03-17,401810846,new,8,6,0.0010817187858518796,0.26369185201438455,False,6,4,0.0009906451744331145,0.25658416461101763,False
2025-26,2026-03-17,401810849,old,6,5,0.0007471961254866139,0.4568146233584644,False,6,5,0.0007473061032807402,0.4568511432316707,False
2025-26,2026-03-17,401810849,new,6,5,0.0007479795358465468,0.44993228984983824,False,6,5,0.0007471521036743,0.4572195698590752,False
2025-26,2026-03-17,401810851,old,6,5,0.0016752847462766988,0.5206349365986784,True,3,1,0.00012272240626846282,0.041771293806678766,False
2025-26,2026-03-17,401810851,new,6,5,0.002234230675117234,0.5149392394270854,True,3,1,0.00012769396279782534,0.033109934525631345,False
2025-26,2026-03-17,401810850,old,8,7,0.002131614252939764,0.9095579792113206,True,8,6,0.0010862909997229168,0.43249955015042324,False
2025-26,2026-03-17,401810850,new,6,6,0.0020000972062014515,1.0,True,6,5,0.0008710745157555818,0.4286211573788639,False
2025-26,2026-03-17,401810853,old,4,3,0.0004628521471040315,0.6500129574721558,True,3,1,0.0001288870091032778,0.21346746560476434,False
2025-26,2026-03-17,401810853,new,6,5,0.000705011820506323,0.849581322608104,True,3,1,0.0001288870091032778,0.268857988050371,False
2025-26,2026-03-17,401810852,old,10,8,0.0021195073396366795,0.5656771914312766,True,10,8,0.0014030907760539178,0.36103874621174786,False
2025-26,2026-03-17,401810852,new,11,9,0.0027879839072597256,0.5034174130528211,True,12,10,0.0026045730748710458,0.4409545790004078,False
2025-26,2026-03-18,401810854,old,7,5,0.0011170709881914555,0.49005169542107163,False,6,4,0.0006167460979858733,0.3466479517959186,False
2025-26,2026-03-18,401810854,new,6,4,0.0007446600460241313,0.43228895929458644,False,5,3,0.0005712065186686555,0.3687238808142897,False
2025-26,2026-03-18,401810855,old,3,2,0.0002640673230909391,0.5610773057331893,True,3,1,0.00011711052967593291,0.2542470786258422,False
2025-26,2026-03-18,401810855,new,5,3,0.00040777241588899066,0.6003667279242393,True,3,1,0.00011711052967593291,0.2972932734002018,False
2025-26,2026-03-18,401810856,old,4,3,0.0010677853858748192,0.46153492799559376,False,3,2,0.00034287479665908637,0.38406484992184414,False
2025-26,2026-03-18,401810856,new,3,2,0.0008073632300842774,0.46917256281295633,False,2,1,0.0003112240023092857,0.4412007227478939,False
2025-26,2026-03-18,401810860,old,7,7,0.002678006611551091,1.0,True,5,3,0.0004703488550667831,0.282229948149029,False
2025-26,2026-03-18,401810860,new,5,5,0.0025311137712586583,1.0,True,4,3,0.0007224469213332859,0.45947244514323343,False
2025-26,2026-03-18,401810857,old,8,6,0.0011743111211973323,0.4381113399492969,False,8,6,0.001136999026975347,0.4306244056170762,False
2025-26,2026-03-18,401810857,new,7,6,0.0015436151084470464,0.47672031715814583,False,6,5,0.0013952274789169993,0.4515881967869861,False
2025-26,2026-03-18,401810859,old,9,7,0.001523502347261546,0.5014833251269022,True,7,5,0.0008191048712313332,0.36777960879429866,False
2025-26,2026-03-18,401810859,new,10,8,0.0016150052129577943,0.566300322298729,True,6,5,0.001026005709287008,0.4448155667113851,False
2025-26,2026-03-18,401810861,old,8,6,0.0025500829324816275,0.8343289883474979,True,10,8,0.00142897959294614,0.45636750157108985,False
2025-26,2026-03-18,401810861,new,7,7,0.004113431246986593,1.0,True,6,5,0.001959480339370928,0.4848142396355882,False
2025-26,2026-03-18,401858693,old,7,5,0.000817256903305498,0.35158247699841255,False,8,6,0.001072292586118332,0.4191727627413706,False
2025-26,2026-03-18,401858693,new,5,4,0.0007316326661606885,0.389031451179387,False,6,5,0.0008922849161536748,0.4371151632025742,False
2025-26,2026-03-18,401810862,old,2,1,0.0012579828451647647,0.5064739579719386,True,2,0,0.0,0.0,False
2025-26,2026-03-18,401810862,new,2,1,0.0012666929614943221,0.503250427468246,True,2,0,0.0,0.0,False
2025-26,2026-03-19,401810864,old,2,1,0.00020919604586228606,0.62650915168747,True,2,0,0.0,0.0,False
2025-26,2026-03-19,401810864,new,3,2,0.0005375711991974403,0.5901308645284045,True,1,0,0.0,0.0,False
2025-26,2026-03-19,401810863,old,3,2,0.0008717951610176835,0.6758584737059993,True,4,2,0.0002787338975116296,0.10416172520899898,False
2025-26,2026-03-19,401810863,new,5,4,0.0018586525061874291,0.7811973125729178,True,5,3,0.0005285365065456626,0.1327799637894939,False
2025-26,2026-03-19,401810867,old,8,8,0.0035532651177697314,1.0,True,6,4,0.000671266298443976,0.3740298528263667,False
2025-26,2026-03-19,401810867,new,4,4,0.003296428819724244,1.0,True,4,3,0.0008895564521677451,0.4844436539169713,False
2025-26,2026-03-19,401810868,old,8,7,0.0016051347529018431,0.9261443976649418,True,9,7,0.0008980234345836418,0.4135873320960081,False
2025-26,2026-03-19,401810868,new,9,9,0.0020241718752622368,1.0,True,7,5,0.0008103722787433215,0.38377628324849006,False
2025-26,2026-03-19,401810865,old,11,9,0.00173705574092924,0.444119059382998,False,12,10,0.0016858828385550649,0.43674974467974065,False
2025-26,2026-03-19,401810865,new,12,10,0.0024139479553935803,0.45762078477581347,False,11,9,0.0023926577567444747,0.4554228389886362,False
2025-26,2026-03-19,401810866,old,8,7,0.002159527661366986,0.8852736230953292,True,8,6,0.0010914172707922405,0.45038348931985495,False
2025-26,2026-03-19,401810866,new,6,6,0.0019148580622921486,1.0,True,6,5,0.0008674184208663566,0.4505093995796153,False
2025-26,2026-03-19,401810869,old,4,2,0.0004511530872951108,0.3925545117866885,False,3,1,0.00021891388976464195,0.29146262738805107,False
2025-26,2026-03-19,401810869,new,2,1,0.0002801862377641955,0.4515130853982016,False,0,0,0.0,nan,False
2025-26,2026-03-19,401810870,old,9,7,0.0018392561858422715,0.7808533906833883,True,7,5,0.0009009053925708816,0.3936948449245637,False
2025-26,2026-03-19,401810870,new,11,9,0.00261110614581291,0.6703288629920909,True,7,5,0.0016045223363538878,0.47122869921713884,False
2025-26,2026-03-20,401810872,old,5,4,0.001277429082476373,0.7084216962706018,True,4,2,0.0003956077509808873,0.35415659575830144,False
2025-26,2026-03-20,401810872,new,5,4,0.0011019315818389418,0.6947091957309969,True,4,2,0.0004783654674713405,0.41300013631679583,False
2025-26,2026-03-20,401810871,old,6,4,0.0006632446933031918,0.38832568773778475,False,6,4,0.0006650631995147663,0.388884349252103,False
2025-26,2026-03-20,401810871,new,7,5,0.0007751186376135324,0.41803682524824354,False,7,5,0.000773386803204469,0.43339590582836973,False
2025-26,2026-03-20,401810873,old,9,8,0.0037596165332162107,0.9617357835735288,True,9,7,0.0013200531781458536,0.3499602794977699,False
2025-26,2026-03-20,401810873,new,10,9,0.005507093879405853,0.9737138154257279,True,10,8,0.0023980705703212186,0.4188828123769473,False
2025-26,2026-03-20,401810874,old,5,3,0.00045620409956461234,0.3181663981568821,False,6,4,0.0006225654626540676,0.38918347598735825,False
2025-26,2026-03-20,401810874,new,3,2,0.0003449045582685913,0.3673854246090938,False,3,2,0.0003449045582685913,0.3673854246090938,False
2025-26,2026-03-20,401810875,old,9,7,0.002918391094722567,0.5403382878339242,True,7,5,0.001076466538699637,0.38106545457262614,False
2025-26,2026-03-20,401810875,new,10,8,0.0032026308305984877,0.5567588528793116,True,8,6,0.001656567412239222,0.4571038435183682,False
2025-26,2026-03-20,401810876,old,8,6,0.0008037626806595622,0.2502191979952397,False,8,6,0.0007542257422119808,0.23847547368479818,False
2025-26,2026-03-20,401810876,new,9,7,0.001101281611940646,0.28084412437527734,False,9,7,0.0012673899678502987,0.31006973737286236,False
2025-26,2026-03-21,401810877,old,3,2,0.00029594707337140944,0.7025367135472126,True,3,1,0.00013473676070869153,0.32342911453832773,False
2025-26,2026-03-21,401810877,new,4,3,0.0006016875762438512,0.6256640607620018,True,2,1,0.00013473676070869153,0.4558593738460559,False
2025-26,2026-03-21,401810878,old,8,6,0.0010798540508714497,0.40475052147991614,False,9,7,0.0011395581686016848,0.4337209379986061,False
2025-26,2026-03-21,401810878,new,5,3,0.0009987488430205002,0.3691877664775739,False,5,4,0.0013785520666668865,0.4776181029114059,False
2025-26,2026-03-21,401810880,old,7,7,0.0016889887372431149,1.0,True,8,6,0.0009936299546168409,0.4323290112348423,False
2025-26,2026-03-21,401810880,new,6,6,0.00179184464304728,1.0,True,6,5,0.0008450585019085417,0.47068662198972927,False
2025-26,2026-03-21,401810879,old,12,11,0.002799721791027901,0.775172030013065,True,11,9,0.0017627674137154254,0.4417374292952052,False
2025-26,2026-03-21,401810879,new,13,12,0.004115203540603901,0.835134652466607,True,10,8,0.002530816295911836,0.455218100643757,False
2025-26,2026-03-21,401810883,old,2,2,0.0003519088684167172,1.0,True,2,1,0.00013546797991420597,0.3748269599447744,False
2025-26,2026-03-21,401810883,new,2,2,0.00035042718760173173,1.0,True,2,1,0.00013546797991420597,0.3748269599447744,False
2025-26,2026-03-21,401810882,old,11,10,0.002793944194127992,0.6667911959163034,True,11,9,0.0016686907195382439,0.41427687426927345,False
2025-26,2026-03-21,401810882,new,11,10,0.003582104746964177,0.6253027961420169,True,11,9,0.0026043741191269106,0.4523187869953863,False
2025-26,2026-03-21,401810881,old,8,7,0.0028438105098885125,0.8780194591169657,True,8,6,0.0011728932390573346,0.3920395149763126,False
2025-26,2026-03-21,401810881,new,9,8,0.004671057658648808,0.9482561452574675,True,8,6,0.0023132326872873734,0.47809093102134487,False
2025-26,2026-03-21,401810884,old,6,5,0.003853964124582229,0.9210049096668795,True,5,3,0.0006198838248230329,0.3593330913098141,False
2025-26,2026-03-21,401810884,new,3,3,0.004085826604699763,1.0,True,2,1,0.0008323284772498667,0.4528480072180786,False
2025-26,2026-03-21,401810885,old,8,6,0.002574888905500696,0.7537105750703322,True,7,5,0.0011394362998759498,0.4099574842498794,False
2025-26,2026-03-21,401810885,new,8,6,0.002780348113056417,0.652300479801678,True,6,5,0.002065944905096581,0.489600948570045,False
2025-26,2026-03-21,401810886,old,10,9,0.001996891267558776,0.9130457346862905,True,9,7,0.0009964020107705997,0.42988149995068664,False
2025-26,2026-03-21,401810886,new,5,5,0.0015140921025825046,1.0,True,2,1,0.0002645464691875693,0.2229998194032625,False
2025-26,2026-03-22,401810887,old,7,5,0.0020778764976556604,0.4235171616412637,False,6,4,0.0008866543670463513,0.3514963133000092,False
2025-26,2026-03-22,401810887,new,7,5,0.0026654208540380095,0.4602567859672255,False,6,4,0.001419166305414038,0.4333106291210474,False
2025-26,2026-03-22,401810888,old,2,0,0.0,0.0,False,2,0,0.0,0.0,False
2025-26,2026-03-22,401810888,new,2,0,0.0,0.0,False,2,0,0.0,0.0,False
2025-26,2026-03-22,401810889,old,6,4,0.0007150223570679058,0.41662039306471177,False,6,4,0.0007147475367003657,0.41722257381562267,False
2025-26,2026-03-22,401810889,new,6,4,0.0007139230610348238,0.43583730935541354,False,5,4,0.0007147090515010564,0.44827170237271013,False
2025-26,2026-03-22,401810890,old,7,5,0.0009123718702998742,0.44092584563777704,False,6,4,0.0005879075247120513,0.2911043634299667,False
2025-26,2026-03-22,401810890,new,7,5,0.0009031325422157923,0.4203276466654115,False,7,5,0.0007523930970946733,0.3319997045802742,False
2025-26,2026-03-22,401810891,old,4,3,0.0013313384840050752,0.5026911362404893,True,2,0,0.0,0.0,False
2025-26,2026-03-22,401810891,new,8,7,0.0021181807626126934,0.5523461192714365,True,8,6,0.0012012985963483073,0.3195831126433821,False
2025-26,2026-03-23,401810895,old,9,7,0.001708354417025581,0.5325010213806252,True,9,7,0.0015704003717200868,0.4809999844645462,False
2025-26,2026-03-23,401810895,new,9,7,0.002706039804166551,0.5233357822329041,True,8,6,0.002486264428385551,0.4865489960583291,False
2025-26,2026-03-23,401810896,old,7,5,0.0012783119553917955,0.4298797324498156,False,9,7,0.0014264128340236919,0.4632636788087986,False
2025-26,2026-03-23,401810896,new,8,6,0.001895814096452104,0.4208500917325526,False,8,6,0.0021873490096576973,0.48188003286026937,False
2025-26,2026-03-23,401810893,old,5,4,0.0007632774047139493,0.46612141428588494,False,5,3,0.0005883235866410357,0.3587992313875775,False
2025-26,2026-03-23,401810893,new,5,4,0.0007626135341721024,0.46590488399768887,False,5,3,0.0005883235866410357,0.3587992313875775,False
2025-26,2026-03-23,401810894,old,6,6,0.0020981095484423526,1.0,True,7,6,0.0013687703846006238,0.4779113656717238,False
2025-26,2026-03-23,401810894,new,7,7,0.003502566111567535,1.0,True,6,5,0.002221666664570152,0.4883966451956258,False
2025-26,2026-03-23,401810892,old,8,6,0.0028809487607320476,0.80383902829494,True,10,8,0.0016849239369405905,0.47484423643822626,False
2025-26,2026-03-23,401810892,new,7,6,0.004512770918212304,0.9370585250208497,True,6,5,0.0023097539968985254,0.48840363337244747,False
2025-26,2026-03-23,401810897,old,6,5,0.0016260271254720788,0.8563514248027838,True,6,4,0.0008299871207760252,0.40566090747328754,False
2025-26,2026-03-23,401810897,new,4,4,0.0015612443846605725,1.0,True,4,3,0.0006169371492734204,0.3915120431203994,False
2025-26,2026-03-23,401810898,old,6,4,0.0009167742328138076,0.32505341970060087,False,8,6,0.0012204581602334875,0.43410841135998435,False
2025-26,2026-03-23,401810898,new,8,6,0.0020476819193651083,0.4909404961557327,False,6,5,0.0018091226380472013,0.47758575354426197,False
2025-26,2026-03-23,401810900,old,5,3,0.0016137262424956917,0.4508618370373169,False,4,2,0.0004385480341752461,0.3503186460629217,False
2025-26,2026-03-23,401810900,new,4,2,0.001693449174060189,0.4593339114384334,False,3,1,0.0007098555953842582,0.43111020188479443,False
2025-26,2026-03-23,401810899,old,7,5,0.0008972612070935832,0.5957645084683449,True,4,2,0.0002453836298929402,0.2872707759373762,False
2025-26,2026-03-23,401810899,new,2,1,0.00011898083293806557,0.46626850578162987,False,2,1,0.00010808677596079122,0.44246614902134906,False
2025-26,2026-03-23,401810901,old,5,4,0.003561721885294058,0.9524729814011113,True,4,2,0.0005106147545249129,0.3371292812647813,False
2025-26,2026-03-23,401810901,new,3,3,0.003932938943759664,1.0,True,2,1,0.0007999611652625445,0.4456776004804017,False
2025-26,2026-03-24,401810902,old,7,5,0.0011098111207610672,0.4309424420127973,False,7,5,0.0010381245072050283,0.39787378735953505,False
2025-26,2026-03-24,401810902,new,8,6,0.0018437128687854973,0.4807655373925259,False,7,5,0.0019794857939028107,0.4810115344520798,False
2025-26,2026-03-24,401810903,old,5,4,0.0009539043328650537,0.5056612462952242,True,6,4,0.0007793654922679238,0.4002033832996297,False
2025-26,2026-03-24,401810903,new,4,3,0.0006266644860285488,0.4019637500508458,False,4,3,0.000638585284116031,0.40650187541467825,False
2025-26,2026-03-24,401810904,old,12,12,0.004030311026689976,1.0,True,14,12,0.0023200221124785154,0.47685615632329037,False
2025-26,2026-03-24,401810904,new,13,13,0.0051575319102907255,1.0,True,13,11,0.0031790633749982046,0.4903257449264763,False
2025-26,2026-03-24,401810905,old,9,8,0.0019132863786998305,0.6690231268170828,True,8,6,0.0009893376304874453,0.3403593103637562,False
2025-26,2026-03-24,401810905,new,8,7,0.0016169662012916752,0.626725317475858,True,5,3,0.00046224811497926706,0.2136762122101228,False
2025-26,2026-03-25,401810908,old,9,7,0.002700020241856662,0.8196001155072787,True,9,7,0.0016227526572710135,0.4724348086999449,False
2025-26,2026-03-25,401810908,new,7,6,0.0031369861985058828,0.6896461760288398,True,6,5,0.0022085847385938553,0.4894028600240579,False
2025-26,2026-03-25,401810907,old,6,5,0.0009191136929536531,0.4738022433838119,False,7,5,0.0009187577117383579,0.44591560233103683,False
2025-26,2026-03-25,401810907,new,6,5,0.0009108201248110778,0.4713564943308525,False,6,5,0.0009187577022359996,0.4735191502614423,False
2025-26,2026-03-25,401810906,old,7,7,0.002762076459167729,1.0,True,8,6,0.001222073805176403,0.45364719507693424,False
2025-26,2026-03-25,401810906,new,8,8,0.004302079539433306,1.0,True,7,5,0.001917685691218578,0.4644892233746858,False
2025-26,2026-03-25,401810910,old,12,11,0.003316529290062798,0.6878196546740509,True,14,12,0.0023570475741920313,0.4787406128175906,False
2025-26,2026-03-25,401810910,new,13,12,0.00405950339591218,0.6456712014896133,True,13,11,0.003196969495329652,0.4929151304589323,False
2025-26,2026-03-25,401810909,old,6,5,0.0007947583182679323,0.5260463118489732,True,6,4,0.000672105916244152,0.4448633380555795,False
2025-26,2026-03-25,401810909,new,6,5,0.0007947583182679323,0.5260463118489732,True,6,4,0.000672105916244152,0.4448633380555795,False
2025-26,2026-03-25,401810911,old,4,3,0.0005007697017823249,0.6122573808574571,True,4,2,0.0003155910790546053,0.36954903876164125,False
2025-26,2026-03-25,401810911,new,2,2,0.0003519569725380853,1.0,True,2,1,0.00013719981361932945,0.3880905697039177,False
2025-26,2026-03-25,401810912,old,3,1,0.0002350418818149442,0.2694657839753731,False,2,0,0.0,0.0,False
2025-26,2026-03-25,401810912,new,4,2,0.0004798642854636128,0.44600626456063563,False,0,0,0.0,nan,False
2025-26,2026-03-25,401810916,old,5,3,0.0013444204274656627,0.3863574547984388,False,5,3,0.0006931045335783863,0.3925572032474877,False
2025-26,2026-03-25,401810916,new,4,3,0.0019119653919981295,0.49612521282361777,False,3,2,0.000813893081323231,0.48847265057492667,False
2025-26,2026-03-25,401810913,old,3,2,0.0019483037437549157,0.9188002970546028,True,2,0,0.0,0.0,False
2025-26,2026-03-25,401810913,new,3,2,0.0019450334962681074,0.9050166529741842,True,2,0,0.0,0.0,False
2025-26,2026-03-25,401810914,old,7,5,0.0008780234466306652,0.41610904733054055,False,7,5,0.0008875366639844804,0.41872968277590983,False
2025-26,2026-03-25,401810914,new,5,4,0.0007462330999448777,0.4483641389126286,False,5,4,0.0007506927329957432,0.4498383030344705,False
2025-26,2026-03-25,401810915,old,4,2,0.0003463788298971637,0.42636065873794904,False,2,0,0.0,0.0,False
2025-26,2026-03-25,401810915,new,2,0,0.0,0.0,False,3,1,0.00011255279384204635,0.2845972035271652,False
2025-26,2026-03-25,401810917,old,6,5,0.003865548031490826,0.7813909500224868,True,5,3,0.0006125605713812757,0.23406271015538302,False
2025-26,2026-03-25,401810917,new,8,7,0.005143541547946872,0.7764218429276296,True,8,6,0.0019896027139387966,0.43681394905090426,False
2025-26,2026-03-26,401810919,old,3,3,0.0004701258444760323,1.0,True,3,1,0.00014548796790979802,0.27881553271131493,False
2025-26,2026-03-26,401810919,new,1,1,0.00013998999396566157,1.0,True,1,0,0.0,0.0,False
2025-26,2026-03-26,401810918,old,11,9,0.0018139017847333312,0.45820422979248515,False,13,11,0.0020362183295979264,0.469165503812679,False
2025-26,2026-03-26,401810918,new,12,10,0.0026768686813847093,0.48227822089347433,False,11,9,0.002829406266542437,0.48280737309324867,False
2025-26,2026-03-26,401810920,old,8,7,0.0020761426517653747,0.8883810982422511,True,10,8,0.0013802720534798782,0.4569016122793457,False
2025-26,2026-03-26,401810920,new,9,8,0.00318258812718011,0.9613476309066898,True,7,5,0.0017555705959715752,0.47654875961593607,False
2025-26,2026-03-27,401810921,old,5,5,0.003909741095293453,1.0,True,4,2,0.00045895156969424895,0.3042677762619081,False
2025-26,2026-03-27,401810921,new,3,3,0.0043040190516697,1.0,True,3,2,0.0010105183455400863,0.4674338530003061,False
2025-26,2026-03-27,401810922,old,8,7,0.002699237710685349,0.827887800413031,True,10,8,0.0014860855655028497,0.448590795744594,False
2025-26,2026-03-27,401810922,new,10,9,0.004147324150601477,0.8808206985294814,True,9,7,0.002086796293572517,0.4570768548372136,False
2025-26,2026-03-27,401810923,old,11,10,0.0033612942787434796,0.6737916985046462,True,13,11,0.002428426840996583,0.47458132357259303,False
2025-26,2026-03-27,401810923,new,12,11,0.004194389156718719,0.6261804569600731,True,12,10,0.003376095680820125,0.4863909513704887,False
2025-26,2026-03-27,401810924,old,5,4,0.0012271438078319573,0.7899129737416294,True,7,5,0.0007904689652882648,0.41743930099122034,False
2025-26,2026-03-27,401810924,new,4,4,0.0012631619550038838,1.0,True,4,3,0.0004930004506232884,0.3806652690308554,False
2025-26,2026-03-27,401810925,old,4,3,0.0006130232061376908,0.6819110658708467,True,4,2,0.00047346610489508743,0.48336635845997056,False
2025-26,2026-03-27,401810925,new,2,2,0.00042222136774689904,1.0,True,2,1,0.00020212438483974845,0.4787166171109371,False
2025-26,2026-03-27,401810926,old,6,5,0.0014460558476796787,0.49063122682884747,False,9,7,0.0015435195215529848,0.4679627913700674,False
2025-26,2026-03-27,401810926,new,7,6,0.002249099923343291,0.49733072942521234,False,6,5,0.002115568697457277,0.4820368289068965,False
2025-26,2026-03-27,401810927,old,7,5,0.0010364431199201246,0.41966339532160024,False,6,4,0.0008379386918498603,0.4052493887065088,False
2025-26,2026-03-27,401810927,new,6,4,0.0008767325380696222,0.4221500487364117,False,5,4,0.0008379002466563851,0.4582927735487538,False
2025-26,2026-03-27,401810928,old,3,1,0.0001908670391637971,0.31962090735928883,False,2,0,0.0,0.0,False
2025-26,2026-03-27,401810928,new,4,2,0.0006652266797995289,0.4594160602172137,False,2,0,0.0,0.0,False
2025-26,2026-03-27,401810929,old,5,3,0.0016503921125527769,0.43497713185702397,False,5,3,0.0005718100293606386,0.3617199859436587,False
2025-26,2026-03-27,401810929,new,3,2,0.001750860464934214,0.48069164988105695,False,2,1,0.0006796483531837432,0.451771023200558,False
2025-26,2026-03-27,401810930,old,7,5,0.0008799549784359931,0.4350096206891141,False,7,5,0.0008789255112178034,0.43472193844239765,False
2025-26,2026-03-27,401810930,new,10,8,0.0011611105360752763,0.51770722420517,True,7,5,0.000878925498694255,0.44829214773243387,False
2025-26,2026-03-28,401810931,old,4,3,0.0005989169200400493,0.7484460599478757,True,4,2,0.0003954479339067285,0.4522723455863205,False
2025-26,2026-03-28,401810931,new,2,2,0.00033220443240908223,1.0,True,2,1,0.00012815578825189154,0.3857738661779151,False
2025-26,2026-03-28,401810935,old,5,4,0.000796157478956563,0.472542182387617,False,6,4,0.0007960283201792291,0.4273769223808534,False
2025-26,2026-03-28,401810935,new,5,4,0.0007960283201792291,0.47373815502423716,False,6,4,0.0007960283201792291,0.4246521287640522,False
2025-26,2026-03-28,401810932,old,4,2,0.0018695176812357753,0.4358667688406202,False,3,1,0.00011039796445217171,0.026054805998558413,False
2025-26,2026-03-28,401810932,new,5,3,0.0017691923635149724,0.22962562208202175,False,4,2,0.0003838895301814974,0.049725558361859615,False
2025-26,2026-03-28,401810933,old,8,7,0.0032036495246476576,0.9308685299558369,True,9,7,0.001559166911878275,0.4673732193364292,False
2025-26,2026-03-28,401810933,new,10,9,0.0052703940481566005,0.9752252519648462,True,7,5,0.0023088408746295536,0.47217018721128545,False
2025-26,2026-03-28,401810934,old,4,2,0.00035388159940288535,0.3487834833920429,False,5,3,0.0006345693138077177,0.48541120092279166,False
2025-26,2026-03-28,401810934,new,0,0,0.0,nan,False,0,0,0.0,nan,False
2025-26,2026-03-28,401810936,old,7,6,0.001345877508240683,0.806625675301096,True,9,7,0.0009511194687982746,0.43834681203850323,False
2025-26,2026-03-28,401810936,new,4,3,0.0008606835017743486,0.8114658938772328,True,2,1,0.0001583045025751202,0.21455974296425548,False
2025-26,2026-03-29,401810937,old,7,6,0.0031385513730035988,0.9407802621864226,True,7,5,0.0008195887311508646,0.41284222274403026,False
2025-26,2026-03-29,401810937,new,4,4,0.0028092214706577196,1.0,True,4,3,0.0007798881597751333,0.46987577203880554,False
2025-26,2026-03-29,401810938,old,6,5,0.0013529107707984222,0.48125749327533585,False,8,7,0.0013816974897860347,0.4865155805345418,False
2025-26,2026-03-29,401810938,new,7,6,0.0021883304900047968,0.4957842322804904,False,6,5,0.0021655477970955526,0.493168166016002,False
2025-26,2026-03-29,401810940,old,9,7,0.0013861565572081114,0.46063671367346143,False,10,8,0.001485514086976014,0.45536387171216586,False
2025-26,2026-03-29,401810940,new,10,8,0.0022146276657624606,0.4884438921759693,False,9,7,0.002341423464684859,0.48397092830848404,False
2025-26,2026-03-29,401810939,old,3,1,0.00010982720600054001,0.1594127155969171,False,2,0,0.0,0.0,False
2025-26,2026-03-29,401810939,new,4,2,0.0003536503224919223,0.42125947108764394,False,2,0,0.0,0.0,False
2025-26,2026-03-29,401810941,old,5,4,0.0019306291048928055,0.5506598862392332,True,6,4,0.000583117269125791,0.15128864190211247,False
2025-26,2026-03-29,401810941,new,5,4,0.003250303642639225,0.5709657025185759,True,5,3,0.0008961433680198059,0.1500572238301484,False
2025-26,2026-03-29,401810942,old,5,3,0.0012820974671627478,0.4424418595111955,False,4,2,0.00041861707549656016,0.36000217648075666,False
2025-26,2026-03-29,401810942,new,6,4,0.0015551537933640425,0.47256156732029686,False,3,1,0.0003813487444273643,0.3979874347162941,False
2025-26,2026-03-29,401810943,old,6,6,0.00200833888801862,1.0,True,7,5,0.0009185206246116373,0.43741374633735974,False
2025-26,2026-03-29,401810943,new,4,4,0.0013892491713054123,1.0,True,4,3,0.000573766402877961,0.4086384078708221,False
2025-26,2026-03-29,401810944,old,7,6,0.0011994304203025749,0.5677694382043125,True,7,5,0.0009762931057840375,0.46214384662172675,False
2025-26,2026-03-29,401810944,new,7,6,0.0011994304203025749,0.5677694382043125,True,7,5,0.0009762931057840375,0.46214384662172675,False
2025-26,2026-03-29,401810945,old,10,8,0.0017646716225356268,0.5473560911530949,True,9,7,0.0013239392713733711,0.4756794083658848,False
2025-26,2026-03-29,401810945,new,9,7,0.0013484631272708074,0.5051927511753137,True,8,6,0.0012381609154744823,0.4838639497955948,False
2025-26,2026-03-30,401810946,old,7,5,0.0021532412118576284,0.5737315351445214,True,7,5,0.0009788188085628946,0.24670880793830788,False
2025-26,2026-03-30,401810946,new,7,5,0.0027560603682476414,0.4563814485552378,False,6,4,0.001580144418975183,0.2567922594998565,False
2025-26,2026-03-30,401810947,old,7,6,0.00241051621974139,0.8973879240034637,True,7,5,0.0010273333209922626,0.4098348233591558,False
2025-26,2026-03-30,401810947,new,8,7,0.0035556426380452173,0.9280575668654387,True,8,6,0.0017216623181206061,0.4566852280933008,False
2025-26,2026-03-30,401810948,old,7,6,0.001615652192862613,0.8536457127490339,True,8,6,0.001029275739573633,0.4322965903313512,False
2025-26,2026-03-30,401810948,new,3,2,0.000610346758922102,0.8444417868238261,True,2,1,0.00015909954862905948,0.2278053912330967,False
2025-26,2026-03-30,401810949,old,4,3,0.0005430186569659196,0.6391404030585459,True,4,2,0.0004102137507796134,0.441907744053578,False
2025-26,2026-03-30,401810949,new,2,2,0.00032269858321624587,1.0,True,2,1,0.00011122229090992709,0.34466309024788966,False
2025-26,2026-03-30,401810950,old,6,4,0.0011300216475251975,0.6469701414587138,True,7,5,0.0009109906559193711,0.43566342459827634,False
2025-26,2026-03-30,401810950,new,5,4,0.0010919027251592584,0.7891139438898159,True,4,3,0.0005408713117349672,0.3905715040556072,False
2025-26,2026-03-30,401810951,old,7,6,0.0022252961405858757,0.901012232086353,True,7,5,0.0010950584535003639,0.4589266102008435,False
2025-26,2026-03-30,401810951,new,8,7,0.0023742302866823785,0.9216771613583539,True,6,5,0.0010950584973958711,0.49365880918284577,False
2025-26,2026-03-30,401810953,old,5,3,0.0006746940447285363,0.37234579436571436,False,5,3,0.0006800723546087108,0.3745460011863181,False
2025-26,2026-03-30,401810953,new,5,3,0.0012213285073346635,0.43239818498533605,False,5,3,0.0006800723546087108,0.3931352573548457,False
2025-26,2026-03-30,401810952,old,2,2,0.0003207069731849645,1.0,True,2,0,0.0,0.0,False
2025-26,2026-03-30,401810952,new,2,2,0.0003205626534660498,1.0,True,2,0,0.0,0.0,False
2025-26,2026-03-31,401810954,old,5,5,0.0021186816890495035,1.0,True,6,4,0.0007481960749121436,0.24609205044017166,False
2025-26,2026-03-31,401810954,new,4,4,0.0026705154903653786,1.0,True,5,3,0.0013952703172725451,0.3749609286395252,False
2025-26,2026-03-31,401810955,old,6,4,0.0008267754336459672,0.40263573478231446,False,7,5,0.0008900180510263735,0.4061558406435102,False
2025-26,2026-03-31,401810955,new,8,6,0.0013978772146537055,0.5037451751943254,True,6,4,0.0012551106722814992,0.45636621887960593,False
2025-26,2026-03-31,401858694,old,5,3,0.0007163263679860951,0.5328986412067482,True,5,3,0.0006654640501851161,0.4916300837129853,False
2025-26,2026-03-31,401858694,new,0,0,0.0,nan,False,0,0,0.0,nan,False
2025-26,2026-03-31,401810957,old,4,3,0.0013540005929609448,0.5190641649556319,True,4,2,0.000310267856711031,0.11882693449560489,False
2025-26,2026-03-31,401810957,new,4,3,0.0013536888177443833,0.5190066762102816,True,4,2,0.0003107969983319367,0.11873201765096274,False
2025-26,2026-03-31,401810956,old,4,3,0.0007162627398150724,0.4353327853291387,False,4,3,0.0006679007452765796,0.418232527638922,False
2025-26,2026-03-31,401810956,new,6,5,0.0011004467527696304,0.4797695786961026,False,4,3,0.0008825683590673398,0.42516611408502186,False
2025-26,2026-03-31,401810958,old,6,5,0.0018950123264938315,0.6288553179690728,True,6,4,0.0004920335533441472,0.16326139496698333,False
2025-26,2026-03-31,401810958,new,6,5,0.001894896871807728,0.6288410976236707,True,6,4,0.0004920335533441472,0.16326764958063966,False
2025-26,2026-03-31,401810959,old,5,4,0.004121452339452948,0.5259087657059189,True,3,1,0.00013077702956113422,0.04978225229675389,False
2025-26,2026-03-31,401810959,new,5,4,0.005004762455840321,0.5395131596267722,True,3,1,0.0002962960026626505,0.0676378972112406,False
2025-26,2026-04-01,401810960,old,8,6,0.0026988152214584248,0.8563503330165899,True,8,6,0.0014542348359544248,0.44954960910778796,False
2025-26,2026-04-01,401810960,new,9,7,0.004010335840989974,0.6531977165740175,True,6,5,0.0023748042761759154,0.48902782673293343,False
2025-26,2026-04-01,401810962,old,6,6,0.0030205534668307104,1.0,True,5,3,0.0006770663903938893,0.20608367400094083,False
2025-26,2026-04-01,401810962,new,6,6,0.00474150609911921,1.0,True,6,4,0.0013653313570031894,0.2663128609770122,False
2025-26,2026-04-01,401810961,old,7,5,0.0016002770134294004,0.44119033704546834,False,9,7,0.0016630997844482162,0.45070414187366137,False
2025-26,2026-04-01,401810961,new,9,7,0.0026490014492375332,0.48126553742543576,False,8,6,0.0026145528785493045,0.4779985649766264,False
2025-26,2026-04-01,401810964,old,3,1,0.0002131888788361779,0.3081465117203102,False,3,1,0.0002933099779162234,0.3803359171330435,False
2025-26,2026-04-01,401810964,new,1,1,0.00015641586282654673,1.0,True,0,0,0.0,nan,False
2025-26,2026-04-01,401810965,old,7,6,0.0023902856700166925,0.9213654431999151,True,7,5,0.001259939901570434,0.4854201856363249,False
2025-26,2026-04-01,401810965,new,5,5,0.00204069813006409,1.0,True,5,4,0.0009812961817401336,0.4819274848275731,False
2025-26,2026-04-01,401810858,old,8,6,0.0011219337846936164,0.4088910436204781,False,9,7,0.0015574490623481544,0.4898603387486758,False
2025-26,2026-04-01,401810858,new,6,5,0.0011768973203679304,0.4862499112029626,False,6,5,0.0011864224131095218,0.4882638038234594,False
2025-26,2026-04-01,401810963,old,7,5,0.0012268030150857413,0.45473995285124313,False,8,6,0.0011819946577071622,0.4455306911797697,False
2025-26,2026-04-01,401810963,new,12,10,0.002251291807883874,0.5380059777235363,True,8,6,0.0016994472688370902,0.4678236757761509,False
2025-26,2026-04-01,401810967,old,6,4,0.0011182456733059745,0.43253317556254245,False,6,4,0.0011208435880859147,0.44614116731147857,False
2025-26,2026-04-01,401810967,new,7,5,0.0012802108945753688,0.4705291581322603,False,5,4,0.0011208435900513945,0.4784229956428351,False
2025-26,2026-04-01,401810968,old,4,3,0.0004839495809366047,0.6647093727463813,True,2,0,0.0,0.0,False
2025-26,2026-04-01,401810968,new,3,2,0.00027408212833072114,0.6524527630393727,True,3,1,0.00011095070400170058,0.26440425559736996,False
2025-26,2026-04-02,401810969,old,4,3,0.0008337308463520568,0.5621374440616295,True,5,3,0.000716060709135073,0.22638990851678795,False
2025-26,2026-04-02,401810969,new,5,4,0.001558142971021732,0.5297437349406778,True,5,3,0.0014975720820856722,0.37692112739736794,False
2025-26,2026-04-02,401810970,old,5,4,0.0008610933313871482,0.48727510306328864,False,5,4,0.0008610683494233735,0.4775323745502963,False
2025-26,2026-04-02,401810970,new,5,4,0.0008610683494233734,0.48802512597166187,False,5,4,0.0008610683494233735,0.4758161375654603,False
2025-26,2026-04-02,401810971,old,5,4,0.0007166717975977303,0.5469337386567075,True,5,3,0.0005421028320598438,0.4137100548238717,False
2025-26,2026-04-02,401810971,new,5,4,0.0007166717975977303,0.5469337386567075,True,5,3,0.0005421028320598438,0.4137100548238717,False
2025-26,2026-04-02,401810973,old,8,7,0.002473828167144795,0.5297487735364016,True,8,6,0.0010384406172614404,0.46986169758605956,False
2025-26,2026-04-02,401810973,new,3,2,0.0024441372209120407,0.5004137077874167,True,2,1,0.0010558042703027232,0.499224589710833,False
2025-26,2026-04-02,401810972,old,6,5,0.002361524181292117,0.9419424644995882,True,6,4,0.0011345828259782405,0.4525714430044279,False
2025-26,2026-04-02,401810972,new,5,5,0.002361414719538148,1.0,True,5,4,0.0011345828259782405,0.48046741497408196,False
2025-26,2026-04-02,401810974,old,8,8,0.005208141877127344,1.0,True,7,5,0.0009780871491367824,0.43649830394382966,False
2025-26,2026-04-02,401810974,new,6,6,0.005678734092309125,1.0,True,5,3,0.0013644983672847822,0.4734882298498684,False
2025-26,2026-04-03,401810975,old,6,4,0.0010852009791012967,0.4067333527117393,False,9,7,0.0014508047930528471,0.46276004062865195,False
2025-26,2026-04-03,401810975,new,8,6,0.0022499295045853534,0.5222082069989372,True,6,4,0.0020976848356388427,0.4745540611369986,False
2025-26,2026-04-03,401810976,old,9,8,0.0034616356487144665,0.9065235605496761,True,10,8,0.001750339877140569,0.4454639125865069,False
2025-26,2026-04-03,401810976,new,10,9,0.004389444366985037,0.7672017299261221,True,10,8,0.002666041132824293,0.46664890697932665,False
2025-26,2026-04-03,401810977,old,5,4,0.0012834945552811932,0.8333331782943876,True,4,2,0.0004315951586997084,0.31376339104266027,False
2025-26,2026-04-03,401810977,new,6,5,0.002070582751481855,0.9197840806055997,True,5,3,0.0007008708818018008,0.395102263723659,False
2025-26,2026-04-03,401810978,old,8,6,0.0013619566439082387,0.46279007699465574,False,8,6,0.0015430670158494571,0.4939338595854243,False
2025-26,2026-04-03,401810978,new,6,5,0.0012272456161420632,0.49206667589050207,False,6,5,0.001232527713308551,0.4931401380799825,False
2025-26,2026-04-03,401810981,old,4,2,0.00043191870525722875,0.46993988857194796,False,4,2,0.00043191870525722875,0.4369575762443993,False
2025-26,2026-04-03,401810981,new,2,1,0.0001881157646868653,0.3766083660740281,False,2,1,0.0001881157646868653,0.3766083660740281,False
2025-26,2026-04-03,401810979,old,7,6,0.002188699485760366,0.8796278714679878,True,7,5,0.0011293271965756438,0.46475952243218893,False
2025-26,2026-04-03,401810979,new,7,6,0.0023921932774369965,0.8389570868815235,True,5,4,0.000976139165101495,0.4794072622083306,False
2025-26,2026-04-03,401810980,old,8,6,0.001593701179371416,0.45501978043077507,False,10,8,0.0017540513698183196,0.4923805876510755,False
2025-26,2026-04-03,401810980,new,7,5,0.001934890951743717,0.45951837492586994,False,6,5,0.0019863550329056985,0.48545884272047407,False
2025-26,2026-04-03,401810982,old,5,4,0.0020402718536107873,0.8455409599701376,True,9,7,0.00153459528004831,0.4663263918518247,False
2025-26,2026-04-03,401810982,new,4,4,0.002528200818580854,1.0,True,5,4,0.0016798152646841126,0.4929521961296007,False
2025-26,2026-04-03,401810983,old,6,5,0.0010918941611328073,0.780105179492087,True,5,3,0.0005847140835271851,0.4447304080564364,False
2025-26,2026-04-03,401810983,new,4,3,0.0005801839619699184,0.7612156086690693,True,1,0,0.0,0.0,False
2025-26,2026-04-04,401810984,old,6,4,0.0010598324984035274,0.44295443296298614,False,6,4,0.0009396073086661667,0.4128710070269458,False
2025-26,2026-04-04,401810984,new,6,4,0.0014894980370349644,0.4938640072836699,False,3,2,0.001272126754177344,0.493596480032026,False
2025-26,2026-04-04,401810985,old,7,6,0.001385044631845859,0.5340565058868998,True,7,5,0.0012453047920269616,0.4801745089671204,False
2025-26,2026-04-04,401810985,new,7,6,0.001385044631845859,0.5340565058868998,True,7,5,0.0012453047920269616,0.4801745089671204,False
2025-26,2026-04-04,401810986,old,4,4,0.0023096250835511166,1.0,True,5,4,0.001074807511027109,0.44997965721732297,False
2025-26,2026-04-04,401810986,new,7,6,0.003308899181904634,0.8048287724305646,True,5,4,0.0018561478884475302,0.47308774365656703,False
2025-26,2026-04-05,401810990,old,5,3,0.0008199556485712952,0.5274644486738538,True,5,3,0.0007845652232529057,0.49840906104892624,False
2025-26,2026-04-05,401810990,new,0,0,0.0,nan,False,0,0,0.0,nan,False
2025-26,2026-04-05,401810987,old,8,6,0.0014144352969817724,0.4806503718706007,False,7,5,0.001201197657231057,0.44007727498238114,False
2025-26,2026-04-05,401810987,new,9,7,0.0021960821698211266,0.4896850579133336,False,8,6,0.002081280793473332,0.4762785482894212,False
2025-26,2026-04-05,401810989,old,7,6,0.0014778882861610696,0.772076891662402,True,9,7,0.001225367220287798,0.4877565148975807,False
2025-26,2026-04-05,401810989,new,3,3,0.0006532451614825486,1.0,True,2,1,0.0001585135857721935,0.2784420380864822,False
2025-26,2026-04-05,401810988,old,2,0,0.0,0.0,False,2,0,0.0,0.0,False
2025-26,2026-04-05,401810988,new,2,2,0.0004771012940458101,1.0,True,0,0,0.0,nan,False
2025-26,2026-04-05,401810991,old,6,5,0.0021447434390408082,0.916302527438509,True,6,4,0.0010123152718225148,0.43695850265757746,False
2025-26,2026-04-05,401810991,new,8,8,0.0028247784065196504,1.0,True,5,4,0.0010123152693497302,0.4721085496343028,False
2025-26,2026-04-05,401810994,old,4,3,0.00042724185362265143,0.5640494002420815,True,4,2,0.0003005462589932738,0.4485832877108583,False
2025-26,2026-04-05,401810994,new,4,2,0.0002181342365610152,0.28642536704797583,False,2,1,0.00010856681030812524,0.49770642160410056,False
2025-26,2026-04-05,401810992,old,8,6,0.0015145848557075196,0.496516888577148,False,9,7,0.0016303990820595359,0.44410661401895574,False
2025-26,2026-04-05,401810992,new,8,6,0.0023300958682819944,0.47704236185183196,False,7,5,0.002644643050885243,0.46131479734172604,False
2025-26,2026-04-05,401810993,old,5,5,0.002598978350606824,1.0,True,9,7,0.0016969760654873115,0.4693263365203805,False
2025-26,2026-04-05,401810993,new,5,5,0.002904629963064494,1.0,True,5,4,0.0018994653955707035,0.49366394810020936,False
2025-26,2026-04-05,401810995,old,6,4,0.0009181145941125833,0.3904419800293624,False,8,6,0.0013327438126122233,0.481812563467536,False
2025-26,2026-04-05,401810995,new,5,4,0.0008862088120901178,0.4742972473429101,False,5,4,0.000893819265215534,0.4764298010351755,False
2025-26,2026-04-05,401810996,old,7,6,0.004146954997115701,0.9415461407204656,True,5,3,0.0006833401098705532,0.3927018546908133,False
2025-26,2026-04-05,401810996,new,3,3,0.0046808854795348945,1.0,True,3,2,0.0010790703025883727,0.49437440553486706,False
2025-26,2026-04-05,401810997,old,5,5,0.0020541418352927362,1.0,True,5,4,0.0009785637270121289,0.47633945327674815,False
2025-26,2026-04-05,401810997,new,5,5,0.0020543411222408102,1.0,True,5,4,0.0009785637270121289,0.47633945327674815,False
2025-26,2026-04-06,401810999,old,4,4,0.001964856498871371,1.0,True,6,5,0.001518560457225475,0.47509462894177806,False
2025-26,2026-04-06,401810999,new,6,6,0.0037296530451274208,1.0,True,5,4,0.0024817985924474564,0.49227974213799597,False
2025-26,2026-04-06,401810998,old,9,7,0.002198375426976254,0.5564055252927059,True,8,6,0.0017888159879747966,0.4634466785199248,False
2025-26,2026-04-06,401810998,new,9,7,0.0025125244071940067,0.5890781805055951,True,9,7,0.002034159282358742,0.4808093232450853,False
2025-26,2026-04-06,401811000,old,7,6,0.0031117260671586727,0.8347487349415962,True,8,6,0.0018786251769219004,0.4963561621207695,False
2025-26,2026-04-06,401811000,new,5,5,0.002540371003010186,1.0,True,5,4,0.0012628155819391555,0.49480509754264823,False
2025-26,2026-04-06,401811001,old,8,6,0.0031896192141700115,0.9022613154063608,True,8,6,0.001689745781148159,0.47524054631134677,False
2025-26,2026-04-06,401811001,new,8,6,0.004094010383492841,0.730528694375549,True,8,6,0.002722489313857851,0.4859453268705941,False
2025-26,2026-04-06,401811002,old,9,7,0.003031030044136181,0.48524389770613513,False,8,6,0.0019309188039291515,0.47583362937152096,False
2025-26,2026-04-06,401811002,new,8,6,0.003484797260382504,0.5003079780629782,True,7,5,0.0023379195192705206,0.5006602719020025,True
2025-26,2026-04-07,401811007,old,3,1,0.00015821275936974116,0.24951448155536343,False,3,1,0.00015821291142124405,0.27797700255066,False
2025-26,2026-04-07,401811007,new,4,3,0.00043783675821104054,0.5098652189803354,True,2,1,0.00015798184506852052,0.32325983603552655,False
2025-26,2026-04-07,401811003,old,2,1,0.00011228062728235808,0.41978836729184726,False,2,1,0.00015548263001116298,0.5004726145947991,True
2025-26,2026-04-07,401811003,new,0,0,0.0,nan,False,0,0,0.0,nan,False
2025-26,2026-04-07,401811005,old,3,1,0.00019039991291956135,0.3405147300422944,False,3,1,0.00019039991291956135,0.3107509832696861,False
2025-26,2026-04-07,401811005,new,3,2,0.0010761526339011281,0.8505358207800457,True,1,0,0.0,0.0,False
2025-26,2026-04-07,401811006,old,6,4,0.0008054766318576727,0.17655284725898665,False,7,5,0.0011961109631864716,0.24149829990932792,False
2025-26,2026-04-07,401811006,new,5,3,0.0015208166868987839,0.2138043254245417,False,7,5,0.0024142214953213384,0.30153160517078337,False
2025-26,2026-04-07,401811008,old,5,4,0.0014267776889048413,0.8051356834042422,True,5,3,0.0008795350458165988,0.4799626634560542,False
2025-26,2026-04-07,401811008,new,2,1,0.0004485260215256733,0.45502284219601935,False,0,0,0.0,nan,False
2025-26,2026-04-07,401811004,old,6,5,0.0016742731725145777,0.4856545346703251,False,7,6,0.002114942294071389,0.49309987604972955,False
2025-26,2026-04-07,401811004,new,7,6,0.0035739429413841678,0.49832346994686716,False,6,5,0.004020779884394019,0.49490298293900026,False
2025-26,2026-04-07,401811009,old,2,1,0.0002626712628408838,0.478766492567123,False,2,1,0.00021326859210379264,0.4271873375203771,False
2025-26,2026-04-07,401811009,new,2,2,0.0003231604061276695,1.0,True,0,0,0.0,nan,False
2025-26,2026-04-07,401811010,old,5,4,0.0014118688400712074,0.4965418271077178,False,5,4,0.0014118688400712074,0.4965418271077178,False
2025-26,2026-04-07,401811010,new,5,4,0.0014118688400712074,0.4965418271077178,False,5,4,0.0014118688400712074,0.4965418271077178,False
2025-26,2026-04-07,401811011,old,6,5,0.003808863095970964,0.864780381462543,True,5,3,0.0009634319312344635,0.44282588402603285,False
2025-26,2026-04-07,401811011,new,3,3,0.004283224908784877,1.0,True,2,1,0.0008918799802898862,0.4727590309914666,False
2025-26,2026-04-07,401811012,old,10,10,0.003982413663125979,1.0,True,11,9,0.0023029486345655945,0.4790374423119147,False
2025-26,2026-04-07,401811012,new,9,9,0.0032691560750594943,1.0,True,8,6,0.0014725985460951375,0.4398688616411762,False
2025-26,2026-04-08,401811014,old,3,3,0.0014438748765359135,1.0,True,5,4,0.0015831578505878206,0.4613923674569084,False
2025-26,2026-04-08,401811014,new,5,5,0.004041910832921954,1.0,True,4,3,0.0028023499501138058,0.47628222310280566,False
2025-26,2026-04-08,401811013,old,9,8,0.002956469154197027,0.6533172602725632,True,8,6,0.0020391322983122568,0.46825437722736224,False
2025-26,2026-04-08,401811013,new,8,7,0.0031183445602656324,0.6652901809118921,True,8,6,0.0021398993536136646,0.468188502343566,False
2025-26,2026-04-08,401811015,old,2,1,0.00032525632694165176,0.5860640700408796,True,2,1,0.00032525632694165176,0.4990576667481172,False
2025-26,2026-04-08,401811015,new,0,0,0.0,nan,False,0,0,0.0,nan,False
2025-26,2026-04-08,401811017,old,6,4,0.0014979175756476507,0.39498713679427394,False,8,6,0.002289460521206717,0.49988119547027404,False
2025-26,2026-04-08,401811017,new,5,4,0.0016082781743425405,0.5007879207174515,True,5,4,0.0016022167497043835,0.49984391866118194,False
2025-26,2026-04-08,401811016,old,4,3,0.001554877064902889,0.48681979946155335,False,3,2,0.0005070501085490635,0.46080300282255526,False
2025-26,2026-04-08,401811016,new,3,2,0.0019968929277613292,0.5050500871408865,True,2,1,0.0008939722277357178,0.5157889311486792,True
2025-26,2026-04-08,401811019,old,5,4,0.0015919890183727354,0.6941687450427898,True,8,6,0.0015277299694951914,0.4666405160947216,False
2025-26,2026-04-08,401811019,new,4,4,0.000711735216291748,1.0,True,2,1,0.00019263204229636683,0.3266599470060134,False
2025-26,2026-04-08,401811018,old,6,5,0.0055991698992284055,0.8325070482981256,True,5,4,0.0010614458919782892,0.4743701857202619,False
2025-26,2026-04-08,401811018,new,5,4,0.006257961954677924,0.7657930885179028,True,3,2,0.0018836942375742745,0.49416443170084556,False
2025-26,2026-04-09,401811021,old,3,2,0.0004086457267456648,0.48975550795664247,False,2,1,0.0004270835292908007,0.5007868299406159,True
2025-26,2026-04-09,401811021,new,0,0,0.0,nan,False,0,0,0.0,nan,False
2025-26,2026-04-09,401811020,old,6,4,0.0010564563812934873,0.29259831008691134,False,8,6,0.001882691245351635,0.4243317510427446,False
2025-26,2026-04-09,401811020,new,7,5,0.00210020203977098,0.3987078443834766,False,6,4,0.002392939516888147,0.4303647793440911,False
2025-26,2026-04-09,401811022,old,3,2,0.00034908065973096304,0.48246578960325687,False,3,2,0.00032927964240389405,0.4679038799594226,False
2025-26,2026-04-09,401811022,new,4,3,0.001896513216134408,0.8500308529080729,True,3,2,0.0003204948221691172,0.48923587600282864,False
2025-26,2026-04-09,401811023,old,5,4,0.0015832820130980071,0.497948409768953,False,5,4,0.0015832820130980076,0.49794840976895316,False
2025-26,2026-04-09,401811023,new,5,4,0.0015832820130980071,0.497948409768953,False,5,4,0.0015832820130980076,0.49794840976895316,False
2025-26,2026-04-09,401811024,old,11,10,0.005653637386786957,0.8063312639854164,True,12,10,0.003737110945769996,0.49925236544518176,False
2025-26,2026-04-09,401811024,new,11,10,0.006926003420717348,0.9772076638597181,True,11,9,0.00503693353541901,0.4950880696299386,False
2025-26,2026-04-09,401811025,old,5,4,0.0016835264711300352,0.5000157277789014,True,5,4,0.001683420558968155,0.49999999955969665,False
2025-26,2026-04-09,401811025,new,5,4,0.001683420558968155,0.49999999955969665,False,5,4,0.001683420558968155,0.49999999955969665,False
2025-26,2026-04-10,401811027,old,3,2,0.000414515184515255,0.4181272812967509,False,3,2,0.0004211589899491879,0.42200085799541576,False
2025-26,2026-04-10,401811027,new,0,0,0.0,nan,False,0,0,0.0,nan,False
2025-26,2026-04-10,401811026,old,5,4,0.0012108669865797152,0.47852474934026207,False,5,4,0.0014806717867245876,0.47354697858366435,False
2025-26,2026-04-10,401811026,new,6,5,0.0029320348816454407,0.49569760433383964,False,5,4,0.003372543731011274,0.49476110801376805,False
2025-26,2026-04-10,401811028,old,8,7,0.0039952006617560275,0.6712300456411627,True,8,6,0.002770004476305532,0.47410272833991907,False
2025-26,2026-04-10,401811028,new,9,8,0.00461621013258122,0.7022915299794256,True,9,7,0.003185456524537351,0.4947746808333005,False
2025-26,2026-04-10,401811030,old,6,5,0.002718264207882502,0.9126862557476068,True,7,5,0.0014599333720807632,0.4662232249199408,False
2025-26,2026-04-10,401811030,new,7,6,0.0035055700403280672,0.6625347248470741,True,5,4,0.0024262812959765377,0.4883077060448214,False
2025-26,2026-04-10,401811029,old,3,3,0.000795915111275418,1.0,True,3,2,0.000438556568741965,0.49798514392459087,False
2025-26,2026-04-10,401811029,new,0,0,0.0,nan,False,0,0,0.0,nan,False
2025-26,2026-04-10,401811031,old,10,8,0.002606794796745411,0.4970048041493699,False,9,7,0.002472328965763024,0.4837702689150975,False
2025-26,2026-04-10,401811031,new,10,8,0.00252427734708349,0.469185615809887,False,9,7,0.002700705387321111,0.4860396866288739,False
2025-26,2026-04-10,401811035,old,3,2,0.0006581454098498763,0.47722958683541034,False,3,2,0.0007207626845562691,0.4999348357603352,False
2025-26,2026-04-10,401811035,new,0,0,0.0,nan,False,0,0,0.0,nan,False
2025-26,2026-04-10,401811034,old,6,4,0.0009937801944744445,0.5782742148176376,True,5,3,0.0008296062891366014,0.4860544602289582,False
2025-26,2026-04-10,401811034,new,4,3,0.0018343337238901016,0.8505870430403256,True,3,2,0.0003156587929554338,0.4948596846520352,False
2025-26,2026-04-10,401811032,old,7,6,0.0022410067728038593,0.7982101807269939,True,8,6,0.0025542574874525374,0.4995157480632086,False
2025-26,2026-04-10,401811032,new,6,6,0.005066193817672262,1.0,True,6,5,0.0036897349469694157,0.5000140163988557,True
2025-26,2026-04-10,401811037,old,5,4,0.0019410791195696223,0.49904518744075915,False,5,4,0.0019410791195696223,0.4990451874407591,False
2025-26,2026-04-10,401811037,new,5,4,0.0019410791195696223,0.49904518744075915,False,5,4,0.0019410791195696223,0.4990451874407591,False
2025-26,2026-04-10,401811036,old,5,3,0.0009365228630315249,0.4438123072987677,False,5,3,0.0009890204921319606,0.47329777788032157,False
2025-26,2026-04-10,401811036,new,2,1,0.0007372325276434101,0.45379440254249614,False,1,0,0.0,0.0,False
2025-26,2026-04-10,401811033,old,5,5,0.00381550185718709,1.0,True,5,4,0.0019077509316515974,0.5000000008014811,True
2025-26,2026-04-10,401811033,new,5,5,0.00381550185718709,1.0,True,5,4,0.0019077509316515974,0.5000000008014811,True
2025-26,2026-04-10,401811038,old,3,2,0.009208399328409226,0.49990354507736867,False,2,0,0.0,0.0,False
2025-26,2026-04-10,401811038,new,4,3,0.012420887744603731,0.5108798223824442,True,3,1,0.00032626901233822264,0.030254255148301643,False
2025-26,2026-04-10,401811039,old,2,1,0.0003281249992414365,0.4734267587884195,False,2,1,0.0002642394263776744,0.41996130709961493,False
2025-26,2026-04-10,401811039,new,3,2,0.0002875711993251817,0.6896532391963028,True,1,0,0.0,0.0,False
2025-26,2026-04-10,401811040,old,9,8,0.0029670994193637243,0.6054805061658576,True,10,8,0.002921790733130651,0.49107044501725367,False
2025-26,2026-04-10,401811040,new,7,6,0.0022924107246317673,0.5424905058229748,True,8,6,0.0021676416259306013,0.47688152379575643,False
2025-26,2026-04-12,401811044,old,5,4,0.0016964851036001072,0.6743870627370762,True,7,5,0.001515595001315784,0.506895613789678,True
2025-26,2026-04-12,401811044,new,3,3,0.0012465363922138943,1.0,True,3,2,0.0006232681948911812,0.4999999990246847,False
2025-26,2026-04-12,401811045,old,6,4,0.0015986269603968251,0.49194201643549873,False,6,4,0.0016477818517360622,0.49184782658217674,False
2025-26,2026-04-12,401811045,new,3,2,0.0011561345524301414,0.5000000020361928,True,3,2,0.0011561345524301414,0.5000000020361928,True
2025-26,2026-04-12,401811046,old,6,5,0.002529177105365251,0.9136892338525507,True,6,4,0.0014221940746824066,0.48869873240408057,False
2025-26,2026-04-12,401811046,new,5,4,0.0020889723822408537,0.782251481779143,True,4,3,0.001342261382595304,0.49999999899680875,False
2025-26,2026-04-12,401811042,old,2,2,0.0013080357314715974,1.0,True,2,1,0.0006190348239019144,0.4732552857753153,False
2025-26,2026-04-12,401811042,new,2,2,0.0013080357314715974,1.0,True,2,1,0.0006190348239019144,0.4732552857753153,False
2025-26,2026-04-12,401811043,old,0,0,0.0,nan,False,0,0,0.0,nan,False
2025-26,2026-04-12,401811043,new,0,0,0.0,nan,False,0,0,0.0,nan,False
2025-26,2026-04-12,401811047,old,5,4,0.002092618343802965,0.4870464194941056,False,4,3,0.002114839556625513,0.4896857016570489,False
2025-26,2026-04-12,401811047,new,6,5,0.004142041322042571,0.4995271225570061,False,4,3,0.004101353505751912,0.4970592321541435,False
2025-26,2026-04-12,401811041,old,5,5,0.002728319120557452,1.0,True,4,3,0.0013916212640655418,0.49206658074504583,False
2025-26,2026-04-12,401811041,new,6,6,0.0036153412101094583,1.0,True,4,3,0.0018058911760049947,0.4952139996562796,False
2025-26,2026-04-12,401811051,old,2,1,0.0003920489612167065,0.5016730549538408,True,3,2,0.0007050384862728616,0.4469427663841329,False
2025-26,2026-04-12,401811051,new,2,1,0.0001662946388634666,0.5063869755052022,True,3,2,0.00028132695183410257,0.46934187886140416,False
2025-26,2026-04-12,401811049,old,4,3,0.0014200160276302473,0.6387171296281747,True,5,3,0.0014196117805060449,0.4889584203604635,False
2025-26,2026-04-12,401811049,new,2,2,0.0013004637285879196,1.0,True,2,1,0.0006131465518457143,0.473391775148769,False
2025-26,2026-04-12,401811048,old,5,3,0.0009254733926802705,0.41422820252033177,False,5,3,0.001316847381824772,0.5015442889649048,True
2025-26,2026-04-12,401811048,new,0,0,0.0,nan,False,0,0,0.0,nan,False
2025-26,2026-04-12,401811055,old,6,4,0.008162768276101792,0.5044613609320198,True,5,3,0.002111849337886489,0.49777524985911836,False
2025-26,2026-04-12,401811055,new,3,2,0.010228532829302282,0.5030603492465269,True,3,2,0.00456252137164564,0.5138928171366591,True
2025-26,2026-04-12,401811053,old,7,5,0.00202267213149704,0.48882442441136026,False,7,5,0.002022323195072432,0.4996999275308607,False
2025-26,2026-04-12,401811053,new,5,4,0.0017000846380340348,0.4999999996087074,False,5,4,0.0017000846380340346,0.4999999996087074,False
2025-26,2026-04-12,401811052,old,3,2,0.0011630619080562898,0.500000008914761,True,3,2,0.0011630619080562898,0.500000008914761,True
2025-26,2026-04-12,401811052,new,3,2,0.0011630619080562898,0.500000008914761,True,3,2,0.0011630619080562898,0.500000008914761,True
2025-26,2026-04-12,401811054,old,4,4,0.005887565650285899,1.0,True,3,2,0.000896666227199158,0.5017327182445245,True
2025-26,2026-04-12,401811054,new,3,3,0.007353102460849205,1.0,True,2,1,0.0015570374385659423,0.49241201635635684,False
2025-26,2026-04-12,401811050,old,2,2,0.0005704198647460631,1.0,True,2,1,0.0002642410561254689,0.43677300696585364,False
2025-26,2026-04-12,401811050,new,0,0,0.0,nan,False,0,0,0.0,nan,False
