season,day,game_id,team,rank,rule,portfolio,tau_primary,verdict_primary,crossing_primary,tau_pool,verdict_pool,crossing_pool
2020-21,2021-04-16,401307640,UTA,30,old,actual,0.008002155189691433,dominance_positive,False,0.007924568990711122,dominance_positive,False
2020-21,2021-04-16,401307640,UTA,30,old,own,0.008002155189691433,dominance_positive,False,0.007924568990711122,dominance_positive,False
2020-21,2021-04-16,401307640,IND,12,old,actual,0.033798724020139476,dominance_positive,False,0.033902791783293654,dominance_positive,False
2020-21,2021-04-16,401307640,IND,12,old,own,0.033798724020139476,dominance_positive,False,0.033902791783293654,dominance_positive,False
2020-21,2021-04-16,401307640,UTA,30,new,actual,0.008002155189691433,dominance_positive,False,0.007924568990711122,dominance_positive,False
2020-21,2021-04-16,401307640,UTA,30,new,own,0.008002155189691433,dominance_positive,False,0.007924568990711122,dominance_positive,False
2020-21,2021-04-16,401307640,IND,12,new,actual,0.05149151806956445,dominance_positive,False,0.05065290424643849,dominance_positive,False
2020-21,2021-04-16,401307640,IND,12,new,own,0.05149151806956445,dominance_positive,False,0.05065290424643849,dominance_positive,False
2020-21,2021-04-16,401307641,DET,3,old,actual,0.005422144562712514,dominance_positive,False,0.005101629576599625,dominance_positive,False
2020-21,2021-04-16,401307641,DET,3,old,own,0.0051952306969734055,dominance_positive,False,0.0051678705416272255,dominance_positive,False
2020-21,2021-04-16,401307641,OKC,6,old,actual,0.017942079413694266,dominance_positive,False,0.01753111491839357,dominance_positive,False
2020-21,2021-04-16,401307641,OKC,6,old,own,0.017502769663326645,dominance_positive,False,0.01750916055176809,dominance_positive,False
2020-21,2021-04-16,401307641,DET,3,new,actual,-0.0037211746002491237,reversal,True,-0.003571221719439249,reversal,True
2020-21,2021-04-16,401307641,DET,3,new,own,-0.0037070140143021426,reversal,True,-0.0036470102716903686,reversal,True
2020-21,2021-04-16,401307641,OKC,6,new,actual,-0.0012330280576936963,reversal,True,-0.0009597589119246171,reversal,True
2020-21,2021-04-16,401307641,OKC,6,new,own,-0.0009930569059624444,reversal,True,-0.000992611049311155,reversal,True
2020-21,2021-04-16,401307643,WAS,7,old,actual,0.029973561742989315,dominance_positive,False,0.02995807675187122,dominance_positive,False
2020-21,2021-04-16,401307643,WAS,7,old,own,0.029973561742989315,dominance_positive,False,0.02995807675187122,dominance_positive,False
2020-21,2021-04-16,401307643,NOP,11,old,actual,0.02755701254372102,dominance_positive,False,0.027180904041903483,dominance_positive,False
2020-21,2021-04-16,401307643,NOP,11,old,own,0.02755842220737922,dominance_positive,False,0.02718302042074984,dominance_positive,False
2020-21,2021-04-16,401307643,WAS,7,new,actual,0.009049013374757,dominance_positive,False,0.009245677347934956,dominance_positive,False
2020-21,2021-04-16,401307643,WAS,7,new,own,0.009049013374757,dominance_positive,False,0.009245677347934956,dominance_positive,False
2020-21,2021-04-16,401307643,NOP,11,new,actual,0.01315924098424383,dominance_positive,False,0.013442828702309584,dominance_positive,False
2020-21,2021-04-16,401307643,NOP,11,new,own,0.013141816843861403,dominance_positive,False,0.01343740943684679,dominance_positive,False
2020-21,2021-04-16,401307644,BKN,26,old,actual,0.02046470906212123,dominance_positive,False,0.02047760641218388,dominance_positive,False
2020-21,2021-04-16,401307644,BKN,26,old,own,0.020726293156260688,dominance_positive,False,0.020756465594990753,dominance_positive,False
2020-21,2021-04-16,401307644,CHA,14,old,actual,0.03348726660586996,dominance_positive,False,0.033817583312938326,dominance_positive,False
2020-21,2021-04-16,401307644,CHA,14,old,own,0.03348726660586996,dominance_positive,False,0.033817583312938326,dominance_positive,False
2020-21,2021-04-16,401307644,BKN,26,new,actual,0.020464709069005788,dominance_positive,False,0.020468143829012065,dominance_positive,False
2020-21,2021-04-16,401307644,BKN,26,new,own,0.020716594884107854,dominance_positive,False,0.020742456979551835,dominance_positive,False
2020-21,2021-04-16,401307644,CHA,14,new,actual,0.0478559119488787,dominance_positive,False,0.048459971736281596,dominance_positive,False
2020-21,2021-04-16,401307644,CHA,14,new,own,0.0478559119488787,dominance_positive,False,0.048459971736281596,dominance_positive,False
2020-21,2021-04-16,401307642,PHI,28,old,actual,0.025113146572197174,dominance_positive,False,0.025149784551548038,dominance_positive,False
2020-21,2021-04-16,401307642,PHI,28,old,own,0.025113146572197174,dominance_positive,False,0.025149784551548038,dominance_positive,False
2020-21,2021-04-16,401307642,LAC,27,old,actual,0.02557974137470191,dominance_positive,False,0.0257068965842562,dominance_positive,False
2020-21,2021-04-16,401307642,LAC,27,old,own,0.02557974137470191,dominance_positive,False,0.0257068965842562,dominance_positive,False
2020-21,2021-04-16,401307642,PHI,28,new,actual,0.025113146572197174,dominance_positive,False,0.025149784551548038,dominance_positive,False
2020-21,2021-04-16,401307642,PHI,28,new,own,0.025113146572197174,dominance_positive,False,0.025149784551548038,dominance_positive,False
2020-21,2021-04-16,401307642,LAC,27,new,actual,0.025578663787916952,dominance_positive,False,0.025705818998033245,dominance_positive,False
2020-21,2021-04-16,401307642,LAC,27,new,own,0.025578663787916952,dominance_positive,False,0.025705818998033245,dominance_positive,False
2020-21,2021-04-16,401307645,TOR,8,old,actual,0.026500458231407564,dominance_positive,False,0.026775125037732727,dominance_positive,False
2020-21,2021-04-16,401307645,TOR,8,old,own,0.026500458231407564,dominance_positive,False,0.026775125037732727,dominance_positive,False
2020-21,2021-04-16,401307645,ORL,4,old,actual,0.00801871653231522,reversal,False,0.0080126405116189,reversal,False
2020-21,2021-04-16,401307645,ORL,4,old,own,0.010005548850635348,dominance_positive,False,0.010046647657496431,dominance_positive,False
2020-21,2021-04-16,401307645,TOR,8,new,actual,0.006788828006660094,dominance_positive,False,0.0068640676977870015,dominance_positive,False
2020-21,2021-04-16,401307645,TOR,8,new,own,0.006788828006660094,dominance_positive,False,0.0068640676977870015,dominance_positive,False
2020-21,2021-04-16,401307645,ORL,4,new,actual,-0.004039875367126459,reversal,True,-0.004013608328502319,reversal,True
2020-21,2021-04-16,401307645,ORL,4,new,own,-0.002493157997709329,reversal,True,-0.002402451935621652,reversal,True
2020-21,2021-04-16,401307646,CHI,10,old,actual,0.04203993962756519,dominance_positive,False,0.04206629896857616,dominance_positive,False
2020-21,2021-04-16,401307646,CHI,10,old,own,0.025837647629568576,dominance_positive,False,0.02599883428566029,dominance_positive,False
2020-21,2021-04-16,401307646,MEM,17,old,actual,0.03182233460701401,dominance_positive,False,0.03188897532773055,dominance_positive,False
2020-21,2021-04-16,401307646,MEM,17,old,own,0.03182233460701401,dominance_positive,False,0.03188897532773055,dominance_positive,False
2020-21,2021-04-16,401307646,CHI,10,new,actual,0.013369076664013595,dominance_positive,False,0.013307548759922641,dominance_positive,False
2020-21,2021-04-16,401307646,CHI,10,new,own,0.008036595899436083,dominance_positive,False,0.007992326637074162,dominance_positive,False
2020-21,2021-04-16,401307646,MEM,17,new,actual,0.0370696090079005,dominance_positive,False,0.037648537049781536,dominance_positive,False
2020-21,2021-04-16,401307646,MEM,17,new,own,0.0370696090079005,dominance_positive,False,0.037648537049781536,dominance_positive,False
2020-21,2021-04-16,401307647,HOU,2,old,actual,0.005342133646481669,unresolved,False,0.00561210275358713,dominance_positive,False
2020-21,2021-04-16,401307647,HOU,2,old,own,0.0015580531341803509,dominance_positive,False,0.001489213835928488,dominance_positive,False
2020-21,2021-04-16,401307647,DEN,25,old,actual,0.019671252309059396,dominance_positive,False,0.019653229253367342,dominance_positive,False
2020-21,2021-04-16,401307647,DEN,25,old,own,0.019671252309059396,dominance_positive,False,0.019653229253367342,dominance_positive,False
2020-21,2021-04-16,401307647,HOU,2,new,actual,0.004716594866597382,unresolved,False,0.005145440560470512,dominance_positive,False
2020-21,2021-04-16,401307647,HOU,2,new,own,-0.00014276879282345455,negligible,True,-0.00012114018750284669,negligible,True
2020-21,2021-04-16,401307647,DEN,25,new,actual,0.020501482690650108,dominance_positive,False,0.020277993550334942,dominance_positive,False
2020-21,2021-04-16,401307647,DEN,25,new,own,0.020501482690650108,dominance_positive,False,0.020277993550334942,dominance_positive,False
2020-21,2021-04-16,401307648,MIN,1,old,actual,0.0005444672537901327,negligible,False,0.0005787036291138944,negligible,False
2020-21,2021-04-16,401307648,MIN,1,old,own,0.0017766902635261853,dominance_positive,False,0.001786781026885128,dominance_positive,False
2020-21,2021-04-16,401307648,MIA,16,old,actual,0.0,negligible,False,0.0,negligible,False
2020-21,2021-04-16,401307648,MIA,16,old,own,0.035216976296847106,dominance_positive,False,0.03496565487953344,dominance_positive,False
2020-21,2021-04-16,401307648,MIN,1,new,actual,-0.0007620122511008082,negligible,False,-0.000821207933838415,negligible,False
2020-21,2021-04-16,401307648,MIN,1,new,own,-0.00024739613356108866,dominance_positive,True,-0.00026695668342591514,dominance_positive,True
2020-21,2021-04-16,401307648,MIA,16,new,actual,0.0,negligible,False,0.0,negligible,False
2020-21,2021-04-16,401307648,MIA,16,new,own,0.04968033195264509,dominance_positive,False,0.0500637041110995,dominance_positive,False
2020-21,2021-04-16,401307649,SAS,13,old,actual,0.02496126970226058,dominance_positive,False,0.02486633530078789,dominance_positive,False
2020-21,2021-04-16,401307649,SAS,13,old,own,0.02496126970226058,dominance_positive,False,0.02486633530078789,dominance_positive,False
2020-21,2021-04-16,401307649,POR,22,old,actual,0.02517618534753324,dominance_positive,False,0.026125100944858596,dominance_positive,False
2020-21,2021-04-16,401307649,POR,22,old,own,0.03397904999236828,dominance_positive,False,0.03344430780326004,dominance_positive,False
2020-21,2021-04-16,401307649,SAS,13,new,actual,0.01389446939409748,dominance_positive,False,0.01438692878140022,dominance_positive,False
2020-21,2021-04-16,401307649,SAS,13,new,own,0.01389446939409748,dominance_positive,False,0.01438692878140022,dominance_positive,False
2020-21,2021-04-16,401307649,POR,22,new,actual,0.046492726332467885,dominance_positive,False,0.04712106005039773,dominance_positive,False
2020-21,2021-04-16,401307649,POR,22,new,own,0.04587400576123839,dominance_positive,False,0.045092547334939365,dominance_positive,False
2020-21,2021-04-16,401307650,DAL,21,old,actual,0.0,negligible,False,0.0,negligible,False
2020-21,2021-04-16,401307650,DAL,21,old,own,0.02699200838631008,dominance_positive,False,0.02720808053312543,dominance_positive,False
2020-21,2021-04-16,401307650,NYK,18,old,actual,0.008070221922780863,reversal,False,0.0077266917323517,reversal,False
2020-21,2021-04-16,401307650,NYK,18,old,own,0.03513326873410702,dominance_positive,False,0.03490318300696251,dominance_positive,False
2020-21,2021-04-16,401307650,DAL,21,new,actual,0.0,negligible,False,0.0,negligible,False
2020-21,2021-04-16,401307650,DAL,21,new,own,0.035982660981585625,dominance_positive,False,0.03540313944248643,dominance_positive,False
2020-21,2021-04-16,401307650,NYK,18,new,actual,0.015803168910928877,reversal,False,0.014454046314449758,reversal,False
2020-21,2021-04-16,401307650,NYK,18,new,own,0.05152570859256103,dominance_positive,False,0.04973326993166824,dominance_positive,False
2020-21,2021-04-17,401307651,LAL,23,old,actual,0.02156969650134701,dominance_positive,False,0.021316284601148094,dominance_positive,False
2020-21,2021-04-17,401307651,LAL,23,old,own,0.021764209125170145,dominance_positive,False,0.02149323026657181,dominance_positive,False
2020-21,2021-04-17,401307651,UTA,30,old,actual,0.006220905169491367,dominance_positive,False,0.006155172439677448,dominance_positive,False
2020-21,2021-04-17,401307651,UTA,30,old,own,0.006220905169491367,dominance_positive,False,0.006155172439677448,dominance_positive,False
2020-21,2021-04-17,401307651,LAL,23,new,actual,0.02156532715146976,reversal,False,0.021291106062146414,reversal,False
2020-21,2021-04-17,401307651,LAL,23,new,own,0.027554577380049464,dominance_positive,False,0.02665935809190128,dominance_positive,False
2020-21,2021-04-17,401307651,UTA,30,new,actual,0.006220905169491367,dominance_positive,False,0.006155172439677448,dominance_positive,False
2020-21,2021-04-17,401307651,UTA,30,new,own,0.006220905169491367,dominance_positive,False,0.006155172439677448,dominance_positive,False
2020-21,2021-04-17,401307653,CHI,9,old,actual,0.04742726367609254,dominance_positive,False,0.04740726374025489,dominance_positive,False
2020-21,2021-04-17,401307653,CHI,9,old,own,0.026430750107409917,dominance_positive,False,0.026558563056098827,dominance_positive,False
2020-21,2021-04-17,401307653,CLE,6,old,actual,0.021242827891001462,dominance_positive,False,0.021228253362351256,dominance_positive,False
2020-21,2021-04-17,401307653,CLE,6,old,own,0.021242827891001462,dominance_positive,False,0.021228253362351256,dominance_positive,False
2020-21,2021-04-17,401307653,CHI,9,new,actual,0.009063808172298916,dominance_positive,False,0.008953904139825369,dominance_positive,False
2020-21,2021-04-17,401307653,CHI,9,new,own,0.005715614210908228,dominance_positive,False,0.005592329840021378,dominance_positive,False
2020-21,2021-04-17,401307653,CLE,6,new,actual,0.0020207500480488565,dominance_positive,False,0.001993800012280527,dominance_positive,False
2020-21,2021-04-17,401307653,CLE,6,new,own,0.0020207500480488565,dominance_positive,False,0.001993800012280527,dominance_positive,False
2020-21,2021-04-17,401307652,WAS,8,old,actual,0.028634610613005172,dominance_positive,False,0.028942582045424863,dominance_positive,False
2020-21,2021-04-17,401307652,WAS,8,old,own,0.028634610613005172,dominance_positive,False,0.028942582045424863,dominance_positive,False
2020-21,2021-04-17,401307652,DET,3,old,actual,0.007045258797107039,dominance_positive,False,0.007083714928489039,dominance_positive,False
2020-21,2021-04-17,401307652,DET,3,old,own,0.007073010773628952,dominance_positive,False,0.0070841010209868,dominance_positive,False
2020-21,2021-04-17,401307652,WAS,8,new,actual,0.01014475916475178,dominance_positive,False,0.01032946687875414,dominance_positive,False
2020-21,2021-04-17,401307652,WAS,8,new,own,0.01014475916475178,dominance_positive,False,0.01032946687875414,dominance_positive,False
2020-21,2021-04-17,401307652,DET,3,new,actual,-0.0038116917905702797,reversal,True,-0.004022124241844345,reversal,True
2020-21,2021-04-17,401307652,DET,3,new,own,-0.003995999075042822,reversal,True,-0.0040681532168247055,reversal,True
2020-21,2021-04-17,401307654,BOS,20,old,actual,0.03121686266669726,dominance_positive,False,0.03149227940378738,dominance_positive,False
2020-21,2021-04-17,401307654,BOS,20,old,own,0.03121686266669726,dominance_positive,False,0.03149227940378738,dominance_positive,False
2020-21,2021-04-17,401307654,GSW,15,old,actual,0.03171611873105084,dominance_positive,False,0.03137429637550199,dominance_positive,False
2020-21,2021-04-17,401307654,GSW,15,old,own,0.027300690388400307,dominance_positive,False,0.02685010775880324,dominance_positive,False
2020-21,2021-04-17,401307654,BOS,20,new,actual,0.03206506355910497,dominance_positive,False,0.03239232921844412,dominance_positive,False
2020-21,2021-04-17,401307654,BOS,20,new,own,0.03206506355910497,dominance_positive,False,0.03239232921844412,dominance_positive,False
2020-21,2021-04-17,401307654,GSW,15,new,actual,0.030271075364500324,dominance_positive,False,0.03074064109495621,dominance_positive,False
2020-21,2021-04-17,401307654,GSW,15,new,own,0.026138532240579014,dominance_positive,False,0.0266167186384989,dominance_positive,False
2020-21,2021-04-17,401307655,MIL,24,old,actual,0.0,negligible,False,0.0,negligible,False
2020-21,2021-04-17,401307655,MIL,24,old,own,0.019275862226937095,dominance_positive,False,0.019224137975352593,dominance_positive,False
2020-21,2021-04-17,401307655,MEM,17,old,actual,0.0331469457857237,dominance_positive,False,0.03266334553718856,dominance_positive,False
2020-21,2021-04-17,401307655,MEM,17,old,own,0.0331469457857237,dominance_positive,False,0.03266334553718856,dominance_positive,False
2020-21,2021-04-17,401307655,MIL,24,new,actual,-8.474387412144129e-06,negligible,False,0.0,negligible,False
2020-21,2021-04-17,401307655,MIL,24,new,own,0.019222518073426006,dominance_positive,False,0.01917025865705941,dominance_positive,False
2020-21,2021-04-17,401307655,MEM,17,new,actual,0.040204725382614485,dominance_positive,False,0.04039333524002798,dominance_positive,False
2020-21,2021-04-17,401307655,MEM,17,new,own,0.040204725382614485,dominance_positive,False,0.04039333524002798,dominance_positive,False
2020-21,2021-04-17,401307656,PHX,29,old,actual,0.017935344898463067,dominance_positive,False,0.017892241370944497,dominance_positive,False
2020-21,2021-04-17,401307656,PHX,29,old,own,0.017935344898463067,dominance_positive,False,0.017892241370944497,dominance_positive,False
2020-21,2021-04-17,401307656,SAS,13,old,actual,0.023971620012440516,dominance_positive,False,0.024252344677545903,dominance_positive,False
2020-21,2021-04-17,401307656,SAS,13,old,own,0.023971620012440516,dominance_positive,False,0.024252344677545903,dominance_positive,False
2020-21,2021-04-17,401307656,PHX,29,new,actual,0.017935344898463067,dominance_positive,False,0.017892241370944497,dominance_positive,False
2020-21,2021-04-17,401307656,PHX,29,new,own,0.017935344898463067,dominance_positive,False,0.017892241370944497,dominance_positive,False
2020-21,2021-04-17,401307656,SAS,13,new,actual,0.009794267867356399,dominance_positive,False,0.009856668774392691,dominance_positive,False
2020-21,2021-04-17,401307656,SAS,13,new,own,0.009794267867356399,dominance_positive,False,0.009856668774392691,dominance_positive,False
2021-22,2022-02-17,401401136,BKN,17,old,actual,-0.0009436236933254523,unresolved,False,-0.0009178160455884407,unresolved,False
2021-22,2022-02-17,401401136,BKN,17,old,own,0.02773017392513856,dominance_positive,False,0.02765803751840032,dominance_positive,False
2021-22,2022-02-17,401401136,WAS,11,old,actual,0.024777610565571852,dominance_positive,False,0.025713841766928137,dominance_positive,False
2021-22,2022-02-17,401401136,WAS,11,old,own,0.024777610565571852,dominance_positive,False,0.025713841766928137,dominance_positive,False
2021-22,2022-02-17,401401136,BKN,17,new,actual,-0.0015076076926511476,unresolved,False,-0.001831324400298807,unresolved,False
2021-22,2022-02-17,401401136,BKN,17,new,own,0.03837259596484665,dominance_positive,False,0.03875957566478534,dominance_positive,False
2021-22,2022-02-17,401401136,WAS,11,new,actual,0.009735643320174608,dominance_positive,False,0.00952902607818346,dominance_positive,False
2021-22,2022-02-17,401401136,WAS,11,new,own,0.009735643320174608,dominance_positive,False,0.00952902607818346,dominance_positive,False
2021-22,2022-02-17,401360704,CHA,15,old,actual,0.025110893477530195,dominance_positive,False,0.025098089259142937,dominance_positive,False
2021-22,2022-02-17,401360704,CHA,15,old,own,0.022472962395710554,dominance_positive,False,0.02260239954847654,dominance_positive,False
2021-22,2022-02-17,401360704,MIA,26,old,actual,0.024525862502512236,dominance_positive,False,0.02407246809294206,dominance_positive,False
2021-22,2022-02-17,401360704,MIA,26,old,own,0.02475825360354191,dominance_positive,False,0.02426492244263826,dominance_positive,False
2021-22,2022-02-17,401360704,CHA,15,new,actual,0.021237502249124848,dominance_positive,False,0.021450325818053555,dominance_positive,False
2021-22,2022-02-17,401360704,CHA,15,new,own,0.01877030864691388,dominance_positive,False,0.018896228069541488,dominance_positive,False
2021-22,2022-02-17,401360704,MIA,26,new,actual,0.024843750433546717,dominance_positive,False,0.02440880967524898,dominance_positive,False
2021-22,2022-02-17,401360704,MIA,26,new,own,0.02512591894163052,dominance_positive,False,0.024607517892155588,dominance_positive,False
2021-22,2022-02-17,401360705,NOP,8,old,actual,0.018311404845251403,dominance_positive,False,0.018871332505679347,dominance_positive,False
2021-22,2022-02-17,401360705,NOP,8,old,own,0.023855313195078668,dominance_positive,False,0.023333429205770476,dominance_positive,False
2021-22,2022-02-17,401360705,DAL,21,old,actual,0.03603061608385891,dominance_positive,False,0.03618545185181409,dominance_positive,False
2021-22,2022-02-17,401360705,DAL,21,old,own,0.03603061608385891,dominance_positive,False,0.03618545185181409,dominance_positive,False
2021-22,2022-02-17,401360705,NOP,8,new,actual,0.007033665439961748,dominance_positive,False,0.0068609233173533395,dominance_positive,False
2021-22,2022-02-17,401360705,NOP,8,new,own,0.007901497744871198,dominance_positive,False,0.00809109955594381,dominance_positive,False
2021-22,2022-02-17,401360705,DAL,21,new,actual,0.036872800014720396,dominance_positive,False,0.03672894808755794,dominance_positive,False
2021-22,2022-02-17,401360705,DAL,21,new,own,0.036872800014720396,dominance_positive,False,0.03672894808755794,dominance_positive,False
2021-22,2022-02-17,401360706,MIL,24,old,actual,0.041655869849393394,dominance_positive,False,0.04187195359585114,dominance_positive,False
2021-22,2022-02-17,401360706,MIL,24,old,own,0.041655869849393394,dominance_positive,False,0.04187195359585114,dominance_positive,False
2021-22,2022-02-17,401360706,PHI,22,old,actual,0.0,negligible,False,0.0,negligible,False
2021-22,2022-02-17,401360706,PHI,22,old,own,0.04011856843592782,dominance_positive,False,0.041315240422724046,dominance_positive,False
2021-22,2022-02-17,401360706,MIL,24,new,actual,0.04766000663927868,dominance_positive,False,0.04766972775655349,dominance_positive,False
2021-22,2022-02-17,401360706,MIL,24,new,own,0.04766000663927868,dominance_positive,False,0.04766972775655349,dominance_positive,False
2021-22,2022-02-17,401360706,PHI,22,new,actual,0.0,negligible,False,0.0,negligible,False
2021-22,2022-02-17,401360706,PHI,22,new,own,0.04451970768656888,dominance_positive,False,0.0458570313443488,dominance_positive,False
2021-22,2022-02-17,401360707,LAC,14,old,actual,0.0,negligible,False,0.0,negligible,False
2021-22,2022-02-17,401360707,LAC,14,old,own,0.018453075179844246,dominance_positive,False,0.018610146776707803,dominance_positive,False
2021-22,2022-02-17,401360707,HOU,3,old,actual,0.0042521552257400366,unresolved,False,0.004584590697054877,dominance_positive,False
2021-22,2022-02-17,401360707,HOU,3,old,own,0.0027197825832937896,dominance_positive,False,0.0027398396887859944,dominance_positive,False
2021-22,2022-02-17,401360707,LAC,14,new,actual,0.0,negligible,False,0.0,negligible,False
2021-22,2022-02-17,401360707,LAC,14,new,own,0.01766103115966087,dominance_positive,False,0.01849065657839266,dominance_positive,False
2021-22,2022-02-17,401360707,HOU,3,new,actual,-0.0008674571406224676,reversal,True,-0.0015164331049991539,reversal,True
2021-22,2022-02-17,401360707,HOU,3,new,own,-0.0018198953095145101,reversal,True,-0.001804187041988339,reversal,True
2021-22,2022-03-16,401360852,CHA,13,old,actual,0.015935968044494955,dominance_positive,False,0.01620472004888017,dominance_positive,False
2021-22,2022-03-16,401360852,CHA,13,old,own,0.015861614580980725,dominance_positive,False,0.01607109928634098,dominance_positive,False
2021-22,2022-03-16,401360852,ATL,14,old,actual,0.02132958153410009,dominance_positive,False,0.021861410873067956,dominance_positive,False
2021-22,2022-03-16,401360852,ATL,14,old,own,0.02124768498549107,dominance_positive,False,0.02172240225022662,dominance_positive,False
2021-22,2022-03-16,401360852,CHA,13,new,actual,0.01627635287068752,dominance_positive,False,0.016368675806357903,dominance_positive,False
2021-22,2022-03-16,401360852,CHA,13,new,own,0.016119781878058282,dominance_positive,False,0.01621646945326637,dominance_positive,False
2021-22,2022-03-16,401360852,ATL,14,new,actual,0.03436549420480552,dominance_positive,False,0.035223410662568726,dominance_positive,False
2021-22,2022-03-16,401360852,ATL,14,new,own,0.03414554091536737,dominance_positive,False,0.03500526125996437,dominance_positive,False
2021-22,2022-03-16,401360854,WAS,12,old,actual,0.022852541025866476,dominance_positive,False,0.02271747922665311,dominance_positive,False
2021-22,2022-03-16,401360854,WAS,12,old,own,0.022852541025866476,dominance_positive,False,0.02271747922665311,dominance_positive,False
2021-22,2022-03-16,401360854,DEN,20,old,actual,0.04087870098210182,dominance_positive,False,0.04080133745112729,dominance_positive,False
2021-22,2022-03-16,401360854,DEN,20,old,own,0.04087870098210182,dominance_positive,False,0.04080133745112729,dominance_positive,False
2021-22,2022-03-16,401360854,WAS,12,new,actual,0.0016976385408264017,dominance_positive,False,0.0016435494306166092,dominance_positive,False
2021-22,2022-03-16,401360854,WAS,12,new,own,0.0016976385408264017,dominance_positive,False,0.0016435494306166092,dominance_positive,False
2021-22,2022-03-16,401360854,DEN,20,new,actual,0.048767004614848446,dominance_positive,False,0.04895218450411479,dominance_positive,False
2021-22,2022-03-16,401360854,DEN,20,new,own,0.048767004614848446,dominance_positive,False,0.04895218450411479,dominance_positive,False
2021-22,2022-03-16,401360853,CLE,19,old,actual,0.027523146959644914,dominance_positive,False,0.029451045566174762,dominance_positive,False
2021-22,2022-03-16,401360853,CLE,19,old,own,0.037694483086640404,dominance_positive,False,0.03841764069131853,dominance_positive,False
2021-22,2022-03-16,401360853,PHI,23,old,actual,0.0,negligible,False,0.0,negligible,False
2021-22,2022-03-16,401360853,PHI,23,old,own,0.039019540421410245,dominance_positive,False,0.03895886052609246,dominance_positive,False
2021-22,2022-03-16,401360853,CLE,19,new,actual,0.03720236609304516,dominance_positive,False,0.03878325629545826,dominance_positive,False
2021-22,2022-03-16,401360853,CLE,19,new,own,0.04404442813127013,dominance_positive,False,0.0450379961834225,dominance_positive,False
2021-22,2022-03-16,401360853,PHI,23,new,actual,0.0,negligible,False,0.0,negligible,False
2021-22,2022-03-16,401360853,PHI,23,new,own,0.039722582639445225,dominance_positive,False,0.03968410973472757,dominance_positive,False
2021-22,2022-03-16,401360856,NYK,10,old,actual,0.02901411385943808,dominance_positive,False,0.029122873925551743,dominance_positive,False
2021-22,2022-03-16,401360856,NYK,10,old,own,0.02901411385943808,dominance_positive,False,0.029122873925551743,dominance_positive,False
2021-22,2022-03-16,401360856,POR,8,old,actual,0.04160446763349495,dominance_positive,False,0.04305949020726106,dominance_positive,False
2021-22,2022-03-16,401360856,POR,8,old,own,0.03423385301708988,dominance_positive,False,0.034240054883118536,dominance_positive,False
2021-22,2022-03-16,401360856,NYK,10,new,actual,0.0007330651842425266,negligible,False,0.0008016341266933334,negligible,False
2021-22,2022-03-16,401360856,NYK,10,new,own,0.0007330651842425266,negligible,False,0.0008016341266933334,negligible,False
2021-22,2022-03-16,401360856,POR,8,new,actual,0.016465918506492646,dominance_positive,False,0.016621120531124,dominance_positive,False
2021-22,2022-03-16,401360856,POR,8,new,own,0.009295929268018567,dominance_positive,False,0.009384985910728573,dominance_positive,False
2021-22,2022-03-16,401360855,BKN,16,old,actual,0.004817765755235777,dominance_positive,False,0.004841274436902464,dominance_positive,False
2021-22,2022-03-16,401360855,BKN,16,old,own,0.01950574834010381,dominance_positive,False,0.019975821047094004,dominance_positive,False
2021-22,2022-03-16,401360855,DAL,24,old,actual,0.032697917565956,dominance_positive,False,0.032724609847537375,dominance_positive,False
2021-22,2022-03-16,401360855,DAL,24,old,own,0.032697917565956,dominance_positive,False,0.032724609847537375,dominance_positive,False
2021-22,2022-03-16,401360855,BKN,16,new,actual,0.004712983567372333,dominance_positive,False,0.004735888932622537,dominance_positive,False
2021-22,2022-03-16,401360855,BKN,16,new,own,0.035849496311476006,dominance_positive,False,0.03571433163039257,dominance_positive,False
2021-22,2022-03-16,401360855,DAL,24,new,actual,0.03423612926546725,dominance_positive,False,0.03416747358473819,dominance_positive,False
2021-22,2022-03-16,401360855,DAL,24,new,own,0.03423612926546725,dominance_positive,False,0.03416747358473819,dominance_positive,False
2021-22,2022-03-16,401360857,HOU,1,old,actual,0.0033157328812702495,dominance_positive,False,0.00324693561745115,dominance_positive,False
2021-22,2022-03-16,401360857,HOU,1,old,own,0.0031973036404188224,dominance_positive,False,0.003214652157685434,dominance_positive,False
2021-22,2022-03-16,401360857,PHX,30,old,actual,0.0,negligible,False,0.0,negligible,False
2021-22,2022-03-16,401360857,PHX,30,old,own,1.293103467544605e-05,negligible,False,1.1853448452492212e-05,negligible,False
2021-22,2022-03-16,401360857,HOU,1,new,actual,-0.0010589979551852973,reversal,True,-0.0012660964486537424,reversal,True
2021-22,2022-03-16,401360857,HOU,1,new,own,-0.0012887169637893934,reversal,True,-0.0012812600500082818,reversal,True
2021-22,2022-03-16,401360857,PHX,30,new,actual,0.0,negligible,False,0.0,negligible,False
2021-22,2022-03-16,401360857,PHX,30,new,own,1.293103467544605e-05,negligible,False,1.1853448452492212e-05,negligible,False
2021-22,2022-03-16,401360858,MIN,18,old,actual,0.032456299034181214,dominance_positive,False,0.03174568850393364,dominance_positive,False
2021-22,2022-03-16,401360858,MIN,18,old,own,0.032456299034181214,dominance_positive,False,0.03174568850393364,dominance_positive,False
2021-22,2022-03-16,401360858,LAL,11,old,actual,0.0,negligible,False,0.0,negligible,False
2021-22,2022-03-16,401360858,LAL,11,old,own,0.029438179251172435,dominance_positive,False,0.029119331755340178,dominance_positive,False
2021-22,2022-03-16,401360858,MIN,18,new,actual,0.03595433044319587,dominance_positive,False,0.035841734935409104,dominance_positive,False
2021-22,2022-03-16,401360858,MIN,18,new,own,0.03595433044319587,dominance_positive,False,0.035841734935409104,dominance_positive,False
2021-22,2022-03-16,401360858,LAL,11,new,actual,0.0,negligible,False,0.0,negligible,False
2021-22,2022-03-16,401360858,LAL,11,new,own,0.009793850730719237,dominance_positive,False,0.00988190832708918,dominance_positive,False
2021-22,2022-03-16,401360859,SAS,7,old,actual,0.01899166411392296,dominance_positive,False,0.018737559629476923,dominance_positive,False
2021-22,2022-03-16,401360859,SAS,7,old,own,0.019002448542158726,dominance_positive,False,0.018745593051294394,dominance_positive,False
2021-22,2022-03-16,401360859,OKC,4,old,actual,0.00520437672034586,dominance_positive,False,0.005181783712045234,dominance_positive,False
2021-22,2022-03-16,401360859,OKC,4,old,own,0.005233394412614061,dominance_positive,False,0.0052531608675538384,dominance_positive,False
2021-22,2022-03-16,401360859,SAS,7,new,actual,0.005997060677386641,dominance_positive,False,0.005658484206390405,dominance_positive,False
2021-22,2022-03-16,401360859,SAS,7,new,own,0.0059932053918989895,dominance_positive,False,0.005653517582686618,dominance_positive,False
2021-22,2022-03-16,401360859,OKC,4,new,actual,0.00228856328985534,reversal,True,0.0022988013961354426,reversal,True
2021-22,2022-03-16,401360859,OKC,4,new,own,-0.0037678671965038326,reversal,True,-0.0037896172650327005,reversal,True
2021-22,2022-03-16,401360860,UTA,25,old,actual,0.0001551116395402742,negligible,False,0.00013688370094565346,negligible,False
2021-22,2022-03-16,401360860,UTA,25,old,own,0.043945517864436186,dominance_positive,False,0.04325884596186622,dominance_positive,False
2021-22,2022-03-16,401360860,CHI,22,old,actual,0.042150588258003864,dominance_positive,False,0.04216113911610102,dominance_positive,False
2021-22,2022-03-16,401360860,CHI,22,old,own,0.04218291584469248,dominance_positive,False,0.042241958082822564,dominance_positive,False
2021-22,2022-03-16,401360860,UTA,25,new,actual,0.0036965295536531906,dominance_positive,False,0.003532365693867303,dominance_positive,False
2021-22,2022-03-16,401360860,UTA,25,new,own,0.04747791435202213,dominance_positive,False,0.046629191777440085,dominance_positive,False
2021-22,2022-03-16,401360860,CHI,22,new,actual,0.04540717855015577,dominance_positive,False,0.04568489761701946,dominance_positive,False
2021-22,2022-03-16,401360860,CHI,22,new,own,0.04537009991544845,dominance_positive,False,0.045641530627256316,dominance_positive,False
2021-22,2022-03-16,401360861,GSW,28,old,actual,0.016576803316778563,dominance_positive,False,0.016646551805837403,dominance_positive,False
2021-22,2022-03-16,401360861,GSW,28,old,own,0.016576803316778563,dominance_positive,False,0.016646551805837403,dominance_positive,False
2021-22,2022-03-16,401360861,BOS,21,old,actual,0.00012685630468725875,negligible,False,0.00013991574875788125,negligible,False
2021-22,2022-03-16,401360861,BOS,21,old,own,0.038801573216326914,dominance_positive,False,0.03908800273024286,dominance_positive,False
2021-22,2022-03-16,401360861,GSW,28,new,actual,0.01658807212089947,dominance_positive,False,0.016656643914017156,dominance_positive,False
2021-22,2022-03-16,401360861,GSW,28,new,own,0.01658807212089947,dominance_positive,False,0.016656643914017156,dominance_positive,False
2021-22,2022-03-16,401360861,BOS,21,new,actual,0.0017848063854988391,negligible,False,0.001780768722970167,negligible,False
2021-22,2022-03-16,401360861,BOS,21,new,own,0.03994394178948353,dominance_positive,False,0.04010547076315811,dominance_positive,False
2021-22,2022-03-16,401360862,SAC,6,old,actual,0.00973465884257281,dominance_positive,False,0.009582232657789833,dominance_positive,False
2021-22,2022-03-16,401360862,SAC,6,old,own,0.00973465884257281,dominance_positive,False,0.009582232657789833,dominance_positive,False
2021-22,2022-03-16,401360862,MIL,26,old,actual,0.035393370369848,dominance_positive,False,0.03576654428453054,dominance_positive,False
2021-22,2022-03-16,401360862,MIL,26,old,own,0.035393370369848,dominance_positive,False,0.03576654428453054,dominance_positive,False
2021-22,2022-03-16,401360862,SAC,6,new,actual,0.0013032132674467495,dominance_positive,False,0.0012374129357660172,dominance_positive,False
2021-22,2022-03-16,401360862,SAC,6,new,own,0.0013032132674467495,dominance_positive,False,0.0012374129357660172,dominance_positive,False
2021-22,2022-03-16,401360862,MIL,26,new,actual,0.03568603810226456,dominance_positive,False,0.03623631776140929,dominance_positive,False
2021-22,2022-03-16,401360862,MIL,26,new,own,0.03568603810226456,dominance_positive,False,0.03623631776140929,dominance_positive,False
2021-22,2022-03-16,401360863,LAC,15,old,actual,0.0,negligible,False,0.0,negligible,False
2021-22,2022-03-16,401360863,LAC,15,old,own,0.008880985279934854,dominance_positive,False,0.008890142916232061,dominance_positive,False
2021-22,2022-03-16,401360863,TOR,17,old,actual,0.019452729360229515,dominance_positive,False,0.020617306893716505,dominance_positive,False
2021-22,2022-03-16,401360863,TOR,17,old,own,0.03369195347783203,dominance_positive,False,0.034098987806420816,dominance_positive,False
2021-22,2022-03-16,401360863,LAC,15,new,actual,0.0,negligible,False,0.0,negligible,False
2021-22,2022-03-16,401360863,LAC,15,new,own,0.002082769355841516,dominance_positive,False,0.0019991248604836875,dominance_positive,False
2021-22,2022-03-16,401360863,TOR,17,new,actual,0.03789727747986286,dominance_positive,False,0.03812308630922103,dominance_positive,False
2021-22,2022-03-16,401360863,TOR,17,new,own,0.043262872123400326,dominance_positive,False,0.04346519630169496,dominance_positive,False
2022-23,2023-04-09,401469376,TOR,13,old,actual,0.021590759933621088,dominance_positive,False,0.021493925431679047,dominance_positive,False
2022-23,2023-04-09,401469376,TOR,13,old,own,0.021590759933621088,dominance_positive,False,0.021493925431679047,dominance_positive,False
2022-23,2023-04-09,401469376,MIL,30,old,actual,0.0,negligible,False,0.0,negligible,False
2022-23,2023-04-09,401469376,MIL,30,old,own,0.0,negligible,False,0.0,negligible,False
2022-23,2023-04-09,401469376,TOR,13,new,actual,0.0,negligible,False,0.0,negligible,False
2022-23,2023-04-09,401469376,TOR,13,new,own,0.0,negligible,False,0.0,negligible,False
2022-23,2023-04-09,401469376,MIL,30,new,actual,0.0,negligible,False,0.0,negligible,False
2022-23,2023-04-09,401469376,MIL,30,new,own,0.0,negligible,False,0.0,negligible,False
2022-23,2023-04-09,401469373,CLE,25,old,actual,0.0,negligible,False,0.0,negligible,False
2022-23,2023-04-09,401469373,CLE,25,old,own,0.024489224440064933,dominance_positive,False,0.024404095072170787,dominance_positive,False
2022-23,2023-04-09,401469373,CHA,4,old,actual,0.007225215420897666,dominance_positive,False,0.0071088362170447575,dominance_positive,False
2022-23,2023-04-09,401469373,CHA,4,old,own,0.0,negligible,False,0.0,negligible,False
2022-23,2023-04-09,401469373,CLE,25,new,actual,0.0,negligible,False,0.0,negligible,False
2022-23,2023-04-09,401469373,CLE,25,new,own,0.024489224440064933,dominance_positive,False,0.024404095072170787,dominance_positive,False
2022-23,2023-04-09,401469373,CHA,4,new,actual,0.007225215420897666,dominance_positive,False,0.0071088362170447575,dominance_positive,False
2022-23,2023-04-09,401469373,CHA,4,new,own,0.0,negligible,False,0.0,negligible,False
2022-23,2023-04-09,401469371,BOS,29,old,actual,0.0,negligible,False,0.0,negligible,False
2022-23,2023-04-09,401469371,BOS,29,old,own,0.0,negligible,False,0.0,negligible,False
2022-23,2023-04-09,401469371,ATL,15,old,actual,0.018478649529580286,dominance_positive,False,0.01863605376589915,dominance_positive,False
2022-23,2023-04-09,401469371,ATL,15,old,own,0.018478649529580286,dominance_positive,False,0.01863605376589915,dominance_positive,False
2022-23,2023-04-09,401469371,BOS,29,new,actual,0.0,negligible,False,0.0,negligible,False
2022-23,2023-04-09,401469371,BOS,29,new,own,0.0,negligible,False,0.0,negligible,False
2022-23,2023-04-09,401469371,ATL,15,new,actual,0.0027844827493716928,dominance_positive,False,0.0027327586273694863,dominance_positive,False
2022-23,2023-04-09,401469371,ATL,15,new,own,0.0027844827493716928,dominance_positive,False,0.0027327586273694863,dominance_positive,False
2022-23,2023-04-09,401469378,CHI,12,old,actual,0.022722600916207862,dominance_positive,False,0.02273454851374544,dominance_positive,False
2022-23,2023-04-09,401469378,CHI,12,old,own,0.03150000932241052,dominance_positive,False,0.03141887187933679,dominance_positive,False
2022-23,2023-04-09,401469378,DET,1,old,actual,1.4790247236117578e-06,negligible,False,1.487055336022831e-06,negligible,False
2022-23,2023-04-09,401469378,DET,1,old,own,1.4790247236117578e-06,negligible,False,1.487055336022831e-06,negligible,False
2022-23,2023-04-09,401469378,CHI,12,new,actual,0.0,negligible,False,0.0,negligible,False
2022-23,2023-04-09,401469378,CHI,12,new,own,0.0,negligible,False,0.0,negligible,False
2022-23,2023-04-09,401469378,DET,1,new,actual,0.0,negligible,False,0.0,negligible,False
2022-23,2023-04-09,401469378,DET,1,new,own,0.0,negligible,False,0.0,negligible,False
2022-23,2023-04-09,401469377,WAS,8,old,actual,0.007985208717146981,dominance_positive,False,0.007888390439757444,dominance_positive,False
2022-23,2023-04-09,401469377,WAS,8,old,own,0.007985208717146981,dominance_positive,False,0.007888390439757444,dominance_positive,False
2022-23,2023-04-09,401469377,HOU,2,old,actual,0.0033760773484868044,unresolved,False,0.0034870692538744776,dominance_positive,False
2022-23,2023-04-09,401469377,HOU,2,old,own,0.0034541196440427274,dominance_positive,False,0.0034665788424623773,dominance_positive,False
2022-23,2023-04-09,401469377,WAS,8,new,actual,0.0,negligible,False,0.0,negligible,False
2022-23,2023-04-09,401469377,WAS,8,new,own,0.0,negligible,False,0.0,negligible,False
2022-23,2023-04-09,401469377,HOU,2,new,actual,-0.0001538254402714364,unresolved,False,-1.3806527116183316e-06,negligible,False
2022-23,2023-04-09,401469377,HOU,2,new,own,0.0,negligible,False,0.0,negligible,False
2022-23,2023-04-09,401469372,BKN,21,old,actual,0.0,negligible,False,0.0,negligible,False
2022-23,2023-04-09,401469372,BKN,21,old,own,0.017209051785797916,dominance_positive,False,0.01725215511075382,dominance_positive,False
2022-23,2023-04-09,401469372,PHI,28,old,actual,0.0,negligible,False,0.0,negligible,False
2022-23,2023-04-09,401469372,PHI,28,old,own,0.010033405135417806,dominance_positive,False,0.009988146547613472,dominance_positive,False
2022-23,2023-04-09,401469372,BKN,21,new,actual,0.0,negligible,False,0.0,negligible,False
2022-23,2023-04-09,401469372,BKN,21,new,own,0.017209051785797916,dominance_positive,False,0.01725215511075382,dominance_positive,False
2022-23,2023-04-09,401469372,PHI,28,new,actual,0.0,negligible,False,0.0,negligible,False
2022-23,2023-04-09,401469372,PHI,28,new,own,0.010033405135417806,dominance_positive,False,0.009988146547613472,dominance_positive,False
2022-23,2023-04-09,401469374,MIA,18,old,actual,0.04234680289118589,dominance_positive,False,0.04219112463228471,dominance_positive,False
2022-23,2023-04-09,401469374,MIA,18,old,own,0.04234680289118589,dominance_positive,False,0.04219112463228471,dominance_positive,False
2022-23,2023-04-09,401469374,ORL,6,old,actual,0.019499620615298655,dominance_positive,False,0.019368730239080877,dominance_positive,False
2022-23,2023-04-09,401469374,ORL,6,old,own,0.01949150316598364,dominance_positive,False,0.01936080292870523,dominance_positive,False
2022-23,2023-04-09,401469374,MIA,18,new,actual,0.026509697637039004,dominance_positive,False,0.026797414807008625,dominance_positive,False
2022-23,2023-04-09,401469374,MIA,18,new,own,0.026509697637039004,dominance_positive,False,0.026797414807008625,dominance_positive,False
2022-23,2023-04-09,401469374,ORL,6,new,actual,0.0,negligible,False,0.0,negligible,False
2022-23,2023-04-09,401469374,ORL,6,new,own,0.0,negligible,False,0.0,negligible,False
2022-23,2023-04-09,401469375,NYK,23,old,actual,8.833246576543644e-06,negligible,False,8.24375784289621e-06,negligible,False
2022-23,2023-04-09,401469375,NYK,23,old,own,0.01005711201963754,dominance_positive,False,0.009892241317650373,dominance_positive,False
2022-23,2023-04-09,401469375,IND,7,old,actual,0.01930822999560845,dominance_positive,False,0.01933724281111703,dominance_positive,False
2022-23,2023-04-09,401469375,IND,7,old,own,0.01930822999560845,dominance_positive,False,0.01933724281111703,dominance_positive,False
2022-23,2023-04-09,401469375,NYK,23,new,actual,0.0,negligible,False,0.0,negligible,False
2022-23,2023-04-09,401469375,NYK,23,new,own,0.01005711201963754,dominance_positive,False,0.009892241317650373,dominance_positive,False
2022-23,2023-04-09,401469375,IND,7,new,actual,0.0,negligible,False,0.0,negligible,False
2022-23,2023-04-09,401469375,IND,7,new,own,0.0,negligible,False,0.0,negligible,False
2022-23,2023-04-09,401469379,DAL,10,old,actual,0.177092734042812,dominance_positive,False,0.17622041309220268,dominance_positive,False
2022-23,2023-04-09,401469379,DAL,10,old,own,0.019475871811014737,dominance_positive,False,0.01932999172698555,dominance_positive,False
2022-23,2023-04-09,401469379,SAS,3,old,actual,0.003433758450673876,dominance_positive,False,0.003449936645484954,dominance_positive,False
2022-23,2023-04-09,401469379,SAS,3,old,own,0.003433758450673876,dominance_positive,False,0.003449936645484954,dominance_positive,False
2022-23,2023-04-09,401469379,DAL,10,new,actual,0.0,negligible,False,0.0,negligible,False
2022-23,2023-04-09,401469379,DAL,10,new,own,0.0,negligible,False,0.0,negligible,False
2022-23,2023-04-09,401469379,SAS,3,new,actual,0.0,negligible,False,0.0,negligible,False
2022-23,2023-04-09,401469379,SAS,3,new,own,0.0,negligible,False,0.0,negligible,False
2022-23,2023-04-09,401469381,OKC,11,old,actual,0.03395231827274608,dominance_positive,False,0.03347605703928476,dominance_positive,False
2022-23,2023-04-09,401469381,OKC,11,old,own,0.033476832432608156,dominance_positive,False,0.03363604937904868,dominance_positive,False
2022-23,2023-04-09,401469381,MEM,26,old,actual,0.02451293089266482,dominance_positive,False,0.02442672447911625,dominance_positive,False
2022-23,2023-04-09,401469381,MEM,26,old,own,0.02451293089266482,dominance_positive,False,0.02442672447911625,dominance_positive,False
2022-23,2023-04-09,401469381,OKC,11,new,actual,0.0,negligible,False,0.0,negligible,False
2022-23,2023-04-09,401469381,OKC,11,new,own,0.0,negligible,False,0.0,negligible,False
2022-23,2023-04-09,401469381,MEM,26,new,actual,0.02451293089266482,dominance_positive,False,0.02442672447911625,dominance_positive,False
2022-23,2023-04-09,401469381,MEM,26,new,own,0.02451293089266482,dominance_positive,False,0.02442672447911625,dominance_positive,False
2022-23,2023-04-09,401469385,POR,5,old,actual,0.014646877190805693,dominance_positive,False,0.014694710747589226,dominance_positive,False
2022-23,2023-04-09,401469385,POR,5,old,own,0.014646877190805693,dominance_positive,False,0.014694710747589226,dominance_positive,False
2022-23,2023-04-09,401469385,GSW,19,old,actual,0.06962811903879526,dominance_positive,False,0.06958708615311228,dominance_positive,False
2022-23,2023-04-09,401469385,GSW,19,old,own,0.06962811903879526,dominance_positive,False,0.06958708615311228,dominance_positive,False
2022-23,2023-04-09,401469385,POR,5,new,actual,0.0,negligible,False,0.0,negligible,False
2022-23,2023-04-09,401469385,POR,5,new,own,0.0,negligible,False,0.0,negligible,False
2022-23,2023-04-09,401469385,GSW,19,new,actual,0.12422128944208137,dominance_positive,False,0.122857205190471,dominance_positive,False
2022-23,2023-04-09,401469385,GSW,19,new,own,0.12422128944208137,dominance_positive,False,0.122857205190471,dominance_positive,False
2022-23,2023-04-09,401469382,DEN,27,old,actual,0.0,negligible,False,0.0,negligible,False
2022-23,2023-04-09,401469382,DEN,27,old,own,0.03144396543502808,dominance_positive,False,0.03138469839918203,dominance_positive,False
2022-23,2023-04-09,401469382,SAC,24,old,actual,0.013389008600136332,dominance_positive,False,0.013312499975336014,dominance_positive,False
2022-23,2023-04-09,401469382,SAC,24,old,own,0.013389008600136332,dominance_positive,False,0.013312499975336014,dominance_positive,False
2022-23,2023-04-09,401469382,DEN,27,new,actual,0.0,negligible,False,0.0,negligible,False
2022-23,2023-04-09,401469382,DEN,27,new,own,0.03144396543502808,dominance_positive,False,0.03138469839918203,dominance_positive,False
2022-23,2023-04-09,401469382,SAC,24,new,actual,0.013389008600136332,dominance_positive,False,0.013312499975336014,dominance_positive,False
2022-23,2023-04-09,401469382,SAC,24,new,own,0.013389008600136332,dominance_positive,False,0.013312499975336014,dominance_positive,False
2022-23,2023-04-09,401469383,LAL,17,old,actual,0.02438335126866025,dominance_positive,False,0.02382341080986753,dominance_positive,False
2022-23,2023-04-09,401469383,LAL,17,old,own,0.044142052896083986,dominance_positive,False,0.043313305619522006,dominance_positive,False
2022-23,2023-04-09,401469383,UTA,9,old,actual,0.01462669643150454,dominance_positive,False,0.01429999394127537,dominance_positive,False
2022-23,2023-04-09,401469383,UTA,9,old,own,0.005747991594086102,dominance_positive,False,0.005550331691884224,dominance_positive,False
2022-23,2023-04-09,401469383,LAL,17,new,actual,0.030969827845973637,dominance_positive,False,0.0314488822818786,dominance_positive,False
2022-23,2023-04-09,401469383,LAL,17,new,own,0.05477528176752144,dominance_positive,False,0.054150116281937166,dominance_positive,False
2022-23,2023-04-09,401469383,UTA,9,new,actual,0.011650142834164556,dominance_positive,False,0.013140544128114487,dominance_positive,False
2022-23,2023-04-09,401469383,UTA,9,new,own,0.0,negligible,False,0.0,negligible,False
2022-23,2023-04-09,401469384,PHX,22,old,actual,0.0,negligible,False,0.0,negligible,False
2022-23,2023-04-09,401469384,PHX,22,old,own,0.017243534532086605,dominance_positive,False,0.017457974100935057,dominance_positive,False
2022-23,2023-04-09,401469384,LAC,20,old,actual,8.539870816909163e-05,negligible,False,6.967268449129891e-05,negligible,False
2022-23,2023-04-09,401469384,LAC,20,old,own,0.05700086546666389,dominance_positive,False,0.05771828345314134,dominance_positive,False
2022-23,2023-04-09,401469384,PHX,22,new,actual,0.0,negligible,False,0.0,negligible,False
2022-23,2023-04-09,401469384,PHX,22,new,own,0.017243534532086605,dominance_positive,False,0.017457974100935057,dominance_positive,False
2022-23,2023-04-09,401469384,LAC,20,new,actual,0.010487338416198078,dominance_positive,False,0.010735048464387014,dominance_positive,False
2022-23,2023-04-09,401469384,LAC,20,new,own,0.07489391159667665,dominance_positive,False,0.0763716347709876,dominance_positive,False
2022-23,2023-04-09,401469380,MIN,14,old,actual,0.0,negligible,False,0.0,negligible,False
2022-23,2023-04-09,401469380,MIN,14,old,own,0.06830251325363419,dominance_positive,False,0.06839494774069892,dominance_positive,False
2022-23,2023-04-09,401469380,NOP,16,old,actual,0.06887526848245057,dominance_positive,False,0.06907664477889393,dominance_positive,False
2022-23,2023-04-09,401469380,NOP,16,old,own,0.10975092177054491,dominance_positive,False,0.10927985165059438,dominance_positive,False
2022-23,2023-04-09,401469380,MIN,14,new,actual,0.0,negligible,False,0.0,negligible,False
2022-23,2023-04-09,401469380,MIN,14,new,own,0.18984830782202813,dominance_positive,False,0.1888074258663531,dominance_positive,False
2022-23,2023-04-09,401469380,NOP,16,new,actual,0.1949447733989981,dominance_positive,False,0.19483570204052178,dominance_positive,False
2022-23,2023-04-09,401469380,NOP,16,new,own,0.28641153679454123,dominance_positive,False,0.28483615252349914,dominance_positive,False
2022-23,2023-03-25,401469262,ATL,14,old,actual,0.05621310329498273,dominance_positive,False,0.056599734228012524,dominance_positive,False
2022-23,2023-03-25,401469262,ATL,14,old,own,0.05621310329498273,dominance_positive,False,0.056599734228012524,dominance_positive,False
2022-23,2023-03-25,401469262,IND,7,old,actual,0.034853522771857035,dominance_positive,False,0.035201839181706954,dominance_positive,False
2022-23,2023-03-25,401469262,IND,7,old,own,0.034853522771857035,dominance_positive,False,0.035201839181706954,dominance_positive,False
2022-23,2023-03-25,401469262,ATL,14,new,actual,0.045058970815935656,dominance_positive,False,0.0445886039927377,dominance_positive,False
2022-23,2023-03-25,401469262,ATL,14,new,own,0.045058970815935656,dominance_positive,False,0.0445886039927377,dominance_positive,False
2022-23,2023-03-25,401469262,IND,7,new,actual,0.014171519472486674,dominance_positive,False,0.013933485568739907,dominance_positive,False
2022-23,2023-03-25,401469262,IND,7,new,own,0.014171519472486674,dominance_positive,False,0.013933485568739907,dominance_positive,False
2022-23,2023-03-25,401469263,MIA,22,old,actual,0.0491850657517483,dominance_positive,False,0.04981325245567483,dominance_positive,False
2022-23,2023-03-25,401469263,MIA,22,old,own,0.0491850657517483,dominance_positive,False,0.04981325245567483,dominance_positive,False
2022-23,2023-03-25,401469263,BKN,21,old,actual,0.054526538075290724,dominance_positive,False,0.05556925129001799,dominance_positive,False
2022-23,2023-03-25,401469263,BKN,21,old,own,0.055311338820271914,dominance_positive,False,0.05615646406756129,dominance_positive,False
2022-23,2023-03-25,401469263,MIA,22,new,actual,0.07731149677757237,dominance_positive,False,0.07951958917097414,dominance_positive,False
2022-23,2023-03-25,401469263,MIA,22,new,own,0.07731149677757237,dominance_positive,False,0.07951958917097414,dominance_positive,False
2022-23,2023-03-25,401469263,BKN,21,new,actual,0.07456869607050662,dominance_positive,False,0.07720066662243535,dominance_positive,False
2022-23,2023-03-25,401469263,BKN,21,new,own,0.08598488044041883,dominance_positive,False,0.08908547616266677,dominance_positive,False
2022-23,2023-03-25,401469264,DEN,28,old,actual,0.0,negligible,False,0.0,negligible,False
2022-23,2023-03-25,401469264,DEN,28,old,own,0.01765517228266931,dominance_positive,False,0.017454741452900886,dominance_positive,False
2022-23,2023-03-25,401469264,MIL,30,old,actual,0.0,negligible,False,0.0,negligible,False
2022-23,2023-03-25,401469264,MIL,30,old,own,0.0034741379490025857,dominance_positive,False,0.00353232759813746,dominance_positive,False
2022-23,2023-03-25,401469264,DEN,28,new,actual,0.0,negligible,False,0.0,negligible,False
2022-23,2023-03-25,401469264,DEN,28,new,own,0.01765517228266931,dominance_positive,False,0.017454741452900886,dominance_positive,False
2022-23,2023-03-25,401469264,MIL,30,new,actual,0.0,negligible,False,0.0,negligible,False
2022-23,2023-03-25,401469264,MIL,30,new,own,0.0034741379490025857,dominance_positive,False,0.00353232759813746,dominance_positive,False
2022-23,2023-03-25,401469266,SAC,24,old,actual,0.010677801825523631,dominance_positive,False,0.010823276026800659,dominance_positive,False
2022-23,2023-03-25,401469266,SAC,24,old,own,0.010677801825523631,dominance_positive,False,0.010823276026800659,dominance_positive,False
2022-23,2023-03-25,401469266,UTA,10,old,actual,0.05482012542968231,dominance_positive,False,0.05453400386946982,dominance_positive,False
2022-23,2023-03-25,401469266,UTA,10,old,own,0.05896016374876189,dominance_positive,False,0.05862416784357327,dominance_positive,False
2022-23,2023-03-25,401469266,SAC,24,new,actual,0.010676724249978772,dominance_positive,False,0.010817888101787658,dominance_positive,False
2022-23,2023-03-25,401469266,SAC,24,new,own,0.010676724249978772,dominance_positive,False,0.010817888101787658,dominance_positive,False
2022-23,2023-03-25,401469266,UTA,10,new,actual,0.035302565802533006,dominance_positive,False,0.03528048210849349,dominance_positive,False
2022-23,2023-03-25,401469266,UTA,10,new,own,0.04094126058152299,dominance_positive,False,0.04076587928499191,dominance_positive,False
2022-23,2023-03-25,401469265,PHX,19,old,actual,0.0,negligible,False,0.0,negligible,False
2022-23,2023-03-25,401469265,PHX,19,old,own,0.049253319596504426,dominance_positive,False,0.04893239300924851,dominance_positive,False
2022-23,2023-03-25,401469265,PHI,27,old,actual,0.0,negligible,False,0.0,negligible,False
2022-23,2023-03-25,401469265,PHI,27,old,own,0.017042025769739576,dominance_positive,False,0.017199353426373725,dominance_positive,False
2022-23,2023-03-25,401469265,PHX,19,new,actual,0.0,negligible,False,0.0,negligible,False
2022-23,2023-03-25,401469265,PHX,19,new,own,0.06449663269951747,dominance_positive,False,0.06351629282765348,dominance_positive,False
2022-23,2023-03-25,401469265,PHI,27,new,actual,0.0,negligible,False,0.0,negligible,False
2022-23,2023-03-25,401469265,PHI,27,new,own,0.017042025769739576,dominance_positive,False,0.017199353426373725,dominance_positive,False
2022-23,2023-03-25,401469267,LAC,20,old,actual,0.0001411637957288145,negligible,False,0.00017860991698649616,negligible,False
2022-23,2023-03-25,401469267,LAC,20,old,own,0.053953121796286474,dominance_positive,False,0.05429651841473091,dominance_positive,False
2022-23,2023-03-25,401469267,NOP,15,old,actual,0.04805980603427401,dominance_positive,False,0.047560513244346216,dominance_positive,False
2022-23,2023-03-25,401469267,NOP,15,old,own,0.06812295258683472,dominance_positive,False,0.06734217989311658,dominance_positive,False
2022-23,2023-03-25,401469267,LAC,20,new,actual,0.013833243580563155,dominance_positive,False,0.013932179403860134,dominance_positive,False
2022-23,2023-03-25,401469267,LAC,20,new,own,0.07852368941474384,dominance_positive,False,0.07878695683593957,dominance_positive,False
2022-23,2023-03-25,401469267,NOP,15,new,actual,0.03803367430073257,dominance_positive,False,0.03714688836321172,dominance_positive,False
2022-23,2023-03-25,401469267,NOP,15,new,own,0.0649797885614078,dominance_positive,False,0.06424817615995537,dominance_positive,False
2023-24,2024-04-05,401585744,IND,16,old,actual,0.0022994719794750666,negligible,False,0.0023530512706753954,negligible,False
2023-24,2024-04-05,401585744,IND,16,old,own,0.040103131680727294,dominance_positive,False,0.040252077955339145,dominance_positive,False
2023-24,2024-04-05,401585744,OKC,27,old,actual,0.0001325430979767557,negligible,False,2.084455214759957e-05,negligible,False
2023-24,2024-04-05,401585744,OKC,27,old,own,0.01679525857020555,dominance_positive,False,0.016748922536197794,dominance_positive,False
2023-24,2024-04-05,401585744,IND,16,new,actual,0.011889399808253452,dominance_positive,False,0.011654696195579038,dominance_positive,False
2023-24,2024-04-05,401585744,IND,16,new,own,0.04462575432756146,dominance_positive,False,0.04432953378410432,dominance_positive,False
2023-24,2024-04-05,401585744,OKC,27,new,actual,0.0,negligible,False,0.0,negligible,False
2023-24,2024-04-05,401585744,OKC,27,new,own,0.01679525857020555,dominance_positive,False,0.016748922536197794,dominance_positive,False
2023-24,2024-04-05,401585743,CHA,3,old,actual,0.005075689468153697,dominance_positive,False,0.005004865374718564,dominance_positive,False
2023-24,2024-04-05,401585743,CHA,3,old,own,0.005075689468153697,dominance_positive,False,0.005004865374718564,dominance_positive,False
2023-24,2024-04-05,401585743,ORL,19,old,actual,0.05729709976823795,dominance_positive,False,0.05725280620713828,dominance_positive,False
2023-24,2024-04-05,401585743,ORL,19,old,own,0.05729709976823795,dominance_positive,False,0.05725280620713828,dominance_positive,False
2023-24,2024-04-05,401585743,CHA,3,new,actual,0.002928669608723984,reversal,True,0.002931499175590883,reversal,True
2023-24,2024-04-05,401585743,CHA,3,new,own,-0.006766733847707028,reversal,True,-0.006766708940789422,reversal,True
2023-24,2024-04-05,401585743,ORL,19,new,actual,0.05506372271697759,dominance_positive,False,0.05516075761848258,dominance_positive,False
2023-24,2024-04-05,401585743,ORL,19,new,own,0.05506372271697759,dominance_positive,False,0.05516075761848258,dominance_positive,False
2023-24,2024-04-05,401585745,WAS,2,old,actual,0.0010956356663192638,dominance_positive,False,0.001047918887554008,dominance_positive,False
2023-24,2024-04-05,401585745,WAS,2,old,own,0.0010708500802157391,dominance_positive,False,0.0010771121686160884,dominance_positive,False
2023-24,2024-04-05,401585745,POR,5,old,actual,0.003894423417918802,dominance_positive,False,0.0038867022787547013,dominance_positive,False
2023-24,2024-04-05,401585745,POR,5,old,own,0.0038929916475949696,dominance_positive,False,0.003885279523659345,dominance_positive,False
2023-24,2024-04-05,401585745,WAS,2,new,actual,0.0007055495230778089,negligible,False,0.00030364358931145606,negligible,True
2023-24,2024-04-05,401585745,WAS,2,new,own,-0.00011132543071117255,negligible,True,-0.0001099465778985169,negligible,True
2023-24,2024-04-05,401585745,POR,5,new,actual,0.00025168831029448376,reversal,True,0.00025079635586618967,reversal,True
2023-24,2024-04-05,401585745,POR,5,new,own,-0.0006336623925424896,reversal,True,-0.000630109465446053,reversal,True
2023-24,2024-04-05,401585746,BOS,30,old,actual,0.0,negligible,False,0.0,negligible,False
2023-24,2024-04-05,401585746,BOS,30,old,own,0.0,negligible,False,0.0,negligible,False
2023-24,2024-04-05,401585746,SAC,18,old,actual,0.09593583769494153,dominance_positive,False,0.09592903877761022,dominance_positive,False
2023-24,2024-04-05,401585746,SAC,18,old,own,0.06866751892018484,dominance_positive,False,0.06875339238358467,dominance_positive,False
2023-24,2024-04-05,401585746,BOS,30,new,actual,0.0,negligible,False,0.0,negligible,False
2023-24,2024-04-05,401585746,BOS,30,new,own,0.0,negligible,False,0.0,negligible,False
2023-24,2024-04-05,401585746,SAC,18,new,actual,0.12970210049718875,dominance_positive,False,0.12988713759190307,dominance_positive,False
2023-24,2024-04-05,401585746,SAC,18,new,own,0.09549561125914774,dominance_positive,False,0.09586812460092536,dominance_positive,False
2023-24,2024-04-05,401585749,MEM,7,old,actual,0.0041624461854446754,dominance_positive,False,0.004114762991215183,dominance_positive,False
2023-24,2024-04-05,401585749,MEM,7,old,own,0.0040417567655287225,dominance_positive,False,0.004119383423375643,dominance_positive,False
2023-24,2024-04-05,401585749,DET,1,old,actual,0.0008674381545043047,dominance_positive,False,0.0008929342760991013,dominance_positive,False
2023-24,2024-04-05,401585749,DET,1,old,own,0.0008674381545043047,dominance_positive,False,0.0008929342760991013,dominance_positive,False
2023-24,2024-04-05,401585749,MEM,7,new,actual,7.2737156959443945e-06,negligible,False,-0.00010684941174735411,negligible,False
2023-24,2024-04-05,401585749,MEM,7,new,own,5.336923674082659e-07,negligible,False,9.496477373275033e-07,negligible,False
2023-24,2024-04-05,401585749,DET,1,new,actual,1.8864263632888769e-06,negligible,False,3.4443848788465323e-06,negligible,True
2023-24,2024-04-05,401585749,DET,1,new,own,1.8864263632888769e-06,negligible,False,3.4443848788465323e-06,negligible,True
2023-24,2024-04-05,401585751,NOP,22,old,actual,0.05728095109815011,dominance_positive,False,0.05619765910927087,dominance_positive,False
2023-24,2024-04-05,401585751,NOP,22,old,own,0.07488043726369704,dominance_positive,False,0.0739945328763108,dominance_positive,False
2023-24,2024-04-05,401585751,SAS,4,old,actual,0.0061186851050199255,dominance_positive,False,0.006115667257543402,dominance_positive,False
2023-24,2024-04-05,401585751,SAS,4,old,own,0.0058963516248582756,dominance_positive,False,0.005869208562820983,dominance_positive,False
2023-24,2024-04-05,401585751,NOP,22,new,actual,0.08333205206046715,dominance_positive,False,0.08099062926160043,dominance_positive,False
2023-24,2024-04-05,401585751,NOP,22,new,own,0.10823211503311478,dominance_positive,False,0.10641363785329179,dominance_positive,False
2023-24,2024-04-05,401585751,SAS,4,new,actual,0.0030912681327779495,reversal,True,0.0030288429052071214,reversal,True
2023-24,2024-04-05,401585751,SAS,4,new,own,-0.003943714219514793,reversal,True,-0.0038735437469059135,reversal,True
2023-24,2024-04-05,401585748,HOU,12,old,actual,0.005318470255063793,dominance_positive,False,0.004750977082664557,dominance_positive,False
2023-24,2024-04-05,401585748,HOU,12,old,own,0.006257031782056558,dominance_positive,False,0.006058799666713859,dominance_positive,False
2023-24,2024-04-05,401585748,MIA,14,old,actual,0.03511499352686048,dominance_positive,False,0.03519841928966344,dominance_positive,False
2023-24,2024-04-05,401585748,MIA,14,old,own,0.03511499352686048,dominance_positive,False,0.03519841928966344,dominance_positive,False
2023-24,2024-04-05,401585748,HOU,12,new,actual,1.6515434685382798e-06,negligible,False,1.6538275126510505e-06,negligible,False
2023-24,2024-04-05,401585748,HOU,12,new,own,3.2439931755310804e-05,negligible,False,3.2437352269802244e-05,negligible,False
2023-24,2024-04-05,401585748,MIA,14,new,actual,0.038713541404777695,dominance_positive,False,0.04028819711485493,dominance_positive,False
2023-24,2024-04-05,401585748,MIA,14,new,own,0.038713541404777695,dominance_positive,False,0.04028819711485493,dominance_positive,False
2023-24,2024-04-05,401585747,CHI,11,old,actual,0.01053247891988702,dominance_positive,False,0.010716843556066787,dominance_positive,False
2023-24,2024-04-05,401585747,CHI,11,old,own,0.01053247891988702,dominance_positive,False,0.010716843556066787,dominance_positive,False
2023-24,2024-04-05,401585747,NYK,20,old,actual,0.051969232310121696,dominance_positive,False,0.052080726997376,dominance_positive,False
2023-24,2024-04-05,401585747,NYK,20,old,own,0.05619013748836828,dominance_positive,False,0.05634581338483133,dominance_positive,False
2023-24,2024-04-05,401585747,CHI,11,new,actual,3.253828409563946e-05,negligible,False,1.7732130503457574e-05,negligible,False
2023-24,2024-04-05,401585747,CHI,11,new,own,3.253828409563946e-05,negligible,False,1.7732130503457574e-05,negligible,False
2023-24,2024-04-05,401585747,NYK,20,new,actual,0.047372825987735394,dominance_positive,False,0.04746149873293751,dominance_positive,False
2023-24,2024-04-05,401585747,NYK,20,new,own,0.05146011045641177,dominance_positive,False,0.051599430053962544,dominance_positive,False
2023-24,2024-04-05,401585750,MIL,25,old,actual,0.028685344852475,dominance_positive,False,0.028243534537112532,dominance_positive,False
2023-24,2024-04-05,401585750,MIL,25,old,own,0.042484542381279085,dominance_positive,False,0.041795258613881364,dominance_positive,False
2023-24,2024-04-05,401585750,TOR,6,old,actual,0.0057529688235753015,dominance_positive,False,0.005885118393319884,dominance_positive,False
2023-24,2024-04-05,401585750,TOR,6,old,own,0.0008537591662879398,dominance_positive,False,0.0008800311980310435,dominance_positive,False
2023-24,2024-04-05,401585750,MIL,25,new,actual,0.028773707142501173,dominance_positive,False,0.028315496989036612,dominance_positive,False
2023-24,2024-04-05,401585750,MIL,25,new,own,0.04095993830922014,dominance_positive,False,0.040323313004558034,dominance_positive,False
2023-24,2024-04-05,401585750,TOR,6,new,actual,0.00033221309455131685,dominance_positive,False,0.00031231439258935366,dominance_positive,False
2023-24,2024-04-05,401585750,TOR,6,new,own,0.0,negligible,False,0.0,negligible,False
2023-24,2024-04-05,401585725,DAL,24,old,actual,0.0004326676381506018,negligible,False,0.00045948051185530793,negligible,False
2023-24,2024-04-05,401585725,DAL,24,old,own,0.04648582225607493,dominance_positive,False,0.04689263119504176,dominance_positive,False
2023-24,2024-04-05,401585725,GSW,15,old,actual,0.008499183468600928,dominance_positive,False,0.008334001414558112,dominance_positive,False
2023-24,2024-04-05,401585725,GSW,15,old,own,0.04077084351322966,dominance_positive,False,0.03996743565923053,dominance_positive,False
2023-24,2024-04-05,401585725,DAL,24,new,actual,0.012544795073335988,dominance_positive,False,0.013123590727858568,dominance_positive,False
2023-24,2024-04-05,401585725,DAL,24,new,own,0.05292322826190403,dominance_positive,False,0.053677629962330685,dominance_positive,False
2023-24,2024-04-05,401585725,GSW,15,new,actual,0.03325185768948547,dominance_positive,False,0.03294876672263289,dominance_positive,False
2023-24,2024-04-05,401585725,GSW,15,new,own,0.0453290037488051,dominance_positive,False,0.04465160319629799,dominance_positive,False
2023-24,2024-04-05,401585753,PHX,21,old,actual,0.0712114765922587,dominance_positive,False,0.07185732065459134,dominance_positive,False
2023-24,2024-04-05,401585753,PHX,21,old,own,0.07220149235422563,dominance_positive,False,0.0727671564853718,dominance_positive,False
2023-24,2024-04-05,401585753,MIN,29,old,actual,0.016064655176074853,dominance_positive,False,0.016183189734623862,dominance_positive,False
2023-24,2024-04-05,401585753,MIN,29,old,own,0.016064655176074853,dominance_positive,False,0.016183189734623862,dominance_positive,False
2023-24,2024-04-05,401585753,PHX,21,new,actual,0.08380199365767424,dominance_positive,False,0.08538830157699553,dominance_positive,False
2023-24,2024-04-05,401585753,PHX,21,new,own,0.10332454802083045,dominance_positive,False,0.10572177891780075,dominance_positive,False
2023-24,2024-04-05,401585753,MIN,29,new,actual,0.016064655176074853,dominance_positive,False,0.016183189734623862,dominance_positive,False
2023-24,2024-04-05,401585753,MIN,29,new,own,0.016064655176074853,dominance_positive,False,0.016183189734623862,dominance_positive,False
2023-24,2024-04-05,401585754,LAC,26,old,actual,0.0,negligible,False,0.0,negligible,False
2023-24,2024-04-05,401585754,LAC,26,old,own,0.01935828668426894,dominance_positive,False,0.019146017029132288,dominance_positive,False
2023-24,2024-04-05,401585754,UTA,8,old,actual,0.010464439691879365,dominance_positive,False,0.010776805263293644,dominance_positive,False
2023-24,2024-04-05,401585754,UTA,8,old,own,0.007820052296997265,dominance_positive,False,0.007905947215513697,dominance_positive,False
2023-24,2024-04-05,401585754,LAC,26,new,actual,0.0,negligible,False,0.0,negligible,False
2023-24,2024-04-05,401585754,LAC,26,new,own,0.02127782788769451,dominance_positive,False,0.0212177522456703,dominance_positive,False
2023-24,2024-04-05,401585754,UTA,8,new,actual,0.000534482793842346,negligible,False,-0.0002309065173402156,negligible,False
2023-24,2024-04-05,401585754,UTA,8,new,own,0.0,negligible,False,0.0,negligible,False
2023-24,2024-03-31,401585705,DEN,27,old,actual,0.014628232741359106,dominance_positive,False,0.01460668096182354,dominance_positive,False
2023-24,2024-03-31,401585705,DEN,27,old,own,0.014628232741359106,dominance_positive,False,0.01460668096182354,dominance_positive,False
2023-24,2024-03-31,401585705,CLE,24,old,actual,0.03856906624380873,dominance_positive,False,0.03857486815967118,dominance_positive,False
2023-24,2024-03-31,401585705,CLE,24,old,own,0.03856906624380873,dominance_positive,False,0.03857486815967118,dominance_positive,False
2023-24,2024-03-31,401585705,DEN,27,new,actual,0.014628232741359106,dominance_positive,False,0.01460668096182354,dominance_positive,False
2023-24,2024-03-31,401585705,DEN,27,new,own,0.014628232741359106,dominance_positive,False,0.01460668096182354,dominance_positive,False
2023-24,2024-03-31,401585705,CLE,24,new,actual,0.03757342216535923,dominance_positive,False,0.03759714431984948,dominance_positive,False
2023-24,2024-03-31,401585705,CLE,24,new,own,0.03757342216535923,dominance_positive,False,0.03759714431984948,dominance_positive,False
2023-24,2024-03-31,401585706,BKN,8,old,actual,0.0,negligible,False,0.0,negligible,False
2023-24,2024-03-31,401585706,BKN,8,old,own,0.0057797678005126005,dominance_positive,False,0.005622202008355788,dominance_positive,False
2023-24,2024-03-31,401585706,LAL,16,old,actual,0.0,negligible,False,0.0,negligible,False
2023-24,2024-03-31,401585706,LAL,16,old,own,0.044884511371512475,dominance_positive,False,0.044786771833816345,dominance_positive,False
2023-24,2024-03-31,401585706,BKN,8,new,actual,0.0,negligible,False,0.0,negligible,False
2023-24,2024-03-31,401585706,BKN,8,new,own,0.0005969493575969606,negligible,False,0.0005522796326461283,negligible,False
2023-24,2024-03-31,401585706,LAL,16,new,actual,0.0,negligible,False,0.0,negligible,False
2023-24,2024-03-31,401585706,LAL,16,new,own,0.061185763991444875,dominance_positive,False,0.06213816605172128,dominance_positive,False
2023-24,2024-03-31,401585708,TOR,6,old,actual,0.02265690594853014,dominance_positive,False,0.023225218363845432,dominance_positive,False
2023-24,2024-03-31,401585708,TOR,6,old,own,0.0038856815101238123,dominance_positive,False,0.003969664285573004,dominance_positive,False
2023-24,2024-03-31,401585708,PHI,13,old,actual,0.017721991977857125,dominance_positive,False,0.017643294913196488,dominance_positive,False
2023-24,2024-03-31,401585708,PHI,13,old,own,0.017721991977857125,dominance_positive,False,0.017643294913196488,dominance_positive,False
2023-24,2024-03-31,401585708,TOR,6,new,actual,0.0020197630073029173,dominance_positive,False,0.0019412006906586532,dominance_positive,False
2023-24,2024-03-31,401585708,TOR,6,new,own,0.0,negligible,False,0.0,negligible,False
2023-24,2024-03-31,401585708,PHI,13,new,actual,0.015405431597630076,dominance_positive,False,0.014643590702707399,dominance_positive,False
2023-24,2024-03-31,401585708,PHI,13,new,own,0.015405431597630076,dominance_positive,False,0.014643590702707399,dominance_positive,False
2023-24,2024-03-31,401585709,WAS,2,old,actual,0.0014911101925475822,unresolved,False,0.001488752775749788,dominance_positive,False
2023-24,2024-03-31,401585709,WAS,2,old,own,0.0015560062414329728,dominance_positive,False,0.0015739852721087311,dominance_positive,False
2023-24,2024-03-31,401585709,MIA,15,old,actual,0.031658263417289015,dominance_positive,False,0.03098367170161761,dominance_positive,False
2023-24,2024-03-31,401585709,MIA,15,old,own,0.031658263417289015,dominance_positive,False,0.03098367170161761,dominance_positive,False
2023-24,2024-03-31,401585709,WAS,2,new,actual,0.00042025861661511884,unresolved,True,0.0005971511455096208,negligible,True
2023-24,2024-03-31,401585709,WAS,2,new,own,-0.0001348812429496947,negligible,True,-0.00014635949032543942,negligible,True
2023-24,2024-03-31,401585709,MIA,15,new,actual,0.03403869336197988,dominance_positive,False,0.032240499203607186,dominance_positive,False
2023-24,2024-03-31,401585709,MIA,15,new,own,0.03403869336197988,dominance_positive,False,0.032240499203607186,dominance_positive,False
2023-24,2024-03-31,401585707,CHA,4,old,actual,0.006612980535981963,dominance_positive,False,0.0066180557931745055,dominance_positive,False
2023-24,2024-03-31,401585707,CHA,4,old,own,0.006612980535981963,dominance_positive,False,0.0066180557931745055,dominance_positive,False
2023-24,2024-03-31,401585707,LAC,25,old,actual,0.0,negligible,False,0.0,negligible,False
2023-24,2024-03-31,401585707,LAC,25,old,own,0.027854617058010088,dominance_positive,False,0.027809650344397217,dominance_positive,False
2023-24,2024-03-31,401585707,CHA,4,new,actual,0.0024291913039131297,reversal,True,0.0024426586389870815,reversal,True
2023-24,2024-03-31,401585707,CHA,4,new,own,-0.005764008973572595,reversal,True,-0.005794834846225245,reversal,True
2023-24,2024-03-31,401585707,LAC,25,new,actual,0.0,negligible,False,0.0,negligible,False
2023-24,2024-03-31,401585707,LAC,25,new,own,0.030295228989551982,dominance_positive,False,0.03035863483699484,dominance_positive,False
2023-24,2024-03-31,401585711,HOU,12,old,actual,0.007834593724639962,dominance_positive,False,0.008144859742961435,dominance_positive,False
2023-24,2024-03-31,401585711,HOU,12,old,own,0.016508655620995783,dominance_positive,False,0.016385273829520007,dominance_positive,False
2023-24,2024-03-31,401585711,DAL,21,old,actual,0.0006884912716762708,negligible,False,0.0006840582363355649,negligible,False
2023-24,2024-03-31,401585711,DAL,21,old,own,0.04351574924135479,dominance_positive,False,0.043349293141390716,dominance_positive,False
2023-24,2024-03-31,401585711,HOU,12,new,actual,0.000366789760818988,negligible,False,0.00036987245851974126,negligible,False
2023-24,2024-03-31,401585711,HOU,12,new,own,0.008213797437117669,dominance_positive,False,0.008233474460722107,dominance_positive,False
2023-24,2024-03-31,401585711,DAL,21,new,actual,0.020264506763858908,dominance_positive,False,0.019854286074686537,dominance_positive,False
2023-24,2024-03-31,401585711,DAL,21,new,own,0.05459243388501285,dominance_positive,False,0.054117998253265076,dominance_positive,False
2023-24,2024-03-31,401585712,MIN,28,old,actual,0.014038793149580859,dominance_positive,False,0.01429202599226144,dominance_positive,False
2023-24,2024-03-31,401585712,MIN,28,old,own,0.014038793149580859,dominance_positive,False,0.01429202599226144,dominance_positive,False
2023-24,2024-03-31,401585712,CHI,11,old,actual,0.008278147935167816,dominance_positive,False,0.008695725454007487,dominance_positive,False
2023-24,2024-03-31,401585712,CHI,11,old,own,0.008278147935167816,dominance_positive,False,0.008695725454007487,dominance_positive,False
2023-24,2024-03-31,401585712,MIN,28,new,actual,0.014038793149580859,dominance_positive,False,0.01429202599226144,dominance_positive,False
2023-24,2024-03-31,401585712,MIN,28,new,own,0.014038793149580859,dominance_positive,False,0.01429202599226144,dominance_positive,False
2023-24,2024-03-31,401585712,CHI,11,new,actual,0.003984375907585194,dominance_positive,False,0.004011828430059718,dominance_positive,False
2023-24,2024-03-31,401585712,CHI,11,new,own,0.003984375907585194,dominance_positive,False,0.004011828430059718,dominance_positive,False
2023-24,2024-03-31,401585713,SAS,3,old,actual,0.007395300306179061,dominance_positive,False,0.007394352748508586,dominance_positive,False
2023-24,2024-03-31,401585713,SAS,3,old,own,0.0070021988723552465,dominance_positive,False,0.006969415570870113,dominance_positive,False
2023-24,2024-03-31,401585713,GSW,14,old,actual,0.009647803843776085,dominance_positive,False,0.00965233993756681,dominance_positive,False
2023-24,2024-03-31,401585713,GSW,14,old,own,0.026446625150716066,dominance_positive,False,0.02680187836545456,dominance_positive,False
2023-24,2024-03-31,401585713,SAS,3,new,actual,0.0006621636430219091,reversal,True,0.0006690455418770568,reversal,True
2023-24,2024-03-31,401585713,SAS,3,new,own,-0.004257708128806652,reversal,True,-0.004277710258430833,reversal,True
2023-24,2024-03-31,401585713,GSW,14,new,actual,0.02350451379757503,dominance_positive,False,0.024072560757912437,dominance_positive,False
2023-24,2024-03-31,401585713,GSW,14,new,own,0.021575462749818426,dominance_positive,False,0.02235176990302942,dominance_positive,False
2023-24,2024-03-31,401585710,NYK,22,old,actual,0.03582581638971972,dominance_positive,False,0.036126190296465036,dominance_positive,False
2023-24,2024-03-31,401585710,NYK,22,old,own,0.04194973857201493,dominance_positive,False,0.04221902110103508,dominance_positive,False
2023-24,2024-03-31,401585710,OKC,29,old,actual,4.256465811491143e-05,negligible,False,2.175376819274067e-05,negligible,False
2023-24,2024-03-31,401585710,OKC,29,old,own,0.015028017234892168,dominance_positive,False,0.015066810414548321,dominance_positive,False
2023-24,2024-03-31,401585710,NYK,22,new,actual,0.03424457184590775,dominance_positive,False,0.03426656561792509,dominance_positive,False
2023-24,2024-03-31,401585710,NYK,22,new,own,0.04012064961489473,dominance_positive,False,0.0401577295125427,dominance_positive,False
2023-24,2024-03-31,401585710,OKC,29,new,actual,1.077586222953837e-05,negligible,False,8.620689783630698e-06,negligible,False
2023-24,2024-03-31,401585710,OKC,29,new,own,0.015028017234892168,dominance_positive,False,0.015066810414548321,dominance_positive,False
2023-24,2024-03-31,401585714,SAC,18,old,actual,0.07768064931829877,dominance_positive,False,0.07610389499234871,dominance_positive,False
2023-24,2024-03-31,401585714,SAC,18,old,own,0.04990586480005354,dominance_positive,False,0.049708420983518256,dominance_positive,False
2023-24,2024-03-31,401585714,UTA,9,old,actual,0.009615301793613789,dominance_positive,False,0.00988951389910402,dominance_positive,False
2023-24,2024-03-31,401585714,UTA,9,old,own,0.006511925587673265,dominance_positive,False,0.006607372203862019,dominance_positive,False
2023-24,2024-03-31,401585714,SAC,18,new,actual,0.10385961365018938,dominance_positive,False,0.10243024192429308,dominance_positive,False
2023-24,2024-03-31,401585714,SAC,18,new,own,0.06953669060001567,dominance_positive,False,0.0685455338165424,dominance_positive,False
2023-24,2024-03-31,401585714,UTA,9,new,actual,0.0001333512947693917,negligible,False,0.00018063038398144398,negligible,False
2023-24,2024-03-31,401585714,UTA,9,new,own,7.052841762465545e-05,negligible,False,6.947368730228892e-05,negligible,False
2024-25,2025-04-11,401705739,PHI,5,old,actual,0.01533255865420054,dominance_positive,False,0.015301981886471461,dominance_positive,False
2024-25,2025-04-11,401705739,PHI,5,old,own,0.001920069129575558,dominance_positive,False,0.0019118520132153586,dominance_positive,False
2024-25,2025-04-11,401705739,ATL,13,old,actual,0.013682661422674849,unresolved,False,0.012714102594021323,reversal,False
2024-25,2025-04-11,401705739,ATL,13,old,own,0.040681741947051264,dominance_positive,False,0.040640838954774335,dominance_positive,False
2024-25,2025-04-11,401705739,PHI,5,new,actual,-0.0008391291612723104,negligible,False,-0.0008421578769148569,negligible,False
2024-25,2025-04-11,401705739,PHI,5,new,own,-0.0003250557940577304,negligible,True,-0.00032626715421648294,negligible,True
2024-25,2025-04-11,401705739,ATL,13,new,actual,-0.00020978161198462628,negligible,False,-0.0002106878816693066,negligible,False
2024-25,2025-04-11,401705739,ATL,13,new,own,0.056396527594707584,dominance_positive,False,0.05661838510083632,dominance_positive,False
2024-25,2025-04-11,401705738,IND,25,old,actual,0.052965517528033974,dominance_positive,False,0.05313793078787497,dominance_positive,False
2024-25,2025-04-11,401705738,IND,25,old,own,0.052965517528033974,dominance_positive,False,0.05313793078787497,dominance_positive,False
2024-25,2025-04-11,401705738,ORL,16,old,actual,0.016558741378068027,dominance_positive,False,0.0165765832254065,dominance_positive,False
2024-25,2025-04-11,401705738,ORL,16,old,own,0.006795810035927672,dominance_positive,False,0.0065798153879486265,dominance_positive,False
2024-25,2025-04-11,401705738,IND,25,new,actual,0.05235021534279503,dominance_positive,False,0.05250754301211443,dominance_positive,False
2024-25,2025-04-11,401705738,IND,25,new,own,0.05235021534279503,dominance_positive,False,0.05250754301211443,dominance_positive,False
2024-25,2025-04-11,401705738,ORL,16,new,actual,0.009379310285640432,dominance_positive,False,0.009601293110674055,dominance_positive,False
2024-25,2025-04-11,401705738,ORL,16,new,own,0.0,negligible,False,0.0,negligible,False
2024-25,2025-04-11,401705737,DET,17,old,actual,0.0,negligible,False,0.0,negligible,False
2024-25,2025-04-11,401705737,DET,17,old,own,0.006519396613384119,dominance_positive,False,0.006535560429610058,dominance_positive,False
2024-25,2025-04-11,401705737,MIL,18,old,actual,0.0,negligible,False,0.0,negligible,False
2024-25,2025-04-11,401705737,MIL,18,old,own,0.028356681044759417,dominance_positive,False,0.028405172938705765,dominance_positive,False
2024-25,2025-04-11,401705737,DET,17,new,actual,0.0,negligible,False,0.0,negligible,False
2024-25,2025-04-11,401705737,DET,17,new,own,0.006519396562000803,dominance_positive,False,0.00653556034482759,dominance_positive,False
2024-25,2025-04-11,401705737,MIL,18,new,actual,0.0,negligible,False,0.0,negligible,False
2024-25,2025-04-11,401705737,MIL,18,new,own,0.020787716175204713,dominance_positive,False,0.02079310324163464,dominance_positive,False
2024-25,2025-04-11,401705740,BOS,28,old,actual,0.0,negligible,False,0.0,negligible,False
2024-25,2025-04-11,401705740,BOS,28,old,own,0.0,negligible,False,0.0,negligible,False
2024-25,2025-04-11,401705740,CHA,3,old,actual,0.0003980837428966405,dominance_positive,False,0.0003962846911574535,dominance_positive,False
2024-25,2025-04-11,401705740,CHA,3,old,own,0.0003980837428966405,dominance_positive,False,0.0003962846911574535,dominance_positive,False
2024-25,2025-04-11,401705740,BOS,28,new,actual,0.0,negligible,False,0.0,negligible,False
2024-25,2025-04-11,401705740,BOS,28,new,own,0.0,negligible,False,0.0,negligible,False
2024-25,2025-04-11,401705740,CHA,3,new,actual,0.0001868944678062691,dominance_positive,True,0.00018260954513293827,dominance_positive,True
2024-25,2025-04-11,401705740,CHA,3,new,own,-0.00044563804426835644,unresolved,True,-0.0004356524046444723,unresolved,True
2024-25,2025-04-11,401705741,NYK,26,old,actual,0.0,negligible,False,0.0,negligible,False
2024-25,2025-04-11,401705741,NYK,26,old,own,0.020034483030181512,dominance_positive,False,0.020004310313098395,dominance_positive,False
2024-25,2025-04-11,401705741,CLE,29,old,actual,0.0,negligible,False,0.0,negligible,False
2024-25,2025-04-11,401705741,CLE,29,old,own,0.0,negligible,False,0.0,negligible,False
2024-25,2025-04-11,401705741,NYK,26,new,actual,0.0,negligible,False,0.0,negligible,False
2024-25,2025-04-11,401705741,NYK,26,new,own,0.020034483030181512,dominance_positive,False,0.020004310313098395,dominance_positive,False
2024-25,2025-04-11,401705741,CLE,29,new,actual,0.0,negligible,False,0.0,negligible,False
2024-25,2025-04-11,401705741,CLE,29,new,own,0.0,negligible,False,0.0,negligible,False
2024-25,2025-04-11,401705743,NOP,4,old,actual,4.107094167795428e-05,negligible,False,3.45494205580978e-05,negligible,False
2024-25,2025-04-11,401705743,NOP,4,old,own,4.107094167795428e-05,negligible,False,3.45494205580978e-05,negligible,False
2024-25,2025-04-11,401705743,MIA,11,old,actual,0.024154150441433465,dominance_positive,False,0.022240195203781267,dominance_positive,False
2024-25,2025-04-11,401705743,MIA,11,old,own,0.019237075779538867,dominance_positive,False,0.018718589323508592,dominance_positive,False
2024-25,2025-04-11,401705743,NOP,4,new,actual,-1.5999723422020534e-05,negligible,True,-8.139697751736088e-07,negligible,True
2024-25,2025-04-11,401705743,NOP,4,new,own,-1.5999723422020534e-05,negligible,True,-8.139697751736088e-07,negligible,True
2024-25,2025-04-11,401705743,MIA,11,new,actual,0.002766405853479311,dominance_positive,False,0.0026724331077175208,dominance_positive,False
2024-25,2025-04-11,401705743,MIA,11,new,own,0.0011695732459106537,dominance_positive,False,0.001129214870899479,dominance_positive,False
2024-25,2025-04-11,401705742,CHI,12,old,actual,0.024683123049045238,dominance_positive,False,0.024983272350108224,dominance_positive,False
2024-25,2025-04-11,401705742,CHI,12,old,own,0.024683123049045238,dominance_positive,False,0.024983272350108224,dominance_positive,False
2024-25,2025-04-11,401705742,WAS,1,old,actual,0.0034965803750089124,dominance_positive,False,0.0034615543172894854,dominance_positive,False
2024-25,2025-04-11,401705742,WAS,1,old,own,0.0034965803750089124,dominance_positive,False,0.0034615543172894854,dominance_positive,False
2024-25,2025-04-11,401705742,CHI,12,new,actual,0.016772948389204023,dominance_positive,False,0.016931869153747264,dominance_positive,False
2024-25,2025-04-11,401705742,CHI,12,new,own,0.016766864272273058,dominance_positive,False,0.016925469272108126,dominance_positive,False
2024-25,2025-04-11,401705742,WAS,1,new,actual,7.743768955794527e-05,negligible,False,7.948023551164326e-05,negligible,False
2024-25,2025-04-11,401705742,WAS,1,new,own,4.4346863141041034e-05,negligible,False,4.5581946462083704e-05,negligible,False
2024-25,2025-04-11,401705744,DAL,14,old,actual,0.024846292590915146,dominance_positive,False,0.02494826307664787,dominance_positive,False
2024-25,2025-04-11,401705744,DAL,14,old,own,0.024846292590915146,dominance_positive,False,0.02494826307664787,dominance_positive,False
2024-25,2025-04-11,401705744,TOR,7,old,actual,3.877886425092161e-07,negligible,False,4.126970601698709e-07,negligible,False
2024-25,2025-04-11,401705744,TOR,7,old,own,3.877886425092161e-07,negligible,False,4.126970601698709e-07,negligible,False
2024-25,2025-04-11,401705744,DAL,14,new,actual,0.0,negligible,False,0.0,negligible,False
2024-25,2025-04-11,401705744,DAL,14,new,own,0.0,negligible,False,0.0,negligible,False
2024-25,2025-04-11,401705744,TOR,7,new,actual,0.0,negligible,False,0.0,negligible,False
2024-25,2025-04-11,401705744,TOR,7,new,own,0.0,negligible,False,0.0,negligible,False
2024-25,2025-04-11,401705745,MIN,19,old,actual,0.0004213361470992198,dominance_positive,False,0.0004008620602464113,dominance_positive,False
2024-25,2025-04-11,401705745,MIN,19,old,own,0.07583849740467548,dominance_positive,False,0.07493788667436657,dominance_positive,False
2024-25,2025-04-11,401705745,BKN,6,old,actual,0.006617290909504435,dominance_positive,False,0.006550011057647521,dominance_positive,False
2024-25,2025-04-11,401705745,BKN,6,old,own,0.0008791443425258784,dominance_positive,False,0.0008463475202081791,dominance_positive,False
2024-25,2025-04-11,401705745,MIN,19,new,actual,0.0,negligible,False,0.0,negligible,False
2024-25,2025-04-11,401705745,MIN,19,new,own,0.13002956178625402,dominance_positive,False,0.12950028909554961,dominance_positive,False
2024-25,2025-04-11,401705745,BKN,6,new,actual,0.005214439824721293,dominance_positive,False,0.005051724168488048,dominance_positive,False
2024-25,2025-04-11,401705745,BKN,6,new,own,0.0,negligible,False,0.0,negligible,False
2024-25,2025-04-11,401705746,DEN,23,old,actual,0.0024368103183324227,negligible,False,0.0023657599369521607,negligible,False
2024-25,2025-04-11,401705746,DEN,23,old,own,0.09890652902721396,dominance_positive,False,0.09845355770504505,dominance_positive,False
2024-25,2025-04-11,401705746,MEM,21,old,actual,0.07977233470198779,dominance_positive,False,0.0799476927685439,dominance_positive,False
2024-25,2025-04-11,401705746,MEM,21,old,own,0.09066780856431157,dominance_positive,False,0.09074834003711343,dominance_positive,False
2024-25,2025-04-11,401705746,DEN,23,new,actual,0.05093576557099306,dominance_positive,False,0.05005343575030565,dominance_positive,False
2024-25,2025-04-11,401705746,DEN,23,new,own,0.1698971424128957,dominance_positive,False,0.168449087944524,dominance_positive,False
2024-25,2025-04-11,401705746,MEM,21,new,actual,0.161572409955592,dominance_positive,False,0.16422795442671612,dominance_positive,False
2024-25,2025-04-11,401705746,MEM,21,new,own,0.15365759310826402,dominance_positive,False,0.15532513695769012,dominance_positive,False
2024-25,2025-04-11,401705747,UTA,2,old,actual,0.0033826894382143276,dominance_positive,False,0.003428691953163718,dominance_positive,False
2024-25,2025-04-11,401705747,UTA,2,old,own,0.0033826894382143276,dominance_positive,False,0.003428691953163718,dominance_positive,False
2024-25,2025-04-11,401705747,OKC,30,old,actual,0.0,negligible,False,0.0,negligible,False
2024-25,2025-04-11,401705747,OKC,30,old,own,0.0,negligible,False,0.0,negligible,False
2024-25,2025-04-11,401705747,UTA,2,new,actual,0.0,negligible,False,0.0,negligible,False
2024-25,2025-04-11,401705747,UTA,2,new,own,0.0,negligible,False,0.0,negligible,False
2024-25,2025-04-11,401705747,OKC,30,new,actual,0.0,negligible,False,0.0,negligible,False
2024-25,2025-04-11,401705747,OKC,30,new,own,0.0,negligible,False,0.0,negligible,False
2024-25,2025-04-11,401705748,PHX,10,old,actual,0.0,negligible,False,0.0,negligible,False
2024-25,2025-04-11,401705748,PHX,10,old,own,0.026721152949898602,dominance_positive,False,0.026549574707339693,dominance_positive,False
2024-25,2025-04-11,401705748,SAS,8,old,actual,0.009932324376254178,dominance_positive,False,0.009852527794007504,dominance_positive,False
2024-25,2025-04-11,401705748,SAS,8,old,own,0.009931325575225936,dominance_positive,False,0.009851561913094008,dominance_positive,False
2024-25,2025-04-11,401705748,PHX,10,new,actual,0.0,negligible,False,0.0,negligible,False
2024-25,2025-04-11,401705748,PHX,10,new,own,0.0,negligible,False,0.0,negligible,False
2024-25,2025-04-11,401705748,SAS,8,new,actual,0.0,negligible,False,0.0,negligible,False
2024-25,2025-04-11,401705748,SAS,8,new,own,0.0,negligible,False,0.0,negligible,False
2024-25,2025-04-11,401705749,POR,9,old,actual,0.023183125150239427,dominance_positive,False,0.02286002836294788,dominance_positive,False
2024-25,2025-04-11,401705749,POR,9,old,own,0.023183125150239427,dominance_positive,False,0.02286002836294788,dominance_positive,False
2024-25,2025-04-11,401705749,GSW,20,old,actual,0.0017169326247350348,negligible,False,0.0016302476625724952,negligible,False
2024-25,2025-04-11,401705749,GSW,20,old,own,0.06628672467486467,dominance_positive,False,0.06449644677982272,dominance_positive,False
2024-25,2025-04-11,401705749,POR,9,new,actual,0.0,negligible,False,0.0,negligible,False
2024-25,2025-04-11,401705749,POR,9,new,own,0.0,negligible,False,0.0,negligible,False
2024-25,2025-04-11,401705749,GSW,20,new,actual,0.07383296506383039,dominance_positive,False,0.0720942285740427,dominance_positive,False
2024-25,2025-04-11,401705749,GSW,20,new,own,0.11082500756766389,dominance_positive,False,0.10817096456660533,dominance_positive,False
2024-25,2025-04-11,401705750,SAC,15,old,actual,0.05706790817363573,dominance_positive,False,0.05724431074344842,dominance_positive,False
2024-25,2025-04-11,401705750,SAC,15,old,own,0.015799179148201926,dominance_positive,False,0.015908890328257635,dominance_positive,False
2024-25,2025-04-11,401705750,LAC,22,old,actual,0.0,negligible,False,0.0,negligible,False
2024-25,2025-04-11,401705750,LAC,22,old,own,0.06949815992151531,dominance_positive,False,0.0685430712594775,dominance_positive,False
2024-25,2025-04-11,401705750,SAC,15,new,actual,0.0,negligible,False,0.0,negligible,False
2024-25,2025-04-11,401705750,SAC,15,new,own,0.0,negligible,False,0.0,negligible,False
2024-25,2025-04-11,401705750,LAC,22,new,actual,0.0,negligible,False,0.0,negligible,False
2024-25,2025-04-11,401705750,LAC,22,new,own,0.0877965102974197,dominance_positive,False,0.08622628504025011,dominance_positive,False
2024-25,2025-04-11,401705751,LAL,24,old,actual,0.0,negligible,False,0.0,negligible,False
2024-25,2025-04-11,401705751,LAL,24,old,own,0.046040948634999336,dominance_positive,False,0.04588362064662164,dominance_positive,False
2024-25,2025-04-11,401705751,HOU,27,old,actual,0.0,negligible,False,0.0,negligible,False
2024-25,2025-04-11,401705751,HOU,27,old,own,0.0021443965440166406,dominance_positive,False,0.002254310347910585,dominance_positive,False
2024-25,2025-04-11,401705751,LAL,24,new,actual,0.0,negligible,False,0.0,negligible,False
2024-25,2025-04-11,401705751,LAL,24,new,own,0.045655172342306066,dominance_positive,False,0.04550646528473188,dominance_positive,False
2024-25,2025-04-11,401705751,HOU,27,new,actual,0.0,negligible,False,0.0,negligible,False
2024-25,2025-04-11,401705751,HOU,27,new,own,0.0021443965440166406,dominance_positive,False,0.002254310347910585,dominance_positive,False
2024-25,2025-02-28,401705416,DET,20,old,actual,0.002575512280543878,dominance_positive,False,0.002594936981781446,dominance_positive,False
2024-25,2025-02-28,401705416,DET,20,old,own,0.026085893745983926,dominance_positive,False,0.026188164501632104,dominance_positive,False
2024-25,2025-02-28,401705416,DEN,25,old,actual,3.506670799522873e-05,negligible,False,3.1118782491916486e-05,negligible,False
2024-25,2025-02-28,401705416,DEN,25,old,own,0.022521709862732074,dominance_positive,False,0.022438558133051657,dominance_positive,False
2024-25,2025-02-28,401705416,DET,20,new,actual,0.004074443453071832,dominance_positive,False,0.004389586523937961,dominance_positive,False
2024-25,2025-02-28,401705416,DET,20,new,own,0.023408940162325018,dominance_positive,False,0.02369953102829609,dominance_positive,False
2024-25,2025-02-28,401705416,DEN,25,new,actual,0.0006312205920426364,negligible,False,0.000668173907053634,negligible,False
2024-25,2025-02-28,401705416,DEN,25,new,own,0.023251954225454504,dominance_positive,False,0.023304617692435907,dominance_positive,False
2024-25,2025-02-28,401705417,ATL,12,old,actual,0.006842024725233914,dominance_positive,False,0.006018957689720329,dominance_positive,False
2024-25,2025-02-28,401705417,ATL,12,old,own,0.021288040788107344,dominance_positive,False,0.021421830242395336,dominance_positive,False
2024-25,2025-02-28,401705417,OKC,29,old,actual,-0.010697869387534175,reversal,False,-0.010612550456358165,reversal,False
2024-25,2025-02-28,401705417,OKC,29,old,own,0.005141163786776878,dominance_positive,False,0.005120689670218091,dominance_positive,False
2024-25,2025-02-28,401705417,ATL,12,new,actual,-8.879520956705081e-05,negligible,False,-8.954917845514632e-05,negligible,False
2024-25,2025-02-28,401705417,ATL,12,new,own,0.023533105229022296,dominance_positive,False,0.02302396137951793,dominance_positive,False
2024-25,2025-02-28,401705417,OKC,29,new,actual,-0.013137499198974653,reversal,False,-0.012410057044529868,reversal,False
2024-25,2025-02-28,401705417,OKC,29,new,own,0.005141163786776878,dominance_positive,False,0.005120689670218091,dominance_positive,False
2024-25,2025-02-28,401705418,BOS,28,old,actual,0.003109913822102906,dominance_positive,False,0.003212284495941652,dominance_positive,False
2024-25,2025-02-28,401705418,BOS,28,old,own,0.003109913822102906,dominance_positive,False,0.003212284495941652,dominance_positive,False
2024-25,2025-02-28,401705418,CLE,30,old,actual,0.0,negligible,False,0.0,negligible,False
2024-25,2025-02-28,401705418,CLE,30,old,own,0.004915948278945068,dominance_positive,False,0.005007543105808696,dominance_positive,False
2024-25,2025-02-28,401705418,BOS,28,new,actual,0.003109913822102906,dominance_positive,False,0.003212284495941652,dominance_positive,False
2024-25,2025-02-28,401705418,BOS,28,new,own,0.003109913822102906,dominance_positive,False,0.003212284495941652,dominance_positive,False
2024-25,2025-02-28,401705418,CLE,30,new,actual,0.0,negligible,False,0.0,negligible,False
2024-25,2025-02-28,401705418,CLE,30,new,own,0.004915948278945068,dominance_positive,False,0.005007543105808696,dominance_positive,False
2024-25,2025-02-28,401705419,BKN,7,old,actual,0.017079514847948597,dominance_positive,False,0.017067252713857214,dominance_positive,False
2024-25,2025-02-28,401705419,BKN,7,old,own,0.017051118893027982,dominance_positive,False,0.017048279455048658,dominance_positive,False
2024-25,2025-02-28,401705419,POR,10,old,actual,0.02093539263484578,dominance_positive,False,0.02074818687740029,dominance_positive,False
2024-25,2025-02-28,401705419,POR,10,old,own,0.018878280524307952,dominance_positive,False,0.018909824770282666,dominance_positive,False
2024-25,2025-02-28,401705419,BKN,7,new,actual,0.00545063679603494,dominance_positive,False,0.005416725115309936,dominance_positive,False
2024-25,2025-02-28,401705419,BKN,7,new,own,0.005480085479379465,dominance_positive,False,0.005422619552832421,dominance_positive,False
2024-25,2025-02-28,401705419,POR,10,new,actual,0.0033596756445858143,dominance_positive,False,0.003478633770196054,dominance_positive,False
2024-25,2025-02-28,401705419,POR,10,new,own,0.0018391400005704531,dominance_positive,False,0.0019238677593979253,dominance_positive,False
2024-25,2025-02-28,401705420,MIA,13,old,actual,0.03728011689472498,dominance_positive,False,0.040164336276183946,dominance_positive,False
2024-25,2025-02-28,401705420,MIA,13,old,own,0.01904390069102098,dominance_positive,False,0.01971581914115663,dominance_positive,False
2024-25,2025-02-28,401705420,IND,22,old,actual,0.027545769736290495,dominance_positive,False,0.02738385567016582,dominance_positive,False
2024-25,2025-02-28,401705420,IND,22,old,own,0.027545769736290495,dominance_positive,False,0.02738385567016582,dominance_positive,False
2024-25,2025-02-28,401705420,MIA,13,new,actual,0.04989217302625387,dominance_positive,False,0.05194431889455488,dominance_positive,False
2024-25,2025-02-28,401705420,MIA,13,new,own,0.024244411357584136,dominance_positive,False,0.025169791637674976,dominance_positive,False
2024-25,2025-02-28,401705420,IND,22,new,actual,0.026490481991578267,dominance_positive,False,0.026308599257766928,dominance_positive,False
2024-25,2025-02-28,401705420,IND,22,new,own,0.026490481991578267,dominance_positive,False,0.026308599257766928,dominance_positive,False
2024-25,2025-02-28,401705422,MEM,27,old,actual,0.0011816013016989473,negligible,False,0.0011997450466130653,negligible,False
2024-25,2025-02-28,401705422,MEM,27,old,own,0.02582707545176929,dominance_positive,False,0.026121081252417723,dominance_positive,False
2024-25,2025-02-28,401705422,NYK,26,old,actual,0.0,negligible,False,0.0,negligible,False
2024-25,2025-02-28,401705422,NYK,26,old,own,0.023113146511725437,dominance_positive,False,0.022746864278039132,dominance_positive,False
2024-25,2025-02-28,401705422,MEM,27,new,actual,0.002604067964777927,dominance_positive,False,0.0025437002135048057,dominance_positive,False
2024-25,2025-02-28,401705422,MEM,27,new,own,0.02698104139689379,dominance_positive,False,0.02717670539647614,dominance_positive,False
2024-25,2025-02-28,401705422,NYK,26,new,actual,0.0,negligible,False,0.0,negligible,False
2024-25,2025-02-28,401705422,NYK,26,new,own,0.023035560306081358,dominance_positive,False,0.022699353525109975,dominance_positive,False
2024-25,2025-02-28,401705421,CHI,8,old,actual,0.024038598004209263,dominance_positive,False,0.023555878360528935,dominance_positive,False
2024-25,2025-02-28,401705421,CHI,8,old,own,0.024038598004209263,dominance_positive,False,0.023555878360528935,dominance_positive,False
2024-25,2025-02-28,401705421,TOR,5,old,actual,0.016329536233425805,dominance_positive,False,0.016076046568961794,dominance_positive,False
2024-25,2025-02-28,401705421,TOR,5,old,own,0.016329536233425805,dominance_positive,False,0.016076046568961794,dominance_positive,False
2024-25,2025-02-28,401705421,CHI,8,new,actual,0.010216508929971684,dominance_positive,False,0.010144496336581831,dominance_positive,False
2024-25,2025-02-28,401705421,CHI,8,new,own,0.010216507442745876,dominance_positive,False,0.010144733425296527,dominance_positive,False
2024-25,2025-02-28,401705421,TOR,5,new,actual,0.005432454165895863,dominance_positive,False,0.005495602544304284,dominance_positive,False
2024-25,2025-02-28,401705421,TOR,5,new,own,0.005432454165895863,dominance_positive,False,0.005495602544304284,dominance_positive,False
2024-25,2025-02-28,401705423,PHX,11,old,actual,0.0,negligible,False,0.0,negligible,False
2024-25,2025-02-28,401705423,PHX,11,old,own,0.01813840079285377,dominance_positive,False,0.018378975522023996,dominance_positive,False
2024-25,2025-02-28,401705423,NOP,4,old,actual,0.004019345629472905,dominance_positive,False,0.003985784984344411,dominance_positive,False
2024-25,2025-02-28,401705423,NOP,4,old,own,0.004013726312308195,dominance_positive,False,0.003979680598735666,dominance_positive,False
2024-25,2025-02-28,401705423,PHX,11,new,actual,0.0,negligible,False,0.0,negligible,False
2024-25,2025-02-28,401705423,PHX,11,new,own,0.0022269916950113868,dominance_positive,False,0.0022510048092322936,dominance_positive,False
2024-25,2025-02-28,401705423,NOP,4,new,actual,-0.0026090834401588047,reversal,True,-0.002633138629918966,reversal,True
2024-25,2025-02-28,401705423,NOP,4,new,own,-0.0026090834401588047,reversal,True,-0.002633138629918966,reversal,True
2024-25,2025-02-28,401705424,UTA,2,old,actual,-0.032871094171402764,reversal,False,-0.03361215220943616,reversal,False
2024-25,2025-02-28,401705424,UTA,2,old,own,0.0025072779934338,dominance_positive,False,0.0024979726129981073,dominance_positive,False
2024-25,2025-02-28,401705424,MIN,17,old,actual,-0.0033940177202265026,reversal,False,-0.003358226944040812,reversal,False
2024-25,2025-02-28,401705424,MIN,17,old,own,0.0352971324504846,dominance_positive,False,0.03609510226956727,dominance_positive,False
2024-25,2025-02-28,401705424,UTA,2,new,actual,-0.06481935060317608,reversal,False,-0.06657965620762893,reversal,False
2024-25,2025-02-28,401705424,UTA,2,new,own,-0.002249383385301214,reversal,True,-0.0022653767839575915,reversal,True
2024-25,2025-02-28,401705424,MIN,17,new,actual,-0.0026713361367904417,reversal,False,-0.002726293041146006,reversal,False
2024-25,2025-02-28,401705424,MIN,17,new,own,0.05349131539279337,dominance_positive,False,0.05536190810412618,dominance_positive,False
2024-25,2025-02-28,401705425,LAL,24,old,actual,0.0,negligible,False,0.0,negligible,False
2024-25,2025-02-28,401705425,LAL,24,old,own,0.02612930893861125,dominance_positive,False,0.026248782281627744,dominance_positive,False
2024-25,2025-02-28,401705425,LAC,19,old,actual,-0.00532246772733774,reversal,False,-0.00581047956997846,reversal,False
2024-25,2025-02-28,401705425,LAC,19,old,own,0.035432430514727074,dominance_positive,False,0.03481683886750974,dominance_positive,False
2024-25,2025-02-28,401705425,LAL,24,new,actual,0.0,negligible,False,0.0,negligible,False
2024-25,2025-02-28,401705425,LAL,24,new,own,0.029057543830813617,dominance_positive,False,0.02902264045576007,dominance_positive,False
2024-25,2025-02-28,401705425,LAC,19,new,actual,-0.004911907328240542,reversal,False,-0.005071289093998374,reversal,False
2024-25,2025-02-28,401705425,LAC,19,new,own,0.054041532610968585,dominance_positive,False,0.05381433794351199,dominance_positive,False
2025-26,2026-04-10,401811027,WAS,1,old,actual,0.00017914868525935906,dominance_positive,False,0.00015281519585124453,dominance_positive,False
2025-26,2026-04-10,401811027,WAS,1,old,own,0.0001576243670257212,dominance_positive,False,0.00015804495402979183,dominance_positive,False
2025-26,2026-04-10,401811027,MIA,13,old,actual,0.016151689851640512,dominance_positive,False,0.016153658654315985,dominance_positive,False
2025-26,2026-04-10,401811027,MIA,13,old,own,0.016151689851640512,dominance_positive,False,0.016153658654315985,dominance_positive,False
2025-26,2026-04-10,401811027,WAS,1,new,actual,0.00035991379487376393,negligible,False,4.5528023595046586e-05,negligible,False
2025-26,2026-04-10,401811027,WAS,1,new,own,0.0,negligible,False,0.0,negligible,False
2025-26,2026-04-10,401811027,MIA,13,new,actual,0.0026658774790566586,dominance_positive,False,0.0027347580123575333,dominance_positive,False
2025-26,2026-04-10,401811027,MIA,13,new,own,0.0026658774790566586,dominance_positive,False,0.0027347580123575333,dominance_positive,False
2025-26,2026-04-10,401811026,CHA,15,old,actual,0.03694739019028552,dominance_positive,False,0.03776888792460998,dominance_positive,False
2025-26,2026-04-10,401811026,CHA,15,old,own,0.04609070861142065,dominance_positive,False,0.047038285145536055,dominance_positive,False
2025-26,2026-04-10,401811026,DET,28,old,actual,0.0,negligible,False,0.0,negligible,False
2025-26,2026-04-10,401811026,DET,28,old,own,0.0,negligible,False,0.0,negligible,False
2025-26,2026-04-10,401811026,CHA,15,new,actual,0.083522094231975,dominance_positive,False,0.0838056053217914,dominance_positive,False
2025-26,2026-04-10,401811026,CHA,15,new,own,0.09643103802319745,dominance_positive,False,0.09684975272031492,dominance_positive,False
2025-26,2026-04-10,401811026,DET,28,new,actual,0.0,negligible,False,0.0,negligible,False
2025-26,2026-04-10,401811026,DET,28,new,own,0.0,negligible,False,0.0,negligible,False
2025-26,2026-04-10,401811028,ATL,20,old,actual,-0.05479202627621848,reversal,False,-0.05482519664537966,reversal,False
2025-26,2026-04-10,401811028,ATL,20,old,own,0.031241349753762374,dominance_positive,False,0.03161847784258183,dominance_positive,False
2025-26,2026-04-10,401811028,CLE,22,old,actual,0.0,negligible,False,0.0,negligible,False
2025-26,2026-04-10,401811028,CLE,22,old,own,0.05479202627621848,dominance_positive,False,0.05482543236736593,dominance_positive,False
2025-26,2026-04-10,401811028,ATL,20,new,actual,-0.05479202627621848,reversal,False,-0.05482543236736593,reversal,False
2025-26,2026-04-10,401811028,ATL,20,new,own,0.03628468772324186,dominance_positive,False,0.0365908549665393,dominance_positive,False
2025-26,2026-04-10,401811028,CLE,22,new,actual,0.0,negligible,False,0.0,negligible,False
2025-26,2026-04-10,401811028,CLE,22,new,own,0.05479202627621848,dominance_positive,False,0.05482543236736593,dominance_positive,False
2025-26,2026-04-10,401811030,IND,2,old,actual,0.0028877808253786625,dominance_positive,False,0.0028822907464225497,dominance_positive,False
2025-26,2026-04-10,401811030,IND,2,old,own,0.0033212094503599844,dominance_positive,False,0.00332365400509749,dominance_positive,False
2025-26,2026-04-10,401811030,PHI,16,old,actual,0.007281331434717466,dominance_positive,False,0.007353234727192542,dominance_positive,False
2025-26,2026-04-10,401811030,PHI,16,old,own,0.043479974177537545,dominance_positive,False,0.04411323342151169,dominance_positive,False
2025-26,2026-04-10,401811030,IND,2,new,actual,0.001258104218186104,reversal,True,0.0012352533816311767,reversal,True
2025-26,2026-04-10,401811030,IND,2,new,own,-0.0013661415146459053,reversal,True,-0.0013413283111254584,reversal,True
2025-26,2026-04-10,401811030,PHI,16,new,actual,0.04999621482180624,dominance_positive,False,0.05038548161115112,dominance_positive,False
2025-26,2026-04-10,401811030,PHI,16,new,own,0.0711892602737975,dominance_positive,False,0.07195534663981404,dominance_positive,False
2025-26,2026-04-10,401811029,BOS,27,old,actual,0.002780172317128243,dominance_positive,False,0.002764008677291588,dominance_positive,False
2025-26,2026-04-10,401811029,BOS,27,old,own,0.002780172317128243,dominance_positive,False,0.002764008677291588,dominance_positive,False
2025-26,2026-04-10,401811029,NOP,8,old,actual,0.0,negligible,False,0.0,negligible,False
2025-26,2026-04-10,401811029,NOP,8,old,own,0.012378950721460322,dominance_positive,False,0.012192144317929796,dominance_positive,False
2025-26,2026-04-10,401811029,BOS,27,new,actual,0.002780172317128243,dominance_positive,False,0.002764008677291588,dominance_positive,False
2025-26,2026-04-10,401811029,BOS,27,new,own,0.002780172317128243,dominance_positive,False,0.002764008677291588,dominance_positive,False
2025-26,2026-04-10,401811029,NOP,8,new,actual,0.0,negligible,False,0.0,negligible,False
2025-26,2026-04-10,401811029,NOP,8,new,own,0.0,negligible,False,0.0,negligible,False
2025-26,2026-04-10,401811031,NYK,25,old,actual,0.04795581939244836,dominance_positive,False,0.04825862055740738,dominance_positive,False
2025-26,2026-04-10,401811031,NYK,25,old,own,0.04795581939244836,dominance_positive,False,0.04825862055740738,dominance_positive,False
2025-26,2026-04-10,401811031,TOR,19,old,actual,0.02591418539375118,dominance_positive,False,0.02586642032483847,dominance_positive,False
2025-26,2026-04-10,401811031,TOR,19,old,own,0.02591418539375118,dominance_positive,False,0.02586642032483847,dominance_positive,False
2025-26,2026-04-10,401811031,NYK,25,new,actual,0.04795581939244836,dominance_positive,False,0.04825862055740738,dominance_positive,False
2025-26,2026-04-10,401811031,NYK,25,new,own,0.04795581939244836,dominance_positive,False,0.04825862055740738,dominance_positive,False
2025-26,2026-04-10,401811031,TOR,19,new,actual,0.032007920011026966,dominance_positive,False,0.03157382154098614,dominance_positive,False
2025-26,2026-04-10,401811031,TOR,19,new,own,0.032007920011026966,dominance_positive,False,0.03157382154098614,dominance_positive,False
2025-26,2026-04-10,401811035,SAS,29,old,actual,0.0,negligible,False,0.0,negligible,False
2025-26,2026-04-10,401811035,SAS,29,old,own,0.0,negligible,False,0.0,negligible,False
2025-26,2026-04-10,401811035,DAL,7,old,actual,0.020186616263905815,dominance_positive,False,0.02017442283102167,dominance_positive,False
2025-26,2026-04-10,401811035,DAL,7,old,own,0.020186616263905815,dominance_positive,False,0.02017442283102167,dominance_positive,False
2025-26,2026-04-10,401811035,SAS,29,new,actual,0.0,negligible,False,0.0,negligible,False
2025-26,2026-04-10,401811035,SAS,29,new,own,0.0,negligible,False,0.0,negligible,False
2025-26,2026-04-10,401811035,DAL,7,new,actual,0.0,negligible,False,0.0,negligible,False
2025-26,2026-04-10,401811035,DAL,7,new,own,0.0,negligible,False,0.0,negligible,False
2025-26,2026-04-10,401811034,MIL,10,old,actual,0.011484374632930441,dominance_positive,False,0.011334353697319118,dominance_positive,False
2025-26,2026-04-10,401811034,MIL,10,old,own,0.015753363133852682,dominance_positive,False,0.015707444138746064,dominance_positive,False
2025-26,2026-04-10,401811034,BKN,3,old,actual,0.008808552525297268,dominance_positive,False,0.008805205470471889,dominance_positive,False
2025-26,2026-04-10,401811034,BKN,3,old,own,0.008808552525297268,dominance_positive,False,0.008805205470471889,dominance_positive,False
2025-26,2026-04-10,401811034,MIL,10,new,actual,-0.00040220903092192436,unresolved,False,3.263065692063438e-05,negligible,False
2025-26,2026-04-10,401811034,MIL,10,new,own,0.0,negligible,False,0.0,negligible,False
2025-26,2026-04-10,401811034,BKN,3,new,actual,-0.009022063507120412,reversal,True,-0.008990160638851852,reversal,True
2025-26,2026-04-10,401811034,BKN,3,new,own,-0.009022063507120412,reversal,True,-0.008990160638851852,reversal,True
2025-26,2026-04-10,401811032,CHI,9,old,actual,0.015862922013009907,dominance_positive,False,0.015658655053044195,dominance_positive,False
2025-26,2026-04-10,401811032,CHI,9,old,own,0.01586615477400708,dominance_positive,False,0.015659732639186862,dominance_positive,False
2025-26,2026-04-10,401811032,ORL,17,old,actual,0.0,negligible,False,0.0,negligible,False
2025-26,2026-04-10,401811032,ORL,17,old,own,0.05579172243789673,dominance_positive,False,0.05614990644518221,dominance_positive,False
2025-26,2026-04-10,401811032,CHI,9,new,actual,0.0,negligible,False,0.0,negligible,False
2025-26,2026-04-10,401811032,CHI,9,new,own,0.0,negligible,False,0.0,negligible,False
2025-26,2026-04-10,401811032,ORL,17,new,actual,0.0,negligible,False,0.0,negligible,False
2025-26,2026-04-10,401811032,ORL,17,new,own,0.10330678639628378,dominance_positive,False,0.10295515280642452,dominance_positive,False
2025-26,2026-04-10,401811037,DEN,26,old,actual,0.054558189573601396,dominance_positive,False,0.05427693947884735,dominance_positive,False
2025-26,2026-04-10,401811037,DEN,26,old,own,0.054558189573601396,dominance_positive,False,0.05427693947884735,dominance_positive,False
2025-26,2026-04-10,401811037,OKC,30,old,actual,0.0,negligible,False,0.0,negligible,False
2025-26,2026-04-10,401811037,OKC,30,old,own,0.0,negligible,False,0.0,negligible,False
2025-26,2026-04-10,401811037,DEN,26,new,actual,0.054558189573601396,dominance_positive,False,0.05427693947884735,dominance_positive,False
2025-26,2026-04-10,401811037,DEN,26,new,own,0.054558189573601396,dominance_positive,False,0.05427693947884735,dominance_positive,False
2025-26,2026-04-10,401811037,OKC,30,new,actual,0.0,negligible,False,0.0,negligible,False
2025-26,2026-04-10,401811037,OKC,30,new,own,0.0,negligible,False,0.0,negligible,False
2025-26,2026-04-10,401811036,UTA,4,old,actual,0.012650322855594724,dominance_positive,False,0.012830515987443501,dominance_positive,False
2025-26,2026-04-10,401811036,UTA,4,old,own,0.010780716324385636,dominance_positive,False,0.010738578399900216,dominance_positive,False
2025-26,2026-04-10,401811036,MEM,6,old,actual,0.020212014420740797,dominance_positive,False,0.020078394266273447,dominance_positive,False
2025-26,2026-04-10,401811036,MEM,6,old,own,0.02003654255077985,dominance_positive,False,0.020017972206789705,dominance_positive,False
2025-26,2026-04-10,401811036,UTA,4,new,actual,-0.024846174538894233,reversal,False,-0.02484930629956893,reversal,False
2025-26,2026-04-10,401811036,UTA,4,new,own,-0.004334503939808826,reversal,True,-0.004223908102802192,reversal,True
2025-26,2026-04-10,401811036,MEM,6,new,actual,-0.00017052801994301735,unresolved,False,-0.0001289399205089812,negligible,False
2025-26,2026-04-10,401811036,MEM,6,new,own,0.0,negligible,False,0.0,negligible,False
2025-26,2026-04-10,401811033,HOU,24,old,actual,0.0,negligible,False,0.0,negligible,False
2025-26,2026-04-10,401811033,HOU,24,old,own,0.053417025914993775,dominance_positive,False,0.052942887775856866,dominance_positive,False
2025-26,2026-04-10,401811033,MIN,21,old,actual,0.0017359914189076118,dominance_positive,False,0.0015711207101763835,dominance_positive,False
2025-26,2026-04-10,401811033,MIN,21,old,own,0.0021831896629762545,dominance_positive,False,0.002142241351980845,dominance_positive,False
2025-26,2026-04-10,401811033,HOU,24,new,actual,0.0,negligible,False,0.0,negligible,False
2025-26,2026-04-10,401811033,HOU,24,new,own,0.053417025914993775,dominance_positive,False,0.052942887775856866,dominance_positive,False
2025-26,2026-04-10,401811033,MIN,21,new,actual,0.0017359914189076118,dominance_positive,False,0.0015711207101763835,dominance_positive,False
2025-26,2026-04-10,401811033,MIN,21,new,own,0.0021831896629762545,dominance_positive,False,0.002142241351980845,dominance_positive,False
2025-26,2026-04-10,401811038,POR,12,old,actual,0.25793467827924077,dominance_positive,False,0.25533927351200214,dominance_positive,False
2025-26,2026-04-10,401811038,POR,12,old,own,0.05892605724708368,dominance_positive,False,0.058514920335367385,dominance_positive,False
2025-26,2026-04-10,401811038,LAC,14,old,actual,1.6177391788276656e-06,negligible,True,1.5890867345344184e-06,negligible,True
2025-26,2026-04-10,401811038,LAC,14,old,own,0.05895470156655486,dominance_positive,False,0.05858853312500287,dominance_positive,False
2025-26,2026-04-10,401811038,POR,12,new,actual,0.33297183310420353,dominance_positive,False,0.3339087305012448,dominance_positive,False
2025-26,2026-04-10,401811038,POR,12,new,own,0.14217835572516097,dominance_positive,False,0.14257728261600153,dominance_positive,False
2025-26,2026-04-10,401811038,LAC,14,new,actual,0.0,negligible,False,0.0,negligible,False
2025-26,2026-04-10,401811038,LAC,14,new,own,0.1506447058755519,dominance_positive,False,0.15106343434160124,dominance_positive,False
2025-26,2026-04-10,401811039,SAC,5,old,actual,0.010218880856730813,dominance_positive,False,0.010279759162201963,dominance_positive,False
2025-26,2026-04-10,401811039,SAC,5,old,own,0.010218880856730813,dominance_positive,False,0.010279759162201963,dominance_positive,False
2025-26,2026-04-10,401811039,GSW,11,old,actual,2.7808389831121855e-06,negligible,False,2.755183852379407e-06,negligible,False
2025-26,2026-04-10,401811039,GSW,11,old,own,2.7808389831121855e-06,negligible,False,2.755183852379407e-06,negligible,False
2025-26,2026-04-10,401811039,SAC,5,new,actual,-0.0036234298396397953,reversal,True,-0.0036468251160514564,reversal,True
2025-26,2026-04-10,401811039,SAC,5,new,own,-0.0036234298396397953,reversal,True,-0.0036468251160514564,reversal,True
2025-26,2026-04-10,401811039,GSW,11,new,actual,0.0,negligible,False,0.0,negligible,False
2025-26,2026-04-10,401811039,GSW,11,new,own,0.0,negligible,False,0.0,negligible,False
2025-26,2026-04-10,401811040,LAL,23,old,actual,0.05413254328842822,dominance_positive,False,0.05403232711656339,dominance_positive,False
2025-26,2026-04-10,401811040,LAL,23,old,own,0.05413254328842822,dominance_positive,False,0.05403232711656339,dominance_positive,False
2025-26,2026-04-10,401811040,PHX,18,old,actual,0.0,negligible,False,0.0,negligible,False
2025-26,2026-04-10,401811040,PHX,18,old,own,0.03065284511008188,dominance_positive,False,0.030684292968944656,dominance_positive,False
2025-26,2026-04-10,401811040,LAL,23,new,actual,0.05413254328842822,dominance_positive,False,0.05403232711656339,dominance_positive,False
2025-26,2026-04-10,401811040,LAL,23,new,own,0.05413254328842822,dominance_positive,False,0.05403232711656339,dominance_positive,False
2025-26,2026-04-10,401811040,PHX,18,new,actual,0.0,negligible,False,0.0,negligible,False
2025-26,2026-04-10,401811040,PHX,18,new,own,0.012446120753884314,dominance_positive,False,0.012509698996256138,dominance_positive,False
2025-26,2026-03-31,401810954,ORL,16,old,actual,0.0,negligible,False,0.0,negligible,False
2025-26,2026-03-31,401810954,ORL,16,old,own,0.037129986470099546,dominance_positive,False,0.0376008415636446,dominance_positive,False
2025-26,2026-03-31,401810954,PHX,18,old,actual,0.0,negligible,False,0.0,negligible,False
2025-26,2026-03-31,401810954,PHX,18,old,own,0.027049198089135366,dominance_positive,False,0.026688394413775254,dominance_positive,False
2025-26,2026-03-31,401810954,ORL,16,new,actual,0.0,negligible,False,0.0,negligible,False
2025-26,2026-03-31,401810954,ORL,16,new,own,0.04953038140649682,dominance_positive,False,0.050757956074486514,dominance_positive,False
2025-26,2026-03-31,401810954,PHX,18,new,actual,0.0,negligible,False,0.0,negligible,False
2025-26,2026-03-31,401810954,PHX,18,new,own,0.015593089094643426,dominance_positive,False,0.014286181563920763,dominance_positive,False
2025-26,2026-03-31,401810955,BKN,3,old,actual,0.0076644635638522494,dominance_positive,False,0.007759717225768511,dominance_positive,False
2025-26,2026-03-31,401810955,BKN,3,old,own,0.0076644635638522494,dominance_positive,False,0.007759717225768511,dominance_positive,False
2025-26,2026-03-31,401810955,CHA,14,old,actual,0.02668124792952862,dominance_positive,False,0.027220117820648614,dominance_positive,False
2025-26,2026-03-31,401810955,CHA,14,old,own,0.028772034735964805,dominance_positive,False,0.029314204327449012,dominance_positive,False
2025-26,2026-03-31,401810955,BKN,3,new,actual,-0.005750980646116657,reversal,True,-0.005848815345671027,reversal,True
2025-26,2026-03-31,401810955,BKN,3,new,own,-0.005750980646116657,reversal,True,-0.005848815345671027,reversal,True
2025-26,2026-03-31,401810955,CHA,14,new,actual,0.03280758765327407,dominance_positive,False,0.0321030279344525,dominance_positive,False
2025-26,2026-03-31,401810955,CHA,14,new,own,0.03611227501031204,dominance_positive,False,0.03544704755592553,dominance_positive,False
2025-26,2026-03-31,401858694,MIL,10,old,actual,0.00724353366264479,dominance_positive,False,0.00737378737790628,dominance_positive,False
2025-26,2026-03-31,401858694,MIL,10,old,own,0.00893030135457648,dominance_positive,False,0.00899538076157149,dominance_positive,False
2025-26,2026-03-31,401858694,DAL,6,old,actual,0.01033713896565329,dominance_positive,False,0.010317900601958743,dominance_positive,False
2025-26,2026-03-31,401858694,DAL,6,old,own,0.01033713896565329,dominance_positive,False,0.010317900601958743,dominance_positive,False
2025-26,2026-03-31,401858694,MIL,10,new,actual,-0.0003612607715707593,unresolved,False,4.781792085850581e-06,negligible,False
2025-26,2026-03-31,401858694,MIL,10,new,own,0.0,negligible,False,0.0,negligible,False
2025-26,2026-03-31,401858694,DAL,6,new,actual,0.0,negligible,False,0.0,negligible,False
2025-26,2026-03-31,401858694,DAL,6,new,own,0.0,negligible,False,0.0,negligible,False
2025-26,2026-03-31,401810957,HOU,21,old,actual,7.273707004938403e-06,negligible,False,1.0910560507407605e-05,negligible,False
2025-26,2026-03-31,401810957,HOU,21,old,own,0.029295873597532367,dominance_positive,False,0.029368748043915066,dominance_positive,False
2025-26,2026-03-31,401810957,NYK,25,old,actual,0.03512715497262905,dominance_positive,False,0.03501508616497098,dominance_positive,False
2025-26,2026-03-31,401810957,NYK,25,old,own,0.03512715497262905,dominance_positive,False,0.03501508616497098,dominance_positive,False
2025-26,2026-03-31,401810957,HOU,21,new,actual,8.701508750352237e-05,negligible,False,0.00017180765460391833,negligible,False
2025-26,2026-03-31,401810957,HOU,21,new,own,0.02946428862995727,dominance_positive,False,0.029630633166904362,dominance_positive,False
2025-26,2026-03-31,401810957,NYK,25,new,actual,0.03512715497262905,dominance_positive,False,0.035012930973738046,dominance_positive,False
2025-26,2026-03-31,401810957,NYK,25,new,own,0.03512715497262905,dominance_positive,False,0.035012930973738046,dominance_positive,False
2025-26,2026-03-31,401810956,DET,28,old,actual,0.0002489224256112663,unresolved,False,0.00017887922204581336,unresolved,False
2025-26,2026-03-31,401810956,DET,28,old,own,0.0016928879499981371,dominance_positive,False,0.0017532327447632517,dominance_positive,False
2025-26,2026-03-31,401810956,TOR,20,old,actual,0.02601366769752248,dominance_positive,False,0.026443416889158636,dominance_positive,False
2025-26,2026-03-31,401810956,TOR,20,old,own,0.02601366769752248,dominance_positive,False,0.026443416889158636,dominance_positive,False
2025-26,2026-03-31,401810956,DET,28,new,actual,0.000329741385990176,unresolved,False,0.00024232211659244975,unresolved,False
2025-26,2026-03-31,401810956,DET,28,new,own,0.0016928879499981371,dominance_positive,False,0.0017532327447632517,dominance_positive,False
2025-26,2026-03-31,401810956,TOR,20,new,actual,0.03341104832534068,dominance_positive,False,0.034015841486076975,dominance_positive,False
2025-26,2026-03-31,401810956,TOR,20,new,own,0.03341104832534068,dominance_positive,False,0.034015841486076975,dominance_positive,False
2025-26,2026-03-31,401810958,LAL,26,old,actual,0.031315732511755984,dominance_positive,False,0.03169719826606712,dominance_positive,False
2025-26,2026-03-31,401810958,LAL,26,old,own,0.031315732511755984,dominance_positive,False,0.03169719826606712,dominance_positive,False
2025-26,2026-03-31,401810958,CLE,23,old,actual,0.0,negligible,False,0.0,negligible,False
2025-26,2026-03-31,401810958,CLE,23,old,own,0.039293103924197756,dominance_positive,False,0.038785560227497004,dominance_positive,False
2025-26,2026-03-31,401810958,LAL,26,new,actual,0.031315732511755984,dominance_positive,False,0.03169719826606712,dominance_positive,False
2025-26,2026-03-31,401810958,LAL,26,new,own,0.031315732511755984,dominance_positive,False,0.03169719826606712,dominance_positive,False
2025-26,2026-03-31,401810958,CLE,23,new,actual,0.0,negligible,False,0.0,negligible,False
2025-26,2026-03-31,401810958,CLE,23,new,own,0.03928987119298685,dominance_positive,False,0.03878340505778083,dominance_positive,False
2025-26,2026-03-31,401810959,LAC,13,old,actual,1.2367974811370517e-06,negligible,False,1.1588924718798393e-06,negligible,False
2025-26,2026-03-31,401810959,LAC,13,old,own,0.03856923474769654,dominance_positive,False,0.03866409603169124,dominance_positive,False
2025-26,2026-03-31,401810959,POR,12,old,actual,0.104030294825066,dominance_positive,False,0.1042005785652597,dominance_positive,False
2025-26,2026-03-31,401810959,POR,12,old,own,0.031324475659860365,dominance_positive,False,0.03139562183244411,dominance_positive,False
2025-26,2026-03-31,401810959,LAC,13,new,actual,0.0,negligible,False,0.0,negligible,False
2025-26,2026-03-31,401810959,LAC,13,new,own,0.06299464932771336,dominance_positive,False,0.06217273252165138,dominance_positive,False
2025-26,2026-03-31,401810959,POR,12,new,actual,0.11960702320528699,dominance_positive,False,0.11899008155254454,dominance_positive,False
2025-26,2026-03-31,401810959,POR,12,new,own,0.05136645463113632,dominance_positive,False,0.05107988564129959,dominance_positive,False
